rank,gene,mouse_gene,LF1,LF2,LF3,LF4,LF5,LF6,LF7,LF8,LF9,LF10,LF11,LF12
1,SLIT2,Slit2,0.42061761906277434,-0.5444269089752543,-0.3053078447342791,0.5507348352736449,0.1228059560454127,0.34803654973564674,-0.05599563685118511,0.16397722383277666,-0.600513201843514,-0.10091656804128786,0.2732811297991504,0.26556160619608454
2,FAM135B,Fam135b,0.40267673358050166,-0.3728495537815978,-0.046140545698165183,0.3968961946856595,-0.12455798931953214,0.46895614934272395,0.07362936206642165,-0.1460219485222319,-0.43193421871258053,-0.06984949216459252,0.18793365266827086,0.3166063012177967
3,DSCAM,Dscam,-0.3142486350671025,0.22736103716063621,0.4023311286519587,-0.3314840135013155,-0.007664672776119673,-0.011676586411866972,-0.0013893185272626002,-0.7172946714159589,0.34686768261993695,-0.5560829716244773,-0.47306280717115085,-0.7114488875109216
4,CACNA2D3,Cacna2d3,-0.3137438047446323,0.4454756033374617,0.3536003748721957,-0.46340960292517525,-0.011901354553766565,-0.1449163863868115,0.2770303126662344,-0.7455747559545085,0.536043179582851,-0.1493778022766325,-0.6289331970928246,-0.3629061196775344
5,EGFR,Egfr,-0.28635212825229484,0.8715825299515524,-0.32655248421109073,0.10180107471268393,0.4103781791416658,-0.607287954988867,-0.09366220608957426,0.25767244880369455,-0.5526592125450129,-0.6754764911480792,-0.38181524763206065,-0.11946141088869554
6,NRXN1,Nrxn1,-0.16723285745617864,0.38724332752136464,0.25254281786014937,-0.13604070367521237,0.14870400712505244,-0.11220147453629399,-0.32170989900663555,-0.45022555250081125,0.4623789840302908,-0.3691632517896367,-0.2797018075382652,-0.38242142432637094
7,KCNT2,Kcnt2,-0.21079674733403003,0.6232889976401407,0.15179673448164355,-0.32526607476213854,0.10400160960156368,-0.03224849071389814,-0.2738565207315711,-0.14232228139403677,0.2521060622413619,-0.3408883877066703,-0.0610838058250201,-0.49968015142665867
8,GRIN3A,Grin3a,-0.07016417699214438,0.004907622496414835,0.3195719933928992,-0.25941860688034646,-0.32551405919064563,-0.05841581991087462,0.5083701053579746,-0.19950227088256248,0.4050755335795651,-0.2676344513354523,-0.43302836603007894,-0.028276744568496364
9,CNTNAP4,Cntnap4,0.2783228008876217,-0.3077647036665132,0.06370189472160594,0.5073579106447728,0.14697491548638222,0.34334631418604056,-0.032875673590289464,-0.06643850117591324,-0.35936474027759624,0.11676956413902766,0.2408018288714859,0.19963344927225476
10,CSMD3,Csmd3,-0.028018405450782036,0.8213788254410389,-0.05694573069662076,-0.11463445671661872,-0.16470560049665595,0.23074178991979002,-0.5669518857388732,-0.12871216877794592,-0.14741905912207348,-0.6010091605468015,0.11237788519626653,-0.4997892781552244
11,KCNH7,Kcnh7,0.43724512657413284,-0.047975815470138475,-0.22655396791937052,0.40644562974633064,-0.03189056406321791,0.08606265164155044,-0.4278699745283346,0.39673880816685636,-0.29868459343146414,0.050305310157458275,0.513966661716423,0.303348579184512
12,TMEM132D,Tmem132d,0.2989718652058759,-0.08719101773552287,-0.16313033419302622,0.3249097578370179,-0.11195814571458154,0.3252552063420298,-0.003152760819416852,0.08746943625923491,-0.5645823440072466,0.13094639043361994,0.12913457754531643,0.598842015249149
13,ITPR1,Itpr1,0.2631365026794291,-0.26445864200187746,-0.37887307202540516,0.24316134329611286,-0.23083804542353684,0.19260316569113453,-0.3153638233534186,0.3819914212346732,-0.4144449885081068,0.1413651915109174,0.035306795945505745,0.5446657331059506
14,GRID2,Grid2,-0.25084865746753193,0.061056141869089094,0.4010974555609783,-0.2592018795976782,-0.033090726846060105,-0.0549804172995091,0.10308356589480193,-0.5808916414260568,0.29030722763997996,-0.33721048778351936,-0.30783856703713197,-0.4982056931506819
15,CACNA1E,Cacna1e,0.0401318277590008,0.4875376916656791,0.2465341534476081,-0.4828552230270959,-0.5823174584914858,0.01635158181033926,0.04935250506581033,-0.13670960932484436,0.1947161493901086,-0.3389302639315339,-0.5375096676522205,-0.19537970233757096
16,LRRC4C,Lrrc4c,0.3420934630478906,0.005308650038893955,0.01078764562013325,0.35824398497876003,0.5361257892415259,0.04312227177307907,-0.3781287564637401,0.11760647516014375,-0.33379583144191116,0.013346704478729213,0.43879899016401186,0.009685275257904432
17,CHL1,Chl1,-0.0517112975370861,0.3537255626104997,0.48146200974541903,-0.24551251291459078,-0.10998072492504285,-0.21708731925174857,0.0035955734043171777,-0.35608749001194295,0.33837880416515187,-0.027953997161504013,-0.6089713601519864,0.035953357408704624
18,TRHDE,Trhde,-0.06436685050961902,0.026683848527208225,0.49044797413488966,-0.006508682073969924,-0.09383429247408254,-0.0020052806764385553,0.4387061811085372,-0.36230817961971246,0.2715531181519348,-0.36777801951583033,-0.3848230604281755,-0.16093648825190932
19,SORCS1,Sorcs1,-0.2261461045288985,0.5784817165916781,0.3289661044326552,-0.2651469949800658,0.07058618730527802,-0.12562191850328766,-0.18552851961967054,-0.3697100999215671,0.11094848929047993,-0.19331609474009645,-0.10101674885412722,-0.7574609022093477
20,DOCK4,Dock4,0.201000511839604,-0.16102916371404427,-0.1683024419546465,0.3322469510704991,0.05275537489912044,0.41234404113705037,0.01218527788972002,-0.01670286920686438,-0.6146968876682521,0.12335723650622903,0.20889483087220306,0.06893974452749109
21,SCN1A,Scn1a,0.39984923318504295,-0.21611524397200885,-0.19414350406499623,0.22581171443672265,-0.07064013702911884,0.3154994755888985,-0.2688550259140463,0.2130490128510671,-0.4984961967475063,-0.11512117539373824,0.22304547774611228,0.2527872294764878
22,HCN1,Hcn1,0.4460874592279214,-0.06601604809032459,-0.12706806319938954,0.1809873007860142,0.2533570377189218,0.17013919253019802,-0.2960898097196123,0.17460932481649238,-0.5073863986898999,-0.038869638554781365,0.15143703482707555,0.5307633435196322
23,CACNA1A,Cacna1a,0.3389727487372851,-0.18653371858271398,-0.07303700891921616,0.03163893653528828,-0.3821536150275071,0.3492459656797235,-0.09385419729377723,0.08542542132371429,-0.24924617162593238,0.06120613524718647,0.1388595254170314,0.15433096501627278
24,ERBB4,Erbb4,0.33983061661678265,-0.024291167800155857,-0.05647906260275768,0.4121465675628424,0.26550574339997285,0.3779280493854271,-0.6248382578169449,0.45204177017562724,-0.29840953263130277,-0.0008857706433995858,0.447919293004981,0.053953236534725064
25,EYA4,Eya4,0.40945708295987504,-0.49457039976681755,-0.06698757226800679,0.20664904554423977,0.013972858588221167,0.16201308762082642,0.14220938857696983,0.21761365208342423,-0.12961924231224725,0.07037411979341134,0.1753148218677765,0.26607953197248896
26,CEMIP,Cemip,0.2967475859178581,-0.45732577320063905,-0.25871413565298207,0.445211718506895,-0.0070625683050704255,0.020496807240086345,-0.22358832463351908,0.40651052461151505,-0.639899677459661,0.17318346204991675,0.388613485684696,0.37493362637065286
27,COL19A1,Col19a1,0.2746589174195365,-0.014543380811454591,-0.25292842381351704,-0.030937801791196574,-0.2006725538936396,0.30256383393892367,0.1618238094875544,0.06204368135465385,-0.09013170267641002,0.1295365224207753,-0.13830354926285596,0.45426698739645327
28,GRM7,Grm7,-0.1116251118316369,0.1560639417294201,0.4238665026741837,-0.09833187164353345,0.16764777395979205,-0.03390676923584112,0.22048618173022672,-0.43135150353311236,0.35648419504069057,-0.22341663429909508,-0.4446376608509697,-0.41288021915033707
29,ATRNL1,Atrnl1,0.21640043690632488,-0.17846705835404753,-0.2681227510396717,0.38304959776202796,-0.035800939553123766,0.03230599803503481,-0.3104218113044482,0.050098980101055485,-0.3105155168406532,0.09372601343669505,0.467245861501949,0.3105357244834377
30,ANK1,Ank1,0.3519659922863964,-0.11200253197753277,-0.11298033507642624,0.1699245908132667,-0.17171533448642032,0.2529765940621925,0.16881766549136112,-0.019256690902251246,-0.37081017719228776,-0.04330765483049119,-0.01685057762398221,0.15937325681929837
31,DCC,Dcc,0.03460996587792699,0.42539283169291636,0.2868338580314931,-0.0725200465278916,0.116755077515436,0.16024725439092777,0.025043581763503357,-0.30118121015971927,0.17589925856729027,-0.22923332852893444,-0.36104218126857307,-0.45169421153027495
32,TSHZ3,Tshz3,0.1522383190791104,-0.39031836523706653,-0.0007103027097342493,0.14114288071211686,-0.07224272255055085,0.4103751457458199,0.10970490483068039,-0.18049135067176716,-0.09501902153171513,0.008319605880360213,-0.23234981959265846,0.2634935255638875
33,ADCY2,Adcy2,-0.33459368519688426,0.24704426106007588,0.2464579469247435,-0.4121249347755162,-0.05172141789084477,-0.12806402941253153,0.26179660207267785,-0.58149009214656,0.37708420244961227,-0.1721902434702255,-0.49013226912430974,-0.6814116957185614
34,RGS12,Rgs12,-0.38079125900249117,0.48061987280195406,0.10116999372893799,-0.13770777227041806,0.305503301390498,-0.21885662476487466,-0.26316835488304746,-0.3221250722397964,0.07558655048558505,0.08411937935851044,-0.32096557009651444,-0.3428328286361248
35,LAMA4,Lama4,-0.09805262054465078,0.024727214727642013,0.1475273587726824,-0.3727387540959987,-0.4537827591444564,-0.11221503857175184,0.2151186942783513,-0.2814365796467286,0.14299811721717084,-0.10596161876311261,-0.5439497648414451,-0.12370693201460989
36,FSTL5,Fstl5,-0.27329427928627703,0.3030765773437855,0.1632957512677481,-0.2968893583683865,0.2320534059426389,0.011189142655066297,0.06368295185117759,-0.3953591885237862,0.2180330630892276,-0.3789869537445826,-0.38655170187655774,-0.20416004602511667
37,RELN,Reln,-0.14739263351013873,0.2276546352428157,-0.06000990375788381,-0.31420481079212803,-0.5844779470020802,-0.19194342447706206,-0.06417841220534796,-0.3897305445724266,0.012913600840504582,-0.4515196177662386,-0.5768297690165753,0.10833308589198441
38,NRXN3,Nrxn3,-0.05761786289844209,0.2151774827361725,0.3603741384685734,-0.394930324145923,0.011878786528127431,0.08726958731243033,0.1491242703645304,-0.5112103201863951,0.10061682655082511,-0.18639974787751526,-0.26947493817421475,-0.4220696215261775
39,UNC13C,Unc13c,0.07869280420187796,-0.10456933442692065,0.10863966407475627,-0.2175783961242561,-0.49760283433887187,-0.061960276306659005,-0.005704527991487833,-0.4439714660934481,0.025093905296453993,-0.1805077111595993,-0.480859443901504,-0.22937150539392517
40,SORCS3,Sorcs3,-0.25060315941686984,0.5323018946668453,0.19813960007087303,-0.1308738964270338,0.188928515359098,-0.281900916261856,-0.35437145400162867,-0.17944024566460426,0.33604022066837597,-0.3448179335856735,0.0369615140230731,-0.5435708863901838
41,TRPM3,Trpm3,-0.22196722954455939,0.3648684954726531,0.14937255124240797,-0.24605558121354526,-0.29450896065028503,-0.2567650833754695,0.08348570896695073,-0.547476902664922,0.14447220265808614,0.05154018680237992,-0.3141999889127287,-0.5389793504362239
42,GALNT14,Galnt14,-0.33299677375958303,0.5090523508353104,0.5055176814729485,-0.3015054374142465,0.019182708665020386,-0.43021557581107195,0.21698227396567543,-0.3720130652986619,0.3408365447342584,-0.17775450180880967,-0.38304846536432813,-0.4946094030943241
43,KIT,Kit,-0.37675212577641337,0.6227035374299574,-0.20352063810426246,-0.19722977645256992,0.12378729509817168,-0.31400516306512516,-0.4169464896328696,0.0794651187515869,0.10828496050643469,-0.06887448285682099,-0.1750958308018669,-0.32732710971144124
44,CNTN5,Cntn5,0.24197562590602065,-0.06670424916496857,-0.17509295260378702,0.4250093042451982,-0.04152512308771998,-0.18108625918181492,-0.434706103366797,0.10767429188333438,-0.08830992758081484,-0.007981480192101606,0.287295754592696,0.03985810134054451
45,HDAC9,Hdac9,-0.12302999429857489,0.16680885741859602,0.17298118964762732,-0.020395692609060267,-0.04698809221310518,-0.508916616461795,-0.4002142819269938,-0.1862775191142907,0.2331723254915888,-0.2287907587966906,-0.05232268519310041,-0.29823842849573107
46,PDZRN4,Pdzrn4,-0.39036582223838856,0.2897387921715983,0.2776878759065389,-0.19861026273906296,0.08736513955448857,-0.09934236115822255,-0.11452311751722348,-0.2729281769272386,0.34341684297181047,-0.30034043969215807,-0.04861443109184797,-0.4401709805212443
47,RUNX1T1,Runx1t1,0.07054841973720807,-0.07352576754033564,0.17932672664383018,-0.08641661129068678,-0.0876324575815909,0.21007323496909344,0.49992867404398333,-0.22778361756983068,0.08906326012277928,-0.14824224688076099,-0.19060782322501718,-0.1395151553607342
48,RYR3,Ryr3,0.054204830025499154,0.23052399361719894,-0.015179390538426296,-0.4050118680009233,-0.3347411153654538,-0.06663383938826135,-0.19352640860582043,-0.41187592960206537,-0.12345990237180629,-0.5414130591769076,-0.4822256023742947,-0.3661637031370695
49,SCN8A,Scn8a,0.25721333357478554,-0.20739379085684878,-0.18676055230378502,0.17542647411209414,-0.02114958723389049,0.17137143556919118,-0.06968067591279668,0.03285905765699373,-0.2709548513631967,0.019276972646560624,0.14370499579101134,0.022898361357752944
50,KCND3,Kcnd3,-0.29018102919423766,0.5531270956161277,0.27175503291584463,-0.4032148207251283,-0.23975566520413227,-0.32461648614611527,0.13493730343852897,-0.29905097681814574,0.48945252393444194,-0.024934309667569675,-0.2115457414384611,-0.2936524183958178
51,CACNA2D1,Cacna2d1,-0.10664111099822596,0.4843071801464875,-0.08265876027091348,-0.10493835480181161,0.07156680927999141,-0.5032653997365667,-0.4826914822874898,0.06482413392248564,0.20785374861332673,-0.19395571765642738,-0.12997800002135643,-0.2674001171980037
52,DGKI,Dgki,0.28364164394824964,-0.2820224394829768,0.1681285855212305,0.17753991407283032,-0.21691733070006544,0.1694826384988183,0.03932640821459036,0.030895725935861953,-0.2305980031975871,0.04611365270797574,0.3433438174749108,0.27812320151405834
53,PPARGC1A,Ppargc1a,0.4664235775469109,-0.4573908388002935,-0.09301159188094363,0.17386078962214754,0.2552253907704664,0.23421372255705394,0.029091358558908167,0.03351800359076745,-0.40337176747330894,0.18124386726285344,0.13809774011535028,-0.04620713680982832
54,NTRK3,Ntrk3,0.18597462784563512,0.004549730179207172,0.08249425060424581,0.42623188611010343,0.44449994157486516,0.12903119195732676,-0.3019583539246035,-0.023671455297686918,-0.4865549630319403,0.18180772617229105,0.2925560771681875,-0.20271787129986746
55,TRPS1,Trps1,0.2763128667431455,-0.13406184662034126,-0.2315398102733228,0.36991968948062215,-0.11462223111898093,0.18412301922248006,-0.3565846701469129,0.07892930955994,-0.3128921648784054,0.19790416536261665,0.32454205964869315,0.2540055115450642
56,NETO1,Neto1,0.051015530320364974,-0.03659566649010606,0.09556074425641925,-0.2059247690823492,-0.20987766410161504,-0.027450287922792076,0.5454344183251738,-0.174405441998223,0.11372970130115316,-0.21400338241561184,-0.3712316136162554,0.0955873282303885
57,LINGO2,Lingo2,-0.1824473063591497,0.5212182978356276,0.10166231432248499,-0.6083902888526033,0.10080532923231812,-0.10765316451858363,-0.03064178966864502,-0.10186941756662092,0.3746046534766261,-0.22454516165860114,-0.40199336450115325,-0.19376055535807285
58,ALK,Alk,0.057594866336531436,0.16489975351711458,-0.2323144586401677,0.31847548760314875,-0.47298017397377795,0.05780873550266281,-0.12278429679304985,0.17340126469530429,0.0754539384991158,0.17614420459861932,0.34885759250097415,0.45938225665821436
59,PTPRM,Ptprm,-0.07431668352818198,-0.17941797003090193,-0.32627036078478705,0.10621468994919246,-0.3888752031571328,0.052248606635258446,0.07857224957371457,0.3423631046548274,-0.1527086205591248,0.03659771461638722,-0.10234844925892105,0.5948955180287658
60,NELL1,Nell1,-0.2264467320769756,0.24336054953780095,0.4017330256851241,-0.0780554217318389,-0.11253696556825778,-0.13531712945795063,0.2587488587713035,-0.4194045589336185,0.10593437775021294,-0.14459258409793044,-0.1596431797355894,-0.45654441186819783
61,THSD7B,Thsd7b,-0.07393686061544624,0.3555482707432157,0.15656514062230714,-0.21605064704178586,-0.23713079858450592,0.1021829606129533,0.17326607919261505,-0.21202361724124852,0.1409025947248311,-0.4360557192368545,-0.2682485770615136,0.14272249251817598
62,TENM2,Tenm2,0.16112410375742162,-0.09980372518661329,-0.14460970001386014,0.15438520171127093,-0.1263211959771742,0.34267197225446117,0.13567321978807348,-0.18371300636280374,-0.34089322835887764,-0.11659581754622846,-0.016911623249873463,0.011644039997784492
63,TENM4,Tenm4,0.19181230082931286,-0.08885863086105295,-0.06597551595297363,0.21598125637661433,-0.28907915280421087,0.2917071563804529,0.02892270586530682,-0.15108557848424084,-0.005077035061149661,0.08296470723208214,-0.006712198514263745,0.3132707026787586
64,COL11A1,Col11a1,0.4781167943793841,-0.11017940398849248,-0.0912831226697046,-0.09729064970946971,-0.427247174153396,0.07596890933975523,-0.032802894108890486,-0.33487768648238453,-0.5578739051366316,-0.042398046109478955,0.08630434190307708,-0.10708092855212223
65,CHRM3,Chrm3,-0.09127951471878006,-0.1306031680819921,0.24408238744289337,-0.15738928622287263,0.2552784019077554,-0.14870368159081865,0.3188799769131232,-0.3516647190475744,0.2373744956424128,-0.35134288844992567,-0.48411222383173186,-0.37730736458510356
66,SCN3A,Scn3a,-0.3348082113926747,0.554025482702947,-0.07359283997029958,-0.014261180136047697,-0.14915471459963817,0.038252136586366274,0.1696693773582281,-0.44604236157463334,0.22494308393888565,-0.241839497515892,-0.1246758193138785,-0.29117438296870946
67,LRRC7,Lrrc7,-0.12510338730967013,0.04259027659923014,0.16415443817836337,-0.12461541974218092,-0.11556849590150643,0.18375560007788486,0.20160084847547743,-0.34729129217407484,0.19737811992197818,-0.4959976205448109,-0.15159127312898957,-0.10978126122025628
68,KCNQ3,Kcnq3,0.13124964822809146,-0.3556552722895503,0.05842891272801096,-0.07050397282004203,0.04576212564081972,0.29668265449877695,0.04458385364274557,-0.15099189869039992,-0.11764633350439466,0.010590885058964184,-0.1077243781416604,0.18148801408950868
69,RIMBP2,Rimbp2,0.08418940645737928,0.1609671822925591,-0.28397102626149123,0.16726309848680676,-0.3469141770552978,-0.003152381192878716,-0.05729403702720184,0.3130026799475119,-0.23956510619618487,-0.03740937425375504,0.0994466345542595,0.46067642304276735
70,DOCK10,Dock10,-0.15320899503949795,0.5159186220936693,-0.0493261988985179,-0.26975067732653957,-0.10913184292564648,-0.14752109059318871,-0.324610976198201,-0.3235053781654052,0.18919048917216288,-0.07488048223161192,0.0014881184261087122,-0.3683917196992382
71,GRIA4,Gria4,0.1726857900957175,-0.12043297351080513,-0.2409638864262739,0.2298293870501754,0.004434295038753563,0.29216859846216026,0.04411373813971993,0.20596117367328928,-0.15958076151378178,0.11170217982638118,0.18847847544024274,0.2625768265826963
72,KCNQ5,Kcnq5,-0.0365315466769864,0.19185304175838236,-0.02593028274932936,0.1232770412872932,0.09754873757335122,-0.2261320077228012,-0.5405104113210771,0.14716034962090735,0.08109727521911583,-0.08222050884686954,0.08811763099998547,-0.16308564850860235
73,CDH4,Cdh4,-0.1794163625143082,0.2637529692761578,0.31138863739657274,-0.37297894830257705,-0.09548286446400496,-0.0016062837679511857,0.38072766526701557,-0.3632669114477355,0.2736843235640829,-0.1830620914200097,-0.3636226039373561,-0.06867344272093985
74,SLIT3,Slit3,0.3508164498952829,-0.26867078399741534,0.32215503262520917,0.4126142528237494,-0.0739388267512578,-0.16087208271047437,-0.025753213974694343,0.1486345581348244,-0.343550194101179,-0.17376452438995876,-0.0632692001207905,-0.023806837908044498
75,TRPC3,Trpc3,0.19621853654591914,-0.17365419943209415,-0.2533535742183622,0.3003418415533841,0.12123509721990015,0.09894362527478148,-0.32394803673603906,0.2366069222549084,-0.38861999027387345,0.31698498604255704,0.30063088228077794,-0.1156740772977829
76,CAMTA1,Camta1,0.2995149377608414,-0.030684780337246045,-0.11363207847154755,0.16022666643658118,0.06938508570788894,0.16757829025930035,0.10811502130221945,-0.0688857390639212,-0.26175492835904307,0.06720794573321662,0.058157597441610885,-0.021280962868337562
77,PCDH11X,Pcdh11x,0.01228190998562209,0.03496886100369065,0.31563697040929123,-0.1140741598672467,-0.1801598048291212,0.061067980113012586,0.1247300339476376,-0.208219813224845,-0.08645626033170721,-0.17630935565756467,-0.5011149631088145,0.0633291178450252
78,TLL1,Tll1,0.5394915560840614,0.020414029117218468,-0.18320003940994303,0.44195245173020375,0.03988966105622302,-0.007884533688302548,-0.05466761653364684,0.1896935426977266,-0.34767431466146226,0.15801296095389605,0.1447765409481713,-0.018087608644267155
79,GRIK3,Grik3,0.10700125681249174,-0.11399047330353672,0.21147495001954406,-0.20794627246529193,-0.2671603120764368,0.0008635414632973956,0.4610000960232151,-0.30144214277602177,0.03345983669017734,-0.05930086087285588,-0.36608860030112805,0.12191340780894264
80,RBFOX1,Rbfox1,0.12756207051366683,-0.35208915605870356,0.09010961925586317,-0.11656087587467381,-0.2323357389556209,0.2161248745679287,0.23790142493459546,0.0952273960813069,-0.2473489930805083,-0.03542107935431017,0.2279053100544533,0.3091318864562409
81,NEBL,Nebl,0.1272485486482345,-0.0038404789514728667,-0.08369198500341542,0.08617413268462666,0.07784965387142025,0.2811989790649405,0.20625457402405312,-0.0591580578992305,-0.17830267863093555,0.0760774651320974,0.0483652939147432,0.29474159541575873
82,BMPER,Bmper,-0.1346085514411658,0.4307972715601109,0.27352539588920693,-0.08637258852551824,0.02144166045831031,-0.23279516275516401,0.055799990652336644,-0.4084631352825032,0.27435473500674284,0.14624496175142954,-0.11662682813731687,-0.33959313310670575
83,IL1RAPL1,Il1rapl1,0.17201530818767855,-0.32099645539620214,-0.29605572176197825,0.4218441674366968,0.025221529899869085,0.08703185034224248,-0.07993406301556766,0.39652121714662647,-0.21205401934055787,-0.11457424928884882,0.3641451748313006,0.05510832721915519
84,ARHGAP5,Arhgap5,0.07475179334844019,-0.23658649952913383,-0.051123566533912417,0.08626639180282432,-0.0432341138566096,0.22449322191595678,-0.13891995804594406,0.10985431217789281,-0.3848994050609991,0.22254207493869077,0.1397551298474307,0.08312039767877055
85,KCNMA1,Kcnma1,0.10320758400200142,-0.38054387419237495,-0.06821166988210058,0.279842743100687,0.02890555583293093,0.2687378882993709,0.2376962315385559,0.09443134343933529,-0.17977840808954243,0.08739292670156432,-0.05841429102970365,0.13981157524920199
86,ARPP21,Arpp21,0.09535477060829829,0.3869059870604706,-0.011170528441148743,-0.29472926619664963,0.08409896053349133,-0.19618437588353174,-0.3123680432834078,0.054247986803788555,0.48483426747637237,-0.13253628014067723,-0.05348201570564724,-0.4329478737351931
87,BRINP3,Brinp3,-0.04739492318137263,-0.04843291580451801,0.12054761021671644,-0.16156455528280522,0.043064303325574815,0.056218636404474845,0.0825517663982728,-0.5613492050388145,0.27429493549396716,-0.5039187722151663,0.0023003381161643592,-0.5014527086179924
88,MCC,Mcc,-0.08216189004847133,-0.06415902927372985,0.06439692983072828,-0.30889996832315497,-0.16243849157196902,-0.027647567403244488,0.37181124706408675,-0.23208861031220926,0.1592364140588201,-0.04420433596036561,-0.3808199418567186,-0.13244308555489331
89,SOX6,Sox6,0.059495057926647915,-0.37710218187842764,0.08382482226238264,0.13279208652195668,-0.24663388603256486,0.22242041266020585,0.37879666847460003,-0.1570970776599252,-0.18060315818830905,0.3193804185632694,0.08302080042448323,0.13566311113327975
90,LRFN2,Lrfn2,-0.1938678565847118,0.19696553592992774,0.04523289515447431,-0.2122208411743845,0.036756700167713825,-0.34724330241273604,0.0023460250128918584,-0.2574278856025515,0.3695741641177083,-0.28832831247197416,-0.23581070879119695,-0.4359548071826173
91,FRAS1,Fras1,0.3114162480938708,0.18112495346335405,-0.40030716472070516,0.2839980935482262,-0.07390419826990996,0.130686285863245,-0.03925928016007091,0.1354299178298629,-0.542442595675903,-0.09370215200610739,-0.02784343347027077,-0.0413363566805815
92,PDZD2,Pdzd2,-0.020751235428897764,-0.0016446553792833069,0.09633460834537068,-0.2834764126893662,0.022024094530837014,0.15989608259458105,-0.0039367692989459675,-0.3177991951162782,0.08977357986692001,-0.31703173801367657,-0.3753534504366865,-0.5927653454239565
93,PDE1C,Pde1c,-0.05728962895612694,0.2841570760077377,0.27404235169062274,-0.035116491100139376,0.0912766566904258,-0.11061221563498641,0.05813833158014696,-0.22959420625793403,0.2029388577007775,-0.09501553469903087,-0.3036120720391792,-0.2415202874976978
94,KCNT1,Kcnt1,0.13123882786267743,-0.05746470415265217,-0.007840377647269959,-0.031365648074489466,-0.29766442196759757,0.06624717489524617,0.19280499840373902,0.20261435143237472,-0.18387690761727277,0.09482199223135492,0.020788252003062425,0.4642211469247007
95,ARAP2,Arap2,0.2924929940503969,-0.27951043236522866,-0.24544546595510058,0.4469809460666035,0.1220184222187132,0.036523532866996465,-0.08196839977590474,0.01488568968341368,-0.24890976908310253,0.12424000250595268,0.06386518229907778,0.04658680378051285
96,DOCK9,Dock9,0.024706436402786212,-0.18286454755566722,-0.04230663018041546,0.13914158861832893,-0.25403119483682096,0.1799914949077041,-0.03942823100741437,0.09675925643586399,-0.06895085436018555,0.10980708379709955,-0.004944091933836128,0.37713618573656804
97,SOX5,Sox5,0.0326068869999573,-0.29696461964730275,-0.24138609483956483,0.4417022176533949,0.03287298393500007,0.06351331989448127,-0.35053672251282836,0.3847610619310805,-0.5810820514018145,0.26488008357055,0.5657933341934788,0.2384088062718391
98,PROX1,Prox1,-0.2102776876904673,0.4125738982776873,0.07109681047365053,-0.19069300070480244,0.158103032040015,-0.3866018951024992,-0.5320145460450119,0.00990295157729857,0.2608245370638131,-0.13439544193710765,-0.08828268436305216,-0.6299923094675703
99,EPHB6,Ephb6,0.16962580364420674,-0.24142291135333,-0.0925798866987409,0.12540912423478753,-0.009829200559520222,0.1060641240092744,0.34612306820105176,-0.02882868345724556,0.03460229182278228,-0.12341552064158538,-0.09019443662738436,0.2718253811724312
100,ADCY1,Adcy1,0.165297291264223,-0.13974527385031754,-0.17412679797855501,0.23982431552304667,-0.11866966323125411,-0.11683453262917363,-0.06470284440370867,0.20283416336234109,-0.27539946161228673,0.018410638743452085,0.00890433924565056,0.351202914199518
101,DLGAP2,Dlgap2,0.19507244466237256,-0.25980839341213235,0.019557389294071803,0.0578562843783405,-0.19956797313021943,0.22968776776252858,0.08324376057356424,-0.0018165678226885781,-0.16136749884856283,0.05628033552750425,0.11238466007150315,0.48742768751760795
102,TRPM2,Trpm2,0.10689919372618685,-0.08800921709293265,-0.14075744306973473,0.2766633242770758,-0.15636048802592223,-0.0011258523095115985,-0.09599793323882334,0.10200398116915611,-0.3309854510273681,-0.10429245011590292,0.22762371846667603,0.2790637697969872
103,NAV3,Nav3,0.06671020918731399,0.16224645474026494,-0.20164380975070428,0.3861780061960471,-0.36710668498857796,0.18978627698026837,-0.07512290542876413,0.12413666341024075,-0.15797412828060403,-0.022104631025885543,0.1502873084083381,0.25711897454235005
104,PDZRN3,Pdzrn3,0.12170876367652242,-0.15213867600377273,-0.08240440299149494,0.07310898840968566,0.1047509504088438,0.06829192354906673,-0.19486373460648318,0.08368672372314746,-0.4389508286243863,0.003038724826324008,0.4860330953190207,0.21003698901248405
105,GABRB2,Gabrb2,0.2957335280506564,0.00014456198310306196,-0.2062523556999898,0.34918156010544554,0.36802365499814893,0.025473439797635375,-0.23534820778410348,0.5819775316017717,-0.2064885535434444,0.023046662177034494,0.14860069535808973,0.1775628172922068
106,SDK1,Sdk1,-0.13015390267403307,0.3861024463850808,0.2454510564845431,0.08067048533848999,0.06287671256120134,-0.13223050124628088,-0.3219288605240327,-0.4922046122748874,-0.21279892656127525,-0.14022266976680214,-0.21615110035632196,-0.48679834633983987
107,SRRM4,Srrm4,0.0301290454284033,-0.06390913237827589,-0.042587203537894795,0.29412794445333257,0.4546211268747892,0.1979981283337054,-0.369989598165346,0.3085746202359447,-0.41393810087034183,0.12436211544765245,0.35888520675483143,-0.07731089676041505
108,TRIO,Trio,0.33068869716571697,-0.031187128037440816,-0.13701520330560135,0.2076873482817556,-0.09011196702969404,0.24683947757454766,-0.04300581838090185,0.08839776536978852,-0.19660594107389023,0.050982468595109125,-0.018912968029874622,0.05835430425661587
109,CUX2,Cux2,0.23592445902812237,-0.04663960228218008,-0.11146719091316767,0.1589708331813809,-0.03455246180081145,0.0106909650071254,0.08192035369925675,-0.07560391638459044,0.006975064450756218,0.06774845976265728,-0.016478942318700243,0.5440769702274143
110,DGKB,Dgkb,-0.2109487446741379,0.34313327346159544,0.004956487278326086,-0.16608387689082596,-0.05295108254047815,-0.28963574743815007,-0.30948310803837203,-0.24064145900064757,0.20121138967334753,-0.12790515778437006,0.1217806151926852,-0.12910628209964778
111,LRP1B,Lrp1b,0.3927338630969302,0.27012243635329186,-0.09799147245631029,-0.0910980388932808,0.004435884891465005,0.4207444584987886,-0.5898905207941636,0.14426779145904045,-0.3766706369444253,-0.6847817099263035,0.13960682829824309,0.016243012309451303
112,PLXNA4,Plxna4,0.3502909548403483,0.014372834285079801,-0.1489259737706896,0.43132899704846894,0.12956579276813496,0.24649347130694818,-0.22780784229759105,-0.0038565948624240446,-0.2853593278788986,0.06636744424000508,0.20450175226782447,-0.22086138041271372
113,CUX1,Cux1,0.026875022269112824,-0.06990539653962537,-0.13399563726331046,0.3256327727152078,0.04097408418302756,0.2480519929248142,0.04229243381412485,-0.10588778613324568,-0.15756892622876986,0.2205635834389909,0.1358851572103641,0.10813122829772635
114,PCSK2,Pcsk2,-0.319045193872842,0.5480401881105801,0.01340403736196022,-0.5055900750881687,0.1636268033267343,-0.31539979822842623,0.16410931387474903,-0.17431820712865378,0.18461710971051873,-0.3011651371787143,0.061266224278609664,-0.5402826303380726
115,CDH8,Cdh8,0.0365453080126656,-0.0603605460757247,0.24841618905360513,-0.16133540739688712,0.038780930352994465,0.03363029252657321,0.09949455255049418,-0.4352455499075011,0.04606469254320874,-0.2294502817089677,-0.2808386297794204,-0.32529496032736627
116,GRM3,Grm3,0.20069724178600382,-0.05795101622618109,-0.11921937020121416,0.19573896741083494,0.0274476711487373,0.10232532067186727,0.3023572572134878,0.027840599881920416,-0.1694552980801736,-0.1795563247874157,-0.011790886571714676,0.05864567732034213
117,BRINP2,Brinp2,0.014338458792432887,-0.19866806266583215,-0.20916775975050844,0.002230032155154176,-0.39156355674808224,-0.20349550490289514,0.03914715587084788,-0.07898024628689754,-0.0297924387195439,-0.003648143212413849,0.12133076055122073,0.3986464799526618
118,MYO16,Myo16,-0.04091908056616934,-0.22045674744021757,-0.104595936530274,0.12343084746955632,-0.2131978727353875,0.2603421021726413,-0.04408457841709532,-0.3260417519271916,0.05304049656845022,0.0210183469295065,0.03575069712708854,0.12438569252949316
119,FMN1,Fmn1,-0.026401898268572848,-0.34816038529308524,-0.4259573450265993,0.08253238652474452,-0.1557229132206444,-0.024874355126942155,0.05776748603904481,0.36096279059766134,-0.33485038568229086,0.22972837658131404,0.03664153339817347,0.22558667303794025
120,MAGI2,Magi2,0.017889287951416886,-0.34161592769140786,-0.14370706674375122,0.13595237782147257,0.02781978358661517,0.2632128007826458,0.036796816482570535,-0.0794509747268171,-0.1563634078710849,-0.07866525715356755,-0.06360000635713679,0.14691262927581936
121,SORCS2,Sorcs2,-0.35114065567723435,0.26893137299539516,0.3201699352761787,-0.3808631030293658,0.16314457754501396,-0.19284932539983848,0.009908489500273674,-0.45517536123515867,0.2848650206995237,-0.08996530866278138,-0.1004455674555696,-0.4764775789227675
122,SORBS2,Sorbs2,0.19991420299790538,-0.30388507480714966,-0.21822261792746767,0.13170618585269422,0.2135417387959307,0.2647893505231545,-0.04460755949904342,0.011079679152362555,-0.0514353171179226,0.16629166077719165,-0.00845694316912628,0.08681877099965654
123,RYR2,Ryr2,0.02807158432813489,0.4537696635573692,-0.1353178333043199,-0.08329078280837555,-0.4519678921302793,0.2643507953006007,0.12200572970613316,-0.2881123258460327,-0.525482887536058,-0.6186779580291334,-0.48027308319008133,-0.16560523351543427
124,KCNB2,Kcnb2,-0.1943917780957776,0.3226974931980181,0.600742833384143,-0.06938719096444242,0.033741635928800036,-0.18240670067408318,-0.07639153806753146,-0.22653098202981117,-0.1414205572388739,-0.3613908840900104,-0.07530461021989654,-0.42521110282604935
125,ADCY8,Adcy8,0.28155125426551025,-0.014783856549671385,0.026679581799851863,0.244309162003807,-0.1325855550045872,0.2101780986290146,-0.14912045235774438,0.06566611148218769,-0.14131212192554435,-0.045271932737593605,0.3293127536988151,0.19044682580711547
126,ANO4,Ano4,0.5422465517020364,-0.3035313547797308,0.20481051257615734,0.020194507206153685,0.4024600550626404,0.17516481870994607,-0.016918356129581046,-0.044716895212312785,-0.21523465025572244,-0.21326316692715427,-0.013754243601112374,-0.4146252239306096
127,FREM1,Frem1,-0.05213418302530573,0.43332766545935625,-0.15062444250808046,-0.15293570360446132,-0.18279343143203713,-0.08740548389045666,-0.11827560305487646,-0.12627984719340343,0.07387591410217322,-0.07747354683064647,-0.17892108083464386,-0.35592105037350846
128,MPDZ,Mpdz,-0.02059183278192152,0.312357970314177,-0.38618145864983905,-0.031091149225041272,-0.07967796896877925,-0.056223692602563276,-0.295406396054245,0.22236945889469867,-0.037031184037343644,0.05633779031112841,0.1185764492659972,0.030448654533213396
129,GRM5,Grm5,0.27540070031962555,-0.19474042852980414,-0.12407619693891575,0.06673527610199104,0.001421549135778483,0.23110601761649416,-0.1151709855354656,0.42530616422344236,-0.004514254585329955,-0.027209712994866443,-0.013548365678002995,0.5112961903152994
130,PI4KA,Pi4ka,0.11646729251158452,-0.15409771789057924,-0.02281673923713365,0.09102705439725557,-0.03618944533195409,0.2690556434880673,-0.06420199672324846,0.16542709866547295,-0.13694744001271775,0.11557633755527601,0.003048335810421677,-0.10670903734446736
131,OSBPL3,Osbpl3,0.08939286316222265,-0.19265615500245156,-0.020943643066378574,0.2007924456460215,0.2363729344840827,-0.018285112686865227,-0.2376035494086806,0.41916921566384563,-0.35317287350072674,0.02736734781968025,0.15607723382392028,-0.1161413864801555
132,GRIN2A,Grin2a,0.3211746563886935,0.3336086786359238,-0.24159249707857114,-0.1494348068048469,-0.4506438446594686,-0.07555619891975238,0.11732182268217008,0.12527893306382487,0.016303389492810374,-0.3165167823767344,-0.1651190376960756,0.2177093526070184
133,CNTNAP2,Cntnap2,0.2793432545218608,-0.2029421827123993,-0.17421323255904642,0.4077174379501579,0.035584167461700185,0.02706504111137516,-0.13061645473285832,0.028070394493265004,-0.09149184992273725,-0.5194354626117543,0.02909872078968351,0.14827461131380062
134,PTPRN,Ptprn,-0.28521760722147055,0.41812265022590084,0.2981635847194312,-0.3233604183233629,0.07659399679976746,-0.1626702869364159,-0.0861611677610557,-0.18976300927470163,0.32240102591735764,-0.02679420395768909,-0.1799426235957709,-0.12930845455978074
135,NDST3,Ndst3,0.1135725221152569,-0.21979234268821188,-0.06943686673859317,0.1734727132055053,-0.1987456101719054,0.0106102590246297,-0.10334196584786169,0.5758026340885183,-0.1027309032230615,-0.04027253190512025,0.16099009667303507,0.5662323897428563
136,PCDH9,Pcdh9,0.0044770283578788594,-0.05205777785058673,0.010485224861092024,0.09512455787891133,-0.19388190841184222,0.2683926911943806,-0.056256107574106776,-0.15991521207749496,-0.15064629400243262,0.1228237394243281,0.12671877438155177,0.43001022556451873
137,UNC5D,Unc5d,0.03375434173052795,0.02577959337802393,-0.1672982678499253,0.4159143360225185,-0.4406793582237974,0.13266165182785186,-0.05182598780140324,0.30367040989797184,0.20004406870428634,0.0058081330369599985,0.3948184479226767,0.5483113960421283
138,CACNB2,Cacnb2,-0.3402374989211411,0.46419974147618737,0.24645522110587784,-0.18586796716032822,-0.0005357845359844596,-0.26903307852000097,-0.21243559878031815,-0.12851633421080388,0.30485492588500496,0.07429136966381242,-0.0120897919355081,-0.19496648165268973
139,NYAP2,Nyap2,-0.15420126504685278,0.39348755295721305,0.14336764281385503,-0.28109004687529054,-0.17324237447922677,-0.2991983462312914,-0.26980968998280896,0.01956711149290204,0.2932917189331298,-0.14768088985557762,-0.1422283479701175,0.15872225542161222
140,DGKG,Dgkg,-0.28678447705654697,0.07393513581263396,0.06893884770267851,-0.1774258975111572,-0.19068651112138674,-0.025326589057680312,0.4249545943417791,-0.25347133203271344,0.444601615576977,-0.03198307641135482,-0.34584089635768184,0.04736023936238779
141,ADARB2,Adarb2,-0.373268289345807,0.42620275905875327,0.1631545417541499,-0.4021454821819974,0.2798343716828311,-0.44023760415651614,-0.5117356818391545,-0.037108516177955096,0.09163155394265873,-0.1533263021433321,-0.0902535983274387,-0.4192572216710978
142,OSBPL1A,Osbpl1a,0.013838562944918092,-0.49681906792698105,-0.2019646130614142,0.1136959389159253,0.07689433102293353,0.033338003071610445,-0.026796220017813652,0.11711329796352533,-0.32830443683223876,0.014392015880972399,0.1738754848942553,0.06587643602297462
143,APLP1,Aplp1,-0.24838466957423028,0.42776154102594766,0.30615434416504367,-0.43862178949067077,0.039221691540399665,-0.027486756786263278,0.024003591072551473,-0.09612408714877742,0.44249790798841704,0.0756595574744807,-0.3187557787247675,-0.057197033339886766
144,PDE1A,Pde1a,-0.17680637879704106,0.2299816099635874,0.23606528760719428,-0.30470752684378566,-0.2814591328258271,-0.30427985634976545,0.5460424028669519,-0.4260277385589628,0.5060372089753218,0.13132836050884156,-0.40439058508792297,-0.27743168327959605
145,SEMA6D,Sema6d,-0.24618575452875247,0.13174725593982878,0.05608346707929189,-0.1183721253720887,-0.23234988296913853,-0.04308086369987104,0.4693689490672666,-0.006958985803124064,0.33013953147813857,-0.08109582544677403,-0.420774828962915,-0.008006512466652396
146,TRERF1,Trerf1,0.11709656551297185,-0.0976162626210665,-0.009366351627409345,0.2280373750927728,-0.09197410663844542,0.09381105350444242,0.12413754112530882,0.01781969852089326,0.05294647148728253,0.19053212570685737,0.08487677960012438,0.15800608667937255
147,PTPRE,Ptpre,-0.08504622803576425,-0.32818919823562365,0.04901813036158077,0.3272039511415209,0.2831612335716284,0.01771755392560721,-0.3304015446411339,0.0510605135073775,-0.4514334729202012,0.20447702687432012,0.4106646562362607,-0.23272159547480487
148,FRMPD4,Frmpd4,-0.32377688144786376,0.37870081162121555,-0.06731121556002811,-0.03145159070754562,-0.10979081182055916,-0.16203414824093038,-0.019421726758844564,-0.0834857943888363,0.31581557862410453,-0.39382345948169395,-0.2349910067844891,-0.035523596353448456
149,PCLO,Pclo,0.05611104105528467,0.3529935930013191,-0.038098398774873615,0.10475032654278826,-0.26337260380183464,0.29736475074473123,0.21890287284499751,-0.28169511420504134,-0.424819361780036,-0.502254285560468,-0.28782469814039624,0.04764891412352529
150,TRPC5,Trpc5,-0.2421154513534667,0.33222736515559154,-0.06801820859500723,-0.06467192140576059,-0.35557518631252716,-0.23323782984326327,-0.07511129829937804,0.19115637655049805,0.46221072089066145,-0.20732575811185733,-0.05131023954454293,0.07444583776490796
151,ARHGAP21,Arhgap21,0.04999524142574485,-0.05939615787876554,-0.09220097356206476,0.16351624499030898,-0.054269006955866866,0.22995371465639292,-0.023405891026812637,-0.061125929503106885,-0.26437594432465805,0.05179034331019689,0.1439414877766693,0.028838713742534067
152,XYLT1,Xylt1,0.0193006229475836,-0.27176644301509184,0.12521887643745183,-0.10754183514569188,-0.22763529885375916,0.1037611850345112,0.29538541890661635,-0.08632716438268517,-0.28825376552011034,-0.03425056359619671,0.197686309494186,0.06428014259354249
153,GRIA1,Gria1,0.1553115130959373,0.1236128237597074,0.4218473916107113,-0.1373720517973983,-0.036732903537051734,0.30951697512396825,0.25290139317280425,-0.08874369061212946,-0.3079045971891444,0.21201568940637128,-0.14383675071289959,0.070255309517521
154,KCNC1,Kcnc1,0.20949770243167895,-0.3678118315547774,-0.10130539666474757,0.05849192273576649,0.27383247009447226,0.12227547398443774,-0.1958241498655454,0.3454968500278974,-0.4343098656695001,0.3497087025649984,0.38578247906740576,0.25569423240080114
155,LUZP2,Luzp2,0.32794931585939713,-0.305918593916081,-0.27326241833328474,0.02206360651634309,-0.17031147389953744,-0.18680094935382974,0.08200473589788836,0.33401362734235146,-0.11345339553705995,0.17388947221624546,0.13120165656094432,0.08866016115772286
156,PTPRO,Ptpro,-0.07839768649325402,0.3194101372516529,0.0357897417262422,-0.18668828510465685,0.0974069035307281,-0.08587473941954603,-0.3352129831778374,0.032893671047772494,0.21783936083732205,-0.0404947340384194,0.24404706467736623,-0.19756882259695502
157,RPH3A,Rph3a,-0.13554081783865038,0.4513332084309068,0.15086225679690837,-0.470814805772371,-0.1283482250517549,-0.4043676972757715,-0.0195223148312277,-0.23147251388867301,0.46843032109371646,0.0772328536384322,-0.18759467681024758,-0.11129637271666507
158,PARM1,Parm1,-0.06963935755315936,0.07966214335422457,-0.03816519860133172,0.12282857372204606,0.18345549071944434,-0.24116346480810202,-0.1839753498464902,0.381028286103055,-0.18758803805713822,0.3028495173999269,0.4144549802419773,0.10201411420903611
159,ELAVL2,Elavl2,0.058068949827611224,-0.2394587443355688,0.13711326748352565,0.11425780867695966,-0.08424880518963991,0.004326442981665428,0.3314557368817348,0.03252877590112151,-0.1353591365172303,0.1444784572909938,0.26680272881542566,0.3175810734658459
160,GABBR2,Gabbr2,0.1474388793851256,-0.059827150745273804,-0.024831571582113916,0.030129130384745528,-0.09364682320812125,-0.03954883577438512,-0.2194739151133224,0.3355194879476899,-0.10476260580843014,0.05978734208117172,0.08333628628982341,0.3830620355603236
161,MAP3K5,Map3k5,-0.005996626577021393,-0.05585776977001582,-0.16133765305563252,0.08468326487205532,-0.15983611176288848,0.15847035769036916,0.1074161556469857,0.07010857133580509,-0.0695851743102666,0.08912807850387813,0.0833381581382436,0.2615086171221701
162,ARID5B,Arid5b,0.24623851414608897,-0.05498557507328234,-0.13791881393544467,0.0968421572717875,-0.14149318131692645,0.18130200763733445,-0.05293281199099372,0.3659880124986838,-0.10613771761197156,0.4661571554514022,0.006514320441636385,0.18131673287270264
163,GABRG3,Gabrg3,0.11409526433179373,-0.2647830350858291,-0.24297344896657594,0.195436479109712,0.29340916310188786,0.14777664497051224,-0.35175512926327224,0.371094512501198,-0.03829850650625335,0.01727023474164888,0.33916445396883227,0.36739592233858503
164,RALGAPA2,Ralgapa2,-0.027816366672068573,-0.1783908059922324,-0.030751238525238256,0.20880456894634777,-0.012219679984883798,0.16429524312711216,0.052569089587841296,0.1457828460568948,-0.19268811353261706,-0.029934935982893967,0.04844194950515196,0.08310335647671009
165,KCNC2,Kcnc2,0.09439740180570953,-0.3992371515745743,0.16773336044404966,0.5401877939498574,0.17604459281596532,0.28477907487415766,0.3142976650457964,-0.011361471450961048,-0.2668731464711189,0.17072363670634366,0.1018875647294528,0.36467931096855466
166,SEZ6,Sez6,-0.1748838939807473,0.33428339573337373,0.07315269288678068,-0.20002509677182753,0.27125106011639116,-0.44963545345147493,-0.4111714083366904,0.038456644368090764,0.10243049772638348,0.02174566293816438,0.04641594582347457,-0.4893907284650773
167,TENM1,Tenm1,-0.024824564727529756,0.13062581452621622,-0.3998825630702062,0.6080797758044989,-0.09754977728617734,0.21262102167334831,-0.16189018101072244,-0.07971085889822371,-0.3391621716975902,-0.18052829826350386,0.1423233849758412,-0.032500802559398675
168,RAPGEF5,Rapgef5,0.30131035622556174,-0.5340943932803515,-0.18643676062617254,0.23227094195105796,0.12435069022593427,0.16132525360961028,0.0986995293566537,0.15430350678931068,-0.20876919727760332,0.4250821257961464,0.2097652917441648,0.3663295182342506
169,NCAM2,Ncam2,-0.04404059251869024,0.3447577772855447,-0.02137339990478107,-0.39793103692051807,-0.1836073456422992,-0.06258784411492915,-0.011604052656032118,-0.2342598763105438,0.7333160795150546,-0.17785509576405004,-0.0797824841580876,-0.1200840973739505
170,PRKG1,Prkg1,0.1537443716541573,-0.4133741063996128,-0.0261938018385496,0.11870394775481588,-0.036419560261577034,0.042884848572857286,0.2496461901589362,0.1634705299100308,0.0638631067695891,-0.11513952359635911,0.014210184072200888,0.21509040332527693
171,MAGI1,Magi1,0.1017947876075201,0.024419809750137654,-0.14669270697834758,0.31525883915425296,0.15090257473681937,0.1259660739518139,-0.31318539659881806,0.23831018658437592,0.004650520922331036,0.012751704823859598,0.08294146000508547,0.04080299724667419
172,CCDC136,Ccdc136,0.17808769562752194,-0.2051628676695896,-0.14245493299775575,0.15582880133712776,-0.06617616160851372,0.2691067239421881,0.19097621396049308,0.2777940377601313,-0.09388346273641657,0.19917338661268033,0.15805251361861997,0.002976084080443142
173,NCAM1,Ncam1,-0.2175284617725128,-0.09704493059697022,0.36280578798565416,0.013770858253659667,0.040969559396461026,-0.027127728040007404,0.14112335124268588,-0.366013771461997,0.04986755134323889,-0.15663120687449664,-0.08758253942658197,-0.407632123278201
174,SLC24A3,Slc24a3,-0.35352436431907897,0.4217117802245847,0.2629760220506332,-0.35356650828919306,0.09799497458610162,-0.23734888138132235,-0.014641033890469921,-0.025772611550557312,0.33042739339391436,-0.06450693609889227,-0.3222200774472685,-0.21937029291325993
175,GRM8,Grm8,-0.18119317525366907,0.15016743409491054,0.30719131410392014,0.049019042586883554,0.07809141156636029,-0.1307329508997239,-0.1598489002507403,-0.26945184046884607,0.13900829758615613,-0.33791684111639764,-0.19794930784256082,-0.008556323699548792
176,EXOC4,Exoc4,-0.008473737585723395,-0.20223592155720269,-0.030500026975771873,0.17157819092304066,-0.05611328621448196,0.15240454641545245,0.12809096715592658,0.2444266241159569,-0.14242687267601614,0.08495760773877249,0.08792444927002772,0.11469851908132743
177,ASTN2,Astn2,0.03104179611735081,-0.1794649340958276,0.1294296355695399,0.20340995390319877,-0.3514986797035754,0.05487972668972632,-0.06241702430696429,-0.06546790176339502,-0.09235603964342821,-0.029935591529190526,0.08681266683354386,0.3108360759577477
178,CDH12,Cdh12,0.04339468446093666,0.21019614008569745,0.18862802486323849,0.0861193274759125,0.15284014530865123,-0.109794443778976,-0.23801307371175306,-0.008656776634812253,-0.24668527532047907,-0.12882444764144652,-0.041805854345342716,-0.6512390680927844
179,ETV6,Etv6,0.12869781045610193,-0.4711549665134199,-0.18425868324370606,0.12235388907338615,0.08909827703289322,0.12300669144977265,0.1417829374811462,0.20665565366753358,-0.2644806742948707,0.21551763336150248,0.224022009780263,0.09457054736919608
180,ANO3,Ano3,0.07561421933712059,-0.4860990992041005,0.15334216112228646,-0.20593622632514885,-0.11431340607484597,-0.08636428001446658,0.287663430039641,-0.1386602103443613,-0.09775817571979402,-0.312920626261737,-0.26131420574400704,0.1445593805575942
181,EPHA3,Epha3,0.12562647865611912,0.5237471179541279,-0.16014501811955828,-0.261205774565854,-0.029049621592620076,-0.23736003514813073,-0.04856043269466898,-0.11381647973790564,0.16512397477126986,-0.06068666077556379,-0.17756102655216532,-0.3398482936538875
182,NPAS3,Npas3,-0.38054951233497664,-0.14449858378614777,0.07069778706917852,-0.2551020169552172,0.3996162494604974,0.045644862566264946,0.08883309343297364,-0.44322063055334376,0.23608081110618903,-0.36961766357572884,-0.1981435301099646,-0.48838773037627603
183,USP25,Usp25,-0.11102228270929587,-0.27461038904899426,-0.09167550207763775,0.2324336553384747,0.1295094663261714,0.21426250827291038,0.05295994270694274,0.1192135883792324,-0.24248691606763803,0.22155919543703823,0.04511060872027563,0.1874229130888236
184,FAT3,Fat3,0.15742243031056244,0.07824213644074451,0.025149959120376854,-0.16549566392373394,-0.4339084559875266,0.4126301320187097,0.010101996978094148,-0.3753192320504089,-0.2886274414123181,-0.4697087377232403,0.10887880301402698,-0.3939606000193867
185,PRKD1,Prkd1,-0.15908511210735435,0.19714966148237492,0.18910743996681004,-0.18728002360216672,0.12183759234074275,-0.18205488878965814,-0.18956740851775997,-0.23490718370712185,0.37897194356638164,-0.07198340846599112,-0.1690778622486699,-0.5242149063166437
186,GABRA1,Gabra1,0.23406727432230243,-0.1657785291474859,-0.3019298322252509,0.5048863841000323,0.5263416613475644,-0.01280548514109308,-0.24666090175908464,0.4778950192008063,-0.2488482026073335,-0.09242601722265988,0.2107277777303608,0.01009607549693765
187,CNR1,Cnr1,-0.1678693330428718,0.38957537989730384,0.40609423225111924,-0.26688393506117897,0.3459074213358551,-0.2389490100828851,-0.12335539466513114,-0.06458784090192615,0.293288192284875,0.00944534949089037,-0.25677446269456244,-0.6119710036880259
188,PKD1,Pkd1,0.22905511339025206,-0.07877240087076466,0.2317886624521785,-0.06410932889971768,-0.18347380443057706,0.16333405719528285,-0.1616364960553564,0.15557680176636382,-0.22567954777582927,0.06388997554002916,-0.05932599140886708,0.15461532127233193
189,SLC35F3,Slc35f3,0.35138911764937875,-0.17403569693429805,-0.09448116712526178,0.2645438689252852,0.36069301185731556,0.19629946677800222,0.11069431795066718,0.31497532016645274,-0.4154905431187292,0.3136974368651599,0.25356241476004887,0.11680716838089769
190,PRICKLE2,Prickle2,0.1670510759692208,-0.24733324006096438,-0.10036196974894929,-0.14381446286500207,-0.002963591759006506,0.17098110266744085,0.20529502217122095,0.20203068108258163,-0.2623866577881232,0.12552382384462266,0.17673167088286748,0.4134768343579322
191,ITGA8,Itga8,-0.08999930422494541,0.4062058169175365,0.09307894022295632,0.021498876164058513,0.0707688116529882,-0.01632344197902852,0.10176504433071405,-0.3364775662579608,0.2031209940092071,-0.008425962242090313,-0.10869679037674843,-0.20206690475036448
192,TMEM132C,Tmem132c,0.04967310603365717,-0.45985994902559646,-0.14692958960752653,0.3647282759523054,0.07151445540449113,0.41152120847734835,0.0928130748496856,0.45844667209460965,-0.19580032173864237,0.49551615165189483,0.007318955233956287,0.22726934463954698
193,SLC6A1,Slc6a1,0.3296853213239873,-0.028076775405936737,-0.044546827659174185,0.1622798062740192,0.13669392462787974,-0.21915742394974455,-0.2896893109974741,0.4157007940592105,-0.15437823725560731,0.18133457188778113,0.2098226130356021,0.40116656599802664
194,RTN1,Rtn1,-0.39502672303303593,0.3327252518196076,0.3311826425966369,-0.14110550638135544,0.14157885656450123,-0.2717113909684066,-0.05822095113504555,-0.10468103889221722,0.2802255229377549,-0.1712330324124427,-0.2502004998606184,-0.10163452241162765
195,SETBP1,Setbp1,0.22526289687343232,-0.02619963778537622,0.09809551774935538,0.32461697859281424,0.20942942275092358,0.03769377161483891,-0.17844423999721865,-0.11831810118428941,-0.2505182391729227,-0.004696544410534116,0.038179236637258876,-0.11872854851156055
196,PPFIA2,Ppfia2,0.06900754648288941,-0.24194600149160836,-0.11478716761582852,0.3698714050498895,-0.05171136536162691,0.12282042529079866,-0.23571064052497406,-0.09262387465026004,-0.093253611801188,0.19379802365275747,0.16527234750265776,0.051145528387446355
197,GABRA2,Gabra2,-0.3116184994305548,0.41106080525958927,0.05326008543439823,-0.15915783024043484,0.06580995652685304,-0.22888729550901427,0.1674991101449555,-0.4007248710543819,0.49021973406940683,-0.07148813420107838,-0.03243110617526051,-0.2621626455200788
198,GABRG2,Gabrg2,0.16193963229169134,-0.26867489943983336,-0.01765254234038855,0.31863711592822086,0.35707310773030393,-0.04087637497300353,-0.21514024763732723,0.15751631013679548,-0.20925804948421098,-0.08818396061542202,0.008622400371536137,-0.18041647894971727
199,VPS13D,Vps13d,0.10508245080923448,0.032750375374755815,0.14316793718123066,0.05653347417776353,-0.1656266708440961,0.2922596830992425,-0.06939520841930905,0.09358198868949828,-0.2555975568418747,-0.00982979466943578,0.008222468277300197,0.03234259539222911
200,MYH10,Myh10,0.08727853789646225,-0.17613200147546848,0.03236596063820133,-0.0401743375430168,-0.10281412592686716,0.2371932777205864,-0.03983294071486996,0.2082709549574309,-0.1858586992133327,0.04976704764503885,-0.027147158097545546,0.035605410990460475
201,CIT,Cit,0.015421715246341628,-0.06010550968379445,-0.07900666470194179,0.22230201113628886,0.4797920675568338,0.22959208581411386,-0.3477818597228379,0.10351472750355448,-0.21482085371563897,-0.0516593642289681,-0.17675557282414953,-0.38945536083664595
202,OPCML,Opcml,0.07047452286304658,0.03510571295731603,0.07016299515615032,-0.01365778579548215,-0.07908757899687092,0.0579606350058919,0.3294607562037295,-0.09886587568332947,-0.04621976827229348,0.248550169291949,0.2893277342260219,0.41419992438445624
203,CNTN4,Cntn4,0.009632805861499083,-0.12564414063854504,0.12651722408305283,-0.001691827522741509,0.3856698008444387,0.08989267854964138,0.013311609207368812,-0.3665807331125177,-0.09137213709341026,-0.3151952086461362,-0.212232070188939,-0.40198678351924405
204,CACNA1B,Cacna1b,-0.3359267655189691,0.32007359005379826,0.1800786533014947,-0.15147351336793255,-0.15468368051882014,0.08947631320471906,-0.13363177286782774,-0.4058538403502629,0.05110517668358816,-0.20972505905455274,-0.1402323600234279,0.011001273475181575
205,DIP2A,Dip2a,0.020565586700048433,-0.21645962049763756,0.011875646439239728,0.12348385657530042,-0.0414600352003002,0.2072327944492879,-0.006897283346597992,-0.041491983104029774,-0.10513222843335263,0.12325263241911857,0.04795593380287871,0.1758165322545369
206,SLC44A5,Slc44a5,-0.214098145265105,0.32480742309226,0.40490036482452835,0.11456090538697931,0.37176604058117946,-0.007000520466355354,-0.08369266116172475,-0.26299971614959455,0.1896959169331111,-0.18032270776140263,0.037010794481294,-0.4179452251787229
207,ATP8A2,Atp8a2,0.037623249703957994,-0.1891543820147345,-0.18581468485588687,0.2852628000163384,-0.08918622531273504,-0.05222605787593925,0.005322205089850358,0.010296654276956963,-0.07026399863935717,0.01661336597763273,-0.025792908226037164,0.26463810235986657
208,CLSTN2,Clstn2,0.11593085112261804,-0.2705518643389721,0.13938042359465663,0.13159773210814146,0.046884068506819906,-0.17190012267497823,-0.28868417791216133,0.06211823484729055,-0.2623643115884933,-0.08307113574166221,0.19096914079833358,-0.08963122813114949
209,ESRRG,Esrrg,0.34063213937465997,-0.38674077973927784,-0.3529589104113865,0.3816752345896654,0.07726313626972062,0.05237344952540781,0.07808238933876888,0.3682822687759214,-0.33887044056320104,0.22229133368604115,0.303389748613185,0.10418223385774245
210,LUZP1,Luzp1,0.1073716587487244,-0.3356040782247015,-0.02489164708034741,0.08516892904284136,0.15352304070121037,0.07685837700473164,-0.12980558127413808,0.1469829482989063,-0.30555767534519607,0.27854755256608266,0.044426089471173866,0.1311893753215666
211,HIVEP2,Hivep2,0.18136742093654168,-0.051750504451668546,-0.14897326353841597,0.15171644967497597,-0.0732795192799756,0.2122014996902537,-0.026981088815014438,0.12012478560266347,0.05785955720921124,-0.07461482780173127,-0.0402708460844344,0.10200742592996234
212,SPHKAP,Sphkap,0.1572152014140967,0.15772924128928373,0.10646018400778154,-0.08365154934345274,-0.4281897169051414,-0.26447380155800587,-0.19378212072955117,-0.030530048607083048,0.13658377898768206,-0.3631983096396382,-0.06110815249669414,-0.10711575742649236
213,PTPRT,Ptprt,0.15208901621501508,0.2742408954174856,-0.11002129345230896,0.007486782937203691,-0.18483238246736178,0.0020376588144804873,-0.06304154494036598,-0.42292471225495654,0.5394214649480169,-0.23414552869828523,-0.027800046983926963,0.4692021669813985
214,DLG2,Dlg2,-0.013188365157328052,0.02480561847883006,0.25465411355692164,0.10111848400509217,-0.030391615323221412,0.10912231329632302,0.14130259998316902,-0.2089549813200174,0.23751795648719107,0.0315820659147576,-0.1370687443297016,-0.17244177895725338
215,ADAMTS17,Adamts17,0.29856285022614903,-0.08260784619148351,-0.3482443107174825,-0.02172754597364349,0.033500191073193526,0.13016194325402344,-0.3466291384159682,0.2548957675342883,0.11613565546369241,0.19490796020257853,0.17978253439334932,0.32879683252348957
216,FSTL4,Fstl4,-0.1821658478821317,0.38267392817687723,-0.07163609424366345,-0.12077425243964715,0.13808114437403107,-0.32087158069733906,-0.4728129559156094,0.0597791930070027,0.07439358320381753,0.10347062158782158,0.18068526448712652,-0.16842400160688756
217,RASGRF2,Rasgrf2,0.029452935916262957,-0.048312484339197055,-0.23367003970437925,0.010134816594776917,-0.1978678143381279,-0.032062179442683206,0.023592572991853942,0.15713876774975014,-0.010809825314351384,-0.05993559024221824,0.013013106734071416,0.3842770400586167
218,CNTN3,Cntn3,-0.1509180463121053,-0.15636379561160446,0.04982235806982626,-0.19205096219625828,-0.057082245201722524,0.07058021581909402,0.2736968702150093,-0.22600509201511987,0.1359261687438265,-0.17876607109070433,-0.306813540057119,0.18404777509209092
219,TOX2,Tox2,0.002926284466197132,-0.20000768944474312,-0.04933601385889383,-0.06295889742450542,-0.36214047304577823,-0.290722345011025,0.05867915849251474,0.057143572942791175,-0.0030060618542576563,0.1693150018939047,0.2886347474747435,0.5607501334942891
220,SLC8A1,Slc8a1,0.3323175754342289,-0.1003585639831606,0.04065717817119914,0.04428110770387282,-0.36691896586411427,0.10059153540657786,0.2516428669148365,0.2946702212779728,0.21846212025721456,-0.09972077450410191,0.0041189359075279415,0.19680879618298838
221,ATP2A2,Atp2a2,0.050705515823253604,-0.20118399784372323,-0.08581178465906278,0.11774143292211511,0.15326026919231034,0.010753831160193074,-0.15709007050871845,0.1878774729901757,-0.14743106775926768,0.14961298459160455,0.26712064364368227,0.18875067201970272
222,DLGAP1,Dlgap1,0.13007173541304273,-0.08048912128813927,-0.020237680883225723,0.05581501159105939,0.03641756795072149,0.18765015130958443,0.04075711063926566,0.0585873303075044,-0.23705054106469692,0.19619092388274356,0.2012358905172514,0.2079622436241406
223,DPP6,Dpp6,-0.11806434009643323,0.09671695097181492,0.24009445940077018,-0.04524954926893952,-0.15416732965493501,0.07235759898271406,0.16367613789181482,-0.28092421920513877,0.15073026851498425,0.011428867123440583,-0.01174867665912917,0.0489154769657861
224,SHANK2,Shank2,-0.029217104000880723,0.42829348670373885,0.04889148982976402,-0.1172190013309305,-0.12305315598110307,-0.14831423293059431,-0.20079564496535462,0.0069461656408837434,0.1765635672007304,-0.03911712243710007,-0.08931342159422233,-0.2529991101316211
225,GRIA3,Gria3,0.07668069215293895,-0.1148382141019251,-0.2755492556912278,0.098961895082256,-0.2766834791224467,0.0322725807105144,0.3408968801210094,0.27323070892606544,-0.08951278619250225,0.0875055995173699,-0.34348584512295577,0.3233956515443744
226,MICAL2,Mical2,-0.03557100312105646,-0.2451620288395713,-0.06945757940703669,-0.004766205878058706,-0.28267292581380327,0.041951446561652776,0.08997594152175771,0.0944971443984201,-0.1329930172913874,0.12116063996372047,-0.02115387252843941,0.3680540949396169
227,COL25A1,Col25a1,-0.18602978541174714,0.39714743558804655,-0.12959161391429136,-0.3817182399204863,-0.07044782327248571,-0.1622038455858553,0.15782807726571318,-0.5469632371748749,0.2522629364119042,0.16234695542014407,0.027442011983717304,0.13229633922546033
228,CSMD1,Csmd1,0.38024536242902435,0.011460770135615207,0.11872011819046069,0.08365594928318035,0.06961802455980282,0.5924819266274675,-0.26345805812956274,-0.11376242069496798,-0.09958733594641672,-0.49674682516716834,-0.10373479864781006,-0.12251118410922965
229,RASAL2,Rasal2,0.13603469360442472,-0.16270875217496947,-0.05609538084222201,0.023380997298214676,0.07464175788393701,0.13733742007785252,-0.2160111927677073,0.3260983990583055,-0.02604887734832313,0.021151962163246264,0.09042892752312749,0.0009138768030432358
230,PLCXD3,Plcxd3,0.30686675966389915,-0.04369170777836428,-0.19349476090454115,0.34953851003668607,0.34192364968202693,0.0035435692228254086,0.30968445812745493,0.13851792765913606,-0.4523210990009678,0.25640596487388256,0.43776943730064816,0.05637106190561533
231,PRKCA,Prkca,0.010502198950079799,0.07938282679718088,-0.20455069719065483,0.2603039479894365,0.1458156899658936,0.09902296953678127,-0.0434885710531607,0.41294588296945994,-0.27743168490196174,0.24690718939839595,0.5054710835616125,0.3091739563369221
232,MGAT4C,Mgat4c,0.12266971154982872,-0.1093336411661366,-0.07395202403364992,0.2802119107178109,0.06789645069763628,0.14447979430789448,0.5037106232350694,0.2834299983236454,-0.04195212327713229,-0.2903056083964024,0.07376295753294256,0.12159762359590408
233,CDH9,Cdh9,0.11883611775673347,-0.10926705741651756,0.1951453656178121,0.1151773097986827,-0.23605703416475438,-0.1069645010566647,0.11867221569997281,-0.12375624090985081,-0.006983212098539648,-0.18838188533399206,-0.3737236123918431,0.08797415271303473
234,FHOD3,Fhod3,0.035243975074080294,-0.2197264370712365,0.006081912364536032,0.28116578669670717,-0.031336255042647934,0.11495395247139095,-0.1267827781904898,0.2268603196048883,-0.23582293992318804,-0.14676974160972253,0.06638923095229327,-0.09452742443070448
235,RGS7,Rgs7,0.09642589159220612,-0.11870045550269898,-0.1063982980223868,0.08718065258630074,-0.07266786804836835,-0.025296114209537462,-0.1077243134260777,0.3630186535958958,0.26142339503007694,-0.1843245356176484,0.10449732883553,0.28869883018525105
236,BCL11B,Bcl11b,0.07221385254930755,-0.03214481530473853,-0.02294985484520485,0.07135740460735648,-0.3066719051951022,-0.19299539015971146,0.14863558241605399,0.2967823671352046,-0.23634379078275253,0.15671713416819916,0.23628628725476145,0.5000661031708142
237,SEMA5B,Sema5b,0.021143747449097937,0.016580190215834064,0.1892439672340165,0.01872700543273686,0.28982483894985284,-0.16903916376440667,-0.357002005183039,-0.22887047101508262,0.11890987703652407,-0.1024185925931481,0.029081451731839136,-0.5391889080912048
238,ZBTB16,Zbtb16,-0.12218430159977235,0.07133252851500416,0.07836643142677707,-0.1558928147282882,0.21573611731702966,-0.3228262634006239,-0.35808774212943223,0.10248245185538522,0.109930793900813,-0.046530352032264376,-0.06780900039671585,-0.4332074955455141
239,MAGI3,Magi3,-0.24348630643664798,0.31593206720673295,-0.006802443094322151,-0.21518567969857422,0.32002997279322043,-0.07332601470729531,-0.15008059487016834,-0.16882446272403642,0.22444592947314665,-0.02570225865154875,0.024197935354830256,-0.5074967615602624
240,MMP16,Mmp16,0.019791257636541243,-0.2253581762668191,0.14974093207705877,0.0671799037505328,-0.2236795205775589,0.1580938491707016,0.2594244146716658,-0.01226962599790277,0.052842994755797054,-0.024412003506282327,0.1881599698642326,0.11358818983368282
241,TLE4,Tle4,0.11767824754453815,-0.1537023382058595,-0.06437148071902984,0.05907237835131491,-0.03193388224280704,0.0845974784996629,0.3328579132343922,0.02166562348202949,-0.2850636226943923,0.07926494847863493,0.075652893527302,0.010084086120706956
242,ROBO2,Robo2,0.20782305654166253,-0.2159900687030555,0.11287160908507778,-0.0795824565793189,-0.014828791081993779,0.17187387743836904,-0.006117815607706769,-0.14622519562127861,-0.1512172849816452,-0.39628938396492386,-0.10709897682128454,-0.06787321111259645
243,PPIP5K2,Ppip5k2,0.05690495941348018,-0.41618675117511,-0.1322515822754331,0.14847592879149107,0.06028186401553735,0.046879701223102775,0.018141956966549286,0.21278465079525746,-0.30953765216474977,0.03787194601029217,0.09577065176954161,-0.24973818951837706
244,GAP43,Gap43,-0.39706202215129166,0.26871691571872003,0.22625283684485498,-0.42065886090371657,-0.16527319600970022,-0.3938702845328002,0.3185152266341922,-0.24114796193391036,0.459985730968254,0.005109305807912179,-0.17718710948199823,-0.17347175132969964
245,MAP1A,Map1a,0.22354660295327566,-0.030538246401610333,-0.24702714861227487,0.04926310065616005,-0.18498867669395022,0.1863376472434275,-0.06475460303034401,0.14547864437288988,-0.19993789452024824,0.059623551118704314,-0.08396016307507333,-0.01616745460748566
246,GRID1,Grid1,-0.17300392721368332,0.2447088408884109,0.22728481546803989,-0.1888592245232819,0.015458834079142378,0.07614790883232357,-0.14909138492988352,-0.31771151130789527,0.21388360737162404,-0.012894611564928474,0.02768204852774458,-0.33313379469260623
247,SIPA1L1,Sipa1l1,0.21274841372055808,0.12936057766824094,-0.16064087986413622,0.036432535372630595,-0.243695689887295,0.015282724274424243,-0.18049197530512037,0.21616549634392465,-0.05976799888595156,0.14449983450174386,0.049026265456350415,0.1255128447179592
248,MYT1L,Myt1l,-0.12291604130707942,0.2249202896169096,0.2516394316140084,-0.11203105195979284,-0.04209760012559477,0.12095820904371692,-0.02727962658714966,-0.2675462194682482,0.19311594152709616,-0.0873647583587082,-0.053881542213425775,-0.13502173820563798
249,CACNG3,Cacng3,-0.21270965468489295,0.09258458528816012,-0.026952246769518438,-0.24401380176043055,0.0033856186470324714,-0.1785864810712845,0.42533042794957815,-0.44458819657104587,0.13110162560954897,0.04627897680786008,-0.22054270824622194,0.11801851864546867
250,HTR2C,Htr2c,-0.37533001556352896,0.2178612685581799,0.22078041010757793,-0.08384141839908942,0.18449448508546076,-0.13466436345927119,-0.08355548888965661,-0.2204042782209107,0.04862185630218498,-0.01835166581834965,0.04811314583911363,-0.593607368578988
251,NELL2,Nell2,-0.038259675463794704,0.259792234303579,-0.02739564814889367,-0.12587846961272878,0.15673931075530623,-0.13806522104882923,-0.3650226287677393,-0.025955766526093715,0.15708894241022867,-0.06343208862999636,0.29089220750858236,0.020291085259663524
252,DMD,Dmd,-0.13353151345792125,0.18335943846011618,-0.19017803330733926,0.16135432548253553,-0.20797588203725728,0.396837159473353,0.019422522140104988,-0.4538182909017727,-0.2845448443143286,-0.15841866284322736,-0.18557993084120403,-0.1458068917023469
253,CADM2,Cadm2,-0.11649348971328526,-0.137399768726554,0.3325603487039327,-0.33109400582185883,0.08690531635753596,-0.012854089002918219,0.271705501710879,-0.3657522613597048,0.2775459511377612,-0.05266222443783724,-0.13158686428203223,-0.24756677883244296
254,SLC24A2,Slc24a2,0.16176577312118767,-0.6996124175523356,0.013279849727606728,0.30472296603411264,0.26589643447862343,0.06577537414134363,0.16431635191027172,0.18879505639101815,-0.1987271750603165,-0.13977814932199437,-0.004848756057245786,0.009750457347634401
255,SPTBN4,Sptbn4,0.12150759679812294,0.05524718118784367,-0.16285336574680379,0.03998774361667715,-0.048708765263012634,0.19296269492104223,0.08609699861600809,0.066449640350324,-0.049696630836280925,0.07345834862085175,-0.01553501055629767,0.16263680971883412
256,LRFN5,Lrfn5,-0.1487892181837335,0.03258899994734346,0.15309472763377213,0.04359544765301268,0.23035922520264823,0.02976039938140967,0.21164858667001046,-0.38776592153962697,0.0810787795520883,-0.31220105602961956,-0.17586547317125953,-0.05963557953033891
257,PCDH15,Pcdh15,-0.0002699867808589074,0.3032953559383248,0.149871803175539,-0.15088235263528194,-0.28513193770105116,0.20410159359034813,-0.2318630253123867,-0.4287826135852708,0.02935554210015567,-0.3617715664537657,0.043181836307842184,-0.04372018811277237
258,DAPK1,Dapk1,-0.14427531418125947,0.11001730481460426,0.1633890306534928,-0.36312782192093934,-0.22832942099734405,-0.09426830625858378,0.16003721225221978,0.04769164910193714,0.10295483611946359,-0.16070532448645442,-0.31981682172318143,-0.25679408455139463
259,STXBP5L,Stxbp5l,0.20805824243055263,-0.07885295113834388,0.10576244138867885,0.1443642622032409,0.04621762778230864,-0.00030829727036592693,0.11089506200057432,-0.07102029713054078,-0.12754329972838674,-0.26811793383276933,0.03270463172913188,0.1960181709224962
260,SYNJ2,Synj2,-0.011043752274980773,0.05200508603326897,-0.08646969372641333,0.016009843643486753,-0.11205503336692171,-0.060612191104336625,0.015873071128217398,0.19543322634568516,-0.1848545418380885,0.04270271017082419,0.02840835220738752,0.26523068075337175
261,DOCK3,Dock3,0.06921238576131855,-0.137434969024155,-0.00990852509028012,0.1592962382145072,-0.18777085058127085,0.1891066966699361,-0.3647402573608028,0.021729241633022176,0.018871278713917704,-0.027220643167761294,-0.0013352237709240095,0.12929953193623658
262,CDH13,Cdh13,0.06561452808617707,-0.19515465522280268,0.10578288053119289,-0.023997799247069018,-0.022353163592543534,-0.09827637972602475,0.4118180473974581,-0.09317183918232347,0.20307641357725956,-0.07634647919667044,-0.27644141850110066,-0.25121800530410215
263,FUT9,Fut9,0.16034529941388914,-0.30115876854696777,0.16415389070858796,0.24911189810385373,0.0831493503321578,-0.009522002229930226,0.2967959615385899,-0.11116437324102685,0.05647141464980772,0.1841403528349914,0.11174958432879893,0.17074640165340255
264,KCNH5,Kcnh5,0.24432607916214696,0.039298957341455776,-0.0036589667094881284,-0.2121585500486256,-0.09391541793032374,-0.06616277738288741,0.1979797651594066,-0.4677448635542987,0.01694388876422585,-0.010056853415803287,-0.08121675332829822,0.13471354523580642
265,SPARCL1,Sparcl1,0.168033276527355,-0.517005087182946,-0.07415650441292011,-0.03939577140425782,0.23919400402206115,0.0416066272730123,-0.14651083546387328,0.16372780681439397,-0.3331650618283582,0.20498087147025373,0.05385126064865591,0.025833664765271405
266,KCTD8,Kctd8,0.23291051930503134,-0.5598916570877842,0.10927425239603551,-0.13098311877246532,0.172405611353254,0.33607041600751614,0.27238600587804485,-0.18195919871485197,0.05134708197578382,0.26226357204413625,-0.12592918521431554,0.3954179329911722
267,DGKH,Dgkh,0.022653771728385192,-0.18478778423148612,-0.12140358132575643,0.16340628387512943,0.10350487419406643,0.15722112568434207,0.08987414966655227,0.12890894026772992,-0.07534004693782981,0.16152284374390882,0.24152062690938747,0.09304840509298333
268,PENK,Penk,-0.20351888033134327,0.06423673150602771,0.1955177610533136,-0.1511824741682882,0.4495072751265108,-0.2954827727758511,-0.061210575884442196,-0.27658764771458605,0.35551352013319465,-0.10000709900234678,0.12557026863509924,-0.6482146668684547
269,ARHGAP20,Arhgap20,0.0706624406544168,-0.18279981569181938,-0.19040610832993285,0.11703927191798173,0.153951601863899,0.2038392863607949,-0.0515038112097087,0.059983762894993416,-0.022997891212928306,0.11689233305997218,0.08613300091451367,-0.020315948602173502
270,TMEM108,Tmem108,0.1617257898941761,-0.29909302056496573,-0.13788959941738746,0.1736818142230915,0.3221489477758589,0.002971162220199514,-0.03596368391894057,0.1524220646305802,-0.24586626453827135,0.2310200400576881,0.4876627276429134,-0.15522992806106206
271,ERC2,Erc2,0.11109036052854156,-0.04459648721143888,0.06704903633939169,-0.10744392840446709,-0.09640055707490891,-0.10033589596418525,0.1600245702010478,-0.14119824928022218,0.22243239150827795,-0.0075491308118253286,-0.2526005837619516,0.01766627570397896
272,KIF26B,Kif26b,-0.213605376722756,-0.16352393022686804,-0.04515563413565396,-0.2931726980127429,-0.19302748579173867,0.11958510503650062,-0.042111003531966895,-0.17535586986662705,0.036910909794471744,-0.23283660548004811,-0.35632884514191976,-0.14403513615544877
273,IL1RAPL2,Il1rapl2,0.0851682751191683,0.027229878582411455,-0.12114152322347112,0.12101910343555687,0.03479951410614455,-0.03086078213078651,0.13125779932052,0.1030191189883066,-0.31333878990173586,0.07636099425836544,0.09248279658829237,0.03038932845851969
274,ATP1A3,Atp1a3,0.22429976711836191,-0.16883184599053594,0.04687138782401857,0.044535842840388994,0.24575291380143693,0.02621053252250496,-0.08581924114051506,0.05317686876838597,-0.16397469042933888,0.14453988126247788,-0.01794369826154905,-0.08668934122708304
275,NHS,Nhs,-0.10118982838510676,0.10531175857420108,0.14526472798648382,-0.08397025989764462,0.09274911979649655,0.21753463127776476,0.2494515156550309,-0.11320867715576903,-0.07219517144279178,-0.1191550850807242,-0.1809422425178376,-0.4090011197854334
276,RARB,Rarb,0.10185081920611988,-0.27272676465987283,-0.0766240073435655,0.012951745262152562,0.18316676480707095,0.25445666104193826,0.18541037093089943,0.12837317111827826,-0.14721403405144368,0.16924700099459714,0.4241915214223551,-0.07212950960245779
277,KHDRBS2,Khdrbs2,-0.24493739220506283,0.2449933865558905,0.041431244990600656,-0.1331745293680186,0.23822385408570734,-0.2114111620889722,-0.079889041779727,-0.2691629933267928,0.37651552603375726,-0.10073543518487225,0.04326656905066885,-0.1686932385693056
278,NR2F2,Nr2f2,-0.43611358237729425,0.24693217616640548,0.10532381333750791,-0.5093085351760618,0.334193935526236,-0.41694887435142364,-0.06253565426299422,-0.028111196990235374,0.16672842153461148,0.06601155328707951,-0.19362130038418915,-0.3028335465922045
279,DAB1,Dab1,0.10906353848456173,0.1282828731282302,-0.007999470909492911,0.32078839958067995,0.13137941631834663,-0.21914831070539925,-0.3350913847365149,0.26709807708322947,0.2126748282287657,-0.06583723734576599,0.21667147877264156,-0.3225011652117289
280,ABCC8,Abcc8,0.20545437654166018,-0.08684572311944753,-0.31722438966642874,0.040346754762148725,-0.13846112160877938,-0.021394612807310934,-0.1150013434874926,0.001062454926067156,0.005376822010698057,0.13550413980575093,0.06365370259654847,0.014882553247260271
281,EFR3A,Efr3a,0.011511149247602666,-0.23343894916454283,-0.16657308417301478,-0.01198591583389448,-0.0603170186070864,-0.009834421935710677,0.20726557412054564,0.0656207812540627,-0.1379446124055148,0.19861147767078718,-0.150861440761452,0.16393177425633199
282,GCC2,Gcc2,-0.03658649167033031,-0.1366155428887409,-0.050144504070965795,0.11407659086691306,-0.09171976191360698,0.14034147324506294,-0.020650554489184927,0.22950229345119558,-0.17315708876780284,0.2165177388252187,-0.10880433867900138,0.05862717699777248
283,HSPA12A,Hspa12a,0.04939143959832632,-0.31957651690131084,-0.007156123308324804,0.12183898508886261,0.14182274612907508,0.023852690928430828,-0.04914666386005151,0.18238374434922533,-0.32501545432390244,0.09602635776063226,0.06335975006383845,0.06859616910347713
284,RAPGEF4,Rapgef4,0.023706707066791392,0.024844022797897398,0.036103211649075005,0.0024339877455954537,-0.31991188298581213,-0.09289795445158569,0.011723221255040198,0.21348345193634163,0.05690518750956658,0.22838478871504622,0.0042850901161776535,0.23019510171919044
285,DNER,Dner,-0.1239717239254952,0.2921644331173718,0.1257405973928346,0.0005046071393338985,-0.01919574076808389,-0.11086044977387984,-0.45153894129611116,0.07790907301344403,0.08760557858994439,0.1599857194071453,0.23350852409912323,0.08011675998317645
286,CLIP4,Clip4,0.07267451059451965,-0.24080077438884348,-0.09713097326734843,0.09331098670564732,0.024450271586541884,0.039907136952134256,0.043406236259543644,0.3467076552531506,-0.18340773576894576,0.11485012247166546,0.20455559481259042,0.18399523860145994
287,PLCH1,Plch1,0.10892221874744738,-0.11094124528096307,-0.0634347313011132,0.14316526822689263,-0.05840546943163948,0.2281891040205971,-0.07143709078281836,0.0932252310956926,-0.1789285527476664,-0.15630502822914363,0.1364845193826455,-0.1844638656277286
288,NTN4,Ntn4,0.10832863132282183,-0.3102762703610191,-0.027439791452253746,0.26498058158109544,0.17094879324908366,-0.1360670464913962,0.22081880239249674,-0.002799656782056327,-0.26666122443899637,0.1728210405419909,0.02303491496837902,0.09420005901611202
289,FAT1,Fat1,-0.13977174468211595,-0.05686011141886915,-0.1847279633322143,0.07415799023821823,-0.39258532402898627,0.20443796382515822,-0.11720841721400269,0.09954006810174439,0.0003053855186063214,-0.35548542388176796,-0.3646804896350717,0.07556412556440323
290,RGS6,Rgs6,-0.15180574907353594,0.03187664248816775,0.22429785902003813,-0.44525642491723405,-0.09096609586615624,-0.3076176436585615,0.2631903432184826,0.01159026320849259,0.5239224916554538,-0.25977300165556877,-0.5233247590561839,-0.27051781528640384
291,BCL11A,Bcl11a,0.12388917508463988,-0.09524883510340802,-0.026233334946277945,-0.06976344262821566,-0.4266098536721445,-0.28961071457652904,0.26993618843666944,0.06157512618179365,-0.02177299734711714,0.06135844940669856,-0.18792137829259634,0.2366187235361667
292,PLCL2,Plcl2,0.07714569367556219,-0.14824583419521986,-0.08737909857463039,0.22536842234521637,-0.19041818569421523,-0.051979450742110446,0.02944056043653182,0.1710763603237266,0.016569393927587037,0.06653723076298433,0.08687637475136746,0.09184393894141205
293,MCTP1,Mctp1,0.19012209940343944,0.00943291962306898,-0.0014020784968038812,0.06596953761536631,-0.23733678558577673,-0.0021322112367857123,0.19583858098607318,0.430831457175135,0.2595238500653666,-0.005734875487284984,-0.00618030839842797,0.39127409436328375
294,PLXNA2,Plxna2,-0.16366322441671383,0.021716520538417508,0.09568555821153357,0.10561070710643986,-0.22046202308092266,0.24656086476197597,0.16443912810751332,-0.16947310699194015,-0.04008709252201707,-0.01085260062043352,-0.1673040083413202,0.07335650148565802
295,GABRD,Gabrd,0.2141069472905554,-0.6512797961755954,-0.1768097745047289,0.17180851880465695,0.11635968976805332,-0.11130551064171061,-0.07704658842935898,0.6301772297074572,-0.5747760692429774,0.04774999202171642,0.39694101837604157,0.3391175925496638
296,ANO5,Ano5,-0.0714245602249473,-0.02291258720985184,0.0826540403526661,0.013488529173303789,-0.1501544308689762,-0.10059726552185615,0.19916983986381787,-0.10379250828649081,0.10584317861160833,-0.09554375361838217,-0.27645582644205774,-0.14153054834291603
297,TMTC1,Tmtc1,0.08300726127270855,-0.32299204183458413,-0.05686939568627144,0.0854003881493388,0.13459543088633838,0.025956346999717335,0.22958432315339988,-0.06583285936421279,-0.058103780969963124,0.010836300934879679,-0.2001596666073872,0.09068242919684513
298,MLIP,Mlip,-0.17371799974439683,0.25016547282255286,-0.029419254330939695,-0.18826318543780426,0.08922042952404141,-0.3282603841357062,-0.22945265136769502,0.07211463319997005,0.32977510426958057,-0.01838728571279989,0.05628028192355651,-0.08769811578724904
299,SERPINI1,Serpini1,0.11656705936672107,-0.5837988398447002,-0.0535397219414317,-0.1504796668503171,-0.012723840487639087,-0.13502292688139444,0.22728909340229622,0.33401765145135853,-0.13399237769476072,-0.10432803158029433,-0.0620978684752933,0.12625078298780062
300,OXR1,Oxr1,0.03255843093401065,-0.2253208997605931,0.21723586832880143,-0.07987509428531799,0.16910649299523142,0.21696374141318728,0.3235300272428208,-0.18657927265083282,0.00582051663634977,0.18299548099456678,-0.2628031576089461,-0.07423213373757614
301,THSD7A,Thsd7a,0.14907011472083173,0.3288305106746176,-0.0642003060432558,-0.21630583301847894,0.05498713231941432,0.10543537693602836,0.028909947504824715,-0.42948266054209794,0.13691091328980579,0.19273005211327654,-0.3193374849192398,-0.03663659220496737
302,XKR4,Xkr4,0.055299425198477255,-0.07319354558891013,0.1636729144548936,-0.13423881095842713,-0.11811305372771896,0.13322888224020665,0.2777902378521829,0.17535411953092653,-0.07941945656861016,0.09003452723812382,-0.03915544676747686,0.14903941865195786
303,SPOCK3,Spock3,0.11281174119036334,-0.015766961141595797,0.07320296044703858,-0.04515373751956584,0.015447871085025976,-0.14130184737070486,0.08867831144038849,0.08325052045516695,0.19689870299301024,0.07205896909653944,-0.12645753356309972,0.42217207646925786
304,DENND5B,Dennd5b,0.0767469989135719,-0.20242657666278402,-0.040685070652410456,0.031273286055173315,-0.001688176156335962,0.23598984937289005,0.009616212000534629,0.09871138338104238,0.017460402353603115,0.1996298148863793,0.01887627469069747,0.06304520049091018
305,ITSN1,Itsn1,0.08507889589446604,-0.01444184524984567,-0.07068165459492128,0.28485954712900613,0.015206302274759548,0.052577864279235165,-0.0751438283281114,0.0762049206974589,-0.22474244895619583,0.17420030131089329,-0.055071215455323515,-0.04843971484039592
306,SYTL2,Sytl2,0.06842167506989806,-0.364973982146786,-0.21069760265885001,0.20183572112728645,0.10477315230401636,0.14460247164665432,0.02743464247881843,0.24005697427446618,-0.08045942465797451,0.22749688957262806,0.19987325080064133,0.23379255375866945
307,SORBS1,Sorbs1,0.12180860628006213,-0.17161192586856117,-0.04593973300715485,0.20204124899046463,0.1635471427500869,0.10500374294662279,-0.09111776138946612,0.22864713748903476,-0.02072762148638949,-0.04208739234529977,0.1680053417513509,-0.016702332131672472
308,CHSY3,Chsy3,-0.13417415343304007,0.20951742398508935,0.11290444135239877,-0.038099692329242665,0.1165273076424033,-0.42795838053348073,-0.30753957962460327,0.11758190175599738,0.04516947398486707,0.044615444983671246,0.06956317395161242,-0.3503847815565748
309,PLCB1,Plcb1,0.119441354307811,-0.04965181613918372,-0.02628984960159781,0.19296150919272767,-0.07637344507523484,0.130496945767006,0.16955363193580059,0.10166584828884784,0.19589472905027586,-0.24003418095531714,0.22705621413595875,0.07328315307921168
310,ACSL3,Acsl3,-0.02638635109632565,-0.27180400682851585,-0.053129634118675564,0.18074555705892986,0.22744128597165242,0.04449151534894109,0.10272684657398479,0.022012813993511536,-0.19600551752665216,0.3707074062962076,0.12968705307255923,-0.017020865384378973
311,IQSEC1,Iqsec1,-0.03431595093929115,-0.24072247739851554,-0.06437629684151899,-0.058095429419384954,0.05052324231485211,0.04635531037877857,0.25654696811116984,-0.1134614293046192,-0.022913109999211978,0.04707205106433399,-0.09208373860693143,0.23303948420815945
312,TMEM130,Tmem130,-0.19727957565509882,0.38127934431204574,0.3208380428458985,-0.18669656991195266,0.2363245703318573,-0.1500478496346775,0.33800438420671947,-0.16933219052457343,0.47433030141705224,0.06070183629838025,-0.2349068701344602,-0.05996665372509196
313,DYNC1I1,Dync1i1,-0.2852623920282621,0.2175303324461453,0.14595014112901075,-0.10648775938972135,0.27538124835628497,-0.058114635002061044,0.1324951648582396,-0.32705624260055255,0.08656354169737018,-0.20124847549065494,-0.14095461512187132,-0.35928241211532086
314,APBA1,Apba1,-0.060186026237675196,0.267410715914063,-0.08956836418009596,-0.04778550796598753,0.22564792492870966,-0.041573961669822856,-0.21317512298914207,0.015006092908771385,-0.1788839220474845,0.2030596853182534,0.2032053320658897,0.0007440686977480544
315,PDE4B,Pde4b,-0.33974136341613986,0.46303185451230433,0.011180718558071987,-0.16647714738201286,0.14097403336724848,-0.2984006558526098,-0.07564648386538128,-0.237956076070527,0.4548577714619728,0.14205607748417068,-0.05108951264273562,-0.6346346109723203
316,DYNC2H1,Dync2h1,-0.1636180700194124,0.01562058063395702,-0.1550705868222378,0.14479268484064126,-0.15925282050068681,0.2740218585800899,-0.08495092643013517,-0.08754646221760942,-0.02697591275754765,-0.16098273583121184,-0.2788544081058069,0.24643020109539487
317,NF1,Nf1,-0.21365191119081386,0.46403493760024356,-0.6168202081569637,0.2774269551731787,0.053931089900114394,0.18286938801487396,0.2459127225258921,-0.11956530832596013,-0.5094250350431023,-0.5157528447521956,-0.23106383137429767,0.21626213672489716
318,TNIK,Tnik,-0.2589048557917437,0.13357799004808205,0.026536568421181326,-0.06772178447959822,-0.09933203037728433,0.07063517754073877,-0.061083528332326435,-0.266208885902311,0.19176988189283706,-0.074508293560559,-0.10368848488340908,-0.19086967413238
319,BDP1,Bdp1,0.04784901447184385,-0.10196683389165642,-0.022935227774717685,0.019790852150119387,-0.06909581199560948,0.11672184398548144,-0.058647002562204106,-0.05608191014220344,-0.11994674756790555,0.05783064040072496,-0.023866972345774447,0.15817491839894277
320,NOL4,Nol4,0.06259930130118377,-0.08561616298896779,-0.071124033521964,0.03448542392930541,0.04149661048169745,0.0705368558577383,-0.2220709947277274,0.060497430006069386,-0.09572455338413452,0.022786599878371665,0.20938989260014818,0.1171705292966717
321,RALYL,Ralyl,-0.1477004137443623,-0.09903105202772564,0.4292999278383778,-0.030129180222100926,-0.07130800787088469,-0.08048247732782929,0.5462729968929247,-0.04471078085769936,0.22738442607290887,-0.14522618493507433,-0.11197134895744545,-0.011578823231711263
322,KCNJ3,Kcnj3,0.2904988126911653,-0.41301789151158935,0.01139709124647989,0.5319183834384563,0.25998888196995534,-0.07886793103908571,-0.16536030051915165,0.23977937536243643,-0.08561685345154683,0.051233115834731384,0.1093859309095375,-0.25168482256001695
323,ADRA1A,Adra1a,-0.2114661889528917,0.1982608648339415,-0.0196014207852319,0.11567622850604045,-0.06010579138323514,0.021865947611164737,-0.25625087210719666,0.27176597350857185,-0.004447099906714558,0.3872138000285561,0.5201658703696667,0.4654234218108485
324,WASF3,Wasf3,0.02545798692626178,-0.24385958809511318,-0.06328394319591764,0.14532884070491583,-0.02910825295300931,-0.008202347457833315,0.018039119522087702,0.3275678286831927,-0.08330088701450164,0.12091523673520685,0.18129733051785824,0.21109463643485593
325,PRMT8,Prmt8,0.01912914552924482,-0.023914499908611737,-0.37158692440062463,0.14418205107264562,0.20705164257834324,-0.09549219986636086,-0.2343509220436658,0.36378422061602333,0.018700997577948957,0.1687895006830462,0.2766131098101806,-0.04725742442312175
326,PCDH7,Pcdh7,0.1307170855101914,0.008187022665250761,-0.01251320617511374,-0.21674199320023357,0.3889909877519418,0.02586839000724871,0.3980439954262561,-0.48582760027234345,-0.050321496982010064,0.013698650865980858,-0.22563601621536575,-0.10524045410097951
327,PTPRD,Ptprd,0.08303641332838789,0.3717212635403459,-0.09191034222174864,0.16898215963531943,-0.19330127923752813,-0.13065455338581328,-0.26357573747938323,-0.07632373469363872,-0.10635820208166014,-0.05201820547399708,0.023805584246034628,-0.48756429586603
328,TOX3,Tox3,0.09581764033515533,-0.2915787232983477,-0.20525597416989488,0.044172863029316126,-0.3737365585111564,-0.14675383982035234,0.10842066627623251,0.39010906516923133,-0.17046061845899507,0.3546844955159763,0.2507669026528302,0.4088192026877516
329,CACNA1C,Cacna1c,0.0007820948644651697,0.0824408678646745,-0.007534384464311712,-0.0857228124612167,-0.3169268579095808,0.043802068241750876,-0.12853715913024466,-0.4231064391291165,0.33260497072927697,-0.16912885930830837,-0.1370105851882788,-0.029012646409485834
330,COL24A1,Col24a1,0.12615637729084023,0.03520332092702709,0.09160803682593618,-0.19969977226203287,0.27984413781944795,-0.026211841969485384,-0.2958163945971329,-0.2552297493359029,-0.13582405417469068,-0.1730417540295048,-0.10144888867756129,-0.22731857654768142
331,ENOX1,Enox1,0.11688629858991799,-0.09683810615281657,0.1837981406454508,0.18066999597227204,0.152582279222843,0.19334633718991623,0.15491480858652487,-0.07782078781651493,-0.19495354079559413,0.3279023853318137,0.29532328827732185,0.2049927683692086
332,GPR158,Gpr158,0.2676089700916155,0.03698642075783669,0.039183831403726714,-0.06817750263705773,-0.19199061146069563,0.16553549608547216,-0.22700823414861573,0.04081731714775708,-0.006805731150154702,-0.029138168087552978,0.2053382949252684,0.12463416451799145
333,PHACTR1,Phactr1,-0.23671081697764373,-0.062072466467450724,-0.06468334121065414,-0.15162898642318115,-0.15068103859484092,-0.19386167519824246,-0.3105817538533263,0.35450696574793705,-0.0910066151647985,0.14739066609281867,0.36832521351897823,0.28289711590769806
334,CDKL5,Cdkl5,-0.02967406707062131,-0.03204870023139444,-0.2375650471227274,0.020097086049337073,0.09640694402314696,-0.1273828207564493,-0.28262431112990544,0.15008429322594347,-0.009241861300243,0.07776939760366847,-0.015410013948160453,-0.1775079310496656
335,KCNB1,Kcnb1,0.024101374659404002,0.2927019156664776,0.10094847905302445,-0.20044198339748362,0.00554605100705244,-0.09400242473798276,0.06284317253450995,-0.1352411087535311,0.2866770681289292,-0.03998863454158708,-0.2062800326543657,0.05081422052428106
336,PLD5,Pld5,-0.40427906723248275,0.16820402516970265,0.007224481198699934,-0.20450633897093184,-0.18795418776899886,-0.28618192116509195,-0.228930940606963,0.024858620140566043,0.270763721734164,-0.12264446370606881,0.06327415232584815,0.08858983960101552
337,ABR,Abr,-0.019777086840958268,-0.10709319630308599,-0.04757693504467877,-0.008076897048382293,0.033752583380087256,0.10711404750685595,0.08243248877109831,0.17229232764843044,-0.11818299755656184,0.2640403014657797,-0.06960880081102537,0.20949354638233839
338,CLEC16A,Clec16a,0.17872296149933825,-0.3274897811248955,0.0037252585367540557,0.09256854802447251,-0.057261107180850646,0.11099615908439081,-0.05095887124944776,0.2641196961489868,-0.16671565504211014,0.22117562685532374,0.20046084248394214,0.040035290063236466
339,COL16A1,Col16a1,0.19763062326443528,-0.0006014853756149773,-0.03452943788403319,0.051373435848209394,-0.028030927024461028,0.05816117471609929,0.026688368245764676,0.04786072398001638,-0.21013895036506647,0.18153387806380644,0.1310485638989713,-0.06822449937535134
340,EPHA6,Epha6,0.2737574165437463,-0.25016373085199056,0.132550221740875,0.09619040946640858,0.029425911267508067,-0.021660160941449666,0.11033928201249296,-0.08577914393928945,0.15009396783319384,-0.21207572018035747,-0.1684830220891332,-0.06688905888267334
341,CADPS,Cadps,0.033175278214804545,0.14792314388814654,-0.014635635380249479,0.1486685557730206,-0.05054131851295797,0.12199430950218718,-0.13746492387923048,0.11255542463859163,-0.1660664678534079,0.08235482832315504,0.0017283035822868325,0.14605958628031185
342,PKP2,Pkp2,-0.17328743289960302,-0.055960601144275625,0.09066998375154242,-0.11251604458290457,0.06079549432157489,-0.363658733753157,0.015244809009157773,-0.13296988699218829,0.07343223904823717,-0.28235599973373426,-0.00745403696676078,-0.42896111184952174
343,GNPTAB,Gnptab,-0.10064808612499429,-0.1291900819534104,-0.08297818717661033,0.04787746532875877,0.014608427225202131,0.19632151348066906,0.08207193894625563,0.15111083177165374,-0.08880934559651597,0.19930312193006533,-0.003953284230184642,-0.00961223424507283
344,WNK2,Wnk2,0.12075091332319113,-0.027617093443487558,-0.03134549357741779,0.23714560565589118,0.15906655198636394,0.027731526473146216,0.011424427857206765,0.037309072880901004,-0.08062820061779215,0.12607441168582345,-0.051873897998349155,0.14856131246797535
345,MYRIP,Myrip,0.16507410907595954,-0.17634998103565266,-0.10425281400091158,-0.1316544781218442,-0.12406448168692653,0.13584153847393504,0.16207479972432842,-0.02647224174989643,0.12393436107467762,0.19463799730130896,0.15035807034369345,0.07443829358696974
346,SMARCA2,Smarca2,0.12597188421082406,0.013286412551990598,-0.11241925060999694,-0.06830518361643208,-0.23445326433090422,0.003426545423017943,0.18297490571113434,-0.20223753133291233,0.0570184209814806,0.16161974503496626,-0.21716587777459226,0.06739983810886613
347,SRGAP3,Srgap3,0.05348377026046767,-0.10542583581361362,0.10681676382108578,0.1300569532316157,-0.05151663099771741,-0.17815177548060296,-0.07067526500908274,-0.017451021960955316,-0.05379189092996693,0.06856971033389592,-0.030466966659575948,0.3223751397203631
348,HECW1,Hecw1,-0.05304694750820086,0.17913480506508728,-0.04574976256733028,0.027767307648839768,-0.10552470503809849,0.17387822163740776,-0.06348055747804951,-0.3230892542519797,0.21772731803486603,-0.17572089378904307,-0.20555126918718866,0.05529135818121537
349,MAP1B,Map1b,-0.14788723313801042,-0.09978401902142293,0.09440356155904917,0.027373262986978647,0.06418327292747508,0.11841559574006241,0.07847019919523819,-0.33345886892937554,-0.07762984216672883,-0.06886902497000037,-0.12475091075673872,-0.28628019456179427
350,CAP2,Cap2,0.20551949077683695,-0.2965343446009906,-0.1733354639706206,-0.09690303653514414,-0.07785251231694816,-0.027826271033861486,0.10520752316062218,0.3490389292098448,0.034697507696564954,0.1740421204804337,0.2859758207781306,0.44942154212824015
351,NPAS2,Npas2,-0.02315112515937635,-0.03264086431883966,-0.20062632889029136,-0.014314862671996928,0.13585184247864399,-0.06404979242903208,-0.22133792015924791,0.2450654518279939,-0.0050269565299092,0.2172596745717634,0.1491043953251246,0.0924978853041939
352,OSBPL6,Osbpl6,-0.008709174314694057,-0.2885385872581683,0.12070850290036832,-0.002914939943344955,0.025138690717031308,0.0766404034100374,0.05700730260912244,-0.02336346151004114,-0.07334136435228245,0.058044622574812625,-0.11073684292539016,-0.03435395643724322
353,SLC4A8,Slc4a8,0.2116201652814074,0.0007245841676634138,-0.07013665475684155,0.12300164923895988,0.11318067292268852,0.12692279812304716,0.12649739792113046,0.20382437417961868,-0.054186194246441534,0.17751953245893673,0.17863126430014406,0.029147007300729486
354,ZFYVE28,Zfyve28,0.17238563863830225,-0.2118339616284231,-0.09748131337497117,-0.008034819602115835,0.03204575949938979,0.036592979040242855,-0.1091572726554962,0.2357815343136804,-0.09779496436803667,0.136305241891536,0.2342695411116255,0.02270935896869802
355,DLC1,Dlc1,0.021925900401320895,0.050443809608621604,-0.1439689130052331,0.2769768538224366,-0.03193485493427586,0.0950177375068099,-0.12075383241429569,0.09452795227412973,-0.045461988040817386,0.11677506061630459,-0.0476760568084948,0.10650271847068515
356,NAV2,Nav2,0.10886073871978272,0.25363599224192174,0.14116969847372385,-0.12452193950872263,-0.34310096101723875,-0.05359710222207251,0.005161824709213371,0.07293398187398224,0.09130092544325065,-0.14874545915856863,-0.3126982629639043,-0.06455848235657922
357,CDH10,Cdh10,-0.01823267864449169,0.06789470711293476,-0.12682630903363215,-0.13743656456151815,0.07495580994982466,0.20004986596507554,-0.28581662447513706,-0.4025671938805823,0.4411347397910342,-0.21161223384061048,-0.014347259934763743,0.037466689346440894
358,NRG3,Nrg3,0.3230880653267478,-0.18608747102817838,0.02831578698313071,0.01594355419457352,-0.11933930676064239,0.09873687334572444,0.10655657630596403,0.18316557140295178,0.18692778881435435,0.15844195341371498,-0.03116545123061716,0.12735412491283565
359,RPS6KA2,Rps6ka2,-0.09074864024592363,-0.05737173743836848,0.04963922274096798,0.12903281087186386,-0.02073708917445034,0.05063108336252041,0.09388385767748707,-0.07282026145079211,-0.18004482690176585,0.3491147038253435,-0.0035149132936160457,0.13329031346545275
360,FMN2,Fmn2,0.06856045051927452,0.04593040061622455,0.11783518765580575,0.02024505099103663,-0.21194475314650105,0.3438950605411687,-0.033057485738648446,-0.2345086984539417,-0.07442528636073821,-0.032052675124862484,0.041363961042102985,-0.025702509534714445
361,PRICKLE1,Prickle1,0.05156612985906225,-0.4435592995958419,-0.07537284354295405,0.07393414714625329,0.03854245924540945,0.14318614715356248,-0.10292952521928318,0.39269777430288,-0.12025715267787102,-0.07845701139448563,0.2622425700656283,0.13913318697497873
362,SGCZ,Sgcz,-0.10033921013998064,0.19542974603675492,0.04559935443108879,-0.08908553683647652,0.04992960196344581,-0.2716951629687273,-0.10015037658822505,0.06714784362250784,0.2119831393283996,0.029117092473920806,0.23967555349994588,0.2587871456031874
363,KIF5C,Kif5c,-0.07876185007557635,0.014931278007332887,-0.07512990490251203,0.08452801500448832,-0.07874762653527209,-0.023871181201571313,-0.10920304169795404,0.09741880455797265,-0.02944553340200092,0.23944328341739984,-0.02337224872040196,0.27155346479678844
364,RXFP1,Rxfp1,-0.12622501869092648,0.36263960866861567,0.12116453262563266,-0.11101718506322801,0.12848152954141065,-0.183154484944954,-0.04843585218567172,0.04560125551728749,0.25771569412000306,-0.057105398389588675,-0.03366451679389737,0.0018220134594757334
365,OSBPL8,Osbpl8,-0.05868048167122094,-0.32688596601468745,-0.2202715652316869,0.08975414285988667,-0.05932534260913537,-0.08873420999150024,-0.08572273047335413,0.2693814667458651,-0.05206179024856306,0.0626107195697855,0.15005639181023625,0.2278029389082083
366,GAD1,Gad1,-0.06484916176746768,0.09858944119588897,-0.03886123971970768,0.030227621506442977,0.02653364068193203,-0.3466875813511964,-0.28265794974097785,0.058551240078070964,-0.20626949350688184,0.2723698350436521,0.19494328586877596,-0.043455028776140256
367,KCNAB1,Kcnab1,0.356375109898017,-0.34498932158461076,-0.2972229168849006,-0.04836133989392071,0.25283701558346494,0.23411975886768527,0.12166627594120333,0.2371416270489739,0.06653909072729641,0.29971870844214915,0.1464407358218345,0.3343979944014897
368,ZMAT4,Zmat4,-0.15477952507179987,0.1943175627612089,0.018648913488843035,0.24356895687468877,0.38087868222686144,-0.3658014171776098,-0.27056765431728125,0.3103151399171818,-0.16758520369259297,0.20096397322745183,0.41714520907224195,0.06600464487049282
369,ROBO1,Robo1,-0.10580141232623827,0.37421578569412506,0.141336753800865,0.10949336074397722,0.012676013547886023,0.25431067008709235,-0.08069649657004586,-0.22814273648209252,-0.0017598312084772768,-0.025927173124532053,0.10856505441110369,-0.11947263542671535
370,LAMP5,Lamp5,0.005184588448454387,0.14423036501387337,-0.4166093913201095,-0.1993512061826638,-0.11222507643676011,-0.4440734139727743,-0.17463388517911943,0.3812936635229471,0.3544197651113508,0.0760910854910978,0.1618895566938961,0.25276087185546686
371,KIF21A,Kif21a,-0.17012914951439337,0.07063702240310998,0.07463030312934972,-0.016858226264233618,-0.14040689829746492,0.10403211813744101,0.055655887557873526,0.004098471437373508,0.19420127091956849,-0.25657989191681585,-0.15587621661948134,0.005010032436903226
372,NTNG1,Ntng1,0.2406404175217693,-0.3772198046137459,-0.0911823838317144,-0.17692271431426718,0.042094253306094676,0.040002149425230504,0.037954200822855326,0.10964685796356508,0.0532935359161105,-0.12481351186232471,0.3009357509783893,0.1579626205778908
373,NFIB,Nfib,-0.15853587176357528,0.42777006006474566,-0.05203676469121712,-0.14116199251963327,0.260920296339747,-0.5374954941030079,-0.36019717569160425,0.22602987101400862,0.1540560491732461,0.207411204827863,-0.01529723234681116,-0.24176759427083275
374,CSRNP3,Csrnp3,-0.03350997266208973,-0.20754778002059446,-0.1009280405325765,-0.01485685466021737,0.11994753720906719,0.1640896255860771,0.2616384293403539,-0.1791903457888192,0.09588460972081742,0.14902063262409024,0.11817724581088133,0.3148145471917843
375,DSCAML1,Dscaml1,-0.24533002019807196,0.3648896162043345,-0.02664396572764896,-0.07196829598393656,-0.40581450790312357,0.027635736642939262,-0.14150450327424624,-0.13534777292691963,0.007151800516792066,-0.1197926953334585,-0.07393162192332924,0.46676937322862927
376,SLC9A9,Slc9a9,0.0877007425375964,-0.4341340271045079,0.17470733847847594,-0.059790747630272624,0.15101065337932948,0.15859999429228336,0.18425044403096952,-0.15086386888088546,0.16346924455278436,0.06359080306162035,-0.2039321184748159,-0.1549681728975495
377,STRBP,Strbp,0.11338851772186882,-0.32141932780834664,0.011871122414766547,0.2605609605661266,0.03351474783298404,0.027404081289874847,0.1362137552898774,0.32782795830337363,-0.08687106989542567,0.31000343858632257,0.11257906452437806,0.022375686887439183
378,GOLIM4,Golim4,0.06323988225768545,-0.4798409932868742,-0.0025769607612698983,0.12521852633701916,0.008695549351950058,-0.02749553463435152,0.03770589845215315,0.20488266088170967,-0.16351065834306286,0.226093871463399,0.05128881344479891,0.008865017599293853
379,UST,Ust,-0.3046671512991422,0.11591811912301911,0.028931026290679125,-0.4347430100824475,0.03741602439790164,-0.503447443667369,-0.0873598435393439,0.053248413450920164,0.46220901069760456,-0.06799371819069597,-0.17307476557887058,-0.5976645835132569
380,CDK14,Cdk14,-0.3531618964837014,0.008031074772011529,0.1944157295670637,-0.40845393828768806,-0.022355977973788663,-0.3678222340393824,0.06265272110824935,-0.17992818189191484,0.31197021101571176,-0.08661400532734516,-0.07758591050321594,-0.33303598707104093
381,CPNE4,Cpne4,-0.1995832992260762,0.03598441415096211,0.08487191241263076,-0.25747972921970935,-0.08706381218373509,-0.29858315016077086,0.11221961429814709,-0.21073667283616804,0.45748928435694625,-0.14914953257586128,-0.12208843695993513,-0.02559200180202981
382,SV2C,Sv2c,-0.10660884503561228,0.14175538804304236,-0.16807778302393728,0.04133318260031045,-0.146058427005782,-0.39084672876353854,-0.20225117659621777,0.1860411077366068,0.13157483124192232,0.10691517644219578,-0.20124691632092012,0.30447289500677616
383,DOK5,Dok5,0.059260486726281536,-0.43535022878394397,-0.2075668431964932,0.1624838649155088,-0.1286106620629612,-0.08069070830198995,-0.08451044215284749,0.33792066771869417,-0.07317290934943076,0.2269250044104125,0.07788586166332191,0.23146561022122192
384,CNTN6,Cntn6,0.24864971708781183,-0.010986515532893476,0.0626426141824594,0.036106020053751374,0.2511108466277252,0.23313479561004363,-0.15425160010903294,-0.08443879612839303,-0.21764113708431998,-0.056987971596447994,-0.09433607746522903,-0.19466699055681388
385,PDE2A,Pde2a,-0.25680062284723787,0.014116448506924539,-0.023015571769216075,-0.3000692490795318,0.1297323010390211,0.024207614992407107,0.37295241564988896,-0.14619482446863127,0.05708763403503294,-0.1540726976218677,-0.18083960949058758,-0.21901681919125096
386,DYNC1H1,Dync1h1,0.105544020157447,0.16921035873342752,-0.2771275843804199,0.07516369297137873,-0.14605259576519888,0.39846954592778117,0.0625796533115002,-0.03586691767390884,-0.10210851878160569,-0.08982523380223795,-0.06502576668222382,-0.1480519441417304
387,SLC6A17,Slc6a17,-0.03719858140049276,-0.026786219122648395,-0.057611742864470204,0.17925759522207943,0.2171967791887942,0.036835588761659176,-0.054546636531250914,0.11276230338958747,-0.11384435363074231,0.08237791395419188,0.20956943732500266,0.24149904201066702
388,LIMCH1,Limch1,0.18287298119083753,-0.1817548139105666,-0.019285082064645475,0.16349248309542488,0.49328309784172397,0.14820338709276054,-0.0170434703972165,0.11919285486801132,-0.014488246159334906,-0.017743972310967762,-0.1035712577137511,-0.29448322099982777
389,GARNL3,Garnl3,-0.1298282352096065,0.023101657213700857,-0.06774383398876316,-0.15166838788696993,-0.2499992082132098,-0.023183790994704943,0.35829631516516586,0.04705145389054066,0.4276122096186302,0.04598345172393304,-0.16849739800090277,0.051587329964232605
390,SLC35F4,Slc35f4,-0.07950647039909504,0.061691195767004,0.24434973386308134,-0.26630427846728494,0.1631968930040224,-0.3523721273290792,-0.03167039414217197,-0.11717327596465718,0.2982494962162005,-0.08849701249184377,-0.08574851635791712,-0.34311853948713944
391,LRRTM3,Lrrtm3,0.21945389031555565,-0.2385859288679575,-0.09100582789506156,-0.020921456824703564,0.2308863669748589,0.024787178471907503,-0.09791404206290263,0.15389051672755483,-0.13725589833049456,0.22210301807234384,0.07302229309039748,0.175112714279908
392,PTPRR,Ptprr,0.14024718825948873,-0.16094049313208125,-0.03364933093217687,0.09784894891683549,-0.18334253603767695,-0.0714760198718955,0.33336516184286036,0.08013637904367026,0.1692518183066693,0.10991703918803765,-0.12444222960891846,0.12844471702586735
393,CDH22,Cdh22,-0.20024342261694245,-0.06143199359463401,0.17929175280439527,-0.377979710828991,-0.05008849291871168,-0.24454305019640904,0.13452429838710248,-0.3368115984293202,0.09659682972875028,-0.028524304503795096,-0.28010546681567455,-0.07353408061657782
394,KIDINS220,Kidins220,0.018339099284787268,0.08597273704959646,-0.00010262431037691038,0.13928048565561246,-0.06484178104260652,0.02463131214269575,-0.11523056018237372,0.10857826986171694,-0.057348134370793453,0.040701718334741135,0.015359391455689186,0.1766144193926089
395,SORL1,Sorl1,0.09810460815569647,0.012219396765721877,-0.09067363546212182,0.07847478057727993,-0.12123883719497201,0.01932150540544661,-0.07740520306200348,0.10551117991205892,0.08746790323118288,-0.18462194602364598,0.14609394440725684,0.10810750239494395
396,GOT1,Got1,0.027652004302783927,-0.4813484149196289,-0.06370384650885569,0.0011337283622629367,0.1504112280370391,-0.10817943488003826,-0.0645985884431822,0.19568064577590893,-0.33714080866791646,0.3103981703128274,0.14802048000961404,0.12787747044289796
397,GABRB1,Gabrb1,-0.22252455493244047,0.4180316237508692,0.15259869344675292,-0.35613201679394607,0.1538074316918653,0.06444481278660195,0.07104346507757837,-0.08454501165053109,0.29350293626008056,-0.1739122772227785,0.20190909136082488,0.1763912285689611
398,PTPRN2,Ptprn2,-0.17648564717681964,0.1934829144519996,0.0410563102474291,0.08957782006993617,0.06048223259653828,-0.05472712020956868,-0.00742079547360409,-0.25855641013156466,0.32339995895619655,-0.15201338309187473,-0.19738364914199794,0.017262479114243286
399,GALNT18,Galnt18,-0.25523716378962247,-0.06298892106506317,0.21632548407827965,0.11643814725253203,0.3306588804424048,-0.26776949466823746,-0.18284726578778346,-0.12147971913105357,-0.20427420261973503,-0.005232832216042658,0.3895880231144476,-0.5939684531659569
400,ASIC2,Asic2,-0.12110086882780996,0.41333725857845355,0.28536206693734145,-0.21575708746258698,-0.14280349195500547,-0.19363482375277416,0.4526678978470606,-0.13307194807493436,0.5518779848649106,0.12704206663166628,-0.07206314086545355,0.11690609325101642
401,FGF13,Fgf13,-0.21787599928187806,-0.04451447216162726,-0.0016612402189475793,0.15308869883826606,0.01501191087889353,-0.144760771455003,-0.34181931041165275,0.4319000608518693,0.06330312432547484,0.1242651474489419,0.2105990706769936,0.33401593681574754
402,MYO5A,Myo5a,-0.09651465262790986,-0.03389559926382848,-0.00695886047534019,-0.04901989466538718,-0.08587131386739927,0.17273925852227534,0.07786207224061434,-0.0039039967509331922,-0.06830935436443139,0.04660186426570265,-0.16433065600910296,0.08645113005065533
403,GALNTL6,Galntl6,0.04215232476614043,-0.33559130346673255,0.2037982030113607,0.1458959159170164,0.2804653296920625,0.16947246243386352,0.1675482191897823,0.21317705330819203,0.16790464382276707,-0.19678183718887932,-0.08351064971347165,-0.32050125701764115
404,TLN2,Tln2,-0.14853335317189348,-0.03942347853617228,0.05331268884059424,0.043056443217713646,-0.18994576631253998,0.04203554351847436,0.1597333231518292,-0.19160747405774567,0.0035317420084355552,-0.29188017047380416,0.02250586815923759,-0.041404576325441256
405,SPTAN1,Sptan1,0.036052970553633865,-0.09514914091647264,-0.2516233820524621,0.12777251075411758,-0.06680619119697272,0.07334825006551682,-0.12190292452238854,-0.05884688984164177,-0.11564202904418744,0.03678799783817689,-0.020266740740649748,-0.03608447962727471
406,AK5,Ak5,0.044234733119220694,0.09038134946396399,-0.1882566201410882,-0.14788381294669153,-0.2755782822597519,-0.1286694510348087,0.21969318935531837,0.21226880277244647,0.42630108957310736,0.049388215729708744,-0.03126723032284618,0.34421310066862604
407,STARD13,Stard13,0.29939606628534354,-0.050911344346694934,-0.021333114864452146,-0.006860249483387145,0.02080868414539938,0.04766133798237436,0.2282247743407299,0.14369379089950327,0.2931612708117084,0.06141302142629537,-0.0882755456777614,0.31557677696668207
408,KLF12,Klf12,0.010265612504250468,-0.34247968304835363,-0.07611276550885163,0.05136542654680989,0.29469610439726235,0.118967840435533,0.22091568136587272,0.1013376735297686,-0.06744019966667081,0.21389646586611516,0.12098733172539887,0.22620342482689906
409,GHR,Ghr,-0.07902651251868963,0.1635676538060589,-0.021144387910229396,-0.12413214113442105,0.09767868426891087,-0.2926714707992386,0.009312833460646508,-0.0828679161046287,0.11996150287795303,-0.00348884480874166,-0.03713145321019367,-0.10907400174047263
410,MEF2C,Mef2c,0.25250155627454735,-0.48966561357384597,-0.03270067860172674,-0.024351995442631506,0.34235388118365473,0.18698569591937206,-0.19073629812284687,0.41007772590850416,-0.26782185319877577,0.26972524413471793,0.19296239755030026,0.12608632869203587
411,TOX,Tox,-0.18255127581892633,0.028387122647458,-0.17159229386977298,-0.23296892582739603,-0.41928495280735856,-0.34374852363273384,0.4184576102564723,-0.0663727173428391,0.32145145980805145,0.18320525975676258,-0.2666951138223752,-0.0022217292680643793
412,ST8SIA1,St8sia1,-0.039956483576556116,-0.46657698063890285,0.06336278163033841,0.05934109719275079,0.15128209854441477,0.06746676025743814,0.3462600299122154,0.08042314676425384,-0.20199789325836026,0.20236939049598243,0.15466544846330232,0.023502817497382644
413,SH3GL3,Sh3gl3,-0.30619615482373447,0.19167245489154872,0.1547455357003476,-0.25616007233899507,0.2473614872397293,-0.27067868272365997,0.07778765683187713,-0.3011847881191054,0.3705442110748122,0.043033006668489075,-0.10446138523073857,-0.3384643988723491
414,FGF12,Fgf12,0.15393573671640026,-0.4523479950332822,0.12697088382133856,0.18065929505024092,0.4193290557243878,0.1688654769847057,0.3754819389358075,-0.11193361932391525,-0.069095300180064,0.2087624653610891,0.29976544870384686,0.06114749991887161
415,CPNE5,Cpne5,-0.42401005621698123,-0.0979342227571748,0.20070531387462168,-0.3368395554381815,-0.17520148041805586,-0.3354534575912773,0.3875341717897705,-0.27941498061322734,0.2418421503255738,0.047245235238374754,-0.24191448420307363,-0.17333766632597236
416,TACC1,Tacc1,-0.03694637461848232,-0.13972302892054334,-0.07256148412381389,0.04641788773724278,0.0498702764300177,-0.04221715538416534,0.17131279685907672,0.1618297673056748,-0.12830092264630383,0.2117894613605385,0.15465080993956498,0.1725552212489704
417,CYFIP2,Cyfip2,0.0136949933468645,-0.015448024680949227,-0.0006238322769285959,-0.04425557842861161,0.006315850436311451,0.21052175368127635,-0.1380449080754372,0.295308853083117,-0.07875241959600332,0.07384073848893567,0.06591685490291517,-0.10338890264991309
418,RAPGEF2,Rapgef2,-0.0895619843409923,-0.09324547151407521,-0.018150620523017757,0.026135492998137142,0.08361502763018461,0.12909522626535544,0.04686862670492031,-0.22737653771545782,-0.007864849917466247,0.049203877523814346,-0.05071590331170414,0.10507015125119927
419,NR3C2,Nr3c2,0.05672005463966212,0.22565518533438736,0.10238836319637226,0.03832165978936214,0.12354849233539802,-0.20684998874165364,-0.14966381022552874,0.00976042528942074,0.1002112631682006,0.09041043583561127,0.044646655900674216,-0.6275569378875466
420,MAP7D2,Map7d2,-0.011867740202941585,-0.1666392215392466,0.03506172130187655,-0.0753549087436854,0.10036156121422138,0.08695185935170002,0.09522479754688976,0.11307353609366415,-0.16068846132275377,0.15555374715978118,-0.0478328741543858,-0.08751768681872732
421,ANKRD26,Ankrd26,-0.04149827798312841,-0.06001068780378227,-0.07120370918886847,-0.028179488323382424,-0.12900945218822454,0.2062775735949819,0.0010986331757421015,0.014631306507747506,-0.11884913190387748,0.05259159550883404,-0.028596291684322667,-0.08073698427884445
422,HIVEP3,Hivep3,-0.11883847069252808,0.30058335368712646,-0.15994163544029363,-0.17054616399544062,0.0023735764394743606,0.14931994554342123,0.007250573004610273,-0.258037457015856,-0.034291864275952544,-0.1349222854292888,0.05579849889164369,-0.39746749863632364
423,OLFM1,Olfm1,-0.30242673287188127,0.1368718549710613,-0.02868832367360907,-0.23235586630382601,0.2193714191545728,-0.20282402086546944,-0.4280855453761975,0.1046240275731137,0.09801504442598437,0.1492716388721418,0.11461008833967427,-0.17063948212164742
424,CELF4,Celf4,-0.4431496116649557,0.5651790394543579,0.2469292747239439,-0.3074062245141039,-0.2406619124956547,-0.2332648264271201,0.09373735780495085,-0.215666269732944,0.4790164038604513,0.2280644943493679,0.04635875583364191,0.14267692721905312
425,SLC2A13,Slc2a13,-0.27111896565588595,0.11727646234412714,0.09282895127291438,-0.088837866211147,0.3232947558094388,-0.21902121216909454,-0.3750087917422625,0.2587258733976105,-0.13561174304023643,0.12589678508731553,0.23065074018718218,-0.16499560254881548
426,EEPD1,Eepd1,-0.1957745377576929,-0.0768814735291229,-0.13235165692493683,0.09016073046167844,0.15636044673265914,-0.15536206922030057,-0.3293521022845008,0.19620656188478788,-0.20374432847244864,0.3135828669281955,0.33290300556250035,-0.019738943424984577
427,LMO7,Lmo7,-0.1127682513753172,0.24790626359864137,-0.18463778097392297,0.03504787410950452,-0.1315796012466484,-0.26940300266402656,-0.08907536903534072,0.07550081827997601,0.3330207165758695,-0.02417749965272603,0.036757600379740074,0.19985372215656552
428,AHI1,Ahi1,-0.38589847002521216,0.25828415107244745,0.3621200162037974,-0.1592468504338451,0.16718580188024648,0.12319064834745999,0.17400950575387833,0.03261425621584987,0.2550396795586224,0.0039967376796348235,-0.15364137598903538,-0.13946213506300795
429,ATXN1,Atxn1,0.010312511573318382,-0.07358331825782766,-0.14543843826556704,0.04852109343896883,-0.02901747525566879,-0.007685766502791535,-0.03368954929361372,0.27972634290730747,0.13999673668143153,-0.008092601692378255,0.10439725543766495,0.23819676858575947
430,SIRPA,Sirpa,0.004192078948150129,-0.0583453468646755,-0.07513119778129948,-0.09283162255710437,0.03421791001487677,0.07550317003861408,0.21418876473108875,0.09348642135324423,-0.09346010554505159,0.24135964745737495,0.23650092655061905,0.1565542725380312
431,PLCB4,Plcb4,0.16044047091934133,0.33214204109868395,0.059566958846940195,-0.29712246597671543,-0.12066380800667409,-0.007549753140890225,0.024238748709143956,-0.03871215873547293,0.17739330498830264,-0.17431765081793243,-0.07994881249583609,-0.14011178694696763
432,NLGN1,Nlgn1,-0.15110352714528008,-0.026087560635571147,-0.1077136129794627,-0.07968269716248243,0.004108730123502594,-0.2700031313935297,-0.24992791853514512,0.17550939575387314,0.12897135882254324,-0.2089096094361953,0.05800006591202123,-0.03727758011157968
433,GABBR1,Gabbr1,-0.1890364891359294,0.20699250642471864,0.025261430763312526,-0.10498847456075905,0.0525515946944923,-0.07215639458889889,0.011086145205924554,-0.15475174858849142,0.302596523617912,0.09413388365374782,-0.16068708478746577,-0.05908144883597698
434,WWP1,Wwp1,-0.054859983224775574,-0.1800416568448826,-0.03294418935608806,0.03891060084867584,-0.15014082134777731,0.2122407237499862,-0.07234655946377538,0.25915353258003343,0.013825167879640448,0.28343043535422335,0.08505934377307284,0.061328419962924985
435,CCSER1,Ccser1,0.002901007312272595,-0.053727525508613205,0.13425858380990072,0.15433152783720508,0.21813932067653508,0.05084955900698857,0.17817251178646293,-0.015926038454346567,-0.03263936757106167,0.019264716680342034,-0.18203361850158267,0.10427046019300706
436,SPOCK1,Spock1,0.04310275693907345,-0.16870130523774018,-0.2560515508484039,-0.0535192831695022,0.11992962139304642,-0.04971191560830304,0.009685078644775191,0.22105053066016178,0.06889403289662531,0.15855051319446706,0.12184259770932247,0.442632193604835
437,NXPH1,Nxph1,-0.040474272891103974,-0.38928849474277616,-0.016962890088495632,0.11151091854532656,-0.24834917079557833,-0.07630335093716563,0.3561439736191822,0.25213750463929563,0.03490014387223785,0.11089625746982233,0.1698554736134037,0.6924650324670399
438,NIN,Nin,0.052967276378436935,0.008957161567695309,-0.07579395187875,0.2195848724160983,-0.055937216235008816,0.0574894735158743,-0.03593368517387521,0.04106124562610324,-0.04308122540197766,0.11679702773645295,-0.0628400163329922,-0.002173513007787615
439,KALRN,Kalrn,-0.08524082267780388,0.020647761450398244,-0.10675071272350109,-0.04688660782950811,-0.2281756347040654,0.06853172499198353,-0.08631815940872721,-0.11784076273811525,0.14780470429706402,-0.25719507026342925,-0.20107756285936176,0.22425456858524886
440,ADAM23,Adam23,0.1806466057976036,0.013852773438402102,-0.08381158958019146,-0.07515642308301758,0.11762754572496995,-0.040215704272881424,-0.12448112139003989,0.01690008541035709,-0.11224094147403695,0.022984458093118096,0.1321187486349434,0.08184294395751038
441,IGF1,Igf1,-0.5031919302252142,0.3481400331210035,0.34980298756705375,-0.3253695296454694,0.24827070838859652,-0.5521257752306251,0.010910268307843108,-0.10482088693044724,0.4741231127676531,0.010450567105573006,-0.2096606829505984,-0.6962315349662844
442,RORA,Rora,0.18102508475568604,-0.18830861867240908,-0.0646213984362866,0.08915383891934826,0.2483782326396005,-0.0983663877796711,-0.21192633950138529,0.5127617465022973,-0.133469258602487,0.18099221704951973,0.45862475513414364,0.2920909144933881
443,VIP,Vip,-0.3862945377181739,0.20870685052959376,0.23902854657914063,-0.24486018800076237,0.6737757210551544,-0.38505614821535095,-0.1428791049177099,-0.15376436319356468,0.28138647214622786,-0.0692595607746156,0.007116496354952116,-1.0291495565118085
444,GDA,Gda,-0.26447520318994083,0.04902774178873533,0.03914704372778547,-0.2739003521134826,-0.2413471913007796,-0.32844119524851106,0.42801839855249246,0.10275200635791569,0.5365618214781316,-0.06072175205457374,-0.2499108933836486,0.09605747512381607
445,CORO6,Coro6,0.23036037684303984,-0.5190791903401711,-0.2768728730354609,0.09167796482787874,-0.08070831877434888,-0.07278734829233499,0.31023688572870417,0.5850956893541356,-0.26467277593801736,0.32341952964435383,0.3492068780461246,0.4560480426927519
446,IGSF11,Igsf11,0.2247780581442978,-0.15258293254354338,-0.28470000137695106,0.43724718318690325,0.12736150626132212,-0.3137593294117926,-0.20034821607370495,0.6628085965884607,-0.31431504209429506,0.30113254498371633,0.3571639679860736,0.4116150660719209
447,PTCHD4,Ptchd4,-0.017724563357870964,-0.05072008069902901,0.02277791674976211,-0.16916591171355527,0.0566110659076824,0.1927038413355237,0.05525529155321895,0.38518754738118427,-0.15966400132550998,-0.2844452707928814,-0.04747248823776597,0.27443222091633324
448,PTPRG,Ptprg,-0.09714125353142768,0.05046873192728482,-0.15973167833849633,-0.12094813525739972,-0.14847354143658076,0.15831789472749547,-0.0741294185835363,0.1229219879794766,-0.027707573776765287,-0.10390257198707219,0.016189329473285365,0.2141521318410628
449,SH3KBP1,Sh3kbp1,-0.10896931069582141,-0.2955741874201122,-0.128268195290438,-0.0460012184033472,-0.007547091180644056,0.2201738750454777,0.46822600842793083,0.10875137274986854,0.16258484441451931,0.07875131222702025,-0.1858216953241669,-0.00020391997652719374
450,TTBK2,Ttbk2,-0.02332949874036838,0.013758348411502643,-0.19977483551804853,-0.06901835691548304,0.006408727177629289,0.07218752162929006,0.13067703011711235,0.22345228846148793,-0.2934863973137342,0.11519811478659582,0.04570417146557653,0.07350690364778172
451,PLD3,Pld3,-0.43582243940322285,0.160957386401842,0.25570911500113463,-0.24198037341022105,0.17980883892131247,-0.17757623119526614,0.11920815163702642,-0.12345240358254869,0.40234654932340824,0.052066464031616216,-0.15656215857057004,-0.19528763106567373
452,BAIAP2,Baiap2,-0.2976911920325418,0.01998681002512219,0.0669736163387679,-0.5560951019041814,0.2562110003884039,-0.19024210150825874,0.15261972239826943,-0.19938636439882473,0.31798017465429557,-0.014728722383381116,-0.2209331014479963,-0.35582981412756953
453,GAS7,Gas7,-0.4899326299445875,0.09034506364405273,0.17810429910472955,-0.44282320785664103,0.029150603249577387,-0.2539406579262021,-0.057038573327350635,-0.05874807726604193,0.4311445945848546,-0.030015189387022172,-0.18644361034109538,0.17801829184526244
454,BSN,Bsn,0.22074031176309752,0.16102718470879648,-0.17227505198197543,0.04762748034097438,-0.22736593462953078,0.18955581013474673,-0.0654385063254991,-0.0794245806137403,-0.02015203703125487,-0.08807649310972704,-0.017942372291772674,0.05591031666364151
455,MAML3,Maml3,-0.29746242544630574,0.40078063406692327,0.070333061112003,-0.09872239652990561,0.05616781095314522,-0.00019000439009836024,-0.08710672025718139,0.0665479350531681,0.38048705131999977,0.18351309474146318,0.1580344082961046,0.03290593427731872
456,SGK1,Sgk1,0.02445672793357073,-0.11643812044152774,-0.061156476984424515,0.15951219342997233,0.34220101470429276,0.03370717857880594,-0.10191869773187891,0.3341713151391149,-0.12131038562702055,0.3177406105545976,0.14496409599136909,-0.10878940995220772
457,USP11,Usp11,-0.2924171468711812,0.23791784850983774,-0.06038860344518564,-0.19704376724622513,0.07644235465328221,-0.15775231409556428,0.19317537904842613,-0.07194660554868558,0.13972240320542748,-0.06016678399129849,-0.1908821486842878,-0.058109461097799193
458,CALN1,Caln1,-0.0835541406455334,0.17997476495862735,-0.1117493113745408,0.004095874416496963,0.352667263375195,-0.6030222241461146,-0.34014873818464236,0.22632692129756232,-0.021505406396079542,-0.06548137141829556,0.049226070322863275,-0.026534038518587648
459,CACNA1D,Cacna1d,-0.007869022294390255,0.2115472154066111,-0.09002675368065428,0.1848335145914059,-0.006458901183824955,0.1288252170269302,-0.22776465766348947,-0.09744747869828578,-0.21380866198815654,0.06650775588237627,0.056879797284979765,-0.03797632011387689
460,EPHA4,Epha4,-0.02825351364523984,-0.08713095255283741,-0.16504255775426036,-0.15366866858576017,0.04352571377537212,-0.02166466682890175,-0.027761443574159526,0.036281579583143465,-0.1609147167840239,-0.09064131867964342,-0.0921468398859826,0.2059389922458583
461,CBLN2,Cbln2,-0.24305669007128175,0.045051639386986725,0.09212310388452113,-0.33957746551604656,0.5615974815783944,-0.3129722695073313,-0.14761541720925717,-0.13198637695636153,0.3535777554180595,-0.042789540685,-0.06808089640790542,-0.8503226419608325
462,BACH1,Bach1,-0.15212031648609933,-0.23580240234592775,0.008900749885812792,0.06793517794787664,0.18527265412080426,-0.05072364073221612,0.10580469400763216,-0.16458204567948037,-0.2208431185952492,0.21102198715373194,-0.013355720117703307,0.12518579874422672
463,HS3ST4,Hs3st4,-0.13545344989940225,0.04918340020719523,-0.024364488172434032,-0.04364454363082926,-0.025713314389100846,-0.3855677555953905,-0.1299500439941249,0.133559048285007,0.20150563399825966,0.0644454375387679,0.14551264531940922,-0.021518106261587306
464,CHRNA7,Chrna7,-0.24429507531745023,0.2554630376436329,-0.07323423477960678,-0.3789502110289682,0.14134920057014058,-0.4036314811286978,-0.15627621536519323,0.014518189883412944,0.2130747029476804,0.17060508074031486,0.011430598418430471,-0.058569573862779126
465,MARK1,Mark1,0.0206474068444978,-0.12302519454458499,-0.0734621817200408,0.2520958632303563,-0.006792668329159464,0.030561508264419314,0.016264889617316865,-0.006949048852252434,0.02544698603610779,0.16806390513558297,-0.009263038012456794,0.08456773896453387
466,CSMD2,Csmd2,-0.14239148217928443,0.2619024071906184,0.19735651820901345,0.12126717186951232,-0.4681728238575075,0.028015620871800217,-0.3241968072983414,-0.3220368028542579,-0.2146334573317984,-0.2809638116435562,0.031551142397405266,-0.17416584668371085
467,FOCAD,Focad,-0.17814341343140808,-0.024742769589496165,-0.12356710126692164,0.059378683546378395,-0.2765272527297304,0.05422983119297414,0.12167260088862158,-0.049339447639900474,0.08792441169174338,0.07939214463860557,0.12321562459009772,0.039110604253216996
468,HECW2,Hecw2,-0.20059410145991416,-0.07658783095987383,-0.12981908494688962,0.23080339711780173,-0.15828636052755043,0.06618660128665714,-0.3544810636879297,-0.20462146375731047,-0.022289747584529746,-0.03326091597564025,0.1298729048658226,0.23954875507695783
469,UNC5C,Unc5c,-0.11690312003088897,0.1461503999814578,-0.14204665643533407,0.21968961267229492,0.019712349842084663,-0.07654743929380005,-0.22627696010417736,0.1897572404079885,0.040584518294491195,0.22489449905032716,0.0967941506658058,0.19427976260688687
470,MAST3,Mast3,-0.27877294252002877,0.19735687896314158,-0.08634342310510215,-0.18283597913606833,-0.06514613277087726,-0.06669346990363388,0.16650385181687247,-0.00683306151269672,0.23242869074164543,-0.06461513486901739,-0.1613738664751503,0.013696400700690933
471,TSC22D1,Tsc22d1,-0.011681360772298697,-0.1936503484428645,-0.2581474582664127,0.03832945651079268,-0.18302247145434633,-0.18003058328831473,-0.10354486727134493,0.21537186686410872,-0.04702152834600457,0.25329209196182295,0.10197336030521671,0.13601710295221167
472,ITPK1,Itpk1,-0.31350519895965867,0.16556732923224535,0.04479391064071826,-0.3602335449092666,0.19540623566936957,-0.21765741941588934,0.29926891289394014,-0.23282918754833534,0.18344487440285978,0.06111156574567861,-0.08287247862733177,-0.21534944558847743
473,PPFIBP1,Ppfibp1,0.13268346137283585,0.14531649010150852,-0.013676422300769353,0.10235231640536285,-0.0025811765757639024,0.11676113348251964,0.23035352761074152,0.19610756709319013,-0.057118048234573685,0.3330374166910132,0.24863008100041778,0.0661979864890804
474,GRIK1,Grik1,0.08484153400573023,0.13944382894793397,0.029690283458501977,0.037603705643623676,-0.18027966993735497,0.2599763015952324,0.293681103660945,0.27768151685926545,0.2853885877564278,-0.06807700667912896,-0.049440974931095644,0.20572234250492447
475,ALCAM,Alcam,-0.05200881345967441,0.016790433010904417,0.16069062992310268,-0.0044639414434313905,0.46793680405213717,0.13243293180414686,0.049778730291233024,-0.027219728302869717,-0.11714206924356403,0.21841868510725465,0.24379589300012947,-0.26616809424315974
476,PITPNC1,Pitpnc1,-0.26033168712091403,-0.11282596295580667,0.28610302612973215,-0.4251168494565031,-0.03705051915718304,-0.1941057662906548,0.5730197207833512,-0.36990151490254475,0.10927465973088142,0.14909837094650732,-0.04977169196288048,-0.05339368446468585
477,TTLL11,Ttll11,0.03232748455211037,-0.2987686873171523,0.04844041302611932,-0.07444724404885679,0.07305287144783097,0.07030780091025313,0.22121948869551145,0.14752035931465385,0.006350889452865583,0.2111134356788803,0.17015226133197148,0.16894594881517616
478,CACNB4,Cacnb4,0.105930317242996,-0.30592744723452814,-0.1308107716008344,0.048804182406346465,-0.1373202994240569,-0.12308452586091821,0.16360583008375562,0.28808575093697786,-0.04834980786223318,0.295817069623424,-0.014743978402335411,0.10532939576612436
479,SCN3B,Scn3b,-0.3532165188877678,0.34050710014973384,0.18608568922179633,-0.4037651617706259,-0.0676186276979632,-0.2095634016460044,0.42373532605963216,-0.1314603631285122,0.636235880575825,0.10710023374069529,-0.0870823451268621,-0.10303541272241211
480,SV2A,Sv2a,0.06633901804229721,-0.052333999841601496,0.1142875930273768,0.0010067541396513767,0.04874896767735588,0.17299678738525137,-0.12622526176624035,0.21995677191083532,-0.04661213445875262,0.2293792119761008,0.05495448331048374,0.053920818475085903
481,L3MBTL4,L3mbtl4,-0.12553777864323462,0.20283118529598795,0.11171953613667118,-0.14402327049650554,-0.07889744549580825,-0.25637846269440445,0.08965890765946288,-0.10299566873173768,0.2386337737342359,0.0291599488315955,0.07189400387328675,-0.2337426164759644
482,MGAT5,Mgat5,-0.11406050576352353,-0.373403144029629,-0.18691655215463068,0.05032222615777831,-0.07707693600767211,-0.04788541723521779,-0.03064857557320017,0.129354231554558,-0.049280510251094464,0.10639813194252705,0.16173772812145715,0.08260647965136537
483,MAN1A2,Man1a2,-0.029657989917464402,-0.12525311682091297,-0.1387526381778345,0.17593850088190618,0.2261681657711636,0.04640259849302967,-0.023544115742109697,0.3189532915879658,-0.15787344603183545,0.2632065098762629,0.1708304579845879,0.3584207888077832
484,REV3L,Rev3l,-0.1894241843316733,0.3250070155946179,0.0022216532536659572,-0.079892462242913,-0.14990241963741693,0.20855084535512425,-0.16902723048435944,-0.0019702206575934653,0.23962988098384255,0.03780614505000471,-0.120327322939094,0.04444998247524989
485,NPAS1,Npas1,-0.3745416421348256,-0.09097572368920954,0.35320324003826786,-0.4597826714614875,0.25846392014833014,-0.17802336889153353,0.30259260994465625,-0.22678295275699345,0.6030788474714854,-0.20998082776041568,-0.2552410548254831,-0.3864998918324071
486,SYT7,Syt7,-0.01873791225195521,-0.16841844027017416,-0.0038642426966528282,0.04425841130625783,0.12528610191819997,-0.06007967880705519,0.1779683254437474,0.306786299139232,0.011337966414154738,0.07810701077576425,0.3948768838388925,0.26730473247523845
487,DGKZ,Dgkz,-0.009405820996125192,0.07970815401377068,0.10045056426069168,0.20825564907616728,0.1612968577983925,-0.11356887781476115,-0.11465975107785845,0.14765173071550708,-0.17397336590499057,0.3021906994707371,0.17014755419563657,-0.03524793149821941
488,MACROD2,Macrod2,-0.1424528570928027,0.10524618681421116,0.15716038821885944,-0.2863093922043507,0.12516025142812556,-0.11925762223911025,0.11118047654010875,-0.10674261896817454,0.2746384175147608,0.008674700169618453,-0.08365317337236335,-0.16691375483342613
489,CCDC30,Ccdc30,-0.028351429441879523,0.09632711385707277,-0.09357209916651847,-0.09109697592947257,0.07814727004507369,0.19219454120718155,0.339568057150336,0.0829769763444982,0.18810704266715944,0.2430004786451801,-0.10176588951995798,0.2449684408787021
490,SOBP,Sobp,-0.16843532987603402,0.1652525639566766,0.1781172750724475,-0.18115301719469698,0.28294669505351994,-0.04259726263184533,-0.2168559182166968,0.08893648878948258,0.12359592793247033,0.07547063546833357,0.04695757013682216,-0.34763281801599893
491,KIF1A,Kif1a,0.05457993881152065,-0.04446292522988698,0.18147127026569881,-0.08185209902186692,-0.16542344722430016,0.11683261371481093,-0.20535395379440644,-0.005464004852386063,-0.18572883743395885,-0.002352847703954794,0.09057584860068779,0.11726439769656569
492,TMEM132B,Tmem132b,-0.002001730684389342,0.2559923360903072,-0.12627251851030102,-0.17740552908156906,0.0234408899671277,0.12340755525918125,0.10193104003045975,-0.12376634051960371,0.14551274132411487,-0.23508055728434268,-0.1912462321246656,0.2393435731173251
493,DCLK2,Dclk2,-0.057913307866465626,-0.1377147272595838,-0.17709628552710255,0.19734214288344495,0.146120095955429,0.12817064525624872,0.18621264231992485,0.08703883064038297,-0.07571125009203358,0.3452104383010077,0.06010570602144788,-0.13746361457904496
494,DGKD,Dgkd,0.027632799835425177,0.17657678979532881,-0.16563574302519768,-0.0053600042229579705,0.13567422616171457,0.07913289947930567,-0.07065992348142125,0.13976151742705795,-0.15287746088890017,0.05723056847526921,0.05585277439584548,-0.0357450050765779
495,NGEF,Ngef,-0.181183469896305,0.48754976320877036,-0.15278383333639162,-0.21191170463834025,0.04685656008542095,-0.15254447417212216,0.11139776974466387,0.12982902070422125,0.21484479001182705,-0.01952956440893365,0.08319095352982345,-0.18652278865217783
496,DAAM1,Daam1,-0.15488505572001196,-0.13790952881448965,0.1468445513265864,-0.19505116268973338,-0.1389336571798193,0.11045875556187026,0.045013125504382655,-0.028301611705686916,0.07503091859640758,0.020553744575861444,0.02934046965064328,0.1689709356818934
497,PTK2B,Ptk2b,-0.1634945596080627,-0.05961083313168016,-0.2061241212441132,-0.22973536216961565,-0.06465369518108337,-0.28003053287088975,-0.00448966505030144,-0.05994262721157855,0.35851973602394716,-0.206329218814408,-0.17084951063039291,-0.21375406016230622
498,LDHB,Ldhb,-0.04459011695668548,-0.3007864948620105,-0.18944090549097936,-0.031068172998100173,0.16443118967657658,-0.05424670527261549,0.01525101974477004,0.24197265429502998,-0.3014844622219821,0.36514041244652895,0.3242210846511164,0.016414873890026407
499,TMEFF2,Tmeff2,-0.07908859515093467,-0.23139683405602585,0.028084810858737118,-0.19035604710371362,-0.051822869041199024,-0.23108184300256002,0.5824084292267936,-0.15257220514504308,0.2023679830763389,0.046644309727666824,-0.28214175029127564,-0.11729938645697968
500,ASTN1,Astn1,0.022706983372414332,0.19380050580865552,0.10064702180453966,-0.10502762013612213,-0.3292185745090224,0.256580521114788,-0.10572012833595205,0.03324786860863549,-0.0054421289447575015,-0.12783176402343893,0.12149953858154071,0.20092554838508925
