rank,gene,mouse_gene,entrez_id,ortholog_method,cbef_discovery_score,bioelectric_evidence_score,cancer_evidence_score,cross_domain_synergy,best_electrical_feature,best_rho,best_feature_q,best_abs_rho,sig_trait_count,mean_abs_rho,matched_neuron_n,mean_mutation_percent,median_mutation_percent,max_mutation_percent,cancer_cohort_breadth,cancer_cohort_gt1pct
1,SLIT2,Slit2,9353,homologene,0.9500328143287893,0.9884332281808623,0.9035226077812828,0.945024744619761,upstroke_downstroke_ratio_long_square,-0.6356815626731748,0.0,0.6356815626731748,18,0.30625426815491735,3654,5.239031014763667,1.7196009174957432,20.0,10,8
2,FAM135B,Fam135b,51059,homologene,0.9451549272108742,0.9642481598317559,0.9219242902208201,0.9428487685464851,upstroke_downstroke_ratio_long_square,-0.6751511972515856,0.0,0.6751511972515856,17,0.22559075381710458,3654,7.409203094068767,2.3526709892434066,27.727272727272727,10,9
3,DSCAM,Dscam,1826,homologene,0.9418259591294218,0.9555730809674027,0.9250788643533122,0.940202350852156,threshold_i_long_square,-0.5457330737790306,4.271425691849813e-280,0.5457330737790306,17,0.29720153024506824,3654,7.597166981540914,2.2570686947883396,34.31818181818182,10,8
4,CACNA2D3,Cacna2d3,55799,homologene,0.9397637387119522,0.9886961093585699,0.880651945320715,0.9331115431917274,tau,0.6363976095010417,0.0,0.6363976095010417,18,0.30597087104284365,3654,4.292457109716592,1.3143267241743242,18.636363636363637,10,6
5,EGFR,Egfr,1956,homologene,0.9383631780015992,0.9566246056782334,0.9161409043112513,0.9361639446872811,upstroke_downstroke_ratio_long_square,0.560686310138353,1.0993664888902867e-299,0.560686310138353,17,0.15234962192184134,3654,6.430149894313031,4.8091636427228615,23.67758186397985,10,8
6,NRXN1,Nrxn1,9378,homologene,0.9291151615264198,0.9500525762355415,0.9036540483701367,0.926562926454391,upstroke_downstroke_ratio_long_square,0.4229587494934733,3.6386239031488266e-157,0.4229587494934733,18,0.22031437703429368,3654,6.1353800081093475,1.5936563331128717,18.181818181818183,10,8
7,KCNT2,Kcnt2,343450,homologene,0.927393840059703,0.9482124079915878,0.9020767613038907,0.9248569500356338,upstroke_downstroke_ratio_long_square,0.5099500991012749,2.049632802440964e-239,0.5099500991012749,17,0.20334071008846374,3654,5.241482557237008,1.5721158408830422,19.318181818181817,10,8
8,GRIN3A,Grin3a,116443,homologene,0.9263155488466269,0.9789695057833859,0.862776025236593,0.9190383120564788,tau,0.5391915491858842,1.530606887118145e-272,0.5391915491858842,18,0.19538501555059526,3654,3.909145039749517,0.7530682747245996,16.136363636363637,10,4
9,CNTNAP4,Cntnap4,85445,homologene,0.9260851487700069,0.9763406940063092,0.8654048370136698,0.9192007175619171,upstroke_downstroke_ratio_long_square,-0.5239542074449237,5.104145102287967e-255,0.5239542074449237,18,0.2064808308813483,3654,4.495815199288474,1.3417671643471287,14.090909090909092,10,6
10,CSMD3,Csmd3,114788,homologene,0.9185859016896549,0.9087802313354363,0.9305993690851735,0.9196250920444891,upstroke_downstroke_ratio_long_square,0.4946869194149865,3.46313796791945e-223,0.4946869194149865,16,0.1641408382950338,3654,14.06046167362079,5.696677057960461,39.92932862190813,10,10
11,KCNH7,Kcnh7,90134,homologene,0.917885994012611,0.9471608832807571,0.8823606729758149,0.914186804973675,tau,-0.5085774135612029,1.2907862782762213e-237,0.5085774135612029,17,0.24145263104768575,3654,4.477263709549126,1.6160881563928315,18.181818181818183,10,8
12,TMEM132D,Tmem132d,121256,homologene,0.9128335644033384,0.9434805467928497,0.8756572029442692,0.908936486580309,upstroke_downstroke_ratio_long_square,-0.4917811216760004,3.2733174702351134e-220,0.4917811216760004,17,0.25221351802611736,3654,4.9381198202250225,2.6286534483486483,14.318181818181818,10,8
13,ITPR1,Itpr1,3708,homologene,0.9111414896170895,0.9458464773922186,0.8690851735015772,0.9066538203251956,threshold_i_long_square,0.5042362228760511,8.489756594029407e-233,0.5042362228760511,17,0.2693285281945354,3654,4.599317224530113,1.7291708155586067,14.318181818181818,10,7
14,GRID2,Grid2,2895,homologene,0.9080095343609779,0.9313880126182966,0.8796004206098843,0.905123907346424,tau,0.4401766540553953,2.520702845406135e-171,0.4401766540553953,17,0.20917677077657532,3654,4.56502941334332,1.7739788485121637,16.363636363636363,10,7
15,CACNA1E,Cacna1e,777,homologene,0.905883725390042,0.8924815983175605,0.9223186119873817,0.9072774597577813,tau,0.3791715830442334,6.441326196173042e-124,0.3791715830442334,17,0.18654102804346634,3654,8.295324861511812,3.253678285770712,25.454545454545453,10,9
16,LRRC4C,Lrrc4c,57689,homologene,0.9058307827826418,0.9574132492113564,0.8435856992639327,0.898699129475775,tau,-0.4414997810805423,1.8607243126940732e-172,0.4414997810805423,18,0.1847691868082393,3654,3.617567501323756,1.3143267241743242,14.090909090909092,10,6
17,CHL1,Chl1,10752,homologene,0.9030633051770062,0.923764458464774,0.8778916929547845,0.900536031668417,tau,0.3858786782795187,1.1871064820589616e-128,0.3858786782795187,18,0.17646821725304648,3654,4.6762623286331975,1.6921604773229388,15.227272727272727,10,6
18,TRHDE,Trhde,29953,homologene,0.9015871333234416,0.9145636172450052,0.8857781282860148,0.900055803315421,tau,0.5181855805548544,3.615332265960773e-248,0.5181855805548544,16,0.18239529484821493,3654,4.481744450257092,1.869201941389691,18.863636363636363,10,7
19,SORCS1,Sorcs1,114815,homologene,0.8988663877291103,0.9390115667718192,0.8502891692954785,0.8935498671418712,upstroke_downstroke_ratio_long_square,0.4721046811008995,1.109413892670926e-200,0.4721046811008995,17,0.23730324592276603,3654,4.484185356107863,1.4789326603757518,12.190812720848056,10,9
20,DOCK4,Dock4,9732,homologene,0.8983346044509796,0.942429022082019,0.845031545741325,0.8924025175230367,upstroke_downstroke_ratio_long_square,-0.4890809225511095,1.7944087325016986e-217,0.4890809225511095,17,0.20694114126267898,3654,4.350493777160885,1.8959029125517024,11.818181818181818,10,10
21,SCN1A,Scn1a,6323,homologene,0.8945604859529266,0.8832807570977917,0.9083859095688749,0.8957453845490704,upstroke_downstroke_ratio_long_square,-0.3677991698256233,2.6591664203626435e-116,0.3677991698256233,17,0.22210417594400442,3654,5.8062097347082595,2.2645459692149927,20.227272727272727,10,9
22,HCN1,Hcn1,348980,homologene,0.8940056411988171,0.9079915878023134,0.8769716088328076,0.8923468179814674,tau,-0.3934702290390164,3.952314202787429e-134,0.3934702290390164,17,0.21979552710637992,3654,4.960401963207909,2.8805426171143913,14.318181818181818,10,7
23,CACNA1A,Cacna1a,773,homologene,0.8907575657102733,0.9050998948475288,0.8732912723449001,0.8890533385408514,upstroke_downstroke_ratio_long_square,-0.3907205556438083,2.5041355547275202e-132,0.3907205556438083,17,0.1624573944335482,3654,4.905901129269749,2.462342023037821,14.090909090909092,10,9
24,ERBB4,Erbb4,2066,homologene,0.8878381497904082,0.8827549947423764,0.8940588853838065,0.8883889613600323,tau,-0.5556159695656971,7.341836954543195e-293,0.5556159695656971,15,0.220328382494129,3654,5.124047212465801,1.402936891423061,17.5,10,7
25,EYA4,Eya4,2070,homologene,0.8820965160378115,0.9492639327024185,0.8013932702418507,0.8722005086853775,upstroke_downstroke_ratio_long_square,-0.5109291227027801,1.8913014846678044e-240,0.5109291227027801,17,0.21354737972541307,3654,2.8970929901929643,0.5312187777042905,12.045454545454545,10,4
26,CEMIP,Cemip,57214,homologene,0.8815205365530383,0.9539957939011567,0.7945583596214512,0.8706350171500495,ri,-0.5405973719193492,6.105389000580452e-274,0.5405973719193492,17,0.3159813356792425,3654,2.943965760149929,1.4677117487300002,11.136363636363637,10,6
27,COL19A1,Col19a1,1310,homologene,0.8790545839058892,0.880651945320715,0.8771030494216614,0.8788757060699296,upstroke_downstroke_ratio_long_square,-0.365568778749281,8.178289668326696e-115,0.365568778749281,17,0.16311310573717902,3654,4.651441811075943,1.4196851043374386,15.227272727272727,10,6
28,GRM7,Grm7,2917,homologene,0.8749152121195487,0.8843322818086224,0.8634332281808623,0.8738202772118343,tau,0.4164116337244279,1.2379892664144936e-151,0.4164116337244279,16,0.18498966276839546,3654,4.243781171605869,0.7956071313058053,14.772727272727273,10,5
29,ATRNL1,Atrnl1,26033,homologene,0.874150708701147,0.9129863301787592,0.8271556256572029,0.8690119557034214,tau,-0.4046931435926444,1.5348686786637769e-142,0.4046931435926444,17,0.21403541057922465,3654,4.003767811433411,2.2645459692149927,10.909090909090908,10,7
30,ANK1,Ank1,286,homologene,0.8735196577679943,0.8633017875920084,0.8860410094637223,0.8745975001964384,upstroke_downstroke_ratio_long_square,-0.46270662041925,8.802163319266859e-192,0.46270662041925,15,0.14962126692544991,3654,5.140284754596044,2.402517001337423,15.227272727272727,10,9
31,DCC,Dcc,1630,homologene,0.8732322773302917,0.8372765509989484,0.9175867507886436,0.8765123330236986,threshold_i_long_square,-0.3155695684316359,5.5216418587310435e-84,0.3155695684316359,17,0.15568424333053624,3654,6.357035656529808,1.993921909541446,26.59090909090909,10,8
32,TSHZ3,Tshz3,57616,homologene,0.8731696476971942,0.8780231335436383,0.8672450052576236,0.8726174288119437,upstroke_downstroke_ratio_long_square,-0.5270099820807524,1.6193759918510928e-258,0.5270099820807524,15,0.14915099810152127,3654,4.755164298107287,1.6822665003616089,13.346228239845262,10,7
33,ADCY2,Adcy2,108,homologene,0.8701268242838991,0.9476866456361724,0.7772082018927445,0.8582248154258044,tau,0.5098368369446821,5.94796809213841e-239,0.5098368369446821,17,0.2653928348236094,3654,3.203360912942606,1.3338566976992838,9.090909090909092,10,5
34,RGS12,Rgs12,6002,homologene,0.8700358283499658,0.9511041009463722,0.7730021030494217,0.8574412342840034,upstroke_downstroke_ratio_long_square,0.4258406421046355,1.614635001884037e-159,0.4258406421046355,18,0.17267055175144197,3654,2.776261626701783,1.5662158929400674,10.058027079303676,10,6
35,LAMA4,Lama4,3910,homologene,0.8684965478238351,0.9140378548895899,0.8134858044164037,0.862297407888892,tau,0.4059399384169953,1.7245572415574654e-143,0.4059399384169953,17,0.15299113064107053,3654,3.9380432913117263,1.3801919650663277,9.864603481624759,10,9
36,FSTL5,Fstl5,56884,homologene,0.8675209405637846,0.8827549947423764,0.84897476340694,0.8657001286864312,threshold_i_long_square,-0.3681660644582873,4.9718388800950033e-116,0.3681660644582873,17,0.181781427680427,3654,4.28510829094862,1.61619894354716,12.5,10,8
37,RELN,Reln,5649,homologene,0.8672795827703921,0.8215036803364879,0.9238958990536278,0.8711968097510134,tau,0.335003159996817,2.543349994077101e-95,0.335003159996817,16,0.1473186287260617,3654,8.36220648328288,4.474198950227263,26.818181818181817,10,10
38,NRXN3,Nrxn3,9369,same-symbol,0.8665804108381358,0.8803890641430074,0.8497634069400631,0.8649406977238011,tau,0.408175686604708,3.459112159235447e-145,0.408175686604708,16,0.17114644666227813,3654,4.295978846223398,1.6477054260059258,12.5,10,9
39,UNC13C,Unc13c,440279,homologene,0.8633911664754151,0.8154574132492113,0.9227129337539433,0.8674290184969496,tau,0.3270461189444824,1.2057812245712134e-90,0.3270461189444824,16,0.12357229926242679,3654,7.248389708966174,2.2729310981887583,29.09090909090909,10,9
40,SORCS3,Sorcs3,22986,homologene,0.8632195582178985,0.8548895899053628,0.873422712933754,0.8641064661683573,upstroke_downstroke_ratio_long_square,0.6234767024613235,0.0,0.6234767024613235,14,0.21231924324305204,3654,4.250167215919356,1.2278752790625633,16.818181818181817,10,7
41,TRPM3,Trpm3,80036,homologene,0.8569552725859987,0.8680336487907466,0.843454258675079,0.8556557004694254,tau,0.3515538127974993,1.7354624628218714e-105,0.3515538127974993,17,0.19630401996155028,3654,3.8982648953024857,1.664217087820946,12.76595744680851,10,8
42,GALNT14,Galnt14,79623,homologene,0.8555048573354191,0.9390115667718192,0.755651945320715,0.8423573571292516,threshold_i_long_square,-0.4725215963453826,1.3976403519128333e-200,0.4725215963453826,17,0.27064004285878096,3654,2.655030917443183,1.185255815376457,9.545454545454545,10,5
43,KIT,Kit,3815,homologene,0.8541785862935471,0.926919032597266,0.7669558359621451,0.8431523951901334,upstroke_downstroke_ratio_long_square,0.6334340322713206,0.0,0.6334340322713206,16,0.1715322082123798,3654,2.886956494920489,1.5507205098307981,9.284332688588007,10,7
44,CNTN5,Cntn5,53942,homologene,0.8541030007485484,0.8117770767613038,0.9064143007360673,0.8577915547416901,tau,-0.3693182687439181,3.848321369957541e-117,0.3693182687439181,15,0.1387124213584181,3654,5.229819871271356,1.2033366886447592,22.954545454545453,10,7
45,HDAC9,Hdac9,9734,homologene,0.8526849466025397,0.840168243953733,0.8680336487907466,0.8539872987329923,upstroke_downstroke_ratio_long_square,0.4054545649405004,2.4501549771841293e-143,0.4054545649405004,15,0.1321205131592063,3654,4.165298352952372,1.4677117487300002,16.136363636363637,10,6
46,PDZRN4,Pdzrn4,29951,homologene,0.8524961351715461,0.9095688748685594,0.7837802313354364,0.844335302566458,upstroke_downstroke_ratio_long_square,0.3685272243220832,8.642736187657936e-117,0.3685272243220832,18,0.19211037264985004,3654,3.1569831638107333,1.3160002990909772,9.545454545454545,10,5
47,RUNX1T1,Runx1t1,862,homologene,0.851163342247719,0.8646161934805466,0.8347791798107256,0.8495667112385951,tau,0.3866203254635166,3.676704954932276e-129,0.3866203254635166,16,0.131899675293726,3654,3.6684190700481523,1.0197258046984654,12.5,10,6
48,RYR3,Ryr3,6263,homologene,0.8501683256872282,0.7894321766561513,0.9256046267087276,0.8548111342195276,f_i_curve_slope,-0.2781210245095473,1.7316541796007182e-64,0.2781210245095473,17,0.14999059430618664,3654,9.882782742741975,4.456736971942476,28.181818181818183,10,10
49,SCN8A,Scn8a,6334,homologene,0.8491739978894353,0.8711882229232387,0.8224237644584648,0.8464549000675761,upstroke_downstroke_ratio_long_square,-0.3206763385294896,3.259429062514536e-87,0.3206763385294896,18,0.146624363878066,3654,3.6836476611838336,1.7116904508478985,11.136363636363637,10,8
50,KCND3,Kcnd3,3752,homologene,0.8489313713934779,0.9468980021030494,0.732255520504732,0.8326891913522472,upstroke_downstroke_ratio_long_square,0.4177341072160913,5.842693464109752e-153,0.4177341072160913,18,0.23402456218190382,3654,2.5198843213385245,0.9817898098068207,8.636363636363637,10,5
51,CACNA2D1,Cacna2d1,781,homologene,0.8478177642373189,0.8882754994742377,0.7988958990536278,0.842401124025711,upstroke_downstroke_ratio_long_square,0.6150191178448696,0.0,0.6150191178448696,15,0.15863152802301295,3654,3.5292907844991404,1.5159104372661114,9.772727272727273,10,5
52,DGKI,Dgki,9162,homologene,0.8474495343490098,0.9610935856992638,0.7126708727655101,0.8276130765820632,upstroke_downstroke_ratio_long_square,-0.4514742948172269,1.6852337007987698e-181,0.4514742948172269,18,0.17267642244746795,3654,3.580456554117737,1.7246058851469024,11.136363636363637,9,7
53,PPARGC1A,Ppargc1a,10891,homologene,0.8445336241223301,0.9518927444794953,0.7170084121976866,0.8261447241868347,upstroke_downstroke_ratio_long_square,-0.5307439860290708,7.607724822344536e-263,0.5307439860290708,17,0.20292685212767517,3654,2.591985763952086,0.9817898098068207,7.7272727272727275,10,5
54,NTRK3,Ntrk3,4916,homologene,0.8437025267048222,0.8661934805467929,0.8163774973711883,0.8409166818942467,avg_isi,-0.3895615470689569,2.201837007185899e-130,0.3895615470689569,16,0.16669574308974486,3654,3.565658243853008,1.1883821397914525,11.136363636363637,10,6
55,TRPS1,Trps1,7227,homologene,0.8429668439183251,0.8456887486855941,0.8396424815983176,0.8426601922519825,tau,-0.3663503788247894,3.7790159721732923e-115,0.3663503788247894,16,0.20861314071321027,3654,4.492527340205171,1.6353621851646105,11.04868913857678,10,8
56,NETO1,Neto1,81832,homologene,0.8426912315615354,0.8824921135646688,0.7945583596214512,0.8373717729496324,tau,0.4120113680614053,3.745067689689442e-148,0.4120113680614053,16,0.14675371927727113,3654,3.2664981688229986,1.5811704417933738,10.0,10,6
57,LINGO2,Lingo2,158038,homologene,0.8425477296586066,0.9558359621451104,0.7082018927444795,0.8227544211636956,upstroke_downstroke_ratio_long_square,0.4365573843691633,1.881718708568087e-168,0.4365573843691633,18,0.20422301655646566,3654,2.7208889260575067,1.488899540072813,7.156673114119923,10,7
58,ALK,Alk,238,homologene,0.8417995592092657,0.8243953732912722,0.8631703470031545,0.8435600988854455,threshold_i_long_square,0.302434836548171,6.110862464121597e-77,0.302434836548171,17,0.1711968732512063,3654,4.234047707779475,1.5188747269146465,14.772727272727273,10,7
59,PTPRM,Ptprm,5797,homologene,0.8415295782212189,0.9066771819137749,0.7632754994742377,0.8318921077201844,threshold_i_short_square,0.3934210891378464,6.445808005356438e-133,0.3934210891378464,17,0.19418853723780516,3654,2.9888183465213087,1.142316805425733,8.704061895551257,10,7
60,NELL1,Nell1,4745,homologene,0.8412988184302811,0.8672450052576236,0.8098054679284963,0.8380332614468838,tau,0.3897490783749138,2.095691616136636e-131,0.3897490783749138,16,0.15941342697203653,3654,3.691986625590019,1.1883821397914525,10.0,10,6
61,THSD7B,Thsd7b,80731,homologene,0.8409748662843265,0.7733964248159833,0.9250788643533122,0.8458443629673733,tau,0.3228465684758301,3.1379150227769283e-88,0.3228465684758301,15,0.12085853519182595,3654,7.508581852497895,2.376764279582905,35.68181818181818,10,9
62,TENM2,Tenm2,57451,homologene,0.840951247889634,0.7939011566771819,0.8991850683491062,0.844904767313575,upstroke_downstroke_ratio_long_square,-0.4328091858122943,2.727634704503614e-165,0.4328091858122943,13,0.10944595251978344,3654,5.9943953858633865,1.9897115429456986,16.818181818181817,10,10
63,TENM4,Tenm4,26011,homologene,0.8404281434931273,0.7960042060988434,0.895373291272345,0.844227994016635,upstroke_downstroke_ratio_long_square,-0.3524073938617346,2.85162280503643e-106,0.3524073938617346,15,0.13103372479395356,3654,5.44721823413495,1.7727940794230652,17.045454545454547,10,8
64,COL11A1,Col11a1,1301,homologene,0.8397484296505179,0.7723449001051524,0.9236330178759201,0.8446083417331361,upstroke_downstroke_ratio_long_square,-0.3928135024507043,7.547662124314575e-134,0.3928135024507043,13,0.11027980048153159,3654,8.531005833090493,2.9522530403077853,26.59090909090909,10,9
65,CHRM3,Chrm3,1131,homologene,0.8378800524741901,0.9019453207150367,0.7609095688748685,0.8284315452310973,tau,0.3888888500833277,8.689735910849011e-131,0.3888888500833277,17,0.1615995119442996,3654,2.8538471334192996,1.2640212685003684,9.090909090909092,10,5
66,SCN3A,Scn3a,6328,homologene,0.8372941776540479,0.7878548895899055,0.8985278654048371,0.8413736222344871,tau,0.3012457678684675,2.0296235476830002e-76,0.3012457678684675,16,0.1568508997098401,3654,5.571846118447005,2.220044213051038,17.5,10,9
67,LRRC7,Lrrc7,57554,same-symbol,0.8347605938294723,0.7923238696109358,0.887223974763407,0.8384323066867938,tau,0.3488487153808522,8.640530906387607e-104,0.3488487153808522,15,0.12751102465612313,3654,5.689898501787229,2.1689436747599258,14.664310954063604,10,8
68,KCNQ3,Kcnq3,3786,homologene,0.8334180014828735,0.8112513144058885,0.8606729758149316,0.835596842324988,upstroke_downstroke_ratio_long_square,-0.4122669449519742,1.2533341755718165e-148,0.4122669449519742,14,0.11532770150116343,3654,3.793188555308041,1.3579047858975464,16.136363636363637,10,6
69,RIMBP2,Rimbp2,23504,homologene,0.8333078804654918,0.8220294426919033,0.8471345951629864,0.83448761473545,threshold_i_long_square,0.2987958710572863,4.756350787216264e-75,0.2987958710572863,17,0.16725290307805885,3654,4.19644311992951,1.8839703025978136,12.5,10,9
70,DOCK10,Dock10,55619,homologene,0.8323811053830137,0.812565720294427,0.8567297581493164,0.8343555794913039,upstroke_downstroke_ratio_long_square,0.4161167596500858,1.1363329511170398e-151,0.4161167596500858,14,0.1509100915067356,3654,4.397372210400485,1.7727940794230652,13.152804642166345,10,9
71,GRIA4,Gria4,2893,homologene,0.8308293477154725,0.8730283911671924,0.7798370136698213,0.8251180845289915,upstroke_downstroke_ratio_long_square,-0.3576177358003788,1.3376156804366466e-109,0.3576177358003788,17,0.17773067061109782,3654,3.1343680937556413,1.1851635283524478,9.318181818181818,10,6
72,KCNQ5,Kcnq5,56479,homologene,0.8300810966901132,0.8170347003154573,0.8460830704521557,0.8314320344495147,upstroke_downstroke_ratio_long_square,0.375715807714207,1.0761984405423209e-121,0.375715807714207,15,0.11547680147269244,3654,3.5662511020320897,1.3292812730276307,14.772727272727273,10,7
73,CDH4,Cdh4,1002,homologene,0.8292496219086435,0.8333333333333334,0.8242639327024185,0.8287862273139852,tau,0.4784248213234987,1.6789293728117666e-206,0.4784248213234987,14,0.16960212391100093,3654,3.4837741068261527,1.062437555408581,12.272727272727273,10,6
74,SLIT3,Slit3,6586,homologene,0.8286645030012523,0.7760252365930599,0.8939274447949527,0.832892704280709,upstroke_downstroke_ratio_long_square,-0.2685615914953559,1.2138594035057628e-60,0.2685615914953559,17,0.12099301347056146,3654,4.784249285878311,2.5737725680030397,19.09090909090909,10,7
75,TRPC3,Trpc3,7222,homologene,0.8279987309892163,0.8985278654048369,0.743427970557308,0.8173070093099091,tau,-0.4481945265150885,2.582623305144525e-178,0.4481945265150885,16,0.19363466331852913,3654,2.820476672881626,0.8045480145932509,8.409090909090908,10,4
76,CAMTA1,Camta1,23261,homologene,0.8274281386703639,0.8322818086225027,0.8215036803364879,0.8268751833623346,upstroke_downstroke_ratio_long_square,-0.3512818438538124,1.4656178526112095e-105,0.3512818438538124,16,0.11088357844605348,3654,3.840203919092841,1.8679773251585745,10.831721470019342,10,7
77,PCDH11X,Pcdh11x,27328,homologene,0.8271584340509309,0.7797055730809674,0.8859095688748685,0.831112885291458,tau,0.2708873968836726,1.7493211442041658e-61,0.2708873968836726,17,0.10446847320179858,3654,5.2179085830739735,2.2233792550272296,15.19434628975265,10,8
78,TLL1,Tll1,7092,homologene,0.8262566289860427,0.8459516298633017,0.8023133543638276,0.8238436076010863,threshold_i_long_square,0.2975145504445494,2.131810717900048e-74,0.2975145504445494,18,0.1801434465805315,3654,5.165484988056524,1.6115127317211784,24.318181818181817,9,5
79,GRIK3,Grik3,2899,homologene,0.8257305780931637,0.8485804416403786,0.7979758149316508,0.8228892206445781,tau,0.4198855817488403,2.1135290527513642e-154,0.4198855817488403,15,0.1490170238070735,3654,3.4093703678207645,1.5662158929400674,10.0,10,7
80,RBFOX1,Rbfox1,54715,homologene,0.8249856772447764,0.8706624605678233,0.7698475289169296,0.8187046743416532,upstroke_downstroke_ratio_long_square,-0.4934190950003886,6.902948937070993e-222,0.4934190950003886,15,0.15824139981520313,3654,2.892895664829738,1.7246058851469024,9.318181818181818,10,6
81,NEBL,Nebl,10529,same-symbol,0.824709456149046,0.7823343848580442,0.8771030494216614,0.8283645783267234,upstroke_downstroke_ratio_long_square,-0.3753636327074886,1.8691703217658224e-121,0.3753636327074886,14,0.12119321958657506,3654,4.103909154724795,1.1322729846074964,18.863636363636363,10,7
82,BMPER,Bmper,168667,homologene,0.8245524564943184,0.8362250262881177,0.8103312302839116,0.8231763203264819,threshold_i_long_square,-0.314654463526209,1.728743763853135e-83,0.314654463526209,17,0.15462641752603032,3654,3.052809988985043,0.7905852208966869,12.272727272727273,10,5
83,IL1RAPL1,Il1rapl1,11141,homologene,0.8245352770357676,0.887223974763407,0.7492113564668769,0.8153025681441377,ri,-0.3725251503151451,6.143280605106605e-119,0.3725251503151451,17,0.20330533136998827,3654,2.852423887789123,0.9817898098068207,8.51063829787234,10,5
84,ARHGAP5,Arhgap5,394,homologene,0.8235248099822756,0.8556782334384857,0.7845688748685594,0.8193524936548062,upstroke_downstroke_ratio_long_square,-0.3308850182058077,4.290507439311416e-93,0.3308850182058077,17,0.15760870397739338,3654,2.977179170255099,1.3539362939826218,10.058027079303676,10,6
85,KCNMA1,Kcnma1,3778,homologene,0.8225133975375496,0.8753943217665615,0.7588065194532071,0.815018354669872,upstroke_downstroke_ratio_long_square,-0.5107688611986677,2.7120144586980223e-240,0.5107688611986677,15,0.15782160519061922,3654,2.715160188755653,0.9001503090483177,9.477756286266924,10,4
86,ARPP21,Arpp21,10777,homologene,0.8215111183704181,0.9061514195583596,0.7204258675078865,0.8079696297069798,upstroke_downstroke_ratio_long_square,0.4886513573492591,4.766294734678931e-217,0.4886513573492591,16,0.14652732145135394,3654,3.3927305789318596,0.8269971363681248,12.727272727272727,9,4
87,BRINP3,Brinp3,339479,homologene,0.820631489590231,0.7573606729758149,0.89931650893796,0.8252920431141414,adaptation,0.311099410853459,2.893808499476705e-81,0.311099410853459,15,0.1494836825599987,3654,5.34268345066291,1.9777390858497923,18.40909090909091,10,8
88,MCC,Mcc,4163,homologene,0.8199307586061498,0.8877497371188222,0.7385646687697162,0.8097287141663962,tau,0.3729729044050329,1.2596352455259898e-119,0.3729729044050329,17,0.1315932073013457,3654,2.5661340390019682,0.8861875153517538,8.704061895551257,10,5
89,SOX6,Sox6,55553,homologene,0.8192739591891747,0.9253417455310199,0.6933491062039958,0.8009899326440864,upstroke_downstroke_ratio_long_square,-0.6047096899960531,0.0,0.6047096899960531,16,0.16304657204232909,3654,2.3293360851342495,0.9807980546500781,7.350096711798839,10,5
90,LRFN2,Lrfn2,57497,homologene,0.8182061265617557,0.8388538380651945,0.793112513144059,0.8156625991599872,upstroke_downstroke_ratio_long_square,0.316623048416241,5.922483011379934e-85,0.316623048416241,17,0.17688349841738446,3654,3.091898505404674,1.1729943987169547,10.454545454545455,10,6
91,FRAS1,Fras1,80144,homologene,0.8174258187411256,0.7368559411146162,0.918112513144059,0.8225063281956382,tau,-0.2411253833646492,1.306086639342455e-48,0.2411253833646492,17,0.13878950940613186,3654,6.800803371126439,3.1877212300508977,24.318181818181817,10,9
92,PDZD2,Pdzd2,23037,homologene,0.8166102991960407,0.7552576235541535,0.892875920084122,0.8211889828361448,tau,0.2535660658302833,8.844962019792198e-54,0.2535660658302833,17,0.1388382319186564,3654,4.972426805128485,2.1286308244756222,17.954545454545453,10,9
93,PDE1C,Pde1c,5137,homologene,0.8159958639420577,0.7818086225026288,0.8581756046267087,0.8191026109826337,ri,0.2724476622441845,4.190614522915333e-62,0.2724476622441845,17,0.11877481459572266,3654,3.780327542452885,1.4552258574105021,15.681818181818182,10,6
94,KCNT1,Kcnt1,57582,homologene,0.8148493634776637,0.8604100946372238,0.7598580441640378,0.8085725271674988,upstroke_downstroke_ratio_long_square,-0.3380732979659431,2.2007435341235523e-97,0.3380732979659431,17,0.1523468951761548,3654,2.845952686803666,1.1883821397914525,9.090909090909092,10,7
95,ARAP2,Arap2,116984,homologene,0.8141495494101807,0.8661934805467929,0.7514458464773922,0.8067821844851827,upstroke_downstroke_ratio_long_square,-0.3498550387899178,1.152244768683704e-104,0.3498550387899178,17,0.1710114661974752,3654,4.040746767859314,1.0121320997346253,14.318181818181818,9,5
96,DOCK9,Dock9,23348,homologene,0.8133331566710303,0.8101997896950578,0.8171661409043112,0.8136755099587273,upstroke_downstroke_ratio_long_square,-0.2905090136647819,3.906682296269805e-71,0.2905090136647819,17,0.14257721572612544,3654,3.6268879974292303,1.447744924376618,10.909090909090908,10,6
97,SOX5,Sox5,6660,homologene,0.8130405701328594,0.9860672975814931,0.6114616193480548,0.7764935972468414,tau,-0.5865135274148124,0.0,0.5865135274148124,18,0.2844643910936121,3654,2.0794702569297887,1.7940117713663115,5.222437137330754,10,6
98,PROX1,Prox1,5629,homologene,0.8130007651523523,0.8903785488958991,0.7204258675078865,0.8009068226071877,upstroke_downstroke_ratio_long_square,0.660313511068533,0.0,0.660313511068533,15,0.20193412736759261,3654,2.6081870209632543,1.2033366886447592,7.7369439071566735,10,7
99,EPHB6,Ephb6,2051,homologene,0.8101802058288206,0.8364879074658255,0.7782597266035752,0.8068487157897384,upstroke_downstroke_ratio_long_square,-0.3982448690126545,7.098601709689965e-138,0.3982448690126545,15,0.12351910428124994,3654,3.2313590240499557,1.2033366886447592,9.090909090909092,10,6
100,ADCY1,Adcy1,107,homologene,0.8091775220752929,0.8196635120925343,0.7963985278654048,0.8079472844038043,ri,-0.2968902614074152,5.083075097155371e-74,0.2968902614074152,17,0.164539738220301,3654,3.329593757710792,1.8181050617058103,10.0,10,6
101,DLGAP2,Dlgap2,9228,homologene,0.8088952687774937,0.8638275499474238,0.742770767613039,0.8010155131829463,upstroke_downstroke_ratio_long_square,-0.4638531400094459,7.633952630597928e-193,0.4638531400094459,15,0.1678669857688663,3654,3.2898985097577826,1.7470413576685475,7.350096711798839,10,7
102,TRPM2,Trpm2,7226,homologene,0.8087564307424738,0.7691903259726603,0.8576498422712934,0.81221669629912,ri,-0.2634878469438468,4.8725887037620674e-58,0.2634878469438468,17,0.15493901063383161,3654,4.243839618238954,2.2508196952000334,13.863636363636363,10,7
103,NAV3,Nav3,89795,homologene,0.8086779980888535,0.7234490010515247,0.9153522607781283,0.8137632817166129,threshold_i_long_square,0.2323898113281806,3.75981598199869e-45,0.2323898113281806,17,0.1429832050244214,3654,6.911507439910761,1.6560003443834996,21.731448763250885,10,9
104,PDZRN3,Pdzrn3,23024,homologene,0.8071991720559406,0.8798633017875921,0.7201629863301787,0.7960182051798084,tau,-0.3304169164108799,1.3407838186197834e-92,0.3304169164108799,18,0.17433395951314445,3654,2.7283298625966355,2.026370966607095,7.420494699646643,10,8
105,GABRB2,Gabrb2,2561,homologene,0.8071180315268356,0.9403259726603576,0.6502365930599369,0.7819426812934834,tau,-0.4751935705805923,2.313482182402032e-203,0.4751935705805923,17,0.1855846034207242,3654,2.5639828307022223,1.0350439872977149,9.772727272727273,9,5
106,SDK1,Sdk1,221935,homologene,0.8070913919748401,0.7331756046267087,0.89931650893796,0.8120079588226766,threshold_i_short_square,-0.2896010309411296,6.539656541127399e-70,0.2896010309411296,15,0.13657691711595704,3654,6.247742662808309,3.663650563584425,16.363636363636363,10,9
107,SRRM4,Srrm4,84530,homologene,0.8054035732064774,0.9024710830704521,0.6899316508937959,0.7890775400597264,tau,-0.4691347101841802,1.5281649286883726e-197,0.4691347101841802,16,0.18329310162726015,3654,2.195239280900907,1.033813673220532,7.543520309477756,10,6
108,TRIO,Trio,7204,homologene,0.801949766280855,0.7426393270241851,0.8756572029442692,0.8064102404473869,upstroke_downstroke_ratio_long_square,-0.269683147753134,3.7328876593359806e-61,0.269683147753134,16,0.12632438302381108,3654,4.649722740980186,2.18512649845158,15.087040618955513,10,8
109,CUX2,Cux2,23316,homologene,0.8016454274297742,0.7699789695057834,0.8406940063091483,0.804559944719849,upstroke_downstroke_ratio_long_square,-0.3186444643993179,4.512215432856712e-86,0.3186444643993179,15,0.13311269315443017,3654,3.7995507273594455,1.4402713085571957,12.727272727272727,10,6
110,DGKB,Dgkb,1607,homologene,0.8005133118745202,0.7915352260778127,0.8115141955835963,0.8014624584262299,upstroke_downstroke_ratio_long_square,0.3859168264441014,7.153708301872791e-129,0.3859168264441014,14,0.1153893242514164,3654,3.5722439691878676,1.6909322024845914,10.681818181818182,10,7
111,LRP1B,Lrp1b,53353,homologene,0.8000795935040828,0.6963722397476341,0.9305993690851735,0.8050115321891839,tau,-0.2870802918844312,3.1610095286491576e-69,0.2870802918844312,14,0.1015455184760044,3654,14.005902910200865,4.234368831329684,46.81818181818182,10,10
112,PLXNA4,Plxna4,91584,homologene,0.7985714997498535,0.7187171398527865,0.8983964248159833,0.803550190652527,tau,-0.252434833552552,2.6613716790491307e-53,0.252434833552552,16,0.14276560642798589,3654,5.667283133573666,1.7116904508478985,17.272727272727273,10,7
113,CUX1,Cux1,1523,same-symbol,0.7982801645548936,0.7802313354363828,0.8204521556256572,0.8000890456977058,upstroke_downstroke_ratio_long_square,-0.330151102503297,1.1287754544535198e-92,0.330151102503297,15,0.12088708862352325,3654,3.3214727389689367,1.2989389830998261,12.379110251450676,10,8
114,PCSK2,Pcsk2,5126,homologene,0.7972317355793305,0.9605678233438485,0.6065983175604627,0.7633340196421841,upstroke_downstroke_ratio_long_square,0.4490072264982266,2.6774341843995098e-179,0.4490072264982266,18,0.21067367817039376,3654,1.9222545160050064,1.3787865923263427,5.454545454545454,10,8
115,CDH8,Cdh8,1006,homologene,0.7952260026317055,0.7279179810725552,0.879074658254469,0.7999339037999573,tau,0.2851973681676573,2.667062638599332e-68,0.2851973681676573,15,0.11628245840138894,3654,4.6781290769226604,1.4677117487300002,15.454545454545455,10,7
116,GRM3,Grm3,2913,homologene,0.7944270421584254,0.7334384858044164,0.8702681388012619,0.7989293748299816,upstroke_downstroke_ratio_long_square,-0.3173152692120607,2.4568086717158844e-85,0.3173152692120607,14,0.0971486529176237,3654,4.0341059763332,2.0753805511826986,17.272727272727273,10,7
117,BRINP2,Brinp2,57795,homologene,0.7943625859679005,0.7655099894847529,0.8299158780231335,0.7970626669583254,threshold_i_short_square,0.2617183808011257,8.188853012635316e-57,0.2617183808011257,17,0.12458194540184064,3654,3.4523301305400467,1.7865344969396584,12.954545454545455,10,6
118,MYO16,Myo16,23026,homologene,0.7936479906366037,0.7342271293375395,0.8675078864353313,0.798090110911725,upstroke_downstroke_ratio_long_square,-0.2633892452944121,2.6530023736933614e-58,0.2633892452944121,16,0.08494222169042381,3654,4.675818565946632,2.381638663829698,13.636363636363637,10,7
119,FMN1,Fmn1,342184,homologene,0.7920628351496632,0.8945846477392219,0.6703470031545741,0.7743914628145624,threshold_i_long_square,0.3805217930134761,1.7823388282883614e-124,0.3805217930134761,17,0.19654170827404477,3654,1.7207558254758275,0.9521741724620291,8.51063829787234,10,5
120,MAGI2,Magi2,9863,homologene,0.7920249740290537,0.7818086225026288,0.8045478443743428,0.793096741859254,upstroke_downstroke_ratio_long_square,-0.3753252364303683,1.965623803421714e-121,0.3753252364303683,14,0.11613802365115486,3654,3.574231046283405,1.6984094769112448,10.0,10,7
121,SORCS2,Sorcs2,57537,homologene,0.790942612049214,0.8943217665615143,0.6682439537329127,0.7730621664500659,ri,0.352215614264952,1.1742893845092594e-105,0.352215614264952,18,0.21520137366454226,3654,2.1834816167856315,1.033813673220532,6.963249516441006,10,6
122,SORBS2,Sorbs2,8470,homologene,0.7880156434324213,0.8293901156677181,0.7380389064143008,0.782382370684714,upstroke_downstroke_ratio_long_square,-0.3482110286077,1.248565010001331e-103,0.3482110286077,16,0.1373143663156251,3654,2.5576239823487397,1.0913548979584515,8.704061895551257,10,5
123,RYR2,Ryr2,6262,homologene,0.787788130914695,0.6750788643533122,0.9300736067297581,0.7923843980014462,tau,0.2480730949361023,1.832423395730793e-51,0.2480730949361023,15,0.08921238835613825,3654,14.507904992401688,8.511301931465352,38.33922261484099,10,10
124,KCNB2,Kcnb2,9312,homologene,0.7868946760237951,0.7754994742376446,0.8008675078864353,0.7880814242830136,threshold_i_long_square,-0.2910958070318895,3.8005158272976656e-71,0.2910958070318895,16,0.15012638177673018,3654,5.263957685911506,2.4042047197557097,22.045454545454547,9,9
125,ADCY8,Adcy8,114,homologene,0.7867526990295599,0.7024185068349106,0.8923501577287066,0.7917090787440139,upstroke_downstroke_ratio_long_square,-0.2412251845348263,7.11035011863921e-49,0.2412251845348263,16,0.13446492551035602,3654,4.94616231751788,1.8896140658213785,18.181818181818183,10,9
126,ANO4,Ano4,121601,homologene,0.7862767265873473,0.7155625657202944,0.8744742376445847,0.7910379441880506,upstroke_downstroke_ratio_long_square,-0.2772033887396309,1.1846047296321144e-64,0.2772033887396309,15,0.10691778946955725,3654,4.142604126015607,1.8172732742532558,18.181818181818183,10,7
127,FREM1,Frem1,158326,homologene,0.7845257438646744,0.6961093585699264,0.895373291272345,0.7894794028144344,upstroke_downstroke_ratio_long_square,0.26324977997881,3.052915471977878e-58,0.26324977997881,15,0.09734955950809533,3654,5.010724760494342,1.9410135636876298,18.40909090909091,10,8
128,MPDZ,Mpdz,8777,homologene,0.7844129595187894,0.7789169295478443,0.7911409043112513,0.7850051235666076,tau,-0.292905775369232,3.985593692283583e-72,0.292905775369232,16,0.11474940502443798,3654,3.2198466882181216,1.3763681172625817,9.864603481624759,10,7
129,GRM5,Grm5,2915,homologene,0.7833661003110723,0.782597266035752,0.7843059936908517,0.7834511640159292,adaptation,-0.2961348766129328,1.8991406517132888e-73,0.2961348766129328,16,0.1810239351136032,3654,3.3279898546362654,0.5954725184706753,9.284332688588007,10,4
130,PI4KA,Pi4ka,5297,homologene,0.7831136749117782,0.7547318611987383,0.818086225026288,0.7857707930657261,upstroke_downstroke_ratio_long_square,-0.2362921515738269,6.535249103797031e-47,0.2362921515738269,18,0.09961275055793234,3654,3.4433520825806583,1.08776756983631,11.798839458413926,10,5
131,OSBPL3,Osbpl3,26031,homologene,0.7831132385035158,0.8945846477392219,0.6511566771819138,0.7632265500359802,tau,-0.3800124362322258,1.7063590678932943e-124,0.3800124362322258,17,0.14652130516485828,3654,2.038341050956347,0.832108543910473,6.769825918762089,10,5
132,GRIN2A,Grin2a,2903,homologene,0.7822236522242001,0.6732386961093585,0.919689800210305,0.7868740445069098,latency,0.2905209368221239,7.74865295186124e-70,0.2905209368221239,13,0.08030191418073586,3654,6.738157357204062,3.0470082844599036,26.818181818181817,10,9
133,CNTNAP2,Cntnap2,26047,homologene,0.7807577131450355,0.6729758149316508,0.9166666666666666,0.7854263154622971,threshold_i_ramp,0.2198624347238866,2.1587274247882555e-40,0.2198624347238866,16,0.10949152452855097,3654,6.751626070565997,3.731379225645496,23.181818181818183,10,8
134,PTPRN,Ptprn,5798,homologene,0.7799609637629327,0.8580441640378549,0.6866456361724501,0.7675755864277022,upstroke_downstroke_ratio_long_square,0.3357448820814238,5.526265294660537e-96,0.3357448820814238,17,0.16289110270467833,3654,2.440209379747466,0.9364929710257095,6.963249516441006,10,5
135,NDST3,Ndst3,9348,homologene,0.7792174420076142,0.8782860147213459,0.661540483701367,0.7622478304376504,threshold_i_long_square,0.3641590564790435,2.2891856396702848e-113,0.3641590564790435,17,0.20959691384668738,3654,2.74445033970889,0.9364929710257095,9.772727272727273,9,5
136,PCDH9,Pcdh9,5101,homologene,0.7790677043736476,0.7355415352260778,0.8329390115667717,0.7827267973677119,upstroke_downstroke_ratio_long_square,-0.289829226799456,8.50475875668737e-71,0.289829226799456,15,0.1271169346875035,3654,3.9117832483169614,2.5575897443113855,11.60541586073501,10,8
137,UNC5D,Unc5d,137970,homologene,0.7783868947543475,0.8270241850683492,0.7197686645636173,0.7715348943816214,threshold_i_short_square,0.3082445132877346,1.869165495648416e-79,0.3082445132877346,17,0.18758112302593336,3654,3.6829580947179386,1.6542066803224291,11.363636363636363,9,8
138,CACNB2,Cacnb2,783,homologene,0.7783524600627566,0.85068349106204,0.6917718191377498,0.767123761933131,upstroke_downstroke_ratio_long_square,0.4226811097106607,6.027215673976603e-157,0.4226811097106607,15,0.14910384527005194,3654,2.3088098034882245,0.9364929710257095,7.350096711798839,10,5
139,NYAP2,Nyap2,57624,homologene,0.7780729725385284,0.7444794952681387,0.8195320715036803,0.7811048732078888,upstroke_downstroke_ratio_long_square,0.3903183928162601,4.8038533960559997e-132,0.3903183928162601,12,0.11270838022994867,3654,3.5657152469056164,1.5936563331128717,11.363636363636363,10,6
140,DGKG,Dgkg,1608,homologene,0.7773627010660563,0.9208727655099894,0.6090956887486856,0.7489323276226056,tau,0.4172470072350601,2.7367213852271177e-152,0.4172470072350601,17,0.1554711682049137,3654,2.363638909084895,0.9452609601842452,8.181818181818182,9,5
141,ADARB2,Adarb2,105,homologene,0.7770092276459921,0.8906414300736069,0.6426130389064143,0.7565301024781204,upstroke_downstroke_ratio_long_square,0.6655244889157543,0.0,0.6655244889157543,15,0.20119923204221568,3654,2.1901013400669544,1.3417671643471287,5.996131528046422,10,6
142,OSBPL1A,Osbpl1a,114876,homologene,0.7749639739606107,0.8796004206098843,0.650893796004206,0.756654780423453,upstroke_downstroke_ratio_long_square,-0.3301963900288533,1.0692749692160163e-92,0.3301963900288533,18,0.16384117604542653,3654,1.965325668286456,1.3417671643471287,6.963249516441006,10,6
143,APLP1,Aplp1,333,homologene,0.7732190595442701,0.8533123028391167,0.6775762355415352,0.7603842041356509,ri,0.3081880026611583,6.0776774900724436e-80,0.3081880026611583,18,0.17175235233630998,3654,2.0519308858438503,0.7826920527437563,7.543520309477756,10,4
144,PDE1A,Pde1a,5136,homologene,0.7721661333902674,0.8522607781282859,0.6765247108307045,0.7593256722089606,tau,0.5726344658980922,0.0,0.5726344658980922,14,0.20020287514778756,3654,2.4865347183913133,0.5333150599477319,12.727272727272727,9,4
145,SEMA6D,Sema6d,80031,homologene,0.7717520072423416,0.8588328075709778,0.667981072555205,0.7574193422053993,tau,0.3367038140339598,2.47249645105107e-96,0.3367038140339598,17,0.14019543514062907,3654,2.72963986646008,0.864215076105813,10.251450676982591,9,4
146,TRERF1,Trerf1,55809,homologene,0.7702205733320042,0.7444794952681387,0.801919032597266,0.7726656952614932,upstroke_downstroke_ratio_long_square,-0.2952916149565361,1.4677302514115274e-73,0.2952916149565361,15,0.10359168200421255,3654,2.9907456588519983,0.7530682747245996,11.590909090909092,10,4
147,PTPRE,Ptpre,5791,homologene,0.7700240281563974,0.8845951629863301,0.6345951629863302,0.7492394888366666,tau,-0.3688490221805608,7.886445527818524e-117,0.3688490221805608,17,0.16929900011594012,3654,2.0022464512617204,1.0405133950768701,6.363636363636363,10,5
148,FRMPD4,Frmpd4,9758,homologene,0.7698986540422379,0.7184542586750787,0.8337276550998949,0.7739477917674465,upstroke_downstroke_ratio_long_square,0.2794777105337847,9.827241458088644e-66,0.2794777105337847,15,0.12314417823371275,3654,4.078401059510973,2.182763786560555,11.363636363636363,10,8
149,PCLO,Pclo,27445,homologene,0.7688737862615581,0.6414300736067298,0.9305993690851735,0.7726023697935951,upstroke_downstroke_ratio_long_square,-0.2254532160235375,1.0007382792639582e-42,0.2254532160235375,15,0.08246897360504814,3654,12.46733620302412,5.308812340206332,49.09090909090909,10,10
150,TRPC5,Trpc5,7224,homologene,0.7674418869715761,0.7276550998948474,0.8166403785488959,0.770864797633906,upstroke_downstroke_ratio_long_square,0.3432204607599384,1.5731527298476263e-100,0.3432204607599384,13,0.10837554547803932,3654,3.4232206576887654,0.940685535512592,11.590909090909092,10,5
151,ARHGAP21,Arhgap21,57584,homologene,0.7658018974988628,0.7131966351209252,0.8310988433228181,0.769894082657301,upstroke_downstroke_ratio_long_square,-0.2745290069642077,2.18807915289192e-63,0.2745290069642077,15,0.10577990324680021,3654,3.7023346464102054,1.6984094769112448,11.992263056092844,10,8
152,XYLT1,Xylt1,64131,homologene,0.7636670310848127,0.7895636172450052,0.7322555205047317,0.7603698557395211,upstroke_downstroke_ratio_long_square,-0.384294507969051,1.016946004601192e-127,0.384294507969051,14,0.11147285163299525,3654,2.8744116384640663,1.5436170374076936,7.543520309477756,10,6
153,GRIA1,Gria1,2890,homologene,0.7635036446381035,0.693217665615142,0.8512092534174553,0.7681622820759011,upstroke_downstroke_ratio_long_square,-0.3616766254923205,3.0977535316309643e-112,0.3616766254923205,11,0.098040068588291,3654,3.70620148058993,1.7231164214476151,14.545454545454545,10,8
154,KCNC1,Kcnc1,3746,homologene,0.7634766555568228,0.9426919032597266,0.5557308096740273,0.7237975785201811,tau,-0.4111747943178607,1.6553174885717837e-147,0.4111747943178607,18,0.23739314658259753,3654,1.3788967519844249,0.8623029425734512,5.415860735009671,10,5
155,LUZP2,Luzp2,338645,homologene,0.7627238449902278,0.882229232386961,0.6217139852786541,0.7406039778428316,ri,-0.3349530150202873,4.361135922913521e-95,0.3349530150202873,18,0.16501151741208742,3654,2.2075144244342852,0.3969816789804502,9.318181818181818,9,4
156,PTPRO,Ptpro,5800,homologene,0.7616637686310157,0.7413249211356466,0.7866719242902208,0.763661903091987,upstroke_downstroke_ratio_long_square,0.3259594214025829,3.088376836398509e-90,0.3259594214025829,14,0.09956880722199873,3654,2.863220963355668,1.0366706901524294,10.909090909090908,10,5
157,RPH3A,Rph3a,22895,homologene,0.7609051658413014,0.9085173501577287,0.5881966351209253,0.731017679889998,upstroke_downstroke_ratio_long_square,0.3943588609406621,5.582550769719035e-135,0.3943588609406621,17,0.18320548001151724,3654,2.1422225786945175,0.832108543910473,7.954545454545454,9,5
158,PARM1,Parm1,25849,homologene,0.760575783922818,0.8882754994742377,0.6102786540483702,0.7362714012124072,tau,-0.3730458820161809,1.1410566621457813e-119,0.3730458820161809,17,0.14618699953822997,3654,1.3482532360535706,0.32049711356575095,7.5,10,3
159,ELAVL2,Elavl2,1993,homologene,0.7601764837491172,0.8661934805467929,0.6345951629863302,0.7414055522892237,upstroke_downstroke_ratio_long_square,-0.3888142052068263,5.858649258712933e-131,0.3888142052068263,16,0.14081380011247105,3654,1.7885874330701756,0.8454661012422957,6.818181818181818,10,5
160,GABBR2,Gabbr2,9568,homologene,0.7596746200486095,0.796267087276551,0.7154311251314406,0.7547676848907867,threshold_i_long_square,0.2642511619467405,1.9971010601032e-58,0.2642511619467405,18,0.14021239023896745,3654,2.5570860165305946,1.1883821397914525,7.7272727272727275,10,6
161,MAP3K5,Map3k5,4217,homologene,0.7596027191302761,0.7368559411146162,0.7875920084121977,0.7618017134221481,upstroke_downstroke_ratio_long_square,-0.2659286104394527,1.9172975072075202e-59,0.2659286104394527,16,0.11696264145215676,3654,3.008572045527365,1.1684153154380705,10.227272727272727,10,7
162,ARID5B,Arid5b,84159,homologene,0.7590694302888604,0.7988958990536278,0.7109621451104102,0.7536476246304217,threshold_i_long_square,0.3134164032141802,8.021210466702162e-83,0.3134164032141802,16,0.16869692018054389,3654,2.812567060193725,0.7331885059741285,15.087040618955513,9,4
163,GABRG3,Gabrg3,2567,homologene,0.7581256726134327,0.9124605678233437,0.5779442691903259,0.7261896143815693,tau,-0.403611194143129,1.0125947587889573e-141,0.403611194143129,17,0.18723296903477346,3654,2.297909385468766,0.7931807938620856,7.156673114119923,9,5
164,RALGAPA2,Ralgapa2,57186,homologene,0.7577863568167916,0.7447423764458465,0.7737907465825447,0.7591276305613504,upstroke_downstroke_ratio_long_square,-0.2714280399104534,5.87753648532404e-62,0.2714280399104534,16,0.10954044813679048,3654,2.9631654109430707,1.062437555408581,9.477756286266924,10,6
165,KCNC2,Kcnc2,3747,homologene,0.7574673599512579,0.9277076761303892,0.5596740273396426,0.7205649806185391,upstroke_downstroke_ratio_long_square,-0.658432341097691,0.0,0.658432341097691,16,0.20063728011047224,3654,2.282518472840698,1.4402713085571957,6.576402321083172,9,6
166,SEZ6,Sez6,124925,homologene,0.7569060349318832,0.879074658254469,0.612907465825447,0.7340241283923284,upstroke_downstroke_ratio_long_square,0.534233071473291,6.170469713341401e-267,0.534233071473291,15,0.1598004331461702,3654,1.8554279108317053,0.6571633620871621,5.909090909090909,10,4
167,TENM1,Tenm1,10178,homologene,0.7566248232874213,0.6293375394321767,0.9182439537329127,0.7601877336821115,adaptation,-0.1925441882745779,5.570815534020266e-31,0.1925441882745779,16,0.12007031890380891,3654,7.648677568468813,3.3581208971685346,22.727272727272727,10,9
168,RAPGEF5,Rapgef5,9771,homologene,0.7560993925116603,0.9850157728706624,0.4948738170347003,0.6981822937885851,upstroke_downstroke_ratio_long_square,-0.5665115160140508,2.7392038787546467e-307,0.5665115160140508,18,0.24818656210478293,3654,1.7110791556613694,0.5607555001205362,7.954545454545454,8,3
169,NCAM2,Ncam2,4685,homologene,0.7550820914071272,0.7999474237644585,0.7009726603575185,0.7488265979399474,upstroke_downstroke_ratio_long_square,0.3135359217339574,3.008628199474756e-83,0.3135359217339574,16,0.176990029929614,3654,3.395361658857906,1.284353150929656,10.831721470019342,9,5
170,PRKG1,Prkg1,5592,homologene,0.7544559784935789,0.7975814931650893,0.7024185068349107,0.7484891458853499,upstroke_downstroke_ratio_long_square,-0.3545998178255332,1.1450207033662988e-107,0.3545998178255332,15,0.12793339766615391,3654,2.2398094387903376,0.8558452254239493,7.954545454545454,10,4
171,MAGI1,Magi1,9223,homologene,0.7538620844075259,0.6871713985278655,0.8370136698212408,0.7584008531627605,tau,-0.2987644994241542,4.0190245165138165e-75,0.2987644994241542,13,0.10315936387378406,3654,3.579639472307226,1.520904910657322,13.181818181818182,10,6
172,CCDC136,Ccdc136,64753,homologene,0.7537256302469564,0.9016824395373292,0.5807045215562566,0.7236097495523419,upstroke_downstroke_ratio_long_square,-0.3612915595303824,5.457936036890066e-112,0.3612915595303824,18,0.15198815985083097,3654,2.1648900214056623,0.993958939442314,7.543520309477756,9,5
173,NCAM1,Ncam1,4684,homologene,0.7515120041676487,0.7623554153522608,0.7383017875920084,0.7502322080096416,tau,0.2838369834683162,1.2371302684800451e-67,0.2838369834683162,16,0.11534660636127114,3654,2.9359741707691493,1.3160002990909772,7.7272727272727275,10,5
174,SLC24A3,Slc24a3,57419,homologene,0.7508029330601654,0.9077287066246057,0.5678233438485804,0.7179342236604483,upstroke_downstroke_ratio_long_square,0.3675126996166235,4.0670794663227474e-116,0.3675126996166235,18,0.1838858219358518,3654,2.1230031265249196,0.7669388115143734,7.2727272727272725,9,4
175,GRM8,Grm8,2918,homologene,0.7505235828649344,0.6498422712933754,0.8773659305993692,0.7550824253656815,threshold_i_long_square,-0.2037770974267598,8.586337018485001e-35,0.2037770974267598,16,0.09205442500607725,3654,4.668786647902758,2.6560938885214527,15.227272727272727,10,7
176,EXOC4,Exoc4,60412,homologene,0.7501293905409119,0.8209779179810726,0.6653522607781284,0.7390801808854216,upstroke_downstroke_ratio_long_square,-0.2976583672623678,8.871857185996754e-75,0.2976583672623678,17,0.12804324520541494,3654,2.1596524096932206,0.7576436993962526,6.963249516441006,10,4
177,ASTN2,Astn2,23245,homologene,0.7495367363215453,0.6506309148264985,0.8740799158780231,0.7541242704615646,fast_trough_v_long_square,-0.2561064629505264,1.1671036232127832e-54,0.2561064629505264,14,0.11302148522540774,3654,4.739208443954115,1.970261811423139,14.545454545454545,10,8
178,CDH12,Cdh12,1010,homologene,0.748734547217478,0.6711356466876971,0.8458201892744479,0.7534321998097884,threshold_i_short_square,-0.2708879803724888,6.236921554446726e-61,0.2708879803724888,14,0.11099427323167789,3654,4.3304542151632655,1.3332876498693293,12.045454545454545,10,8
179,ETV6,Etv6,2120,homologene,0.7471992378310782,0.9266561514195583,0.5394321766561515,0.7070135393131199,upstroke_downstroke_ratio_long_square,-0.4295457848164508,1.3963559059256176e-162,0.4295457848164508,17,0.1902170938346781,3654,1.467161141630077,0.5607555001205362,4.6421663442940035,10,4
180,ANO3,Ano3,63982,homologene,0.7471887117686034,0.7334384858044164,0.7640641430073606,0.748594715520199,upstroke_downstroke_ratio_long_square,-0.3792771875044085,3.597864974859377e-124,0.3792771875044085,12,0.11938472974229132,3654,3.074343783000254,1.872985942051419,8.636363636363637,10,6
181,EPHA3,Epha3,2042,homologene,0.7454517012624353,0.7471083070452155,0.7434279705573082,0.7452658669851524,upstroke_downstroke_ratio_long_square,0.2725671534523542,1.7730629552068755e-62,0.2725671534523542,16,0.12089185983653167,3654,4.2629265861105585,1.387684965174028,12.5,9,6
182,NPAS3,Npas3,64067,homologene,0.7447339824247271,0.8859095688748685,0.5793901156677183,0.7164406797366747,adaptation,0.339009245392957,3.86087724432096e-97,0.339009245392957,18,0.16593026804034458,3654,2.3682430240894847,1.6028071824561778,7.045454545454546,9,6
183,USP25,Usp25,29761,homologene,0.742767070242654,0.8346477392218716,0.6335436382754994,0.7271765709819348,upstroke_downstroke_ratio_long_square,-0.3536328490484959,4.755471430743202e-107,0.3536328490484959,16,0.14755627844056157,3654,2.2561464426465188,0.9477642762428538,9.864603481624759,9,5
184,FAT3,Fat3,120114,homologene,0.7425306083288473,0.5977917981072555,0.9274447949526814,0.7445931047357196,upstroke_downstroke_ratio_long_square,-0.2385489688628132,8.303067240827921e-48,0.2385489688628132,13,0.07374868412226923,3654,10.613404335313197,4.311340620392525,31.136363636363637,10,10
185,PRKD1,Prkd1,5587,homologene,0.7422312833127462,0.8698738170347003,0.5921398527865406,0.7176955858592092,upstroke_downstroke_ratio_long_square,0.3535099575032849,5.654278921854868e-107,0.3535099575032849,17,0.17024581147296033,3654,2.534592474479861,0.9728214895014674,7.156673114119923,9,5
186,GABRA1,Gabra1,2554,homologene,0.7420104437413038,0.9458464773922186,0.5078864353312302,0.6930963827443735,tau,-0.5041651557819918,7.00582134367851e-233,0.5041651557819918,17,0.19783493915281447,3654,2.3530178777477824,1.3596235629554352,6.590909090909091,8,5
187,CNR1,Cnr1,1268,homologene,0.7412289266655817,0.9668769716088329,0.4838328075709779,0.6839640339588232,upstroke_downstroke_ratio_long_square,0.4808006872349161,3.6414166399396016e-209,0.4808006872349161,18,0.20719716164004331,3654,1.787810155622085,0.7826920527437563,5.222437137330754,9,4
188,PKD1,Pkd1,5310,homologene,0.7411302941718659,0.647739221871714,0.8585699263932702,0.7457408504597502,upstroke_downstroke_ratio_long_square,-0.2029754958612197,9.684107488498979e-35,0.2029754958612197,16,0.09537624584329893,3654,4.341361502482071,1.7489200009047114,13.409090909090908,10,8
189,SLC35F3,Slc35f3,148641,homologene,0.7403090388208627,0.944794952681388,0.5055205047318612,0.6910956672904339,upstroke_downstroke_ratio_long_square,-0.4137537536816432,8.498327358031387e-150,0.4137537536816432,18,0.22214982185078969,3654,1.756150980461817,0.6814774778449708,6.136363636363637,9,4
190,PRICKLE2,Prickle2,166336,homologene,0.7389503988082229,0.8919558359621451,0.5604626708727656,0.7070416890989486,upstroke_downstroke_ratio_long_square,-0.4325292888038558,4.511083205011821e-165,0.4325292888038558,16,0.17363889459198917,3654,1.6712930990566879,1.0647320923710222,4.6421663442940035,10,7
191,ITGA8,Itga8,8516,homologene,0.7378356375713534,0.6498422712933755,0.8483175604626708,0.7424773466369983,ri,0.2323969140729951,4.067402338660653e-45,0.2323969140729951,15,0.1026947246880899,3654,3.959525274118419,1.3292812730276307,13.181818181818182,10,7
192,TMEM132C,Tmem132c,92293,homologene,0.7376431944771882,0.9705573080967403,0.4726603575184017,0.6773064035110719,upstroke_downstroke_ratio_long_square,-0.5030157742531882,5.9616705894700835e-232,0.5030157742531882,18,0.24313258040681282,3654,1.6134731178498463,0.3909622522273945,9.284332688588007,7,3
193,SLC6A1,Slc6a1,6529,homologene,0.7375998716110812,0.8359621451104101,0.620925341745531,0.720465183502304,tau,-0.3971584533690068,7.274204666661934e-137,0.3971584533690068,15,0.17112810352173405,3654,2.197500034056033,1.0103575056150842,9.318181818181818,9,5
194,RTN1,Rtn1,6252,homologene,0.7372603763181507,0.8236067297581493,0.6344637223974763,0.7228752254393338,upstroke_downstroke_ratio_long_square,0.3374358186444959,5.315255495956719e-97,0.3374358186444959,16,0.15703308669592717,3654,2.243373252536674,1.1883821397914525,5.454545454545454,10,6
195,SETBP1,Setbp1,26040,homologene,0.7363515993449187,0.6440588853838065,0.8523922187171399,0.740939121856034,avg_isi,-0.2018002558958772,7.189950694773637e-34,0.2018002558958772,16,0.09074227963022657,3654,4.497630902972274,1.6921604773229388,12.272727272727273,10,6
196,PPFIA2,Ppfia2,8499,homologene,0.7353128840938117,0.7089905362776024,0.7677444794952683,0.7377828747277339,upstroke_downstroke_ratio_long_square,-0.2454910521730936,1.277859421066506e-50,0.2454910521730936,16,0.12954559819307476,3654,4.287199494947936,1.40084060917962,16.363636363636363,9,6
197,GABRA2,Gabra2,2555,homologene,0.7348909331982927,0.8485804416403786,0.6006834910620399,0.7139525629420419,ri,0.2992498336215351,3.0492742753460856e-75,0.2992498336215351,18,0.18126291644492215,3654,2.4889475028525614,0.8558452254239493,7.5,9,4
198,GABRG2,Gabrg2,2566,homologene,0.7346661232156668,0.7502628811777076,0.7156940063091483,0.7327746223874828,tau,-0.2330130164051375,2.1537957553589386e-45,0.2330130164051375,18,0.11501170866479654,3654,2.7204231291381347,1.2336789785725637,7.350096711798839,10,5
199,VPS13D,Vps13d,55187,homologene,0.7342786232067315,0.6125131440588854,0.888801261829653,0.7378363336992733,upstroke_downstroke_ratio_long_square,-0.2032106096304523,8.107516828900693e-35,0.2032106096304523,15,0.08042388356253953,3654,4.9759207522505875,1.8698837611496013,16.363636363636363,10,8
200,MYH10,Myh10,4628,homologene,0.7331316869527004,0.6766561514195585,0.8033648790746583,0.7372935556888431,upstroke_downstroke_ratio_long_square,-0.2491201811449909,3.979770319272063e-52,0.2491201811449909,15,0.09889394995545761,3654,2.993616967326232,1.3577564925446826,11.798839458413926,10,8
201,CIT,Cit,11113,homologene,0.7327020008347047,0.6548370136698213,0.8301787592008413,0.7373138948149537,latency,-0.2939583123701051,1.7835012204059306e-71,0.2939583123701051,12,0.09300405711247844,3654,3.447185358171408,1.7727940794230652,12.959381044487428,10,7
202,OPCML,Opcml,4978,homologene,0.7319505951893159,0.8803890641430074,0.5586225026288117,0.7012882020243919,upstroke_downstroke_ratio_long_square,-0.3303114933061309,9.21401481023475e-93,0.3303114933061309,18,0.12539151371506152,3654,1.8179991002024434,0.9410683956973627,4.119850187265918,10,5
203,CNTN4,Cntn4,152330,homologene,0.7315527082397226,0.6088328075709778,0.8873554153522608,0.7350177472974568,adaptation,0.2267725415888003,8.382260006187853e-43,0.2267725415888003,14,0.10612097573632723,3654,4.509856840764528,1.8455455018786147,18.863636363636363,10,7
204,CACNA1B,Cacna1b,774,homologene,0.730673237623813,0.6238170347003155,0.8656677181913776,0.7348593532084445,tau,0.2116502365799941,1.6763599741070554e-37,0.2116502365799941,15,0.10681154207966428,3654,5.133925704623067,3.3681381309542235,12.379110251450676,10,8
205,DIP2A,Dip2a,23181,homologene,0.7291305172192339,0.7071503680336488,0.7561777076761304,0.7312532695872317,upstroke_downstroke_ratio_long_square,-0.3177452121947026,1.4280154643903638e-85,0.3177452121947026,13,0.10630433190104228,3654,2.8314767638166893,1.447744924376618,8.897485493230175,10,7
206,SLC44A5,Slc44a5,204962,homologene,0.7290694220966603,0.6727129337539433,0.7991587802313355,0.733215144132092,threshold_i_short_square,-0.3121512571588593,1.531969356752774e-81,0.3121512571588593,12,0.1438058095906417,3654,3.1846471453739404,1.1883821397914525,10.681818181818182,10,6
207,ATP8A2,Atp8a2,51761,homologene,0.7287752572848696,0.7660357518401683,0.6837539432176657,0.7237264441530544,upstroke_downstroke_ratio_long_square,-0.2616013638322342,1.648158343299229e-57,0.2616013638322342,17,0.11899905978301335,3654,3.1563489678503958,1.5662158929400674,9.864603481624759,9,6
208,CLSTN2,Clstn2,64084,homologene,0.7283793245606007,0.673764458464774,0.796267087276551,0.732459188523298,tau,-0.2477456180667942,2.4855749925289772e-51,0.2477456180667942,15,0.09441717544750557,3654,3.119699123196195,1.7470413576685475,10.681818181818182,10,6
209,ESRRG,Esrrg,2104,homologene,0.7281499160936722,0.9324395373291273,0.4938222923238696,0.6785716099110528,upstroke_downstroke_ratio_long_square,-0.4428653833664013,6.677109633057595e-174,0.4428653833664013,17,0.25026936293508045,3654,1.8858172906489543,0.8558452254239493,5.2272727272727275,9,4
210,LUZP1,Luzp1,7798,homologene,0.7263230984927972,0.8559411146161935,0.5741324921135648,0.7010161233788118,upstroke_downstroke_ratio_long_square,-0.3101844411506529,2.0097678415865102e-81,0.3101844411506529,18,0.1558514328625977,3654,1.9473625910873458,1.062437555408581,8.123791102514506,9,6
211,HIVEP2,Hivep2,3097,homologene,0.7252052602407013,0.6248685594111462,0.8517350157728707,0.7295357649259039,upstroke_downstroke_ratio_long_square,-0.1895672365615866,2.1003576408709812e-30,0.1895672365615866,16,0.08777232345102164,3654,4.093894273969152,1.5204858619377646,13.346228239845262,10,7
212,SPHKAP,Sphkap,80309,homologene,0.7249752097903248,0.573080967402734,0.919689800210305,0.7259867219274391,avg_isi,0.2019378662841139,6.515734329507852e-34,0.2019378662841139,14,0.07265741094602698,3654,6.4021601470608855,2.3703810473485474,28.863636363636363,10,9
213,PTPRT,Ptprt,11122,homologene,0.7247784929238914,0.6514195583596214,0.8165089379600422,0.7293078168802349,latency,0.2757896279265684,8.808361952264127e-63,0.2757896279265684,13,0.094102273895249,3654,6.926677123725861,2.6286534483486483,28.863636363636363,9,8
214,DLG2,Dlg2,1740,homologene,0.7235334906033452,0.6511566771819138,0.8140115667718191,0.7280446875067363,tau,0.2047060474692833,4.076167265008096e-35,0.2047060474692833,16,0.08329281686503326,3654,3.498021870201402,0.8550396579123902,11.136363636363637,10,5
215,ADAMTS17,Adamts17,170691,homologene,0.7232838454110398,0.8020504731861199,0.6293375394321766,0.7104649683801205,tau,-0.3165378776951984,1.0944259248094143e-84,0.3165378776951984,16,0.15105463504982247,3654,2.72004860318303,0.9921652753812433,8.181818181818182,9,5
216,FSTL4,Fstl4,23105,homologene,0.723170960378162,0.8259726603575185,0.6014721345951629,0.7048400805448581,upstroke_downstroke_ratio_long_square,0.445920401396863,1.4082607216386867e-176,0.445920401396863,14,0.13448269524692005,3654,1.949846506636057,1.1883821397914525,5.222437137330754,10,6
217,RASGRF2,Rasgrf2,5924,homologene,0.7227201641775796,0.7076761303890641,0.7411934805467929,0.7242409365556164,threshold_i_short_square,0.2453287659477985,7.280354646447384e-50,0.2453287659477985,16,0.1182262107288348,3654,2.8886521923600705,1.4248835674826976,7.93036750483559,10,7
218,CNTN3,Cntn3,5067,homologene,0.7223889993281074,0.6990010515247108,0.7511829652996845,0.7246224414354898,tau,0.3130403890796933,9.497348471863464e-83,0.3130403890796933,13,0.11120852007580252,3654,3.028929445953074,1.3417671643471287,8.123791102514506,10,6
219,TOX2,Tox2,84969,homologene,0.7222318253492916,0.8257097791798107,0.5997634069400631,0.7037261614467736,threshold_i_short_square,0.3067153169159305,1.1918679477659266e-78,0.3067153169159305,17,0.1538430921846087,3654,2.0558216570961214,1.0945857979792262,8.863636363636363,9,5
220,SLC8A1,Slc8a1,6546,homologene,0.7220970047972769,0.711882229232387,0.7346214511041009,0.723162468781337,upstroke_downstroke_ratio_long_square,-0.2733096075391165,8.099775749907469e-63,0.2733096075391165,15,0.1134168184937479,3654,3.7862723635183975,1.1364655490943791,12.727272727272727,9,7
221,ATP2A2,Atp2a2,488,homologene,0.7219892088141352,0.7673501577287065,0.6673238696109358,0.7155914173619485,tau,-0.262738785685041,8.529468175471641e-58,0.262738785685041,17,0.14150903201086512,3654,2.0606239359056273,0.7532117470599743,7.2727272727272725,10,5
222,DLGAP1,Dlgap1,9229,homologene,0.7210348132245005,0.7681388012618297,0.6643007360672976,0.714335475165615,upstroke_downstroke_ratio_long_square,-0.3173826742821027,2.2668346694812116e-85,0.3173826742821027,15,0.133100055304427,3654,2.3970140557978086,1.0366706901524294,6.363636363636363,10,5
223,DPP6,Dpp6,1804,homologene,0.7208344612970263,0.6900630914826499,0.7588065194532071,0.7236189416060567,tau,0.2339479633513036,9.28282093010331e-46,0.2339479633513036,16,0.08034526089714725,3654,3.181865896623445,1.3417671643471287,8.181818181818182,10,6
224,SHANK2,Shank2,22941,homologene,0.7205189793971656,0.6240799158780231,0.8420084121976866,0.7249003649143241,upstroke_downstroke_ratio_long_square,0.2730966561679052,1.0149933489565854e-62,0.2730966561679052,12,0.09334420698934554,3654,3.790320636320074,1.5851768186350725,12.954545454545455,10,7
225,GRIA3,Gria3,2892,homologene,0.7203078178002549,0.7752365930599369,0.6543112513144059,0.7122120648162064,upstroke_downstroke_ratio_long_square,-0.367656044143592,3.2880753505388966e-116,0.367656044143592,14,0.14322705167901942,3654,2.8995178820217706,1.5530408646461973,8.704061895551257,9,7
226,MICAL2,Mical2,9645,homologene,0.7202505869214795,0.7350157728706624,0.7022870662460567,0.7184650797178075,upstroke_downstroke_ratio_long_square,-0.3182687218269096,7.297534620433381e-86,0.3182687218269096,14,0.13690186550391656,3654,2.5021441420044512,1.40084060917962,7.350096711798839,10,6
227,COL25A1,Col25a1,84570,homologene,0.7193440963212316,0.6974237644584648,0.7463196635120926,0.7214576004284509,tau,0.2392392412596224,7.486709600233146e-48,0.2392392412596224,16,0.12191388462810487,3654,2.853200630138183,1.215822579964257,8.409090909090908,10,5
228,CSMD1,Csmd1,64478,homologene,0.71931967520025,0.555993690851735,0.9295478443743428,0.7189038439297463,upstroke_downstroke_ratio_long_square,-0.1730967689451711,1.6115333099448743e-25,0.1730967689451711,15,0.07653666110393326,3654,11.184109270495167,3.4996179495549917,39.77272727272727,10,9
229,RASAL2,Rasal2,9462,homologene,0.7172480475092916,0.6937434279705572,0.7461882229232387,0.7194881344970366,tau,-0.2368590503255712,6.627700167036887e-47,0.2368590503255712,16,0.10212062192897685,3654,2.710900979012046,0.8664955070603337,8.704061895551257,10,5
230,PLCXD3,Plcxd3,345557,homologene,0.7171709459794612,0.9103575184016823,0.4950052576235542,0.6712911126523009,upstroke_downstroke_ratio_long_square,-0.3996506680241856,6.2819831500196285e-139,0.3996506680241856,17,0.19862534774652282,3654,1.6512421260365788,1.1334421838858215,6.136363636363637,9,5
231,PRKCA,Prkca,5578,homologene,0.7168388304614379,0.8598843322818087,0.5496845425867508,0.687506455146306,tau,-0.3813445087272319,1.9858741187155385e-125,0.3813445087272319,16,0.19709532447564065,3654,1.5639087450019815,0.7602429309688823,4.6421663442940035,10,4
232,MGAT4C,Mgat4c,25834,homologene,0.7166340104746031,0.79863301787592,0.6189537329127235,0.7030767295549288,upstroke_downstroke_ratio_long_square,-0.3554464767312608,3.310610544872496e-108,0.3554464767312608,15,0.11879675032005751,3654,2.617901357196006,1.550828151865569,7.954545454545454,9,7
233,CDH9,Cdh9,1007,homologene,0.7166176312624154,0.5872765509989485,0.8813091482649842,0.7194249071007208,tau,0.232117727522653,4.804088371231779e-45,0.232117727522653,13,0.0869025493012365,3654,4.96211027260563,2.121091110155434,15.0,10,7
234,FHOD3,Fhod3,80206,homologene,0.7162925332014775,0.655888538380652,0.7915352260778129,0.7205268090147483,upstroke_downstroke_ratio_long_square,-0.1731348528890088,1.578563900319032e-25,0.1731348528890088,18,0.10932263847921149,3654,3.3473630582530647,1.5061365494491992,9.671179883945841,10,7
235,RGS7,Rgs7,6000,homologene,0.7157064493258661,0.6359095688748685,0.8157202944269191,0.7202252014137681,adaptation,-0.2202142265579019,2.284128800850234e-40,0.2202142265579019,15,0.10046964748399231,3654,2.9869205153927525,1.0408632546393122,13.181818181818182,10,5
236,BCL11B,Bcl11b,64919,homologene,0.7154508582505205,0.7886435331230284,0.6280231335436383,0.7037658580244216,threshold_i_short_square,0.3029539638009405,1.1256815065600684e-76,0.3029539638009405,16,0.17510514918021539,3654,2.3780731021106547,1.062437555408581,9.090909090909092,9,6
237,SEMA5B,Sema5b,54437,homologene,0.715034294251099,0.7339642481598317,0.6920347003154573,0.7126911873438236,threshold_i_short_square,-0.2897733453347099,5.5349690862323737e-70,0.2897733453347099,15,0.11466329080039141,3654,3.147901754993544,1.062437555408581,10.681818181818182,9,6
238,ZBTB16,Zbtb16,7704,homologene,0.7136176044727931,0.7893007360672976,0.6232912723449001,0.7014016396089705,upstroke_downstroke_ratio_long_square,0.3842899186664068,1.016946004601192e-127,0.3842899186664068,14,0.1085874652993769,3654,1.8748490489238006,0.7061639595276015,6.363636363636363,10,4
239,MAGI3,Magi3,260425,homologene,0.7134241217536821,0.7649842271293376,0.6514195583596214,0.7059218705980637,upstroke_downstroke_ratio_long_square,0.3165614312796214,6.370349094635749e-85,0.3165614312796214,15,0.14099083121744627,3654,2.0392675079332494,1.0913548979584515,6.769825918762089,10,5
240,MMP16,Mmp16,4325,homologene,0.7130950427941922,0.6803364879074657,0.7535488958990536,0.7160075483558191,upstroke_downstroke_ratio_long_square,-0.347638821413933,2.814610553696211e-103,0.347638821413933,11,0.09684607808204738,3654,2.813279747271028,1.0366706901524294,8.8339222614841,10,5
241,TLE4,Tle4,7091,homologene,0.7126933433029885,0.751577287066246,0.6657465825446898,0.707361301162682,upstroke_downstroke_ratio_long_square,-0.3709792628623883,1.8936601816544505e-118,0.3709792628623883,13,0.11209241349768129,3654,2.3668995857531288,1.2033366886447592,6.382978723404255,10,6
242,ROBO2,Robo2,6092,homologene,0.7126470219358869,0.5725552050473186,0.8916929547844376,0.7145232274502019,upstroke_downstroke_ratio_long_square,-0.2382024656574298,1.1410519757300477e-47,0.2382024656574298,12,0.07037602929179017,3654,5.47743658964171,1.9989305264342905,15.909090909090908,10,9
243,PPIP5K2,Ppip5k2,23262,homologene,0.7121509576172685,0.7273922187171399,0.6936119873817034,0.7103013180547971,upstroke_downstroke_ratio_long_square,-0.2344391483069877,3.521092578245474e-46,0.2344391483069877,17,0.13075033670029507,3654,2.1155111599552643,0.9001503090483177,8.123791102514506,10,4
244,GAP43,Gap43,2596,homologene,0.7115666124922153,0.8990536277602524,0.4956624605678234,0.6675530940068174,tau,0.3861563458817981,7.635634173379655e-129,0.3861563458817981,17,0.1991793131220685,3654,1.2904299326707702,0.5312187777042905,3.8636363636363638,10,4
245,MAP1A,Map1a,4130,homologene,0.7105218129317242,0.5830704521556256,0.8727655099894848,0.7133609048268653,upstroke_downstroke_ratio_long_square,-0.2076608639767485,2.4834796807727568e-36,0.2076608639767485,14,0.10791480820853437,3654,4.4494824388589675,2.0220840166161786,15.454545454545455,10,8
246,GRID1,Grid1,2894,homologene,0.7103573582850347,0.6327549947423764,0.807570977917981,0.7148388418983596,threshold_i_long_square,-0.1945609965596458,8.883322353279401e-32,0.1945609965596458,16,0.1179682845826638,3654,3.4740108336880198,1.5415535547706143,10.681818181818182,10,6
247,SIPA1L1,Sipa1l1,26037,homologene,0.7100932434436238,0.6014721345951629,0.8475289169295479,0.7139783097522933,threshold_i_long_square,0.2197819211051312,2.094947234947452e-40,0.2197819211051312,14,0.1020045124376175,3654,3.9406796290606385,1.2863833346723315,13.181818181818182,10,7
248,MYT1L,Myt1l,23040,homologene,0.7077469202015246,0.591745531019979,0.8548895899053628,0.7112503738782855,ri,0.1923834353449988,4.571529789646003e-31,0.1923834353449988,15,0.0838194551907036,3654,4.1702501623015955,1.4946492395736162,13.636363636363637,10,6
249,CACNG3,Cacng3,10368,homologene,0.7077361599481204,0.8388538380651944,0.5540220820189274,0.6817210205607915,tau,0.358963479505868,2.875346727629904e-110,0.358963479505868,16,0.11652681516965971,3654,2.108365461508233,1.1883821397914525,6.818181818181818,9,6
250,HTR2C,Htr2c,3358,homologene,0.7073645511810077,0.7552576235541535,0.6497108307045215,0.7004991491752804,upstroke_downstroke_ratio_long_square,0.2787241787636987,2.2551313197158327e-65,0.2787241787636987,16,0.142376818458732,3654,2.108032087722407,1.0366706901524294,6.576402321083172,10,5
251,NELL2,Nell2,4753,homologene,0.7072537959966709,0.6432702418506835,0.7870662460567823,0.711545005219948,fast_trough_v_long_square,0.250160334102174,3.787811621261143e-52,0.250160334102174,14,0.09289914113564712,3654,2.9532523359519414,1.1663190331946294,10.454545454545455,10,5
252,DMD,Dmd,1756,homologene,0.7062272990425887,0.543769716088328,0.9154837013669822,0.7055581566219865,upstroke_downstroke_ratio_long_square,-0.2479814525441195,1.194154681068734e-51,0.2479814525441195,10,0.06437458333443852,3654,8.093067776297696,4.029399672024234,19.922630560928432,10,9
253,CADM2,Cadm2,253559,homologene,0.70617719964719,0.7786540483701367,0.6196109358569927,0.6945952516534046,tau,0.3294490704525354,4.856926589308788e-92,0.3294490704525354,15,0.12900841869283164,3654,2.194361742201667,0.7931807938620856,9.318181818181818,9,5
254,SLC24A2,Slc24a2,25769,homologene,0.7059401980742296,0.9040483701366983,0.4787066246056782,0.6578555645036406,upstroke_downstroke_ratio_long_square,-0.4736964808792656,3.2991039597335046e-202,0.4736964808792656,16,0.1664634614013848,3654,1.8777301397857584,0.6646406365138153,4.835589941972921,9,4
255,SPTBN4,Sptbn4,57731,homologene,0.7046192186224962,0.6006834910620399,0.8359621451104101,0.7086244842796732,upstroke_downstroke_ratio_long_square,-0.2191578893936549,2.146652510681825e-40,0.2191578893936549,14,0.08877734519069744,3654,3.6351472643814895,1.16043875028946,12.727272727272727,10,6
256,LRFN5,Lrfn5,145581,homologene,0.7044786177456617,0.63801261829653,0.7874605678233438,0.7088087038702642,tau,0.2838024006566165,1.2758370761867188e-67,0.2838024006566165,12,0.0971967493068007,3654,3.6172208335649367,2.0974346706443576,8.8339222614841,10,7
257,PCDH15,Pcdh15,65217,homologene,0.7043494726384613,0.5323343848580442,0.9266561514195585,0.7023467322774793,threshold_i_long_square,-0.1767647562155989,2.1253208959616003e-26,0.1767647562155989,14,0.07927445471888318,3654,9.615675514081556,4.043603191727998,32.04545454545455,10,9
258,DAPK1,Dapk1,1612,homologene,0.7038011685483776,0.6458990536277601,0.775893796004206,0.7079188290720675,tau,0.2285567124885933,1.0998626885797322e-43,0.2285567124885933,15,0.10402269339186153,3654,2.872319276357026,1.093668772349911,9.864603481624759,10,5
259,STXBP5L,Stxbp5l,9515,homologene,0.7035335996268264,0.5460042060988434,0.9061514195583596,0.7033935501846048,upstroke_downstroke_ratio_long_square,-0.2175077429854472,8.50927258552755e-40,0.2175077429854472,12,0.07477787427090718,3654,5.02305330052345,2.0974346706443576,25.0,10,7
260,SYNJ2,Synj2,8871,homologene,0.7032086715838373,0.6356466876971608,0.7875920084121977,0.7075522958792289,threshold_i_long_square,0.1755278497369127,4.739892654031229e-26,0.1755278497369127,17,0.10122856285241918,3654,2.9670181448043853,1.1883821397914525,10.454545454545455,10,6
261,DOCK3,Dock3,1795,homologene,0.7020365552570902,0.5420609884332283,0.9079915878023134,0.7015602736566391,threshold_i_long_square,0.1483165118736178,6.65088792357265e-19,0.1483165118736178,16,0.0840789697741748,3654,5.635475195323278,1.9777390858497923,20.681818181818183,10,7
262,CDH13,Cdh13,1012,homologene,0.7018959952365434,0.7613038906414301,0.630651945320715,0.6929053179282483,tau,0.28350878665453,1.763273436134097e-67,0.28350878665453,16,0.10192807023883586,3654,2.422695989161631,0.7852042287134748,9.090909090909092,9,5
263,FUT9,Fut9,10690,homologene,0.7018306539358189,0.8038906414300735,0.5810988433228181,0.6834763506464975,upstroke_downstroke_ratio_long_square,-0.4017415030369372,1.6571048682070482e-140,0.4017415030369372,14,0.11213667447996783,3654,2.230555130076622,0.5312187777042905,10.681818181818182,8,4
264,KCNH5,Kcnh5,27133,homologene,0.7017045362253121,0.5525762355415352,0.8930073606729758,0.7024632699803991,upstroke_downstroke_ratio_long_square,-0.2408464814767673,1.0005545153591798e-48,0.2408464814767673,11,0.0794133124582253,3654,4.641853305012531,1.7196009174957432,20.0,10,7
265,SPARCL1,Sparcl1,8404,homologene,0.7013227584803476,0.8188748685594112,0.5629600420609885,0.6789652645363329,upstroke_downstroke_ratio_long_square,-0.2959530074500336,6.735222030885725e-74,0.2959530074500336,17,0.16141161243024077,3654,1.5693410306883093,0.7700263194531918,5.029013539651838,10,4
266,KCTD8,Kctd8,386617,homologene,0.7012431344127188,0.9256046267087278,0.44624079915878023,0.6426838634410912,upstroke_downstroke_ratio_long_square,-0.6091040511175504,0.0,0.6091040511175504,16,0.17222855677268264,3654,2.002690714492405,0.6993721634680893,6.769825918762089,7,5
267,DGKH,Dgkh,160851,homologene,0.7001170691389715,0.75,0.6401156677181913,0.6928829271880232,upstroke_downstroke_ratio_long_square,-0.2738556622637364,4.50376219528874e-63,0.2738556622637364,16,0.12577658458018004,3654,1.921647529045432,0.7573410812138821,6.769825918762089,10,4
268,PENK,Penk,5179,homologene,0.7001033142793833,0.8753943217665615,0.49763406940063093,0.6600197259710495,threshold_i_short_square,-0.360482849910655,2.4218474271148706e-110,0.360482849910655,17,0.16901214824077698,3654,1.5965023607366653,0.6617387867588151,8.636363636363637,8,4
269,ARHGAP20,Arhgap20,57569,homologene,0.6998004858844911,0.667981072555205,0.7390904311251315,0.7026367617042637,upstroke_downstroke_ratio_long_square,-0.2154309235640009,4.739811386195488e-39,0.2154309235640009,16,0.09786733712776936,3654,2.499702652010696,0.9001503090483177,9.090909090909092,10,4
270,TMEM108,Tmem108,66000,homologene,0.6986036248582059,0.7726077812828601,0.6102786540483701,0.6866629718199471,tau,-0.2898685123370776,1.316011431156974e-70,0.2898685123370776,16,0.16154002872164808,3654,1.4924008093014673,0.3788218496981263,7.045454545454546,10,3
271,ERC2,Erc2,26059,homologene,0.6974777304794046,0.57465825446898,0.8537066246056783,0.7004209867818809,tau,0.1816720066542437,7.880022324188742e-28,0.1816720066542437,15,0.07019629558552108,3654,3.489572489209973,0.9580531282933444,17.272727272727273,10,5
272,KIF26B,Kif26b,55083,homologene,0.6971693285496043,0.5793901156677181,0.8467402733964248,0.7004234040519133,tau,0.2249398369156205,2.5999845109103133e-42,0.2249398369156205,13,0.0767353895503885,3654,3.9572039597606734,2.0085004244971545,12.959381044487428,10,7
273,IL1RAPL2,Il1rapl2,26280,homologene,0.696967270249021,0.6598317560462671,0.7429022082018927,0.700136035787692,upstroke_downstroke_ratio_long_square,-0.2089820162910294,8.77399387924016e-37,0.2089820162910294,16,0.10019058942386257,3654,2.728322485301082,1.2133805094629957,8.51063829787234,10,6
274,ATP1A3,Atp1a3,478,homologene,0.6968981672974645,0.6469505783385909,0.7589379600420609,0.7007106051518855,upstroke_downstroke_ratio_long_square,-0.2024724663905001,1.4277108681042475e-34,0.2024724663905001,16,0.08708373275130171,3654,2.5239405806730586,0.8790128591074711,10.227272727272727,10,5
275,NHS,Nhs,4810,homologene,0.6966762425448884,0.6051524710830704,0.8119085173501577,0.700948247424758,tau,0.2214476162418872,5.201248364097525e-41,0.2214476162418872,14,0.08697729649989136,3654,3.3143400062955353,1.3332876498693293,11.411992263056092,10,8
276,RARB,Rarb,5915,homologene,0.6964633872296858,0.8646161934805469,0.5018401682439538,0.6587102063902794,upstroke_downstroke_ratio_long_square,-0.3479986026176037,1.6851578553325433e-103,0.3479986026176037,17,0.13685380347186726,3654,1.3275191128188266,0.6570006151557202,3.8684719535783367,10,3
277,KHDRBS2,Khdrbs2,202559,homologene,0.6964579619461477,0.7789169295478443,0.5983175604626709,0.6826709874384148,upstroke_downstroke_ratio_long_square,0.2928023657049884,2.730150616179321e-72,0.2928023657049884,16,0.12379737405652803,3654,2.2058923226492912,1.062437555408581,8.181818181818182,9,6
278,NR2F2,Nr2f2,7026,homologene,0.6960738656647916,0.953732912723449,0.40667718191377505,0.6227852063470909,upstroke_downstroke_ratio_long_square,0.4326251050539651,3.821806707047676e-165,0.4326251050539651,18,0.16175004810374408,3654,0.8107182756526499,0.5312187777042905,2.7079303675048356,10,3
279,DAB1,Dab1,1600,homologene,0.6957862303529276,0.7231861198738171,0.6625920084121977,0.6922263673272038,tau,-0.2833758720309973,2.0321159937530708e-67,0.2833758720309973,15,0.10850991442724967,3654,3.0858943373556715,1.0197258046984654,14.318181818181818,8,6
280,ABCC8,Abcc8,6833,homologene,0.6957278199646459,0.6198738170347003,0.7907465825446898,0.7001164920419469,threshold_i_long_square,0.2084921849959556,2.1657434350635616e-36,0.2084921849959556,15,0.08941093702855128,3654,3.247564772353615,1.278972158746444,9.772727272727273,10,7
281,EFR3A,Efr3a,23167,homologene,0.6947674615091488,0.6921661409043113,0.6979495268138801,0.6950518185867537,upstroke_downstroke_ratio_long_square,-0.3069063355138788,1.1617641403752999e-79,0.3069063355138788,13,0.10835782999174373,3654,2.065608637901927,0.7956071313058053,8.51063829787234,10,5
282,GCC2,Gcc2,9648,homologene,0.6936058610074164,0.6553627760252366,0.7409305993690851,0.6968345100844002,upstroke_downstroke_ratio_long_square,-0.2077917028252172,2.2435108263910632e-36,0.2077917028252172,16,0.10800347996322719,3654,2.4598006924967093,1.1752071114975826,9.284332688588007,10,5
283,HSPA12A,Hspa12a,259217,homologene,0.6928800540503084,0.7552576235541535,0.6181650893796005,0.6832817108403956,upstroke_downstroke_ratio_long_square,-0.2364366272961157,5.742004842349905e-47,0.2364366272961157,18,0.14105115019143868,3654,1.897999668791463,1.1883821397914525,5.996131528046422,10,6
284,RAPGEF4,Rapgef4,11069,homologene,0.6926917740526681,0.6503680336487907,0.745136698212408,0.6961415726818476,threshold_i_short_square,0.1850997017359905,1.611291613635595e-28,0.1850997017359905,17,0.0939881743515892,3654,2.528316554801555,0.5829733336349037,9.284332688588007,10,4
285,DNER,Dner,92737,homologene,0.692530802969493,0.620136698212408,0.7831230283911671,0.6968811441850039,upstroke_downstroke_ratio_long_square,0.2869131590387009,2.39511906327962e-69,0.2869131590387009,11,0.0919906659776388,3654,3.046352726844483,1.2203980046359102,9.772727272727273,10,5
286,CLIP4,Clip4,79745,homologene,0.6913531849722867,0.7589379600420609,0.6105415352260778,0.6807078281211606,upstroke_downstroke_ratio_long_square,-0.2561979059293561,3.8292821163795134e-55,0.2561979059293561,17,0.15686027899000266,3654,1.8201471901681987,0.5786356771395198,5.909090909090909,10,4
287,PLCH1,Plch1,23007,homologene,0.6909368859502407,0.5325972660357519,0.8948475289169296,0.6903574055661351,upstroke_downstroke_ratio_long_square,-0.1613383348193903,2.591996101713422e-22,0.1613383348193903,15,0.08659288129687832,3654,4.702339325122143,1.897696576612773,20.0,10,8
288,NTN4,Ntn4,59277,homologene,0.6903465107750184,0.8065194532071503,0.5536277602523659,0.6682152037173634,upstroke_downstroke_ratio_long_square,-0.3653341563120466,1.1628660043826414e-114,0.3653341563120466,15,0.12950796180383933,3654,1.85309865119947,0.8977041672424344,7.5,9,5
289,FAT1,Fat1,2195,homologene,0.6899154472562186,0.5184016824395373,0.9118033648790748,0.6875175622537534,threshold_i_short_square,0.1714040164969765,1.4345482695532163e-24,0.1714040164969765,14,0.07019024819111247,3654,6.525747189464061,2.601261304567745,19.922630560928432,10,9
290,RGS6,Rgs6,9628,homologene,0.6895029907074695,0.7896950578338591,0.5709779179810726,0.6714897169442876,tau,0.3452584715486758,1.519825833617909e-101,0.3452584715486758,15,0.1821294877435391,3654,1.9990113899491384,0.4864107447507337,7.7272727272727275,9,4
291,BCL11A,Bcl11a,53335,homologene,0.6894516770611504,0.6359095688748685,0.7560462670872766,0.6933808879345635,latency,0.2655905250404478,4.2081709082495705e-58,0.2655905250404478,13,0.1038040897002383,3654,2.8432623457526507,1.0593112309935855,8.863636363636363,10,5
292,PLCL2,Plcl2,23228,homologene,0.6892461158461054,0.6054153522607781,0.7945583596214512,0.6935689073062365,upstroke_downstroke_ratio_long_square,-0.1769945802952837,1.2384510704991895e-26,0.1769945802952837,16,0.10517943042232943,3654,2.844851562403662,1.16043875028946,11.818181818181818,10,6
293,MCTP1,Mctp1,79772,homologene,0.689035278872743,0.7095162986330178,0.6641692954784438,0.6864684553521484,threshold_i_short_square,0.2732089123877793,5.578729929112043e-62,0.2732089123877793,15,0.1264531239875032,3654,2.649790524636642,0.8074220622278424,10.681818181818182,9,5
294,PLXNA2,Plxna2,5362,homologene,0.6878826329395684,0.564931650893796,0.8443743427970557,0.6906618502919535,upstroke_downstroke_ratio_long_square,-0.2325961556679697,1.852699744471119e-45,0.2325961556679697,12,0.07933839218516783,3654,3.8799680494225965,1.819698394620063,12.959381044487428,10,8
295,GABRD,Gabrd,2563,homologene,0.6854578053774333,0.9550473186119874,0.3843322818086225,0.6058510668451048,ri,-0.5423882702847134,5.40820672270978e-276,0.5423882702847134,17,0.29878945454123834,3654,1.2688527986101892,0.850488011651414,3.6750483558994196,9,5
296,ANO5,Ano5,203859,homologene,0.6854192538249504,0.6282860147213459,0.756572029442692,0.6894516844770123,tau,0.2151041751362182,1.0209231132507324e-38,0.2151041751362182,15,0.07450358003243666,3654,2.9745754014983046,1.4552258574105021,8.51063829787234,10,7
297,TMTC1,Tmtc1,83857,homologene,0.685363645395319,0.7839116719242902,0.5687434279705573,0.6677159661984665,upstroke_downstroke_ratio_long_square,-0.3769847617074567,1.422014082485632e-122,0.3769847617074567,14,0.09814472723194037,3654,2.621731665572029,1.0049574434903426,8.480565371024735,8,5
298,MLIP,Mlip,90523,homologene,0.6848342310882616,0.7177970557308097,0.6449789695057834,0.6804145834118659,upstroke_downstroke_ratio_long_square,0.4216447181070098,4.0772868506525884e-156,0.4216447181070098,10,0.093856431604037,3654,1.8731137490106007,0.6617387867588151,7.045454545454546,10,4
299,SERPINI1,Serpini1,5274,homologene,0.6848021258988937,0.8112513144058885,0.536540483701367,0.6597493256038275,upstroke_downstroke_ratio_long_square,-0.2906482702284612,3.3412529027636718e-71,0.2906482702284612,17,0.13525597229392278,3654,1.3898039553887618,0.5312187777042905,4.7727272727272725,10,3
300,OXR1,Oxr1,55074,homologene,0.6843137406905448,0.8020504731861199,0.5458727655099895,0.6616777991414726,upstroke_downstroke_ratio_long_square,-0.3592663716214839,1.16184826068053e-110,0.3592663716214839,15,0.11209959231931127,3654,1.9211350533707041,1.0666301198954637,7.156673114119923,9,6
301,THSD7A,Thsd7a,221981,homologene,0.6841242213402261,0.5389064143007362,0.8703995793901157,0.6848824105917717,tau,0.1801528015216661,2.2350065820696034e-27,0.1801528015216661,14,0.095119248411208,3654,4.572805594643214,1.5678092258543201,14.545454545454545,10,6
302,XKR4,Xkr4,114786,homologene,0.6840509617638125,0.6921661409043113,0.6741587802313355,0.6831031263795249,upstroke_downstroke_ratio_long_square,-0.2843697549653003,4.230007993997546e-68,0.2843697549653003,14,0.08881284703374924,3654,2.147442780942355,1.0220203416609066,7.2727272727272725,10,6
303,SPOCK3,Spock3,50859,homologene,0.684038949976604,0.6230283911671924,0.7601209253417456,0.6881692504087823,threshold_i_short_square,0.189262783216503,8.660401036106546e-30,0.189262783216503,16,0.08070865324882665,3654,2.4112093260279024,0.7831079464700337,10.909090909090908,10,5
304,DENND5B,Dennd5b,160518,homologene,0.6838254687711203,0.6666666666666666,0.7049158780231335,0.6855245573151183,upstroke_downstroke_ratio_long_square,-0.2666066737654928,9.487740211632824e-60,0.2666066737654928,14,0.09517600713669234,3654,2.31940207419829,0.8965629809261764,7.7369439071566735,10,5
305,ITSN1,Itsn1,6453,homologene,0.683401688417138,0.5791272344900105,0.8153259726603576,0.6871517123275404,upstroke_downstroke_ratio_long_square,-0.165236089353278,2.3825996346233376e-23,0.165236089353278,16,0.09814074433725344,3654,3.417413587846883,1.4444638730440782,11.411992263056092,10,6
306,SYTL2,Sytl2,54843,homologene,0.6829594191104096,0.7991587802313354,0.546267087276551,0.6607224372975787,upstroke_downstroke_ratio_long_square,-0.313162651747651,4.806741651422306e-83,0.313162651747651,16,0.1783204626236114,3654,1.811445559849496,0.5682327745471896,7.350096711798839,9,4
307,SORBS1,Sorbs1,10580,homologene,0.6815151228013682,0.6593059936908517,0.7088590956887487,0.6836337107471142,tau,-0.1886123605321063,6.30485835470008e-30,0.1886123605321063,17,0.1070592788038217,3654,2.4325783776146777,0.9817898098068207,7.7272727272727275,10,5
308,CHSY3,Chsy3,337876,homologene,0.6781072595361586,0.7260778128286014,0.6203995793901157,0.671161954883737,upstroke_downstroke_ratio_long_square,0.3697777128200227,1.2362778275551091e-117,0.3697777128200227,12,0.1069081573496322,3654,1.8585067119271828,0.7831079464700337,6.189555125725338,10,5
309,PLCB1,Plcb1,23236,homologene,0.6771157796594909,0.5289169295478443,0.8675078864353312,0.6773770055529752,fast_trough_v_long_square,-0.1758329244710142,4.675735350394767e-26,0.1758329244710142,14,0.0749319473936721,3654,3.9555233689700606,1.183369864291377,17.045454545454547,10,6
310,ACSL3,Acsl3,2181,homologene,0.675819253869757,0.8475289169295479,0.4776550998948475,0.6362597814413191,upstroke_downstroke_ratio_long_square,-0.3242134829868829,3.1085853009255768e-89,0.3242134829868829,17,0.11936471361103013,3654,1.3874872902665625,0.516906836610266,6.382978723404255,9,3
311,IQSEC1,Iqsec1,9922,homologene,0.6757927557398348,0.7145110410094637,0.629074658254469,0.67043328448256,upstroke_downstroke_ratio_long_square,-0.326000753348582,2.943300366691622e-90,0.326000753348582,13,0.09320594071566304,3654,1.9647050220055065,1.2278752790625633,6.189555125725338,10,7
312,TMEM130,Tmem130,222865,homologene,0.6757299577079536,0.8614616193480548,0.4624079915878023,0.6311471597279907,ri,0.3409819301878657,1.0240044138694643e-98,0.3409819301878657,17,0.1534605079677318,3654,1.4870549823530808,0.69498292644162,5.454545454545454,9,5
313,DYNC1I1,Dync1i1,1780,homologene,0.6755594083702084,0.6979495268138801,0.6483964248159833,0.6727168630918413,threshold_i_long_square,-0.2645988863345624,1.4010201234509785e-58,0.2645988863345624,15,0.13362201185438358,3654,2.321239589225237,1.9286619050141838,5.802707930367505,10,8
314,APBA1,Apba1,320,homologene,0.6747031058630865,0.7003154574132493,0.643664563617245,0.6713927638054423,tau,-0.2147445391820042,1.3618346660864502e-38,0.2147445391820042,17,0.09225710921653857,3654,2.1787326424761444,1.1883821397914525,6.136363636363637,10,6
315,PDE4B,Pde4b,5142,homologene,0.6741919760217749,0.8935331230283912,0.4252103049421661,0.6163923196462041,upstroke_downstroke_ratio_long_square,0.4338951208974184,3.3503230425881924e-166,0.4338951208974184,16,0.20193841666352616,3654,1.7209178148660034,0.7678366359327224,5.415860735009671,8,5
316,DYNC2H1,Dync2h1,79659,homologene,0.6737763556098857,0.500788643533123,0.8980021030494217,0.670603649763414,upstroke_downstroke_ratio_long_square,-0.1616498274945189,2.1554485011227353e-22,0.1616498274945189,14,0.06556986262468047,3654,5.883915196708521,2.3837349460731394,16.634429400386846,10,9
317,NF1,Nf1,4763,homologene,0.6717797571977298,0.49079915878023134,0.9070715036803364,0.6672255472925394,upstroke_downstroke_ratio_long_square,-0.1701444295574535,1.0935007053329251e-24,0.1701444295574535,13,0.0574115003052882,3654,7.766497887985691,5.9181859251810724,17.272727272727273,10,9
318,TNIK,Tnik,23043,homologene,0.6703774284345919,0.5546792849631966,0.817429022082019,0.6733579623622338,ri,0.1534077826771182,4.0582221846119455e-20,0.1534077826771182,16,0.0784174441172403,3654,3.552229523504701,1.8896140658213785,11.218568665377177,10,8
319,BDP1,Bdp1,55814,homologene,0.6700802987354482,0.5683491062039958,0.798764458464774,0.6737782024048959,upstroke_downstroke_ratio_long_square,-0.2152323228602572,5.572179273621496e-39,0.2152323228602572,13,0.07941915203655674,3654,3.3712866996819146,1.4677117487300002,10.058027079303676,10,7
320,NOL4,Nol4,8715,homologene,0.6684357893770878,0.5654574132492113,0.798764458464774,0.672061964761359,tau,-0.1967039199006844,1.7886005107687748e-32,0.1967039199006844,14,0.09194144338807679,3654,3.2541807447393567,1.507204888001111,10.444874274661508,10,6
321,RALYL,Ralyl,138046,homologene,0.6683982958837622,0.8551524710830704,0.4541272344900105,0.6231757591243849,tau,0.3764236842767827,5.31211088537103e-122,0.3764236842767827,16,0.1306315566890529,3654,1.66284268606125,0.9090525308529052,4.6421663442940035,9,5
322,KCNJ3,Kcnj3,3760,homologene,0.66684802140963,0.7828601472134595,0.5304942166140905,0.6444398967432073,tau,-0.273014141418018,1.7873886926082685e-62,0.273014141418018,17,0.1504557825899545,3654,2.689673543547428,0.6646406365138153,8.181818181818182,7,4
323,ADRA1A,Adra1a,148,homologene,0.6666479368117952,0.8475289169295479,0.4587276550998949,0.6235262245426773,adaptation,-0.3243098507492949,1.4068704498948518e-88,0.3243098507492949,17,0.15317479755304234,3654,1.6397849641218074,0.7645569116740365,4.835589941972921,9,5
324,WASF3,Wasf3,10810,homologene,0.6662445953515096,0.7389589905362777,0.5795215562565721,0.654402524601922,threshold_i_long_square,0.2421607517698128,4.9867628417445195e-49,0.2421607517698128,17,0.1456212724211265,3654,1.7441807493818335,0.4738821381214269,5.029013539651838,10,4
325,PRMT8,Prmt8,56341,homologene,0.6662191011265017,0.8998422712933754,0.402602523659306,0.6018959788186284,tau,-0.3863021028837877,6.114208086260633e-129,0.3863021028837877,17,0.13773459533160712,3654,1.5508878706238094,0.7125330482603252,5.222437137330754,8,4
326,PCDH7,Pcdh7,5099,homologene,0.665603858384049,0.6876971608832808,0.638801261829653,0.6627984717309702,upstroke_downstroke_ratio_long_square,-0.2819845111944999,6.168205142838949e-67,0.2819845111944999,14,0.11369687146315505,3654,2.3744921574920714,1.396661733428731,5.2434456928838955,10,5
327,PTPRD,Ptprd,5789,same-symbol,0.6649856032238357,0.4745005257623554,0.9136435331230284,0.658425650188579,fast_trough_v_long_square,0.1750993478639682,7.537913256563347e-26,0.1750993478639682,12,0.0822268958864123,3654,6.499827583954081,2.2224394548696185,21.59090909090909,10,8
328,TOX3,Tox3,27324,homologene,0.6641889826150968,0.9045741324921136,0.39366456361724506,0.5967401286380496,threshold_i_long_square,0.3651205795177332,5.387933846373834e-114,0.3651205795177332,18,0.2152837790691445,3654,1.2510069252142908,0.6151370897441877,4.061895551257253,9,3
329,CACNA1C,Cacna1c,775,homologene,0.6640097281441242,0.556782334384858,0.7999474237644585,0.6673803967668877,tau,0.2081150612193857,2.8238029603585995e-36,0.2081150612193857,13,0.08012658006526163,3654,5.876511159688859,2.6469551470352606,18.863636363636363,9,8
330,COL24A1,Col24a1,255631,homologene,0.6639729053222096,0.5126182965299684,0.858832807570978,0.6635159461694081,threshold_i_short_square,-0.1687866240412355,7.346387886527547e-24,0.1687866240412355,14,0.07220474339564897,3654,4.245271033804979,1.9989305264342905,14.090909090909092,10,8
331,ENOX1,Enox1,55068,homologene,0.663929952984038,0.7981072555205048,0.507229232386961,0.6362572833218727,upstroke_downstroke_ratio_long_square,-0.3548932703498204,7.470850286777729e-108,0.3548932703498204,15,0.1310759074321947,3654,1.9477260969040344,0.9364929710257095,5.609284332688588,9,5
332,GPR158,Gpr158,57512,homologene,0.662985739014865,0.5018401682439537,0.8711882229232387,0.6612089264097614,ri,-0.1623354054705353,2.151416730893173e-22,0.1623354054705353,14,0.07720008577930644,3654,4.891635103788089,1.6477054260059258,13.636363636363637,10,7
333,PHACTR1,Phactr1,221692,homologene,0.6621311107649113,0.7797055730809673,0.5240536277602524,0.6392241658119376,tau,-0.2937378283674878,1.5127971446331274e-72,0.2937378283674878,16,0.13086777770116836,3654,1.359858920984398,0.7700263194531918,4.448742746615087,10,4
334,CDKL5,Cdkl5,6792,homologene,0.6607680444697366,0.5799158780231335,0.7623554153522608,0.6649075199301757,tau,-0.2425174216348467,3.581951250572494e-49,0.2425174216348467,12,0.07514621419848665,3654,2.525847622909155,0.9259171743044693,10.638297872340425,10,5
335,KCNB1,Kcnb1,3745,homologene,0.660369585691293,0.5383806519453207,0.8158517350157729,0.6627509253018911,tau,0.1638317297029489,8.456526621908697e-23,0.1638317297029489,15,0.08597341196469054,3654,3.3278638988279448,1.0839977126762161,11.818181818181818,10,5
336,PLD5,Pld5,200150,homologene,0.6594883661800083,0.6887486855941115,0.6240799158780231,0.65561743552675,upstroke_downstroke_ratio_long_square,0.3573113947872777,2.098271207196999e-109,0.3573113947872777,11,0.09330513448220773,3654,2.0903762035413007,1.6336844381084934,5.609284332688588,10,6
337,ABR,Abr,29,homologene,0.65927316497694,0.6837539432176656,0.6296004206098843,0.6561187165776551,upstroke_downstroke_ratio_long_square,-0.2546881119757193,1.7243549107449547e-54,0.2546881119757193,15,0.10712662617203945,3654,1.7604340552435904,0.8790128591074711,6.769825918762089,10,5
338,CLEC16A,Clec16a,23274,homologene,0.6591972553765394,0.7773396424815983,0.5205047318611987,0.6360888005420032,upstroke_downstroke_ratio_long_square,-0.2693017037070433,5.5786380207949616e-61,0.2693017037070433,17,0.15438155591684144,3654,2.0708282410347367,0.6788782462723413,5.681818181818182,9,4
339,COL16A1,Col16a1,1307,homologene,0.6588819958035681,0.5878023133543638,0.7478969505783386,0.6630351104584294,upstroke_downstroke_ratio_long_square,-0.190001320519634,1.5413806559225346e-30,0.190001320519634,15,0.08638288410157433,3654,2.841517350157145,1.0098512120254133,8.51063829787234,10,6
340,EPHA6,Epha6,285220,homologene,0.6576665131362917,0.48343848580441645,0.8839379600420609,0.6537045425479149,upstroke_downstroke_ratio_long_square,-0.2297478633794083,2.341204446858832e-44,0.2297478633794083,8,0.0627498831604762,3654,4.422169353555093,1.0049574434903426,18.863636363636363,10,5
341,CADPS,Cadps,8618,homologene,0.6575814456872883,0.529968454258675,0.820583596214511,0.6594569129790279,adaptation,-0.1439011960483547,9.630251903860812e-18,0.1439011960483547,16,0.08347131602920915,3654,3.6143666762570144,1.7111214030179442,11.218568665377177,10,7
342,PKP2,Pkp2,5318,homologene,0.6565027762142027,0.5991062039957938,0.728049421661409,0.660438434173012,upstroke_downstroke_ratio_long_square,0.1749846883640752,4.707963886658884e-26,0.1749846883640752,16,0.09841957939500813,3654,2.4250851587319007,1.062437555408581,8.636363636363637,10,6
343,GNPTAB,Gnptab,79158,homologene,0.6564766038253167,0.6027865404837013,0.7233175604626708,0.6603075722285818,upstroke_downstroke_ratio_long_square,-0.2200872728783077,9.79713935256394e-41,0.2200872728783077,14,0.08195928417286645,3654,2.0235425060946213,0.8241052908944726,10.058027079303676,10,4
344,WNK2,Wnk2,65268,homologene,0.6564552553243637,0.566508937960042,0.7698475289169294,0.6603979906070978,upstroke_downstroke_ratio_long_square,-0.1968636307524111,1.0148932051317572e-32,0.1968636307524111,14,0.08919556003336959,3654,2.8663095937392913,1.335886881441959,9.545454545454545,10,5
345,MYRIP,Myrip,25924,homologene,0.6563207634214648,0.7292323869610936,0.5694006309148265,0.6443798423439172,upstroke_downstroke_ratio_long_square,-0.2863270064459914,4.63338855914901e-69,0.2863270064459914,15,0.09187276631223874,3654,2.154750274611187,0.8532459938513195,7.2727272727272725,9,4
346,SMARCA2,Smarca2,6595,homologene,0.6558788532392648,0.5523133543638276,0.7870662460567823,0.6593232882783431,upstroke_downstroke_ratio_long_square,-0.2205082275927281,6.891196094571676e-41,0.2205082275927281,12,0.07303838726449949,3654,3.2067171357835114,1.646430446320636,9.671179883945841,10,7
347,SRGAP3,Srgap3,9901,homologene,0.6547598550179626,0.5218191377497371,0.8249211356466878,0.656094227771201,upstroke_downstroke_ratio_long_square,-0.1546577516145112,1.3531988793778346e-20,0.1546577516145112,15,0.08698816588210226,3654,3.142025390269769,1.5936563331128717,13.636363636363637,10,6
348,HECW1,Hecw1,23072,homologene,0.6543123914029116,0.4687171398527865,0.8964248159831757,0.6482049643752311,tau,0.1721611634104591,4.420184092078326e-25,0.1721611634104591,12,0.0614791933258616,3654,5.809256949455267,1.9897115429456986,16.363636363636363,10,8
349,MAP1B,Map1b,4131,homologene,0.6541892238264768,0.5099894847528917,0.8395110410094637,0.6543254566718157,tau,0.1500115744026108,2.753246533016738e-19,0.1500115744026108,15,0.07527097050904356,3654,3.695437199563103,1.3417671643471287,12.76595744680851,10,6
350,CAP2,Cap2,10486,homologene,0.6540944023741444,0.8296529968454259,0.45215562565720296,0.6124804240684081,threshold_i_short_square,0.3102769312057351,1.5443734098722335e-80,0.3102769312057351,17,0.18294657429491165,3654,1.377277253571793,0.4817587587361183,5.454545454545454,9,4
351,NPAS2,Npas2,4862,homologene,0.653747080494371,0.7147739221871715,0.5807045215562566,0.6442611648272697,tau,-0.2766610850973654,3.416339867610737e-64,0.2766610850973654,15,0.10543131766020049,3654,1.5791688283109049,0.7107393841992545,5.609284332688588,10,3
352,OSBPL6,Osbpl6,114880,homologene,0.6535105971487646,0.581230283911672,0.7440851735015773,0.6576357933148009,upstroke_downstroke_ratio_long_square,-0.2604278236255153,5.453660769146903e-57,0.2604278236255153,11,0.06272604494471604,3654,2.5229962924426887,0.810548386642838,9.284332688588007,10,5
353,SLC4A8,Slc4a8,9498,homologene,0.6534603502935203,0.6424815983175605,0.6669295478443743,0.6545914465254351,upstroke_downstroke_ratio_long_square,-0.22634898915402,4.589381544077782e-43,0.22634898915402,15,0.11268629214439566,3654,2.645023462352567,0.686052902516624,10.909090909090908,9,4
354,ZFYVE28,Zfyve28,57732,homologene,0.6524486493072725,0.6816508937960042,0.6171135646687698,0.6485799973250063,ri,-0.2272776915575837,3.686126877550496e-43,0.2272776915575837,16,0.12164273470965381,3654,1.9645363259344826,0.6788782462723413,5.681818181818182,10,4
355,DLC1,Dlc1,10395,homologene,0.6523634382652183,0.5428496319663513,0.7914037854889591,0.6554488947961227,threshold_i_long_square,0.1484794030939752,6.085729959868219e-19,0.1484794030939752,16,0.0906634502017003,3654,3.5625228764750316,1.2863833346723315,9.284332688588007,10,6
356,NAV2,Nav2,89797,homologene,0.6517098948700029,0.48002103049421657,0.8746056782334385,0.6479422188295098,avg_isi,0.1660920665807189,3.194643750470301e-23,0.1660920665807189,13,0.06561727619441587,3654,4.621316043649944,2.4222661866835273,15.087040618955513,10,8
357,CDH10,Cdh10,1008,homologene,0.6511038838883365,0.4647739221871714,0.8943217665615143,0.6447150030378965,sag,0.1474480997880672,4.026234702438319e-18,0.1474480997880672,14,0.07269568109056962,3654,5.584563492991535,2.1689436747599258,16.25441696113074,10,7
358,NRG3,Nrg3,10718,homologene,0.6509592933375549,0.7202944269190326,0.568217665615142,0.6397530912934529,upstroke_downstroke_ratio_long_square,-0.3076335770014688,4.7346821889919426e-80,0.3076335770014688,14,0.10276473907522155,3654,2.726332969458465,0.585069615878345,7.954545454545454,8,4
359,RPS6KA2,Rps6ka2,6196,homologene,0.6506358337083831,0.7192429022082019,0.5687434279705573,0.6395816396249857,upstroke_downstroke_ratio_long_square,-0.279732681730634,7.439687614605179e-66,0.279732681730634,15,0.09096258768770622,3654,2.182841127798562,1.062437555408581,7.156673114119923,9,6
360,FMN2,Fmn2,56776,homologene,0.6504086913414768,0.4514984227129337,0.9112776025236592,0.6414362011868803,upstroke_downstroke_ratio_long_square,-0.1962213492741333,1.6404254440917474e-32,0.1962213492741333,9,0.05405549247936017,3654,6.112744553649974,2.4306392612701373,21.59090909090909,10,8
361,PRICKLE1,Prickle1,144165,homologene,0.649659817131107,0.7631440588853837,0.5162986330178759,0.6277023453821381,ri,-0.2602173815694758,1.3364163053797725e-56,0.2602173815694758,17,0.16191835137227792,3654,1.958462330424652,1.0366706901524294,5.909090909090909,9,5
362,SGCZ,Sgcz,137868,homologene,0.6495109353346975,0.6109358569926394,0.697292323869611,0.6526874316682296,upstroke_downstroke_ratio_long_square,0.2276588484466874,1.4659023270411211e-43,0.2276588484466874,14,0.0727080178669268,3654,2.011232136608213,0.810548386642838,8.636363636363637,10,5
363,KIF5C,Kif5c,3800,homologene,0.649302462920208,0.5883280757097792,0.7254206098843322,0.6532880769564554,adaptation,-0.1703891997734537,1.8314756859930606e-24,0.1703891997734537,16,0.09113080919563811,3654,2.330740411335961,1.3654236038582048,8.704061895551257,10,7
364,RXFP1,Rxfp1,59350,homologene,0.6489756438791239,0.6072555205047317,0.7007097791798107,0.6523111846953045,upstroke_downstroke_ratio_long_square,0.2617202427944161,1.4643587242365192e-57,0.2617202427944161,12,0.08252472568670441,3654,2.385143591960385,1.037093397479218,7.5,10,5
365,OSBPL8,Osbpl8,114882,homologene,0.6487160274243748,0.7681388012618297,0.5086750788643534,0.6250864462701388,ri,-0.26321056814228,6.440668716905855e-58,0.26321056814228,17,0.1376936589121597,3654,1.7126833560428665,1.0277023698470762,6.382978723404255,9,5
366,GAD1,Gad1,2571,homologene,0.647260570246503,0.6771819137749736,0.6110672975814931,0.6432757744712114,tau,-0.2913840108035083,2.300144259400789e-71,0.2913840108035083,13,0.09857595582666696,3654,1.8255594993018576,1.062437555408581,5.909090909090909,10,6
367,KCNAB1,Kcnab1,7881,homologene,0.6466666997358147,0.9056256572029443,0.3579127234490011,0.5693285039366967,upstroke_downstroke_ratio_long_square,-0.3911317964295805,1.2678154228383447e-132,0.3911317964295805,17,0.19177122837106295,3654,1.3014790279315662,0.4726304800921226,4.6421663442940035,8,4
368,ZMAT4,Zmat4,79698,homologene,0.6456679306578209,0.9479495268138801,0.31414300736067297,0.5457029550766966,tau,-0.4204079153329353,8.251106338649884e-155,0.4204079153329353,18,0.15718020763576102,3654,1.1316935075531824,0.6571633620871621,3.8636363636363638,8,4
369,ROBO1,Robo1,6091,homologene,0.6448159056203092,0.483701366982124,0.8533123028391167,0.6424549224233129,ri,0.1279611144047478,2.3748679021024148e-14,0.1279611144047478,16,0.06480721960820725,3654,4.494904335155093,1.742032740775703,12.379110251450676,10,9
370,LAMP5,Lamp5,24141,homologene,0.6446324126378334,0.826235541535226,0.43638275499474233,0.6004622734941095,upstroke_downstroke_ratio_long_square,0.3066856171157245,1.5185895242796595e-79,0.3066856171157245,17,0.15584239016863155,3654,1.503979573292419,0.5700264386082602,6.590909090909091,8,4
371,KIF21A,Kif21a,55605,homologene,0.6436972675906912,0.5068349106203995,0.8192691903259727,0.6443867059871048,tau,0.1655415679958918,2.926721976224425e-23,0.1655415679958918,14,0.06483252962083925,3654,3.5324180554895124,1.6813481609200938,11.411992263056092,10,7
372,NTNG1,Ntng1,22854,homologene,0.6436070497648477,0.7281808622502629,0.5432439537329127,0.6289513897285499,upstroke_downstroke_ratio_long_square,-0.2347036745207394,2.776287924155808e-46,0.2347036745207394,17,0.11429685057160507,3654,2.2402420325389594,1.0366706901524294,6.007067137809187,9,5
373,NFIB,Nfib,4781,homologene,0.6430975634486753,0.918769716088328,0.3378023133543638,0.5571019076745019,upstroke_downstroke_ratio_long_square,0.5412421041568266,2.686901926711781e-275,0.5412421041568266,16,0.14725732721133925,3654,1.2219696538329479,0.4545714653581494,4.25531914893617,8,4
374,CSRNP3,Csrnp3,80034,homologene,0.6426533210276094,0.7933753943217665,0.4679284963196635,0.6092970993546616,upstroke_downstroke_ratio_long_square,-0.3876258388057916,4.219181000319041e-130,0.3876258388057916,14,0.1100412727057084,3654,1.741400034070463,0.9410683956973627,4.835589941972921,9,5
375,DSCAML1,Dscaml1,57453,homologene,0.6425078210690871,0.44926393270241854,0.8956361724500526,0.6343319549774015,latency,0.2056979361028998,9.176627692493715e-35,0.2056979361028998,8,0.06562309818955675,3654,5.47735592438038,3.0069325015755686,17.045454545454547,10,8
376,SLC9A9,Slc9a9,285195,homologene,0.6421189473660996,0.6950578338590957,0.5786014721345952,0.6341620344119914,upstroke_downstroke_ratio_long_square,-0.3101333401778297,2.130053124421372e-81,0.3101333401778297,13,0.09739973169359656,3654,2.1677484849678854,0.6545641305145324,7.5,9,4
377,STRBP,Strbp,55342,homologene,0.6412898702309812,0.8341219768664564,0.4211356466876972,0.5926875215019087,upstroke_downstroke_ratio_long_square,-0.3127575527441888,7.990944446185755e-83,0.3127575527441888,17,0.1509615418964032,3654,1.37869185028949,0.43950642955373553,6.576402321083172,8,3
378,GOLIM4,Golim4,27333,homologene,0.6409643718987303,0.7965299684542587,0.46096214511041006,0.6059456765283522,upstroke_downstroke_ratio_long_square,-0.3119692037099574,2.1433178224710816e-82,0.3119692037099574,16,0.14241749519252664,3654,1.4182189682371358,0.5607555001205362,5.609284332688588,9,4
379,UST,Ust,10090,homologene,0.6409590635636925,0.968454258675079,0.2856203995793901,0.5259375365356024,upstroke_downstroke_ratio_long_square,0.4900402964427147,1.939013054795707e-218,0.4900402964427147,18,0.18600742162356823,3654,0.9707326426093996,0.5333150599477319,3.481624758220503,8,3
380,CDK14,Cdk14,5218,homologene,0.6403144408657822,0.7594637223974764,0.5006572029442692,0.6166287237821179,upstroke_downstroke_ratio_long_square,0.2563003568108918,3.468171283689537e-55,0.2563003568108918,17,0.15020850883089776,3654,1.3415571566861542,0.7931807938620856,3.8636363636363638,10,5
381,CPNE4,Cpne4,131034,homologene,0.6400663413055014,0.7163512092534173,0.5492902208201893,0.6272835992719874,f_i_curve_slope,-0.2509038065196358,2.390063545718965e-52,0.2509038065196358,16,0.12168308255034908,3654,2.2946022103191535,0.9364929710257095,8.409090909090908,8,5
382,SV2C,Sv2c,22987,homologene,0.6395110512197627,0.6756046267087276,0.5959516298633017,0.6345294937433986,upstroke_downstroke_ratio_long_square,0.2204270223628993,7.362009988676491e-41,0.2204270223628993,16,0.10322881449535624,3654,2.486249329747001,1.04247438966243,7.350096711798839,9,5
383,DOK5,Dok5,55816,homologene,0.6370625757289139,0.8580441640378549,0.3874868559411146,0.5766115116624454,threshold_i_long_square,0.3360354570073883,1.1083919860255016e-95,0.3360354570073883,17,0.17905766439395507,3654,1.5117309751057497,0.7483727609085287,4.835589941972921,8,4
384,CNTN6,Cntn6,27255,homologene,0.6368602327808603,0.4656940063091482,0.8593585699263934,0.6326121523375301,upstroke_downstroke_ratio_long_square,-0.204324258278479,3.4056692355384525e-35,0.204324258278479,9,0.0668406122865925,3654,4.445293896098781,1.7901616722038174,13.346228239845262,10,8
385,PDE2A,Pde2a,5138,homologene,0.6367088444080754,0.6545741324921136,0.6150105152471084,0.6344840222506819,tau,0.2599726080912771,1.436269501812865e-56,0.2599726080912771,14,0.09325109499290521,3654,1.9253801294849118,1.3501499133255463,5.802707930367505,10,6
386,DYNC1H1,Dync1h1,1778,homologene,0.6361001742621128,0.439931650893796,0.8935331230283912,0.6269716914998391,upstroke_downstroke_ratio_long_square,-0.1786892575755955,3.9727505181004536e-27,0.1786892575755955,10,0.051621996706431666,3654,5.553438632122811,3.1279707561011483,16.247582205029012,10,9
387,SLC6A17,Slc6a17,388662,homologene,0.6356627299047377,0.6516824395373292,0.6161934805467929,0.6336895696078102,tau,-0.1856427005051592,5.076690246406453e-29,0.1856427005051592,17,0.11167669024081525,3654,1.9783437440012421,1.1883821397914525,5.609284332688588,10,6
388,LIMCH1,Limch1,22998,homologene,0.6340156525802614,0.5930599369085173,0.6848054679284964,0.6372838359822739,avg_isi,-0.2359553058579975,3.7070183003789626e-46,0.2359553058579975,13,0.08012601733180334,3654,2.7261577476489656,0.6696625469229337,12.045454545454545,9,4
389,GARNL3,Garnl3,84253,homologene,0.6339188952704985,0.7292323869610935,0.5212933753943217,0.6165581987499692,tau,0.260880141712993,5.74852127143006e-57,0.260880141712993,16,0.09844183928815588,3654,1.8120472364987283,0.8063416786543214,6.576402321083172,9,4
390,SLC35F4,Slc35f4,341880,homologene,0.6327462503166174,0.7105678233438485,0.5402208201892745,0.619567213728197,upstroke_downstroke_ratio_long_square,0.2469466012206207,3.1999060429282574e-51,0.2469466012206207,16,0.1271991595408494,3654,1.7710443435542391,0.6571633620871621,7.2727272727272725,9,4
391,LRRTM3,Lrrtm3,347731,homologene,0.6325672064226884,0.6398527865404837,0.6236855941114615,0.6317174727022957,upstroke_downstroke_ratio_long_square,-0.2215966275038676,2.7307998019467036e-41,0.2215966275038676,15,0.1290352117193826,3654,1.8302464174016027,0.5312187777042905,6.382978723404255,10,4
392,PTPRR,Ptprr,5801,homologene,0.6325169674412083,0.6411671924290221,0.6219768664563617,0.6314991379421085,upstroke_downstroke_ratio_long_square,-0.2845543236508658,3.467414186130384e-68,0.2845543236508658,12,0.09355923930249471,3654,2.420804486334037,0.7602429309688823,8.636363636363637,9,4
393,CDH22,Cdh22,64405,homologene,0.6321791302927877,0.655888538380652,0.6034437434279706,0.6291198891085233,tau,0.2601670830916012,1.1853363016197117e-56,0.2601670830916012,14,0.1021268957130216,3654,2.1137151158693146,1.215822579964257,4.835589941972921,10,5
394,KIDINS220,Kidins220,57498,homologene,0.6309414265998107,0.49079915878023134,0.8111198738170348,0.6309492465637216,adaptation,-0.10680104982453,2.8123039081853875e-10,0.10680104982453,18,0.07256684388950617,3654,3.3310806840898812,1.4402713085571957,11.218568665377177,10,6
395,SORL1,Sorl1,6653,homologene,0.6308631425165301,0.42665615141955837,0.8998422712933754,0.6196153971252374,threshold_i_ramp,0.1189061559982167,1.4255045587266312e-12,0.1189061559982167,15,0.06679981793944877,3654,4.815716446676347,1.4190798679726973,22.954545454545453,10,6
396,GOT1,Got1,2805,homologene,0.6303202286246161,0.8257097791798108,0.40772870662460564,0.5802289033754463,upstroke_downstroke_ratio_long_square,-0.2844082042074025,4.0708211483304006e-68,0.2844082042074025,18,0.1666201873107054,3654,1.150841240849945,0.3909622522273945,4.835589941972921,9,4
397,GABRB1,Gabrb1,2560,homologene,0.6291883428939067,0.6243427970557308,0.6351209253417456,0.6297088017460845,threshold_i_long_square,-0.1894178505671161,3.607366150683126e-30,0.1894178505671161,16,0.10900065286453596,3654,2.210883720724177,1.242847126410784,5.609284332688588,10,5
398,PTPRN2,Ptprn2,5799,homologene,0.6277852597608786,0.536540483701367,0.7430336487907466,0.6314013250925111,ri,0.1623971178088148,2.0777195544754005e-22,0.1623971178088148,15,0.08004751492705957,3654,3.87374724963745,1.550828151865569,13.636363636363637,9,7
399,GALNT18,Galnt18,374378,homologene,0.6274594685431294,0.6640378548895899,0.5833333333333334,0.6223788358807366,latency,-0.2853922508967187,2.542667624415557e-67,0.2853922508967187,13,0.10346494027546999,3654,1.686300581896997,1.046942172299312,5.2272727272727275,10,5
400,ASIC2,Asic2,40,homologene,0.6273773515501246,0.8057308096740273,0.4229758149316509,0.583784759853673,tau,0.3647733133669699,4.181199306700198e-114,0.3647733133669699,15,0.14284338314883044,3654,1.5989216264196813,0.5802629029461854,5.681818181818182,8,4
401,FGF13,Fgf13,2258,homologene,0.6273573933916187,0.7699789695057834,0.4617507886435331,0.5962704054438979,tau,-0.3189471905276245,5.063720183850733e-86,0.3189471905276245,15,0.1359762596447945,3654,1.5517035147678264,0.6993721634680893,5.222437137330754,9,5
402,MYO5A,Myo5a,4644,homologene,0.6266044973292635,0.4968454258675079,0.7928496319663512,0.6276334225033102,upstroke_downstroke_ratio_long_square,-0.1872564535018309,1.0762294530588235e-29,0.1872564535018309,12,0.0589202289589985,3654,3.0590618077297327,1.062437555408581,10.638297872340425,10,6
403,GALNTL6,Galntl6,442117,homologene,0.6249901895748169,0.6564143007360673,0.5870136698212408,0.6207448490307612,upstroke_downstroke_ratio_long_square,-0.2080085924711271,1.892014520496433e-36,0.2080085924711271,16,0.0841318306565742,3654,2.195067390023383,0.5228827355618663,7.7272727272727275,9,4
404,TLN2,Tln2,83660,homologene,0.6243968139923244,0.45820189274447953,0.8402996845425869,0.6205053633370161,tau,0.1773659170216128,1.4514480589132666e-26,0.1773659170216128,11,0.06038817632492609,3654,3.970466757762883,2.2645459692149927,12.272727272727273,10,8
405,SPTAN1,Sptan1,6709,homologene,0.6239689902349915,0.472397476340694,0.819794952681388,0.6223094622159673,threshold_i_long_square,0.1488208533496262,5.0492553575379855e-19,0.1488208533496262,14,0.07449201530650243,3654,3.505672889483594,1.933237329685837,11.60541586073501,10,8
406,AK5,Ak5,26289,homologene,0.6235237080945731,0.6866456361724501,0.5481072555205048,0.6134781619239699,latency,0.2991969092329074,4.874734953120298e-74,0.2991969092329074,13,0.08853323588677547,3654,1.9650133354676247,0.7107393841992545,7.045454545454546,9,4
407,STARD13,Stard13,90627,homologene,0.6233842061467674,0.6779705573080967,0.5579652996845427,0.6150480023426697,upstroke_downstroke_ratio_long_square,-0.2226498534085522,1.1098318936631823e-41,0.2226498534085522,16,0.09777259615520911,3654,2.4276460232434918,0.8642444978993482,8.409090909090908,8,5
408,KLF12,Klf12,11278,homologene,0.6221300871593997,0.8412197686645637,0.375,0.5616559563017305,upstroke_downstroke_ratio_long_square,-0.4070731648870101,1.3966445850909864e-144,0.4070731648870101,15,0.13215344823090824,3654,1.0778162918306444,0.516906836610266,4.061895551257253,9,3
409,GHR,Ghr,2690,homologene,0.6217724592074108,0.49237644584647744,0.7875920084121977,0.6227292781611339,upstroke_downstroke_ratio_long_square,0.1987679364924859,2.4140967782085856e-33,0.1987679364924859,11,0.05034506287031458,3654,2.571915625465641,0.6696625469229337,12.727272727272727,10,4
410,MEF2C,Mef2c,4208,homologene,0.6215908110791095,0.878286014721346,0.33622502628811773,0.5434167262683132,tau,-0.3300469544558959,2.1877823972121272e-92,0.3300469544558959,18,0.2028176527795115,3654,1.1474860246471017,0.585069615878345,4.448742746615087,8,4
411,TOX,Tox,9760,homologene,0.6213822644453362,0.7886435331230284,0.42902208201892744,0.5816747291667437,latency,0.2780829472577124,7.675596969936019e-64,0.2780829472577124,17,0.1137471439271404,3654,1.6715012749245521,0.5386960521309438,5.681818181818182,8,4
412,ST8SIA1,St8sia1,6489,homologene,0.62132836069413,0.7923238696109358,0.42494742376445843,0.5802551052582423,upstroke_downstroke_ratio_long_square,-0.430002138971648,5.910090222824385e-163,0.430002138971648,13,0.12929120724412527,3654,0.9166481269369852,0.5661364923037482,2.9013539651837523,10,4
413,SH3GL3,Sh3gl3,6457,homologene,0.6211172020037067,0.7917981072555205,0.4250788643533123,0.5801522560753158,threshold_i_long_square,-0.2794945258488947,1.753709165114985e-65,0.2794945258488947,17,0.16065097814649723,3654,1.4027286933797312,0.5312187777042905,4.448742746615087,9,4
414,FGF12,Fgf12,2257,homologene,0.6207160437037704,0.8764458464773922,0.3363564668769716,0.5429532469100192,upstroke_downstroke_ratio_long_square,-0.5144820979527358,2.3683535905427886e-244,0.5144820979527358,15,0.14293672109947808,3654,1.1271088893941088,0.405274193321419,4.545454545454546,8,4
415,CPNE5,Cpne5,57699,homologene,0.6206496885100026,0.804416403785489,0.41062039957939006,0.57472583476873,tau,0.4029483982713503,3.1765560675628e-141,0.4029483982713503,14,0.14015212670589083,3654,1.2908255723868602,0.6271236903417281,4.448742746615087,9,4
416,TACC1,Tacc1,6867,homologene,0.6177266216917643,0.7152996845425866,0.5026288117770767,0.599608397628117,upstroke_downstroke_ratio_long_square,-0.2498167545907841,2.0323866668064185e-52,0.2498167545907841,16,0.11154736560056452,3654,1.3338199136104056,0.6571633620871621,3.8684719535783367,10,4
417,CYFIP2,Cyfip2,26999,homologene,0.6173989625472711,0.5,0.7672187171398527,0.6193620577416139,tau,-0.1465613859378638,1.8377544500016852e-18,0.1465613859378638,15,0.06940240639701695,3654,2.6840688845873117,1.0689246568579045,10.058027079303676,10,6
418,RAPGEF2,Rapgef2,9693,homologene,0.6172848698038831,0.5011829652996845,0.7653785488958991,0.6193502165273024,upstroke_downstroke_ratio_long_square,-0.2181702666698127,4.907290799152716e-40,0.2181702666698127,10,0.05250425887173164,3654,2.8337887256687724,1.4677117487300002,9.477756286266924,10,6
419,NR3C2,Nr3c2,4306,homologene,0.6168531228042834,0.6682439537329127,0.555205047318612,0.6091078853147923,upstroke_downstroke_ratio_long_square,0.2432758786683857,1.0333691048382415e-49,0.2432758786683857,15,0.10206491822041139,3654,2.4371005196618336,1.0080468079643805,8.181818181818182,8,5
420,MAP7D2,Map7d2,256714,homologene,0.6158261841103112,0.5452155625657203,0.7043901156677181,0.6197132023601787,upstroke_downstroke_ratio_long_square,-0.2161794026666555,2.5591536128018607e-39,0.2161794026666555,12,0.06608857066077033,3654,2.000823541449491,0.5954725184706753,9.090909090909092,10,4
421,ANKRD26,Ankrd26,22852,homologene,0.6146045102558138,0.4608307045215563,0.8136172450052577,0.6123232873463662,upstroke_downstroke_ratio_long_square,-0.1784498165916819,4.663721978826728e-27,0.1784498165916819,11,0.052913887967367054,3654,3.171099019557226,1.402936891423061,12.18568665377176,10,7
422,HIVEP3,Hivep3,59269,homologene,0.6144416684230997,0.42481598317560465,0.8633017875920084,0.6055942516843733,trough_v_long_square,0.1421747822672605,2.7263849300929734e-17,0.1421747822672605,13,0.07303855296823408,3654,4.445377473567503,2.2801057544330408,14.090909090909092,10,9
423,OLFM1,Olfm1,10439,homologene,0.6142984766134136,0.7323869610935857,0.47607781282860145,0.5904855481564475,upstroke_downstroke_ratio_long_square,0.3783552637640968,1.5804874415160914e-123,0.3783552637640968,12,0.10224033474715384,3654,1.5229129456024721,0.7532117470599743,5.802707930367505,9,5
424,CELF4,Celf4,56853,homologene,0.6135147500752083,0.7373817034700316,0.4688485804416404,0.5879799017955996,upstroke_downstroke_ratio_long_square,0.3204027973043258,4.629301193135419e-87,0.3204027973043258,14,0.1611011373481841,3654,1.6254386966413001,0.8454661012422957,5.222437137330754,9,5
425,SLC2A13,Slc2a13,114134,homologene,0.6124467643007498,0.7158254468980022,0.49079915878023134,0.5927280381178393,tau,-0.3270032114760033,1.2623094026273144e-90,0.3270032114760033,13,0.11452229011625627,3654,1.1671078490889408,0.6935852818399479,4.061895551257253,10,4
426,EEPD1,Eepd1,80820,homologene,0.6124349349792401,0.8604100946372238,0.33622502628811773,0.5378581659582408,tau,-0.3821718894959879,5.232372410629393e-126,0.3821718894959879,16,0.1328670954712069,3654,1.3658501006837258,0.8869894242560818,3.6750483558994196,8,5
427,LMO7,Lmo7,4008,homologene,0.6119310929838945,0.5670347003154573,0.6677181913774973,0.615320554299073,upstroke_downstroke_ratio_long_square,0.1969448310556326,9.571691128867228e-33,0.1969448310556326,14,0.08430381705995366,3654,2.822361821551943,0.9817898098068207,10.0,9,5
428,AHI1,Ahi1,54806,homologene,0.6112850600767787,0.7016298633017876,0.5044689800210305,0.5949373929180681,ri,0.2673951262599011,8.76560141430456e-60,0.2673951262599011,15,0.11057230895061479,3654,1.6712215027684578,0.8077762609412984,6.382978723404255,9,5
429,ATXN1,Atxn1,6310,homologene,0.6108495281436709,0.6025236593059936,0.6210567823343848,0.6117200381946953,threshold_i_ramp,0.176502766293448,2.656398632673658e-26,0.176502766293448,16,0.09525943122453001,3654,1.9544766723593454,1.0666301198954637,5.909090909090909,10,6
430,SIRPA,Sirpa,140885,homologene,0.6105223803044386,0.6879600420609885,0.5185331230283912,0.5972688415852845,upstroke_downstroke_ratio_long_square,-0.25933053301154,1.6595359939494788e-56,0.25933053301154,15,0.10043880618618276,3654,1.3234490326111574,0.6814774778449708,4.448742746615087,10,4
431,PLCB4,Plcb4,5332,homologene,0.6102598800114155,0.39221871713985273,0.8998422712933754,0.5940833117290024,upstroke_downstroke_ratio_long_square,0.1186745463220601,1.2302608450784298e-12,0.1186745463220601,14,0.07502214280197063,3654,4.778752027611973,1.6539942727362495,23.636363636363637,10,8
432,NLGN1,Nlgn1,22871,homologene,0.610223361137481,0.5633543638275499,0.6685068349106205,0.6136825259818317,upstroke_downstroke_ratio_long_square,0.1950558282819022,3.8527144200062166e-32,0.1950558282819022,14,0.07190139368584442,3654,2.243959070403694,1.062437555408581,6.769825918762089,10,6
433,GABBR1,Gabbr1,2550,homologene,0.6101909312620902,0.5228706624605678,0.7204258675078864,0.6137503976353724,threshold_i_long_square,-0.1415854840106937,2.480409730647039e-17,0.1415854840106937,16,0.07945323030562458,3654,2.262181070752585,1.0773921042618877,8.704061895551257,10,6
434,WWP1,Wwp1,11059,homologene,0.6098467515694621,0.6222397476340694,0.5947686645636173,0.6083491626843237,upstroke_downstroke_ratio_long_square,-0.1876044113145392,8.433137361316377e-30,0.1876044113145392,16,0.10910008216080753,3654,2.0932424691826306,0.889085706499523,8.51063829787234,9,5
435,CCSER1,Ccser1,401145,homologene,0.6094885980385695,0.5240536277602523,0.7172712933753943,0.6130975643253394,upstroke_downstroke_ratio_long_square,-0.2464011876242917,5.352668028430768e-51,0.2464011876242917,9,0.056016437208894584,3654,2.5167286752855675,1.1734408844544197,7.93036750483559,10,5
436,SPOCK1,Spock1,6695,homologene,0.6090597007509976,0.7718191377497371,0.42179284963196634,0.5705679569621386,threshold_i_long_square,0.2648645965932279,1.070216226489366e-58,0.2648645965932279,17,0.1387687052352033,3654,1.3641368953209896,0.5682327745471896,4.545454545454546,9,4
437,NXPH1,Nxph1,30010,homologene,0.6089075959019712,0.8877497371188223,0.3023133543638275,0.5180527008558079,upstroke_downstroke_ratio_long_square,-0.4216708831783719,3.9501656211836654e-156,0.4216708831783719,16,0.19900786093520922,3654,1.1867800974031824,0.9364929710257095,3.288201160541586,8,5
438,NIN,Nin,51199,homologene,0.6084412089286916,0.4676656151419558,0.7898264984227129,0.6077620383343098,upstroke_downstroke_ratio_long_square,-0.1352045838126543,4.996489433753514e-16,0.1352045838126543,15,0.06661372945815386,3654,3.044220174925023,1.930874617794812,10.251450676982591,10,6
439,KALRN,Kalrn,8997,homologene,0.6082418626314124,0.38696109358569925,0.902602523659306,0.5909924361854533,threshold_i_short_square,0.1378526189283872,2.755770823258736e-16,0.1378526189283872,12,0.05934475216845155,3654,5.494495718960087,1.8821367913947253,18.863636363636363,10,8
440,ADAM23,Adam23,8745,homologene,0.608061510991932,0.4755520504731861,0.7782597266035752,0.6083609198387347,tau,-0.1753293965538105,5.626717784864376e-26,0.1753293965538105,12,0.0678435220901179,3654,3.0246993683346397,1.1883821397914525,9.545454545454545,10,6
441,IGF1,Igf1,3479,homologene,0.6072770280802551,0.9863301787592009,0.20807045215562567,0.45301894692072875,upstroke_downstroke_ratio_long_square,0.5943827663861873,0.0,0.5943827663861873,18,0.26223720505017645,3654,0.8263515702883562,0.22322084897431121,2.727272727272727,7,3
442,RORA,Rora,6095,homologene,0.6059819004504754,0.8596214511041009,0.3243953732912723,0.5280693340084236,tau,-0.4433212558230759,4.980205438823259e-174,0.4433212558230759,15,0.18448178138609367,3654,1.097953086497596,0.5312187777042905,4.25531914893617,8,4
443,VIP,Vip,7432,homologene,0.6055836599184655,0.952944269190326,0.2347528916929548,0.4729761334514233,upstroke_downstroke_ratio_long_square,0.5345870044720813,2.4913852276043945e-267,0.5345870044720813,17,0.2517843416969032,3654,0.887912943528392,0.3857571180930132,3.409090909090909,7,3
444,GDA,Gda,9615,homologene,0.6055114011593176,0.8320189274447949,0.35134069400630913,0.5406682045347583,tau,0.2886518788595677,5.325760801425253e-70,0.2886518788595677,18,0.1385291927967223,3654,1.2579172785531223,0.4430937576758769,4.545454545454546,8,3
445,CORO6,Coro6,84940,homologene,0.6053483976461376,0.9721345951629864,0.2171398527865405,0.4594444067375225,upstroke_downstroke_ratio_long_square,-0.5081839445466508,1.6605979373614878e-237,0.5081839445466508,18,0.2849164954943133,3654,0.652819537608394,0.22715915928165697,2.3210831721470018,8,3
446,IGSF11,Igsf11,152404,homologene,0.6052519966372314,0.9242902208201892,0.26051524710830704,0.4907053039011941,tau,-0.5829946091397193,0.0,0.5829946091397193,16,0.25903788814856266,3654,1.235546123479041,0.8963804518882236,2.9545454545454546,7,5
447,PTCHD4,Ptchd4,442213,homologene,0.6047514308830172,0.5475814931650894,0.6761303890641429,0.6084706139313847,trough_v_long_square,-0.1689361768757458,5.4796786158618096e-24,0.1689361768757458,15,0.09025524582132607,3654,2.6626005540269424,1.2882213015327904,6.189555125725338,10,9
448,PTPRG,Ptprg,5793,homologene,0.6039790618547843,0.4616193480546793,0.7875920084121977,0.6029657614295476,threshold_i_short_square,0.1345098729720371,1.4810581406005138e-15,0.1345098729720371,15,0.06697301133051416,3654,3.2228187464782962,1.8896140658213785,9.671179883945841,10,8
449,SH3KBP1,Sh3kbp1,30011,homologene,0.6030124442875422,0.7179284963196636,0.4684542586750789,0.5799281520370796,upstroke_downstroke_ratio_long_square,-0.3626601601682322,6.980776726737051e-113,0.3626601601682322,12,0.10523654273130575,3654,1.5963807740370732,0.8546805761382965,7.350096711798839,8,5
450,TTBK2,Ttbk2,146057,homologene,0.6026526788874222,0.5607255520504731,0.6547055730809674,0.6058961494318534,threshold_i_long_square,0.1750822349480165,6.317211108145467e-26,0.1750822349480165,15,0.10055502279996618,3654,2.170941955592061,1.0773921042618877,6.576402321083172,10,6
451,PLD3,Pld3,23646,homologene,0.6025666891600812,0.7988958990536278,0.37973186119873814,0.5507869158319516,ri,0.2843270000861134,9.578453992400736e-68,0.2843270000861134,17,0.14511460969164397,3654,1.1304756757249101,0.47053419784868133,4.061895551257253,9,3
452,BAIAP2,Baiap2,10458,homologene,0.6021205541806507,0.6905888538380651,0.49750262881177704,0.586148249346997,ri,0.234235690919723,7.980209587762607e-46,0.234235690919723,16,0.15340946119871324,3654,1.1252713475032579,0.4595701970274023,4.448742746615087,10,3
453,GAS7,Gas7,8522,homologene,0.6020026569028681,0.832807570977918,0.34358569926393273,0.5349212761021431,upstroke_downstroke_ratio_long_square,0.3121033803862959,1.8197952556241708e-82,0.3121033803862959,17,0.13566899440171715,3654,1.2823503619125396,0.9787017724066368,4.25531914893617,8,5
454,BSN,Bsn,8927,homologene,0.6015788409048778,0.36829652996845424,0.9137749737118822,0.5801208080995731,upstroke_downstroke_ratio_long_square,-0.1307682508429844,4.452635425487357e-15,0.1307682508429844,12,0.05623574595492369,3654,6.220603435895132,2.280728792906647,22.954545454545453,10,9
455,MAML3,Maml3,55534,homologene,0.6005556951875526,0.5862250262881177,0.6181650893796005,0.6019832603751976,upstroke_downstroke_ratio_long_square,0.2464548970331157,5.120050914913873e-51,0.2464548970331157,12,0.08331342144577844,3654,1.7546157884622424,0.6545641305145324,6.382978723404255,10,4
456,SGK1,Sgk1,6446,homologene,0.5997281101698657,0.731335436382755,0.4466351209253417,0.571524357368782,tau,-0.287621305103511,1.7138884143658978e-69,0.287621305103511,15,0.12035258267462044,3654,1.2128164967117443,0.43950642955373553,5.996131528046422,9,3
457,USP11,Usp11,8237,homologene,0.5992858391486532,0.5562565720294427,0.6527339642481599,0.6025674712427399,tau,0.1535526446815938,3.720483365667458e-20,0.1535526446815938,16,0.08529429663011875,3654,2.0632678650535894,1.1161042448715561,6.769825918762089,10,5
458,CALN1,Caln1,83698,homologene,0.5990659723790711,0.7715562565720294,0.40155099894847535,0.5566140364484573,upstroke_downstroke_ratio_long_square,0.3917686486356924,4.378395026883644e-133,0.3917686486356924,13,0.12575782787996984,3654,1.5061175945408707,1.0283932793505326,3.481624758220503,9,5
459,CACNA1D,Cacna1d,776,homologene,0.5983643785652407,0.39668769716088326,0.8648790746582544,0.5857361935622714,tau,-0.1404456022510347,4.71819852208739e-17,0.1404456022510347,12,0.06358314130762019,3654,4.475264244813809,2.2154687883793844,14.313346228239846,10,8
460,EPHA4,Epha4,2043,homologene,0.5979038179613042,0.4773922187171398,0.7521030494216614,0.5992062612050492,ri,-0.1503377525254446,2.271494821783105e-19,0.1503377525254446,14,0.06697567122879686,3654,2.936937464654795,1.4677117487300002,8.409090909090908,10,7
461,CBLN2,Cbln2,147381,homologene,0.5968990553773561,0.9298107255520504,0.24001051524710829,0.4724027427122277,upstroke_downstroke_ratio_long_square,0.4345671379019555,9.195806950539418e-167,0.4345671379019555,17,0.2049162706423233,3654,0.9717439767441155,0.2848935253794322,3.288201160541586,7,4
462,BACH1,Bach1,571,homologene,0.5965480890006869,0.6401156677181914,0.5441640378548896,0.5901931263914465,upstroke_downstroke_ratio_long_square,-0.2669072419857439,6.944941136892643e-60,0.2669072419857439,13,0.07774882146189883,3654,1.769065054854591,1.4677117487300002,7.350096711798839,9,6
463,HS3ST4,Hs3st4,9951,homologene,0.5965464946983113,0.6261829652996845,0.5607255520504731,0.5925510854789382,upstroke_downstroke_ratio_long_square,0.2398887690021289,2.4100815004276067e-48,0.2398887690021289,14,0.07620013495351131,3654,1.7463052368083347,0.5138511849235381,8.181818181818182,9,4
464,CHRNA7,Chrna7,1139,homologene,0.596240796137852,0.7150368033648791,0.45741324921135645,0.5718979869984079,upstroke_downstroke_ratio_long_square,0.3260711848465227,2.6982345858002813e-90,0.3260711848465227,13,0.09623747909620477,3654,1.0472018550640905,0.5661364923037482,3.481624758220503,10,4
465,MARK1,Mark1,4139,homologene,0.596202527002894,0.61198738170347,0.5770241850683491,0.5942487023120517,upstroke_downstroke_ratio_long_square,-0.203139843606622,8.544042043780065e-35,0.203139843606622,15,0.08483499277568453,3654,2.5260719018494395,1.1135344350924616,6.590909090909091,9,6
466,CSMD2,Csmd2,114784,homologene,0.5961529273803745,0.34963196635120924,0.9282334384858045,0.569684195261494,upstroke_downstroke_ratio_long_square,0.1034089182413454,6.671403897996001e-10,0.1034089182413454,14,0.05187200652125807,3654,9.862015558091676,4.388042806083411,39.54545454545455,10,9
467,FOCAD,Focad,54914,homologene,0.5954513571521237,0.4871188222923239,0.7334384858044164,0.5977220854451613,upstroke_downstroke_ratio_long_square,-0.1419596991259389,1.5520608383514808e-17,0.1419596991259389,15,0.06449824360843352,3654,2.6760669366795393,1.2771784946853733,8.317214700193423,10,7
468,HECW2,Hecw2,57520,homologene,0.5953205045393862,0.445583596214511,0.7891692954784437,0.5929931641270049,adaptation,-0.1279356365298216,2.9641435058016883e-14,0.1279356365298216,15,0.0736567857374078,3654,5.092662104802004,2.999455227148915,17.954545454545453,9,8
469,UNC5C,Unc5c,8633,homologene,0.594804653370989,0.6274973711882229,0.5553364879074658,0.5903153278433783,tau,-0.2406366112917909,2.053758784903228e-48,0.2406366112917909,14,0.10249052323991026,3654,2.3296662507908024,0.7999725899215977,6.363636363636363,9,4
470,MAST3,Mast3,23031,homologene,0.5940270283087936,0.5157728706624606,0.6925604626708727,0.5976653728794047,avg_isi,0.1527301117827739,8.812458784134474e-20,0.1527301117827739,15,0.07748174078150442,3654,2.3179696173242705,0.8687905007774661,7.350096711798839,10,4
471,TSC22D1,Tsc22d1,8848,homologene,0.5938814216798022,0.7074132492113564,0.46096214511041006,0.5710435437302412,adaptation,-0.2450745853991019,6.01402658959786e-50,0.2450745853991019,16,0.11942244487896685,3654,1.5467289344687276,0.9962083114525015,5.222437137330754,9,5
472,ITPK1,Itpk1,3705,homologene,0.5938172342118483,0.7200315457413248,0.44676656151419564,0.5671737104914181,tau,0.2295609717896478,4.535889261256056e-44,0.2295609717896478,17,0.11686994652067424,3654,1.06760881512462,0.5661364923037482,3.094777562862669,10,4
473,PPFIBP1,Ppfibp1,8496,homologene,0.5928028617692048,0.6585173501577287,0.5144584647739222,0.5820479576367711,upstroke_downstroke_ratio_long_square,-0.2083815178611442,1.4158864873253129e-36,0.2083815178611442,16,0.10510862706167162,3654,1.7338818569410321,0.9086366371266279,6.576402321083172,9,5
474,GRIK1,Grik1,2897,homologene,0.5927043142948399,0.5233964248159831,0.6796792849631966,0.5964408669526434,fast_trough_v_long_square,-0.2030226895186084,1.7907869454385922e-34,0.2030226895186084,12,0.09018407314591151,3654,3.0931823075895446,1.2542473806834562,9.772727272727273,9,6
475,ALCAM,Alcam,214,homologene,0.5921981035462454,0.6561514195583595,0.5159043112513144,0.5818172790351175,avg_isi,-0.2608874460916913,1.451423483634568e-56,0.2608874460916913,14,0.08078663983861246,3654,1.353348144354885,0.6076598153175343,4.25531914893617,10,4
476,PITPNC1,Pitpnc1,26207,same-symbol,0.5921282090767851,0.8809148264984227,0.2769453207150368,0.49392837451115995,tau,0.4108916874775438,2.683322422575176e-147,0.4108916874775438,16,0.13810993275067887,3654,0.8352291065455997,0.9364929710257095,1.7408123791102514,9,5
477,TTLL11,Ttll11,158135,homologene,0.5915871018228694,0.7365930599369085,0.42389589905362773,0.5587833009124544,upstroke_downstroke_ratio_long_square,-0.3196905857788821,1.1649128285271485e-86,0.3196905857788821,14,0.10780027449137426,3654,1.1473277587472481,0.4817587587361183,5.415860735009671,9,4
478,CACNB4,Cacnb4,785,homologene,0.5914796987351453,0.7113564668769716,0.4514984227129338,0.5667242034549063,upstroke_downstroke_ratio_long_square,-0.2474209364739329,2.031594923392495e-51,0.2474209364739329,16,0.132410231226262,3654,1.4655138819090254,0.3319175345011282,5.222437137330754,9,4
479,SCN3B,Scn3b,55800,homologene,0.5910298479729186,0.8935331230283912,0.2628811777076761,0.48465765206227923,tau,0.3795425667348083,3.5933859097334133e-124,0.3795425667348083,17,0.18088720434946803,3654,0.8871116461435029,0.4275198289561951,3.094777562862669,8,3
480,SV2A,Sv2a,9900,homologene,0.589607864539103,0.5043375394321766,0.697292323869611,0.593018292201298,upstroke_downstroke_ratio_long_square,-0.135178340799106,5.046630402462299e-16,0.135178340799106,16,0.08643583848127714,3654,2.2155624554793656,0.7800928211711267,7.7369439071566735,10,4
481,L3MBTL4,L3mbtl4,91133,homologene,0.5893268660598505,0.5039432176656152,0.6971608832807571,0.5927305448102933,f_i_curve_slope,-0.1483570192519034,8.420086365121499e-19,0.1483570192519034,15,0.08473954870100443,3654,2.094993965616586,0.7061639595276015,8.409090909090908,10,4
482,MGAT5,Mgat5,4249,homologene,0.5890118689882753,0.6942691903259727,0.46543112513144064,0.5684491977279164,ri,-0.2087380693936401,1.829269333701917e-36,0.2087380693936401,17,0.11301920807359732,3654,1.5936712559153299,0.9410683956973627,5.222437137330754,9,5
483,MAN1A2,Man1a2,10905,homologene,0.588437706711185,0.7631440588853838,0.388801261829653,0.5447121928619189,threshold_i_long_square,0.2842528311710644,9.272160725452978e-68,0.2842528311710644,16,0.165624993954688,3654,1.4758656519816593,0.5711584027128666,5.029013539651838,8,4
484,REV3L,Rev3l,5980,homologene,0.587442506136929,0.38065194532071506,0.8617245005257623,0.572727777792952,threshold_v_short_square,0.1280752925331493,1.6856060873318892e-13,0.1280752925331493,13,0.05760702507473387,3654,4.118096724870352,1.4967455218170573,14.893617021276595,10,6
485,NPAS1,Npas1,4861,homologene,0.5873304621405818,0.8903785488958991,0.258937960042061,0.48015914561352946,tau,0.4271844290955588,2.4460110226644624e-160,0.4271844290955588,16,0.20352727754030736,3654,0.9704370388815879,0.4995392438295136,3.8636363636363638,7,2
486,SYT7,Syt7,9066,homologene,0.5869263873477826,0.6884858044164038,0.46753417455310203,0.567354071334076,upstroke_downstroke_ratio_long_square,-0.2058205736162598,1.0552618550771728e-35,0.2058205736162598,17,0.1281632936554041,3654,1.0245557184295904,0.47053419784868133,3.8636363636363638,10,4
487,DGKZ,Dgkz,8525,homologene,0.5866529460108343,0.5425867507886436,0.6414300736067298,0.5899419119679462,tau,-0.2152311667413183,9.233599438532875e-39,0.2152311667413183,12,0.0847774408689933,3654,1.8569808017453162,0.6326864993979114,6.963249516441006,10,4
488,MACROD2,Macrod2,140733,homologene,0.5854036345974672,0.5775499474237645,0.595031545741325,0.5862255862365473,threshold_i_long_square,-0.185366903062112,6.282127173320278e-29,0.185366903062112,15,0.09185565728897196,3654,1.6436076646778475,0.5682327745471896,5.909090909090909,10,4
489,CCDC30,Ccdc30,728621,same-symbol,0.584444861199527,0.6445846477392219,0.5126182965299685,0.5748268296569409,upstroke_downstroke_ratio_long_square,-0.2503846218208372,1.1705184054027546e-52,0.2503846218208372,14,0.086173917923621,3654,1.7545271735856147,0.6201590001533059,6.382978723404255,9,4
490,SOBP,Sobp,55084,homologene,0.5842650859706721,0.5728180862250263,0.5983175604626708,0.5854290050373773,fast_trough_v_long_square,0.2195136089935654,3.53530701857831e-40,0.2195136089935654,13,0.08727485977138845,3654,1.5974614682223158,0.6788782462723413,6.189555125725338,10,4
491,KIF1A,Kif1a,547,homologene,0.5836254443728064,0.3982649842271293,0.8274185068349106,0.5740486203918973,upstroke_downstroke_ratio_long_square,-0.1080432831843849,1.0878987323618473e-10,0.1080432831843849,15,0.0644343634622927,3654,4.013522563455484,2.1051500689842353,10.909090909090908,10,7
492,TMEM132B,Tmem132b,114795,homologene,0.5825863903266962,0.35002628811777076,0.8947160883280757,0.5596196487943645,tau,0.1460155742996108,2.4588368798437657e-18,0.1460155742996108,9,0.0567155826775955,3654,4.801654972327941,1.5204858619377646,19.318181818181817,10,8
493,DCLK2,Dclk2,166614,homologene,0.5823047656962383,0.7187171398527865,0.4241587802313354,0.5521323984075849,upstroke_downstroke_ratio_long_square,-0.2523595885823353,1.7025350819873063e-53,0.2523595885823353,16,0.0973603639919689,3654,1.5061179053120854,0.5518245512097237,6.189555125725338,8,3
494,DGKD,Dgkd,8527,homologene,0.5822540907542344,0.4550473186119874,0.7456624605678234,0.5825046809005099,tau,-0.1765255794022912,2.537305399698624e-26,0.1765255794022912,11,0.06305324148435726,3654,2.6551663358883735,1.3686667702639705,8.897485493230175,10,6
495,NGEF,Ngef,25791,homologene,0.582195547280254,0.6096214511041009,0.5490273396424816,0.5785316270427,upstroke_downstroke_ratio_long_square,0.2802101972576556,4.3947440854040506e-66,0.2802101972576556,11,0.08315401693275558,3654,2.0847770822265774,1.0599950896876,6.769825918762089,9,5
496,DAAM1,Daam1,23002,homologene,0.582179640161,0.4860672975814932,0.7041272344900106,0.5850241208891218,upstroke_downstroke_ratio_long_square,-0.1792241440738196,2.7666522084830036e-27,0.1792241440738196,12,0.0579211795492809,3654,2.3103733646711664,1.1757569328887092,7.7369439071566735,10,5
497,PTK2B,Ptk2b,2185,homologene,0.5819046188944266,0.5935856992639327,0.5676919032597266,0.580494440423763,avg_isi,0.1935439059368886,3.3081285812094627e-31,0.1935439059368886,15,0.08829694522368382,3654,2.2627617714830564,0.8558452254239493,6.818181818181818,9,4
498,LDHB,Ldhb,3945,homologene,0.581726189846743,0.7957413249211357,0.34121976866456355,0.5210783729981732,threshold_i_long_square,0.282853852429496,4.2883385577035824e-67,0.282853852429496,17,0.15554347152542677,3654,0.8761953644643716,0.4738821381214269,3.6750483558994196,9,3
499,TMEFF2,Tmeff2,23671,homologene,0.5817099128650187,0.8073080967402734,0.3293901156677182,0.5156736442409715,tau,0.3656489247756159,1.1006376776806712e-114,0.3656489247756159,15,0.12526745427231956,3654,1.264497685367521,0.5386960521309438,3.8636363636363638,8,4
500,ASTN1,Astn1,460,homologene,0.5815951244690521,0.33937960042060983,0.9081230283911671,0.5551562217143463,threshold_i_short_square,0.109645712797493,1.018798075918212e-10,0.109645712797493,13,0.056909762582923164,3654,5.903214516095207,2.1492133700881486,19.545454545454547,10,8
501,PIP5K1B,Pip5k1b,8395,homologene,0.5812173904874612,0.7363301787592009,0.4027339642481598,0.5445596127948245,upstroke_downstroke_ratio_long_square,0.2902429111117633,5.292354949490749e-71,0.2902429111117633,15,0.10115179685614271,3654,1.3960839505411826,0.6571633620871621,5.681818181818182,8,3
502,CDC5L,Cdc5l,988,homologene,0.5805292653823554,0.5389064143007359,0.632229232386961,0.5837057380579395,upstroke_downstroke_ratio_long_square,-0.2129116612557625,3.685728501780618e-38,0.2129116612557625,12,0.0768835433526322,3654,1.802540804358531,0.9957526035033847,6.769825918762089,10,5
503,ZMYND8,Zmynd8,23613,homologene,0.5805292653823554,0.5389064143007359,0.632229232386961,0.5837057380579395,upstroke_downstroke_ratio_long_square,-0.1800611307628287,1.572150471547e-27,0.1800611307628287,14,0.07435633348703596,3654,2.5459652110986464,1.40084060917962,8.704061895551257,9,7
504,RPS6KC1,Rps6kc1,26750,homologene,0.5804171405003302,0.5036803364879074,0.6770504731861199,0.5839666173281498,upstroke_downstroke_ratio_long_square,-0.1761694167810524,2.145231162114242e-26,0.1761694167810524,13,0.07234124524485325,3654,2.1219344007774743,1.14265210878915,7.350096711798839,10,5
505,PRR16,Prr16,51334,homologene,0.5798834138634648,0.7168769716088329,0.4211356466876972,0.5494565014939798,upstroke_downstroke_ratio_long_square,-0.2266204259623671,3.629190381721187e-43,0.2266204259623671,17,0.11800546718651435,3654,1.503152893488054,0.7459251354800912,6.136363636363637,8,5
506,SYNPR,Synpr,132204,homologene,0.5791349664092291,0.9876445846477392,0.15864879074658253,0.39583913278221317,threshold_i_long_square,-0.6234356616415038,0.0,0.6234356616415038,18,0.3151787665386684,3654,0.6556067505890921,0.2363152400460613,2.5,6,2
507,VPS13A,Vps13a,23230,homologene,0.5785743167956806,0.3601472134595163,0.8701366982124079,0.5598011318227776,upstroke_downstroke_ratio_long_square,-0.1559648177488619,6.315370750913671e-21,0.1559648177488619,8,0.05759289469340296,3654,4.605953394464683,1.6937538102371916,14.506769825918763,10,8
508,PEX5L,Pex5l,51555,homologene,0.5778848884118036,0.5239221871713986,0.645241850683491,0.5814262822272619,sag,0.2601427180494503,2.2178289672562366e-55,0.2601427180494503,8,0.053855318932996,3654,2.1031132341267993,0.9364929710257095,6.382978723404255,10,5
509,CLU,Clu,1191,homologene,0.5776772865405098,0.794689800210305,0.33425341745531023,0.5153909016825696,upstroke_downstroke_ratio_long_square,0.2818227786353112,7.319934148997827e-67,0.2818227786353112,17,0.15351025485809433,3654,1.1555559826153599,0.4864107447507337,4.318181818181818,8,3
510,CDH2,Cdh2,1000,homologene,0.577592762790496,0.4487381703470032,0.7432965299684543,0.5775340032269274,tau,0.1745414174687284,9.405613127683224e-26,0.1745414174687284,11,0.06063517981196761,3654,2.9832701770124967,1.507204888001111,7.7369439071566735,10,6
511,SUSD4,Susd4,55061,homologene,0.5769392112836245,0.6682439537329127,0.46924290220820186,0.5599720816547155,upstroke_downstroke_ratio_long_square,0.2865878801992438,3.4569311481538786e-69,0.2865878801992438,13,0.08987124087813547,3654,1.5365859986496135,0.8168422190542467,5.454545454545454,9,5
512,SLCO3A1,Slco3a1,28232,homologene,0.5768004247876417,0.5226077812828601,0.644453207150368,0.5803415035386297,adaptation,-0.1736844692765327,2.2031323651919915e-25,0.1736844692765327,14,0.09379965811839373,3654,2.0255883988788734,0.863834949847188,6.576402321083172,10,4
513,HS6ST3,Hs6st3,266722,homologene,0.5765799144362834,0.8101997896950578,0.3163774973711882,0.5062894249679578,threshold_i_short_square,-0.3222909576144817,4.3674513947321015e-87,0.3222909576144817,16,0.16685085056238527,3654,1.2420354082871803,0.26665752997386594,4.7727272727272725,7,4
514,UBASH3B,Ubash3b,84959,homologene,0.5753524952706696,0.6485278654048369,0.48843322818086227,0.5628166298759555,upstroke_downstroke_ratio_long_square,-0.2316054291945574,4.49077793886857e-45,0.2316054291945574,15,0.09812679680205784,3654,1.474901259577357,0.7176525964770384,6.576402321083172,9,5
515,LIN7A,Lin7a,8825,homologene,0.5749430423883682,0.7781282860147214,0.3458201892744479,0.5187412371784343,tau,-0.2925749922232561,5.820433777597278e-72,0.2925749922232561,16,0.14689068565941457,3654,1.2640008049818627,0.7498638067872287,4.318181818181818,8,5
516,ROCK2,Rock2,9475,homologene,0.5736657603088987,0.4432176656151419,0.7415878023133544,0.573310399862054,upstroke_downstroke_ratio_long_square,-0.1384114019582557,9.80990681639234e-17,0.1384114019582557,14,0.07343403958279489,3654,2.362989054888728,1.0197258046984654,9.671179883945841,10,6
517,FRY,Fry,10129,homologene,0.5733524868130961,0.35962145110410093,0.8583070452155624,0.5555768399540191,tau,-0.1363604817117242,3.899497601111091e-16,0.1363604817117242,11,0.05693233071289421,3654,4.63292016741758,1.5936563331128717,12.572533849129593,10,8
518,INPP4B,Inpp4b,8821,homologene,0.5731768901402572,0.4600420609884332,0.7177970557308097,0.5746449659483941,upstroke_downstroke_ratio_long_square,-0.167961498147249,4.3407373233929445e-24,0.167961498147249,12,0.05449389355511406,3654,2.17553532947148,0.8790128591074711,9.090909090909092,10,5
519,CHGB,Chgb,1114,homologene,0.573037153851921,0.4022082018927445,0.7966614090431126,0.5660598491754829,avg_isi,-0.1236055487718157,2.511716216512592e-13,0.1236055487718157,14,0.06274268146818768,3654,2.7493847970653635,1.4296955118359556,12.5,10,5
520,KCNIP1,Kcnip1,30820,homologene,0.572749648462419,0.812565720294427,0.3065194532071504,0.49906632853712146,upstroke_downstroke_ratio_long_square,0.2751311078473193,1.141109368067318e-63,0.2751311078473193,18,0.15073061135484245,3654,1.0533835805042615,0.44644169794862243,3.8636363636363638,8,3
521,OLFM3,Olfm3,118427,homologene,0.5727387960509762,0.6784963196635121,0.4487381703470032,0.5517854629047233,threshold_i_ramp,-0.1861552924138062,3.878174863126252e-29,0.1861552924138062,18,0.11503497602049578,3654,1.7804358168608214,0.5786356771395198,6.136363636363637,8,4
522,GALNT13,Galnt13,114805,homologene,0.5726418102748817,0.3899842271293375,0.8129600420609884,0.5630644667266691,tau,-0.1382891410969242,1.452288562924474e-16,0.1382891410969242,12,0.06809757778771924,3654,3.1205423784882824,0.6638350690022564,12.272727272727273,10,4
523,NKAIN3,Nkain3,286183,homologene,0.5724770010104645,0.8380651945320715,0.2808885383806519,0.48518337518902094,threshold_i_ramp,-0.291885322928208,2.031439337055178e-71,0.291885322928208,18,0.18918207357784125,3654,1.0202561768417167,0.3662322427433084,4.318181818181818,7,3
524,ATP1A1,Atp1a1,476,homologene,0.5724510851669219,0.6051524710830704,0.5329915878023134,0.5679270872436524,tau,0.2428825188718162,2.5511204739852498e-49,0.2428825188718162,13,0.08515401558875156,3654,1.7435722399992586,0.8790128591074711,7.156673114119923,9,5
525,SH3RF3,Sh3rf3,344558,homologene,0.5718866111206213,0.7210830704521557,0.39997371188222924,0.5370421512918551,threshold_i_long_square,0.2552244155312421,1.8243107074368218e-54,0.2552244155312421,16,0.14354202185033646,3654,1.5167362323642823,0.6646406365138153,5.222437137330754,8,4
526,CERS6,Cers6,253782,homologene,0.5716504980794657,0.7413249211356466,0.37776025236593064,0.5291909762017446,upstroke_downstroke_ratio_long_square,-0.4242451637333686,3.2682331782478716e-158,0.4242451637333686,11,0.12656848518293415,3654,1.0498777515643032,0.5690383420587485,4.25531914893617,9,3
527,BACH2,Bach2,60468,homologene,0.5713439187542948,0.49079915878023134,0.6729758149316508,0.5747138103855648,tau,-0.1706086721340587,1.1904941614762984e-24,0.1706086721340587,13,0.07795409949833752,3654,2.597886535128244,1.301151695880454,6.189555125725338,10,6
528,CHRM2,Chrm2,1129,homologene,0.5711894823173631,0.506572029442692,0.6522082018927445,0.5747959920284558,fast_trough_v_long_square,-0.2080059872983573,3.791911306443344e-36,0.2080059872983573,11,0.06332809800199396,3654,2.9092087134635416,1.2033366886447592,8.636363636363637,9,6
529,DACH1,Dach1,1602,homologene,0.5696912463340233,0.517875920084122,0.6343322818086224,0.573153918315753,ri,-0.1535341348314394,3.8034208185832994e-20,0.1535341348314394,15,0.0762273683334257,3654,2.35471296544324,1.062437555408581,9.545454545454545,9,6
530,VWC2L,Vwc2l,402117,homologene,0.5683819654360123,0.8493690851735015,0.2622239747634069,0.47193742970372066,threshold_i_ramp,-0.326875612882831,3.38947993143843e-90,0.326875612882831,17,0.17955582879996398,3654,1.1404521841250626,0.2888318356867779,4.090909090909091,6,4
531,CLVS1,Clvs1,157807,homologene,0.5675208813028085,0.5683491062039958,0.5665089379600421,0.5674282761249785,tau,-0.1604476826666281,6.53742256118568e-22,0.1604476826666281,16,0.09240614609429247,3654,1.7065937839454268,0.8454661012422957,8.636363636363637,9,5
532,SLIT1,Slit1,6585,homologene,0.566619486534286,0.41403785488958994,0.7649842271293376,0.5627898616935114,tau,0.1568290915912939,5.592861962848969e-21,0.1568290915912939,11,0.062310580242565666,3654,3.168112541432061,1.700976023302828,8.51063829787234,10,6
533,LHFPL3,Lhfpl3,375612,homologene,0.5654215714153203,0.8421398527865405,0.2635383806519453,0.4711010221659814,tau,0.4079795952717658,4.694742347895695e-145,0.4079795952717658,15,0.16140576163145215,3654,0.6188312183060735,0.405274193321419,1.9342359767891684,9,2
534,NBEA,Nbea,26960,homologene,0.5648923680370992,0.3813091482649842,0.806782334384858,0.5546471714157802,threshold_i_short_square,-0.1515409897030237,1.9657059648949809e-19,0.1515409897030237,10,0.06340103452137937,3654,6.357182331219222,1.742032740775703,20.227272727272727,9,9
535,ARHGEF3,Arhgef3,50650,homologene,0.563923346564657,0.7894321766561513,0.3124342797055731,0.496634345862192,upstroke_downstroke_ratio_long_square,-0.2774829955541444,8.750251421924279e-65,0.2774829955541444,17,0.1325160605200001,3654,1.0489402292974723,0.47053419784868133,4.061895551257253,8,4
536,CAMK2G,Camk2g,818,homologene,0.5616607392306585,0.7058359621451104,0.3953732912723449,0.5282695216001908,upstroke_downstroke_ratio_long_square,-0.2703266970955687,1.8866697762722373e-61,0.2703266970955687,15,0.11925118687397197,3654,1.148521003034937,0.29241916380891925,4.448742746615087,9,3
537,PPP3CA,Ppp3ca,5530,homologene,0.5603533117212477,0.5733438485804416,0.5445583596214512,0.5587657699627053,upstroke_downstroke_ratio_long_square,-0.2017346036510008,2.5214201852703598e-34,0.2017346036510008,14,0.08080137506170078,3654,1.4542107263412034,0.5607555001205362,4.835589941972921,10,4
538,MAPK4,Mapk4,5596,homologene,0.5592149174775044,0.5835962145110409,0.5297055730809673,0.5559983518459871,upstroke_downstroke_ratio_long_square,0.2443444962334742,3.7678586999360795e-50,0.2443444962334742,12,0.08526646872619117,3654,1.6687829980260376,0.6201590001533059,7.2727272727272725,9,4
539,NEGR1,Negr1,257194,homologene,0.5591335983671294,0.6188222923238696,0.487907465825447,0.5494797689124079,tau,0.2519197183450087,4.36954888880179e-53,0.2519197183450087,13,0.09709788868401291,3654,1.2949660975029775,0.5727276701788135,3.6363636363636362,10,4
540,WDR17,Wdr17,116966,homologene,0.5590345859674731,0.38341219768664564,0.789826498422713,0.5502991128026651,upstroke_downstroke_ratio_long_square,-0.1518702002330261,6.652305243536122e-20,0.1518702002330261,10,0.057724688400316,3654,3.5079837785102272,1.9146917941031578,9.284332688588007,10,9
541,NXPH2,Nxph2,11249,homologene,0.5582196863726561,0.7460567823343848,0.3455573080967403,0.5077453824416187,upstroke_downstroke_ratio_long_square,-0.2721860222631098,2.6616188569177398e-62,0.2721860222631098,16,0.12947796285148694,3654,1.1795367257419045,0.3171491732930054,4.6421663442940035,8,4
542,SLC25A3,Slc25a3,5250,homologene,0.5578948471550746,0.8159831756046266,0.2744479495268139,0.47322817899303915,upstroke_downstroke_ratio_long_square,-0.27841242465993,3.1683028631543428e-65,0.27841242465993,18,0.1577291568543928,3654,0.8074807923560311,0.36229393243596264,3.6750483558994196,8,3
543,NEFM,Nefm,4741,same-symbol,0.5576130170196458,0.4103575184016824,0.7488170347003155,0.554330857968892,upstroke_downstroke_ratio_long_square,-0.1367273286758065,2.3151748951015487e-16,0.1367273286758065,13,0.06794028232383137,3654,2.671648309450454,0.864215076105813,9.090909090909092,10,4
544,ST6GALNAC5,St6galnac5,81849,homologene,0.5574736674254883,0.7828601472134595,0.3063880126182965,0.48975398381513846,upstroke_downstroke_ratio_long_square,-0.3312057551152327,2.7939100019951023e-93,0.3312057551152327,15,0.12534356756839,3654,1.3235851550998792,0.42004255452954187,4.090909090909091,7,4
545,NETO2,Neto2,81831,homologene,0.5574124733621879,0.7902208201892744,0.29889589905362773,0.4859976980412235,upstroke_downstroke_ratio_long_square,-0.3466624955824272,1.143991716225485e-102,0.3466624955824272,15,0.1368241667183397,3654,1.1532605405101966,0.3531037436645285,4.448742746615087,7,4
546,ANKS1B,Anks1b,56899,homologene,0.5570411556474483,0.3940588853838065,0.7701104100946372,0.5508800684580618,tau,0.1396326922144342,7.1979275422371e-17,0.1396326922144342,12,0.05307452698333606,3654,3.0222624466799655,1.3417671643471287,9.090909090909092,10,6
547,TENM3,Tenm3,55714,homologene,0.5563957680403182,0.29114090431125134,0.919689800210305,0.5174546551332418,latency,-0.1253445309925851,2.1074091086093732e-13,0.1253445309925851,9,0.04596073818446258,3654,7.007113103218626,2.530149304138581,25.454545454545453,10,8
548,MTUS2,Mtus2,23281,homologene,0.5561417552364427,0.30625657202944273,0.8958990536277603,0.5238081452673867,latency,0.107346806006008,4.097874985317927e-10,0.107346806006008,12,0.04419164017419088,3654,5.0377592046264965,1.5936563331128717,18.40909090909091,10,8
549,CADM3,Cadm3,57863,homologene,0.5556752203307337,0.6041009463722399,0.49763406940063093,0.5482893508650246,tau,0.2209858044398305,7.638495092415888e-41,0.2209858044398305,14,0.076009077351816,3654,1.8921195256085306,0.8623029425734512,7.5,8,5
550,RANBP17,Ranbp17,64901,homologene,0.555627898058072,0.4676656151419558,0.6670609884332283,0.5585351264628097,latency,0.1604820343929055,1.8761769797250508e-21,0.1604820343929055,13,0.05915183320612008,3654,2.2659688302768677,0.8558452254239493,6.590909090909091,10,4
551,MPPED1,Mpped1,758,homologene,0.555430214678233,0.8346477392218716,0.2518401682439537,0.4584733657150345,threshold_i_short_square,0.3947240982718284,1.0466784388289539e-133,0.3947240982718284,15,0.164339921657071,3654,1.0866271006689299,0.5150496427486303,3.288201160541586,7,4
552,THRB,Thrb,7068,homologene,0.5550631205959239,0.6148790746582545,0.4837013669821241,0.5453602927798294,upstroke_downstroke_ratio_long_square,-0.1849706616149069,5.319009285649558e-29,0.1849706616149069,16,0.09417133541546371,3654,1.5257445311169113,0.5312187777042905,6.136363636363637,9,3
553,KIRREL3,Kirrel3,84623,homologene,0.5548948146996328,0.572292323869611,0.5337802313354364,0.5527009399545251,latency,0.1805115280237448,6.334132366573032e-27,0.1805115280237448,15,0.0800981315302454,3654,1.8994680898633542,1.062437555408581,6.769825918762089,9,6
554,SHISA6,Shisa6,388336,homologene,0.5547140050980509,0.8951104100946372,0.19518927444794953,0.417990372493409,tau,0.4400366221815711,3.20518622043161e-171,0.4400366221815711,16,0.21719262979059065,3654,0.6234453658696966,0.0,4.6421663442940035,3,2
555,AUTS2,Auts2,26053,homologene,0.5534745855204418,0.43086225026288116,0.7110935856992638,0.5535190895370148,latency,-0.1664953808569195,5.0023716324710454e-23,0.1664953808569195,11,0.055581585895661235,3654,2.765613875589337,1.1572713542790396,7.156673114119923,10,6
556,STOX2,Stox2,56977,homologene,0.5534693035808298,0.4737118822292324,0.6541798107255521,0.5566801141186599,upstroke_downstroke_ratio_long_square,-0.1373369466051933,1.7038654304545706e-16,0.1373369466051933,15,0.08177838391492091,3654,2.1174657011535105,0.590450608061557,6.590909090909091,10,4
557,ARL15,Arl15,54622,homologene,0.5533415958944575,0.9342797055730809,0.15930599369085174,0.38579315297386507,upstroke_downstroke_ratio_long_square,-0.4479584031659469,2.248473306089044e-178,0.4479584031659469,17,0.16441410446542765,3654,0.4765504779860361,0.28848085350157354,2.3210831721470018,7,1
558,LPCAT4,Lpcat4,254531,homologene,0.5529644986284156,0.758149316508938,0.3225552050473186,0.4945149221641597,upstroke_downstroke_ratio_long_square,-0.2553237507429211,9.1684233201303e-55,0.2553237507429211,17,0.12409696225611261,3654,1.0847250134542188,0.3936337387077047,4.25531914893617,8,4
559,NECAB1,Necab1,64168,homologene,0.5527956328656496,0.828601472134595,0.25262881177707674,0.45752443141552485,upstroke_downstroke_ratio_long_square,0.4517914448680632,8.958761872639615e-182,0.4517914448680632,14,0.13212223914057233,3654,0.83661050385198,0.5443472767830704,2.9013539651837523,8,3
560,MAP2,Map2,4133,homologene,0.5526736697866902,0.3451629863301788,0.8295215562565721,0.5350889062415477,tau,0.1315962007705068,4.097831362687746e-15,0.1315962007705068,11,0.05127069093396933,3654,4.439691816820039,2.1340118166588344,10.251450676982591,10,8
561,EPHA5,Epha5,2044,homologene,0.5520193368750693,0.40746582544689797,0.7396161934805469,0.5489702385288693,tau,0.1440024198395767,7.199420155357e-18,0.1440024198395767,12,0.06285819792139846,3654,4.180434474483288,1.5936563331128717,12.36749116607774,9,7
562,CYP46A1,Cyp46a1,10858,homologene,0.5508555429561379,0.7089905362776024,0.3697423764458465,0.5119998493758527,threshold_i_short_square,0.2731805900220234,5.587953167075994e-62,0.2731805900220234,15,0.1535728428955337,3654,1.392258043476324,0.7931807938620856,4.6421663442940035,8,5
563,HERC1,Herc1,8925,homologene,0.5508067000615291,0.3038906414300736,0.8864353312302838,0.5190177274369833,upstroke_downstroke_ratio_long_square,-0.1137521350889114,1.0259372260888055e-11,0.1137521350889114,11,0.049535478697456004,3654,5.064355802662834,2.101124285802052,15.667311411992262,10,8
564,PDS5B,Pds5b,23047,homologene,0.5506936292673797,0.37986330178759203,0.7749737118822293,0.5425717215209154,upstroke_downstroke_ratio_long_square,-0.135128019037413,5.160290000524778e-16,0.135128019037413,12,0.05985254926902772,3654,2.6969388618125434,1.0366706901524294,10.831721470019342,10,5
565,ARHGAP32,Arhgap32,9743,homologene,0.5504704433932903,0.34792323869610936,0.8201892744479496,0.5341936996162935,upstroke_downstroke_ratio_long_square,-0.1446335890951803,3.699145783489311e-18,0.1446335890951803,9,0.04950269642659306,3654,3.6731477626891786,1.9714900862614861,11.02514506769826,10,7
566,PRKAG2,Prkag2,51422,homologene,0.5504464722835642,0.752365930599369,0.3234752891692955,0.4933272615229742,upstroke_downstroke_ratio_long_square,-0.3066318335556955,1.6138309697416524e-79,0.3066318335556955,15,0.11251634745358767,3654,1.317303847531652,0.5445614793694978,4.7727272727272725,7,4
567,SCLT1,Sclt1,132320,homologene,0.5500145381227766,0.6288117770767613,0.45675604626708727,0.5359231112237673,upstroke_downstroke_ratio_long_square,-0.2150518589856303,6.452070549498642e-39,0.2150518589856303,15,0.09042110848293218,3654,1.382975294186137,0.58021937514473,5.609284332688588,9,4
568,LANCL1,Lancl1,10314,homologene,0.5495163566013326,0.7668243953732913,0.30691377497371186,0.4851277872127621,tau,-0.3172466727908153,4.483839211034572e-85,0.3172466727908153,15,0.11099495770874183,3654,0.8351556469061221,0.4738821381214269,2.727272727272727,9,3
569,TMTC2,Tmtc2,160335,homologene,0.5487358030533913,0.49526813880126186,0.6155362776025237,0.552137217159701,tau,0.1599848243398293,8.631068090394963e-22,0.1599848243398293,14,0.07854744562936858,3654,1.9271277070863495,0.9085201597301815,5.802707930367505,10,4
570,CADPS2,Cadps2,93664,homologene,0.5482366278951722,0.4040483701366982,0.7354100946372241,0.5451066410531478,adaptation,0.135314963450092,8.226362812267604e-16,0.135314963450092,13,0.07330093267265815,3654,2.7249188556140505,1.1684153154380705,8.181818181818182,10,7
571,POU6F2,Pou6f2,11281,same-symbol,0.5476522859054002,0.5273396424815983,0.5726866456361724,0.5495456040801027,tau,0.1906535686058657,1.4723172096105393e-30,0.1906535686058657,13,0.07277772498157492,3654,2.251804104280633,0.5386960521309438,9.772727272727273,8,4
572,CBLN4,Cbln4,140689,homologene,0.5473390626238726,0.7000525762355415,0.3721083070452156,0.5103874792602666,tau,0.2664582097878442,1.8012713352409016e-59,0.2664582097878442,15,0.09433800036089593,3654,1.0503285430718672,0.5312187777042905,4.061895551257253,9,4
573,DPP10,Dpp10,57628,homologene,0.545720769056357,0.3245268138801262,0.8430599369085173,0.5230636244615958,threshold_i_long_square,-0.13185019351359,3.4147132340947466e-15,0.13185019351359,10,0.05911805616765756,3654,3.9278242540068007,2.601213008175844,12.727272727272727,10,7
574,RGS7BP,Rgs7bp,401190,homologene,0.5451697905347828,0.7933753943217665,0.27208201892744477,0.46461078232691055,tau,-0.3099894881767162,4.432183770153263e-81,0.3099894881767162,16,0.1505657444347367,3654,0.9908231104144682,0.2962377801915671,5.0,6,3
575,RBMS3,Rbms3,27303,homologene,0.5450683063423996,0.6422187171398528,0.43099369085173506,0.526110459156793,avg_isi,-0.2014873418892592,9.012971991079432e-34,0.2014873418892592,16,0.08747477021026773,3654,1.4607827733131697,0.5607555001205362,4.545454545454546,9,4
576,NUAK1,Nuak1,9891,homologene,0.5449008142074943,0.4668769716088328,0.6434016824395373,0.5480779406484073,upstroke_downstroke_ratio_long_square,-0.1588419071382356,1.1537372688220365e-21,0.1588419071382356,13,0.0755867517113799,3654,2.2221897096347023,1.6229224537420692,5.909090909090909,10,6
577,SYBU,Sybu,55638,homologene,0.541958306282134,0.6232912723449001,0.4458464773922188,0.5271548331982623,upstroke_downstroke_ratio_long_square,-0.237365297638372,2.45794363265483e-47,0.237365297638372,14,0.0721625459287281,3654,1.5079562866221259,0.9554538967207149,4.835589941972921,9,5
578,VWC2,Vwc2,375567,homologene,0.541821522529609,0.8874868559411145,0.1791535226077813,0.39874352221691983,upstroke_downstroke_ratio_long_square,-0.3411576429043658,2.910866854301624e-99,0.3411576429043658,18,0.14243878561082754,3654,0.6955366049796001,0.2884804925017817,2.2968197879858656,7,3
579,STXBP6,Stxbp6,29091,homologene,0.5415988760716935,0.9019453207150369,0.16640378548895898,0.3874107841439566,tau,0.4666642186352343,3.0758509496963894e-195,0.4666642186352343,16,0.16043823880615787,3654,0.6041918141566878,0.2810745479969925,2.9013539651837523,6,2
580,PVALB,Pvalb,5816,homologene,0.5410751974629014,0.9858044164037855,0.09950052576235542,0.31319013032186793,upstroke_downstroke_ratio_long_square,-0.5862391490630879,0.0,0.5862391490630879,18,0.3318837997050678,3654,0.2933454122309893,0.1928785590465066,0.7736943907156673,7,0
581,GRIP1,Grip1,23426,homologene,0.5405400411786407,0.48028391167192425,0.616062039957939,0.5439528347049809,threshold_i_short_square,0.1519199574668219,1.6040310010980091e-19,0.1519199574668219,14,0.07100975705824872,3654,2.5417169180598798,1.5308190718132004,7.954545454545454,9,5
582,RAP1GAP,Rap1gap,5909,homologene,0.5397276134133246,0.5754468980021029,0.4967139852786541,0.5346330723242472,upstroke_downstroke_ratio_long_square,-0.1831584764635383,1.8819084495658826e-28,0.1831584764635383,15,0.08395381899540534,3654,1.2971352080932468,0.590450608061557,3.8636363636363638,10,4
583,PTPRS,Ptprs,5802,homologene,0.5395109745258178,0.35042060988433227,0.7902208201892744,0.526222065058111,avg_isi,-0.1137481634313185,1.878092954394766e-11,0.1137481634313185,13,0.06390414927978992,3654,3.323855009617538,1.6921604773229388,9.671179883945841,10,6
584,ZEB1,Zeb1,6935,homologene,0.5393464806865789,0.396950578338591,0.7242376445846478,0.5361777241479311,threshold_v_short_square,0.1349839594233328,6.837576226944118e-15,0.1349839594233328,13,0.06596321990179757,3654,3.6504086078258147,1.3440617013095695,12.045454545454545,9,6
585,ATP9A,Atp9a,10079,homologene,0.5391821575199206,0.38209779179810727,0.7444794952681387,0.5333516393346188,ri,0.1516417945757237,1.092886950120653e-19,0.1516417945757237,10,0.06294837169024231,3654,2.9292856245260674,1.7196009174957432,7.954545454545454,10,7
586,FGFR1,Fgfr1,2260,homologene,0.5375115290298244,0.5315457413249212,0.5448212407991588,0.5381425557695212,adaptation,0.1611213712010055,5.394197522304924e-22,0.1611213712010055,15,0.07628456050658466,3654,1.9869160858182702,1.0080468079643805,6.818181818181818,9,5
587,TRIM9,Trim9,114088,homologene,0.5359608310177852,0.5173501577287066,0.5588853838065194,0.5377168785379268,upstroke_downstroke_ratio_long_square,-0.1700851125298124,1.1337362016277222e-24,0.1700851125298124,14,0.07379267002512112,3654,2.2381890914702653,0.5802629029461854,6.590909090909091,9,4
588,SLC35F1,Slc35f1,222553,homologene,0.5359342741343113,0.7662986330178759,0.2808885383806519,0.4639445042151946,tau,0.2856798810637597,1.552924147513959e-68,0.2856798810637597,16,0.14554003962860873,3654,1.0657031689488443,0.4794460545623116,3.0035335689045937,8,4
589,FAR2,Far2,55711,homologene,0.5358697879539445,0.7970557308096741,0.250788643533123,0.4470934192649901,upstroke_downstroke_ratio_long_square,-0.3904249403799943,4.067427998015848e-132,0.3904249403799943,14,0.12893874256614093,3654,1.072220658308501,0.26665752997386594,3.288201160541586,7,4
590,KCNH1,Kcnh1,3756,homologene,0.5356653316059966,0.34647739221871715,0.7866719242902208,0.5220766580299829,latency,-0.1034856755256685,1.764558794511548e-09,0.1034856755256685,14,0.05395028006745364,3654,3.6292476682506063,1.8679773251585745,8.704061895551257,10,8
591,RERG,Rerg,85004,homologene,0.5355733556660829,0.8212407991587801,0.22739221871713985,0.4321385974681642,upstroke_downstroke_ratio_long_square,-0.3799287939762393,1.2648007118743747e-124,0.3799287939762393,15,0.1377829528181441,3654,0.8294319619657688,0.3909622522273945,3.409090909090909,7,2
592,MDGA2,Mdga2,161357,homologene,0.535070875387718,0.3385909568874868,0.7966614090431126,0.5193672581162977,avg_isi,-0.1094432275811373,1.073650803740278e-10,0.1094432275811373,13,0.052679016937466176,3654,3.4107573752516367,1.3143267241743242,9.864603481624759,10,7
593,FRMD4A,Frmd4a,55691,homologene,0.5342853812301176,0.44610935856992634,0.6461619348054679,0.5368974634586849,tau,0.1735948382453488,1.7302018695335486e-25,0.1735948382453488,11,0.06988688456235409,3654,1.8324958228545625,0.6545641305145324,7.156673114119923,10,4
594,PTPRJ,Ptprj,5795,homologene,0.534228896591279,0.39773922187171395,0.7110935856992638,0.531817458771327,ri,0.1493743024379278,3.884878118629914e-19,0.1493743024379278,11,0.06592795765700495,3654,2.280018909812083,1.1729943987169547,8.317214700193423,10,6
595,GAD2,Gad2,2572,homologene,0.5342067212945228,0.4075972660357518,0.6975552050473186,0.5332181490593652,upstroke_downstroke_ratio_long_square,0.190309028282727,1.2359661576792961e-30,0.190309028282727,7,0.060159165874245225,3654,2.4024550227388346,1.5708049668649493,7.350096711798839,10,7
596,MTSS1,Mtss1,9788,homologene,0.5311360739339547,0.43611987381703465,0.6520767613038907,0.5332763212996368,sag,-0.1471851811822886,4.617125505728447e-18,0.1471851811822886,13,0.06261579026526173,3654,1.7384292794131728,0.6545641305145324,7.543520309477756,10,4
597,TCF4,Tcf4,6925,homologene,0.5310992916770154,0.37000525762355413,0.7422450052576236,0.5240558695312393,threshold_i_short_square,-0.1474727369204723,1.814495739864713e-18,0.1474727369204723,10,0.059751147390394346,3654,2.681180638099113,1.8656911966627185,8.636363636363637,10,5
598,ATP2B2,Atp2b2,491,homologene,0.5308921521915198,0.31861198738170343,0.8158517350157729,0.5098432530711633,tau,-0.1198308321321774,9.686035597458864e-13,0.1198308321321774,11,0.05044803894731065,3654,3.4737633958197085,1.1322729846074964,11.363636363636363,10,7
599,SLC38A1,Slc38a1,81539,homologene,0.5297324895980896,0.544689800210305,0.5115667718191378,0.5278685468337708,threshold_i_long_square,0.148889937110366,4.869228348895516e-19,0.148889937110366,16,0.0932592720726757,3654,1.5484632622146963,0.6123553291336052,7.045454545454546,9,3
600,CALB2,Calb2,794,homologene,0.5296378449078715,0.7636698212407992,0.2712933753943218,0.45516871980749596,threshold_i_ramp,-0.2603722054359521,1.1990632298198717e-56,0.2603722054359521,17,0.16183843993296543,3654,0.9777264103059867,0.6342983465860108,2.9545454545454546,8,4
601,KLHL5,Klhl5,51088,homologene,0.5279032627185887,0.6566771819137749,0.3789432176656151,0.49884202337212363,upstroke_downstroke_ratio_long_square,-0.2941834277558546,5.4091943636421147e-73,0.2941834277558546,12,0.07974219104327428,3654,1.496602949005061,0.4430937576758769,4.6421663442940035,8,4
602,RFX3,Rfx3,5991,homologene,0.527111388323309,0.4738433228180862,0.5937171398527865,0.530404470533474,upstroke_downstroke_ratio_long_square,-0.2008020169905883,5.147646766032287e-34,0.2008020169905883,10,0.05840265694571231,3654,1.657116577608706,0.9001503090483177,5.802707930367505,10,4
603,DCLK1,Dclk1,9201,homologene,0.5268618086311188,0.4455835962145111,0.6297318611987383,0.529715194575152,latency,0.1736432625997364,5.672025198182054e-25,0.1736432625997364,11,0.06757550046940229,3654,2.621837845503315,0.7602429309688823,8.51063829787234,9,4
604,SH3PXD2A,Sh3pxd2a,9644,homologene,0.5259558969529505,0.5105152471083071,0.5449526813880127,0.5274529863420396,threshold_i_long_square,0.1500195529052461,2.5924765296517777e-19,0.1500195529052461,15,0.07710780369303386,3654,2.110874130156816,1.1382592131554499,6.576402321083172,9,5
605,ARHGAP26,Arhgap26,23092,homologene,0.5249924585398736,0.5550736067297581,0.48869610935856994,0.5208284861799148,upstroke_downstroke_ratio_long_square,-0.2573811449427389,1.1806571901753103e-55,0.2573811449427389,10,0.07746496922972984,3654,1.598136261622912,0.48303338268445295,5.996131528046422,9,3
606,INPP4A,Inpp4a,3631,homologene,0.5237115962033704,0.4677970557308097,0.5937171398527866,0.5270096108801536,upstroke_downstroke_ratio_long_square,-0.206779868987892,4.978022762123501e-36,0.206779868987892,9,0.06288221550652931,3654,2.0822890175814504,0.7576436993962526,8.51063829787234,9,4
607,SST,Sst,6750,homologene,0.5233062218142412,0.961882229232387,0.09016824395373291,0.29450166637930303,tau,0.6201606394708873,0.0,0.6201606394708873,17,0.22080643112523635,3654,0.3775217879629305,0.2235827604266801,1.1173184357541899,6,1
608,DNM1,Dnm1,1759,homologene,0.5220183898263742,0.5662460567823344,0.4689800210304942,0.5153232845682539,upstroke_downstroke_ratio_long_square,-0.2146139541648705,9.215249297205172e-39,0.2146139541648705,13,0.0913417411726612,3654,1.6850008818749445,0.9728214895014674,5.029013539651838,9,5
609,SCN1B,Scn1b,6324,homologene,0.521144540671524,0.8533123028391167,0.1725814931650894,0.3837524089307007,threshold_i_long_square,0.3302484502606452,2.7300349774057103e-92,0.3302484502606452,17,0.17550092494030567,3654,0.44166568611480483,0.2778930201284674,1.5473887814313345,8,1
610,NECAB2,Necab2,54550,homologene,0.520968417912724,0.8101997896950578,0.2106992639327024,0.4131688508675103,upstroke_downstroke_ratio_long_square,0.4113711721511081,6.260923539045863e-148,0.4113711721511081,14,0.11389578696005868,3654,0.8378826792562994,0.47013412966105944,2.727272727272727,7,3
611,PRDM2,Prdm2,7799,homologene,0.5206597939517661,0.3399053627760253,0.7601209253417456,0.508300284164719,upstroke_downstroke_ratio_long_square,-0.1477764606209495,6.6672463829539535e-19,0.1477764606209495,8,0.036807178607478924,3654,2.799921378899665,0.9519568407297363,9.284332688588007,10,5
612,RYR1,Ryr1,6261,homologene,0.5205959539452869,0.2300210304942166,0.9277076761303892,0.46194401788626627,upstroke_downstroke_ratio_long_square,-0.0791377928926561,2.5415570806456764e-06,0.0791377928926561,12,0.036331864273653425,3654,10.471767433931458,4.992148861852014,32.95454545454545,10,10
613,SEZ6L,Sez6l,23544,homologene,0.5203663272271004,0.34463722397476343,0.7526288117770769,0.5092974615824003,adaptation,0.1122004627237731,3.171946773210272e-11,0.1122004627237731,13,0.05922877949078795,3654,3.7300475430482813,1.2278752790625633,15.681818181818182,9,6
614,CPLX2,Cplx2,10814,homologene,0.5201334627482221,0.8888012618296529,0.14103575184016823,0.35405190890409743,upstroke_downstroke_ratio_long_square,0.3742964462358537,1.00341881455456e-120,0.3742964462358537,17,0.22013105999407268,3654,0.4935839663151089,0.19681686935385234,2.5,6,1
615,BASP1,Basp1,10409,homologene,0.5193493140741648,0.8367507886435331,0.18388538380651945,0.39225787426146586,threshold_i_long_square,-0.3147433421504567,1.5667556738156802e-83,0.3147433421504567,17,0.18025296863565288,3654,0.5590799063014,0.5312187777042905,1.4134275618374559,8,2
616,ACTN1,Actn1,87,homologene,0.5193140110794675,0.4242902208201893,0.6403785488958991,0.5212545979840881,tau,0.1621585628747141,2.3618622465789663e-22,0.1621585628747141,11,0.056224081895098504,3654,1.8401367377051678,0.7831079464700337,6.963249516441006,10,5
617,ZEB2,Zeb2,9839,homologene,0.5183146063048706,0.304416403785489,0.8063880126182966,0.49545710092498363,latency,-0.1150807681727379,1.8486669462992688e-11,0.1150807681727379,11,0.051690429198519884,3654,3.5479727324025014,1.6028071824561778,10.251450676982591,10,8
618,GRIN2B,Grin2b,2904,homologene,0.5176488185854458,0.2493427970557308,0.8893270241850684,0.4709005072279648,upstroke_downstroke_ratio_long_square,-0.1024926087295401,9.426718049001052e-10,0.1024926087295401,10,0.03830286856572223,3654,4.86347461358916,1.7580257182149421,17.5,10,8
619,CALB1,Calb1,793,homologene,0.5162844541268753,0.82465825446898,0.189143007360673,0.3949409351979939,tau,0.3383741131512869,2.505268374795688e-97,0.3383741131512869,16,0.12132492181212634,3654,0.7840569620220602,0.17284889957986965,3.1818181818181817,6,3
620,MAGED1,Maged1,9500,homologene,0.5145452673139689,0.45347003154574134,0.5912197686645636,0.51778417042894,upstroke_downstroke_ratio_long_square,0.1641209288203048,4.729751277549333e-23,0.1641209288203048,12,0.07216209979415644,3654,1.9440435008046475,0.940685535512592,8.897485493230175,9,5
621,EDIL3,Edil3,10085,homologene,0.5133908726178735,0.4871188222923239,0.5458727655099895,0.5156596732891569,latency,-0.1964987366142946,8.591289879905367e-32,0.1964987366142946,11,0.06766893014479584,3654,2.231015195184103,0.8861875153517538,6.189555125725338,9,5
622,CABP1,Cabp1,9478,same-symbol,0.5124802839116719,0.8038906414300736,0.2009726603575184,0.4019453207150368,tau,-0.2700457090894864,4.2387473800095006e-61,0.2700457090894864,18,0.14215226190896144,3654,0.6040276742959187,0.45228358544751923,1.9342359767891684,8,2
623,SHC3,Shc3,53358,homologene,0.5116759943935245,0.5268138801261829,0.49329652996845424,0.5097798142389156,threshold_i_long_square,0.142931390008767,1.2182839096260979e-17,0.142931390008767,16,0.08200030057115629,3654,1.5895298277351289,0.3531037436645285,6.363636363636363,9,3
624,BEX1,Bex1,55859,same-symbol,0.5114006923987227,0.8401682439537329,0.16692954784437433,0.3744982043700592,upstroke_downstroke_ratio_long_square,0.3171776342766524,2.9155079615595975e-85,0.3171776342766524,17,0.15508802205545028,3654,0.5344772764174008,0.22322084897431121,2.3210831721470018,7,2
625,ITGB8,Itgb8,3696,homologene,0.5110752918556478,0.41298633017875924,0.6363038906414301,0.5126254077535279,fast_trough_v_long_square,0.1465326930877913,2.093002837022575e-18,0.1465326930877913,12,0.05745101462700676,3654,1.9056057421397576,0.6571633620871621,6.590909090909091,10,4
626,PCDH10,Pcdh10,57575,homologene,0.5101445025551697,0.27063617245005256,0.8375394321766562,0.4760971184540824,latency,-0.1163662809556892,1.0958995254438643e-11,0.1163662809556892,9,0.046704607736845094,3654,4.172345175705344,1.6028071824561778,11.484098939929329,10,8
627,ELMOD1,Elmod1,55531,homologene,0.5099800762983896,0.685856992639327,0.31125131440588855,0.46203234784315733,tau,-0.2805184994385995,4.936582026111657e-66,0.2805184994385995,14,0.10430077858597274,3654,1.1462958882209566,0.6993721634680893,3.6750483558994196,8,5
628,GRIK2,Grik2,2898,homologene,0.509639372403599,0.2769453207150368,0.8266298633017876,0.4784676296310343,avg_isi,0.1327452589113743,3.3116519953354798e-15,0.1327452589113743,7,0.04102613090116192,3654,3.96604642213702,1.8208831637091616,10.909090909090908,10,7
629,ZYG11B,Zyg11b,79699,homologene,0.5095666608567635,0.5331230283911672,0.48107255520504727,0.5064295187948583,upstroke_downstroke_ratio_long_square,-0.1613693004536029,2.5485685587319333e-22,0.1613693004536029,15,0.07093837652351018,3654,1.2609682953177694,0.7498638067872287,3.481624758220503,10,5
630,APLP2,Aplp2,334,homologene,0.5089481489482051,0.4860672975814932,0.5371976866456362,0.5109933735528027,upstroke_downstroke_ratio_long_square,0.1684395129402121,3.2201861461580123e-24,0.1684395129402121,13,0.06911462063207433,3654,1.4925756445484946,1.062437555408581,4.448742746615087,10,6
631,CTTNBP2,Cttnbp2,83992,homologene,0.508053172561069,0.3174290220820189,0.7623554153522608,0.49192858625434593,tau,-0.1293214235486983,1.219233856804784e-14,0.1293214235486983,10,0.04487065662470493,3654,3.24049523886481,1.7258897642260669,8.317214700193423,10,8
632,PDE4D,Pde4d,5144,same-symbol,0.5078582767151893,0.530757097791798,0.48015247108307046,0.5048210891490278,threshold_i_short_square,-0.1769294264237466,3.988902853803056e-26,0.1769294264237466,14,0.053618476261274625,3654,1.6207056792138919,1.0996050547156175,5.609284332688588,9,6
633,LDB2,Ldb2,9079,homologene,0.5078218490219318,0.42376445846477395,0.614484752891693,0.5102908960034548,adaptation,0.1500245501645101,3.377221478255421e-19,0.1500245501645101,12,0.07978363236984236,3654,1.8117861805317386,0.7014684457115306,6.136363636363637,10,4
634,NLK,Nlk,51701,homologene,0.5073831446316465,0.6004206098843322,0.3982649842271293,0.4890056285210089,upstroke_downstroke_ratio_long_square,-0.2405141238534782,1.3614815590451263e-48,0.2405141238534782,13,0.08906681079424493,3654,1.1633068239828597,0.605246059225107,4.448742746615087,9,4
635,LINGO1,Lingo1,84894,homologene,0.5063532657627886,0.5704521556256572,0.43020504731861203,0.4953901458486433,tau,0.2007221226158729,8.66682101748078e-34,0.2007221226158729,14,0.07883860701341053,3654,1.5689395463471634,0.6841879085336892,6.189555125725338,8,4
636,CELF2,Celf2,10659,homologene,0.5058598317965747,0.6503680336487907,0.34029968454258674,0.47044663532356773,fast_trough_v_long_square,-0.2741388332407009,9.61384640924302e-63,0.2741388332407009,13,0.10377180196573083,3654,0.9362224968335393,0.6445528156054472,3.481624758220503,9,3
637,UNC80,Unc80,285175,homologene,0.5055441324982695,0.3300473186119874,0.7380389064143008,0.49354610938934923,upstroke_downstroke_ratio_long_square,-0.1385495803134573,9.142438388454501e-17,0.1385495803134573,9,0.04140982861638217,3654,3.5991960146066666,1.3091282610290649,14.313346228239846,9,6
638,PDE7B,Pde7b,27115,homologene,0.5051986636974475,0.5124868559411145,0.49631966351209256,0.5043384814735677,upstroke_downstroke_ratio_long_square,0.2271385896876193,2.3099575750593883e-43,0.2271385896876193,10,0.0688397009641319,3654,1.5090884977643497,0.4738821381214269,6.590909090909091,9,3
639,PLCE1,Plce1,51196,homologene,0.5049289679763815,0.22476340694006305,0.8970820189274448,0.4490336411437373,upstroke_downstroke_ratio_long_square,0.0863148779937891,2.797845191857327e-07,0.0863148779937891,11,0.045790250447218565,3654,4.958894844377549,2.124875110817162,19.09090909090909,10,8
640,KSR2,Ksr2,283455,homologene,0.5047286979204466,0.2606466876971609,0.8396424815983176,0.4678140994865651,upstroke_downstroke_ratio_long_square,-0.1063864602356194,2.0952538385785984e-10,0.1063864602356194,10,0.04085694705983873,3654,3.5993851241229473,1.9863987208085754,13.409090909090908,10,6
641,CPLX1,Cplx1,10815,homologene,0.504398176724731,0.9290220820189274,0.08556782334384859,0.28194750822933334,upstroke_downstroke_ratio_long_square,-0.3900323316749616,7.675681825308728e-132,0.3900323316749616,18,0.20677530590241003,3654,0.2934462894968327,0.1839415170699079,1.1605415860735009,6,1
642,GPC6,Gpc6,10082,homologene,0.5043370110188731,0.5097266035751841,0.4977655099894847,0.5037105545686028,threshold_i_long_square,-0.1946581416201837,8.297714296404632e-32,0.1946581416201837,12,0.08707960001760934,3654,1.901840921845578,0.6076598153175343,5.415860735009671,9,4
643,PPM1L,Ppm1l,151742,homologene,0.5040044877514016,0.6976866456361724,0.2871976866456362,0.4476315344457565,tau,-0.2878314520381446,1.3579129944331865e-69,0.2878314520381446,14,0.11070047896776852,3654,1.1603920485203572,0.4275198289561951,4.061895551257253,7,4
644,CTNNB1,Ctnnb1,1499,homologene,0.5039545459482822,0.2196372239747634,0.9029968454258674,0.4453444963029251,fast_trough_v_long_square,0.0978997813378985,6.915353785301358e-09,0.0978997813378985,9,0.04055618454463061,3654,4.8361158234259864,2.2306787596408295,25.72533849129594,10,6
645,NALCN,Nalcn,259232,homologene,0.5037607947375048,0.22726077812828602,0.8901156677181913,0.4497648043920456,avg_isi,0.112899746800601,2.649721189852761e-11,0.112899746800601,7,0.03987012582254698,3654,5.872727170125962,2.120916998949612,15.017667844522968,10,9
646,RGS4,Rgs4,5999,homologene,0.5034619679506525,0.7271293375394322,0.25670347003154576,0.43203775773433434,threshold_i_long_square,0.2345394004664652,5.4815735879523084e-46,0.2345394004664652,17,0.13280962985488268,3654,0.9996711476917504,0.8861875153517538,2.5,8,5
647,TIMP2,Timp2,7077,homologene,0.5019201502069284,0.8794689800210306,0.11869085173501577,0.3230865554510458,tau,0.4079749042733526,4.694742347895695e-145,0.4079749042733526,16,0.1894438503266954,3654,0.4397217893272007,0.12594458438287154,2.3210831721470018,5,1
648,PIK3R1,Pik3r1,5295,homologene,0.5017080579719883,0.20728180862250264,0.9177181913774973,0.4361493855486898,threshold_i_short_square,-0.0991385079119628,5.722103939443639e-09,0.0991385079119628,8,0.03622924939873043,3654,5.886651527342403,3.1784069588947634,30.754352030947775,10,6
649,RIMS3,Rims3,9783,homologene,0.5007919028253678,0.7528916929547845,0.22673501577287067,0.4131669273760502,upstroke_downstroke_ratio_long_square,0.2507217686774017,8.442838638349131e-53,0.2507217686774017,17,0.14458495020764256,3654,1.0036264518250637,0.3926021143567374,3.481624758220503,6,4
650,LRRTM4,Lrrtm4,80059,homologene,0.5006891652027005,0.36356466876971605,0.6791535226077814,0.49690665671802375,threshold_i_short_square,-0.1188539001125659,2.167626118645702e-12,0.1188539001125659,13,0.05718114944829414,3654,3.1183819117387044,1.0366706901524294,9.717314487632509,9,5
651,SLC22A17,Slc22a17,51310,homologene,0.499962639857791,0.546267087276551,0.4445320715036803,0.49278112778527444,ri,0.2018715382480232,3.914830364731714e-34,0.2018715382480232,13,0.07527809262571145,3654,0.8914136008373301,0.4562222567546568,3.6363636363636362,10,2
652,GIT2,Git2,9815,homologene,0.49930064667682666,0.5494216614090431,0.43940588853838064,0.49134419027162,upstroke_downstroke_ratio_long_square,-0.1875028619803677,9.0466357390396e-30,0.1875028619803677,14,0.07010608718616855,3654,1.4880743715094025,0.4817587587361183,4.7727272727272725,9,3
653,SEMA3E,Sema3e,9723,homologene,0.49923270393476044,0.28496319663512093,0.7890378548895899,0.4741800811879978,peak_v_long_square,0.1299834817806911,2.171436408859667e-14,0.1299834817806911,8,0.03602787541955948,3654,2.8621968083358946,1.2993854688372914,11.136363636363637,10,5
654,NCOA2,Ncoa2,10499,homologene,0.4992270748794228,0.30914826498422715,0.7531545741324921,0.48253127345074165,threshold_v_long_square,0.0769055953120963,1.1702573819035517e-05,0.0769055953120963,15,0.04826041097957098,3654,2.892311738603423,1.4677117487300002,8.51063829787234,10,7
655,AMPH,Amph,273,homologene,0.49870479520513344,0.45320715036803366,0.5554679284963197,0.5017390128290321,tau,-0.1424393696144751,1.6555607615026684e-17,0.1424393696144751,14,0.07229845463922786,3654,2.680773262809455,1.138076684117497,7.543520309477756,8,5
656,KCNJ6,Kcnj6,3763,homologene,0.49830316540588837,0.4960567823343849,0.5010515247108307,0.4985478985331221,tau,-0.187198296274948,1.6990342985237273e-29,0.187198296274948,12,0.07373492082065225,3654,1.3782299799804125,0.5312187777042905,7.2727272727272725,9,4
657,SHISA9,Shisa9,729993,homologene,0.4974844427575138,0.8036277602523659,0.17429022082018927,0.3742518667844143,tau,-0.3170777666237272,5.515714124166458e-85,0.3170777666237272,16,0.1337200094549511,3654,0.6630358520794088,0.0,3.6750483558994196,4,2
658,WIF1,Wif1,11197,homologene,0.4971975745320215,0.5102523659305993,0.48133543638275506,0.4955830356464376,tau,-0.1671822335909525,1.046271907696114e-23,0.1671822335909525,14,0.07262362895672804,3654,1.2299890740521966,0.6401637738245647,3.6363636363636362,10,4
659,LSAMP,Lsamp,4045,homologene,0.4953306822857172,0.6090956887486856,0.3633017875920084,0.47040998345802887,upstroke_downstroke_ratio_long_square,-0.2452428904778837,1.6090414431639998e-50,0.2452428904778837,13,0.09116100134358054,3654,1.2161279714159237,0.5661364923037482,3.288201160541586,9,4
660,APP,App,351,homologene,0.49523446343460303,0.4576761303890642,0.5419295478443743,0.4980243150699657,ri,0.1772241802125617,1.6583753553167762e-26,0.1772241802125617,11,0.06677937781113624,3654,1.9363461409076035,0.8496586657291783,6.963249516441006,9,5
661,PTPN13,Ptpn13,5783,homologene,0.49482570883993304,0.25381177707676134,0.8258412197686645,0.4578299111817892,upstroke_downstroke_ratio_long_square,0.1223634871854698,2.3572530299343866e-13,0.1223634871854698,7,0.04587645403897806,3654,3.7850367779363383,1.5415535547706143,11.218568665377177,10,7
662,ARNT2,Arnt2,9915,homologene,0.49463245153099367,0.581230283911672,0.39287592008412203,0.47786125870649276,upstroke_downstroke_ratio_long_square,-0.1865750518354469,1.7406451262886086e-29,0.1865750518354469,15,0.07575972436127146,3654,1.4663646011647893,0.7905852208966869,5.222437137330754,8,5
663,SGCD,Sgcd,6444,homologene,0.4944632315308868,0.529968454258675,0.4517613038906414,0.4893048537637929,tau,0.1922890825653846,4.557759653626941e-31,0.1922890825653846,13,0.07211048575213214,3654,1.058380941470929,0.5754306668940815,3.288201160541586,10,4
664,RAB3B,Rab3b,5865,homologene,0.4944374913219235,0.7902208201892744,0.18073080967402735,0.3779116942542021,upstroke_downstroke_ratio_long_square,-0.384522072342465,7.102640953704024e-128,0.384522072342465,14,0.1273085384221894,3654,0.5235696362350475,0.1984908394902251,1.5473887814313345,8,3
665,PTPRB,Ptprb,5787,homologene,0.49379257876506966,0.2016298633017876,0.9072029442691902,0.42769054892524344,tau,0.0967449422352348,1.0277912304772036e-08,0.0967449422352348,8,0.03794646424537906,3654,5.382116073729188,1.7046983236415687,22.272727272727273,10,7
666,SYN3,Syn3,8224,homologene,0.49245777364495114,0.44794952681388017,0.5479758149316508,0.4954447567631364,tau,0.1739927787238919,1.3348287677545322e-25,0.1739927787238919,11,0.06809845907292988,3654,1.593715628970878,0.8861875153517538,4.448742746615087,10,5
667,SERPINE2,Serpine2,5270,homologene,0.4916217085113341,0.6608832807570978,0.30034174553102,0.44552310617391544,upstroke_downstroke_ratio_long_square,0.2400522465803534,2.0829119652740397e-48,0.2400522465803534,15,0.11886454461875202,3654,1.1057713793033825,0.5661364923037482,3.481624758220503,8,4
668,FHL1,Fhl1,2273,homologene,0.4911872737913665,0.6621976866456362,0.2981072555205047,0.4443038768432679,threshold_i_long_square,-0.2127485989730417,7.074347687458142e-38,0.2127485989730417,16,0.10932880728048487,3654,0.9839100908567822,0.2888318356867779,5.029013539651838,7,3
669,RCAN2,Rcan2,10231,homologene,0.4909885622280423,0.7323869610935857,0.2277865404837014,0.40844570283316617,upstroke_downstroke_ratio_long_square,-0.3505028422918471,4.547676645203122e-105,0.3505028422918471,13,0.12784951235057862,3654,0.7814349985790069,0.1928785590465066,3.6363636363636362,7,3
670,RNF157,Rnf157,114804,homologene,0.49081424608863167,0.6950578338590957,0.2639327024185068,0.4283088750278059,upstroke_downstroke_ratio_long_square,-0.2627955070049869,4.8665593659491694e-58,0.2627955070049869,15,0.1104153047396266,3654,0.9442749420080343,0.5607555001205362,2.9013539651837523,8,3
671,TFDP2,Tfdp2,7029,homologene,0.49070283917382757,0.6293375394321766,0.33175604626708727,0.4569316511793378,upstroke_downstroke_ratio_long_square,-0.2409003224754324,9.545718397247372e-49,0.2409003224754324,14,0.09439380900534389,3654,0.9409807591730706,0.31356184517086405,5.029013539651838,8,3
672,INPP5F,Inpp5f,22876,homologene,0.49062934497058514,0.3276813880126183,0.7057045215562566,0.48088068910108556,upstroke_downstroke_ratio_long_square,-0.1492336310222062,2.965521656694201e-19,0.1492336310222062,7,0.04682130161976066,3654,2.3075554454458294,1.0913548979584515,7.93036750483559,10,5
673,SYT4,Syt4,6860,homologene,0.4894313997509645,0.4666140904311251,0.5176130389064143,0.49145247719856605,tau,0.1706621083082112,1.1536636565401767e-24,0.1706621083082112,12,0.06392354199395338,3654,1.9669193955741051,0.810548386642838,5.909090909090909,9,5
674,ASAP1,Asap1,50807,homologene,0.48940048120198454,0.35541535226077814,0.6637749737118822,0.48571165942737815,tau,-0.135219317376276,6.914431748759388e-16,0.135219317376276,11,0.0513582639717469,3654,2.194892420929563,1.144772564662988,6.769825918762089,10,5
675,TAC1,Tac1,6863,homologene,0.4891786685177865,0.9027339642481599,0.08175604626708727,0.2716688420631701,f_i_curve_slope,0.3627466508252739,6.1777470167274525e-112,0.3627466508252739,18,0.23113773786485275,3654,0.3944524351192107,0.10121457489878542,1.1605415860735009,5,2
676,SCG2,Scg2,7857,homologene,0.4879261992536832,0.5531019978969506,0.41062039957939006,0.4765658017363445,threshold_i_short_square,-0.2418537955583499,1.815555431495124e-48,0.2418537955583499,11,0.0821929961395751,3654,1.6897131297522432,1.1883821397914525,5.029013539651838,8,6
677,CNKSR2,Cnksr2,22866,homologene,0.48555218499490715,0.3577812828601472,0.6514195583596215,0.4827688114098672,sag,0.1365242034461124,1.1295857505889993e-15,0.1365242034461124,11,0.05263125707726405,3654,2.871435479269369,0.993958939442314,8.704061895551257,9,5
678,ST8SIA3,St8sia3,51046,homologene,0.48409669652149834,0.5491587802313355,0.4069400630914826,0.47273111667689205,tau,0.2031097144683351,1.395772512646225e-34,0.2031097144683351,13,0.09126623678062379,3654,1.5920119424351453,0.3531037436645285,6.590909090909091,7,4
679,PTPN5,Ptpn5,84867,homologene,0.4836166984814118,0.45741324921135645,0.5160357518401683,0.48584111596121277,ri,0.1666643210747495,1.503517044386042e-23,0.1666643210747495,12,0.0683013821288848,3654,1.9552174549970978,0.686052902516624,5.909090909090909,9,4
680,FBXW7,Fbxw7,55294,homologene,0.48255169792368546,0.258937960042061,0.7877234490010515,0.4516320437719502,upstroke_downstroke_ratio_long_square,-0.0902718126067522,7.57346772235106e-08,0.0902718126067522,12,0.04833669760132693,3654,4.891554294127618,1.9457832523419007,18.568665377176014,9,6
681,ADAM22,Adam22,53616,homologene,0.48254282956976524,0.352260778128286,0.6519453207150369,0.4792230858088682,adaptation,-0.092621492230733,5.1761596655553924e-08,0.092621492230733,15,0.05611940170547258,3654,2.675216723320001,1.144772564662988,9.545454545454545,9,5
682,PHF20L1,Phf20l1,51105,homologene,0.48114152062191207,0.34108832807570977,0.6641692954784438,0.47596259785193673,upstroke_downstroke_ratio_long_square,-0.1369845886098426,2.0341517091533776e-16,0.1369845886098426,10,0.04935802225920681,3654,2.6636943837481675,1.0666301198954637,10.638297872340425,9,6
683,GLCCI1,Glcci1,113263,homologene,0.48107626936839515,0.7000525762355415,0.24014195583596218,0.41001462759907353,upstroke_downstroke_ratio_long_square,-0.2664056280182862,1.1670054694367217e-59,0.2664056280182862,15,0.10339458613550984,3654,1.0120462466540696,0.46694686972654,3.1818181818181817,7,4
684,LMO3,Lmo3,55885,same-symbol,0.4806016919452933,0.8073080967402734,0.14182439537329128,0.33837255015759155,upstroke_downstroke_ratio_long_square,-0.289578899827041,1.1242767641364944e-70,0.289578899827041,17,0.13488449097225955,3654,0.4292292921713766,0.18941092484906316,1.8181818181818181,7,1
685,KAZN,Kazn,23254,homologene,0.4805417125819138,0.632229232386961,0.30796529968454256,0.4412535155909568,avg_isi,-0.2177592745145716,2.2968647859088114e-39,0.2177592745145716,15,0.11313470483672049,3654,1.220528044831743,0.7382999135164767,3.3707865168539324,8,5
686,WASF1,Wasf1,8936,homologene,0.48009331111047826,0.602260778128286,0.33911671924290215,0.4519255460886691,tau,0.1983267533434933,5.290589733337455e-33,0.1983267533434933,15,0.09163460138254143,3654,1.0959806770571106,0.5138511849235381,2.9013539651837523,9,4
687,ABLIM2,Ablim2,84448,homologene,0.47823135623597374,0.48107255520504727,0.4747634069400631,0.47790756982340193,upstroke_downstroke_ratio_long_square,-0.1659433710972569,1.5315852772674985e-23,0.1659433710972569,13,0.07930267933816394,3654,1.7774263035781774,0.5661364923037482,7.045454545454546,8,3
688,DLGAP4,Dlgap4,22839,homologene,0.4778290242004939,0.39563617245005256,0.5822818086225027,0.4799705679004713,tau,-0.131992553341471,3.3879952155629472e-15,0.131992553341471,13,0.06406844623854102,3654,2.4217621191666536,1.3160002990909772,7.045454545454546,9,5
689,NDRG4,Ndrg4,65009,homologene,0.47782529940152935,0.6711356466876971,0.2624868559411146,0.41971929406337793,upstroke_downstroke_ratio_long_square,-0.2184714201892378,3.819774795333283e-40,0.2184714201892378,16,0.12795943721353606,3654,0.8677549571744627,0.44644169794862243,3.1818181818181817,8,3
690,BICD1,Bicd1,636,homologene,0.4775991661068363,0.40864879074658256,0.5646687697160884,0.48036570435121617,upstroke_downstroke_ratio_long_square,-0.1731229249774294,1.5875184326427251e-25,0.1731229249774294,9,0.05093610279026605,3654,1.714276403838547,0.6814774778449708,4.6421663442940035,10,4
691,ITM2C,Itm2c,81618,homologene,0.4775725031915893,0.774447949526814,0.1646950578338591,0.35713827831336176,threshold_i_long_square,-0.2482837048237996,1.5823441619005427e-51,0.2482837048237996,18,0.14166535429797758,3654,0.5688842285599358,0.4285676139954251,2.127659574468085,7,1
692,TAOK3,Taok3,51347,homologene,0.4762344031253826,0.5549421661409043,0.3835436382754995,0.46135077482775416,upstroke_downstroke_ratio_long_square,-0.2073750587572756,3.110050061757753e-36,0.2073750587572756,13,0.07611388778869999,3654,1.4784759714397262,0.7530682747245996,4.835589941972921,8,4
693,GNAO1,Gnao1,2775,homologene,0.4753612286663572,0.6227655099894847,0.30743953732912727,0.4375645555294729,upstroke_downstroke_ratio_long_square,0.2090238998247221,8.507488028544577e-37,0.2090238998247221,15,0.0932954633103417,3654,1.0392976899368302,0.6362486422570843,3.8684719535783367,8,4
694,MLLT3,Mllt3,4300,homologene,0.47414300464670456,0.5502103049421662,0.38446372239747634,0.45993032291806524,tau,0.2199819344942513,1.776765739557775e-40,0.2199819344942513,12,0.07793444711340047,3654,1.2123759142666812,0.7956071313058053,3.8684719535783367,9,5
695,ATP6AP1,Atp6ap1,537,homologene,0.4739935287712206,0.5310199789695057,0.4061514195583596,0.4644077069475861,threshold_i_long_square,-0.1764923045063876,2.5269749622544944e-26,0.1764923045063876,14,0.09038127112530173,3654,1.146189402782304,0.5661364923037482,4.835589941972921,9,2
696,ADAMTSL3,Adamtsl3,57188,homologene,0.4738112697217429,0.20018401682439535,0.8593585699263934,0.4147648133826367,upstroke_downstroke_ratio_long_square,0.0910967114086904,5.73716821163217e-08,0.0910967114086904,9,0.0384045751283725,3654,4.533114044660364,1.8698837611496013,12.954545454545455,10,8
697,CACNG2,Cacng2,10369,homologene,0.4733638378010314,0.5846477392218717,0.34437434279705575,0.4487066758610981,threshold_i_long_square,0.1881338900514992,8.924509458703074e-30,0.1881338900514992,15,0.10569064117207709,3654,1.0010907226644352,0.6935852818399479,3.409090909090909,9,4
698,MAPK10,Mapk10,5602,homologene,0.47307975203880936,0.5623028391167192,0.3685594111461619,0.45523840267564536,upstroke_downstroke_ratio_long_square,-0.211420234559854,1.2412045778702356e-37,0.211420234559854,13,0.08115571155064068,3654,1.3440976589534295,0.6076598153175343,4.835589941972921,8,4
699,XKR6,Xkr6,286046,homologene,0.47214178665652334,0.507360672975815,0.42981072555205047,0.46697864937094463,upstroke_downstroke_ratio_long_square,-0.1487874210572624,3.8054134416116313e-19,0.1487874210572624,15,0.07153763056666033,3654,1.6335758652688532,0.5333150599477319,5.909090909090909,8,4
700,BRINP1,Brinp1,1620,homologene,0.4716896215450576,0.20478443743427974,0.8464773922187171,0.41634768711540376,latency,-0.0990127345379342,9.134493548960992e-09,0.0990127345379342,8,0.039945150331957884,3654,3.6059186718869727,1.1364655490943791,14.545454545454545,10,7
701,PRKCB,Prkcb,5579,homologene,0.4696975623249495,0.33070452155625657,0.6515509989484752,0.4641883899633386,threshold_i_long_square,0.1244859271573033,1.1247553147181019e-13,0.1244859271573033,11,0.0591382441629224,3654,2.8506256018068297,1.49014357200996,8.863636363636363,9,6
702,TMEM59L,Tmem59l,25789,homologene,0.46945796994616934,0.5975289169295478,0.32229232386961093,0.4388382198675449,threshold_i_long_square,-0.1954586028936239,4.624827016767765e-32,0.1954586028936239,15,0.08834225350190784,3654,0.9369787732256014,0.6076598153175343,2.9013539651837523,9,4
703,ATP2B1,Atp2b1,490,homologene,0.4692541078007865,0.39037854889589907,0.5694006309148265,0.47146769988721327,tau,-0.1302946848704118,7.689211936529026e-15,0.1302946848704118,13,0.06353054029992994,3654,2.095409451159339,1.2653729987958229,7.350096711798839,9,6
704,RIMS2,Rims2,9699,homologene,0.4690949653126467,0.17113564668769712,0.8964248159831757,0.3916761935453579,tau,0.0958105615656074,1.4353811526865177e-08,0.0958105615656074,6,0.03325785402049382,3654,6.138334222930939,3.915539732350168,15.909090909090908,10,8
705,SRRM3,Srrm3,222183,same-symbol,0.46886515611433865,0.7812828601472135,0.14366456361724503,0.3350263589102841,upstroke_downstroke_ratio_long_square,-0.2536187160707143,4.9453681976895346e-54,0.2536187160707143,18,0.1293061167361557,3654,0.5183200151574885,0.32049711356575095,2.5,6,1
706,SYT14,Syt14,255928,homologene,0.46846737244810943,0.388801261829653,0.5696635120925342,0.47062287696189303,tau,0.1464242307122745,1.9774658821808355e-18,0.1464242307122745,11,0.04931083739545237,3654,1.5851840378915312,0.6076598153175343,5.222437137330754,10,4
707,RAB3C,Rab3c,115827,homologene,0.46756023694660126,0.6732386961093586,0.24040483701366985,0.40230565371302696,upstroke_downstroke_ratio_long_square,0.2896354309888274,1.0587641519287274e-70,0.2896354309888274,13,0.08979712105375569,3654,0.821639837431408,0.22715915928165697,2.6217228464419478,8,3
708,PTPRK,Ptprk,5796,homologene,0.46684355932612354,0.17731335436382756,0.8801261829652997,0.39504192912273134,upstroke_downstroke_ratio_long_square,-0.0820806189130227,1.0568473464887435e-06,0.0820806189130227,9,0.03624612808041867,3654,4.31062507975159,1.0773921042618877,18.40909090909091,10,6
709,RTN3,Rtn3,10313,homologene,0.466719736898068,0.38078338590956884,0.5762355415352262,0.46842386850716455,tau,0.1433708356223105,1.0088857078626973e-17,0.1433708356223105,11,0.06017097832711723,3654,2.0696789407234912,0.8400851090590837,7.7272727272727275,9,5
710,SPATS2L,Spats2l,26010,homologene,0.46605660102985436,0.555993690851735,0.3608044164037855,0.4478894720262433,fast_trough_v_long_square,-0.2264650003999549,9.634124090928362e-43,0.2264650003999549,12,0.09131353595426996,3654,1.0993901343947083,0.29241916380891925,5.415860735009671,8,3
711,CHGA,Chga,1113,homologene,0.4656985521877495,0.667192429022082,0.24277076761303892,0.402460952316245,tau,0.2431120513939166,2.0649936305212043e-49,0.2431120513939166,15,0.0961799919833708,3654,0.9344061163965731,0.2778930201284674,3.481624758220503,7,4
712,CEP112,Cep112,201134,homologene,0.4655326706842263,0.41482649842271285,0.5290483701366983,0.46846908423080585,threshold_i_short_square,0.138777629130958,1.7386926992655179e-16,0.138777629130958,13,0.0527597877377132,3654,2.0228104219496346,0.93389373945308,6.189555125725338,9,5
713,RNF150,Rnf150,57484,homologene,0.46524137170092666,0.6274973711882229,0.2820715036803365,0.420712641890543,threshold_i_long_square,0.1917136080443384,6.923200536791686e-31,0.1917136080443384,16,0.10936081719726641,3654,1.0631425298721295,0.32049711356575095,3.094777562862669,8,4
714,AP1S2,Ap1s2,8905,homologene,0.4646730041499886,0.7957413249211357,0.12460567823343849,0.3148871027688703,upstroke_downstroke_ratio_long_square,0.3107355157325541,1.0109757176755522e-81,0.3107355157325541,16,0.1276218450618461,3654,0.43001063503584636,0.0,2.9013539651837523,4,1
715,AGBL4,Agbl4,84871,homologene,0.46419170716554936,0.5205047318611987,0.3972134595162986,0.45469933498652726,upstroke_downstroke_ratio_long_square,-0.2155997822045855,4.131951338333076e-39,0.2155997822045855,11,0.06965592400913177,3654,1.2066552854015433,0.46694686972654,6.382978723404255,8,3
716,FLRT2,Flrt2,23768,homologene,0.4629841163413505,0.2539432176656151,0.7473711882229233,0.43564876256900265,avg_isi,-0.0966480223210596,1.3472317544086237e-08,0.0966480223210596,11,0.04663632593070236,3654,2.8640568244475917,1.420962160450546,8.409090909090908,10,5
717,PACRG,Pacrg,135138,homologene,0.46265127810027773,0.5089379600420609,0.4073343848580442,0.4553108069051741,upstroke_downstroke_ratio_long_square,-0.2080268166852574,1.8698082651673416e-36,0.2080268166852574,11,0.06800552921040387,3654,1.3691008980120052,0.810548386642838,4.061895551257253,9,5
718,CAMKK2,Camkk2,10645,homologene,0.46237230622718706,0.6048895899053628,0.29994742376445843,0.42595196226106685,threshold_i_short_square,0.2015560133752595,1.1051435949404246e-33,0.2015560133752595,15,0.09639582509737107,3654,1.0392858900758324,0.4562222567546568,3.6750483558994196,8,3
719,SRGAP1,Srgap1,57522,homologene,0.4623642316703971,0.26485278654048366,0.7293638275499474,0.43951569042348915,threshold_v_short_square,0.116296102972546,2.8819679997365213e-11,0.116296102972546,9,0.04910384168242359,3654,2.6747528315204785,1.6320811338320707,8.123791102514506,10,7
720,VGLL4,Vgll4,9686,homologene,0.4620558252460407,0.6298633017875921,0.27326498422712936,0.4148729748106449,upstroke_downstroke_ratio_long_square,0.2409578780303077,9.106953021089868e-49,0.2409578780303077,14,0.09828964213864419,3654,0.7576296804997875,0.46744681764209384,1.9342359767891684,9,3
721,CAMK2D,Camk2d,817,homologene,0.46193704816123565,0.5276025236593059,0.38420084121976866,0.45022809043814477,upstroke_downstroke_ratio_long_square,0.1903152094009111,1.2334829648863114e-30,0.1903152094009111,13,0.06417416992524165,3654,1.1581883261633314,0.7852042287134748,4.061895551257253,9,5
722,NPY,Npy,4852,homologene,0.4613704864886907,0.7765509989484753,0.13485804416403785,0.32361110752231786,avg_isi,0.3270721553348678,4.303299927284763e-90,0.3270721553348678,15,0.11920876460678545,3654,0.48459787939517085,0.5443472767830704,1.3636363636363635,7,1
723,CAMKV,Camkv,79012,homologene,0.46088432678155933,0.4692429022082019,0.4507097791798107,0.4598829903746737,upstroke_downstroke_ratio_long_square,0.1860472995823027,2.4964273826216138e-29,0.1860472995823027,11,0.05999234410923842,3654,1.3968810281932509,0.7905852208966869,5.2272727272727275,9,5
724,SNCA,Snca,6622,homologene,0.46084987555649215,0.8383280757097792,0.08569926393270243,0.26803749555322837,upstroke_downstroke_ratio_long_square,0.3583776021786596,4.350904091924775e-110,0.3583776021786596,16,0.1543798521315857,3654,0.3902798600983605,0.09727626459143969,1.3539651837524178,5,1
725,HS3ST5,Hs3st5,222537,homologene,0.4603356633225096,0.606203995793901,0.29442691903259727,0.42247221776922544,upstroke_downstroke_ratio_long_square,0.2432254538312466,1.0801794133956709e-49,0.2432254538312466,13,0.09888397183832622,3654,1.3867132526107464,0.58021937514473,4.25531914893617,6,4
726,GNG2,Gng2,54331,homologene,0.4599429163202315,0.8422712933753943,0.0814931650893796,0.2619911326001059,tau,0.2948459444250981,4.20958029698822e-73,0.2948459444250981,18,0.1748404204495251,3654,0.30158320941557387,0.14053727399849625,0.9671179883945842,6,0
727,TSPYL2,Tspyl2,64061,homologene,0.459428996461229,0.44610935856992634,0.4758149316508938,0.46072279513474645,tau,0.1125669508013125,2.2407147601528e-11,0.1125669508013125,16,0.0629108938404111,3654,1.5220972641671886,0.6887963667468491,5.802707930367505,9,5
728,TANC2,Tanc2,26115,homologene,0.4592857428278256,0.2051787592008412,0.8148002103049422,0.4088761379035863,upstroke_downstroke_ratio_long_square,-0.1116355511862332,2.4948451869240248e-11,0.1116355511862332,5,0.030095852124229685,3654,3.51876766285963,1.3332876498693293,11.136363636363637,10,7
729,COG5,Cog5,10466,homologene,0.4592427769912074,0.5467928496319664,0.3567297581493165,0.4416528965228089,upstroke_downstroke_ratio_long_square,-0.1680656134470604,4.07069221556899e-24,0.1680656134470604,15,0.06675223380675165,3654,1.383386570921743,0.6705309495477475,4.25531914893617,8,4
730,OPTN,Optn,10133,homologene,0.45846672556668094,0.6345951629863302,0.26130389064143006,0.40721270249165914,upstroke_downstroke_ratio_long_square,-0.2806065184958805,2.839365218637924e-66,0.2806065184958805,12,0.08428355813601252,3654,1.0346927112927153,0.5386960521309438,3.6750483558994196,7,4
731,MEF2A,Mef2a,4205,homologene,0.4584554316802875,0.4858044164037854,0.4254731861198738,0.45463914578314135,threshold_i_ramp,0.1289645928644713,1.4102325650259924e-14,0.1289645928644713,16,0.0773978758623432,3654,0.9169614927891354,0.5312187777042905,2.9013539651837523,10,3
732,PID1,Pid1,55022,homologene,0.45815456234187324,0.49434805467928494,0.41469505783385907,0.45277333747172194,upstroke_downstroke_ratio_long_square,0.2138234404520213,1.7583796344540236e-38,0.2138234404520213,10,0.06460799201219099,3654,1.3031485314662503,0.6570006151557202,4.545454545454546,9,2
733,GNG4,Gng4,2786,homologene,0.4559787964099668,0.8175604626708727,0.09358569926393269,0.27660796732848814,ri,0.2953254532606509,3.222965268855232e-73,0.2953254532606509,17,0.1835108275436302,3654,0.3412995927732847,0.08833922261484099,1.7408123791102514,5,1
734,MFSD6,Mfsd6,54842,homologene,0.4557603680967237,0.45925341745531023,0.4514984227129338,0.4553594114615367,upstroke_downstroke_ratio_long_square,-0.1775141108464747,8.765559825210788e-27,0.1775141108464747,11,0.0567713240403844,3654,1.3508736345325443,0.7299006410410777,5.609284332688588,9,4
735,ZFPM2,Zfpm2,23414,homologene,0.45539514916006535,0.2158254468980021,0.7879863301787591,0.412392412466994,avg_isi,-0.1027133905552031,1.4750071236995556e-09,0.1027133905552031,8,0.03244744074935922,3654,4.9447726331038435,1.86778747890616,18.40909090909091,9,8
736,SYT1,Syt1,6857,homologene,0.4545007127086221,0.31585173501577285,0.6363038906414301,0.44830535113511893,tau,0.12847972764442,1.819716093838701e-14,0.12847972764442,10,0.04863039907040626,3654,1.5347641076125782,0.46694686972654,7.7272727272727275,10,4
737,ENC1,Enc1,8507,homologene,0.4536943672523861,0.3769716088328076,0.5511303890641429,0.45580753552586334,upstroke_downstroke_ratio_long_square,0.1344800266334608,7.126591408587324e-16,0.1344800266334608,12,0.06500776714846236,3654,1.7018478148891574,1.3364367028330855,4.25531914893617,10,6
738,ADD2,Add2,119,homologene,0.4529179810725552,0.2430336487907466,0.7393533123028391,0.42389589905362773,tau,0.1007961840084425,2.302972996018035e-09,0.1007961840084425,10,0.04003581846025818,3654,2.3905083648419603,1.1883821397914525,9.318181818181818,10,6
739,ATP8B1,Atp8b1,5205,homologene,0.4524023521120655,0.24461093585699265,0.7356729758149316,0.4242094472059635,upstroke_downstroke_ratio_long_square,0.1181875281574286,1.5223339660942226e-12,0.1181875281574286,7,0.03852401184378415,3654,2.4714623523023396,0.9124445135093135,8.897485493230175,10,5
740,PLEKHA6,Plekha6,22874,same-symbol,0.45194463015181546,0.30126182965299686,0.6508937960042062,0.44281989103247343,upstroke_downstroke_ratio_long_square,-0.104673864831166,4.101815259094672e-10,0.104673864831166,12,0.062320325551425935,3654,2.7690116023344737,1.2394790194753331,9.090909090909092,9,7
741,KIF5A,Kif5a,3798,homologene,0.4512489630442655,0.21753417455310198,0.7749737118822293,0.4105889266829468,ri,-0.0917821507114624,5.7519587019479924e-08,0.0917821507114624,10,0.04443235779206523,3654,2.9047141486827153,0.9817898098068207,9.671179883945841,10,5
742,TMSB10,Tmsb10,9168,same-symbol,0.45119866481598164,0.9363827549947423,0.015772870662460567,0.12152960168243197,tau,0.4016840527805982,2.8553884251126226e-140,0.4016840527805982,18,0.21650241122198988,3654,0.07859319451498223,0.0,0.5586592178770949,2,0
743,RASA1,Rasa1,5921,homologene,0.45047037020500824,0.21424815983175605,0.7782597266035752,0.40833896984733353,upstroke_downstroke_ratio_long_square,-0.0820731558535123,1.0580482766663363e-06,0.0820731558535123,11,0.041726848525306684,3654,2.6228102084187435,1.2270938851814013,11.411992263056092,10,5
744,PCP4,Pcp4,5121,homologene,0.4502257963144207,0.7776025236593059,0.11540483701366983,0.299564838564743,threshold_i_long_square,-0.2921027712611074,1.1986785383618865e-71,0.2921027712611074,16,0.1518753783462485,3654,0.28559784684631023,0.18197218141633914,1.3636363636363635,7,1
745,NRIP3,Nrip3,56675,homologene,0.4500557205507715,0.6953207150368034,0.18625131440588852,0.35986719371074505,tau,0.2378605584649373,2.660200154834304e-47,0.2378605584649373,16,0.12518682778121246,3654,0.46343393588382237,0.1928785590465066,1.9342359767891684,8,2
746,GUCY1A2,Gucy1a2,2977,homologene,0.4490739355166575,0.35304942166140907,0.5722923238696109,0.4494969120732977,tau,0.124014561769553,1.480246334786844e-13,0.124014561769553,12,0.05306128040713298,3654,2.575963245746764,0.8269971363681248,8.636363636363637,8,4
747,SLC12A5,Slc12a5,57468,homologene,0.44880259173967235,0.18690851735015776,0.8184805467928497,0.3911278377730201,upstroke_downstroke_ratio_long_square,-0.0916258761152734,4.799744344957987e-08,0.0916258761152734,8,0.03775607020550512,3654,3.6581335166635833,2.2508196952000334,10.909090909090908,10,8
748,NTRK2,Ntrk2,4915,homologene,0.4480275991474351,0.3633017875920084,0.556125131440589,0.44948999363412595,upstroke_downstroke_ratio_long_square,0.1289988899697125,1.0457824379064451e-14,0.1289988899697125,12,0.04903647837749486,3654,2.1752428970691167,0.8045480145932509,6.769825918762089,9,4
749,FEZ1,Fez1,9638,homologene,0.44789785414718236,0.5144584647739222,0.36921661409043116,0.4358286503363322,upstroke_downstroke_ratio_long_square,-0.1689019101714861,2.4057024848158784e-24,0.1689019101714861,14,0.08076608026002904,3654,1.1760189504654166,0.42907410516787003,5.415860735009671,8,4
750,NRCAM,Nrcam,4897,homologene,0.4477344599848965,0.2517087276550999,0.713459516298633,0.42377350917790024,sag,-0.1047320962357506,1.3492971719077383e-09,0.1047320962357506,10,0.04092206257138492,3654,2.823471363617407,1.1215110002410724,7.156673114119923,10,6
751,RASGEF1C,Rasgef1c,255426,homologene,0.4466985352149519,0.3982649842271293,0.5073606729758149,0.44951528385604267,upstroke_downstroke_ratio_long_square,-0.1406433720013823,3.1097641868432476e-17,0.1406433720013823,12,0.04972252931412377,3654,1.237776593369945,0.8114612268710346,4.318181818181818,10,5
752,PPM1E,Ppm1e,22843,homologene,0.4464974965018693,0.44177181913774977,0.45228706624605675,0.4469985235188103,tau,-0.1382850624972177,1.452288562924474e-16,0.1382850624972177,14,0.06082933599418802,3654,1.4722882504341506,0.8532459938513195,5.222437137330754,9,4
753,ABAT,Abat,18,homologene,0.44630594649895633,0.4676656151419558,0.42047844374342797,0.44344482187438217,threshold_i_long_square,0.1711758962071312,7.913734395281432e-25,0.1711758962071312,12,0.0656056187821223,3654,1.3943327115272652,0.46694686972654,4.318181818181818,9,4
754,PHTF1,Phtf1,10745,homologene,0.44588613154304874,0.5039432176656152,0.3769716088328076,0.43585810251019624,upstroke_downstroke_ratio_long_square,-0.205260472366495,1.63683480242703e-35,0.205260472366495,11,0.07324756367373389,3654,1.3564847048460162,0.6326864993979114,5.029013539651838,8,4
755,AFF3,Aff3,3899,homologene,0.4458000629673768,0.21240799158780233,0.7695846477392219,0.40430920022069056,upstroke_downstroke_ratio_long_square,-0.1007977119122631,1.7843065772022e-09,0.1007977119122631,8,0.03696775534535626,3654,2.99874452495241,1.507204888001111,9.090909090909092,10,7
756,IDS,Ids,3423,homologene,0.44572044037681935,0.4879074658254468,0.3952418506834911,0.4391371650807317,tau,0.1548132944773971,1.814346819228991e-20,0.1548132944773971,14,0.06940531266903602,3654,1.444981096352667,0.7107393841992545,6.769825918762089,7,4
757,RASGRP1,Rasgrp1,10125,homologene,0.4453179590442816,0.41377497371188215,0.48449001051524715,0.4477385859679908,threshold_i_ramp,0.1381624850986368,1.4799382619928168e-16,0.1381624850986368,13,0.07155466511546756,3654,1.8229746510856635,0.5443472767830704,7.2727272727272725,8,3
758,DZIP3,Dzip3,9666,homologene,0.4446953808529386,0.2434279705573081,0.7185856992639327,0.41823899679886767,threshold_i_long_square,-0.0839583596051843,7.095005741135258e-07,0.0839583596051843,12,0.044650776124779,3654,2.757524408021495,1.3143267241743242,7.350096711798839,10,6
759,CDC14B,Cdc14b,8555,homologene,0.4442072822643311,0.5107781282860148,0.36553627760252366,0.4320971368737059,upstroke_downstroke_ratio_long_square,-0.1497701196803945,2.198392270339937e-19,0.1497701196803945,15,0.06006698993050993,3654,0.9892117894294017,0.4817587587361183,4.061895551257253,9,3
760,LARP1,Larp1,23367,homologene,0.444172769957112,0.24934279705573084,0.7083333333333334,0.42025922307683233,upstroke_downstroke_ratio_long_square,-0.1077031202025123,1.2478501943224723e-10,0.1077031202025123,9,0.04184639242077118,3654,2.3343570466449357,1.1778063430702124,7.93036750483559,10,5
761,WLS,Wls,79971,homologene,0.44387338571727625,0.5412723449001051,0.33057308096740273,0.42300126086818984,f_i_curve_slope,0.1837684461620687,2.7161142567717408e-28,0.1837684461620687,14,0.08464222562145883,3654,1.214458134400259,0.7964950003864775,4.061895551257253,8,4
762,MAPRE2,Mapre2,10982,same-symbol,0.4438516256328556,0.6227655099894848,0.2444794952681388,0.3901966139686944,upstroke_downstroke_ratio_long_square,-0.1876696593161816,8.067875930194979e-30,0.1876696593161816,16,0.10178786676746311,3654,0.5956947215503098,0.3678830341398158,1.3636363636363635,9,3
763,NAP1L2,Nap1l2,4674,homologene,0.44382334816534375,0.39787066246056785,0.5013144058885385,0.4466075399854987,upstroke_downstroke_ratio_long_square,-0.1593478395086667,8.575055622395758e-22,0.1593478395086667,10,0.04754901579499701,3654,1.941987880839538,0.4738821381214269,7.5,8,4
764,NDFIP1,Ndfip1,80762,homologene,0.443730108040216,0.7421135646687698,0.13367507886435331,0.3149636316837297,ri,0.2440826859558956,9.403218968141492e-50,0.2440826859558956,17,0.11812279076043608,3654,0.5484256744637086,0.3456977991597393,1.9342359767891684,6,2
765,PCDH17,Pcdh17,27253,homologene,0.44370714834979375,0.16653522607781285,0.8399053627760252,0.3739970982158455,adaptation,-0.0782866139486889,4.593016828433609e-06,0.0782866139486889,9,0.029796994604909824,3654,4.6273226178351425,1.7196009174957432,10.861423220973784,10,7
766,MDH1,Mdh1,4190,homologene,0.44286703250239484,0.6750788643533122,0.19177181913774977,0.35980703422595967,threshold_i_long_square,0.1977327093927926,8.651323952483779e-33,0.1977327093927926,17,0.12559450407090467,3654,0.7292602958979592,0.24192752048977978,2.514506769825919,7,3
767,KCNMB4,Kcnmb4,27345,homologene,0.44251406361864554,0.6685068349106205,0.19729232386961093,0.36316837277251257,tau,0.2686904300368372,1.7415958098348634e-60,0.2686904300368372,14,0.09297758206119909,3654,0.7598565442678169,0.5443472767830704,2.7079303675048356,7,3
768,RHOBTB2,Rhobtb2,23221,homologene,0.44249138011499567,0.4950052576235542,0.37999474237644587,0.4337042717632012,upstroke_downstroke_ratio_long_square,-0.1593378348776943,8.609743621720419e-22,0.1593378348776943,14,0.08509115718585265,3654,1.287668452876076,0.9364929710257095,5.415860735009671,8,5
769,MAST4,Mast4,375449,homologene,0.4404563639335004,0.14681913774973712,0.8659305993690851,0.356560210834695,latency,0.0706072232082357,5.694768178505096e-05,0.0706072232082357,9,0.034080031636510674,3654,4.080536414118369,1.92775439331392,15.909090909090908,10,8
770,VPS41,Vps41,27072,homologene,0.43950123859730994,0.3761829652996846,0.519453207150368,0.44205140854911523,tau,0.1421417316869863,1.9377815647877828e-17,0.1421417316869863,11,0.05014777525025201,3654,1.8483677173527238,0.7726868766663375,6.382978723404255,9,4
771,STXBP1,Stxbp1,6812,homologene,0.43838968629470676,0.3388538380651945,0.566508937960042,0.4381366543967731,upstroke_downstroke_ratio_long_square,-0.118090051503505,1.5875116629428093e-12,0.118090051503505,12,0.06464823396782898,3654,1.4297528494228589,0.7645569116740365,5.609284332688588,10,5
772,BRAF,Braf,673,homologene,0.4370341375098914,0.10830704521556256,0.9282334384858043,0.31707131846428355,threshold_v_ramp,0.0737583651297714,2.8971554232555623e-05,0.0737583651297714,6,0.032110516076900325,3654,8.281660155491112,1.7160586993544702,52.95454545454545,10,7
773,PKNOX2,Pknox2,63876,homologene,0.4364295086658512,0.4666140904311251,0.4001051524710831,0.4320818230348287,tau,-0.1355081076150979,5.980399027268026e-16,0.1355081076150979,15,0.07780897458228092,3654,1.3969434827171194,0.5682327745471896,3.6750483558994196,9,4
774,PPM1K,Ppm1k,152926,homologene,0.43615774385122946,0.5155099894847529,0.3430599369085174,0.42053635332554756,threshold_i_long_square,0.1386993797138518,1.0975762852985008e-16,0.1386993797138518,16,0.08212309536324253,3654,1.028293109057242,0.4817587587361183,3.288201160541586,9,3
775,PDE8B,Pde8b,8622,homologene,0.43596702837274237,0.31269716088328076,0.5967402733964248,0.43197105143258707,avg_isi,-0.1277029903042254,3.7587995812137693e-14,0.1277029903042254,10,0.046647915341099584,3654,2.2733839575114887,1.062437555408581,7.7369439071566735,9,6
776,LRRFIP1,Lrrfip1,9208,homologene,0.43568608418858196,0.43533123028391163,0.4361198738170347,0.4357253736242979,tau,-0.1547488513819745,1.8787394181513166e-20,0.1547488513819745,12,0.07218438880286468,3654,1.5729001556008018,0.5213284593501915,6.382978723404255,8,3
777,UCHL1,Uchl1,7345,homologene,0.4352606494655634,0.703732912723449,0.15194532071503677,0.32699988244874256,tau,0.2696364535330055,6.414810777357974e-61,0.2696364535330055,15,0.1015248066814966,3654,0.6728331069998295,0.12594458438287154,2.7079303675048356,5,2
778,RUNDC3B,Rundc3b,154661,homologene,0.43464597380560166,0.4100946372239747,0.46503680336487907,0.43670252938552684,tau,0.1543154386944973,2.4066696419750275e-20,0.1543154386944973,11,0.06081223067234479,3654,1.6784905321829886,0.47442414415319323,7.045454545454546,8,4
779,RABGAP1,Rabgap1,23637,homologene,0.4346104733447721,0.2510515247108307,0.6824395373291273,0.4139172457985186,upstroke_downstroke_ratio_long_square,-0.1137957087662231,1.0084070593080787e-11,0.1137957087662231,8,0.0343531261015914,3654,1.9440305747135471,0.5607555001205362,8.317214700193423,10,4
780,RIT2,Rit2,6014,homologene,0.43388525994914984,0.5325972660357517,0.3192691903259726,0.41236136809485574,threshold_i_long_square,-0.1938755368242189,1.453901153243791e-31,0.1938755368242189,13,0.08806780552336574,3654,1.2686034766427055,0.5386960521309438,4.7727272727272725,7,4
781,TLK1,Tlk1,9874,homologene,0.4338223167709807,0.3860410094637224,0.49369085173501576,0.43656032202525047,upstroke_downstroke_ratio_long_square,-0.1530107487923901,3.460432740937544e-20,0.1530107487923901,10,0.0504101783670428,3654,1.5605139494211928,1.1357957964082848,6.382978723404255,9,6
782,NDFIP2,Ndfip2,54602,homologene,0.43060898592310465,0.7250262881177708,0.1256572029442692,0.3018356761980679,upstroke_downstroke_ratio_long_square,-0.2329117044766713,1.397867084048235e-45,0.2329117044766713,17,0.11515180697865518,3654,0.3825792397441223,0.1928785590465066,1.3636363636363635,7,2
783,TACR1,Tacr1,6869,homologene,0.4298009584215374,0.36133017875920087,0.5165615141955836,0.4320292400572138,latency,0.1506966513694451,5.266069923010733e-19,0.1506966513694451,9,0.041224626066496704,3654,1.2452769284056144,0.4817587587361183,4.6421663442940035,10,3
784,ARHGAP44,Arhgap44,9912,homologene,0.42898555037754943,0.2693217665615142,0.6418243953732913,0.41576108522108046,tau,0.1149912135683114,8.068393343714952e-12,0.1149912135683114,9,0.04851035597469735,3654,2.316550617739763,0.7831079464700337,10.227272727272727,9,5
785,RPS6KA3,Rps6ka3,6197,homologene,0.4271908135451626,0.41692954784437436,0.43980021030494215,0.42821221704232154,upstroke_downstroke_ratio_long_square,-0.1863928565513784,1.9626429211754894e-29,0.1863928565513784,8,0.048967749555171365,3654,1.577453638783736,1.0045478954381823,7.7369439071566735,7,5
786,CXCL14,Cxcl14,9547,homologene,0.4269687862998528,0.7933753943217665,0.06756046267087278,0.23151848460126176,upstroke_downstroke_ratio_long_square,0.3502151536692876,6.867579933062055e-105,0.3502151536692876,15,0.1437204505428212,3654,0.2881964632466622,0.0,1.3636363636363635,4,1
787,PHF14,Phf14,9678,homologene,0.42433390309532504,0.31756046267087273,0.5625657202944269,0.42266846395191465,threshold_i_short_square,0.1025590659085024,1.607165460389294e-09,0.1025590659085024,13,0.054379435990624475,3654,2.2694223999759293,0.3936337387077047,9.090909090909092,8,4
788,TSHZ2,Tshz2,128553,homologene,0.4241165745274836,0.12868033648790747,0.8565983175604627,0.3320050598088164,f_i_curve_slope,-0.0757322984097008,9.242119941589872e-06,0.0757322984097008,7,0.030047844951070064,3654,4.185274222191485,2.5022756717445853,13.863636363636363,10,8
789,ST8SIA5,St8sia5,29906,homologene,0.4238065129279888,0.36303890641430075,0.5005257623554155,0.42627494108579056,tau,-0.1580588881792233,2.7113940010650038e-21,0.1580588881792233,8,0.05420418684257025,3654,1.7107529150338459,1.032541355998522,6.136363636363637,9,5
790,CTNNA2,Ctnna2,1496,homologene,0.42260688311445244,0.13577812828601474,0.8399053627760252,0.3376992420706847,sag,-0.0886076803722292,3.699983817923031e-07,0.0886076803722292,5,0.032542847019650184,3654,4.350214350746476,1.3654236038582048,11.307420494699647,10,7
791,LDHA,Ldha,3939,homologene,0.421038941725351,0.6203995793901157,0.20268138801261829,0.3546032259769124,upstroke_downstroke_ratio_long_square,0.2081487470863013,1.7009086135307364e-36,0.2081487470863013,15,0.11631057047638278,3654,0.7382436276339007,0.3279788631939906,2.9013539651837523,7,3
792,ELAVL4,Elavl4,1996,homologene,0.42095280016339187,0.30520504731861203,0.5716351209253417,0.417691182730734,upstroke_downstroke_ratio_long_square,-0.1355770746984456,4.1377402559114493e-16,0.1355770746984456,8,0.03967172917793987,3654,1.5122217992584037,0.9364929710257095,5.454545454545454,10,5
793,PLEKHA5,Plekha5,54477,homologene,0.4204894948266986,0.2518401682439537,0.646950578338591,0.40364358349206286,latency,-0.1156537922128331,1.4542333522140236e-11,0.1156537922128331,8,0.043724249309268465,3654,1.936265244888761,1.1883821397914525,6.963249516441006,10,6
794,NRG1,Nrg1,3084,same-symbol,0.4185826200136512,0.21267087276551,0.7017613038906414,0.38632135453723626,tau,0.0817911666622743,1.4540393967805594e-06,0.0817911666622743,11,0.03897306422601309,3654,2.679171267435521,1.2864703902752423,7.045454545454546,10,5
795,TIAM1,Tiam1,7074,homologene,0.4175505411451595,0.12684016824395372,0.8430599369085173,0.3270074375869964,avg_isi,-0.0750911601325982,1.222222913260766e-05,0.0750911601325982,7,0.031450916854861885,3654,4.316029630756117,1.3243701497728408,11.798839458413926,10,5
796,B4GALT6,B4galt6,9331,homologene,0.41741368722803895,0.48554153522607785,0.33714511041009465,0.404596038663854,upstroke_downstroke_ratio_long_square,-0.2317278649167432,4.035991308697138e-45,0.2317278649167432,8,0.051026165529822094,3654,0.9054138160811623,0.5802629029461854,3.481624758220503,9,3
797,PAK3,Pak3,5063,homologene,0.41737327326201396,0.2960042060988433,0.5759726603575184,0.4129047469620154,tau,0.1120736231620449,2.7407255277624963e-11,0.1120736231620449,11,0.04464040458700063,3654,2.020257982112156,1.0480379108835949,7.7369439071566735,9,5
798,TTC28,Ttc28,23331,homologene,0.41728974222034826,0.4152208201892744,0.4198212407991588,0.41751469427734583,fast_trough_v_long_square,0.1686993987619844,4.61064827472657e-24,0.1686993987619844,10,0.06767494772844282,3654,1.6402545616611843,0.0,9.284332688588007,3,3
799,FAM110B,Fam110b,90362,homologene,0.4172237541871466,0.4390115667718191,0.3909043112513144,0.4142602010093395,upstroke_downstroke_ratio_long_square,-0.1570324635954618,3.3759683712677672e-21,0.1570324635954618,12,0.0675622323316508,3654,1.0996754423547512,0.6571633620871621,4.448742746615087,9,4
800,KCTD16,Kctd16,57528,same-symbol,0.4155551941203033,0.34016824395373296,0.5115667718191378,0.41715557102212614,threshold_v_short_square,0.1636536351164078,1.7105124090976745e-21,0.1636536351164078,6,0.04860816921128855,3654,1.7443927409190891,0.7599935877818097,6.382978723404255,9,4
801,FNDC3A,Fndc3a,22862,homologene,0.4151403418012335,0.2668243953732913,0.6121188222923238,0.4041388804046951,sag,0.1218649676890393,1.1380588406560602e-12,0.1218649676890393,8,0.04894031592620628,3654,1.883683187927689,0.6620414049411858,5.802707930367505,10,4
802,LRP8,Lrp8,7804,homologene,0.4147171095098212,0.43506834910620396,0.3901156677181914,0.4119793435533121,threshold_i_short_square,0.168285056391925,9.94279204569223e-24,0.168285056391925,11,0.06865640152618209,3654,1.1573849646727996,0.6592596443306034,4.25531914893617,9,4
803,RALGPS2,Ralgps2,55103,homologene,0.41455265892008164,0.4442691903259726,0.37881177707676134,0.41023700648263756,upstroke_downstroke_ratio_long_square,0.1386632498598629,8.62978271096872e-17,0.1386632498598629,14,0.07597693711435764,3654,1.4116267973015868,0.5661364923037482,4.835589941972921,8,4
804,CKB,Ckb,1152,homologene,0.41444854410675525,0.5920084121976866,0.21779705573080968,0.3590789455600644,tau,-0.1923089213240605,4.509317181290141e-31,0.1923089213240605,15,0.09242171635544777,3654,0.4018846297507589,0.3026230296125535,1.1605415860735009,9,1
805,FGF14,Fgf14,2259,homologene,0.4140867132341808,0.4808096740273396,0.3354363827549947,0.4015981297881489,latency,0.1779634116355054,3.3872779751953084e-26,0.1779634116355054,12,0.06594513384452358,3654,1.3336807647531832,0.6571633620871621,3.8636363636363638,8,4
806,KCNAB2,Kcnab2,8514,homologene,0.41403708610633083,0.6064668769716088,0.20281282860147212,0.35071250729295783,threshold_i_long_square,0.201514174347766,4.934545503204334e-34,0.201514174347766,15,0.09319146693561808,3654,0.567114837299582,0.22322084897431121,2.127659574468085,8,2
807,SSX2IP,Ssx2ip,117178,homologene,0.41359554740953774,0.3910357518401682,0.44150893796004204,0.41550665397723685,upstroke_downstroke_ratio_long_square,-0.1639473919738908,5.257686089389894e-23,0.1639473919738908,9,0.05501796069020583,3654,1.356566212307339,0.6293133738621974,5.222437137330754,9,4
808,PRKAR2B,Prkar2b,5577,homologene,0.41356388793070753,0.49053627760252366,0.32334384858044163,0.3982610800320864,fast_trough_v_long_square,0.1434300463008425,1.0867544272371248e-17,0.1434300463008425,15,0.08274278022844424,3654,0.9465910671681274,0.5138511849235381,2.9013539651837523,9,3
809,MIAT,Miat,440823,same-symbol,0.4128155671207276,0.8864353312302838,0.004337539432176656,0.062007646329190175,avg_isi,0.3716802059437746,7.29517626094193e-118,0.3716802059437746,17,0.2027058942647975,3654,0.0,0.0,0.0,0,0
810,RAP1GAP2,Rap1gap2,23108,homologene,0.4121557769535591,0.3860410094637224,0.4445320715036803,0.4142554883429794,tau,0.1535174330014937,3.786692814549677e-20,0.1535174330014937,10,0.04771501984024221,3654,1.5997830826223303,0.47053419784868133,6.576402321083172,8,3
811,ODF2L,Odf2l,57489,homologene,0.4120842059701021,0.3864353312302839,0.44387486855941116,0.41416051460340203,upstroke_downstroke_ratio_long_square,-0.1449424836530783,3.135746119039671e-18,0.1449424836530783,11,0.0455227092274528,3654,1.4158999703722208,0.6762176890591955,7.156673114119923,8,4
812,REPS1,Reps1,85021,homologene,0.4094098511702888,0.2693217665615142,0.5947686645636172,0.40023011810170667,upstroke_downstroke_ratio_long_square,-0.1293120664959588,8.992538618666587e-15,0.1293120664959588,7,0.034584384195362014,3654,1.6050509925242697,0.5138511849235381,5.996131528046422,10,3
813,FOXP1,Foxp1,27086,same-symbol,0.4093856616007297,0.22082018927444794,0.6665352260778129,0.38364623649996826,ri,0.0746479689333167,1.156145538161587e-05,0.0746479689333167,12,0.040705787795688175,3654,1.9265824566558112,0.7999725899215977,7.543520309477756,10,4
814,SH3GL2,Sh3gl2,6456,homologene,0.4090961766188164,0.46950578338590954,0.33767087276551,0.39816884313614315,upstroke_downstroke_ratio_long_square,-0.1603820825290325,4.622319219704413e-22,0.1603820825290325,13,0.07216151082738378,3654,1.2483169743527163,0.6123553291336052,4.090909090909091,8,4
815,KCNQ2,Kcnq2,3785,homologene,0.4084508677977263,0.20649316508937962,0.6863827549947423,0.3764748962967286,upstroke_downstroke_ratio_long_square,-0.087556188970554,1.862785261417677e-07,0.087556188970554,10,0.04331968969789219,3654,2.540439618215258,1.3539362939826218,6.769825918762089,10,6
816,CRH,Crh,1392,homologene,0.40824216283415354,0.8094111461619349,0.032728706624605676,0.16276049871335424,threshold_i_long_square,-0.3210771725503455,4.6602577706315475e-87,0.3210771725503455,16,0.15191579908781153,3654,0.16325498424588716,0.0,0.9090909090909091,3,0
817,FARP1,Farp1,10160,homologene,0.40754777455542857,0.30362776025236593,0.5421924290220821,0.40573966142067586,tau,0.1138606798160587,1.2992169039967852e-11,0.1138606798160587,11,0.04989441815583352,3654,1.9874811967368415,0.6620414049411858,6.769825918762089,9,4
818,ATG7,Atg7,10533,homologene,0.40587941234781194,0.3314931650893796,0.5006572029442692,0.4073873351354846,threshold_i_long_square,0.1149982065597385,7.56460439233268e-12,0.1149982065597385,12,0.05470436176860725,3654,1.2137890239575628,0.6545641305145324,4.25531914893617,10,4
819,NCALD,Ncald,83988,homologene,0.40507503146579227,0.6532597266035752,0.142875920084122,0.30550791232370367,tau,-0.2588329907711432,4.4982856685343655e-56,0.2588329907711432,14,0.09194076153105239,3654,0.5952898128165617,0.3262339241355456,2.127659574468085,6,3
820,SNTG1,Sntg1,54212,homologene,0.4044624127591099,0.18467402733964247,0.7110935856992638,0.362381727307642,fast_trough_v_long_square,0.0859435191246058,3.9894962172715593e-07,0.0859435191246058,9,0.041788548638907144,3654,3.246354403017204,0.9957526035033847,12.190812720848056,9,5
821,LRRN3,Lrrn3,54674,homologene,0.4039156196168439,0.2344900105152471,0.6324921135646688,0.3851143756867433,upstroke_downstroke_ratio_long_square,-0.0805686299705682,1.6717611485035589e-06,0.0805686299705682,12,0.04047641185084632,3654,2.25118312768792,0.9635175174722366,5.415860735009671,10,5
822,NSF,Nsf,4905,homologene,0.4036166643837796,0.5644058885383806,0.22423764458464776,0.35575419468440805,upstroke_downstroke_ratio_long_square,-0.1956829005474606,2.4304879381611096e-32,0.1956829005474606,14,0.0790759957671495,3654,0.7445920469519389,0.26665752997386594,2.3210831721470018,8,3
823,DLX1,Dlx1,1745,homologene,0.4031756681371832,0.6750788643533122,0.12079390115667717,0.28556156886677847,upstroke_downstroke_ratio_long_square,0.2479535767393087,1.2223200129336906e-51,0.2479535767393087,15,0.10204791215563731,3654,0.3672250119015598,0.18941092484906316,1.3539651837524178,7,2
824,FAM168A,Fam168a,23201,homologene,0.40283223439481647,0.6832281808622502,0.11343322818086225,0.2783896157175103,upstroke_downstroke_ratio_long_square,-0.254650902364317,1.7826322771833608e-54,0.254650902364317,15,0.11147616906003772,3654,0.4224602985979636,0.14250660965206505,1.7408123791102514,6,1
825,FAIM2,Faim2,23017,homologene,0.4013453077595803,0.5946372239747634,0.19006309148264985,0.3361823747600466,threshold_i_long_square,-0.1943439200254265,1.0354534385050475e-31,0.1943439200254265,15,0.10493197392221083,3654,0.79119659778657,0.4734360476036815,2.3210831721470018,7,4
826,PDE10A,Pde10a,10846,homologene,0.40091685131755517,0.19321766561514198,0.6886172450052577,0.3647643301945054,threshold_i_short_square,-0.0938228136712958,3.727164567731085e-08,0.0938228136712958,8,0.036317857615834115,3654,2.696159070392342,1.5863615877241712,6.576402321083172,10,5
827,CHST11,Chst11,50515,homologene,0.40064455873368043,0.4344111461619348,0.3601472134595163,0.39554009124989525,upstroke_downstroke_ratio_long_square,-0.1870167089585763,1.273958610721001e-29,0.1870167089585763,9,0.05299538914769509,3654,1.1811401877909478,0.4981962538792356,3.288201160541586,9,4
828,PAK1,Pak1,5058,homologene,0.4003598307607977,0.4879074658254468,0.2985015772870662,0.38162959544436703,upstroke_downstroke_ratio_long_square,-0.1810724376714322,7.883113771135774e-28,0.1810724376714322,12,0.07364795569944434,3654,0.9168486284956702,0.43950642955373553,4.061895551257253,8,3
829,MAFB,Mafb,9935,homologene,0.39975228330650187,0.7386961093585699,0.06611461619348055,0.2209945921371362,upstroke_downstroke_ratio_long_square,-0.357699005996568,1.195011399287617e-109,0.357699005996568,13,0.13011409809526875,3654,0.29586692857160435,0.0,1.3539651837524178,4,2
830,CAMK2A,Camk2a,815,homologene,0.39893061214983716,0.4219242902208202,0.37118822292323866,0.3957440176366726,threshold_v_short_square,0.134230955418788,9.818299433085566e-15,0.134230955418788,14,0.061664150377820186,3654,1.1503714396938214,0.4942579435718899,3.6750483558994196,9,3
831,HSP90B1,Hsp90b1,7184,homologene,0.398748011687315,0.2610410094637224,0.5810988433228181,0.38947481132826794,threshold_i_ramp,-0.098753461213189,4.797054179876386e-09,0.098753461213189,11,0.046798774868615896,3654,1.4877075074935768,0.9364929710257095,5.996131528046422,10,5
832,KHDRBS3,Khdrbs3,10656,homologene,0.39855513775858775,0.4295478443743428,0.36133017875920087,0.3939652261220661,adaptation,-0.143682936250721,1.0772902541806445e-17,0.143682936250721,13,0.06486656321335925,3654,0.9520973166633917,0.4817587587361183,4.061895551257253,9,4
833,BEND6,Bend6,221336,homologene,0.39832501749500787,0.4621451104100946,0.32308096740273395,0.38640689609754203,upstroke_downstroke_ratio_long_square,-0.1446784057870301,3.61631062322246e-18,0.1446784057870301,14,0.07386649191064149,3654,0.9463406791952715,0.47053419784868133,2.9013539651837523,9,4
834,BEX4,Bex4,56271,homologene,0.39745647773766346,0.6853312302839116,0.10278654048370138,0.2654106747030386,upstroke_downstroke_ratio_long_square,0.2299042877052874,2.0432856159468018e-44,0.2299042877052874,16,0.11111978825183083,3654,0.32408804292431703,0.09380863039399624,2.127659574468085,5,1
835,HSPA8,Hspa8,3312,homologene,0.3967017390728624,0.35830704521556256,0.4446635120925342,0.3991566974673612,upstroke_downstroke_ratio_long_square,0.1269131506074106,2.8252029862662614e-14,0.1269131506074106,12,0.06124387452754278,3654,1.5659613092355322,1.267161242168593,4.6421663442940035,9,6
836,DSE,Dse,29940,homologene,0.39569522917554667,0.16416929547844375,0.7226603575184017,0.34443960539403173,peak_v_long_square,0.0709219590476619,4.7640776818421605e-05,0.0709219590476619,10,0.03953049469070707,3654,2.4337363857102057,0.8937812203155939,8.409090909090908,10,5
837,KCNH3,Kcnh3,23416,homologene,0.3953402246812387,0.21911146161934805,0.6347266035751841,0.37292877850608835,upstroke_downstroke_ratio_long_square,0.0970039253959147,7.256894234277238e-09,0.0970039253959147,9,0.04459300810236645,3654,2.1807436941399008,1.215822579964257,5.681818181818182,10,5
838,NFAT5,Nfat5,10725,homologene,0.39472080880338656,0.22594637223974764,0.6228969505783386,0.3751550429654078,upstroke_downstroke_ratio_long_square,-0.093479861097515,2.5455354794416745e-08,0.093479861097515,10,0.04039619796346097,3654,1.948854611206173,1.062437555408581,5.996131528046422,10,6
839,SLC25A12,Slc25a12,8604,homologene,0.3945985880082093,0.3519978969505783,0.44794952681388017,0.397085999977955,upstroke_downstroke_ratio_long_square,-0.1134540800296592,1.1640771434794314e-11,0.1134540800296592,13,0.05660477672427252,3654,1.4759493785319746,0.6620414049411858,5.029013539651838,9,4
840,GRIA2,Gria2,2891,homologene,0.39447910547766746,0.14944794952681387,0.744348054679285,0.3335285452642575,threshold_i_long_square,-0.0845886650433924,5.8292690397384e-07,0.0845886650433924,7,0.037755582414118194,3654,3.6738281545643305,1.1752889356793956,14.545454545454545,9,6
841,PAM,Pam,5066,homologene,0.39415384864884706,0.27076761303890645,0.5562565720294427,0.3880931128551713,ri,0.1224620456919646,3.0333334459652145e-13,0.1224620456919646,8,0.05122464476321136,3654,1.9735490097970074,0.7530682747245996,7.2727272727272725,9,4
842,TSPAN7,Tspan7,7102,homologene,0.39404273766356357,0.5964773922187171,0.17455310199789698,0.3226716273293847,upstroke_downstroke_ratio_long_square,0.237401749916688,2.3845544256865566e-47,0.237401749916688,13,0.09414644252542742,3654,0.6132617998756972,0.2722807396847489,2.3210831721470018,7,3
843,ATCAY,Atcay,85300,homologene,0.39302573830673787,0.36146161934805465,0.43230809674027343,0.395300878705088,upstroke_downstroke_ratio_long_square,-0.1173631551377343,2.1726348068365445e-12,0.1173631551377343,13,0.0431869046830279,3654,1.515442802861904,0.5711584027128666,4.318181818181818,9,4
844,TUBA1A,Tuba1a,7846,homologene,0.3922805780708727,0.4274447949526814,0.35015772870662465,0.38687607647423716,upstroke_downstroke_ratio_long_square,0.133980494045066,9.147327630009037e-16,0.133980494045066,14,0.0614228056686552,3654,0.9521692914118429,0.5312187777042905,3.6750483558994196,9,4
845,CCDC91,Ccdc91,55297,homologene,0.3918087197137693,0.3580441640378549,0.4338853838065195,0.3941448078222636,upstroke_downstroke_ratio_long_square,-0.116178664256584,3.6176489972737067e-12,0.116178664256584,13,0.05794322337735742,3654,0.9952052548018842,0.6571633620871621,2.9013539651837523,10,4
846,TAGLN3,Tagln3,29114,homologene,0.39162888636547,0.6829652996845427,0.09516298633017876,0.25493728145931616,tau,0.2030162454960998,1.4947403419543838e-34,0.2030162454960998,17,0.11094700691462901,3654,0.36988733715332406,0.04690431519699812,1.7408123791102514,5,2
847,RFTN1,Rftn1,23180,homologene,0.3915899065955891,0.2599894847528917,0.5654574132492113,0.3834227190978195,tau,0.0985784234510626,5.2800818877809314e-09,0.0985784234510626,11,0.04072437781905185,3654,1.5345989324566052,0.6326864993979114,5.222437137330754,10,3
848,ITFG1,Itfg1,81533,homologene,0.3890735562467178,0.3856466876971609,0.3932702418506835,0.3894398106762808,tau,0.1368291091866415,3.0774874993652416e-16,0.1368291091866415,12,0.0570076152021126,3654,1.1387526182473109,0.7453398377705611,4.448742746615087,9,3
849,TRIM37,Trim37,4591,homologene,0.3888073479245391,0.21464248159831756,0.6255257623554153,0.3664210719045041,threshold_i_long_square,0.0910774692581128,7.070900603361815e-08,0.0910774692581128,10,0.04193191461852695,3654,1.9689008482251023,0.9220182830002431,5.996131528046422,10,5
850,GNAS,Gnas,2778,homologene,0.38839988229271305,0.3747371188222923,0.4052313354363828,0.38968605709973764,upstroke_downstroke_ratio_long_square,0.1487306422292085,3.9214307078451456e-19,0.1487306422292085,10,0.04462410109729206,3654,1.5846298862586328,1.1314728482322527,5.222437137330754,8,5
851,CHD5,Chd5,26038,homologene,0.38807402158352544,0.06874342797055731,0.879863301787592,0.24593661685558751,threshold_v_long_square,0.0636269074236965,0.0003458446489583,0.0636269074236965,4,0.020442092774430338,3654,4.739748276497858,2.1502087838521224,15.454545454545455,10,9
852,SERINC1,Serinc1,57515,homologene,0.3875666197210437,0.5076235541535226,0.250788643533123,0.3567999755768276,ri,0.1656492314974251,2.8047118232443494e-23,0.1656492314974251,14,0.08087601668605836,3654,0.8296486952760045,0.4817587587361183,2.9013539651837523,8,2
853,RTN4,Rtn4,57142,homologene,0.3866948508923083,0.18703995793901154,0.663117770767613,0.35217825025544297,upstroke_downstroke_ratio_long_square,-0.0801027317485629,1.9150279200991955e-06,0.0801027317485629,10,0.032047907900079865,3654,1.793224678168991,1.0459828028560252,7.7369439071566735,10,6
854,CYTH1,Cyth1,9267,homologene,0.3854535468678777,0.5596740273396424,0.1936119873817035,0.3291801949072119,upstroke_downstroke_ratio_long_square,-0.2282096180095562,9.044894600944958e-44,0.2282096180095562,12,0.07500692820423539,3654,0.7105557562574241,0.3926021143567374,2.7079303675048356,7,3
855,SCAI,Scai,286205,homologene,0.3854134257661265,0.31913774973711884,0.46963722397476343,0.38714204996627954,latency,0.1416737135162801,6.746613085293074e-17,0.1416737135162801,8,0.03984817192129911,3654,1.5124422926137124,0.5786356771395198,5.609284332688588,9,4
856,EML6,Eml6,400954,homologene,0.3850896671485812,0.3031019978969506,0.490273396424816,0.38549039673133934,ri,0.1055517177357574,3.800594609525911e-10,0.1055517177357574,12,0.04873352152802703,3654,2.01121315096644,0.0,11.992263056092844,4,3
857,CELF5,Celf5,60680,homologene,0.3850869793719022,0.5662460567823343,0.1865141955835962,0.3249814268279657,avg_isi,0.1772035669203344,2.671822732916888e-26,0.1772035669203344,15,0.08713804505369477,3654,0.7020072991817843,0.2828682120580632,2.5,7,2
858,CLVS2,Clvs2,134829,homologene,0.3844294067615301,0.37000525762355413,0.4022082018927445,0.38577085084235097,upstroke_downstroke_ratio_long_square,-0.1473329807970204,8.489459028157548e-19,0.1473329807970204,10,0.0445635500761766,3654,1.5966305674418115,0.22715915928165697,7.2727272727272725,6,4
859,LRRN2,Lrrn2,10446,homologene,0.3841772856747739,0.18467402733964247,0.6606203995793901,0.3492841675957412,threshold_v_short_square,0.1091152332241559,4.530097542719838e-10,0.1091152332241559,4,0.032704055236320674,3654,2.1193687249795694,0.8525433074813271,6.818181818181818,10,4
860,NDUFV1,Ndufv1,4723,homologene,0.38378983083486107,0.3128286014721346,0.47423764458464773,0.38516892283886894,upstroke_downstroke_ratio_long_square,-0.1082042935671394,1.0201253372919331e-10,0.1082042935671394,12,0.06322491255399422,3654,1.0236933184821022,0.5607555001205362,4.061895551257253,10,3
861,CPE,Cpe,1363,homologene,0.3830009226586773,0.3537066246056782,0.41942691903259727,0.3851675996235653,trough_v_long_square,0.1474179681705135,1.6439555237022706e-18,0.1474179681705135,9,0.05971137597689095,3654,1.6681808454891134,0.810548386642838,5.415860735009671,8,5
862,GPR155,Gpr155,151556,homologene,0.38250077898074475,0.24829127234490012,0.5604626708727655,0.3730388581003592,upstroke_downstroke_ratio_long_square,0.1197515007316078,7.626368032798287e-13,0.1197515007316078,7,0.039857054408786216,3654,1.8322661941565417,0.7700263194531918,7.7369439071566735,9,3
863,SNCG,Sncg,6623,homologene,0.381155149546082,0.6703470031545741,0.08819663512092535,0.24315087917099903,upstroke_downstroke_ratio_long_square,0.1949293979796383,4.212032042828068e-32,0.1949293979796383,17,0.09453384290466876,3654,0.32424751625790854,0.0,1.9342359767891684,4,1
864,ANKRD12,Ankrd12,23253,homologene,0.38091396004508854,0.11027865404837016,0.7790483701366981,0.29310818087738794,threshold_v_short_square,0.0702497972286805,9.618686350811429e-05,0.0702497972286805,7,0.02886791783375804,3654,3.0749106695965827,1.6937538102371916,9.477756286266924,10,7
865,R3HDM1,R3hdm1,23518,homologene,0.3806568830058144,0.25446898002103047,0.5471871713985278,0.3731516600343299,latency,0.0900951652316983,1.934418591927657e-07,0.0900951652316983,12,0.04260827720523086,3654,2.0188702180410174,0.9614913406972527,6.818181818181818,9,5
866,MORF4L2,Morf4l2,9643,homologene,0.37975191870172975,0.4274447949526814,0.32308096740273395,0.37161711191033114,ri,0.1343315786148081,1.0990032218829634e-15,0.1343315786148081,14,0.0691321540270279,3654,0.8423883692559417,0.6538614441445401,3.288201160541586,9,3
867,HSP90AB1,Hsp90ab1,3326,homologene,0.37958167820297845,0.2518401682439537,0.5483701366982124,0.37162027324412444,upstroke_downstroke_ratio_long_square,0.0948117387731339,1.592744507274943e-08,0.0948117387731339,11,0.048546911812883634,3654,1.6373217954936397,0.6271236903417281,8.123791102514506,9,4
868,NEDD4L,Nedd4l,23327,homologene,0.37921205954593884,0.24001051524710829,0.5645373291272345,0.36809631245104035,latency,0.1117551472574664,7.168706271229218e-11,0.1117551472574664,8,0.038176196736027596,3654,2.1284957549150936,1.087417710273868,7.156673114119923,9,5
869,NUDT4,Nudt4,11163,homologene,0.37912277502727515,0.629074658254469,0.1184279705573081,0.2729469455885317,upstroke_downstroke_ratio_long_square,-0.1919196416846924,3.845268171387032e-31,0.1919196416846924,16,0.09319893578344247,3654,0.39541165341422235,0.13524353781183912,1.9342359767891684,6,2
870,GLG1,Glg1,2734,homologene,0.37876425025339044,0.1699526813880126,0.6707413249211357,0.3376303995319367,ri,0.0731405692996367,1.7559030350503668e-05,0.0731405692996367,10,0.03805231642241865,3654,2.047164697928859,1.0518617586873407,7.350096711798839,10,5
871,CAMK1D,Camk1d,57118,homologene,0.3777491239806994,0.23803890641430073,0.5638801261829652,0.36636785965113117,upstroke_downstroke_ratio_long_square,-0.1039615029322413,5.409458000200735e-10,0.1039615029322413,9,0.035424817018532194,3654,1.4934132643876548,0.5518245512097237,5.2272727272727275,10,4
872,MED12L,Med12l,116931,homologene,0.376784216415231,0.054810725552050465,0.8805205047318613,0.21968606630328424,latency,0.0518432271966231,0.0037812769853904,0.0518432271966231,5,0.02497253207951787,3654,4.954556566165633,2.5438755781535405,15.0,10,8
873,ENO2,Eno2,2026,homologene,0.37511497291866674,0.4400630914826498,0.2987644584647739,0.36259510644401716,upstroke_downstroke_ratio_long_square,-0.1697552060374338,1.3964501731980831e-24,0.1697552060374338,11,0.04953273061699816,3654,0.7729188317180815,0.3171491732930054,2.727272727272727,9,2
874,UGGT2,Uggt2,55757,homologene,0.37484236089916556,0.13104626708727654,0.7262092534174553,0.3084915100689086,threshold_i_long_square,-0.0767887892042597,6.055949845323541e-06,0.0767887892042597,7,0.03161370738906042,3654,2.878479442712517,1.4498412066200594,7.350096711798839,10,6
875,MTUS1,Mtus1,57509,homologene,0.374353185860358,0.2941640378548896,0.47726077812828605,0.3746904824037878,latency,0.1338935937330563,3.544164657281668e-15,0.1338935937330563,8,0.04119590178030713,3654,1.7661154534350714,0.706207487329057,7.156673114119923,8,5
876,GPC1,Gpc1,2817,homologene,0.3739234962662884,0.4484752891692955,0.28680336487907465,0.35864219216214643,upstroke_downstroke_ratio_long_square,0.1495292284269822,2.514492569571887e-19,0.1495292284269822,13,0.07227499429151404,3654,1.0123740607488687,0.22715915928165697,3.409090909090909,8,3
877,KIFC2,Kifc2,90990,homologene,0.37366177764472736,0.5034174553101998,0.22712933753943218,0.33814327308168113,threshold_i_short_square,0.1637358024489032,1.6165389880237027e-22,0.1637358024489032,14,0.09137564260882686,3654,0.9155766085686908,0.3788218496981263,3.094777562862669,7,3
878,GFOD1,Gfod1,54438,homologene,0.37336617118674176,0.4474237644584648,0.28680336487907465,0.3582214973637822,upstroke_downstroke_ratio_long_square,-0.1613856714326458,2.5283240793814233e-22,0.1613856714326458,12,0.05570463969365369,3654,0.7881589461458736,0.6326864993979114,2.3210831721470018,9,2
879,PTPN4,Ptpn4,5775,homologene,0.37103743876574424,0.1715299684542587,0.6489221871713986,0.3336309372566917,tau,-0.0807192771820978,2.015335211678162e-06,0.0807192771820978,9,0.04057855347127419,3654,2.150252846224718,1.4248835674826976,6.382978723404255,10,6
880,MCTP2,Mctp2,55784,homologene,0.3709297734502136,0.148527865404837,0.6863827549947423,0.319291348849386,avg_isi,0.0770917145062357,6.949913179042499e-06,0.0770917145062357,8,0.0307613052843798,3654,2.7891732126168236,1.2133805094629957,11.818181818181818,9,7
881,STMN2,Stmn2,11075,homologene,0.3706471639500719,0.5089379600420609,0.2154311251314406,0.33112094067570136,tau,0.1783713403659257,7.428350911652288e-27,0.1783713403659257,13,0.06805434162312268,3654,0.6170316855575941,0.22715915928165697,3.6363636363636362,7,2
882,STXBP5,Stxbp5,134957,homologene,0.37003011304608635,0.2737907465825447,0.4948738170347003,0.36809220560898087,latency,0.1128635114542254,4.581884205360403e-11,0.1128635114542254,10,0.047505583851021396,3654,1.9956497061395144,0.93389373945308,7.156673114119923,8,5
883,HS3ST2,Hs3st2,9956,homologene,0.3672922325157462,0.4892218717139853,0.22910094637223977,0.33478529507084465,fast_trough_v_long_square,0.1702591618508492,1.7220838167644372e-24,0.1702591618508492,13,0.07895774418862014,3654,1.04267197325541,0.8454661012422957,2.7079303675048356,7,5
884,KCNIP4,Kcnip4,80333,homologene,0.3663448320615173,0.45675604626708727,0.2618296529968454,0.3458211634621608,tau,-0.1433665781392083,1.0088857078626973e-17,0.1433665781392083,14,0.07963100122491985,3654,0.8992854153364188,0.2848935253794322,5.0,6,3
885,HECTD2,Hectd2,143279,homologene,0.36618974727696046,0.3293901156677182,0.4121976866456361,0.36847502450257325,upstroke_downstroke_ratio_long_square,-0.0955402675719928,1.227883277094131e-08,0.0955402675719928,14,0.052052464406800246,3654,1.3060594673560435,0.8336790603854022,4.448742746615087,9,5
886,SHISA8,Shisa8,440829,homologene,0.36606097172283414,0.7841745531019978,0.004337539432176656,0.05832142012836641,latency,-0.2985021850732793,9.361770239433484e-74,0.2985021850732793,16,0.11352750285295116,3654,0.0,0.0,0.0,0,0
887,GNAL,Gnal,2774,homologene,0.36521136016546546,0.4411146161934805,0.27668243953732913,0.34935464520167014,upstroke_downstroke_ratio_long_square,-0.1240266494390283,1.1021697940088273e-13,0.1240266494390283,15,0.07466568990715117,3654,0.8900603453531508,0.6264210039717356,3.481624758220503,8,3
888,NMNAT2,Nmnat2,23057,homologene,0.3646736656871362,0.5018401682439537,0.21083070452155628,0.3252742169740619,adaptation,-0.1626574262672527,2.1837291872789692e-22,0.1626574262672527,14,0.06598647570378931,3654,0.8088916099192567,0.43950642955373553,2.9013539651837523,7,3
889,EVL,Evl,51466,homologene,0.3644577558331314,0.47502628811777076,0.2383017875920084,0.33645150261465795,upstroke_downstroke_ratio_long_square,-0.1622534939588029,1.4914226472626576e-22,0.1622534939588029,13,0.06052309970550265,3654,0.8319395215266091,0.4285676139954251,2.5,8,3
890,HSPH1,Hsph1,10808,homologene,0.36180218874567976,0.25354889589905366,0.5035488958990536,0.3573153601321843,upstroke_downstroke_ratio_long_square,-0.1039226250736191,5.477512951440396e-10,0.1039226250736191,10,0.041244996174814315,3654,1.6918550857260173,0.5312187777042905,8.51063829787234,8,4
891,DDX24,Ddx24,57062,homologene,0.3618002853362443,0.17468454258675079,0.620925341745531,0.32934185780635294,upstroke_downstroke_ratio_long_square,-0.0740961739199702,1.0845598754514125e-05,0.0740961739199702,10,0.03869401661361218,3654,1.6061974228284523,0.5829733336349037,6.963249516441006,10,3
892,PLS3,Pls3,5358,homologene,0.360329017219792,0.33517350157728704,0.39156151419558355,0.36227205770779275,threshold_i_short_square,0.1280409645476573,3.3603706892118846e-14,0.1280409645476573,11,0.05504207197654272,3654,1.345814266564604,0.5445614793694978,5.609284332688588,8,3
893,SNAP25,Snap25,6616,homologene,0.3598979256645773,0.4631966351209253,0.24158780231335433,0.3345185452524344,threshold_i_short_square,0.1572346622629003,7.879340689978512e-21,0.1572346622629003,13,0.06603602763744572,3654,0.9875312846144683,0.6559577263879812,3.288201160541586,7,3
894,UNC13A,Unc13a,23025,homologene,0.35898155893526273,0.05927970557308097,0.8232124079915878,0.22090674315160305,upstroke_downstroke_ratio_long_square,-0.057998541945791,0.0006074023521289,0.057998541945791,4,0.01971479218753855,3654,3.44748837007968,1.3258764739434423,12.272727272727273,10,6
895,GPHN,Gphn,10243,homologene,0.35723817956513876,0.2151682439537329,0.5478443743427971,0.34333469382989995,peak_v_long_square,0.0918963420983777,9.90149720408914e-08,0.0918963420983777,10,0.0400006788477865,3654,1.8896917125848784,0.5386960521309438,7.2727272727272725,9,4
896,ANKRD55,Ankrd55,79722,homologene,0.35622217425837144,0.23462145110410093,0.517087276550999,0.3483098723433818,upstroke_downstroke_ratio_long_square,-0.1031155368876341,7.439992161486396e-10,0.1031155368876341,9,0.035099487971787316,3654,1.397560208685129,0.6571633620871621,4.061895551257253,10,4
897,CAMK2B,Camk2b,816,homologene,0.356098038379584,0.38380651945320715,0.3228180862250263,0.35199387223440787,upstroke_downstroke_ratio_long_square,0.1441735233333976,4.7366695720818415e-18,0.1441735233333976,11,0.05479308033352047,3654,1.432305235357677,0.6169307538052583,4.25531914893617,7,4
898,GNB5,Gnb5,10681,homologene,0.35588276091027754,0.45294426919032604,0.24434805467928497,0.33268010318440533,ri,-0.1304959058013166,7.190315679754865e-15,0.1304959058013166,15,0.06859834979343737,3654,0.8070277652130654,0.5138511849235381,2.727272727272727,8,4
899,LONRF2,Lonrf2,164832,homologene,0.3552533093394594,0.18874868559411148,0.582807570977918,0.33166875489918984,threshold_v_short_square,0.0935258798164834,1.1961697134497696e-07,0.0935258798164834,8,0.04383402806201168,3654,1.683032313962953,0.7956071313058053,5.2272727272727275,10,5
900,BICC1,Bicc1,80114,homologene,0.3539118535062624,0.2468454258675079,0.49421661409043116,0.3492779846711646,upstroke_downstroke_ratio_long_square,-0.1128872272159854,1.4743078548040025e-11,0.1128872272159854,8,0.04039022442804158,3654,2.385493839302109,0.9514475198790162,7.350096711798839,7,5
901,EFR3B,Efr3b,22979,homologene,0.3535075543889351,0.4705573080967403,0.2208201892744479,0.32234849749672617,tau,-0.1867445477811309,2.339378776659205e-29,0.1867445477811309,11,0.06801980234595127,3654,0.7932864963645766,0.0,5.029013539651838,3,2
902,BTBD9,Btbd9,114781,homologene,0.3519890864618823,0.29087802313354366,0.4296792849631967,0.3535311315733442,tau,0.1239447802835172,1.5261076046449782e-13,0.1239447802835172,9,0.04513653961271944,3654,1.3803825814894397,0.4817587587361183,4.7727272727272725,9,3
903,PREPL,Prepl,9581,homologene,0.35018111272335056,0.3218980021030494,0.3853838065194532,0.3522133974758486,upstroke_downstroke_ratio_long_square,-0.1304484471500638,5.186989787914891e-15,0.1304484471500638,10,0.0416549530966451,3654,1.4938785634926472,0.8983566449872471,4.835589941972921,8,5
904,LAMA2,Lama2,3908,homologene,0.34999008919084834,0.013406940063091483,0.9192954784437434,0.11101774353573521,threshold_v_ramp,0.0368278633343659,0.0458741285932099,0.0368278633343659,1,0.012414047927090482,3654,7.443007681637981,2.628220256127457,23.863636363636363,10,9
905,DKK3,Dkk3,27122,homologene,0.34831802542520884,0.5065720294426919,0.17415878023133544,0.2970251954751505,upstroke_downstroke_ratio_long_square,0.164951733547957,2.8407198525924244e-23,0.164951733547957,14,0.0757802565283407,3654,0.7283318249253405,0.22154687883793844,2.727272727272727,6,3
906,PRKCE,Prkce,5581,homologene,0.346886194715028,0.2368559411146162,0.4915878023133544,0.3412264520188836,tau,-0.0912998263160301,6.823411020356478e-08,0.0912998263160301,11,0.04468774659362195,3654,1.5271984172387219,0.6545641305145324,6.382978723404255,9,3
907,PLEKHA1,Plekha1,59338,homologene,0.3464817179283626,0.25841219768664564,0.4605678233438486,0.3449874539951253,upstroke_downstroke_ratio_long_square,-0.1170017677328079,2.541385347315313e-12,0.1170017677328079,8,0.03558093546646762,3654,1.069641371152123,0.4864107447507337,3.481624758220503,10,3
908,COL5A2,Col5a2,1290,homologene,0.34642530828209395,0.015247108307045216,0.9031282860147214,0.11734604719385551,fast_trough_v_long_square,0.0377678676942214,0.030166783916263,0.0377678676942214,1,0.018945648353392196,3654,5.336289695655076,1.507204888001111,19.545454545454547,10,8
909,GNG7,Gng7,2788,homologene,0.34607863158875074,0.6650893796004206,0.04022082018927445,0.16355561851157732,tau,-0.2149719258672588,1.1336673047492113e-38,0.2149719258672588,16,0.08981088761469357,3654,0.1960558363223872,0.0,0.7490636704119851,4,0
910,RASA2,Rasa2,5922,homologene,0.3459149829855281,0.16955835962145108,0.5896424815983176,0.31619426298231973,tau,0.0860167249199188,3.8950619621064716e-07,0.0860167249199188,8,0.034796443885401276,3654,2.2246154270399865,0.9410683956973627,7.7272727272727275,9,5
911,SUGP2,Sugp2,10147,homologene,0.34587938916260375,0.19177181913774974,0.555205047318612,0.3263015199455109,threshold_i_short_square,0.0820484527095609,1.623760251610782e-06,0.0820484527095609,10,0.039508751514812784,3654,1.9279903819045443,0.5607555001205362,7.350096711798839,9,4
912,HMBOX1,Hmbox1,79618,homologene,0.34551999414310336,0.43112513144058884,0.24658254468980023,0.32604897176704145,upstroke_downstroke_ratio_long_square,-0.1350796510134221,5.27126741988559e-16,0.1350796510134221,14,0.06185965299593158,3654,0.894492198952886,0.31739139082067636,3.6750483558994196,7,3
913,ENO1,Eno1,2023,homologene,0.34408739515611514,0.2631440588853838,0.4484752891692955,0.34353108724219505,threshold_i_long_square,0.0995277899414597,3.505373913063159e-09,0.0995277899414597,11,0.05483160638715981,3654,0.954238955095606,0.4817587587361183,3.481624758220503,10,4
914,UBB,Ubb,7314,same-symbol,0.3428031949406149,0.510515247108307,0.1598317560462671,0.2856510956284164,upstroke_downstroke_ratio_long_square,0.1669312418553952,8.262750273031033e-24,0.1669312418553952,14,0.07696229836036518,3654,0.48075198206544056,0.22154687883793844,2.3210831721470018,7,1
915,GPX3,Gpx3,2878,homologene,0.34191256672489734,0.5683491062039958,0.10594111461619349,0.24538039408715734,tau,0.2506832759274741,1.4649865287856962e-52,0.2506832759274741,11,0.08057200916215464,3654,0.4891895024117366,0.04690431519699812,1.7408123791102514,5,2
916,RSRP1,Rsrp1,57035,same-symbol,0.340816404081538,0.556782334384858,0.1139589905362776,0.2518935346032736,threshold_i_long_square,0.1405518308159867,4.231020784834553e-17,0.1405518308159867,17,0.08669353520162956,3654,0.4271165274603332,0.19108489498543593,1.7408123791102514,6,1
917,FOXP2,Foxp2,93986,same-symbol,0.34041129660846753,0.11934805467928496,0.6589116719242902,0.2804279341464385,peak_v_long_square,0.077161373307812,8.90803887610998e-06,0.077161373307812,6,0.034139900422128895,3654,2.2567535914449026,1.7723750307035075,6.382978723404255,10,6
918,CLSTN1,Clstn1,22883,homologene,0.34030782492506384,0.1612776025236593,0.5888538380651945,0.30817030233299525,adaptation,-0.0685072236024766,6.644841539812976e-05,0.0685072236024766,10,0.036524517415311625,3654,1.7176743178186649,0.5829733336349037,5.415860735009671,10,4
919,AKAP11,Akap11,11215,homologene,0.3402422295117105,0.064931650893796,0.7615667718191378,0.22237308236402054,threshold_v_short_square,0.0534442233810644,0.0034002738353342,0.0534442233810644,6,0.0258692083459248,3654,2.7112646966080503,1.1135344350924616,9.671179883945841,10,6
920,NWD2,Nwd2,57495,homologene,0.3395020893452204,0.31401156677181913,0.3711882229232388,0.3414050313738412,upstroke_downstroke_ratio_long_square,0.1443961118018081,4.2033330864415444e-18,0.1443961118018081,7,0.03374066489074193,3654,1.4089348012319287,0.0,7.543520309477756,4,3
921,PPP2R5C,Ppp2r5c,5527,same-symbol,0.33898355542004294,0.32925867507886436,0.3509463722397476,0.3399296067532118,upstroke_downstroke_ratio_long_square,-0.1339763254832385,9.151293870749774e-16,0.1339763254832385,10,0.04592841436736711,3654,0.9572660951254637,0.4257261648951245,3.6750483558994196,9,4
922,CSGALNACT1,Csgalnact1,55790,homologene,0.3386540922279659,0.25736067297581494,0.4436119873817035,0.33788796902626456,upstroke_downstroke_ratio_long_square,-0.1168185649469919,2.7429153742008235e-12,0.1168185649469919,8,0.04378072595539021,3654,1.2741099912847367,0.405274193321419,5.609284332688588,9,4
923,GSG1L,Gsg1l,146395,homologene,0.3386166169707382,0.37986330178759203,0.2895636172450053,0.33165432565284936,ri,-0.1433353003292562,1.0444826224402969e-17,0.1433353003292562,11,0.0660946049539961,3654,0.8487787248083254,0.5661364923037482,2.127659574468085,9,3
924,NISCH,Nisch,11188,same-symbol,0.33811808013075384,0.09989484752891692,0.6878286014721345,0.2621269411374707,threshold_v_short_square,0.0680927484816723,0.0001584732167822,0.0680927484816723,6,0.029987986529098717,3654,2.1799343748500575,1.2685966931720216,7.543520309477756,10,6
925,EFNA5,Efna5,1946,homologene,0.33725707527305493,0.5155099894847529,0.1447160883280757,0.27313474545044775,latency,0.1992257583390506,1.1680393154387923e-32,0.1992257583390506,12,0.06765114765991084,3654,0.4941889690458529,0.1984908394902251,1.7408123791102514,7,2
926,SYN2,Syn2,6854,homologene,0.3372557222288469,0.6632492113564669,0.030099894847528914,0.14129306960900853,upstroke_downstroke_ratio_long_square,0.2133958114963072,2.491961278478874e-38,0.2133958114963072,16,0.11875248784006041,3654,0.15815967357204858,0.0,0.7736943907156673,3,0
927,NDUFA10,Ndufa10,4705,homologene,0.3364134703435007,0.34936908517350157,0.3207150368033649,0.33473559567123645,upstroke_downstroke_ratio_long_square,-0.1225871055417898,2.129230021257215e-13,0.1225871055417898,12,0.0642341264143585,3654,0.9231822679291678,0.42004255452954187,2.9013539651837523,9,3
928,LRRC8B,Lrrc8b,23507,homologene,0.3361655099884278,0.194794952681388,0.5269453207150369,0.32038459515770173,tau,-0.0937752791284285,2.9230469972275545e-08,0.0937752791284285,8,0.030877279902871608,3654,1.226266368424166,0.8459985471561052,5.029013539651838,10,4
929,GABRB3,Gabrb3,2562,homologene,0.33480578419975754,0.10134069400630914,0.6766561514195583,0.2618640945003653,threshold_v_short_square,0.0657433010574586,0.0002696167273319,0.0657433010574586,7,0.03071490576114866,3654,2.632851215340023,1.5936563331128717,6.363636363636363,10,6
930,NCDN,Ncdn,23154,homologene,0.3346680702950352,0.23948475289169294,0.45885909568874866,0.3314962400135568,threshold_i_short_square,0.099142826120318,5.722103939443639e-09,0.099142826120318,10,0.03955920289320575,3654,0.9871774049882516,0.6571633620871621,3.6750483558994196,10,3
931,SARAF,Saraf,51669,homologene,0.3345760056729133,0.40168243953732913,0.2561777076761304,0.32078355097234773,ri,0.1347576287251904,8.916887759277808e-16,0.1347576287251904,13,0.0658779610667291,3654,0.6161471303014708,0.3132105019858678,1.7408123791102514,9,3
932,DNAH6,Dnah6,1768,homologene,0.3331626597195049,0.022082018927444793,0.8454258675078864,0.13663348787197296,upstroke_downstroke_ratio_long_square,-0.0445685891550229,0.0088419893162081,0.0445685891550229,1,0.01795914470661532,3654,3.6302224230098696,1.2653729987958229,14.313346228239846,10,6
933,ATP2C1,Atp2c1,27032,homologene,0.3324978508774782,0.19242902208201892,0.5215562565720294,0.3168005057017968,threshold_v_short_square,0.1060959967812481,1.4318661364927603e-09,0.1060959967812481,6,0.03828201316186662,3654,2.085932147970428,1.0746066850440743,7.7369439071566735,8,6
934,NTNG2,Ntng2,84628,homologene,0.33103356440225495,0.2304153522607781,0.4629337539432177,0.32659921002389286,tau,-0.1211173609640198,5.475611333708096e-13,0.1211173609640198,5,0.03963163432954581,3654,1.293317805671855,1.215822579964257,2.808988764044944,10,5
935,SCRN1,Scrn1,9805,homologene,0.3297578905538899,0.34858044164037855,0.30704521556256575,0.32715433184410747,tau,0.1330909447073308,1.9880700792743607e-15,0.1330909447073308,11,0.053580142941919005,3654,1.0986657085495044,0.4738821381214269,3.6750483558994196,8,4
936,CDHR3,Cdhr3,222256,homologene,0.32819518377070434,0.10423238696109359,0.6544426919032597,0.2611783373603567,sag,-0.0655365018901166,0.0002280252207795,0.0655365018901166,7,0.030557036651639797,3654,2.16819605364553,0.7061639595276015,6.576402321083172,10,4
937,SYT13,Syt13,57586,homologene,0.3279954963530285,0.2275236593059937,0.4597791798107256,0.323435683657887,f_i_curve_slope,0.0942647669226574,2.782655545832632e-08,0.0942647669226574,10,0.047846303049135994,3654,1.1622506764323997,0.47053419784868133,3.1818181818181817,10,4
938,CLTC,Cltc,1213,homologene,0.32678071876399617,0.06795478443743429,0.7199001051524712,0.22118014481892911,upstroke_downstroke_ratio_long_square,-0.0617122645998147,0.0002572091393069,0.0617122645998147,4,0.023737332756252966,3654,2.512994691122274,1.0746066850440743,8.123791102514506,10,6
939,SV2B,Sv2b,9899,homologene,0.3257898712617601,0.14064143007360674,0.5859621451104101,0.2870723846999679,avg_isi,0.0861791277554589,4.57186844776614e-07,0.0861791277554589,6,0.03389607685215498,3654,2.3008809057594086,0.9333666466107139,7.350096711798839,9,5
940,VSNL1,Vsnl1,7447,homologene,0.32402407542637235,0.4889589905362775,0.1449789695057834,0.26624945179011655,ri,0.1701175375897894,1.6945975385973555e-24,0.1701175375897894,13,0.07448350660154118,3654,0.5434944308981113,0.37660587352998715,1.5473887814313345,7,3
941,LRRFIP2,Lrrfip2,9209,same-symbol,0.3234088643201377,0.2553890641430074,0.41062039957939006,0.3238332280149895,upstroke_downstroke_ratio_long_square,-0.1228236342620773,1.9114408674944698e-13,0.1228236342620773,7,0.03265489887908838,3654,1.4752059724171254,0.4738821381214269,5.802707930367505,8,4
942,POSTN,Postn,10631,homologene,0.3225979528250079,0.043243953732912725,0.7623554153522608,0.1815688913595295,vrest,0.0466493622913461,0.0131176160597166,0.0466493622913461,5,0.021623638898527604,3654,3.1023292387655386,1.0647320923710222,8.51063829787234,10,6
943,RHBDD2,Rhbdd2,57414,homologene,0.32241791658133917,0.39576761303890645,0.23725026288117776,0.30642449352709517,tau,0.139988225041019,5.985734066781482e-17,0.139988225041019,12,0.04995482369633684,3654,0.7597100884839179,0.22715915928165697,3.8684719535783367,7,2
944,SLC6A7,Slc6a7,6534,homologene,0.32175974178121214,0.24631966351209253,0.41903259726603576,0.32127242078829005,threshold_i_ramp,0.0934535380270781,3.1563369967937965e-08,0.0934535380270781,11,0.05285089904412756,3654,1.25130275530421,0.3857571180930132,4.835589941972921,9,3
945,GULP1,Gulp1,51454,homologene,0.32037220343642064,0.43717139852786535,0.18901156677181916,0.28745512864372275,ri,0.1368174311760799,3.1727356791252103e-16,0.1368174311760799,14,0.07324175267601386,3654,0.5840597153691324,0.1839415170699079,2.9013539651837523,7,2
946,SNX10,Snx10,29887,homologene,0.319397486756437,0.5262881177707676,0.10291798107255522,0.2327327019209861,upstroke_downstroke_ratio_long_square,0.1746270527930493,5.943803620185948e-26,0.1746270527930493,14,0.06948770998348527,3654,0.43528898744563504,0.3012536244243561,1.3539651837524178,6,2
947,SNCB,Sncb,6620,homologene,0.31906195755247135,0.4468980021030495,0.1765247108307045,0.28087103907676275,threshold_i_long_square,0.1396815377462592,6.65771292631308e-17,0.1396815377462592,14,0.08686432996956261,3654,0.46836553418684207,0.1928785590465066,1.5909090909090908,8,2
948,EXOC6,Exoc6,54536,homologene,0.3185289751405144,0.21188222923238698,0.459384858044164,0.31198635835241434,tau,0.100826208874017,2.2807113759288094e-09,0.100826208874017,8,0.035337195035787305,3654,1.6486428712758614,0.7061639595276015,6.963249516441006,8,4
949,AIG1,Aig1,51390,homologene,0.3182564257206085,0.5197160883280757,0.10659831756046267,0.23537387413406288,upstroke_downstroke_ratio_long_square,-0.1535988352668894,2.4796792116742152e-20,0.1535988352668894,15,0.06269771840920074,3654,0.3302068409019189,0.18941092484906316,1.7408123791102514,6,1
950,APBA2,Apba2,321,homologene,0.31793827965638866,0.09056256572029442,0.6529968454258676,0.24318114591601273,vrest,0.070576118772056,0.0001017687000556,0.070576118772056,5,0.02090122436895343,3654,2.5161041223610363,1.9762793442014335,5.609284332688588,10,7
951,CACNG8,Cacng8,59283,homologene,0.3178761835673594,0.47292323869610936,0.14865930599369084,0.2651498452815921,upstroke_downstroke_ratio_long_square,-0.1741314036068188,8.235733703060804e-26,0.1741314036068188,12,0.06765921501193056,3654,0.5532031153898945,0.1984908394902251,1.5909090909090908,7,3
952,RNF180,Rnf180,285671,homologene,0.3175857962322517,0.27747108307045215,0.36803364879074657,0.3195601588689348,upstroke_downstroke_ratio_long_square,0.1324244330231077,1.9729690390939684e-15,0.1324244330231077,7,0.03544171402619861,3654,1.3403386739847811,0.47053419784868133,4.835589941972921,8,4
953,RORB,Rorb,6096,homologene,0.3166506251367878,0.0908254468980021,0.6491850683491062,0.24282200055249853,peak_v_long_square,0.0607393901636354,0.0005469660123903,0.0607393901636354,7,0.027224213174037334,3654,1.7308378305755485,0.5711584027128666,7.5,10,4
954,SYNPO2,Synpo2,171024,homologene,0.3159864550209233,0.005651945320715036,0.8558096740273397,0.06954846858516356,fast_trough_v_long_square,0.0287352543614443,0.1026029965429174,0.0287352543614443,0,0.014528277418143755,3654,3.89652305603516,1.3417671643471287,14.772727272727273,10,6
955,PPP2R2C,Ppp2r2c,5522,homologene,0.31552421842349404,0.2607781282860147,0.3851209253417455,0.3169086841258826,upstroke_downstroke_ratio_long_square,-0.1180726596735852,1.5974280493152337e-12,0.1180726596735852,8,0.036365347993334136,3654,1.284866660748539,0.44644169794862243,3.6750483558994196,9,4
956,THEMIS,Themis,387357,homologene,0.31543269942320346,0.015247108307045216,0.8178233438485805,0.11166665169014958,tau,-0.0378964357797465,0.030243433750583,0.0378964357797465,1,0.016075040085658684,3654,3.025046507808523,0.7061639595276015,13.181818181818182,10,4
957,AEBP2,Aebp2,121536,homologene,0.3146165981789676,0.40562565720294425,0.21043638275499474,0.2921615923669726,upstroke_downstroke_ratio_long_square,-0.1524702692897594,4.7191680301062336e-20,0.1524702692897594,11,0.05014586575277605,3654,0.6289127011276399,0.4562222567546568,2.127659574468085,8,2
958,ROBO3,Robo3,64221,homologene,0.3139724652169272,0.04482124079915878,0.7356729758149316,0.18158682661039804,tau,-0.0499702546723821,0.0037732298118382,0.0499702546723821,4,0.01786225240340894,3654,2.883219550898501,1.6028071824561778,7.7272727272727275,10,6
959,AMMECR1,Ammecr1,9949,homologene,0.31240064975278187,0.370925341745531,0.24382229232386962,0.3007322182696927,upstroke_downstroke_ratio_long_square,-0.1395739647546673,5.406578739774293e-17,0.1395739647546673,11,0.05687520471271021,3654,0.8088437816350004,0.4177733781571906,3.8684719535783367,7,2
960,CCK,Cck,885,homologene,0.3120759870378485,0.512092534174553,0.10239221871713984,0.2289853505415035,fast_trough_v_long_square,0.2095265835416049,1.1584036004798918e-36,0.2095265835416049,11,0.07279239327340402,3654,0.3255353881144251,0.13524353781183912,1.5909090909090908,6,1
961,MAP9,Map9,79884,homologene,0.3115928289705854,0.22252891692954782,0.42783911671924296,0.308555627502769,threshold_i_short_square,0.0990716316092821,5.853977506497346e-09,0.0990716316092821,9,0.039022465734961716,3654,1.6567523427240984,0.46694686972654,7.156673114119923,7,3
962,FOXG1,Foxg1,2290,homologene,0.3111226960814622,0.22607781282860148,0.42179284963196634,0.30880091468701665,tau,-0.1058994059228732,3.2836338378410207e-10,0.1058994059228732,8,0.0342010159062916,3654,1.7544795243901312,1.1416325515119987,5.222437137330754,8,5
963,ADAMTS19,Adamts19,171019,homologene,0.3099403337847371,0.00407465825446898,0.8467402733964248,0.05873820940738714,ri,-0.027167474028901,0.1267922792780392,0.027167474028901,0,0.01240570699522411,3654,3.808571717644451,2.1614664003332726,13.409090909090908,10,9
964,RBFOX2,Rbfox2,23543,homologene,0.3092261426156787,0.3698738170347003,0.23830178759200846,0.29688649646430293,upstroke_downstroke_ratio_long_square,-0.1110589474462224,3.174515929892324e-11,0.1110589474462224,14,0.05743566391770833,3654,0.7661841521121754,0.36046616036786217,3.8684719535783367,7,2
965,TUBA4A,Tuba4a,7277,homologene,0.30875775132606903,0.24171924290220817,0.39484752891692954,0.30893728449575,threshold_i_short_square,0.1000580209380145,4.112403926134876e-09,0.1000580209380145,10,0.044788998290071415,3654,1.3319294891110165,0.5445614793694978,5.802707930367505,8,3
966,DHCR24,Dhcr24,1718,homologene,0.30613120791042264,0.297055730809674,0.31729758149316506,0.3070098776173077,upstroke_downstroke_ratio_long_square,0.0935674179919612,2.4741362406340742e-08,0.0935674179919612,13,0.052262902282608846,3654,0.8047964285993133,0.39004641058556333,3.288201160541586,9,3
967,SMYD3,Smyd3,64754,homologene,0.30563373592347254,0.35068349106203994,0.25236593059936907,0.2974904461788769,tau,0.1517047332890615,1.071767122281682e-19,0.1517047332890615,8,0.048209082994592124,3654,1.0926821751559797,0.940685535512592,3.288201160541586,7,5
968,EXT1,Ext1,2131,homologene,0.30311261758490043,0.1920347003154574,0.45097266035751843,0.2942828565890657,threshold_v_long_square,0.0830930872044639,1.954762075820355e-06,0.0830930872044639,10,0.04182083924581873,3654,1.4606330018883076,0.4817587587361183,5.222437137330754,9,4
969,NR4A2,Nr4a2,4929,homologene,0.3025373120553917,0.07899579390115667,0.6348580441640378,0.2239444467122901,tau,-0.0630842511483101,0.0002271370852371,0.0630842511483101,5,0.026571318505782003,3654,1.7063548912208002,0.5661364923037482,7.156673114119923,10,4
970,PKM,Pkm,5315,homologene,0.3023017351586087,0.3301787592008412,0.26892744479495273,0.29798343919998344,tau,-0.1148501321048508,8.560515410228131e-12,0.1148501321048508,12,0.06031345370653866,3654,0.8800578555444849,0.26665752997386594,4.448742746615087,7,3
971,NCKAP1,Nckap1,10787,homologene,0.3021949325630233,0.09792323869610936,0.599106203995794,0.24221151875623115,upstroke_downstroke_ratio_long_square,-0.0713940827462824,2.2832384775343e-05,0.0713940827462824,5,0.02576482564011163,3654,1.7636548010695254,1.1364655490943791,5.609284332688588,10,6
972,CAMKK1,Camkk1,84254,homologene,0.3018019815248371,0.21240799158780233,0.4187697160883281,0.29824492339705627,latency,0.1022673733368452,2.7923680693423623e-09,0.1022673733368452,8,0.04118551522546577,3654,1.2512380857860903,0.6401637738245647,4.835589941972921,9,3
973,SEZ6L2,Sez6l2,26470,homologene,0.3014679716491314,0.03180862250262881,0.7331756046267087,0.1527131495180019,f_i_curve_slope,0.0480268772808764,0.0054978138542185,0.0480268772808764,2,0.01988446301313418,3654,2.653312747572685,1.4402713085571957,8.409090909090908,10,6
974,SLC4A10,Slc4a10,57282,homologene,0.3010521366669029,0.07478969505783385,0.6390641430073607,0.2186216191915073,upstroke_downstroke_ratio_long_square,-0.061447954840703,0.0002734984293566,0.061447954840703,5,0.031577746420081695,3654,3.1483224286853533,1.1077343941896922,11.136363636363637,8,5
975,MAP2K1,Map2k1,5604,homologene,0.2986470413856619,0.2578864353312303,0.35002628811777076,0.3004447232269425,avg_isi,0.1301256923533442,1.1866861771080961e-14,0.1301256923533442,6,0.04050779548008516,3654,1.3662568777533406,0.2832195552430594,6.363636363636363,6,4
976,ICA1L,Ica1l,130026,homologene,0.29827916275531224,0.38196635120925343,0.20228706624605677,0.2779691576251416,tau,0.12652282938254,4.623231874971776e-14,0.12652282938254,13,0.053234888962233766,3654,0.831774725066705,0.4112000212146726,2.514506769825919,7,4
977,ACTB,Actb,60,homologene,0.2975144316246466,0.19190325972660358,0.43769716088328076,0.28981979219263343,trough_v_long_square,0.0732993301077015,1.87072604692184e-05,0.0732993301077015,11,0.03953594572479376,3654,1.09713309855929,0.6076598153175343,2.7079303675048356,10,4
978,ATP6AP2,Atp6ap2,10159,homologene,0.2964489623033772,0.3614616193480547,0.220820189274448,0.282520836753479,ri,0.1572128499680951,4.5579182091006055e-21,0.1572128499680951,8,0.04981639400122588,3654,0.8531828075492072,0.2888318356867779,3.094777562862669,7,3
979,RAC1,Rac1,5879,homologene,0.29395952769838185,0.2557833859095689,0.3420084121976867,0.29577029884942774,trough_v_long_square,0.0899314492264156,1.262777277402487e-07,0.0899314492264156,12,0.05222371968234571,3654,0.9762780038715908,0.1928785590465066,6.590909090909091,7,2
980,NPTX1,Nptx1,4884,homologene,0.2935664878233838,0.20176130389064142,0.4141692954784437,0.28907323827569914,sag,0.0916499540653338,1.383680304275873e-07,0.0916499540653338,9,0.03827657275396081,3654,0.8018966856904051,0.5312187777042905,2.9545454545454546,10,2
981,SCG5,Scg5,6447,homologene,0.2919589654811897,0.48659305993690855,0.08937960042060988,0.20854614181183684,threshold_i_long_square,-0.1951267634369811,5.876568587795602e-32,0.1951267634369811,11,0.07657870505946905,3654,0.3379724435363028,0.04690431519699812,1.5909090909090908,5,1
982,APBB1,Apbb1,322,homologene,0.2909952667296426,0.08609358569926395,0.591745531019979,0.22571108653990618,threshold_v_short_square,0.058835231960627,0.0011908893703685,0.058835231960627,7,0.026772278715797494,3654,1.747352342818233,0.8093649446275935,5.415860735009671,10,5
983,ARHGEF7,Arhgef7,8874,homologene,0.29047417176263124,0.1491850683491062,0.48449001051524715,0.26884693662598486,threshold_v_short_square,0.0864073816807816,1.136255664831474e-06,0.0864073816807816,7,0.03561982615805382,3654,1.6929693743535785,0.8861875153517538,7.543520309477756,8,5
984,RPL13A,Rpl13a,23521,homologene,0.290141965660261,0.41167192429022076,0.15523133543638276,0.25279316163463844,fast_trough_v_long_square,0.1461389749023414,2.5866348686929838e-18,0.1461389749023414,12,0.05723718079133035,3654,0.5246585562314504,0.36429570601767447,1.9342359767891684,7,2
985,NIPAL2,Nipal2,79815,homologene,0.29003478172603103,0.3354363827549947,0.23646161934805465,0.2816342135723214,upstroke_downstroke_ratio_long_square,-0.1276286079763288,2.010371658420029e-14,0.1276286079763288,11,0.04800900460607526,3654,0.6956498953225645,0.23798921018243407,4.061895551257253,7,2
986,ATL1,Atl1,51062,homologene,0.2880134597851904,0.2338328075709779,0.35712407991587797,0.2889763420384652,tau,0.103099302604529,9.609488585009558e-10,0.103099302604529,9,0.04335608845585142,3654,1.364739405936202,0.6326864993979114,4.318181818181818,8,4
987,LARP1B,Larp1b,55132,same-symbol,0.2860570972193254,0.10396950578338592,0.5473186119873817,0.23854652710609064,tau,0.0739348886815018,1.408893835870454e-05,0.0739348886815018,5,0.032014871240910375,3654,1.678526539242584,0.5312187777042905,7.7369439071566735,9,4
988,CTNNAL1,Ctnnal1,8727,homologene,0.28604708993318934,0.09687171398527866,0.5596740273396424,0.23284454535469556,threshold_v_short_square,0.0641038861265771,0.0003846797530376,0.0641038861265771,7,0.03185824138090639,3654,1.3659679345763496,0.7285029964394056,5.609284332688588,10,4
989,SSBP3,Ssbp3,23648,homologene,0.2854681393789987,0.3096740273396425,0.2564405888538381,0.28180310488658117,tau,0.116371293274879,4.461440269587387e-12,0.116371293274879,11,0.05036924259306928,3654,0.8833703238347654,0.34749146322081,4.061895551257253,7,3
990,HOMER1,Homer1,9456,homologene,0.2853741161135065,0.2475026288117771,0.33307045215562564,0.2871163744686892,upstroke_downstroke_ratio_long_square,-0.1193290738382607,9.19843260896522e-13,0.1193290738382607,7,0.036180548921193934,3654,0.9369523720185,0.6326864993979114,3.288201160541586,9,3
991,SYNJ1,Synj1,8867,homologene,0.28342135585301254,0.03956361724500526,0.6661409043112513,0.1623420579191111,ri,0.0475223012896136,0.0060446839845514,0.0475223012896136,4,0.020368487992908756,3654,2.732218916772938,1.3781617813236524,10.058027079303676,9,5
992,CTSB,Ctsb,1508,homologene,0.2826180869424902,0.35620399579390116,0.19781808622502628,0.2654497932823773,threshold_i_long_square,-0.1254615036116754,7.188058690036454e-14,0.1254615036116754,12,0.05941032653261179,3654,0.6732829888749176,0.556846461618842,1.5909090909090908,8,4
993,IPCEF1,Ipcef1,26034,homologene,0.28176294811860747,0.26958464773922186,0.29679284963196634,0.28286179632384695,threshold_i_short_square,0.1097825458941801,9.720430727639732e-11,0.1097825458941801,10,0.0476989643908756,3654,0.9585277591266408,0.31356184517086405,3.8636363636363638,8,3
994,SRSF5,Srsf5,6430,same-symbol,0.2814247348044654,0.28391167192429023,0.278391167192429,0.2811378696059233,peak_v_long_square,-0.0914390830173299,1.1475778468786567e-07,0.0914390830173299,13,0.051195889800690175,3654,0.8352674932876083,0.2739547098211217,3.6750483558994196,8,3
995,CAMK2N1,Camk2n1,55450,homologene,0.2802125351063065,0.5420609884332283,0.030362776025236588,0.12829059351260508,fast_trough_v_long_square,0.1842420774464339,1.6240432066255659e-28,0.1842420774464339,14,0.07122838393098059,3654,0.17415300285009327,0.0,0.7067137809187279,3,0
996,SLC17A7,Slc17a7,57030,homologene,0.28018495922723785,0.1274973711882229,0.49329652996845424,0.25078678351789263,fast_trough_v_long_square,0.0807717990480931,1.9711229083175744e-06,0.0807717990480931,6,0.03497312085433334,3654,1.3152318032340204,1.062437555408581,3.6750483558994196,10,6
997,MICU1,Micu1,10367,homologene,0.279616386618432,0.32032071503680337,0.23146687697160884,0.2722932895590369,tau,0.1357843491923826,5.216731096177645e-16,0.1357843491923826,9,0.03944907168817207,3654,0.7020738679335063,0.43695072578256144,2.7079303675048356,8,2
998,KIFAP3,Kifap3,22920,homologene,0.2790669174724929,0.05612513144058886,0.6186908517350158,0.18634405108486193,upstroke_downstroke_ratio_long_square,-0.0512085903952257,0.0025373523752241,0.0512085903952257,5,0.02435281879258872,3654,1.7561853424501657,0.8928833958972449,6.382978723404255,10,5
999,TUBB4A,Tubb4a,10382,homologene,0.2782270103243413,0.15667718191377497,0.44295478443743425,0.2634405195502029,upstroke_downstroke_ratio_long_square,0.0913231500981829,5.318085606095782e-08,0.0913231500981829,6,0.031937735340888035,3654,1.404524741945003,0.9086366371266279,5.029013539651838,9,5
1000,DMTN,Dmtn,2039,homologene,0.27679016225194386,0.20991062039957942,0.3631703470031546,0.27610380810514495,fast_trough_v_long_square,-0.089559117278543,1.244542256315551e-07,0.089559117278543,10,0.04342225336875617,3654,1.0105179838771166,0.6684346673043062,3.8684719535783367,9,3
1001,HNRNPDL,Hnrnpdl,9987,homologene,0.2764922818572494,0.24316508937960044,0.3183491062039958,0.2782290223251531,upstroke_downstroke_ratio_long_square,-0.0838245708131751,6.176883915109943e-07,0.0838245708131751,12,0.044540711061925635,3654,0.8570590942375038,0.2888318356867779,3.094777562862669,9,3
1002,SYN1,Syn1,6853,homologene,0.2752018309023936,0.23159831756046267,0.3304416403785489,0.2766400693384662,upstroke_downstroke_ratio_long_square,-0.1071522215350692,1.5493866843036562e-10,0.1071522215350692,8,0.035881697889200675,3654,1.2903930835639403,1.2247106582672105,5.029013539651838,7,5
1003,SERF2,Serf2,10169,homologene,0.27451745135391237,0.5173501577287066,0.038512092534174557,0.14115323994516651,ri,-0.1857619820652538,5.0260101117192466e-29,0.1857619820652538,13,0.08578328503328342,3654,0.1699889276951152,0.0,1.1363636363636365,3,1
1004,CYCS,Cycs,54205,homologene,0.27342644306916536,0.4695057833859096,0.07229232386961093,0.1842326359557111,threshold_i_long_square,0.1480271787042908,7.800658756605006e-19,0.1480271787042908,14,0.08073894417598233,3654,0.2644781217516991,0.04690431519699812,1.3539651837524178,5,1
1005,CANX,Canx,821,homologene,0.27334995403115536,0.15549421661409044,0.4328338590956888,0.25942852935661825,ri,0.0871720687624846,2.633181456810159e-07,0.0871720687624846,7,0.034915716113168266,3654,1.2246124150161013,0.6538614441445401,5.415860735009671,9,4
1006,CHN1,Chn1,1123,homologene,0.2728969573188812,0.34398002103049424,0.19098317560462671,0.2563091819676971,upstroke_downstroke_ratio_long_square,-0.1380229537915104,1.1992404361530772e-16,0.1380229537915104,10,0.05836473360404337,3654,0.9162142188866644,0.5213284593501915,2.7079303675048356,6,4
1007,DCAF6,Dcaf6,55827,homologene,0.27246876388252594,0.14116719242902206,0.4525499474237645,0.2527552284557421,threshold_i_short_square,0.0743079396337924,1.4967726182299292e-05,0.0743079396337924,8,0.03402411296875973,3654,2.018913746155593,0.613343425683117,6.963249516441006,7,4
1008,RNF144A,Rnf144a,9781,homologene,0.2721481872412491,0.23527865404837014,0.3186119873817035,0.27379298667943175,upstroke_downstroke_ratio_long_square,0.1190388746248578,1.0464402459240682e-12,0.1190388746248578,6,0.03581328679041744,3654,0.8078924106909277,0.44644169794862243,3.288201160541586,9,2
1009,SNRPN,Snrpn,6638,homologene,0.27193088127205245,0.2665615141955836,0.27852260778128285,0.27247643580295416,f_i_curve_slope,-0.1017186939657851,1.913042924669791e-09,0.1017186939657851,11,0.04395142014617161,3654,1.2289205422977854,0.47053419784868133,3.6363636363636362,7,4
1010,GNG3,Gng3,2785,homologene,0.27182917060903694,0.48554153522607774,0.057176656151419564,0.16661825052152546,tau,0.1539341051475768,2.988811462399783e-20,0.1539341051475768,14,0.0725254958223072,3654,0.21324481914608198,0.0,1.3539651837524178,4,1
1011,NKAIN2,Nkain2,154215,homologene,0.26890981865862307,0.28890641430073605,0.24487381703470032,0.2659804813057337,latency,0.109951609415735,1.4730590523328082e-10,0.109951609415735,11,0.044899263263752764,3654,0.697267920821611,0.22322084897431121,3.1818181818181817,8,3
1012,FBXL2,Fbxl2,25827,homologene,0.2682787367902254,0.17166140904311253,0.39668769716088326,0.2609520435725782,tau,0.0865193143126717,3.32340886206726e-07,0.0865193143126717,8,0.03392028943267153,3654,1.0499211283240322,0.36429570601767447,4.835589941972921,9,3
1013,PRNP,Prnp,5621,homologene,0.2673867879088278,0.3906414300736067,0.1319663512092534,0.22704960726233064,upstroke_downstroke_ratio_long_square,0.1469619033208875,1.0376351761411166e-18,0.1469619033208875,11,0.0649891675508168,3654,0.5099999056454092,0.09560229445506692,2.514506769825919,5,2
1014,GHITM,Ghitm,27069,homologene,0.2672697933067327,0.3049421661409043,0.2226603575184017,0.2605734670594257,upstroke_downstroke_ratio_long_square,-0.1060412485391731,2.3998338464368845e-10,0.1060412485391731,12,0.052247853952170936,3654,0.8235223869151257,0.3788218496981263,3.288201160541586,7,3
1015,SNHG14,Snhg14,104472715,same-symbol,0.26558080023256797,0.517875920084122,0.026288117770767616,0.11667897487472213,upstroke_downstroke_ratio_long_square,-0.2000843067002632,8.883475029861078e-34,0.2000843067002632,12,0.060189107176232416,3654,0.10270766472516242,0.0,0.45454545454545453,4,0
1016,SATB2,Satb2,23314,homologene,0.26530714722072496,0.051130389064143,0.5927970557308097,0.17409751318038624,peak_v_long_square,0.0575782598343448,0.0010863796154589,0.0575782598343448,3,0.0207716676240569,3654,2.418879446438289,0.6319739310753432,7.350096711798839,9,4
1017,KCTD1,Kctd1,284252,homologene,0.26443216179850926,0.28364879074658256,0.24132492113564666,0.2616324178253539,threshold_i_short_square,0.1074611449501713,2.436404929610519e-10,0.1074611449501713,11,0.04720161455231486,3654,0.6139056934534254,0.22715915928165697,3.288201160541586,8,2
1018,ATP6V0A1,Atp6v0a1,535,homologene,0.2602911876470099,0.12315983175604628,0.4507097791798107,0.23560420321927675,peak_v_long_square,-0.0744266048312577,1.8945507497157087e-05,0.0744266048312577,7,0.032931534221752774,3654,1.460369680703673,0.6571633620871621,5.222437137330754,9,4
1019,NPTXR,Nptxr,23467,homologene,0.25962148108829025,0.28470031545741326,0.22962670872765512,0.2556849553888749,upstroke_downstroke_ratio_long_square,0.0982623713489578,4.599703647533933e-09,0.0982623713489578,12,0.0495044631206211,3654,0.7942798381539526,0.29241916380891925,3.6363636363636362,7,3
1020,SLC39A10,Slc39a10,57181,homologene,0.25953410712529357,0.15260252365930602,0.40352260778128285,0.24815029377578435,tau,0.0948828371301245,1.9901804563412824e-08,0.0948828371301245,4,0.02741566434051788,3654,1.626943546688714,0.4057306134355173,6.382978723404255,7,4
1021,GRIN1,Grin1,2902,homologene,0.25897459810208934,0.11330178759200842,0.46332807570977924,0.2291198359363139,adaptation,0.0627596774196524,0.0002737247139195,0.0627596774196524,8,0.03276466051668178,3654,1.2216375252077558,0.4817587587361183,3.094777562862669,10,4
1022,KIF3C,Kif3c,3797,homologene,0.25882776295176246,0.05139327024185069,0.5751840168243953,0.17193192727195653,threshold_i_short_square,0.0534834134580395,0.0021222168718399,0.0534834134580395,4,0.025044691207962676,3654,1.5147150696657,1.062437555408581,5.609284332688588,10,6
1023,ANKRD36,Ankrd36,375248,same-symbol,0.2573584704541325,0.023659305993690854,0.6348580441640378,0.12255733649779221,peak_v_long_square,-0.0447971505830851,0.0125413987932007,0.0447971505830851,2,0.02097149557577855,3654,2.1970154520870766,1.4642690647190375,10.444874274661508,9,7
1024,THY1,Thy1,7070,homologene,0.2572592790834545,0.46635120925341744,0.0490273396424816,0.15120833022274038,upstroke_downstroke_ratio_long_square,0.1587291950475357,1.2321616480911057e-21,0.1587291950475357,13,0.09243973326914431,3654,0.2709006841590858,0.0,1.0600706713780919,3,1
1025,ISCU,Iscu,23479,homologene,0.2554134397681312,0.3835436382754995,0.11606203995793901,0.21098544279438883,upstroke_downstroke_ratio_long_square,-0.1357434848573301,3.8128825309193164e-16,0.1357434848573301,12,0.053025638599056756,3654,0.349363841034626,0.19681686935385234,1.1605415860735009,7,2
1026,RAB3A,Rab3a,5864,homologene,0.2547873970387112,0.23777602523659305,0.2758937960042061,0.2561267854038612,tau,-0.104221794527125,6.311765245204378e-10,0.104221794527125,9,0.04311170283066249,3654,0.5867929923785269,0.1984908394902251,2.514506769825919,9,2
1027,NEK10,Nek10,152110,same-symbol,0.25373254602745376,0.017613038906414302,0.6415615141955836,0.10630074275556538,threshold_v_ramp,0.0413992807012752,0.0236156825319365,0.0413992807012752,1,0.01888596904443119,3654,2.875753547265307,1.8821367913947253,8.317214700193423,9,8
1028,PHYHIPL,Phyhipl,84457,homologene,0.2533649362779772,0.23304416403785488,0.2786540483701367,0.2548307276569733,fast_trough_v_long_square,-0.1138646881907519,1.3750150048855386e-11,0.1138646881907519,7,0.04218138747938312,3654,0.9732117842580802,0.32837373418044236,3.288201160541586,8,4
1029,GDI1,Gdi1,2664,homologene,0.25287497569832923,0.07662986330178759,0.5109095688748685,0.1978659405316044,avg_isi,0.0628100073398004,0.0002735081561495,0.0628100073398004,5,0.024114512830415893,3654,1.142327950230097,0.5786356771395198,4.835589941972921,10,3
1030,MBOAT2,Mboat2,129642,homologene,0.252864092565907,0.2672187171398528,0.2355415352260778,0.2508806626192301,tau,-0.1086501103024195,1.1010676485419027e-10,0.1086501103024195,10,0.04464855626493644,3654,0.8573989860017445,0.2414568443798775,4.25531914893617,6,3
1031,ASPNAT,Nat8l,339983,homologene,0.25049761510268254,0.39458464773922186,0.09674027339642481,0.19537713965642015,upstroke_downstroke_ratio_long_square,-0.1313301320942832,3.389407515733982e-15,0.1313301320942832,13,0.0597012419094179,3654,0.2388601356264969,0.1850510214542994,0.9363295880149812,7,0
1032,SAMD12,Samd12,401474,homologene,0.25047120982822146,0.2009726603575184,0.31374868559411145,0.2511073635469959,latency,0.0926072245469155,8.428836863536732e-08,0.0926072245469155,9,0.03589915357393239,3654,0.9674064782809626,0.4430937576758769,4.318181818181818,8,3
1033,DIRAS1,Diras1,148252,homologene,0.24934287730083154,0.3601472134595163,0.12710304942166142,0.2139528197323385,upstroke_downstroke_ratio_long_square,-0.1168534865813049,2.7065762849704327e-12,0.1168534865813049,13,0.05536896542445747,3654,0.5457069951190292,0.22154687883793844,1.7408123791102514,6,3
1034,GLS,Gls,2744,homologene,0.24896932648293946,0.143664563617245,0.3911671924290221,0.2370587775251074,upstroke_downstroke_ratio_long_square,-0.0901037534397955,8.001969123607855e-08,0.0901037534397955,5,0.029084153924568885,3654,1.1623488420307806,0.7474944029460381,4.25531914893617,9,4
1035,RAB6B,Rab6b,51560,homologene,0.24833972081058342,0.2561777076761304,0.2388275499474238,0.24735054937363202,threshold_i_long_square,0.105125467862521,4.181767382419095e-10,0.105125467862521,10,0.044870864096421464,3654,0.8923133385193347,0.4668536752919624,3.481624758220503,7,4
1036,UBE2E3,Ube2e3,10477,homologene,0.24757106606066628,0.28535751840168244,0.20294426919032596,0.2406484428164754,upstroke_downstroke_ratio_long_square,-0.1147994012967231,6.559846332026473e-12,0.1147994012967231,10,0.047454981827645536,3654,0.716896942274191,0.2810745479969925,3.6750483558994196,6,3
1037,HSD17B12,Hsd17b12,51144,homologene,0.2466988325477799,0.29902733964248157,0.18572555205047317,0.23566293245498798,tau,-0.1206904592101243,6.6253124803747e-13,0.1206904592101243,10,0.047840480960509774,3654,0.6158357928388845,0.3026230296125535,2.7079303675048356,7,2
1038,CEND1,Cend1,51286,homologene,0.24531895160060027,0.4508412197686646,0.04232386961093585,0.13813524170436825,threshold_i_long_square,0.1504751352220097,2.006673905380925e-19,0.1504751352220097,13,0.08371360368673451,3654,0.14525624311391486,0.04690431519699812,0.5802707930367504,5,0
1039,ALDOA,Aldoa,226,homologene,0.24484717580742377,0.2334384858044164,0.258937960042061,0.24585785590357528,upstroke_downstroke_ratio_long_square,0.0802913622262589,1.813923415135964e-06,0.0802913622262589,12,0.039305051205978714,3654,0.8057131749962447,0.4726304800921226,3.288201160541586,8,3
1040,ITM2B,Itm2b,9445,homologene,0.24428993595492898,0.30691377497371186,0.17205573080967404,0.22979615716686352,upstroke_downstroke_ratio_long_square,0.1233901200432497,1.476302952536112e-13,0.1233901200432497,10,0.04971341432236365,3654,0.5243109339222014,0.3026230296125535,2.514506769825919,7,1
1041,RPS27,Rps27,6232,same-symbol,0.24392271488178016,0.46477392218717134,0.030888538380651948,0.11981730732162438,fast_trough_v_long_square,0.1580533703780963,3.120678815404796e-21,0.1580533703780963,13,0.06300264105967975,3654,0.1579868847941959,0.0,0.5617977528089888,4,0
1042,YWHAE,Ywhae,7531,homologene,0.24371591122620528,0.3053364879074658,0.1725814931650894,0.22955484530032189,upstroke_downstroke_ratio_long_square,0.1232345392803224,1.5820900403871405e-13,0.1232345392803224,10,0.05010505936528184,3654,0.6445160446345076,0.5657364241161263,2.127659574468085,7,3
1043,MEIS2,Meis2,4212,homologene,0.24259706943879975,0.044558359621451105,0.5466614090431126,0.15607157222028678,ri,-0.0460661376841687,0.007898138443307,0.0460661376841687,5,0.026198687696636982,3654,1.6523951782988309,0.6545641305145324,4.25531914893617,10,4
1044,FBXL7,Fbxl7,23194,homologene,0.24159524256969825,0.020241850683491065,0.6012092534174552,0.11031585533008965,threshold_i_ramp,0.0405097994201425,0.0195759735743724,0.0405097994201425,2,0.020165025091471465,3654,2.522063211900254,0.48923603316277164,7.420494699646643,9,4
1045,YWHAH,Ywhah,7533,homologene,0.24137855264887928,0.29968454258675076,0.17389589905362776,0.22828471908035855,tau,0.1129096352823478,1.9442157102457583e-11,0.1129096352823478,11,0.04300416719195523,3654,0.387009410180411,0.21091262822780332,1.7408123791102514,8,1
1046,NAP1L3,Nap1l3,4675,homologene,0.24064999161661793,0.12079390115667717,0.40575709779179814,0.22138875934491944,tau,0.0815372601940926,1.5690279093351572e-06,0.0815372601940926,5,0.02308271468155504,3654,1.588763660417708,0.5386960521309438,5.222437137330754,8,4
1047,SLC39A11,Slc39a11,201266,homologene,0.24030819814236348,0.27247634069400634,0.20215562565720294,0.23469687925019803,threshold_i_short_square,0.1116583085281728,4.472628646504015e-11,0.1116583085281728,10,0.05548678085299877,3654,0.9022557083408088,0.23810890410713195,3.094777562862669,6,4
1048,SPAG16,Spag16,79582,homologene,0.24016938797315057,0.03430599369085174,0.5626971608832808,0.13893842251559507,peak_v_long_square,0.0480314023294351,0.0071254001561989,0.0480314023294351,3,0.022619971671372,3654,2.201120894917288,0.8623029425734512,6.818181818181818,9,5
1049,KIF3A,Kif3a,11127,homologene,0.24005599685496562,0.11527339642481597,0.41298633017875924,0.21818876450616348,trough_v_long_square,-0.07967828030382,3.117621067880007e-06,0.07967828030382,5,0.028499482614883814,3654,1.3222116124613594,0.42907410516787003,6.576402321083172,8,3
1050,EIF4G2,Eif4g2,1982,homologene,0.23987015046890525,0.10502103049421661,0.42902208201892744,0.212264790199416,threshold_i_long_square,0.0655869693390782,0.0001204455887692,0.0655869693390782,7,0.03165337058867729,3654,1.353341957825275,0.6646406365138153,4.835589941972921,9,4
1051,MAPK1,Mapk1,5594,homologene,0.23938867607926806,0.27247634069400634,0.20018401682439535,0.23354958439213427,tau,0.1115974360033156,3.3064120386394585e-11,0.1115974360033156,10,0.041316390125036455,3654,0.5884517594502388,0.4595701970274023,1.9342359767891684,8,2
1052,DPYSL2,Dpysl2,1808,homologene,0.2391544379956084,0.08793375394321767,0.4558359621451104,0.2002083098518591,threshold_v_short_square,0.0602410295520713,0.000890931067173,0.0602410295520713,7,0.03061944733885119,3654,1.3481552276922164,0.5312187777042905,5.802707930367505,9,3
1053,PGAM1,Pgam1,5223,homologene,0.23898730609348853,0.36829652996845424,0.0997634069400631,0.19168337589331017,upstroke_downstroke_ratio_long_square,-0.1198055821194806,7.453746536493843e-13,0.1198055821194806,13,0.0634000796997129,3654,0.39865927431928394,0.0,2.127659574468085,4,2
1054,PHYHIP,Phyhip,9796,homologene,0.2381751748083431,0.24001051524710829,0.2359358569926393,0.23796446499860313,tau,-0.111459192338715,3.491301936558019e-11,0.111459192338715,8,0.04032447499564832,3654,0.762119803714544,0.1984908394902251,2.7079303675048356,8,3
1055,SNED1,Sned1,25992,homologene,0.23798192061722945,0.056782334384858045,0.5097266035751841,0.17012779446364454,peak_v_long_square,0.0622756268598194,0.0003837217170948,0.0622756268598194,2,0.018636993917623287,3654,2.1455862645502717,0.6816870968383508,7.2727272727272725,8,3
1056,STX1A,Stx1a,6804,homologene,0.23755135223594886,0.3264984227129338,0.1377497371188223,0.21207327011770424,upstroke_downstroke_ratio_long_square,0.1133732752445588,1.2015071691169964e-11,0.1133732752445588,12,0.05261270888514359,3654,0.6491692434772455,0.20242914979757085,2.272727272727273,5,3
1057,DIRAS2,Diras2,54769,homologene,0.23700452503656275,0.3015247108307046,0.16285488958990538,0.22159596903139403,latency,-0.114496249746867,2.3372583303176788e-11,0.114496249746867,11,0.04604047346402365,3654,0.7075569859783881,0.42004255452954187,2.5,6,3
1058,VDAC1,Vdac1,7416,homologene,0.23054632382467372,0.2542060988433228,0.20228706624605677,0.2267655307952928,threshold_i_long_square,0.0965823143150103,1.031127852178266e-08,0.0965823143150103,11,0.04678264709325185,3654,0.5534675143810849,0.3319175345011282,2.127659574468085,8,2
1059,PPIA,Ppia,5478,homologene,0.23047922545068356,0.3803890641430074,0.07373817034700315,0.16747893482439571,upstroke_downstroke_ratio_long_square,0.1429018564459588,9.419449178583048e-18,0.1429018564459588,11,0.05651934758046026,3654,0.2588991572363411,0.0,1.7408123791102514,4,1
1060,HNRNPA2B1,Hnrnpa2b1,3181,homologene,0.23035517430658828,0.2397476340694006,0.21898002103049422,0.22912865807342514,threshold_i_short_square,-0.0922732979953678,6.31739642305386e-08,0.0922732979953678,11,0.04154688174485058,3654,1.0034368406410927,0.7200539627732336,3.288201160541586,6,3
1061,MIR99AHG,Mir99ahg,388815,same-symbol,0.23031503951938448,0.46161934805467925,0.015772870662460567,0.08532914081458821,upstroke_downstroke_ratio_long_square,0.155472589640561,8.406897078814094e-21,0.155472589640561,13,0.06083279418833839,3654,0.07859319451498223,0.0,0.5586592178770949,2,0
1062,PGM2L1,Pgm2l1,283209,homologene,0.2295787679425027,0.1602260778128286,0.3204521556256572,0.22659389228874907,upstroke_downstroke_ratio_long_square,-0.0979185290389167,5.198473541202032e-09,0.0979185290389167,4,0.028495183951695178,3654,1.1847121108114391,0.47053419784868133,5.029013539651838,7,4
1063,MTURN,Mturn,222166,same-symbol,0.2287708246195047,0.4012881177707676,0.05375920084121977,0.14687725664116194,tau,0.1615343112822993,3.4109774993644767e-22,0.1615343112822993,10,0.04802678661574688,3654,0.23310874390017075,0.09560229445506692,0.7490636704119851,5,0
1064,DYNLL1,Dynll1,8655,homologene,0.2287061061677909,0.43769716088328076,0.027733964248159836,0.11017748141729312,upstroke_downstroke_ratio_long_square,0.1232463629594531,1.5759038141368938e-13,0.1232463629594531,15,0.07236881179940133,3654,0.11449253651282287,0.0,0.7736943907156673,3,0
1065,PNMA2,Pnma2,10687,homologene,0.22550920024005636,0.15049947423764456,0.3245268138801262,0.22100025987536062,threshold_i_short_square,0.0855639527270788,5.557786446229749e-07,0.0855639527270788,7,0.031741244224033044,3654,0.8031559442880868,0.36429570601767447,3.481624758220503,9,3
1066,ATP1B1,Atp1b1,481,homologene,0.22518348983697803,0.21319663512092535,0.24001051524710829,0.2262066184803686,avg_isi,-0.1018227225980695,2.0576621924487492e-09,0.1018227225980695,8,0.042188800578440835,3654,0.7224408247230804,0.3319175345011282,2.9013539651837523,8,3
1067,TUBA1B,Tuba1b,10376,homologene,0.22442884865602591,0.26643007360672977,0.17521030494216613,0.2160585440161969,tau,0.1083821194053207,1.219827628112691e-10,0.1083821194053207,10,0.043118312619688626,3654,0.6835761531890813,0.4562222567546568,2.127659574468085,7,3
1068,ZFAND5,Zfand5,7763,homologene,0.2236412437026033,0.18362250262881177,0.27457939011566773,0.22454165489577146,threshold_i_long_square,0.0853102422281463,4.649872045224895e-07,0.0853102422281463,9,0.03847624790448366,3654,0.5705071042334436,0.3171491732930054,2.514506769825919,9,1
1069,TUBB2A,Tubb2a,7280,homologene,0.2235475301972437,0.28023133543638273,0.15812302839116718,0.21050184656981477,upstroke_downstroke_ratio_long_square,0.0969148610555645,7.488272779860053e-09,0.0969148610555645,12,0.04706423664391216,3654,0.5505408119538183,0.26665752997386594,1.9342359767891684,7,2
1070,RPS24,Rps24,6229,homologene,0.2228176938935887,0.27129337539432175,0.16640378548895898,0.2124717502250413,fast_trough_v_long_square,0.1031241528810951,1.0103859315248495e-09,0.1031241528810951,11,0.041835232663626966,3654,0.4971376033986036,0.14250660965206505,3.288201160541586,6,1
1071,RUNDC3A,Rundc3a,10900,homologene,0.2226352002402895,0.21950578338590956,0.226472134595163,0.22296175304161564,upstroke_downstroke_ratio_long_square,0.1031379755167048,7.385312520353554e-10,0.1031379755167048,8,0.038073490055779716,3654,0.6321115117215899,0.1928785590465066,2.7079303675048356,8,2
1072,REEP1,Reep1,65055,homologene,0.22148345780553633,0.17455310199789698,0.28167718191377494,0.22173774118330722,threshold_i_long_square,-0.0881316507249771,1.87191528075454e-07,0.0881316507249771,8,0.04113814329142651,3654,0.6753543498587457,0.37910759502725283,2.5,9,2
1073,MEG3,Meg3,55384,same-symbol,0.2175315840249096,0.46017350157728715,0.004337539432176656,0.04467684756934278,upstroke_downstroke_ratio_long_square,-0.1921061699577675,3.362135191006054e-31,0.1921061699577675,10,0.05344033948446476,3654,0.0,0.0,0.0,0,0
1074,SPOCK2,Spock2,9806,homologene,0.21730740374167726,0.17534174553102,0.27089905362776023,0.21794474741501085,tau,0.0883426535104371,1.8385829519367825e-07,0.0883426535104371,8,0.0372100230597586,3654,1.0180501516847407,0.32049711356575095,4.061895551257253,7,3
1075,NAP1L1,Nap1l1,4673,homologene,0.2167425022173052,0.21043638275499477,0.22450052576235544,0.21735472980366585,tau,0.0896710701634016,1.1788043630747013e-07,0.0896710701634016,10,0.03996939210080191,3654,0.7470566145003597,0.6277159742742917,2.3210831721470018,8,2
1076,FTX,Ftx,100302692,same-symbol,0.21650434313604916,0.4579390115667718,0.004337539432176656,0.04456824564870009,upstroke_downstroke_ratio_long_square,0.1771038587955899,1.1532107261317728e-26,0.1771038587955899,11,0.05566979623420403,3654,0.0,0.0,0.0,0,0
1077,REEP5,Reep5,7905,homologene,0.21584230293402798,0.3121713985278654,0.10962145110410093,0.18498832855026612,threshold_i_long_square,-0.1338350958033252,1.2748814782938308e-15,0.1338350958033252,9,0.049248115130177975,3654,0.49322598629070075,0.09560229445506692,1.8181818181818181,5,3
1078,DOK6,Dok6,220164,homologene,0.21574954743612862,0.1315720294426919,0.32847003154574134,0.20788811572953902,peak_v_long_square,0.0773033453952313,8.561210343302698e-06,0.0773033453952313,7,0.03021541115082539,3654,1.354836996709977,0.47904832804740005,4.7727272727272725,7,4
1079,RPS19,Rps19,6223,homologene,0.21325294033330672,0.3452944269190326,0.07400105152471083,0.15985040093046632,fast_trough_v_long_square,0.1440023945321491,8.056119259139849e-18,0.1440023945321491,9,0.050838142208617466,3654,0.2502404048688672,0.08833922261484099,1.3636363636363635,5,1
1080,ABI1,Abi1,10006,homologene,0.213022976889214,0.17034700315457416,0.2676130389064143,0.21351130926205322,upstroke_downstroke_ratio_long_square,-0.0859658237245954,3.1331455533049537e-07,0.0859658237245954,8,0.03539626397272006,3654,0.8780463249883544,0.3026230296125535,3.288201160541586,8,2
1081,RTF1,Rtf1,23168,homologene,0.21168243786212643,0.06348580441640378,0.42889064143007366,0.16501050687109478,threshold_i_short_square,0.0607195955050996,0.0004538295735463,0.0607195955050996,4,0.024810654910952537,3654,1.2425305924257735,0.5786356771395198,5.222437137330754,9,3
1082,DPY19L1,Dpy19l1,23333,homologene,0.2109372382962884,0.12315983175604628,0.32925867507886436,0.20137388864232533,vrest,0.0847772871107559,2.26056767307908e-06,0.0847772871107559,5,0.02697403155567021,3654,1.2021236737631156,0.5333150599477319,4.061895551257253,8,3
1083,HSP90AA1,Hsp90aa1,3320,homologene,0.20884906405418127,0.08293901156677182,0.38761829652996843,0.179300525318225,latency,-0.0717320977211611,4.241405899741108e-05,0.0717320977211611,3,0.026116121564445142,3654,1.2308914377586901,0.5682327745471896,3.8684719535783367,9,4
1084,COX6C,Cox6c,1345,same-symbol,0.2087116120064239,0.31059411146161936,0.09752891692954783,0.17404570461676724,tau,-0.1330716870909679,2.0027279345039987e-15,0.1330716870909679,9,0.04966781108086853,3654,0.3195585593778011,0.04690431519699812,1.9342359767891684,5,1
1085,G3BP2,G3bp2,9908,homologene,0.20866476878553483,0.06874342797055731,0.41167192429022076,0.16822526348603384,tau,0.0625431573995805,0.0002589373696535,0.0625431573995805,4,0.021112503928880734,3654,1.1430057120141328,0.7285914120353489,5.029013539651838,9,3
1086,TESPA1,Tespa1,9840,homologene,0.208060309206052,0.007229232386961093,0.5491587802313355,0.06300790775476059,latency,-0.0311841205561841,0.0927012632401161,0.0311841205561841,0,0.013085584236402178,3654,1.9693005841233056,0.6983308667143655,7.045454545454546,9,5
1087,NRGN,Nrgn,4900,same-symbol,0.20777468235568558,0.4022082018927445,0.02234490010515247,0.09480138233573586,fast_trough_v_long_square,0.1427552998015565,1.5517764437337418e-17,0.1427552998015565,12,0.05833146389300861,3654,0.0994809437912474,0.0,0.5802707930367504,3,0
1088,PEBP1,Pebp1,5037,homologene,0.20679319379763716,0.29192954784437436,0.11211882229232388,0.1809165473267768,upstroke_downstroke_ratio_long_square,0.1177324430448353,1.852798492856525e-12,0.1177324430448353,10,0.040984259881134216,3654,0.31471576912966437,0.18923525325656504,1.1605415860735009,7,1
1089,FRRS1L,Frrs1l,23732,homologene,0.20490583283500602,0.2920609884332282,0.10830704521556256,0.17785461107303216,upstroke_downstroke_ratio_long_square,0.101541154256368,1.3552361532782967e-09,0.101541154256368,12,0.051724407036298645,3654,0.5071062614907758,0.17667844522968199,1.7408123791102514,5,2
1090,HPCAL1,Hpcal1,3241,homologene,0.203398902853913,0.3228180862250263,0.07636698212407993,0.15701160154611593,upstroke_downstroke_ratio_long_square,0.1419374512624622,1.5678367016483332e-17,0.1419374512624622,8,0.048280049701501654,3654,0.28972399182101155,0.18561548720628068,0.9090909090909091,6,0
1091,SERINC3,Serinc3,10955,homologene,0.20249527346196902,0.09976340694006308,0.34437434279705575,0.18535360179985566,trough_v_long_square,0.0754762933254246,1.0338158903646516e-05,0.0754762933254246,4,0.030625328009574952,3654,1.0579700289018636,0.3969816789804502,5.029013539651838,8,2
1092,RBM5,Rbm5,10181,homologene,0.20237713643070512,0.05283911671924291,0.42468454258675076,0.14979972000841527,threshold_v_short_square,0.0614996599838969,0.0006777879594975,0.0614996599838969,2,0.02417090918409234,3654,1.3483073805730226,0.5138511849235381,4.7727272727272725,9,3
1093,TPST1,Tpst1,8460,homologene,0.20182407230544247,0.1398527865404837,0.2831230283911672,0.19898629212658145,threshold_v_short_square,0.0872229891031972,8.863170606385227e-07,0.0872229891031972,6,0.03435245463223763,3654,0.8827123844036515,0.516906836610266,3.6750483558994196,8,2
1094,SPIN1,Spin1,10927,homologene,0.20174939166967268,0.18073080967402733,0.22804942166140904,0.20301614867433607,upstroke_downstroke_ratio_long_square,-0.0768199030339895,5.01102594428312e-06,0.0768199030339895,10,0.03513605692766889,3654,0.6705572295918613,0.31739139082067636,2.7079303675048356,8,2
1095,CDK5R1,Cdk5r1,8851,homologene,0.20067394234694094,0.24697686645636172,0.14695057833859096,0.1905082501153567,upstroke_downstroke_ratio_long_square,0.1071410265030665,1.5542159529934088e-10,0.1071410265030665,9,0.037389790601717474,3654,0.5763545498088753,0.3119219830415211,2.3210831721470018,6,3
1096,BSG,Bsg,682,homologene,0.20034574021143634,0.1636435331230284,0.24710830704521558,0.20109121420124054,ri,0.0903579467427203,9.261511407984517e-08,0.0903579467427203,7,0.03409839826692085,3654,0.778803510356987,0.4560080541682294,2.9545454545454546,8,3
1097,PJA2,Pja2,9867,homologene,0.2002817301996282,0.11750788643533124,0.3117770767613039,0.19140602218636396,upstroke_downstroke_ratio_long_square,-0.0631111500876034,0.000185374216891,0.0631111500876034,8,0.03140468565556176,3654,1.1219639677744702,0.5697870507588644,5.029013539651838,7,3
1098,SULT4A1,Sult4a1,25830,homologene,0.19989175693395353,0.1694269190325973,0.23843322818086224,0.20099006752991486,upstroke_downstroke_ratio_long_square,-0.0796269806013775,2.2064344134035248e-06,0.0796269806013775,9,0.033632035701126856,3654,0.9215902777156003,0.3805441838373329,3.409090909090909,7,4
1099,PDXK,Pdxk,8566,homologene,0.19978411674957633,0.2383017875920084,0.1547055730809674,0.19200680877416984,threshold_i_short_square,0.1048930050033601,6.625362682180184e-10,0.1048930050033601,9,0.03604947658477436,3654,0.523642966664607,0.22715915928165697,1.9342359767891684,7,2
1100,SYT11,Syt11,23208,homologene,0.19760468970233325,0.14550473186119875,0.26524710830704523,0.19645536228663996,upstroke_downstroke_ratio_long_square,-0.0826549512356537,8.87697947227077e-07,0.0826549512356537,7,0.03484212957438096,3654,0.9072814712968114,0.5386960521309438,3.094777562862669,8,4
1101,CHCHD10,Chchd10,400916,homologene,0.19700255623544505,0.37131966351209256,0.027602523659306,0.10123912187123156,tau,-0.139986768058893,5.985734066781482e-17,0.139986768058893,11,0.06693541296773889,3654,0.11870904490630274,0.0,0.45454545454545453,4,0
1102,MORF4L1,Morf4l1,10933,homologene,0.1965181186325215,0.18874868559411148,0.20609884332281805,0.197233074760925,upstroke_downstroke_ratio_long_square,0.0921797200386074,3.97192075764937e-08,0.0921797200386074,8,0.034471779837413404,3654,0.7107564607960298,0.26665752997386594,3.094777562862669,7,3
1103,RPL3,Rpl3,6122,homologene,0.1943780742647136,0.23422712933753945,0.14787066246056782,0.18610567100811048,fast_trough_v_long_square,0.108408619007011,1.2950743081232352e-10,0.108408619007011,8,0.04552968374786416,3654,0.5200946205747374,0.3531037436645285,1.7408123791102514,7,2
1104,EIF4A2,Eif4a2,1974,homologene,0.1943749697055627,0.10922712933753943,0.30980546792849634,0.1839542386434811,adaptation,-0.0671528111154571,9.379962549474454e-05,0.0671528111154571,7,0.0282484682671568,3654,1.0205047607034146,0.8093649446275935,4.061895551257253,8,5
1105,CDR2,Cdr2,1039,homologene,0.1936450331387583,0.07794426919032597,0.3576498422712934,0.16696333604079466,upstroke_downstroke_ratio_long_square,-0.0622910547800235,0.0002248044383109,0.0622910547800235,5,0.024322479169608894,3654,0.9535493744382029,0.37123097441256137,3.8684719535783367,9,3
1106,PRKAR1A,Prkar1a,5573,homologene,0.1934150211122475,0.07347528916929548,0.3646161934805468,0.16367736633936583,avg_isi,-0.0642472782473457,0.0001960173007601,0.0642472782473457,4,0.021476567653424275,3654,0.9243324798057632,0.43695072578256144,4.25531914893617,9,2
1107,MTCH1,Mtch1,23787,homologene,0.19297974985935917,0.22042586750788642,0.16048895899053628,0.18808486917061287,tau,0.0980583257211478,6.3749509811812474e-09,0.0980583257211478,9,0.038782934717410726,3654,0.526410704693202,0.2848935253794322,2.127659574468085,7,1
1108,LCORL,Lcorl,254251,homologene,0.19217502714815776,0.16732386961093584,0.22344900105152474,0.19336067727601491,threshold_i_short_square,0.0918940003202495,7.167310998654923e-08,0.0918940003202495,7,0.035520876937367434,3654,0.5447763551358863,0.18923525325656504,2.9013539651837523,8,2
1109,HPSE2,Hpse2,60495,homologene,0.19210631274229867,0.0024973711882229233,0.5249737118822292,0.0362084827440908,peak_v_long_square,0.0246933406138568,0.1908626166121937,0.0246933406138568,0,0.009647198724353823,3654,1.8670940278145107,1.062437555408581,6.576402321083172,9,6
1110,AAK1,Aak1,22848,same-symbol,0.18956792383558388,0.0870136698212408,0.3325446898002103,0.1701056549297596,threshold_i_long_square,0.062884071922953,0.0002314219167738,0.062884071922953,6,0.030970032804056333,3654,1.3554044768024665,0.5011791059588565,4.835589941972921,7,4
1111,PPP3CB,Ppp3cb,5532,homologene,0.18925728739741898,0.0708464773922187,0.35856992639327023,0.15938449166637997,threshold_v_ramp,0.0611117407184588,0.0006047531533744,0.0611117407184588,5,0.024458877742011133,3654,1.1825248863299198,0.3909622522273945,5.029013539651838,8,3
1112,GDAP1,Gdap1,54332,homologene,0.1884434268487101,0.17455310199789695,0.2057045215562566,0.18948974202483324,threshold_i_short_square,0.088556642951963,2.1412598740459347e-07,0.088556642951963,8,0.043646481642881714,3654,0.830713390368305,0.38216978997087186,2.7079303675048356,7,4
1113,NEFL,Nefl,4747,homologene,0.18781319871368887,0.3807833859095689,0.010646687697160885,0.06367167180188277,upstroke_downstroke_ratio_long_square,-0.1351795553013475,5.046630402462299e-16,0.1351795553013475,12,0.06135168668156557,3654,0.03806895152819131,0.0,0.19342359767891681,2,0
1114,GPR137C,Gpr137c,283554,homologene,0.18754738788985992,0.21740273396424814,0.15233964248159831,0.1819864136869442,upstroke_downstroke_ratio_long_square,-0.0827643256768703,8.596755697508334e-07,0.0827643256768703,11,0.047653223362160914,3654,0.5068703730120397,0.3279788631939906,1.9342359767891684,7,2
1115,RPS12,Rps12,6206,homologene,0.18723846047547335,0.2465825446898002,0.11974237644584647,0.1718324180450849,trough_v_long_square,0.0937019825659225,3.5403580505535987e-08,0.0937019825659225,11,0.04028595845344054,3654,0.2930745368645102,0.18197218141633914,1.5473887814313345,7,1
1116,PRKAR1B,Prkar1b,5575,homologene,0.187150983944234,0.05901682439537329,0.3739484752891693,0.14855723307553387,avg_isi,0.0584915211391671,0.0007243188573407,0.0584915211391671,4,0.02664278643838805,3654,1.0678757957676606,0.590450608061557,4.061895551257253,9,3
1117,UQCRHL,Uqcrh,440567,homologene,0.18675007494363524,0.39327024185068343,0.004337539432176656,0.041301636547829305,threshold_i_long_square,0.1394563944049485,7.44440633089687e-17,0.1394563944049485,12,0.0704618065775951,3654,0.0,0.0,0.0,0,0
1118,PCMT1,Pcmt1,5110,same-symbol,0.18626317301546763,0.19190325972660358,0.17941640378548895,0.18555482406787455,upstroke_downstroke_ratio_long_square,-0.0928004321810501,3.2110279416870396e-08,0.0928004321810501,8,0.03219252718213236,3654,0.46022038382122743,0.2739547098211217,1.7408123791102514,8,1
1119,PDP1,Pdp1,54704,homologene,0.18621484575811204,0.009332281808622502,0.48172975814931657,0.06704951795985549,latency,-0.0353535031988624,0.0542055128602217,0.0353535031988624,0,0.017417803860822513,3654,1.2013072099327486,0.590450608061557,3.6750483558994196,10,4
1120,CTXN1,Ctxn1,404217,homologene,0.18408658862599034,0.3874868559411146,0.004337539432176656,0.040996823256134615,upstroke_downstroke_ratio_long_square,0.1456388168637816,2.1477880252651297e-18,0.1456388168637816,11,0.05668454144666847,3654,0.0,0.0,0.0,0,0
1121,BLCAP,Blcap,10904,homologene,0.18351725311366873,0.259726603575184,0.09884332281808622,0.1602255925925288,upstroke_downstroke_ratio_long_square,-0.0981103397189243,4.860659368125588e-09,0.0981103397189243,11,0.04714476712557539,3654,0.2431106160521849,0.1909092233929378,0.9671179883945842,7,0
1122,RPL32,Rpl32,6161,same-symbol,0.1835120213099915,0.26905888538380657,0.08964248159831756,0.15530327163933705,fast_trough_v_long_square,0.129747544898336,1.0912354689503448e-14,0.129747544898336,7,0.0395295479152144,3654,0.22331177007215866,0.1923140932945253,0.6818181818181818,7,0
1123,RPS27A,Rps27a,6233,homologene,0.18311889890819677,0.3096740273396425,0.05231335436382756,0.12727956289008988,trough_v_long_square,0.1164695208285272,5.520704352099208e-12,0.1164695208285272,11,0.0481004413683167,3654,0.203641222884455,0.09363295880149813,0.7736943907156673,5,0
1124,USP22,Usp22,23326,homologene,0.18307843900317963,0.07689274447949528,0.33280757097791797,0.15997027072567743,vrest,0.0642378723178441,0.0004397983451966,0.0642378723178441,5,0.025065140077913863,3654,0.9493305376051596,0.4285676139954251,5.029013539651838,8,2
1125,GPX4,Gpx4,2879,homologene,0.18307130798748947,0.25144584647739227,0.106335436382755,0.1635163716934935,fast_trough_v_long_square,0.1218267215204033,4.2349785593969497e-13,0.1218267215204033,7,0.04319337050581862,3654,0.26665408397275175,0.18561548720628068,1.1605415860735009,7,1
1126,RPS8,Rps8,6202,homologene,0.18230024928014474,0.24802839116719244,0.10830704521556256,0.1639000371473062,fast_trough_v_long_square,0.102437682489346,1.3046986744547815e-09,0.102437682489346,10,0.04169846518373156,3654,0.38301109781328446,0.09363295880149813,2.127659574468085,5,2
1127,GNB1,Gnb1,2782,homologene,0.18188993816859977,0.18782860147213457,0.17468454258675079,0.1811373880038821,threshold_v_short_square,0.0821762068277282,4.006353955049655e-06,0.0821762068277282,10,0.04191705837438697,3654,0.6735443780022582,0.3662322427433084,2.127659574468085,7,3
1128,KLC1,Klc1,3831,homologene,0.18173305073431345,0.008017875920084122,0.4737118822292324,0.06162923895022141,threshold_v_short_square,0.0322817136012622,0.0855119279791289,0.0322817136012622,0,0.0114166639193177,3654,1.1865909866603013,0.6326864993979114,3.481624758220503,10,4
1129,NAPB,Napb,63908,homologene,0.18173224746886207,0.18677707676130387,0.17560462670872765,0.18110471789110336,fast_trough_v_long_square,-0.0863681077391016,3.4819242634969645e-07,0.0863681077391016,9,0.03560215809039805,3654,0.5828883741696627,0.22154687883793844,3.288201160541586,6,1
1130,RPL37A,Rpl37a,6168,homologene,0.1811237209843585,0.3580441640378549,0.015115667718191379,0.0735668173297841,fast_trough_v_long_square,0.1549143369904332,1.91835315661626e-20,0.1549143369904332,8,0.053241854114423975,3654,0.057559338764978873,0.0,0.19455252918287938,3,0
1131,RPL21,Rpl21,6144,homologene,0.18101759639715903,0.2595951629863302,0.09411146161934804,0.15630380743269312,upstroke_downstroke_ratio_long_square,0.1240216466943325,1.1029986876152922e-13,0.1240216466943325,7,0.039369790231508134,3654,0.34821881166338275,0.04690431519699812,1.7408123791102514,5,1
1132,ENTPD3,Entpd3,956,homologene,0.17984232995395413,0.11093585699263932,0.27195057833859093,0.1736924594437982,tau,0.0734985574729387,1.580800931572148e-05,0.0734985574729387,6,0.02687157488520603,3654,1.1557817383106126,0.45431831856331395,4.318181818181818,6,3
1133,STMN3,Stmn3,50861,homologene,0.17426890514738846,0.25262881177707674,0.08793375394321766,0.14904562983788863,peak_v_long_square,-0.0889914111435032,2.524293973835708e-07,0.0889914111435032,12,0.04451229151052685,3654,0.38273087198400135,0.09727626459143969,1.3636363636363635,5,2
1134,ATP6V0B,Atp6v0b,533,homologene,0.17326015121353933,0.18874868559411148,0.1547055730809674,0.1708814605892528,ri,0.0721373695080724,2.297943803391152e-05,0.0721373695080724,11,0.036658867854537244,3654,0.36444564001457413,0.26665752997386594,1.1605415860735009,8,1
1135,COX7C,Cox7c,1350,same-symbol,0.17139609455907978,0.3013932702418507,0.0396950578338591,0.10937926354198124,tau,-0.121833042543509,3.952790201717466e-13,0.121833042543509,10,0.048051532214747734,3654,0.2023177342529598,0.0,0.6818181818181818,4,0
1136,SYP,Syp,6855,homologene,0.17139325817225917,0.16298633017875921,0.18178233438485805,0.17212796278558604,ri,0.0933265415023182,3.3881483702160895e-08,0.0933265415023182,6,0.03195042720757995,3654,0.6153734704666156,0.3171491732930054,2.514506769825919,7,2
1137,SNX3,Snx3,8724,homologene,0.17125442649902803,0.2730021030494217,0.0632229232386961,0.13137728496622308,fast_trough_v_long_square,0.1312019689310308,5.426167571275376e-15,0.1312019689310308,7,0.038320042251390754,3654,0.30466715792191146,0.0,1.1605415860735009,4,2
1138,CALM1,Calm1,801,same-symbol,0.17120354763243434,0.2511829652996846,0.08346477392218717,0.1447927118740538,upstroke_downstroke_ratio_long_square,0.1211744956158856,4.0319819967295514e-13,0.1211744956158856,7,0.03684380760643676,3654,0.2746699802804581,0.21485093853514906,1.1605415860735009,6,1
1139,PCSK1N,Pcsk1n,27344,homologene,0.17080340241449493,0.32018927444794953,0.02510515247108307,0.08965712774019273,upstroke_downstroke_ratio_long_square,0.1405744257513595,3.2198855032156856e-17,0.1405744257513595,8,0.046970846327631405,3654,0.13662027381865727,0.0,0.5802707930367504,3,0
1140,BAALC,Baalc,79870,homologene,0.1697045513069105,0.19426919032597265,0.14064143007360672,0.16529457567230232,vrest,0.0956438386903996,7.702519750472965e-08,0.0956438386903996,8,0.036635662980173324,3654,0.5272084616440662,0.3765011708595613,1.3636363636363635,7,2
1141,TASP1,Tasp1,55617,homologene,0.16930674066268195,0.05638801261829653,0.3329390115667718,0.13701740468039197,adaptation,-0.0569021889659594,0.001020151231368,0.0569021889659594,4,0.02766822628123848,3654,0.8687019994708101,0.6076598153175343,3.481624758220503,9,3
1142,PSAP,Psap,5660,homologene,0.1690817745019997,0.07676130389064144,0.29797581493165093,0.15123826262566623,ri,0.0587857133400826,0.0006228912726683,0.0587857133400826,6,0.026293532400797615,3654,1.087488773497055,0.5661364923037482,3.481624758220503,8,4
1143,PAIP2,Paip2,51247,homologene,0.1688107008769812,0.2697160883280757,0.061777076761303895,0.1290824213144538,threshold_i_long_square,0.0933312171177043,3.2493746059157375e-08,0.0933312171177043,12,0.05220982074189184,3654,0.22662627895814014,0.09363295880149813,1.1363636363636365,5,1
1144,SEC62,Sec62,7095,homologene,0.16866349926220411,0.17915352260778128,0.15601997896950578,0.1671871072468775,threshold_i_long_square,-0.0758282048993407,7.96482676290918e-06,0.0758282048993407,10,0.03988961806323685,3654,0.5275513154834399,0.3926021143567374,1.9342359767891684,7,1
1145,DSTN,Dstn,11034,homologene,0.16854716933148198,0.2120136698212408,0.1184279705573081,0.1584561410843289,tau,0.1067390693232411,2.3563544105877353e-10,0.1067390693232411,7,0.03582183121108732,3654,0.43794352927650565,0.0,2.7079303675048356,4,2
1146,RPS28,Rps28,6234,homologene,0.16701166780958931,0.2927181913774974,0.03943217665615142,0.10743609930031253,fast_trough_v_long_square,0.1242538691827644,1.4006586878162821e-13,0.1242538691827644,9,0.046157807757589125,3654,0.13432999056614175,0.08833922261484099,0.5586592178770949,5,0
1147,ADK,Adk,132,homologene,0.16686763108580746,0.18073080967402735,0.15023659305993692,0.16477979580758606,upstroke_downstroke_ratio_long_square,-0.0947015124579942,1.6549011878454447e-08,0.0947015124579942,7,0.02718758456721967,3654,0.5389194454966048,0.3319175345011282,1.7408123791102514,7,3
1148,FKBP8,Fkbp8,23770,homologene,0.1668448602617443,0.0314143007360673,0.37434279705573087,0.10844222980504106,upstroke_downstroke_ratio_long_square,0.0458075984374837,0.0071037554286723,0.0458075984374837,3,0.02379351238528857,3654,1.1689550699470137,0.6151370897441877,3.6750483558994196,9,4
1149,TPI1,Tpi1,7167,homologene,0.16521856008326058,0.13866982124079918,0.19886961093585698,0.1660638834867551,peak_v_long_square,-0.0816828880382879,2.404921848220232e-06,0.0816828880382879,7,0.03252318181845219,3654,0.6267940681388364,0.5312187777042905,1.7408123791102514,8,2
1150,PTMS,Ptms,5763,same-symbol,0.16471556046123115,0.24355941114616195,0.07847003154574132,0.13824657202224402,f_i_curve_slope,-0.1012097176447723,2.3114954171463477e-09,0.1012097176447723,10,0.04290013425684955,3654,0.2275269183643201,0.13524353781183912,1.1605415860735009,6,1
1151,SAT1,Sat1,6303,homologene,0.16423653686764064,0.17810199789695058,0.14760778128286015,0.16213957182505911,threshold_i_short_square,0.0827697396286575,1.31115090728727e-06,0.0827697396286575,9,0.041069755063630496,3654,0.46120137222666224,0.2832195552430594,1.9342359767891684,7,1
1152,KCNQ1OT1,Kcnq1ot1,10984,same-symbol,0.16330698962657283,0.3424027339642482,0.004337539432176656,0.03853810270699661,upstroke_downstroke_ratio_long_square,-0.1373454119291134,1.6993614301164252e-16,0.1373454119291134,10,0.04454361164202874,3654,0.0,0.0,0.0,0,0
1153,TPPP,Tppp,11076,homologene,0.16289439686378304,0.10856992639327023,0.23462145110410093,0.15960211050188056,threshold_i_short_square,0.0731142903957978,2.0812528237249064e-05,0.0731142903957978,6,0.02964087878177174,3654,0.48202321377411456,0.3026230296125535,1.5473887814313345,9,1
1154,RPS6,Rps6,6194,homologene,0.16141369115542198,0.12407991587802314,0.20951629863301788,0.1612351224437766,fast_trough_v_long_square,0.0661279610524912,0.0001062644813581,0.0661279610524912,8,0.02849658599668305,3654,0.6908596996097291,0.19681686935385234,3.288201160541586,7,3
1155,RPL31,Rpl31,6160,homologene,0.16021826630687727,0.24224500525762357,0.07124079915878023,0.13136867117686782,fast_trough_v_long_square,0.1178586558950498,2.465123840455543e-12,0.1178586558950498,7,0.040931062897008166,3654,0.25473381795215394,0.08833922261484099,1.3539651837524178,5,1
1156,DYNLT3,Dynlt3,6990,homologene,0.15858918987866433,0.2614353312302839,0.050998948475289164,0.11546829429342674,upstroke_downstroke_ratio_long_square,-0.1066238592208718,1.9070477030059144e-10,0.1066238592208718,10,0.03862471331356305,3654,0.19132655657605235,0.04690431519699812,0.7736943907156673,5,0
1157,NPTN,Nptn,27020,same-symbol,0.1579949101877247,0.10094637223974763,0.2338328075709779,0.15363780014998007,threshold_v_short_square,0.0707323983328362,8.555246190539907e-05,0.0707323983328362,6,0.030484129563864346,3654,0.8517996188348664,0.2739547098211217,3.481624758220503,7,2
1158,PDGFD,Pdgfd,80310,homologene,0.15747128182800604,0.004337539432176656,0.4199526813880126,0.0426797529886107,threshold_v_ramp,0.0277395407798737,0.1415853334725652,0.0277395407798737,0,0.012706135568161088,3654,1.3366451989669903,0.5555328934620993,4.6421663442940035,9,4
1159,ATP6V1B2,Atp6v1b2,526,homologene,0.15699876393476853,0.006177707676130389,0.41180336487907465,0.05043808886416874,threshold_i_short_square,0.0291258309787171,0.1024130311186917,0.0291258309787171,0,0.013610703192530322,3654,1.0301015497318775,0.405274193321419,5.415860735009671,9,2
1160,UBC,Ubc,7316,homologene,0.15640272062755833,0.0341745531019979,0.34121976866456355,0.10798626349531021,vrest,0.0511702362029154,0.0059492696097817,0.0511702362029154,2,0.01470447433078529,3654,1.1222480324913717,0.8937812203155939,2.9013539651837523,9,5
1161,YWHAZ,Ywhaz,7534,homologene,0.15598844692974875,0.19729232386961093,0.1084384858044164,0.1462671557843904,tau,0.0838745542480097,7.680729659738731e-07,0.0838745542480097,10,0.04136299563463349,3654,0.288791923956802,0.21485093853514906,1.1605415860735009,7,1
1162,DNAJA1,Dnaja1,3301,homologene,0.15338022318131153,0.11211882229232388,0.20701892744479497,0.1523506427204377,upstroke_downstroke_ratio_long_square,-0.0679708599410108,5.585766482957575e-05,0.0679708599410108,7,0.02596752030316359,3654,0.6129077848327462,0.33526547477387375,2.127659574468085,8,2
1163,ACTG1,Actg1,71,homologene,0.15319808223811932,0.10541535226077813,0.21595688748685593,0.15088131550184783,upstroke_downstroke_ratio_long_square,0.0712220236696917,2.3910037584733624e-05,0.0712220236696917,6,0.02810997014595355,3654,0.799534604750843,0.8063416786543214,1.8181818181818181,8,4
1164,TESC,Tesc,54997,homologene,0.15187407034957562,0.1456361724500526,0.15956887486855942,0.1524434327152809,threshold_i_long_square,0.0753686518078793,9.050042521825738e-06,0.0753686518078793,8,0.03281321161969633,3654,0.47733043384871954,0.31739139082067636,2.3210831721470018,7,1
1165,NIPAL3,Nipal3,57185,homologene,0.15095341669076914,0.08845951629863302,0.23514721345951628,0.14422554822776795,threshold_v_short_square,0.0691577517505213,0.0001234577109369,0.0691577517505213,5,0.025276290307576506,3654,0.8604336270723,0.26665752997386594,3.481624758220503,7,3
1166,YWHAB,Ywhab,7529,homologene,0.15025191151495348,0.08451629863301786,0.23935331230283916,0.14222958912050876,avg_isi,0.0657393555019496,0.0001373900937931,0.0657393555019496,5,0.026201715379058178,3654,0.4733040965324723,0.3532173116555988,1.7408123791102514,9,1
1167,MLLT11,Mllt11,10962,homologene,0.14957155221855747,0.20491587802313357,0.08740799158780231,0.1338330502620828,tau,0.0923915676110096,4.725186552627056e-08,0.0923915676110096,9,0.037731756598635875,3654,0.3092839573071541,0.2722807396847489,1.1605415860735009,6,1
1168,LY6E,Ly6e,4061,homologene,0.14932187094956337,0.2519716088328076,0.04311251314405889,0.10422633687189665,upstroke_downstroke_ratio_long_square,-0.1212221972790311,3.9511476525364664e-13,0.1212221972790311,7,0.034176754467713316,3654,0.1593313139597763,0.08833922261484099,0.5802707930367504,5,0
1169,RPL13,Rpl13,6137,homologene,0.14924814211384346,0.27917981072555204,0.02234490010515247,0.0789825612527084,fast_trough_v_long_square,0.1259581778888849,6.396288521537828e-14,0.1259581778888849,8,0.03725429726225319,3654,0.0994809437912474,0.0,0.5802707930367504,3,0
1170,FTH1,Fth1,2495,homologene,0.1488715309306207,0.2020241850683491,0.08898527865404837,0.13407900060473332,trough_v_long_square,0.1035850636732948,9.729810150104392e-10,0.1035850636732948,7,0.037734486679398146,3654,0.29294430936361254,0.18923525325656504,1.3539651837524178,6,1
1171,NRN1,Nrn1,51299,homologene,0.1486156875281182,0.1564143007360673,0.1391955835962145,0.14755398969106423,upstroke_downstroke_ratio_long_square,0.0804852182343706,1.713164208347533e-06,0.0804852182343706,8,0.031871963931649455,3654,0.6111756808230167,0.17284889957986965,1.9342359767891684,6,4
1172,EIF1,Eif1,10209,same-symbol,0.1482652030222743,0.2468454258675079,0.04560988433228181,0.10610650932798553,fast_trough_v_long_square,0.1130803708743855,1.9002783156479672e-11,0.1130803708743855,8,0.03831366120817184,3654,0.23706672158022019,0.0,0.7736943907156673,4,0
1173,RPL15,Rpl15,6138,homologene,0.14797011423177395,0.1673238696109359,0.125,0.14462186453426393,fast_trough_v_long_square,0.0783656284636189,4.001688073172948e-06,0.0783656284636189,9,0.03748261225660879,3654,0.4057321045224402,0.2722807396847489,1.3539651837524178,7,1
1174,COX5B,Cox5b,1329,same-symbol,0.14758699271555809,0.23054679284963198,0.05875394321766562,0.11638527903520357,threshold_i_long_square,0.0892337613974227,1.313021838221071e-07,0.0892337613974227,11,0.04633256138553741,3654,0.22433607989993914,0.04690431519699812,0.9671179883945842,5,0
1175,UQCRB,Uqcrb,7381,homologene,0.14683268046605275,0.14129863301787593,0.1536540483701367,0.14734689339230367,tau,-0.0816358026849309,1.52391280086063e-06,0.0816358026849309,7,0.03338798146522365,3654,0.5185991122742967,0.3749319033936144,1.9342359767891684,7,1
1176,FZD3,Fzd3,7976,homologene,0.14603371136926602,0.029442691903259727,0.3236067297581493,0.09761072298723446,threshold_v_short_square,0.0481775626014317,0.0086486178929581,0.0481775626014317,2,0.020644296696973218,3654,1.093312025567104,0.5333150599477319,4.25531914893617,8,4
1177,ATP6V1A,Atp6v1a,523,homologene,0.14564616591874324,0.009332281808622502,0.37053101997896953,0.058803910561118965,threshold_v_long_square,-0.0355377182709002,0.0561590872726315,0.0355377182709002,0,0.013284906558570078,3654,1.0729373665346345,0.7700263194531918,3.8684719535783367,9,4
1178,ARL4C,Arl4c,10123,homologene,0.1441897905675609,0.19742376445846477,0.08438485804416403,0.1290719812289717,upstroke_downstroke_ratio_long_square,0.0945040997769557,1.7739876923234217e-08,0.0945040997769557,8,0.03954524882929387,3654,0.31409241834566426,0.18955379751362642,1.1173184357541899,6,1
1179,PACSIN1,Pacsin1,29993,homologene,0.14395010758670396,0.039826498422712936,0.29784437434279704,0.10891326138252094,threshold_v_ramp,0.0514609063660717,0.0043090848702833,0.0514609063660717,3,0.01898505094222423,3654,1.1251917349770229,0.6441252628717757,3.409090909090909,8,4
1180,WSB1,Wsb1,26118,homologene,0.14381815994655706,0.078732912723449,0.23238696109358573,0.1352645641912501,threshold_i_short_square,-0.0664084663463764,0.0001175359442498,0.0664084663463764,4,0.02858824933185701,3654,0.7853460337660032,0.38216978997087186,3.6750483558994196,7,3
1181,MAF,Maf,4094,homologene,0.1432285786946668,0.1232912723449001,0.1683753943217666,0.1440805906342172,f_i_curve_slope,-0.0660144706241633,0.0001185773529734,0.0660144706241633,8,0.030996888810620977,3654,0.5802859405585443,0.32454899186416697,2.247191011235955,7,2
1182,ACTR2,Actr2,10097,homologene,0.1427213544824592,0.06953207150368033,0.2439537329127234,0.13024057893174928,latency,0.0640403591683647,0.0002824289603079,0.0640403591683647,4,0.02297748720080969,3654,0.8756825985323047,0.2414568443798775,4.448742746615087,6,3
1183,CCDC85B,Ccdc85b,11007,homologene,0.1422773126597579,0.28470031545741326,0.009989484752891693,0.05332925520204913,threshold_i_long_square,0.1071697752763361,1.880285407816776e-10,0.1071697752763361,11,0.0458260440507983,3654,0.022727272727272728,0.0,0.22727272727272727,1,0
1184,RPLP1,Rplp1,6176,same-symbol,0.14204489793296077,0.24881703470031546,0.03364879074658255,0.09150077778257452,fast_trough_v_long_square,0.1205248583931249,7.628355064349869e-13,0.1205248583931249,7,0.04102605685238399,3654,0.09510016992192998,0.08833922261484099,0.20242914979757085,5,0
1185,COX4I1,Cox4i1,1327,homologene,0.14106162302670555,0.19676656151419558,0.07886435331230283,0.12457073343005767,tau,-0.0903895809657526,9.29471273737595e-08,0.0903895809657526,9,0.043081065332501146,3654,0.31814182747928993,0.04690431519699812,1.3539651837524178,5,1
1186,SLC38A11,Slc38a11,151258,homologene,0.1408992818037365,0.005126182965299685,0.3710567823343849,0.043613128261584685,adaptation,-0.0279128111797854,0.120585474375548,0.0279128111797854,0,0.011316352566541578,3654,1.382498989701993,0.7905852208966869,4.7727272727272725,8,5
1187,RASSF8,Rassf8,11228,homologene,0.13920297126648995,0.07229232386961093,0.2309411146161935,0.12921017704748647,threshold_v_long_square,0.0570500729717653,0.0014441821358633,0.0570500729717653,6,0.027461798912858066,3654,0.6983415476588198,0.5312187777042905,2.7079303675048356,8,2
1188,MT3,Mt3,4504,same-symbol,0.13847351619614834,0.22962670872765512,0.04337539432176656,0.09980054628042612,trough_v_long_square,0.1134183434253754,2.001483659735912e-11,0.1134183434253754,7,0.040925795406446086,3654,0.16106429695108954,0.08833922261484099,0.5802707930367504,5,0
1189,CCDC3,Ccdc3,83643,homologene,0.13828507146991337,0.03719768664563617,0.2881177707676131,0.10352446355356257,threshold_i_short_square,0.0485363812961929,0.0054455232320835,0.0485363812961929,3,0.017250766757341593,3654,0.7973727579197414,0.45431831856331395,2.3210831721470018,9,3
1190,RPLP2,Rplp2,6181,homologene,0.13772885977370802,0.2267350157728707,0.044558359621451105,0.10051338404204169,fast_trough_v_long_square,0.1125595216272959,2.367313841502054e-11,0.1125595216272959,7,0.03986279385719344,3654,0.21132056682107017,0.0,0.9090909090909091,4,0
1191,CTDSPL,Ctdspl,10217,homologene,0.13714256052120632,0.1481335436382755,0.1239484752891693,0.1355024976638655,avg_isi,0.0632802088002101,0.000244770018201,0.0632802088002101,10,0.03407067638241085,3654,0.49453380201462904,0.08833922261484099,2.3210831721470018,5,3
1192,RPS14,Rps14,6208,homologene,0.13479750458630158,0.2067560462670873,0.05717665615141956,0.10872727056557727,trough_v_long_square,0.1052271935061753,5.201406742496635e-10,0.1052271935061753,7,0.03621124206713245,3654,0.25819184417412677,0.0,1.1605415860735009,4,2
1193,BAD,Bad,572,homologene,0.13239076367618513,0.1870399579390116,0.07163512092534174,0.11575245139880161,threshold_i_short_square,0.0983253129166141,7.701189905571963e-09,0.0983253129166141,7,0.038777203516347794,3654,0.2633710035251336,0.14250660965206505,0.7736943907156673,6,0
1194,RPL41,Rpl41,6171,same-symbol,0.1323257878200475,0.25223449001051523,0.016692954784437435,0.06488866570381276,upstroke_downstroke_ratio_long_square,0.1303697468444419,5.3829619485055904e-15,0.1303697468444419,5,0.04060797191656071,3654,0.06621154064639019,0.0,0.28142589118198874,3,0
1195,RPS18,Rps18,6222,homologene,0.13133434719037243,0.24539957939011567,0.01984752891692955,0.06978950671947516,fast_trough_v_long_square,0.1068734294985819,2.375302216936049e-10,0.1068734294985819,9,0.043623420143055515,3654,0.1034816247582205,0.0,0.5802707930367504,2,0
1196,STMN1,Stmn1,3925,homologene,0.12899344471790186,0.13380651945320715,0.12315983175604628,0.1283728492467123,threshold_i_short_square,0.0712753672863824,3.379083976010624e-05,0.0712753672863824,8,0.02919452922650239,3654,0.3855295025875786,0.3026230296125535,1.3539651837524178,7,1
1197,CCNI,Ccni,10983,homologene,0.12871741146281263,0.07058359621451105,0.207807570977918,0.12111071662005682,threshold_i_short_square,0.0605835709926293,0.0004659904728939,0.0605835709926293,5,0.027578108835725777,3654,0.614044090643025,0.5312187777042905,2.127659574468085,8,1
1198,RPL37,Rpl37,6167,homologene,0.12868544851559421,0.21043638275499474,0.04284963196635121,0.0949585254381182,fast_trough_v_long_square,0.1064450468729443,2.806480969986157e-10,0.1064450468729443,7,0.033813749493025236,3654,0.17101699462545153,0.0,0.9671179883945842,4,0
1199,WSB2,Wsb2,55884,homologene,0.12852706377795067,0.0379863301787592,0.2614353312302839,0.09965424633454834,threshold_i_ramp,0.0465170573873368,0.0070039363057,0.0465170573873368,4,0.022035364610029293,3654,0.6869320693532148,0.7413523379106552,1.7408123791102514,9,3
1200,TSPYL1,Tspyl1,7259,homologene,0.12824767785614805,0.05375920084121977,0.23330704521556256,0.1119928582607613,threshold_v_short_square,0.0561039936803669,0.0020448254971282,0.0561039936803669,4,0.021488210003304843,3654,0.7265124429205441,0.516906836610266,2.7079303675048356,8,2
1201,UPP1,Upp1,7378,homologene,0.12585763331437103,0.022476340694006308,0.28496319663512093,0.08003080589887927,peak_v_long_square,0.0384905707265914,0.0339244415964116,0.0384905707265914,3,0.016964379034508523,3654,0.7656439061462074,0.6123553291336052,2.3210831721470018,9,4
1202,RAD9A,Rad9a,5883,homologene,0.12244319320502703,0.05402208201892744,0.21832281808622503,0.10860134983165459,ri,-0.0508152813375443,0.0032693209934008,0.0508152813375443,5,0.024656535556424487,3654,0.6169484919327468,0.3132105019858678,2.5,8,2
1203,EID1,Eid1,23741,homologene,0.12171560437288827,0.1621976866456362,0.07584121976866458,0.11091109231659692,upstroke_downstroke_ratio_long_square,0.0826069856301936,8.990433757125217e-07,0.0826069856301936,8,0.03342837824489439,3654,0.32410264324080884,0.0,1.5473887814313345,4,1
1204,GAPDH,Gapdh,2597,homologene,0.11995410044066666,0.051656151419558365,0.21595688748685593,0.10561960840732917,trough_v_long_square,0.0494670252166368,0.004320205005232,0.0494670252166368,5,0.023550404217175833,3654,0.6095450860440383,0.2884804925017817,2.5,8,2
1205,TSPYL4,Tspyl4,23270,homologene,0.11885988253691351,0.04245531019978969,0.22870662460567823,0.09853837167510392,latency,-0.052900808249389,0.0030807534264595,0.052900808249389,3,0.021375758217165124,3654,0.8050814266988047,0.18561548720628068,4.25531914893617,6,3
1206,OCIAD1,Ociad1,54940,homologene,0.11881103268079456,0.019190325972660356,0.2733964248159832,0.07243318653751639,tau,0.0423230143610397,0.0149206939879804,0.0423230143610397,1,0.0186196447405996,3654,0.9245208334537598,0.4738821381214269,3.288201160541586,8,4
1207,MOAP1,Moap1,64112,homologene,0.11877304775436884,0.012881177707676128,0.28798633017875924,0.06090651111674425,upstroke_downstroke_ratio_long_square,-0.0345844836622604,0.0437279862734548,0.0345844836622604,1,0.018343087371773068,3654,0.7194293078451031,0.516906836610266,2.514506769825919,9,1
1208,ABI2,Abi2,10152,homologene,0.11845313935178262,0.006703470031545741,0.30402208201892744,0.0451442456548121,threshold_v_ramp,0.0309053926247238,0.0983089464840092,0.0309053926247238,0,0.01592333755686917,3654,0.869120224769002,0.7413523379106552,2.514506769825919,9,4
1209,GUK1,Guk1,2987,homologene,0.11786744720879758,0.06059411146161934,0.1965036803364879,0.10911904466649057,threshold_i_short_square,0.0542669850082951,0.0018109337927956,0.0542669850082951,5,0.02543783834669746,3654,0.516732483592197,0.1928785590465066,2.127659574468085,8,2
1210,BNIP3,Bnip3,664,homologene,0.11611081375949704,0.11422187171398529,0.1184279705573081,0.11630590896572914,threshold_i_ramp,0.0704507646585722,3.5145177734210626e-05,0.0704507646585722,7,0.02764285828356174,3654,0.328982864033827,0.22715915928165697,1.3539651837524178,7,1
1211,PFDN5,Pfdn5,5204,homologene,0.11482500398359904,0.1926919032597266,0.03404311251314406,0.0809927906856082,trough_v_long_square,0.093573625305925,3.698217337815016e-08,0.093573625305925,8,0.03810608375679103,3654,0.17050948402028265,0.0,0.5802707930367504,4,0
1212,ARF1,Arf1,375,homologene,0.1144595321611778,0.04153522607781283,0.21911146161934805,0.09539834429695113,threshold_v_short_square,0.0544427274990128,0.0028312368754871,0.0544427274990128,2,0.021033090468682424,3654,0.5689229088564168,0.31739139082067636,2.7079303675048356,8,1
1213,RPL38,Rpl38,6169,homologene,0.11251062097449191,0.20149842271293375,0.023264984227129335,0.06846793137088225,fast_trough_v_long_square,0.1108860723715892,4.7177381963715024e-11,0.1108860723715892,5,0.03005046169249574,3654,0.10009671179883946,0.0,0.7736943907156673,2,0
1214,RPL23,Rpl23,9349,homologene,0.11200229970535085,0.16035751840168244,0.058491062039957936,0.0968477235530423,trough_v_long_square,0.0926466516249244,5.0711681119695713e-08,0.0926466516249244,6,0.03191902987955905,3654,0.17226770270430852,0.1909092233929378,0.5802707930367504,6,0
1215,SH3BGRL3,Sh3bgrl3,83442,homologene,0.11052063531465862,0.1763932702418507,0.040615141955835966,0.08464182010641608,tau,0.0886871149067152,1.640014475226608e-07,0.0886871149067152,8,0.03779884362043546,3654,0.19129832263248533,0.0,0.7736943907156673,4,0
1216,PRELID2,Prelid2,153768,homologene,0.1102998897810938,0.09108832807570977,0.134726603575184,0.11077915447855004,upstroke_downstroke_ratio_long_square,0.0671601126088918,6.873610623293516e-05,0.0671601126088918,5,0.02533512546723411,3654,0.5195661697407473,0.22322084897431121,2.127659574468085,6,2
1217,CNRIP1,Cnrip1,25927,homologene,0.10993934896362512,0.07584121976866455,0.1547055730809674,0.10831924744693736,upstroke_downstroke_ratio_long_square,0.0666442323154428,7.821862582483267e-05,0.0666442323154428,3,0.022415475449069917,3654,0.482111343345138,0.22715915928165697,2.127659574468085,7,2
1218,CALM3,Calm3,808,same-symbol,0.10894141646576165,0.15943743427970558,0.05349631966351209,0.09235429578832449,fast_trough_v_long_square,0.094490176756886,2.3304932470195094e-08,0.094490176756886,5,0.029644844330177222,3654,0.22102428020314985,0.0,1.1605415860735009,4,1
1219,TERF2IP,Terf2ip,54386,homologene,0.10851023456929644,0.04771293375394322,0.1937434279705573,0.09614607295163474,threshold_i_short_square,0.0517253108170056,0.0029903648595669,0.0517253108170056,4,0.02225771711521768,3654,0.6174993329975769,0.31356184517086405,2.9013539651837523,7,2
1220,RPS4Y1,Rps4x,6192,homologene,0.10849383323368801,0.18980021030494218,0.0258937960042061,0.07010454997495946,trough_v_long_square,0.0727693312232339,2.15721686168993e-05,0.0727693312232339,11,0.03708402890908377,3654,0.10857693543205911,0.0,0.9090909090909091,2,0
1221,GABARAPL1,Gabarapl1,23710,homologene,0.10557433332828212,0.10239221871713987,0.10949001051524711,0.10588165612616346,ri,0.0645326724088399,0.0001632012236935,0.0645326724088399,7,0.03313593044270055,3654,0.37443824183372154,0.21428380699771254,1.7408123791102514,6,1
1222,PLEKHB2,Plekhb2,55041,homologene,0.10362758107902102,0.014984227129337538,0.24237644584647736,0.06026461412276027,threshold_v_short_square,0.038162440153062,0.0408646123623621,0.038162440153062,1,0.02032003689794886,3654,0.8579322986712953,0.3279788631939906,3.6750483558994196,7,3
1223,SCAMP5,Scamp5,192683,homologene,0.10137226042657276,0.03167718191377497,0.2030757097791798,0.0802051507133055,threshold_v_short_square,0.0475875402432614,0.0095317531916994,0.0475875402432614,3,0.0165134505270895,3654,0.7898882976496996,0.5443472767830704,2.727272727272727,7,2
1224,CFL1,Cfl1,1072,homologene,0.10074395304992706,0.09568874868559411,0.10699263932702419,0.10118296188475621,trough_v_long_square,0.0529597573375694,0.0021873827476044,0.0529597573375694,8,0.027357487586303176,3654,0.31806861284346716,0.1984908394902251,0.9671179883945842,7,0
1225,RPL35,Rpl35,11224,homologene,0.10027220884715451,0.11435331230283911,0.083596214511041,0.09777271616006278,trough_v_long_square,0.0748822439491454,1.2210927250713264e-05,0.0748822439491454,6,0.031080426404628478,3654,0.3393759600700946,0.33526547477387375,0.9363295880149812,6,0
1226,NUDT3,Nudt3,11165,homologene,0.09922405877423152,0.18980021030494218,0.012092534174553103,0.047907885879569755,fast_trough_v_long_square,0.0724392988995313,2.0925898395877728e-05,0.0724392988995313,11,0.041890811598792765,3654,0.04206963249516441,0.0,0.22727272727272727,2,0
1227,NDUFA5,Ndufa5,4698,homologene,0.09892270786016003,0.1269716088328076,0.06677181913774972,0.09207673593592104,threshold_i_ramp,0.0671314108593299,8.224064539406967e-05,0.0671314108593299,8,0.031259757756855244,3654,0.20389909042518198,0.04690431519699812,1.3539651837524178,5,1
1228,LMO4,Lmo4,8543,homologene,0.09862289364133402,0.10147213459516298,0.09516298633017876,0.09826693928974055,vrest,0.0710099693746618,9.329409022677912e-05,0.0710099693746618,6,0.030010851544945767,3654,0.43271471299136766,0.09380863039399624,1.5473887814313345,5,2
1229,SNRNP25,Snrnp25,79622,homologene,0.09839894994340849,0.14931650893796003,0.043243953732912725,0.0803556855740351,threshold_i_short_square,0.0772291658780184,6.570836945797375e-06,0.0772291658780184,8,0.034450395541911843,3654,0.18023529582219516,0.0,1.1605415860735009,3,1
1230,WBP2,Wbp2,23558,homologene,0.09677529155389908,0.11172450052576234,0.07912723449001051,0.09402367122901178,fast_trough_v_long_square,0.0617406171188594,0.000303575958009,0.0617406171188594,8,0.03364308236451047,3654,0.37272020077785706,0.09560229445506692,1.1605415860735009,5,1
1231,PIN1,Pin1,5300,homologene,0.09603795856254924,0.11606203995793901,0.07268664563617246,0.09184857304408164,threshold_i_short_square,0.0802125999700128,2.8006534875545644e-06,0.0802125999700128,5,0.029876319708274632,3654,0.2967683161288187,0.0,1.5473887814313345,4,1
1232,SOD1,Sod1,6647,homologene,0.09188898822864146,0.07281808622502628,0.11632492113564669,0.09203563514951642,vrest,0.0580271595674323,0.0015847100075049,0.0580271595674323,6,0.027855913018567127,3654,0.3798970040989825,0.18197218141633914,1.9342359767891684,6,1
1233,RPL34,Rpl34,6164,same-symbol,0.09132317954757244,0.10291798107255522,0.07754994742376446,0.08933803233302512,trough_v_long_square,0.0648224301997232,0.0001641235116763,0.0648224301997232,7,0.03095585678342509,3654,0.2693955281380648,0.18955379751362642,0.9671179883945842,6,0
1234,CREG2,Creg2,200407,homologene,0.08890493868789992,0.06979495268138801,0.11343322818086225,0.08897790058986765,threshold_i_short_square,0.0600789353921086,0.0005218719382787,0.0600789353921086,5,0.023594940979499844,3654,0.4591950260800832,0.0,2.5,4,2
1235,PPDPF,Ppdpf,79144,homologene,0.08879087831816525,0.11606203995793901,0.057702418506834906,0.08183556929850241,f_i_curve_slope,-0.0558919482780422,0.0012004533746397,0.0558919482780422,9,0.028446647961840748,3654,0.19083303736622073,0.14250660965206505,0.5300353356890459,6,0
1236,TMEM232,Tmem232,642987,homologene,0.08785499057792602,0.008017875920084122,0.2168769716088328,0.04170003175398345,ri,-0.0317029499181931,0.0719775582393653,0.0317029499181931,0,0.013963469964559367,3654,0.7557630442069782,0.0,5.029013539651838,3,2
1237,SRP14,Srp14,6727,homologene,0.08758133209831451,0.09108832807570978,0.08333333333333333,0.0871245889878922,threshold_i_short_square,0.0606917117067437,0.0004548599796647,0.0606917117067437,7,0.030003908990114434,3654,0.30089484412356465,0.09363295880149813,1.5473887814313345,5,1
1238,TOLLIP,Tollip,54472,homologene,0.08454386751179914,0.054284963196635116,0.12473711882229233,0.08228821242755514,upstroke_downstroke_ratio_long_square,-0.0503080116030694,0.0030363698476997,0.0503080116030694,5,0.02496752364751567,3654,0.50677699793545,0.09727626459143969,2.3210831721470018,5,1
1239,FKBP1B,Fkbp1b,2281,homologene,0.08401207938830427,0.11198738170347004,0.05231335436382755,0.07654041797201558,tau,0.0738123305419885,1.454644321226632e-05,0.0738123305419885,6,0.028788541682603506,3654,0.1941688147904331,0.0,1.3636363636363635,3,1
1240,MNAT1,Mnat1,4331,homologene,0.08367525040091355,0.05086750788643533,0.12762881177707677,0.0805739386502039,tau,0.0564999573263052,0.0010045090171178,0.0564999573263052,3,0.0191087568587158,3654,0.4489802098380151,0.27048707562367824,2.127659574468085,6,1
1241,NDUFA1,Ndufa1,4694,homologene,0.08348154209586403,0.08740799158780233,0.078732912723449,0.0829571321407292,threshold_i_long_square,0.058243941367213,0.0006649087337363,0.058243941367213,7,0.028718007566836623,3654,0.23224222033012892,0.18941092484906316,1.1605415860735009,6,1
1242,BRK1,Brk1,55845,homologene,0.08264959045837032,0.14629337539432177,0.01840168243953733,0.051884913385437326,upstroke_downstroke_ratio_long_square,0.082672589516744,8.838444535434164e-07,0.082672589516744,7,0.034705511935634994,3654,0.09352012802972845,0.0,0.45454545454545453,3,0
1243,CRYM,Crym,1428,homologene,0.0819059006806937,0.05244479495268139,0.12105678233438487,0.0796793456747619,fast_trough_v_long_square,-0.0537127714439549,0.0017713000624766,0.0537127714439549,4,0.019561336212570737,3654,0.4955560494310207,0.14418057978843782,1.7408123791102514,6,3
1244,ATP6V1E1,Atp6v1e1,529,homologene,0.07955584985228556,0.04981598317560462,0.11921661409043112,0.07706421245806296,threshold_i_short_square,0.0482894964578161,0.0056875935871082,0.0482894964578161,5,0.024011047110743887,3654,0.44664100821729874,0.04690431519699812,2.3210831721470018,5,2
1245,ATP6V0E2,Atp6v0e2,155066,homologene,0.07899781254801905,0.10659831756046267,0.04784437434279706,0.07141519312915938,upstroke_downstroke_ratio_long_square,0.0744051729654548,9.96513113908288e-06,0.0744051729654548,5,0.027918483421722238,3654,0.21495521686053953,0.0,0.9671179883945842,4,0
1246,KLHDC3,Klhdc3,116138,homologene,0.07739689610342963,0.017613038906414302,0.16745531019978968,0.05430835012808409,vrest,0.0414644476418058,0.0290618034776475,0.0414644476418058,1,0.01677535080210464,3654,0.5395245277848918,0.32049711356575095,2.3210831721470018,7,1
1247,YWHAG,Ywhag,7532,homologene,0.07706724693093178,0.030231335436382758,0.143664563617245,0.065902743592619,sag,0.0481808320985671,0.0082548753899396,0.0481808320985671,2,0.017649892861511026,3654,0.40579275700208006,0.28454218219443594,1.9342359767891684,7,1
1248,HOPX,Hopx,84525,homologene,0.0691110197944425,0.09305993690851734,0.042060988433228176,0.06256351116989912,threshold_v_short_square,0.0668046072065882,0.0002115933839965,0.0668046072065882,6,0.029133713891121807,3654,0.14233770519078992,0.08833922261484099,0.5802707930367504,5,0
1249,MAP1LC3A,Map1lc3a,84557,homologene,0.06823659281950728,0.02983701366982124,0.12210830704521557,0.06036014601131135,vrest,0.047069954527975,0.0122532521021524,0.047069954527975,3,0.018655831851639094,3654,0.5512582588479112,0.2739547098211217,1.5473887814313345,6,3
1250,RPL27,Rpl27,6155,homologene,0.06807430143227802,0.06979495268138801,0.0659831756046267,0.06786230632017037,trough_v_long_square,0.0650293057280685,0.0001562346836425,0.0650293057280685,3,0.026960998147297098,3654,0.26684785927949395,0.09380863039399624,1.1363636363636365,5,1
1251,SYNGR1,Syngr1,9145,homologene,0.06452939361106903,0.029311251314405887,0.11369610935856993,0.05772846122043457,latency,-0.0464953394769662,0.0100121665800693,0.0464953394769662,3,0.02344887328717899,3654,0.4243152511467068,0.18923525325656504,1.7408123791102514,6,1
1252,NEAT1,Neat1,283131,same-symbol,0.056258670655154525,0.1118559411146162,0.004337539432176656,0.02202679176157703,vrest,0.0708688213916824,9.549534754712487e-05,0.0708688213916824,7,0.03185730240121379,3654,0.0,0.0,0.0,0,0
1253,ENSA,Ensa,2029,homologene,0.05580302870363507,0.03194006309148265,0.08806519453207151,0.05303591113121427,latency,0.0473639734443864,0.0085854865611026,0.0473639734443864,3,0.017670845714016267,3654,0.3468650502865812,0.09380863039399624,1.5473887814313345,5,1
1254,SCOC,Scoc,60592,homologene,0.05339642350223407,0.03680336487907466,0.07518401682439536,0.05260251709056051,threshold_v_long_square,-0.0518258077891064,0.0040846863486529,0.0518258077891064,2,0.01698115381437949,3654,0.25058374401384487,0.13524353781183912,0.9671179883945842,6,0
1255,RPS15,Rps15,6209,homologene,0.0515620887465088,0.10186645636172449,0.004337539432176656,0.021020222912354725,fast_trough_v_long_square,0.0734501160841895,1.598100832288658e-05,0.0734501160841895,5,0.02636741991249965,3654,0.0,0.0,0.0,0,0
1256,RNF11,Rnf11,26994,homologene,0.047421447199638964,0.05034174553101998,0.04390115667718192,0.04701128436833151,threshold_i_short_square,0.0532486500389075,0.0022196648979784,0.0532486500389075,4,0.02181247961059264,3654,0.1785607805772717,0.0,0.9671179883945842,4,0
1257,HINT1,Hint1,3094,homologene,0.04501207008974614,0.026682439537329128,0.06966351209253417,0.04311371532780537,latency,-0.0445590599293179,0.0137632928460996,0.0445590599293179,3,0.021584460907445712,3654,0.23555033241803094,0.04690431519699812,1.3539651837524178,5,1
1258,TMSB4X,Tmsb4x,7114,same-symbol,0.04442101802540188,0.05901682439537329,0.027865404837013674,0.040552776772645564,vrest,0.0550970770286093,0.0028501847899544,0.0550970770286093,5,0.02715062007534745,3654,0.12805477362720277,0.0,0.45454545454545453,4,0
1259,DYNLL2,Dynll2,140735,homologene,0.04420092848280087,0.03588328075709779,0.054810725552050465,0.04434849099444603,threshold_i_ramp,0.0479118845496939,0.0054225185560312,0.0479118845496939,3,0.019460591727253326,3654,0.1810224247265733,0.08833922261484099,0.9671179883945842,5,0
1260,YPEL3,Ypel3,83719,homologene,0.04216214110759142,0.017875920084121977,0.0763669821240799,0.036947666631542836,upstroke_downstroke_ratio_long_square,-0.0408830949836974,0.0165732990400661,0.0408830949836974,1,0.018169736270241613,3654,0.26790824939183533,0.09363295880149813,1.3636363636363635,5,1
1261,NDUFB2,Ndufb2,4708,homologene,0.04079394469794864,0.02168769716088328,0.06690325972660356,0.038091700356199604,latency,-0.0381490807549988,0.0367856512734079,0.0381490807549988,3,0.021255670167697433,3654,0.19387380065096305,0.13524353781183912,0.9090909090909091,6,0
1262,ARPP19,Arpp19,10776,homologene,0.040480006082568167,0.03772344900105152,0.04390115667718192,0.040695245975406566,threshold_i_short_square,0.0468736493995583,0.0072985334587514,0.0468736493995583,4,0.02439251872084134,3654,0.1785607805772717,0.0,0.9671179883945842,4,0
1263,GABARAPL2,Gabarapl2,11345,homologene,0.03712813262700886,0.003811777076761303,0.09056256572029442,0.018579674701816158,vrest,0.0275392271862014,0.1632145122112029,0.0275392271862014,0,0.011159036530372726,3654,0.2996798398827923,0.13524353781183912,1.3539651837524178,6,1
1264,TMA7,Tma7,51372,homologene,0.03194568256951879,0.046529968454258684,0.015904311251314408,0.027203439135711698,upstroke_downstroke_ratio_long_square,0.0557230688266428,0.0009952098733807,0.0557230688266428,2,0.022486314065295877,3654,0.058027079303675046,0.0,0.5802707930367504,1,0
1265,TMEM178B,Tmem178b,100507421,homologene,0.03177720092103598,0.06006834910620399,0.004337539432176656,0.016141525109911802,threshold_v_short_square,0.0552567542215814,0.0024209197277742,0.0552567542215814,5,0.02717090666591701,3654,0.0,0.0,0.0,0,0
1266,TOMM20,Tomm20,9804,homologene,0.0268319671739643,0.01919032597266036,0.03680336487907466,0.02657571389295502,avg_isi,0.0425974381481713,0.0152544105855158,0.0425974381481713,1,0.011696328104350633,3654,0.1169268874373373,0.08833922261484099,0.38684719535783363,5,0
1267,TMEM160,Tmem160,54958,homologene,0.022986315714843105,0.03430599369085174,0.010646687697160885,0.019111389299767564,adaptation,0.0452973707071407,0.0096593640969206,0.0452973707071407,4,0.022195760201629902,3654,0.03806895152819131,0.0,0.19342359767891681,2,0
1268,POLR2K,Polr2k,5440,homologene,0.019029890098439584,0.0030231335436382754,0.04390115667718192,0.011520375833943445,threshold_v_long_square,-0.0260387820547965,0.1755498686502283,0.0260387820547965,0,0.010401066178634922,3654,0.1785607805772717,0.0,0.9671179883945842,4,0
