gene,mouse_gene,rank,trait,v1_rho,v1_q,m1_rho,n_m1,sign_concordant,geometric_abs_strength
SLIT2,Slit2,1,vrest,-0.1439020981942324,9.384893608176276e-17,-0.16839160531466998,1328,True,0.1556660056758574
SLIT2,Slit2,1,ri,-0.4186753581332657,4.302324705501436e-153,-0.41494581131773184,1328,True,0.4168064132896108
SLIT2,Slit2,1,tau,-0.3359310606812642,7.134497919968422e-96,-0.08204837871885003,1328,True,0.16601987498550091
SLIT2,Slit2,1,latency,-0.0822387402926842,2.184808921827386e-06,0.035472559540692394,1328,False,0.054011282261984664
SLIT2,Slit2,1,upstroke_downstroke_ratio_long_square,-0.6356815626731748,0.0,-0.09101910232545982,1328,True,0.24053932152427362
SLIT2,Slit2,1,threshold_i_long_square,0.4378784380182199,4.344958277454776e-169,0.3398003736852721,1328,True,0.3857346975154224
FAM135B,Fam135b,2,vrest,-0.0466298322439059,0.0131384235321642,-0.057230048986171865,1328,True,0.05165876095625708
FAM135B,Fam135b,2,ri,-0.2153459325971828,8.90697112421266e-39,-0.28786478345781613,1328,True,0.24897893536524227
FAM135B,Fam135b,2,tau,-0.0519691638741223,0.0025419816996162,0.05761995186702555,1328,False,0.054721665919418884
FAM135B,Fam135b,2,latency,0.0184425315046449,0.34066693088452,0.04159252181001092,1328,True,0.027696053759313013
FAM135B,Fam135b,2,upstroke_downstroke_ratio_long_square,-0.6751511972515856,0.0,-0.17664847925945493,1328,True,0.3453468289483673
FAM135B,Fam135b,2,threshold_i_long_square,0.2739714041339385,7.156820690571378e-63,0.1928209178457154,1328,True,0.22984215803151833
DSCAM,Dscam,3,vrest,0.1486942877383544,7.59020272454601e-18,0.030853570265997787,1328,True,0.06773292888165852
DSCAM,Dscam,3,ri,0.5390341551398408,3.7916857594620465e-272,0.1132057006085837,1328,True,0.2470257864769621
DSCAM,Dscam,3,tau,0.5204407776207418,1.1444298828325134e-250,0.345682102055081,1328,True,0.42415452609057347
DSCAM,Dscam,3,latency,-0.0928699159503402,7.758443596006947e-08,0.058725689890834196,1328,False,0.07385018540455748
DSCAM,Dscam,3,upstroke_downstroke_ratio_long_square,0.2649362150416263,5.347475947084259e-59,0.2711872540829573,1328,True,0.26804351263231596
DSCAM,Dscam,3,threshold_i_long_square,-0.5457330737790306,4.271425691849813e-280,-0.22443952319367688,1328,True,0.34997724336017233
CACNA2D3,Cacna2d3,4,vrest,0.2251130784584249,4.360602025129133e-40,0.06592715063536525,1328,True,0.12182390501670587
CACNA2D3,Cacna2d3,4,ri,0.5648100638605672,3.137444627065979e-304,0.043594892017876585,1328,True,0.15691664584935341
CACNA2D3,Cacna2d3,4,tau,0.6363976095010417,0.0,0.36880248306272717,1328,True,0.4844636401208743
CACNA2D3,Cacna2d3,4,latency,0.0723257198120399,3.6062902096421225e-05,0.10818360559930804,1328,True,0.08845596162402952
CACNA2D3,Cacna2d3,4,upstroke_downstroke_ratio_long_square,0.2330439251365159,1.244423612577974e-45,0.24783412349343448,1328,True,0.24032527316467983
CACNA2D3,Cacna2d3,4,threshold_i_long_square,-0.555405890546132,4.7614756863011205e-292,-0.18460428722094566,1328,True,0.3202035423642019
EGFR,Egfr,5,vrest,-0.0561119824782775,0.0023285451632054,0.015328156729646821,1328,False,0.029327346655267567
EGFR,Egfr,5,ri,-0.0276162666209023,0.1202096501322426,0.1736551597255245,1328,False,0.06925104469302583
EGFR,Egfr,5,tau,-0.2569326738257447,3.0617126446448838e-55,-0.16823338077883046,1328,True,0.20790539278780037
EGFR,Egfr,5,latency,-0.1016182693076267,3.521214073676223e-09,-0.044218549906877014,1328,True,0.06703292111216518
EGFR,Egfr,5,upstroke_downstroke_ratio_long_square,0.560686310138353,1.0993664888902867e-299,0.08448566443832403,1328,True,0.21764640004721184
EGFR,Egfr,5,threshold_i_long_square,-0.0577056049553555,0.0007489007024859,-0.12650428565818853,1328,True,0.08544007451629985
NRXN1,Nrxn1,6,vrest,0.0532776364092082,0.004056225788722,-0.01053949828785558,1328,False,0.023696403898394412
NRXN1,Nrxn1,6,ri,0.3328168146749959,8.071160838473742e-94,0.05489753885619462,1328,True,0.1351696120273174
NRXN1,Nrxn1,6,tau,0.1959318989685893,3.180256585253671e-32,0.20421580367872078,1328,True,0.2000309731370829
NRXN1,Nrxn1,6,latency,-0.0823874909223133,2.096059940898206e-06,0.07531687950392962,1328,False,0.07877289334807352
NRXN1,Nrxn1,6,upstroke_downstroke_ratio_long_square,0.4229587494934733,3.6386239031488266e-157,0.33722556546952714,1328,True,0.37766718611526284
NRXN1,Nrxn1,6,threshold_i_long_square,-0.3597318516248811,1.8300568050171365e-110,-0.096835185158533,1328,True,0.18664056488212116
KCNT2,Kcnt2,7,vrest,0.0528662998263196,0.004359375905994,-0.017071807151047245,1328,False,0.030042025155178384
KCNT2,Kcnt2,7,ri,0.2395210182300872,6.548742059635959e-48,0.03843616993476527,1328,True,0.09594931245006211
KCNT2,Kcnt2,7,tau,0.0607452332649238,0.0003934081910104,0.18146032157642955,1328,True,0.10498975932198482
KCNT2,Kcnt2,7,latency,-0.0811978814931005,2.991320426184616e-06,0.09484535954278075,1328,False,0.08775672204637786
KCNT2,Kcnt2,7,upstroke_downstroke_ratio_long_square,0.5099500991012749,2.049632802440964e-239,0.3965414933275718,1328,True,0.44968474937467334
KCNT2,Kcnt2,7,threshold_i_long_square,-0.2880406893321186,1.2526725131353284e-69,-0.06341123645984557,1328,True,0.13514812710983418
GRIN3A,Grin3a,8,vrest,0.0885902963139182,7.365876932840515e-07,0.13820436258388996,1328,True,0.11065064587783932
GRIN3A,Grin3a,8,ri,0.2879512538976879,1.619813025778974e-69,0.18709411534826137,1328,True,0.23210770153403035
GRIN3A,Grin3a,8,tau,0.5391915491858842,1.530606887118145e-272,0.30118137412399826,1328,True,0.4029819495955768
GRIN3A,Grin3a,8,latency,0.2383218743742508,1.1747569081809895e-46,0.038233834742941376,1328,True,0.09545658259362284
GRIN3A,Grin3a,8,upstroke_downstroke_ratio_long_square,-0.1428728848142645,9.550412205834684e-18,-0.09420085497597312,1328,True,0.116011843802206
GRIN3A,Grin3a,8,threshold_i_long_square,-0.2821080570356857,9.827036749467264e-67,-0.259984309322364,1328,True,0.27082036179485625
CNTNAP4,Cntnap4,9,vrest,-0.0673804742273256,0.0002206777151775,-0.01807047841912053,1328,True,0.034894088401833834
CNTNAP4,Cntnap4,9,ri,-0.1751308956941984,6.620373020735389e-26,-0.1496700088483533,1328,True,0.16190071867712852
CNTNAP4,Cntnap4,9,tau,-0.132020051679952,3.349581460277591e-15,-0.1267375829217067,1328,True,0.12935185444018932
CNTNAP4,Cntnap4,9,latency,-0.0843973597952086,1.1613328746687353e-06,-0.08144587024429738,1328,True,0.08290848216462439
CNTNAP4,Cntnap4,9,upstroke_downstroke_ratio_long_square,-0.5239542074449237,5.104145102287967e-255,-0.3577512432033827,1328,True,0.4329494994743204
CNTNAP4,Cntnap4,9,threshold_i_long_square,0.2220033312981956,3.1998936502733365e-41,0.13629320044920099,1328,True,0.17394695896455145
CSMD3,Csmd3,10,vrest,-0.0139903182070212,0.5200133549356197,-0.04136873417311092,1328,True,0.0240574677575071
CSMD3,Csmd3,10,ri,0.1044212856980932,5.88712338865009e-10,0.027345682976486648,1328,True,0.05343661080848219
CSMD3,Csmd3,10,tau,-0.1319172647834124,3.509350438060517e-15,-0.03002190374598978,1328,True,0.06293176801712991
CSMD3,Csmd3,10,latency,-0.1426671641463246,4.040071057223289e-17,0.02425056204167046,1328,False,0.05881971536346999
CSMD3,Csmd3,10,upstroke_downstroke_ratio_long_square,0.4946869194149865,3.46313796791945e-223,0.16972070376527612,1328,True,0.28975612522703975
CSMD3,Csmd3,10,threshold_i_long_square,-0.1748688734783841,7.25690248885086e-26,-0.014342526915295908,1328,True,0.0500805503615046
KCNH7,Kcnh7,11,vrest,-0.1751771031347811,2.0757619281846653e-24,-0.1973603287920111,1328,True,0.18593819045992793
KCNH7,Kcnh7,11,ri,-0.444033930953682,2.088887557679342e-174,-0.3830422316459818,1328,True,0.4124121092293922
KCNH7,Kcnh7,11,tau,-0.5085774135612029,1.2907862782762213e-237,-0.12724163219350268,1328,True,0.2543859669837892
KCNH7,Kcnh7,11,latency,-0.0471541900662717,0.0089078946244149,0.07669758141039719,1328,False,0.060138276758227915
KCNH7,Kcnh7,11,upstroke_downstroke_ratio_long_square,-0.1389339442786772,7.515246209409574e-17,0.13984981585177528,1328,False,0.13939112784870425
KCNH7,Kcnh7,11,threshold_i_long_square,0.4572651469476722,2.749801640264659e-186,0.3685725023429216,1328,True,0.4105305828372684
TMEM132D,Tmem132d,12,vrest,-0.0569969630179511,0.0019734016566289,-0.15754414029799904,1328,True,0.0947604217923282
TMEM132D,Tmem132d,12,ri,-0.3111316981612803,1.562817256063337e-81,-0.4144116628633367,1328,True,0.35907743510907214
TMEM132D,Tmem132d,12,tau,-0.1932444775245536,2.282111864692288e-31,-0.07596461134383442,1328,True,0.1211599836146203
TMEM132D,Tmem132d,12,latency,0.0865237856696675,5.995963311501408e-07,0.08805275707304394,1328,True,0.08728492355848948
TMEM132D,Tmem132d,12,upstroke_downstroke_ratio_long_square,-0.4917811216760004,3.273317470235113e-220,0.13015089230314764,1328,False,0.2529935805588242
TMEM132D,Tmem132d,12,threshold_i_long_square,0.3797032544840539,6.460364123118982e-124,0.34208623641162783,1328,True,0.36040429697729265
ITPR1,Itpr1,13,vrest,-0.1358269957498779,4.741013822566042e-15,-0.20113849187106236,1328,True,0.16528774026075752
ITPR1,Itpr1,13,ri,-0.4730701597189051,4.534266314717595e-201,-0.45967553141337514,1328,True,0.46632475493436754
ITPR1,Itpr1,13,tau,-0.3879375785940972,4.178904868231305e-130,-0.11178671972542278,1328,True,0.20824569471962084
ITPR1,Itpr1,13,latency,0.1076150477861535,3.7051421214951587e-10,0.10737149624830157,1328,True,0.10749320303922372
ITPR1,Itpr1,13,upstroke_downstroke_ratio_long_square,-0.315970489009325,1.353772578386498e-84,0.12261840182337572,1328,False,0.1968344390234441
ITPR1,Itpr1,13,threshold_i_long_square,0.5042362228760511,8.489756594029407e-233,0.4148789231470006,1328,True,0.45738056491124224
GRID2,Grid2,14,vrest,0.1262420828516623,4.350921914800753e-13,0.08526641585508506,1328,True,0.10375071052692575
GRID2,Grid2,14,ri,0.4093797381267911,8.966532510077521e-146,0.13235625989405417,1328,True,0.23277450679760747
GRID2,Grid2,14,tau,0.4401766540553953,2.520702845406135e-171,0.3312141386674296,1328,True,0.3818281437171295
GRID2,Grid2,14,latency,-0.0637564472337186,0.0003000248826547,0.010152531985397777,1328,False,0.025441882198761426
GRID2,Grid2,14,upstroke_downstroke_ratio_long_square,0.071403766719063,2.282291707266389e-05,0.131211315483807,1328,True,0.0967935026833265
GRID2,Grid2,14,threshold_i_long_square,-0.3938771246577667,4.939581682933974e-134,-0.23738926325362592,1328,True,0.3057812951031567
CACNA1E,Cacna1e,15,vrest,0.0920626314177254,2.4987533916372235e-07,-0.045493874890688846,1328,False,0.06471696714019902
CACNA1E,Cacna1e,15,ri,0.2570866064301799,3.0215300912406286e-55,-0.06511525742128979,1328,False,0.1293841588343294
CACNA1E,Cacna1e,15,tau,0.3791715830442334,6.441326196173042e-124,0.2967677229264885,1328,True,0.3354487849113022
CACNA1E,Cacna1e,15,latency,0.226166495707096,5.797010662717816e-42,0.1699279008709292,1328,True,0.19604080662668383
CACNA1E,Cacna1e,15,upstroke_downstroke_ratio_long_square,0.166263248954581,1.2547655819551853e-23,0.48387914876959914,1328,True,0.2836394178808908
CACNA1E,Cacna1e,15,threshold_i_long_square,-0.2709854417727902,1.7469127507345476e-61,-0.025911978860697658,1328,True,0.08379599655576248
LRRC4C,Lrrc4c,16,vrest,-0.1182033270332615,1.480060052110749e-11,-0.09353665649689875,1328,True,0.10514915119724347
LRRC4C,Lrrc4c,16,ri,-0.2591029429199907,4.101379812290517e-56,-0.1575041855899181,1328,True,0.202014350996567
LRRC4C,Lrrc4c,16,tau,-0.4414997810805423,1.8607243126940727e-172,-0.18796592069054877,1328,True,0.2880744918167519
LRRC4C,Lrrc4c,16,latency,-0.2613453128740594,2.871735029633383e-56,-0.07603140353493476,1328,True,0.1409625870402902
LRRC4C,Lrrc4c,16,upstroke_downstroke_ratio_long_square,-0.0891317085516336,1.1071360467072177e-07,-0.13312875186333137,1328,True,0.10893113930793712
LRRC4C,Lrrc4c,16,threshold_i_long_square,0.2328487482610862,2.498482604272155e-45,0.17785224358544283,1328,True,0.20350103757547813
CHL1,Chl1,17,vrest,0.0876791537900058,9.660067165128996e-07,0.20088108452740208,1328,True,0.13271429276374586
CHL1,Chl1,17,ri,0.3491304745336463,9.932983345389725e-104,0.28788369010866827,1328,True,0.3170314958141171
CHL1,Chl1,17,tau,0.3858786782795187,1.1871064820589616e-128,0.27843289256847953,1328,True,0.3277824226127266
CHL1,Chl1,17,latency,0.1058312961542316,7.364610328092073e-10,0.01885291278587697,1328,True,0.04466797730379164
CHL1,Chl1,17,upstroke_downstroke_ratio_long_square,0.1664763885316474,1.0992091888806942e-23,0.07662608984405148,1328,True,0.11294438766286369
CHL1,Chl1,17,threshold_i_long_square,-0.3055948808251301,1.3344175831314944e-78,-0.3191263578931225,1328,True,0.31228733773322703
TRHDE,Trhde,18,vrest,0.0867907856136601,1.2450114288315031e-06,-0.029414156538616825,1328,False,0.050526010669255605
TRHDE,Trhde,18,ri,0.3540948254167765,7.954689180101799e-107,0.02072886158558955,1328,True,0.08567369855584535
TRHDE,Trhde,18,tau,0.5181855805548544,3.615332265960773e-248,0.26682339558357715,1328,True,0.37183872330096757
TRHDE,Trhde,18,latency,0.0857210061438929,7.712920505062309e-07,0.050735822109344166,1328,True,0.0659479015492574
TRHDE,Trhde,18,upstroke_downstroke_ratio_long_square,-0.1372887923378769,1.7438839965142221e-16,0.12253781092450072,1328,False,0.12970377048317372
TRHDE,Trhde,18,threshold_i_long_square,-0.3606131010687863,4.9695596308987495e-111,-0.10842526508806216,1328,True,0.1977361147529993
SORCS1,Sorcs1,19,vrest,0.127948445922897,2.0287639873628192e-13,-0.06508287787560384,1328,False,0.09125378392358975
SORCS1,Sorcs1,19,ri,0.343714020510421,2.2147149919652152e-100,-0.06349224839179579,1328,False,0.1477266934781607
SORCS1,Sorcs1,19,tau,0.145171321208914,3.861386787438008e-18,0.07250451589482126,1328,True,0.10259423164127654
SORCS1,Sorcs1,19,latency,-0.1774362254950225,4.780408888268873e-26,0.042757346920955105,1328,False,0.08710167765224443
SORCS1,Sorcs1,19,upstroke_downstroke_ratio_long_square,0.4721046811008995,1.1094138926709262e-200,0.3752721289391259,1328,True,0.4209129705281861
SORCS1,Sorcs1,19,threshold_i_long_square,-0.3745110731584977,2.6233352766380008e-120,0.03452655771444276,1328,False,0.11371270017946442
DOCK4,Dock4,20,vrest,-0.0310876135031325,0.1115752231592208,-0.0989157184407018,1328,True,0.055453166043691444
DOCK4,Dock4,20,ri,-0.2149338355910539,1.2467918294094551e-38,-0.2931279474038515,1328,True,0.2510042112285021
DOCK4,Dock4,20,tau,-0.1817235946452198,7.630223152938942e-28,-0.045121229311982265,1328,True,0.09055159846951723
DOCK4,Dock4,20,latency,-0.0883263887654689,3.4394789808577305e-07,-0.007466483385936893,1328,True,0.02568048898010271
DOCK4,Dock4,20,upstroke_downstroke_ratio_long_square,-0.4890809225511095,1.7944087325016986e-217,-0.21137320039281363,1328,True,0.3215254264450913
DOCK4,Dock4,20,threshold_i_long_square,0.2603190115972701,1.1308538144225313e-56,0.2730743027452993,1328,True,0.2666203904116675
SCN1A,Scn1a,21,vrest,-0.140148381348782,6.074766951097907e-16,0.04647167770320264,1328,False,0.08070272863209851
SCN1A,Scn1a,21,ri,-0.343431906482547,3.2391642950539025e-100,-0.15925401858678295,1328,True,0.23386515605849847
SCN1A,Scn1a,21,tau,-0.3184084933390594,1.0078635542037189e-85,-0.13474632968995584,1328,True,0.20713371483065476
SCN1A,Scn1a,21,latency,-0.0204468983535518,0.2862746591761981,-0.08208804816624998,1328,True,0.040968841537158185
SCN1A,Scn1a,21,upstroke_downstroke_ratio_long_square,-0.3677991698256233,2.6591664203626435e-116,-0.42214117073420626,1328,True,0.3940344809090415
SCN1A,Scn1a,21,threshold_i_long_square,0.3449263608981738,4.296422164138435e-101,0.14016627491172845,1328,True,0.21987961052802393
HCN1,Hcn1,22,vrest,-0.1289545090138629,1.2949016608132986e-13,0.032902294201012414,1328,False,0.06513754059005625
HCN1,Hcn1,22,ri,-0.3533955234003531,2.1762550676409427e-106,-0.14531526337987158,1328,True,0.2266136879365187
HCN1,Hcn1,22,tau,-0.3934702290390164,3.952314202787429e-134,-0.034505002472705805,1328,True,0.11651905949640763
HCN1,Hcn1,22,latency,-0.0305593260951671,0.0996330589068823,-0.06749821858063558,1328,True,0.045416957983208314
HCN1,Hcn1,22,upstroke_downstroke_ratio_long_square,-0.2818305628750523,7.293517713310564e-67,-0.2838190865002372,1328,True,0.2828230770341151
HCN1,Hcn1,22,threshold_i_long_square,0.371348641241361,3.7861035711916493e-118,0.09639032425061289,1328,True,0.1891941223698012
CACNA1A,Cacna1a,23,vrest,-0.0540055010802823,0.003517721861834,-0.023017895535749587,1328,True,0.03525752376758398
CACNA1A,Cacna1a,23,ri,-0.2051315883397349,3.178852003055421e-35,-0.15436241060349967,1328,True,0.17794551544516715
CACNA1A,Cacna1a,23,tau,-0.0994384499227698,3.831911827852278e-09,0.10625092826674554,1328,False,0.10278826591445438
CACNA1A,Cacna1a,23,latency,0.0900031158209813,1.99023608072024e-07,0.04390914747823551,1328,True,0.06286461712349944
CACNA1A,Cacna1a,23,upstroke_downstroke_ratio_long_square,-0.3907205556438083,2.50413555472752e-132,-0.10211260007574041,1328,True,0.19974356520255485
CACNA1A,Cacna1a,23,threshold_i_long_square,0.2241937072220466,4.893645953611645e-42,0.08879448395564256,1328,True,0.1410927515462224
ERBB4,Erbb4,24,vrest,-0.1918577914522426,3.22687634275824e-29,0.11744342950205211,1328,False,0.15010808440867157
ERBB4,Erbb4,24,ri,-0.3756222942978272,4.635024720284479e-121,0.18122992873705834,1328,False,0.26090994926917904
ERBB4,Erbb4,24,tau,-0.5556159695656971,7.341836954543195e-293,-0.30060001312148116,1328,True,0.40867856286078064
ERBB4,Erbb4,24,latency,-0.2009718637636854,3.238639357574027e-33,-0.21710740018631758,1328,True,0.20888388844602768
ERBB4,Erbb4,24,upstroke_downstroke_ratio_long_square,-0.0577516161198253,0.0006411403162592,-0.5276368211770697,1328,True,0.17456196363269702
ERBB4,Erbb4,24,threshold_i_long_square,0.3588603539431659,6.619038533978822e-110,-0.053703642262402734,1328,False,0.13882401834813388
EYA4,Eya4,25,vrest,-0.0861110320136268,1.5106345925578518e-06,0.08094659518858245,1328,False,0.08348889057640012
EYA4,Eya4,25,ri,-0.2931163374211089,4.202155962816099e-72,-0.0640373113960044,1328,True,0.1370050443403156
EYA4,Eya4,25,tau,-0.1349717016541793,7.807540275779939e-16,-0.06674834065252527,1328,True,0.09491647444181736
EYA4,Eya4,25,latency,0.0744873203399209,2.015661010177511e-05,-0.08943718645887658,1328,False,0.08162068584656451
EYA4,Eya4,25,upstroke_downstroke_ratio_long_square,-0.5109291227027801,1.8913014846678044e-240,-0.3898632925757498,1328,True,0.4463098811921434
EYA4,Eya4,25,threshold_i_long_square,0.3255116129974828,1.448980270721212e-89,0.06997701546548199,1328,True,0.15092491900583827
CEMIP,Cemip,26,vrest,-0.1584446274677108,4.100835667647441e-20,-0.07939302250897028,1328,True,0.11215791490113113
CEMIP,Cemip,26,ri,-0.5405973719193492,6.105389000580451e-274,-0.2749890053989427,1328,True,0.385562360229035
CEMIP,Cemip,26,tau,-0.5015869489696636,3.6971706221251056e-230,-0.2901620794894656,1328,True,0.38149903297100773
CEMIP,Cemip,26,latency,-0.018575889206213,0.337577942650873,-0.07427950740030553,1328,True,0.03714576556971406
CEMIP,Cemip,26,upstroke_downstroke_ratio_long_square,-0.4282012832364922,1.81382728586616e-161,-0.33939519780890454,1328,True,0.38122101099765743
CEMIP,Cemip,26,threshold_i_long_square,0.5399792090034016,3.422182529469573e-273,0.29873185365341914,1328,True,0.40163290457816475
COL19A1,Col19a1,27,vrest,-0.0246521526984133,0.2160766315189382,0.1023749011445043,1328,False,0.0502370550042425
COL19A1,Col19a1,27,ri,-0.1187979489451624,1.5356712901868397e-12,-0.027023490947251518,1328,True,0.05665982084221273
COL19A1,Col19a1,27,tau,0.0354524296316119,0.0430621056866383,0.09209825512457169,1328,True,0.05714111399857477
COL19A1,Col19a1,27,latency,0.1972414513284355,5.080497803619723e-32,4.6582715394080376e-05,1328,True,0.0030311783832608513
COL19A1,Col19a1,27,upstroke_downstroke_ratio_long_square,-0.365568778749281,8.178289668326696e-115,-0.35242686944579554,1328,True,0.35893768297816236
COL19A1,Col19a1,27,threshold_i_long_square,0.2157846719996322,5.888962822899695e-39,-0.007541864199430825,1328,False,0.040341277775250865
GRM7,Grm7,28,vrest,0.1108285027872159,3.0403785691762244e-10,-0.03496336395939179,1328,False,0.06224899420893399
GRM7,Grm7,28,ri,0.4001048564819395,1.076357303678348e-138,0.0013216902412178488,1328,True,0.02299597104442531
GRM7,Grm7,28,tau,0.4164116337244279,1.2379892664144936e-151,0.3516205558587029,1328,True,0.3826472136527508
GRM7,Grm7,28,latency,-0.0462033496453331,0.010494256670381,0.11119269459146074,1328,False,0.07167618116373109
GRM7,Grm7,28,upstroke_downstroke_ratio_long_square,0.0681191194964148,5.378056586405437e-05,0.2809498199591211,1328,True,0.13834035694001803
GRM7,Grm7,28,threshold_i_long_square,-0.3934144940018898,1.0292504668883875e-133,-0.10252047648739783,1328,True,0.20083087756150014
ATRNL1,Atrnl1,29,vrest,-0.0918066504094249,2.711154648145395e-07,-0.07984382322136938,1328,True,0.08561655193849015
ATRNL1,Atrnl1,29,ri,-0.371494016896388,3.0107787938582232e-118,-0.2527601221150294,1328,True,0.30642923012619705
ATRNL1,Atrnl1,29,tau,-0.4046931435926444,1.5348686786637769e-142,-0.09595088126989784,1328,True,0.19705497652076576
ATRNL1,Atrnl1,29,latency,-0.0495623791635903,0.0057670150867644,0.00421201118012129,1328,False,0.014448435733685941
ATRNL1,Atrnl1,29,upstroke_downstroke_ratio_long_square,-0.2282781168415279,8.540403270419803e-44,-0.10951154514529596,1328,True,0.15811100309015225
ATRNL1,Atrnl1,29,threshold_i_long_square,0.3958935135569779,1.660047365806492e-135,0.2293491009893957,1328,True,0.30132676851190304
ANK1,Ank1,30,vrest,-0.0163725313202001,0.4414645561540061,0.07478207300394103,1328,False,0.03499102502709109
ANK1,Ank1,30,ri,-0.1485464952830955,6.108937003489018e-19,-0.04278105809853987,1328,True,0.07971810487612326
ANK1,Ank1,30,tau,0.0029522534630605,0.870444125660019,-0.012975306327798676,1328,False,0.006189215866369055
ANK1,Ank1,30,latency,0.0609504370818059,0.00057032768129,-0.07942881740440053,1328,False,0.06957888428028408
ANK1,Ank1,30,upstroke_downstroke_ratio_long_square,-0.46270662041925,8.802163319266859e-192,-0.4586723638636304,1328,True,0.4606850761236454
ANK1,Ank1,30,threshold_i_long_square,0.1964405200277565,2.2438534740998492e-32,0.02086345274754117,1328,True,0.06401896209172336
DCC,Dcc,31,vrest,0.0758359498876035,2.7456401681998823e-05,0.01736514395800417,1328,True,0.03628914695870137
DCC,Dcc,31,ri,0.3072238644177226,1.9582580824435515e-79,0.07377866337711192,1328,True,0.1505541964685496
DCC,Dcc,31,tau,0.2592190535535394,3.057019660459567e-56,0.10482474345316163,1328,True,0.16484104703295577
DCC,Dcc,31,latency,-0.1039754694422637,1.4728095001219095e-09,-0.013208565550857839,1328,True,0.03705896387932825
DCC,Dcc,31,upstroke_downstroke_ratio_long_square,0.1536739885646529,2.382899333728225e-20,0.1434672108799901,1328,True,0.14848292334195956
DCC,Dcc,31,threshold_i_long_square,-0.3155695684316359,5.5216418587310435e-84,-0.11621389550044467,1328,True,0.191503443438583
TSHZ3,Tshz3,32,vrest,-0.0090364244897496,0.6924557039371402,0.04141001118386007,1328,False,0.019344209448375966
TSHZ3,Tshz3,32,ri,-0.0419828896837902,0.0158539672401971,-0.15135951491376545,1328,True,0.07971517934005175
TSHZ3,Tshz3,32,tau,0.1478380443678446,9.156011449731086e-19,0.1584774429189933,1328,True,0.15306532996587008
TSHZ3,Tshz3,32,latency,0.0791924219005273,5.376631097342478e-06,0.02228660898674559,1328,True,0.042011076415755404
TSHZ3,Tshz3,32,upstroke_downstroke_ratio_long_square,-0.5270099820807524,1.619375991851093e-258,-0.122011125870656,1328,True,0.25357657868728106
TSHZ3,Tshz3,32,threshold_i_long_square,0.1060034161281991,2.981651730404588e-10,0.07442147332366263,1328,True,0.08881965101035849
ADCY2,Adcy2,33,vrest,0.1808728315152138,4.940757611584325e-26,0.022252813704444915,1328,True,0.06344233148224855
ADCY2,Adcy2,33,ri,0.4854879221800283,3.068622694003328e-213,0.07026419745528724,1328,True,0.1846954770052982
ADCY2,Adcy2,33,tau,0.5098368369446821,5.9479680921384105e-239,0.31841499101193005,1328,True,0.4029140005674806
ADCY2,Adcy2,33,latency,-0.0010366182506471,0.9596344501521796,0.13119218649810685,1328,False,0.011661741502290112
ADCY2,Adcy2,33,upstroke_downstroke_ratio_long_square,0.1697925948435466,1.366149006553377e-24,0.32323195811487065,1328,True,0.23426991463840263
ADCY2,Adcy2,33,threshold_i_long_square,-0.5065450821488791,3.1079839858099184e-235,-0.20276220432068776,1328,True,0.3204811967094334
RGS12,Rgs12,34,vrest,0.0867864647991688,1.2450114288315031e-06,0.09508118028098611,1328,True,0.09083919586565715
RGS12,Rgs12,34,ri,0.2399587829811911,4.4104363148725046e-48,0.22424609288265832,1328,True,0.2319694366428686
RGS12,Rgs12,34,tau,0.0663786317688217,0.0001016100071019,0.06589158716038648,1328,True,0.06613466111489885
RGS12,Rgs12,34,latency,-0.14570974341811,7.869578151245337e-18,-0.08625695268227435,1328,True,0.11210922550513963
RGS12,Rgs12,34,upstroke_downstroke_ratio_long_square,0.4258406421046355,1.614635001884037e-159,0.10009922762346996,1328,True,0.2064614234314888
RGS12,Rgs12,34,threshold_i_long_square,-0.2297386322445652,3.9551268675137923e-44,-0.1541408194421566,1328,True,0.18818103260344157
LAMA4,Lama4,35,vrest,0.1014813369227237,1.0682757025487166e-08,0.08509406389643524,1328,True,0.09292717238998464
LAMA4,Lama4,35,ri,0.2252411601002628,2.1083555344232495e-42,-0.04379752513836481,1328,False,0.09932273340824704
LAMA4,Lama4,35,tau,0.4059399384169953,1.7245572415574654e-143,0.30133465971926116,1328,True,0.34974815683480465
LAMA4,Lama4,35,latency,0.2082821298486025,1.230275344645983e-35,0.10277103977481099,1328,True,0.14630574510610672
LAMA4,Lama4,35,upstroke_downstroke_ratio_long_square,-0.0270122766931901,0.1170271815196676,0.06322733438317689,1328,False,0.041326919204451064
LAMA4,Lama4,35,threshold_i_long_square,-0.2079778045402565,3.2230051207584755e-36,-0.0820578226722262,1328,True,0.13063768906683587
FSTL5,Fstl5,36,vrest,0.066336238950531,0.0002758643057099,0.16353940252516702,1328,True,0.10415655948492421
FSTL5,Fstl5,36,ri,0.3445917419322086,6.464122605156677e-101,0.2095890357023847,1328,True,0.2687427225109112
FSTL5,Fstl5,36,tau,0.3498653448753358,1.9944478215625928e-104,0.17677410378302938,1328,True,0.2486908377586074
FSTL5,Fstl5,36,latency,0.0078777097662141,0.7197287120451116,-0.0406286928668698,1328,False,0.017890250154367696
FSTL5,Fstl5,36,upstroke_downstroke_ratio_long_square,0.1592034554233424,9.317775902125865e-22,-0.11301080965817133,1328,False,0.13413318529644525
FSTL5,Fstl5,36,threshold_i_long_square,-0.3681660644582873,4.9718388800950033e-116,-0.26492482837587666,1328,True,0.31230807136613314
RELN,Reln,37,vrest,0.0601592588963878,0.0010208508004384,0.13872563226392962,1328,True,0.09135442642220917
RELN,Reln,37,ri,0.1944756284939874,1.003407620635654e-31,0.10651725533140599,1328,True,0.1439271002140657
RELN,Reln,37,tau,0.335003159996817,2.543349994077101e-95,0.2963027430126001,1328,True,0.31505928842829856
RELN,Reln,37,latency,0.2082817140922978,1.230275344645983e-35,0.04026394342830005,1328,True,0.09157643339506974
RELN,Reln,37,upstroke_downstroke_ratio_long_square,0.1297946862637366,7.126285501449925e-15,0.004738684785767534,1328,True,0.024800324696895384
RELN,Reln,37,threshold_i_long_square,-0.1252911983704051,7.75931845261021e-14,-0.1662916553256856,1328,True,0.14434292769219248
NRXN3,Nrxn3,38,vrest,0.126915416918429,3.212107944070028e-13,0.13876249596092383,1328,True,0.13270681982295585
NRXN3,Nrxn3,38,ri,0.3774520374472579,2.5655417194245364e-122,0.19080255112847141,1328,True,0.2683632084947118
NRXN3,Nrxn3,38,tau,0.408175686604708,3.459112159235447e-145,0.23945628306586406,1328,True,0.31263434352645963
NRXN3,Nrxn3,38,latency,-0.0369581310524955,0.0435512697720337,-0.05612628021298821,1328,True,0.04554472987734918
NRXN3,Nrxn3,38,upstroke_downstroke_ratio_long_square,-0.0122352389147283,0.4869837338103496,-0.11634476318340542,1328,True,0.03772937812933643
NRXN3,Nrxn3,38,threshold_i_long_square,-0.3357293943395608,1.656181458795907e-95,-0.2336657731346903,1328,True,0.28008653750652635
UNC13C,Unc13c,39,vrest,0.0805674876953552,7.561534198714394e-06,0.13469325887066183,1328,True,0.10417244106148871
UNC13C,Unc13c,39,ri,0.1782431864740548,8.507875124721788e-27,0.10246107632370886,1328,True,0.13514062576997043
UNC13C,Unc13c,39,tau,0.3270461189444824,1.2057812245712134e-90,0.2566120390721548,1328,True,0.2896963435271113
UNC13C,Unc13c,39,latency,0.1064292851119459,5.887809923841898e-10,0.022047531476637187,1328,True,0.0484407164846023
UNC13C,Unc13c,39,upstroke_downstroke_ratio_long_square,-0.126137758745518,4.083823652084583e-14,-0.08210846974667683,1328,True,0.10176924067649314
UNC13C,Unc13c,39,threshold_i_long_square,-0.1447358511792787,4.695740060613733e-18,-0.16830509510311328,1328,True,0.1560762031751111
SORCS3,Sorcs3,40,vrest,0.0273741592227103,0.1661963651717424,-0.07482887020213601,1328,False,0.045259003605567734
SORCS3,Sorcs3,40,ri,0.2332082425088854,1.9781154366320752e-45,0.10644146278870052,1328,True,0.15755324962382647
SORCS3,Sorcs3,40,tau,-0.0211203780233121,0.2401859232257725,0.03202627329820763,1328,False,0.026007825721041187
SORCS3,Sorcs3,40,latency,-0.1630727339248514,4.0469275747313033e-22,0.023621553719765813,1328,False,0.06206473511290412
SORCS3,Sorcs3,40,upstroke_downstroke_ratio_long_square,0.6234767024613235,0.0,0.36498881393029775,1328,True,0.477034613151427
SORCS3,Sorcs3,40,threshold_i_long_square,-0.2835649452085771,1.960173162758356e-67,-0.08766285415200363,1328,True,0.15766455668424784
TRPM3,Trpm3,41,vrest,0.1939416933287915,8.686830335510847e-30,0.022805905839624517,1328,True,0.06650575912230274
TRPM3,Trpm3,41,ri,0.3276068497670879,8.781045842440936e-91,0.046675125039236286,1328,True,0.12365714971884612
TRPM3,Trpm3,41,tau,0.3515538127974993,1.7354624628218714e-105,0.22325951578218609,1328,True,0.2801566240811575
TRPM3,Trpm3,41,latency,0.0275419430241714,0.1420223058522786,0.060635528712086724,1328,True,0.04086588157655236
TRPM3,Trpm3,41,upstroke_downstroke_ratio_long_square,0.1887915194438343,3.658553086890136e-30,0.24191763025317436,1328,True,0.21371007696350794
TRPM3,Trpm3,41,threshold_i_long_square,-0.3191343784334156,5.6985106429747945e-86,-0.06267549165563613,1328,True,0.14142808799008125
GALNT14,Galnt14,42,vrest,0.153755960449174,5.116969684618215e-19,0.15906766277136808,1328,True,0.1563892619901284
GALNT14,Galnt14,42,ri,0.4528106863023696,3.4091820108010997e-182,0.3142238310571608,1328,True,0.3772053931130264
GALNT14,Galnt14,42,tau,0.422665799468237,1.240676443289246e-156,0.20392112017651845,1328,True,0.2935821576456352
GALNT14,Galnt14,42,latency,-0.0056415584699246,0.7981523933810521,-0.07435687076223677,1328,True,0.02048142168028835
GALNT14,Galnt14,42,upstroke_downstroke_ratio_long_square,0.4021889455023458,7.676540132922869e-141,0.03464142049998632,1328,True,0.11803557252622128
GALNT14,Galnt14,42,threshold_i_long_square,-0.4725215963453826,1.3976403519128333e-200,-0.34651098428558663,1328,True,0.4046404866617219
KIT,Kit,43,vrest,-0.003511297948499,0.8799515926972244,0.11894480838160318,1328,False,0.020436503166024512
KIT,Kit,43,ri,0.0713323059041135,2.8579977091664965e-05,0.2302157167498653,1328,True,0.12814764114542312
KIT,Kit,43,tau,-0.1839594787347678,1.625684379968993e-28,-0.06049279264741971,1328,True,0.1054903910440649
KIT,Kit,43,latency,-0.0698951331321229,6.828874034872477e-05,-0.06954309961508592,1328,True,0.06971889418240163
KIT,Kit,43,upstroke_downstroke_ratio_long_square,0.6334340322713206,0.0,0.08817096039573037,1328,True,0.23632707625810123
KIT,Kit,43,threshold_i_long_square,-0.1227270494239792,2.5134425449248445e-13,-0.18146813103027312,1328,True,0.14923487623819529
CNTN5,Cntn5,44,vrest,-0.1003944471116755,1.5456610332756032e-08,-0.029682472602577233,1328,True,0.0545889679866106
CNTN5,Cntn5,44,ri,-0.3034748518815984,1.882292465944279e-77,-0.0873593219014357,1328,True,0.16282308581560256
CNTN5,Cntn5,44,tau,-0.3693182687439181,3.848321369957541e-117,-0.0036229917374929993,1328,True,0.03657918856623851
CNTN5,Cntn5,44,latency,-0.0863742779914262,6.262619866206653e-07,-0.007677498352604179,1328,True,0.02575147329739699
CNTN5,Cntn5,44,upstroke_downstroke_ratio_long_square,-0.0151154526655873,0.3874973237755437,-0.029903396357928737,1328,True,0.021260370932525318
CNTN5,Cntn5,44,threshold_i_long_square,0.3036937189752157,1.3462787718421899e-77,0.1125712602090591,1328,True,0.18489776813854697
HDAC9,Hdac9,45,vrest,-0.0033789909132161,0.8851159694796132,-0.02021984089617911,1328,True,0.008265752153002442
HDAC9,Hdac9,45,ri,0.0931617499159848,3.5855938826144685e-08,0.000570372684054224,1328,True,0.007289507346231886
HDAC9,Hdac9,45,tau,-0.0387682408048472,0.0265132959658771,0.11841673356773247,1328,False,0.06775550488541345
HDAC9,Hdac9,45,latency,-0.0438222739204566,0.0155099363106437,0.06691787598501775,1328,False,0.054152502172942964
HDAC9,Hdac9,45,upstroke_downstroke_ratio_long_square,0.4054545649405004,2.4501549771841293e-143,0.2072630588272925,1328,True,0.2898892087419903
HDAC9,Hdac9,45,threshold_i_long_square,-0.125019414911972,8.803679276984613e-14,-0.009479666620582524,1328,True,0.03442589685782751
PDZRN4,Pdzrn4,46,vrest,0.0601550035487891,0.0010208508004384,-0.03337606844227506,1328,False,0.04480778409595462
PDZRN4,Pdzrn4,46,ri,0.2936834024156293,2.184563479959557e-72,-0.03677005891349382,1328,False,0.10391706312602374
PDZRN4,Pdzrn4,46,tau,0.193448833702495,1.9778953721736603e-31,0.15305337896042773,1328,True,0.17206974648124734
PDZRN4,Pdzrn4,46,latency,-0.0642404345871254,0.0002692377323984,0.04253902949262996,1328,False,0.05227547935237986
PDZRN4,Pdzrn4,46,upstroke_downstroke_ratio_long_square,0.3685272243220832,8.642736187657936e-117,0.287964711560118,1328,True,0.3257650009653578
PDZRN4,Pdzrn4,46,threshold_i_long_square,-0.3353189853288288,2.8588988786891057e-95,-0.023680816886730932,1328,True,0.08911019857578824
RUNX1T1,Runx1t1,47,vrest,0.0896694596110847,5.219699057106401e-07,0.003747553515902143,1328,True,0.01833142380271008
RUNX1T1,Runx1t1,47,ri,0.178569529056506,6.867130709352406e-27,-0.10899938806066288,1328,False,0.13951333052235515
RUNX1T1,Runx1t1,47,tau,0.3866203254635166,3.676704954932276e-129,0.1880152159062031,1328,True,0.26961176525839814
RUNX1T1,Runx1t1,47,latency,0.0830892831902955,1.7020690085617489e-06,0.044623369048642864,1328,True,0.06089108102002915
RUNX1T1,Runx1t1,47,upstroke_downstroke_ratio_long_square,-0.3515323885662683,1.0233714035740362e-105,-0.10198299430606471,1328,True,0.18934182206145336
RUNX1T1,Runx1t1,47,threshold_i_long_square,-0.1303393250813734,7.092922621872459e-15,-0.0023985507841020335,1328,True,0.017681218577158587
RYR3,Ryr3,48,vrest,0.0793430374468951,1.0648081694248248e-05,-0.0020614569191958025,1328,False,0.012789145926719014
RYR3,Ryr3,48,ri,0.1745027169952435,9.94548240916034e-26,-0.05637685693623613,1328,False,0.09918626271326762
RYR3,Ryr3,48,tau,0.2419406272845602,6.1372770446000766e-49,0.17252638454072008,1328,True,0.20430648961528133
RYR3,Ryr3,48,latency,0.0688466896573304,8.858992349517164e-05,0.0778164192126706,1328,True,0.0731942816330583
RYR3,Ryr3,48,upstroke_downstroke_ratio_long_square,0.1486975392353082,3.987551770473197e-19,0.30612190913381876,1328,True,0.21335316869972537
RYR3,Ryr3,48,threshold_i_long_square,-0.2059355642739787,1.6031705619484184e-35,-0.026091779432561368,1328,True,0.07330228727916147
SCN8A,Scn8a,49,vrest,-0.0519760837450183,0.0051365584415313,-0.08704544976521625,1328,True,0.06726278009880103
SCN8A,Scn8a,49,ri,-0.2095716919260315,9.497938817109005e-37,-0.26916883371899736,1328,True,0.23750824805940302
SCN8A,Scn8a,49,tau,-0.1852018434622211,6.907335228673065e-29,0.02959555388540905,1328,False,0.07403479680436258
SCN8A,Scn8a,49,latency,-0.0371928428136028,0.042075191273813,0.06717920298874648,1328,False,0.04998585336976416
SCN8A,Scn8a,49,upstroke_downstroke_ratio_long_square,-0.3206763385294896,3.259429062514536e-87,-0.015996262234665895,1328,True,0.07162138509949532
SCN8A,Scn8a,49,threshold_i_long_square,0.2265601588632652,6.3834249941440765e-43,0.19545478661413465,1328,True,0.21043352277116864
KCND3,Kcnd3,50,vrest,0.1503797672284913,3.0738724835595226e-18,-0.0023160502638401347,1328,False,0.01866245159580502
KCND3,Kcnd3,50,ri,0.3575975477157145,4.4201058421488045e-109,0.08080575853007468,1328,True,0.16998806161511135
KCND3,Kcnd3,50,tau,0.3449345295268188,2.35275391787777e-101,0.25771997883182896,1328,True,0.2981551938974376
KCND3,Kcnd3,50,latency,0.1035026162419077,1.7595158742846092e-09,0.12584056931198476,1328,True,0.11412636922798142
KCND3,Kcnd3,50,upstroke_downstroke_ratio_long_square,0.4177341072160913,5.842693464109752e-153,0.2683800657076693,1328,True,0.3348305648279278
KCND3,Kcnd3,50,threshold_i_long_square,-0.3390798482031335,1.6265242857264782e-97,-0.12038594612711315,1328,True,0.20204070960717826
CACNA2D1,Cacna2d1,51,vrest,-0.0268717539201075,0.1738696104716125,-0.17775150000402284,1328,True,0.0691121882668903
CACNA2D1,Cacna2d1,51,ri,0.0125109674047252,0.5012103597568188,-0.22275298992277967,1328,False,0.052790675277258746
CACNA2D1,Cacna2d1,51,tau,-0.1995994560385667,2.0405104811004992e-33,0.025121271697972923,1328,False,0.070810960775239
CACNA2D1,Cacna2d1,51,latency,-0.0650120976187007,0.0002255038800123,0.1893383921071402,1328,False,0.11094722182478131
CACNA2D1,Cacna2d1,51,upstroke_downstroke_ratio_long_square,0.6150191178448696,0.0,0.5523778067081717,1328,True,0.5828575395401038
CACNA2D1,Cacna2d1,51,threshold_i_long_square,-0.0640618470021549,0.0001743413888018,0.19560397496892543,1328,False,0.11194084115046053
DGKI,Dgki,52,vrest,-0.043393131222986,0.0220534575569867,-0.11815844057786112,1328,True,0.071604921039678
DGKI,Dgki,52,ri,-0.2135082451886217,3.9398620316283203e-38,-0.27991914983878263,1328,True,0.24446890697340087
DGKI,Dgki,52,tau,-0.0766806359072192,6.578672878480267e-06,0.04097890844222136,1328,False,0.05605612150455334
DGKI,Dgki,52,latency,0.0633584577162769,0.0003297148360455,0.05618920924518936,1328,True,0.05966625208668939
DGKI,Dgki,52,upstroke_downstroke_ratio_long_square,-0.4514742948172269,1.6852337007987698e-181,-0.023997020856648205,1328,True,0.10408668535874094
DGKI,Dgki,52,threshold_i_long_square,0.224339952920115,4.33288605533203e-42,0.20324244862080915,1328,True,0.21353079720490253
PPARGC1A,Ppargc1a,53,vrest,-0.0595010987768371,0.0011762584551322,0.023614111498058723,1328,False,0.037484204416970576
PPARGC1A,Ppargc1a,53,ri,-0.236463551813899,1.0674926405141631e-46,-0.22641872255006334,1328,True,0.2313866360258382
PPARGC1A,Ppargc1a,53,tau,-0.1985377335421844,4.544504221386471e-33,-0.004501852003304742,1328,True,0.029896278923612983
PPARGC1A,Ppargc1a,53,latency,-0.1293878041707402,3.1453548925274374e-14,-0.06946278949561807,1328,True,0.09480315292442747
PPARGC1A,Ppargc1a,53,upstroke_downstroke_ratio_long_square,-0.5307439860290708,7.607724822344536e-263,-0.37055438811630836,1328,True,0.44347436565083764
PPARGC1A,Ppargc1a,53,threshold_i_long_square,0.275870898703659,9.110276638333228e-64,0.15846179031060084,1328,True,0.2090813155286149
NTRK3,Ntrk3,54,vrest,-0.0498177348112996,0.0076390473600542,-0.12765041907413002,1328,True,0.07974493542530628
NTRK3,Ntrk3,54,ri,-0.1500384454615625,2.682379167949912e-19,-0.27108136712973835,1328,True,0.20167455694197284
NTRK3,Ntrk3,54,tau,-0.3382131385771588,3.096279286295455e-97,-0.12902670050396825,1328,True,0.20889836126140907
NTRK3,Ntrk3,54,latency,-0.3169785752047494,1.9224360114873075e-83,-0.05960631321996494,1328,True,0.13745517173854357
NTRK3,Ntrk3,54,upstroke_downstroke_ratio_long_square,-0.1397992941386563,4.818045973508056e-17,-0.03189516185826289,1328,True,0.06677515341969156
NTRK3,Ntrk3,54,threshold_i_long_square,0.1760862100876128,3.30642765271744e-26,0.25036917602868525,1328,True,0.20996799596521748
TRPS1,Trps1,55,vrest,-0.0821297873464485,4.891856952897866e-06,-0.11827548282331,1328,True,0.0985593235192743
TRPS1,Trps1,55,ri,-0.3491965770260919,9.247670582773702e-104,-0.2674784304629204,1328,True,0.30561831153575103
TRPS1,Trps1,55,tau,-0.3663503788247894,3.7790159721732923e-115,-0.2142061728396715,1328,True,0.2801330265542104
TRPS1,Trps1,55,latency,-0.0066212527358108,0.7640784913453662,0.007604193958773437,1328,False,0.007095723363629995
TRPS1,Trps1,55,upstroke_downstroke_ratio_long_square,-0.270631773861874,1.373777221574402e-61,-0.12792520200943594,1328,True,0.18606618269167619
TRPS1,Trps1,55,threshold_i_long_square,0.34874531200864,1.876161110844009e-103,0.2886882396228674,1328,True,0.31729902332106524
NETO1,Neto1,56,vrest,0.0694351000444081,0.0001341823056014,0.016969347678117933,1328,True,0.034325913734647516
NETO1,Neto1,56,ri,0.1746462909672416,9.073018060602996e-26,-0.07942185640937915,1328,False,0.11777407458193384
NETO1,Neto1,56,tau,0.4120113680614053,3.745067689689442e-148,0.2638725443382353,1328,True,0.32972486710383275
NETO1,Neto1,56,latency,0.1955986062215415,1.632526096807254e-31,0.03212265408719818,1328,True,0.07926630032739429
NETO1,Neto1,56,upstroke_downstroke_ratio_long_square,-0.2409124289030415,9.470690223989703e-49,0.032219660720245465,1328,False,0.08810287579044315
NETO1,Neto1,56,threshold_i_long_square,-0.121029114543673,5.400761914329317e-13,-0.004953288053219668,1328,True,0.024484527096942883
LINGO2,Lingo2,57,vrest,0.0718293763610023,7.613291990606999e-05,0.03178233293303448,1328,True,0.04777975673732142
LINGO2,Lingo2,57,ri,0.2702749474515805,4.275473074055115e-61,0.052729547473803505,1328,True,0.11937954461559928
LINGO2,Lingo2,57,tau,0.2135407606068377,3.62189246724095e-38,0.27175832891300183,1328,True,0.24089724003675422
LINGO2,Lingo2,57,latency,0.0406718095564995,0.0254618140922289,0.11213155496587836,1328,True,0.06753216455028198
LINGO2,Lingo2,57,upstroke_downstroke_ratio_long_square,0.4365573843691633,1.881718708568087e-168,0.28327303416375876,1328,True,0.3516602548722946
LINGO2,Lingo2,57,threshold_i_long_square,-0.2503093046972076,2.2411581542754482e-52,-0.10715241548269352,1328,True,0.16377193476325336
ALK,Alk,58,vrest,-0.0422905998557426,0.0256231967264192,0.08343097684819843,1328,False,0.059399882638443695
ALK,Alk,58,ri,-0.2628174083677906,9.595658698262633e-58,0.018654549819759572,1328,False,0.07001957182029211
ALK,Alk,58,tau,-0.206704773479024,8.565606152186811e-36,-0.12703128692700064,1328,True,0.1620431220045904
ALK,Alk,58,latency,0.2056669975855254,9.20752450123798e-35,-0.06592506791715713,1328,False,0.11644144787893851
ALK,Alk,58,upstroke_downstroke_ratio_long_square,-0.0849672722486948,4.319927337430667e-07,-0.3504055816084667,1328,True,0.17254856258453397
ALK,Alk,58,threshold_i_long_square,0.302434836548171,6.1108624641215966e-77,0.02123924773153236,1328,True,0.08014666815340549
PTPRM,Ptprm,59,vrest,-0.0818745520906375,5.268736448701932e-06,0.13768637733267722,1328,False,0.1061744341783626
PTPRM,Ptprm,59,ri,-0.2667676514396019,1.667408472990049e-59,0.09327237448566181,1328,False,0.15774045862027614
PTPRM,Ptprm,59,tau,-0.0858251555909338,4.140411211861401e-07,0.05063905480431685,1328,False,0.06592499342099564
PTPRM,Ptprm,59,latency,0.2628665288950667,6.330388453665172e-57,-0.04824864372185254,1328,False,0.11261861968190752
PTPRM,Ptprm,59,upstroke_downstroke_ratio_long_square,-0.2692442050500315,5.9043281749562116e-61,-0.43066982246011143,1328,True,0.3405221784073849
PTPRM,Ptprm,59,threshold_i_long_square,0.3250638439992882,2.58334039420851e-89,-0.0659461914517211,1328,False,0.14641284947165487
NELL1,Nell1,60,vrest,0.1392872200503488,9.315061034938824e-16,-0.05087045184972771,1328,False,0.08417602877811294
NELL1,Nell1,60,ri,0.3612984024956941,1.8120992326506417e-111,-0.037787645191735,1328,False,0.11684440868885405
NELL1,Nell1,60,tau,0.3897490783749138,2.095691616136636e-131,0.26893906380548244,1328,True,0.3237572427872447
NELL1,Nell1,60,latency,-0.0446398927402414,0.0136238067083466,0.11052602504151443,1328,False,0.07024151125124259
NELL1,Nell1,60,upstroke_downstroke_ratio_long_square,0.0527736074468963,0.0018539302654973,0.19338945128445978,1328,True,0.101024051524658
NELL1,Nell1,60,threshold_i_long_square,-0.3139819237426182,3.960236564154635e-83,-0.03401953949928428,1328,True,0.10335144148401253
THSD7B,Thsd7b,61,vrest,0.0589372017237832,0.0013182823997383,0.025513258405309318,1328,True,0.03877731369325011
THSD7B,Thsd7b,61,ri,0.1782278717809605,8.566055066976708e-27,0.10206272957447243,1328,True,0.13487187653552507
THSD7B,Thsd7b,61,tau,0.3228465684758301,3.1379150227769283e-88,0.036917471650312235,1328,True,0.10917270281122038
THSD7B,Thsd7b,61,latency,0.1922136966108317,1.8276746691491245e-30,-0.03827710827990203,1328,False,0.08577519733613582
THSD7B,Thsd7b,61,upstroke_downstroke_ratio_long_square,0.0159255222994715,0.3616817143100789,0.05627747779236545,1328,True,0.029937405157099507
THSD7B,Thsd7b,61,threshold_i_long_square,-0.1976654780324525,9.064056587584755e-33,-0.10632558883260079,1328,True,0.14497206056229603
TENM2,Tenm2,62,vrest,0.0184855821716749,0.3736339145456864,-0.05240916014149734,1328,False,0.031125774469788186
TENM2,Tenm2,62,ri,-0.0618287120085475,0.0003102728598669,-0.22720899290592905,1328,True,0.11852442528075299
TENM2,Tenm2,62,tau,0.0570448597918618,0.000891533114618,0.10743670738598009,1328,True,0.0782860901395166
TENM2,Tenm2,62,latency,0.0054933243869423,0.8027956463072857,0.05205475257161319,1328,True,0.016910163859581318
TENM2,Tenm2,62,upstroke_downstroke_ratio_long_square,-0.4328091858122943,2.727634704503614e-165,0.03125702087248863,1328,False,0.11631133115367433
TENM2,Tenm2,62,threshold_i_long_square,0.1094338524114085,7.552321570831882e-11,0.14807025549857397,1328,True,0.12729453439464905
TENM4,Tenm4,63,vrest,0.0128321211888251,0.5608402926925099,-0.10835326388226885,1328,False,0.03728809747549504
TENM4,Tenm4,63,ri,-0.0989410952658557,4.563392688205802e-09,-0.2921414104242414,1328,True,0.1700140909450929
TENM4,Tenm4,63,tau,0.0735367865015299,1.5682053866656124e-05,0.1442785687936343,1328,True,0.1030037975519533
TENM4,Tenm4,63,latency,0.1262982490579835,1.3633343124422357e-13,0.14258026196050771,1328,True,0.13419253867425243
TENM4,Tenm4,63,upstroke_downstroke_ratio_long_square,-0.3524073938617346,2.85162280503643e-106,0.1260566188233258,1328,False,0.21076831953249123
TENM4,Tenm4,63,threshold_i_long_square,0.1759431704755117,3.614961021128231e-26,0.19887821300488234,1328,True,0.1870595181608868
COL11A1,Col11a1,64,vrest,0.0589557218253212,0.0013182823997383,0.01097845302427922,1328,True,0.02544096347569726
COL11A1,Col11a1,64,ri,-0.1441358078910156,6.781296049125935e-18,-0.21550426876105286,1328,True,0.1762438137406159
COL11A1,Col11a1,64,tau,-0.0217269291647312,0.2263685228234588,-0.02128203644952729,1328,True,0.021503332263165795
COL11A1,Col11a1,64,latency,0.0307132647232595,0.0981548657550094,-0.0359456719434567,1328,False,0.03322662995331948
COL11A1,Col11a1,64,upstroke_downstroke_ratio_long_square,-0.3928135024507043,7.547662124314575e-134,-0.28464222440450343,1328,True,0.3343819808448002
COL11A1,Col11a1,64,threshold_i_long_square,0.1699230361142355,1.7644544257947444e-24,0.16345155437847927,1328,True,0.1666558861174194
CHRM3,Chrm3,65,vrest,0.063759890832027,0.0004904416052405,0.03599687407615943,1328,True,0.04790779436991593
CHRM3,Chrm3,65,ri,0.3287826334329501,1.8714222382175736e-91,0.031175832632236247,1328,True,0.10124264097845104
CHRM3,Chrm3,65,tau,0.3888888500833277,8.689735910849011e-131,0.3275941307711312,1328,True,0.3569281507665548
CHRM3,Chrm3,65,latency,-0.0571695184602075,0.0012792898115065,0.09066743489252432,1328,False,0.07199592761280203
CHRM3,Chrm3,65,upstroke_downstroke_ratio_long_square,-0.0373809287425513,0.0288791526722693,0.1652174108616952,1328,False,0.07858740524059724
CHRM3,Chrm3,65,threshold_i_long_square,-0.28421520809022,9.580057596025676e-68,-0.13781700059342797,1328,True,0.19791333331039399
SCN3A,Scn3a,66,vrest,0.1422383410377008,2.1699304742610838e-16,0.007291936888850838,1328,True,0.03220548099348551
SCN3A,Scn3a,66,ri,0.2774303487965406,1.930217918184267e-64,0.006842829718764346,1328,True,0.04357073141034158
SCN3A,Scn3a,66,tau,0.3012457678684675,2.029623547683e-76,0.13546917300245936,1328,True,0.202013650636862
SCN3A,Scn3a,66,latency,0.0244462122309713,0.1945411743397386,0.029296730431650913,1328,True,0.026761802813070976
SCN3A,Scn3a,66,upstroke_downstroke_ratio_long_square,0.1718080626043918,3.739122726505044e-25,0.1352946756034477,1328,True,0.15246217923182795
SCN3A,Scn3a,66,threshold_i_long_square,-0.2599183433869356,1.6779746206032624e-56,-0.03527136256400902,1328,True,0.09574797191918584
LRRC7,Lrrc7,67,vrest,0.051228784154432,0.0059059136612714,-0.03954723446498919,1328,False,0.045010629170359806
LRRC7,Lrrc7,67,ri,0.2265589844736488,6.739179699163589e-43,-0.11415237771686668,1328,False,0.16081743304376453
LRRC7,Lrrc7,67,tau,0.3488487153808522,8.640530906387607e-104,0.25274398543420734,1328,True,0.2969333504996703
LRRC7,Lrrc7,67,latency,0.0694693568759585,7.605241109171602e-05,0.09358575748412719,1328,True,0.08063090217262693
LRRC7,Lrrc7,67,upstroke_downstroke_ratio_long_square,-0.0956761163842547,1.1704496850315934e-08,0.25204005146954006,1328,False,0.15528751816515474
LRRC7,Lrrc7,67,threshold_i_long_square,-0.2449227948900396,3.872635339343243e-50,0.000672217712481888,1328,False,0.012831268094605969
KCNQ3,Kcnq3,68,vrest,-0.0231429574968683,0.2494823968616766,-0.03227892358782462,1328,True,0.027331845101230996
KCNQ3,Kcnq3,68,ri,-0.0204038133623398,0.2579630890548189,-0.17195554519888417,1328,True,0.05923300474277342
KCNQ3,Kcnq3,68,tau,0.1041105674215637,6.582521617425105e-10,0.16378271625353902,1328,True,0.13058143636444236
KCNQ3,Kcnq3,68,latency,0.0424381331808424,0.0194921244141143,0.05522098442969796,1328,True,0.048409456634058046
KCNQ3,Kcnq3,68,upstroke_downstroke_ratio_long_square,-0.4122669449519742,1.2533341755718165e-148,-0.09567152454574691,1328,True,0.19860062221295505
KCNQ3,Kcnq3,68,threshold_i_long_square,0.0885005777186876,1.6664645848206709e-07,0.10445509242390787,1328,True,0.09614747019643707
RIMBP2,Rimbp2,69,vrest,-0.0710539869343262,9.26660086734872e-05,-0.12071636865986457,1328,True,0.09261414190887546
RIMBP2,Rimbp2,69,ri,-0.284394216845115,8.976736633322823e-68,-0.23846798175287942,1328,True,0.26042064993630076
RIMBP2,Rimbp2,69,tau,-0.2153856479187029,8.16259036645164e-39,0.0384223050924075,1328,False,0.09097039670606184
RIMBP2,Rimbp2,69,latency,0.1769895517954549,6.312088380114501e-26,0.1623041894543831,1328,True,0.16948789262379735
RIMBP2,Rimbp2,69,upstroke_downstroke_ratio_long_square,-0.1134459383917653,1.1664245890908411e-11,0.17560457929782058,1328,False,0.14114399131501282
RIMBP2,Rimbp2,69,threshold_i_long_square,0.2987958710572863,4.756350787216264e-75,0.20935600479180688,1328,True,0.25010939569084834
DOCK10,Dock10,70,vrest,0.0959084109227186,7.057678629717472e-08,0.07537881252908928,1328,True,0.08502624375395201
DOCK10,Dock10,70,ri,0.1232642132426695,2.1138949667804994e-13,0.06146085323597129,1328,True,0.08703978239492087
DOCK10,Dock10,70,tau,0.0143015015724077,0.4345051516089419,0.07565822200504861,1328,True,0.03289416636686167
DOCK10,Dock10,70,latency,-0.0320712688847792,0.0833157242410116,-0.03190865416989836,1328,True,0.03198985819965824
DOCK10,Dock10,70,upstroke_downstroke_ratio_long_square,0.4161167596500858,1.1363329511170398e-151,0.07154533235245855,1328,True,0.17254336227914854
DOCK10,Dock10,70,threshold_i_long_square,-0.1583683676517441,2.134487731770616e-21,-0.03766093559579437,1328,True,0.07722888639973659
GRIA4,Gria4,71,vrest,-0.0783485777654291,1.4006213520606364e-05,-0.05829295769420776,1328,True,0.06758084291484906
GRIA4,Gria4,71,ri,-0.2352074618736802,3.3322092417644877e-46,-0.13007378144759035,1328,True,0.17491233229992537
GRIA4,Gria4,71,tau,-0.1774687808506599,1.35872921698006e-26,-0.01948207591145554,1328,True,0.05880017228245189
GRIA4,Gria4,71,latency,0.0709234491839394,5.259998636722901e-05,0.03640357252582545,1328,True,0.05081207460977394
GRIA4,Gria4,71,upstroke_downstroke_ratio_long_square,-0.3576177358003788,1.3376156804366466e-109,-0.16716856319693538,1328,True,0.24450448475946318
GRIA4,Gria4,71,threshold_i_long_square,0.2323387397437333,3.9156454736387154e-45,0.12274808829202519,1328,True,0.1688760970052353
KCNQ5,Kcnq5,72,vrest,-0.0844469655292002,2.499349371697213e-06,-0.13292944001133458,1328,True,0.1059504027290744
KCNQ5,Kcnq5,72,ri,-0.1180457966978107,2.1446770450536243e-12,-0.1416309873454661,1328,True,0.12930175071627256
KCNQ5,Kcnq5,72,tau,-0.3035994806849542,1.1634671212060831e-77,0.04200040059883847,1328,False,0.11292165341672694
KCNQ5,Kcnq5,72,latency,-0.1315616224600209,1.1049756865709036e-14,0.08555874118111007,1328,False,0.10609546081441866
KCNQ5,Kcnq5,72,upstroke_downstroke_ratio_long_square,0.375715807714207,1.0761984405423209e-121,0.318449260425781,1328,True,0.3458994378383176
KCNQ5,Kcnq5,72,threshold_i_long_square,0.0761722606008146,7.215165717233938e-06,0.10511448490273105,1328,True,0.0894807685311834
CDH4,Cdh4,73,vrest,0.1249890231870552,7.47760466795461e-13,0.03332966792884437,1328,True,0.06454333921928102
CDH4,Cdh4,73,ri,0.3709253791268657,7.099779608065991e-118,0.02220124904177043,1328,True,0.09074693778805244
CDH4,Cdh4,73,tau,0.4784248213234987,1.6789293728117666e-206,0.1634202085909945,1328,True,0.27961452769088274
CDH4,Cdh4,73,latency,0.1729816245638805,8.578858103651047e-25,0.08353049695307521,1328,True,0.12020499600087851
CDH4,Cdh4,73,upstroke_downstroke_ratio_long_square,-0.006328589265046,0.7249752136786988,0.0636847826579568,1328,False,0.020075727430803922
CDH4,Cdh4,73,threshold_i_long_square,-0.3459851990987398,9.632592685032876e-102,-0.06310832660371024,1328,True,0.14776517500674163
SLIT3,Slit3,74,vrest,-0.0911875126694265,3.31056785328886e-07,-0.19866856317447848,1328,True,0.1345960330822923
SLIT3,Slit3,74,ri,-0.1305822029995585,6.9232170562359536e-15,-0.38211788135533864,1328,True,0.22337814296144562
SLIT3,Slit3,74,tau,-0.0788352182560831,3.5210356165415745e-06,0.055233764578448044,1328,False,0.06598761918456418
SLIT3,Slit3,74,latency,-0.048798121351612,0.0066300951837003,0.12836958609619453,1328,False,0.07914666537623873
SLIT3,Slit3,74,upstroke_downstroke_ratio_long_square,-0.2685615914953559,1.2138594035057628e-60,0.19797126661243641,1328,False,0.23058074167585493
SLIT3,Slit3,74,threshold_i_long_square,0.1355935012734286,5.272860135678637e-16,0.3129778931236006,1328,True,0.20600429206647597
TRPC3,Trpc3,75,vrest,-0.0752887891873353,3.142829889262168e-05,-0.029152075204880022,1328,True,0.04684895350457208
TRPC3,Trpc3,75,ri,-0.3385435196165343,3.025510783511021e-97,-0.18831358659353375,1328,True,0.2524922660142047
TRPC3,Trpc3,75,tau,-0.4481945265150885,2.5826233051445246e-178,-0.040310042942549376,1328,True,0.13441257608735427
TRPC3,Trpc3,75,latency,-0.1342263590365648,3.032816736003387e-15,0.06622196676530392,1328,False,0.0942800800124138
TRPC3,Trpc3,75,upstroke_downstroke_ratio_long_square,-0.1673576369434212,6.3324689597976325e-24,-0.09150639084140393,1328,True,0.12375093266896407
TRPC3,Trpc3,75,threshold_i_long_square,0.3396678194054695,7.295466291816663e-98,0.1528942267573373,1328,True,0.22788867589757536
CAMTA1,Camta1,76,vrest,0.0032394792523658,0.8906336157399695,0.04831662845060839,1328,True,0.012510823930102007
CAMTA1,Camta1,76,ri,-0.1121783562647804,2.611818552671023e-11,-0.042341031716432186,1328,True,0.06891841075144069
CAMTA1,Camta1,76,tau,-0.0715139270056824,2.7038368566019407e-05,0.04867490385283489,1328,False,0.05899943661714274
CAMTA1,Camta1,76,latency,-0.0600431941146805,0.0006947185254625,-0.042175038812241425,1328,True,0.05032220227889073
CAMTA1,Camta1,76,upstroke_downstroke_ratio_long_square,-0.3512818438538124,1.4656178526112095e-105,-0.11815342062188593,1328,True,0.20372813122809316
CAMTA1,Camta1,76,threshold_i_long_square,0.1529271062769153,5.008290277782169e-20,0.015398165388174588,1328,True,0.04852624933772333
PCDH11X,Pcdh11x,77,vrest,0.0435021470513343,0.0217570561546255,-0.0048364070519257354,1328,False,0.014504967796344243
PCDH11X,Pcdh11x,77,ri,0.1518689064491659,9.646591718314706e-20,-0.061425806476353983,1328,False,0.0965850405462563
PCDH11X,Pcdh11x,77,tau,0.2708873968836726,1.7493211442041658e-61,0.23330446597606938,1328,True,0.2513945891812169
PCDH11X,Pcdh11x,77,latency,0.1047205368375923,1.1190632038169954e-09,0.02924641912168468,1328,True,0.05534167246298258
PCDH11X,Pcdh11x,77,upstroke_downstroke_ratio_long_square,-0.1531595151706514,3.187067536642752e-20,0.00045375216995709064,1328,False,0.00833645382391452
PCDH11X,Pcdh11x,77,threshold_i_long_square,-0.142675530356511,1.3885145206399525e-17,-0.03737916403254111,1328,True,0.07302802237926084
TLL1,Tll1,78,vrest,-0.0646266367448675,0.0004071186810454,-0.03559012231945298,1328,True,0.04795904405682716
TLL1,Tll1,78,ri,-0.2826634976232353,5.998909002327141e-67,-0.2209243122735053,1328,True,0.24989445535512958
TLL1,Tll1,78,tau,-0.2942856483679182,8.006184712685737e-73,-0.05137081776748069,1328,True,0.12295403374388832
TLL1,Tll1,78,latency,-0.0491955182713971,0.0061713375753999,-0.00753402814054679,1328,True,0.01925202376493156
TLL1,Tll1,78,upstroke_downstroke_ratio_long_square,-0.2637408849498157,1.8494345232207173e-58,-0.12268586298997282,1328,True,0.17988128884296797
TLL1,Tll1,78,threshold_i_long_square,0.2975145504445494,2.131810717900048e-74,0.19000521275965646,1328,True,0.23775894400907432
GRIK3,Grik3,79,vrest,0.0859240368633207,1.596024188331288e-06,0.05263639225419638,1328,True,0.0672512550693426
GRIK3,Grik3,79,ri,0.1722073639626588,4.446984596138426e-25,-0.00021535420489307035,1328,False,0.006089793095246337
GRIK3,Grik3,79,tau,0.4198855817488403,2.113529052751364e-154,0.2503272675062013,1328,True,0.32420488945177695
GRIK3,Grik3,79,latency,0.2055418747513429,9.841874077572074e-35,0.042978166590527986,1328,True,0.09398836595234887
GRIK3,Grik3,79,upstroke_downstroke_ratio_long_square,-0.356283553980664,9.675579849803304e-109,-0.021087588096405784,1328,True,0.08667849117207681
GRIK3,Grik3,79,threshold_i_long_square,-0.1213529992387861,4.684875498174256e-13,-0.09753039542872537,1328,True,0.10879157137490301
RBFOX1,Rbfox1,80,vrest,-0.0303261379704175,0.1214873819655391,-0.008294899418835903,1328,True,0.015860399245490434
RBFOX1,Rbfox1,80,ri,-0.1533895744256223,4.089793285438246e-20,-0.14369622666752135,1328,True,0.14846381059065827
RBFOX1,Rbfox1,80,tau,0.0351947401220121,0.0446307170370871,0.10585518781989323,1328,True,0.06103724949477919
RBFOX1,Rbfox1,80,latency,0.1491650562668445,1.2168686354433969e-18,0.03150687510825116,1328,True,0.06855453886005454
RBFOX1,Rbfox1,80,upstroke_downstroke_ratio_long_square,-0.4934190950003886,6.902948937070993e-222,-0.1539666076842352,1328,True,0.2756266754576473
RBFOX1,Rbfox1,80,threshold_i_long_square,0.1835842024810844,2.1441382478625256e-28,0.07335789444555148,1328,True,0.11604891446057623
NEBL,Nebl,81,vrest,0.0006986416510718,0.9791881642759324,0.05294553535494194,1328,True,0.006081936882051392
NEBL,Nebl,81,ri,-0.0807215287465405,1.995955427266978e-06,-0.07513309556189227,1328,True,0.07787720034269248
NEBL,Nebl,81,tau,-0.0041595079967557,0.8249875975825166,0.08717941758800445,1328,False,0.01904267535326402
NEBL,Nebl,81,latency,0.0550156471660816,0.0020018170139193,-0.026675569247940133,1328,False,0.03830892462206491
NEBL,Nebl,81,upstroke_downstroke_ratio_long_square,-0.3753636327074886,1.8691703217658224e-121,-0.28980165187337487,1328,True,0.3298196489171331
NEBL,Nebl,81,threshold_i_long_square,0.1219722284275154,3.5398608548836274e-13,0.023787656392424254,1328,True,0.05386495576209098
BMPER,Bmper,82,vrest,0.137204602192284,2.561748212168109e-15,-0.011994790313919179,1328,False,0.04056772650027534
BMPER,Bmper,82,ri,0.2587189150313309,5.919685883377405e-56,-0.10188724627975222,1328,False,0.16235811594443778
BMPER,Bmper,82,tau,0.2051134990285236,2.9720745308563734e-35,0.12341991736786892,1328,True,0.15910716860385282
BMPER,Bmper,82,latency,-0.0162061879901932,0.4098785436672943,0.10187666489650507,1328,False,0.04063289779386498
BMPER,Bmper,82,upstroke_downstroke_ratio_long_square,0.1955470448784478,2.6835419747974827e-32,0.17038881294066505,1328,True,0.18253500719284965
BMPER,Bmper,82,threshold_i_long_square,-0.314654463526209,1.728743763853135e-83,0.003926743469406305,1328,False,0.035150638113284456
IL1RAPL1,Il1rapl1,83,vrest,-0.1372026331194206,2.561748212168109e-15,-0.10278963511310914,1328,True,0.11875608866455238
IL1RAPL1,Il1rapl1,83,ri,-0.3725251503151451,6.143280605106605e-119,-0.1887410532687961,1328,True,0.26516181708458153
IL1RAPL1,Il1rapl1,83,tau,-0.3499699525166834,1.7369465513973546e-104,-0.06266243623428133,1328,True,0.14808770993398182
IL1RAPL1,Il1rapl1,83,latency,-0.0322311408577668,0.0817065585588487,-0.00653819060091987,1328,True,0.014516657404966726
IL1RAPL1,Il1rapl1,83,upstroke_downstroke_ratio_long_square,-0.2782764653206617,3.6639951902844533e-65,-0.09156705035213941,1328,True,0.15962755123045774
IL1RAPL1,Il1rapl1,83,threshold_i_long_square,0.3505679550955083,1.3521387267364288e-104,0.19550503454691504,1328,True,0.261797250123046
ARHGAP5,Arhgap5,84,vrest,-0.0368492158780609,0.0551350841929463,0.04276905122973987,1328,False,0.03969894207235919
ARHGAP5,Arhgap5,84,ri,-0.2289275268947472,8.886142377514217e-44,-0.07142063905036668,1328,True,0.12786770611472958
ARHGAP5,Arhgap5,84,tau,-0.1985746827746396,4.4369456399705044e-33,-0.11246446379546973,1328,True,0.1494409422534713
ARHGAP5,Arhgap5,84,latency,-0.0400139725155859,0.028071834588581,-0.06334640894266307,1328,True,0.05034621600868117
ARHGAP5,Arhgap5,84,upstroke_downstroke_ratio_long_square,-0.3308850182058077,4.290507439311416e-93,-0.2570271806707865,1328,True,0.291627233563055
ARHGAP5,Arhgap5,84,threshold_i_long_square,0.2435662752609286,1.375208073648604e-49,0.0906635389233148,1328,True,0.1486020877293654
KCNMA1,Kcnma1,85,vrest,-0.0486545280325805,0.0093574447934537,-0.10293726177113875,1328,True,0.07076979502895955
KCNMA1,Kcnma1,85,ri,-0.1191021340548858,1.3451605537154164e-12,-0.31667983339192757,1328,True,0.19420927879255476
KCNMA1,Kcnma1,85,tau,0.0149969880988973,0.4126421033320464,0.12840971304059626,1328,True,0.043883469988739945
KCNMA1,Kcnma1,85,latency,0.0364799356583385,0.0465884129005314,0.07775343980771421,1328,True,0.053258243318756865
KCNMA1,Kcnma1,85,upstroke_downstroke_ratio_long_square,-0.5107688611986677,2.7120144586980223e-240,0.06629212872655808,1328,False,0.1840107472298821
KCNMA1,Kcnma1,85,threshold_i_long_square,0.164808641162551,4.323954411544525e-23,0.20186219982793663,1328,True,0.18239691569685484
ARPP21,Arpp21,86,vrest,-0.0029392942034792,0.8990763608426824,-0.1756946666763625,1328,True,0.02272483917091697
ARPP21,Arpp21,86,ri,0.0697083773519289,4.388920018464234e-05,-0.18570607374106107,1328,False,0.11377727833309698
ARPP21,Arpp21,86,tau,-0.0695731124021872,4.4961278807980574e-05,0.1056691282889473,1328,False,0.08574223078441609
ARPP21,Arpp21,86,latency,-0.0374555074801626,0.0405847749755161,0.1789569651377977,1328,False,0.08187138661550798
ARPP21,Arpp21,86,upstroke_downstroke_ratio_long_square,0.4886513573492591,4.766294734678931e-217,0.6552186054701238,1328,True,0.5658387234216695
ARPP21,Arpp21,86,threshold_i_long_square,-0.1384191166881001,1.2650629185438202e-16,0.12795185906189277,1328,False,0.13308261836148053
BRINP3,Brinp3,87,vrest,0.1033749597721382,5.270323029483273e-09,0.028526176195877467,1328,True,0.05430370444731888
BRINP3,Brinp3,87,ri,0.2335364654720254,1.478323605177668e-45,-0.021651438421285533,1328,False,0.07110837082434271
BRINP3,Brinp3,87,tau,0.3066630519923957,2.697417357137137e-79,0.17931487159394685,1328,True,0.2344978588188478
BRINP3,Brinp3,87,latency,-0.0994788356066749,7.721569930781845e-09,0.010412835023309993,1328,False,0.03218472779880672
BRINP3,Brinp3,87,upstroke_downstroke_ratio_long_square,0.0316570560112436,0.0652659926647308,0.1398075842260921,1328,True,0.06652741182882478
BRINP3,Brinp3,87,threshold_i_long_square,-0.2384555447039319,1.5507636455161222e-47,-0.056014786539392916,1328,True,0.11557264570704182
MCC,Mcc,88,vrest,0.100588966454907,1.4499707541358814e-08,0.05258926235213257,1328,True,0.07273169561220862
MCC,Mcc,88,ri,0.1800698368611871,2.4947990565715173e-27,0.019895913032664372,1328,True,0.059855273902942256
MCC,Mcc,88,tau,0.3729729044050329,1.2596352455259898e-119,0.14198046331616784,1328,True,0.23011924250658256
MCC,Mcc,88,latency,0.1236652361349924,4.4850797423243114e-13,-0.018864950067751962,1328,False,0.04830050211750792
MCC,Mcc,88,upstroke_downstroke_ratio_long_square,-0.1684343800767836,3.2239046861073288e-24,-0.10975116927729822,1328,True,0.13596275284034176
MCC,Mcc,88,threshold_i_long_square,-0.1430146033540885,1.1675661253836645e-17,-0.08814708862661205,1328,True,0.11227787367399068
SOX6,Sox6,89,vrest,0.0587085714550142,0.0013781562493659,0.12388593234651829,1328,True,0.08528285942343058
SOX6,Sox6,89,ri,-0.050908480344073,0.0032118417369232,0.03739796094874241,1328,False,0.04363339729917283
SOX6,Sox6,89,tau,0.1708060632664281,1.057651093072145e-24,0.03798865838178401,1328,True,0.08055242508432457
SOX6,Sox6,89,latency,0.1212355915475099,1.3339401808737392e-12,-0.12181759060104523,1328,False,0.12152624266968061
SOX6,Sox6,89,upstroke_downstroke_ratio_long_square,-0.6047096899960531,0.0,-0.5760785066681947,1328,True,0.5902205140290476
SOX6,Sox6,89,threshold_i_long_square,0.1181819044593068,1.914260707057285e-12,-0.0516051065638007,1328,False,0.07809474869372102
LRFN2,Lrfn2,90,vrest,0.056836304985154,0.0020402365601923,-0.08255265407988345,1328,False,0.06849808628434938
LRFN2,Lrfn2,90,ri,0.2304955195542405,2.2272224525605744e-44,-0.061258385985488495,1328,False,0.1188266952531264
LRFN2,Lrfn2,90,tau,0.1943318841081031,1.0447503237043495e-31,0.16225863331738957,1328,True,0.1775725933959803
LRFN2,Lrfn2,90,latency,-0.0077717927984054,0.7236508282887841,0.13016525025976233,1328,False,0.031805932694569064
LRFN2,Lrfn2,90,upstroke_downstroke_ratio_long_square,0.316623048416241,5.922483011379934e-85,0.3014399400517962,1328,True,0.308938234496167
LRFN2,Lrfn2,90,threshold_i_long_square,-0.2760916769409575,7.217279336129953e-64,-0.017017471718012843,1328,True,0.06854474672738592
FRAS1,Fras1,91,vrest,-0.0395528333225287,0.0381775344340025,-0.11245973831539291,1328,True,0.06669408733226605
FRAS1,Fras1,91,ri,-0.2378246121048281,3.0829424318123888e-47,-0.30497342449144166,1328,True,0.2693142892272116
FRAS1,Fras1,91,tau,-0.2411253833646492,1.306086639342455e-48,0.02519226670771108,1328,False,0.07793904648968528
FRAS1,Fras1,91,latency,0.0050627559792969,0.8187684536300079,0.110780264454133,1328,True,0.023682344610558594
FRAS1,Fras1,91,upstroke_downstroke_ratio_long_square,-0.201034105901667,4.317062401597806e-34,0.11250754267318949,1328,False,0.15039233108273273
FRAS1,Fras1,91,threshold_i_long_square,0.239715672171272,4.858338763146409e-48,0.2070060079780924,1328,True,0.2227612720962962
PDZD2,Pdzd2,92,vrest,0.0707883589452649,9.721987429481678e-05,0.015998661592484153,1328,True,0.03365291962746459
PDZD2,Pdzd2,92,ri,0.2441263167890028,9.083279439792947e-50,-0.04204578370436985,1328,False,0.10131378145274653
PDZD2,Pdzd2,92,tau,0.2535660658302833,8.844962019792198e-54,0.18811631124409992,1328,True,0.2184030974154705
PDZD2,Pdzd2,92,latency,-0.1058485193367312,7.34319504827722e-10,-0.006384792930857908,1328,True,0.02599655511799473
PDZD2,Pdzd2,92,upstroke_downstroke_ratio_long_square,0.0651331628223092,0.0001138164061162,0.09776263355226522,1328,True,0.07979717745069333
PDZD2,Pdzd2,92,threshold_i_long_square,-0.2210178494569822,7.395547076651756e-41,-0.023230989659276297,1328,True,0.07165516991292839
PDE1C,Pde1c,93,vrest,0.05491319689448,0.0029513982136498,0.12406635547540819,1328,True,0.08254017328671921
PDE1C,Pde1c,93,ri,0.2724476622441845,4.190614522915333e-62,0.3071518923907657,1328,True,0.2892798213421417
PDE1C,Pde1c,93,tau,0.2101924481672936,5.392346912115716e-37,-0.12383208695502987,1328,False,0.16133372095982573
PDE1C,Pde1c,93,latency,-0.0257593957167269,0.171555339446684,-0.09442040576008708,1328,True,0.04931746745026556
PDE1C,Pde1c,93,upstroke_downstroke_ratio_long_square,0.1943739334418154,6.351233572712622e-32,0.0056565559162788685,1328,True,0.03315851358521211
PDE1C,Pde1c,93,threshold_i_long_square,-0.243646722838903,1.281952456385059e-49,-0.20034102715086652,1328,True,0.2209353632071795
KCNT1,Kcnt1,94,vrest,-0.0382443470751421,0.0457910052726075,-0.016661856512113788,1328,True,0.02524325302661082
KCNT1,Kcnt1,94,ri,-0.1773187041233948,1.561484519336442e-26,-0.12429875225207652,1328,True,0.14846041113203584
KCNT1,Kcnt1,94,tau,0.000640487899719,0.9691270395548688,0.0018057843933558281,1328,True,0.0010754455139363513
KCNT1,Kcnt1,94,latency,0.2171300391474319,1.102691876222738e-38,0.032983275472085787,1328,True,0.08462659094199954
KCNT1,Kcnt1,94,upstroke_downstroke_ratio_long_square,-0.3380732979659431,2.2007435341235523e-97,-0.17464613500584097,1328,True,0.24298805492951706
KCNT1,Kcnt1,94,threshold_i_long_square,0.1989183545508097,3.54825716058594e-33,0.0737657611126888,1328,True,0.12113366098126549
ARAP2,Arap2,95,vrest,-0.058806645450551,0.0013510936932946,-0.12709879417454728,1328,True,0.08645376640849813
ARAP2,Arap2,95,ri,-0.2730227216167207,2.3198618049274862e-62,-0.3376839005437675,1328,True,0.303636917341435
ARAP2,Arap2,95,tau,-0.2356199322775009,2.0554602060122675e-46,0.011815248951665424,1328,False,0.05276275350882686
ARAP2,Arap2,95,latency,-0.0299937675129859,0.1072512329110003,0.11237183832371611,1328,False,0.05805561810616076
ARAP2,Arap2,95,upstroke_downstroke_ratio_long_square,-0.3498550387899178,1.1522447686837041e-104,0.06058463707936289,1328,False,0.14558791349378422
ARAP2,Arap2,95,threshold_i_long_square,0.2381208849025805,2.102591126108952e-47,0.23274867356881654,1328,True,0.23541945567456493
DOCK9,Dock9,96,vrest,-0.0376086065456977,0.0501648706887124,-0.06001899155116294,1328,True,0.04751032138932804
DOCK9,Dock9,96,ri,-0.174081935255534,1.3096180337129634e-25,-0.26940552232844467,1328,True,0.21656092605884292
DOCK9,Dock9,96,tau,-0.0431820786906042,0.0130317058240109,0.06370025538055835,1328,False,0.05244720622163638
DOCK9,Dock9,96,latency,0.1242546503002318,3.500365029651043e-13,0.08078142513022402,1328,True,0.10018716350067179
DOCK9,Dock9,96,upstroke_downstroke_ratio_long_square,-0.2905090136647819,3.906682296269805e-71,-0.008698197677681624,1328,True,0.050268328279390644
DOCK9,Dock9,96,threshold_i_long_square,0.2111073460236185,2.6548015125474008e-37,0.18287450975268815,1328,True,0.19648448388934006
SOX5,Sox5,97,vrest,-0.1453989730986521,4.4189504355414747e-17,-0.16695162996175458,1328,True,0.15580306657311105
SOX5,Sox5,97,ri,-0.4843053857731818,4.225379810565472e-212,-0.38153228975141235,1328,True,0.42985828219656663
SOX5,Sox5,97,tau,-0.5865135274148124,0.0,-0.16555310108835908,1328,True,0.31160733831826637
SOX5,Sox5,97,latency,-0.1209292867588482,1.5261743314616821e-12,0.010909157211801924,1328,False,0.036321296793525304
SOX5,Sox5,97,upstroke_downstroke_ratio_long_square,-0.2399219708785963,2.344455718830763e-48,0.013049026233022449,1328,False,0.055953088313990776
SOX5,Sox5,97,threshold_i_long_square,0.501283747435302,1.0874045760684959e-229,0.3450975510730771,1328,True,0.4159228217261679
PROX1,Prox1,98,vrest,-0.0118346482315004,0.5957649788065239,0.08389694602420471,1328,False,0.031510170483411204
PROX1,Prox1,98,ri,0.1221560809153816,3.478501899420563e-13,0.3350269687567981,1328,True,0.20230072047397768
PROX1,Prox1,98,tau,-0.1576589869277257,3.423161641547588e-21,-0.10848696983734761,1328,True,0.1307820544242021
PROX1,Prox1,98,latency,-0.1799738444759603,9.045592708191756e-27,-0.14665885035636386,1328,True,0.16246463345928358
PROX1,Prox1,98,upstroke_downstroke_ratio_long_square,0.660313511068533,0.0,0.07986639742803528,1328,True,0.2296450768078881
PROX1,Prox1,98,threshold_i_long_square,-0.183493876885178,2.2757831216281707e-28,-0.24258661214162114,1328,True,0.210981416106507
EPHB6,Ephb6,99,vrest,-0.0294164112947382,0.1341526320810306,-0.022366960050030336,1328,True,0.02565064709212363
EPHB6,Ephb6,99,ri,-0.047669510429282,0.0058898080532956,-0.13425273514559039,1328,True,0.07999851347482873
EPHB6,Ephb6,99,tau,0.1337555074037194,1.4361805110980377e-15,0.11239240895352345,1328,True,0.12260955789784442
EPHB6,Ephb6,99,latency,0.1463719734233366,5.579175638895629e-18,0.08708789486127227,1328,True,0.11290361833054102
EPHB6,Ephb6,99,upstroke_downstroke_ratio_long_square,-0.3982448690126545,7.098601709689965e-138,0.05440470905453282,1328,False,0.1471950958119665
EPHB6,Ephb6,99,threshold_i_long_square,0.0626515460338695,0.0002440400541458,0.04317701075884772,1328,True,0.05201063811532047
ADCY1,Adcy1,100,vrest,-0.0751475595404332,3.258443144043901e-05,-0.09991073413556516,1328,True,0.0866489921590596
ADCY1,Adcy1,100,ri,-0.2968902614074152,5.083075097155371e-74,-0.18895091705538006,1328,True,0.236849503182385
ADCY1,Adcy1,100,tau,-0.2299161048365924,3.3414383725845535e-44,0.02138160669759453,1328,False,0.07011401947584327
ADCY1,Adcy1,100,latency,0.0795276539163085,4.881282653366165e-06,0.0678297805827656,1328,True,0.07344619333502128
ADCY1,Adcy1,100,upstroke_downstroke_ratio_long_square,-0.2107687129432393,2.100159992310038e-37,0.07101679498045076,1328,False,0.12234426212693222
ADCY1,Adcy1,100,threshold_i_long_square,0.2847152026997049,5.5443385481931845e-68,0.1401972419129157,1328,True,0.199790605758067
DLGAP2,Dlgap2,101,vrest,-0.0431414612701131,0.0226603380330162,-0.02166374266652263,1328,True,0.03057131850629741
DLGAP2,Dlgap2,101,ri,-0.1563997866802461,7.318813032428863e-21,-0.17123796167919517,1328,True,0.163650788810156
DLGAP2,Dlgap2,101,tau,0.0079065188819862,0.6703821805973658,0.1194325623005281,1328,True,0.030729396495100886
DLGAP2,Dlgap2,101,latency,0.1750735833459101,2.24877179246899e-25,0.07362829131037144,1328,True,0.11353575998487553
DLGAP2,Dlgap2,101,upstroke_downstroke_ratio_long_square,-0.4638531400094459,7.633952630597928e-193,-0.045415682671178834,1328,True,0.14514202359309616
DLGAP2,Dlgap2,101,threshold_i_long_square,0.1970351422462027,1.4465071079448184e-32,0.10905125066091309,1328,True,0.14658420339893147
TRPM2,Trpm2,102,vrest,-0.0757632210012033,2.791055040192261e-05,0.020405795373752676,1328,False,0.03931931821136979
TRPM2,Trpm2,102,ri,-0.2634878469438468,4.8725887037620674e-58,-0.13338006680766584,1328,True,0.1874674015085778
TRPM2,Trpm2,102,tau,-0.1906242982599948,1.4983358066513693e-30,-0.06053157279730487,1328,True,0.10741875342350622
TRPM2,Trpm2,102,latency,0.0602961873433881,0.0006570625480763,-0.01973322475473206,1328,False,0.03449403160983807
TRPM2,Trpm2,102,upstroke_downstroke_ratio_long_square,-0.2453721895515754,1.4268126650364888e-50,-0.22386670128348501,1328,True,0.23437291366883076
TRPM2,Trpm2,102,threshold_i_long_square,0.2526702393982464,2.2539783669704036e-53,0.12287967283943474,1328,True,0.17620452988932542
NAV3,Nav3,103,vrest,-0.0286000851747636,0.1450400755173951,-0.16791445424885415,1328,True,0.06929911755275946
NAV3,Nav3,103,ri,-0.2206246784085729,1.0937989138885572e-40,-0.2850985406644794,1328,True,0.250798273217449
NAV3,Nav3,103,tau,-0.1533214100503946,4.2309309067115205e-20,0.034686547805162386,1328,False,0.07292592419207258
NAV3,Nav3,103,latency,0.0967919098536154,2.0102235859746623e-08,0.12351924833814762,1328,True,0.10934195878221827
NAV3,Nav3,103,upstroke_downstroke_ratio_long_square,-0.154264372827502,1.6929430028200408e-20,0.18762543431203071,1328,False,0.17012912728463958
NAV3,Nav3,103,threshold_i_long_square,0.2323898113281806,3.75981598199869e-45,0.23745001329113324,1328,True,0.234906287247916
PDZRN3,Pdzrn3,104,vrest,-0.0675168736874894,0.0002137551915818,-0.12599951740892237,1328,True,0.09223390646385328
PDZRN3,Pdzrn3,104,ri,-0.3148419381915664,1.4249435128595953e-83,-0.31888863995893146,1328,True,0.31685882893165934
PDZRN3,Pdzrn3,104,tau,-0.3304169164108799,1.3407838186197834e-92,0.06789584289018019,1328,False,0.1497796215941638
PDZRN3,Pdzrn3,104,latency,-0.0935587336630987,6.160255125012458e-08,0.08003465602943058,1328,False,0.08653289008969488
PDZRN3,Pdzrn3,104,upstroke_downstroke_ratio_long_square,-0.1949870479970993,4.045132168095493e-32,0.20914346282198049,1328,False,0.20194124497870428
PDZRN3,Pdzrn3,104,threshold_i_long_square,0.3016173713273734,1.6117835049827065e-76,0.24059168351891252,1328,True,0.26938194287331463
GABRB2,Gabrb2,105,vrest,-0.1823714721296535,2.0037035133625908e-26,-0.0627437113129074,1328,True,0.1069703837471518
GABRB2,Gabrb2,105,ri,-0.3532475637376989,2.6347105389942785e-106,-0.1475246005783459,1328,True,0.22828207495481947
GABRB2,Gabrb2,105,tau,-0.4751935705805923,2.3134821824020317e-203,-0.1742693905466379,1328,True,0.2877702103011369
GABRB2,Gabrb2,105,latency,-0.0926173848863399,8.425464326851668e-08,-0.04937423232365801,1328,True,0.06762331165055285
GABRB2,Gabrb2,105,upstroke_downstroke_ratio_long_square,-0.0624246746286805,0.0002180814008499,-0.08312557886434165,1328,True,0.07203531921167039
GABRB2,Gabrb2,105,threshold_i_long_square,0.3133314462494612,8.809109828892502e-83,0.18059045210813346,1328,True,0.23787531931220926
SDK1,Sdk1,106,vrest,0.0865863117195645,1.3003552415332172e-06,0.0032727347771494427,1328,True,0.01683371716495561
SDK1,Sdk1,106,ri,0.1940081746277807,1.4135328522163184e-31,0.03975678703014808,1328,True,0.08782449362668968
SDK1,Sdk1,106,tau,0.0577484817668048,0.0007691234850126,-0.018554715075622,1328,False,0.03273387580523906
SDK1,Sdk1,106,latency,-0.1826296743940467,1.5629780014625947e-27,-0.07842975126890857,1328,True,0.11968124304604645
SDK1,Sdk1,106,upstroke_downstroke_ratio_long_square,0.1960878863599721,1.8084658746708848e-32,-0.09621526175870312,1328,False,0.13735591473917513
SDK1,Sdk1,106,threshold_i_long_square,-0.205155150727596,2.9532872220573285e-35,-0.058811896064603596,1328,True,0.10984335847792283
SRRM4,Srrm4,107,vrest,-0.118781845740499,1.1600953183530614e-11,-0.06659553280355297,1328,True,0.08894009390864151
SRRM4,Srrm4,107,ri,-0.2738586243524563,9.477438691436124e-63,-0.10130813320411663,1328,True,0.16656562068744793
SRRM4,Srrm4,107,tau,-0.4691347101841802,1.5281649286883726e-197,-0.2171032829576954,1328,True,0.3191405422856715
SRRM4,Srrm4,107,latency,-0.2648293823209693,8.743540071102507e-58,-0.07122893556269946,1328,True,0.13734451211624665
SRRM4,Srrm4,107,upstroke_downstroke_ratio_long_square,-0.0748786696748088,8.72108495395873e-06,-0.14770060600322785,1328,True,0.10516475116542034
SRRM4,Srrm4,107,threshold_i_long_square,0.2694723234687947,8.579752316727745e-61,0.12185240326430004,1328,True,0.18120665061715444
TRIO,Trio,108,vrest,-0.0472882657898961,0.0118187343301147,-0.010976771100445473,1328,True,0.022783161969154236
TRIO,Trio,108,ri,-0.1523645838946769,7.294038525565483e-20,-0.18883137569828895,1328,True,0.16962079467013824
TRIO,Trio,108,tau,-0.1194169391586416,1.1651541016776486e-12,-0.01926494086938809,1328,True,0.04796415611364955
TRIO,Trio,108,latency,0.0065687494807071,0.7641932469375783,-0.008207258273752476,1328,False,0.0073424398890110515
TRIO,Trio,108,upstroke_downstroke_ratio_long_square,-0.269683147753134,3.7328876593359806e-61,-0.16526021363241927,1328,True,0.21111109542311182
TRIO,Trio,108,threshold_i_long_square,0.1888252717195482,5.4697047918980764e-30,0.14656281047301445,1328,True,0.16635733380752288
CUX2,Cux2,109,vrest,-0.0333718891852572,0.0849634295235139,-0.05246502980522174,1328,True,0.041843245103135536
CUX2,Cux2,109,ri,-0.1303676430342617,7.641016020333274e-15,-0.09038010681206624,1328,True,0.10854787654428757
CUX2,Cux2,109,tau,-0.0121169278524693,0.5102780962662159,-0.08780925842905374,1328,True,0.03261868251728871
CUX2,Cux2,109,latency,0.191698196007224,2.628190717675105e-30,-0.00026735803349317035,1328,False,0.007159053897595668
CUX2,Cux2,109,upstroke_downstroke_ratio_long_square,-0.3186444643993179,4.512215432856712e-86,-0.2700016049916478,1328,True,0.2933164107402104
CUX2,Cux2,109,threshold_i_long_square,0.1448664085986279,4.3829551622242895e-18,0.133157261746961,1328,True,0.13888849588108332
DGKB,Dgkb,110,vrest,0.0393185064118799,0.0394702303846975,-0.10531976984577583,1328,False,0.06435072684887758
DGKB,Dgkb,110,ri,0.0625575743098928,0.000263095568547,-0.18403223433797333,1328,False,0.10729683208284096
DGKB,Dgkb,110,tau,-0.0426242113958865,0.0142497851976822,0.05534812411838203,1328,False,0.048571289284799514
DGKB,Dgkb,110,latency,0.0220301903632455,0.2493130991477575,0.159048241333587,1328,True,0.05919343741934855
DGKB,Dgkb,110,upstroke_downstroke_ratio_long_square,0.3859168264441014,7.153708301872791e-129,0.3634605251998181,1328,True,0.37452040321298935
DGKB,Dgkb,110,threshold_i_long_square,-0.115595693544173,5.865716382487679e-12,0.1425688906265458,1328,False,0.12837581466070197
LRP1B,Lrp1b,111,vrest,-0.1462805152271336,2.812818777509329e-17,0.010263996882972587,1328,False,0.038748196762312996
LRP1B,Lrp1b,111,ri,-0.1664294907403544,1.7382619634841677e-23,-0.024311524564739655,1328,True,0.06360939122827099
LRP1B,Lrp1b,111,tau,-0.2870802918844312,3.1610095286491576e-69,-0.0050016656980135694,1328,True,0.03789300263233415
LRP1B,Lrp1b,111,latency,-0.1218446682276401,1.0143018084821873e-12,-0.029196318601964425,1328,True,0.05964407559452013
LRP1B,Lrp1b,111,upstroke_downstroke_ratio_long_square,0.1090875083336805,7.151321343116183e-11,0.06921703931411774,1328,True,0.08689484652734884
LRP1B,Lrp1b,111,threshold_i_long_square,0.1574223219931508,3.705602242471906e-21,0.0036191370647819738,1328,True,0.02386907958739621
PLXNA4,Plxna4,112,vrest,-0.0522530652576292,0.0049077662004671,-0.05283459222655148,1328,True,0.052543024232282465
PLXNA4,Plxna4,112,ri,-0.1617016686629844,3.164371708418868e-22,-0.1694470049631719,1328,True,0.1655290411151164
PLXNA4,Plxna4,112,tau,-0.252434833552552,2.6613716790491307e-53,-0.09539867993285711,1328,True,0.1551836005832574
PLXNA4,Plxna4,112,latency,-0.1652878289928416,1.0588465880613352e-22,0.0014911009383864944,1328,False,0.01569907121186131
PLXNA4,Plxna4,112,upstroke_downstroke_ratio_long_square,-0.224494021013959,2.2907852111073098e-42,-0.17864807680519726,1328,True,0.20026338933616725
PLXNA4,Plxna4,112,threshold_i_long_square,0.1858945595436852,4.356891273736237e-29,0.13368178001984413,1328,True,0.15764109748350758
CUX1,Cux1,113,vrest,0.0054580447395627,0.8188978719994472,-0.05753844918330032,1328,False,0.01772138340783552
CUX1,Cux1,113,ri,-0.1170599293199644,3.268195603476989e-12,-0.170000148258241,1328,True,0.14106808760131812
CUX1,Cux1,113,tau,-0.0631599064491641,0.0002232422537149,-0.07380154241194155,1328,True,0.06827370295027393
CUX1,Cux1,113,latency,-0.0105473444423767,0.6167248931358336,-0.013372305109757439,1328,True,0.011876123440801955
CUX1,Cux1,113,upstroke_downstroke_ratio_long_square,-0.330151102503297,1.1287754544535198e-92,-0.16730146272939442,1328,True,0.23502077008324992
CUX1,Cux1,113,threshold_i_long_square,0.1405041417881087,4.3293308290740606e-17,0.16263212462024568,1328,True,0.1511637757432129
PCSK2,Pcsk2,114,vrest,0.1001301759569513,1.691739791663105e-08,-0.15271391301226325,1328,False,0.1236578787663466
PCSK2,Pcsk2,114,ri,0.2675468452611236,7.609103051486333e-60,-0.14806986587923826,1328,False,0.19903674408065433
PCSK2,Pcsk2,114,tau,0.1656232213291437,2.7891090414835537e-23,0.10704395881334801,1328,True,0.13315016065514484
PCSK2,Pcsk2,114,latency,-0.0419143110259224,0.0210412974530816,0.12296468572716088,1328,False,0.07179122566702022
PCSK2,Pcsk2,114,upstroke_downstroke_ratio_long_square,0.4490072264982266,2.6774341843995098e-179,0.5145452343572093,1328,True,0.48066051282231476
PCSK2,Pcsk2,114,threshold_i_long_square,-0.3066212021526792,3.8008138228843706e-79,0.08840104741735427,1328,False,0.1646378918434792
CDH8,Cdh8,115,vrest,0.0812117583637127,6.333362477226253e-06,-0.006565989806650944,1328,False,0.02309189419680285
CDH8,Cdh8,115,ri,0.2260348912091762,1.0604602484222229e-42,-0.10625009829482433,1328,False,0.15497170518851142
CDH8,Cdh8,115,tau,0.2851973681676573,2.667062638599332e-68,0.1702819153964304,1328,True,0.22037230796452087
CDH8,Cdh8,115,latency,-0.0049531104995015,0.8205680043110192,0.013194560455588335,1328,False,0.008084189256127165
CDH8,Cdh8,115,upstroke_downstroke_ratio_long_square,-0.0686706291333922,4.6641200148449954e-05,0.06892560808428963,1328,False,0.0687980004836608
CDH8,Cdh8,115,threshold_i_long_square,-0.2699520699989495,5.1875057143433866e-61,0.005600894650682639,1328,False,0.0388840983539264
GRM3,Grm3,116,vrest,-0.0143780504837309,0.5062210511855639,-0.1419894795528034,1328,True,0.04518331445532613
GRM3,Grm3,116,ri,-0.0876948725755621,2.2233325027835278e-07,-0.26738347903372006,1328,True,0.15312792078087054
GRM3,Grm3,116,tau,0.0554587361462115,0.0012457880962488,0.11380384019398242,1328,True,0.07944442803459341
GRM3,Grm3,116,latency,0.035909707579779,0.0502115717088861,0.12036609573697851,1328,True,0.0657442872075938
GRM3,Grm3,116,upstroke_downstroke_ratio_long_square,-0.3173152692120607,2.4568086717158844e-85,0.23296102404773572,1328,False,0.2718861711481932
GRM3,Grm3,116,threshold_i_long_square,0.0892336436637555,1.313021838221071e-07,0.17221684122176845,1328,True,0.12396586724772607
BRINP2,Brinp2,117,vrest,-0.0017421572322132,0.9451962561630604,-0.06800094215426503,1328,True,0.010884315925742153
BRINP2,Brinp2,117,ri,-0.1846414132398299,1.0956042079027767e-28,-0.2336803925410779,1328,True,0.20771874716843164
BRINP2,Brinp2,117,tau,-0.0350255323903967,0.0455916680723839,0.03964189933882028,1328,False,0.037262295008610176
BRINP2,Brinp2,117,latency,0.2211352571842022,4.07512894926654e-40,0.11582282341890247,1328,True,0.16003908848946696
BRINP2,Brinp2,117,upstroke_downstroke_ratio_long_square,-0.18655876593967,1.756740463650212e-29,0.06017229251468868,1328,False,0.10595125594017828
BRINP2,Brinp2,117,threshold_i_long_square,0.1986910496652296,4.200166396508197e-33,0.17643304521367847,1328,True,0.18723158640875392
MYO16,Myo16,118,vrest,0.0396844969145525,0.0374879364471673,0.08627091393120115,1328,True,0.05851168958181242
MYO16,Myo16,118,ri,-0.0244292930825819,0.1709469228155931,-0.09040967001037695,1328,True,0.04699621608367012
MYO16,Myo16,118,tau,0.0923498518809036,4.78690209944044e-08,0.04208918208805884,1328,True,0.06234524626321252
MYO16,Myo16,118,latency,0.0689463543081801,8.650310379475154e-05,-0.004981228652682214,1328,False,0.01853206830275257
MYO16,Myo16,118,upstroke_downstroke_ratio_long_square,-0.2633892452944121,2.6530023736933614e-58,-0.23751323990806109,1328,True,0.2501168387110609
MYO16,Myo16,118,threshold_i_long_square,0.0889414881911862,1.4428545535803914e-07,0.03845587221904441,1328,True,0.058483523362156495
FMN1,Fmn1,119,vrest,-0.0709840628655699,9.329409022677912e-05,-0.02185247469256906,1328,True,0.039384990000577595
FMN1,Fmn1,119,ri,-0.3624932477968412,3.032608076634633e-112,-0.2633276398717031,1328,True,0.3089571028666773
FMN1,Fmn1,119,tau,-0.2155781558283003,7.02497399623017e-39,-0.07638416383895301,1328,True,0.12832286302482593
FMN1,Fmn1,119,latency,0.0980752818085308,1.2735416654392255e-08,0.032843888498600406,1328,True,0.056755384063436644
FMN1,Fmn1,119,upstroke_downstroke_ratio_long_square,-0.3259043886254116,3.3005451488476143e-90,-0.1820197243285352,1328,True,0.2435590831298583
FMN1,Fmn1,119,threshold_i_long_square,0.3805217930134761,1.7823388282883612e-124,0.19946134260290743,1328,True,0.2754984350665782
MAGI2,Magi2,120,vrest,-0.0514846101280083,0.0056307462672035,-0.026363841591553656,1328,True,0.03684198835320523
MAGI2,Magi2,120,ri,-0.0687676756396399,5.627809560345519e-05,-0.15018047194017486,1328,True,0.10162461307080085
MAGI2,Magi2,120,tau,0.0222968185502195,0.2133785865632719,0.17704320589222738,1328,True,0.06282913525847818
MAGI2,Magi2,120,latency,0.0149308637032687,0.4528051509513113,0.03822244047569134,1328,True,0.023889203610603014
MAGI2,Magi2,120,upstroke_downstroke_ratio_long_square,-0.3753252364303683,1.9656238034217137e-121,-0.04509752810487779,1328,True,0.13010088546350648
MAGI2,Magi2,120,threshold_i_long_square,0.1208968218671892,5.725659247434018e-13,0.07607807212772162,1328,True,0.09590410384349739
SORCS2,Sorcs2,121,vrest,0.1377481517205324,2.0292791097859768e-15,0.1471971159281522,1328,True,0.14239427887979175
SORCS2,Sorcs2,121,ri,0.352215614264952,1.1742893845092594e-105,0.11106260477701642,1328,True,0.1977826674999668
SORCS2,Sorcs2,121,tau,0.2769913456247521,2.3954571902680812e-64,0.30934324988083767,1328,True,0.2927206911791976
SORCS2,Sorcs2,121,latency,-0.1027399369013041,2.3423373406931167e-09,-0.0026403651433379587,1328,True,0.01647030504340902
SORCS2,Sorcs2,121,upstroke_downstroke_ratio_long_square,0.3290440860938345,5.0136234582080105e-92,0.08917585261150651,1328,True,0.17129736403165008
SORCS2,Sorcs2,121,threshold_i_long_square,-0.3280845953133736,4.793694892814423e-91,-0.21195371263997792,1328,True,0.2637020061293699
SORBS2,Sorbs2,122,vrest,-0.0578645792307193,0.0016399565700399,-0.10994702316779847,1328,True,0.07976238608062577
SORBS2,Sorbs2,122,ri,-0.1516749626486701,1.075246204557293e-19,-0.27631266164999313,1328,True,0.2047186181936497
SORBS2,Sorbs2,122,tau,-0.1247068345089984,1.0720834241241117e-13,0.06685038352203662,1328,False,0.09130552948614719
SORBS2,Sorbs2,122,latency,-0.0339829236754937,0.0650444939890646,0.0609154508752536,1328,False,0.045498188071087284
SORBS2,Sorbs2,122,upstroke_downstroke_ratio_long_square,-0.3482110286077,1.248565010001331e-103,0.08505267411437105,1328,False,0.17209380912514152
SORBS2,Sorbs2,122,threshold_i_long_square,0.185631911757812,5.228016717885345e-29,0.19583595528276307,1328,True,0.19066568325227456
RYR2,Ryr2,123,vrest,0.0791430159225109,1.12545988760129e-05,-0.05283881356530501,1328,False,0.0646670168117064
RYR2,Ryr2,123,ri,0.1293103507908175,1.2591931045394555e-14,-0.14013202079577908,1328,False,0.1346124836934834
RYR2,Ryr2,123,tau,0.2480730949361023,1.8324233957307932e-51,0.2308374432752636,1328,True,0.23930014412956713
RYR2,Ryr2,123,latency,0.0251208261638984,0.1830977636550381,0.0760233640002019,1328,True,0.04370091202073297
RYR2,Ryr2,123,upstroke_downstroke_ratio_long_square,-0.0920570363087426,4.140638796499303e-08,0.2599138494495888,1328,False,0.15468322040843943
RYR2,Ryr2,123,threshold_i_long_square,-0.0809969153448762,1.7700514600665146e-06,0.030397933979888596,1328,False,0.049619944429918225
KCNB2,Kcnb2,124,vrest,0.0654923030885016,0.0003382277559297,-0.05645228815624442,1328,False,0.06080452586747297
KCNB2,Kcnb2,124,ri,0.2345335712316486,6.1230532590553216e-46,-0.035536522995486264,1328,False,0.09129352467336879
KCNB2,Kcnb2,124,tau,0.1701299355551666,1.6121477706350194e-24,0.2081435278596444,1328,True,0.18817928945818221
KCNB2,Kcnb2,124,latency,-0.1145811081590101,2.2741367079660363e-11,0.10996195461448512,1328,False,0.1122477733189326
KCNB2,Kcnb2,124,upstroke_downstroke_ratio_long_square,0.2066170660509987,5.6489838575197764e-36,0.2761123162845536,1328,True,0.23885040651265355
KCNB2,Kcnb2,124,threshold_i_long_square,-0.2910958070318895,3.8005158272976656e-71,-0.04543755653854164,1328,True,0.11500731363762864
ADCY8,Adcy8,125,vrest,-0.0822151754725491,4.817084812817833e-06,0.005936892167709865,1328,False,0.0220930448632566
ADCY8,Adcy8,125,ri,-0.1894447658164016,3.721106201370032e-30,-0.04579153684787164,1328,True,0.09313950276074147
ADCY8,Adcy8,125,tau,-0.154134511882332,2.6669854391880222e-20,-0.04407026621452031,1328,True,0.08241813496736937
ADCY8,Adcy8,125,latency,0.0192342268730057,0.3197316676703381,-0.002199178749335893,1328,False,0.006503806808248497
ADCY8,Adcy8,125,upstroke_downstroke_ratio_long_square,-0.2412251845348263,7.11035011863921e-49,-0.18492291380530074,1328,True,0.2112062120473767
ADCY8,Adcy8,125,threshold_i_long_square,0.166265769224777,1.7738389276334666e-23,0.061321542072475345,1328,True,0.10097362706533643
ANO4,Ano4,126,vrest,-0.0458925081058159,0.0147444002222166,0.0841959393808148,1328,False,0.06216078209378344
ANO4,Ano4,126,ri,-0.0519195853596059,0.0026484267410204,-0.03945074672726651,1328,True,0.045257777367061526
ANO4,Ano4,126,tau,-0.0673150840572405,8.048695035511087e-05,-0.004562376156340303,1328,True,0.01752474634523414
ANO4,Ano4,126,latency,-0.2219194440350622,2.149017516364565e-40,-0.14478257311678516,1328,True,0.17924862100457764
ANO4,Ano4,126,upstroke_downstroke_ratio_long_square,-0.2772033887396309,1.1846047296321144e-64,-0.3351181158405079,1328,True,0.3047882500015855
ANO4,Ano4,126,threshold_i_long_square,0.0290939028468729,0.0985851848684381,-0.03683186413197806,1328,False,0.032735037448046275
FREM1,Frem1,127,vrest,0.0612334565734404,0.0008259088077637,-0.02294642500904735,1328,False,0.03748451572726007
FREM1,Frem1,127,ri,0.1139346322506028,1.2512193134113108e-11,-0.05272000746402891,1328,False,0.07750248165486812
FREM1,Frem1,127,tau,0.0605761942303112,0.0004089706356666,0.06740308299992077,1328,True,0.06389853087141353
FREM1,Frem1,127,latency,-0.0073774215645023,0.7366435129304958,0.06149355454589412,1328,False,0.021299386737293112
FREM1,Frem1,127,upstroke_downstroke_ratio_long_square,0.26324977997881,3.052915471977878e-58,0.09468299977303844,1328,True,0.15787741718810225
FREM1,Frem1,127,threshold_i_long_square,-0.0842069748747021,6.561411590192968e-07,0.01989943446633707,1328,False,0.04093496278400197
MPDZ,Mpdz,128,vrest,-0.043772996581342,0.020811893079099,-0.041705433566695656,1328,True,0.04272671062623888
MPDZ,Mpdz,128,ri,-0.1938939239173695,1.5253901373423344e-31,-0.12759002530872682,1328,True,0.1572861426185585
MPDZ,Mpdz,128,tau,-0.292905775369232,3.985593692283583e-72,-0.12737677735419742,1328,True,0.19315639708527707
MPDZ,Mpdz,128,latency,0.0559035522131498,0.0016628026230068,0.03646051609147884,1328,True,0.04514722987114908
MPDZ,Mpdz,128,upstroke_downstroke_ratio_long_square,0.2307479964580564,9.652944337255552e-45,0.024423123811551223,1328,True,0.07507054606676639
MPDZ,Mpdz,128,threshold_i_long_square,0.1664192539755746,1.614947317537988e-23,0.11603428015926918,1328,True,0.1389616434117645
GRM5,Grm5,129,vrest,-0.1604762567716255,1.2736423005091744e-20,-0.06280640473768959,1328,True,0.10039390785096529
GRM5,Grm5,129,ri,-0.2433674683095608,1.842843361880513e-49,-0.1711090696288237,1328,True,0.20406464926677326
GRM5,Grm5,129,tau,-0.1753077858277191,5.68934421443225e-26,0.06479742234636755,1328,False,0.10658092061380059
GRM5,Grm5,129,latency,0.1501233063897636,7.239649369411422e-19,0.11695943049733484,1328,True,0.13250787304807085
GRM5,Grm5,129,upstroke_downstroke_ratio_long_square,-0.2527311826298776,1.185113377394869e-53,0.004951289621910118,1328,False,0.03537435909933046
GRM5,Grm5,129,threshold_i_long_square,0.261841718698112,2.4039315606504875e-57,0.1649353338859839,1328,True,0.2078147042409487
PI4KA,Pi4ka,130,vrest,-0.0453122747521545,0.0161839330407088,-0.06955352278922178,1328,True,0.056139365285024875
PI4KA,Pi4ka,130,ri,-0.1103627943273142,5.536051693065592e-11,-0.16765809772910972,1328,True,0.13602652740177734
PI4KA,Pi4ka,130,tau,-0.0961180015775067,1.2879301463045085e-08,0.06814245304372092,1328,False,0.08093031823211586
PI4KA,Pi4ka,130,latency,-0.0380474499546772,0.0373385531418392,0.05536424598742354,1328,False,0.04589627848186534
PI4KA,Pi4ka,130,upstroke_downstroke_ratio_long_square,-0.2362921515738269,6.535249103797031e-47,-0.006503958770478548,1328,True,0.039202479661672396
PI4KA,Pi4ka,130,threshold_i_long_square,0.1314318928799884,4.153250885740477e-15,0.09624040783799256,1328,True,0.11246803534200034
OSBPL3,Osbpl3,131,vrest,-0.1287956729946534,1.371946490119448e-13,0.04007485356567943,1328,False,0.07184335553935288
OSBPL3,Osbpl3,131,ri,-0.2653137136019918,7.463337396876437e-59,0.006318782822592879,1328,False,0.040944593490552475
OSBPL3,Osbpl3,131,tau,-0.3800124362322258,1.7063590678932943e-124,-0.0291788870510694,1328,True,0.10530118686331047
OSBPL3,Osbpl3,131,latency,-0.1549705803208487,4.6703100232622244e-20,-0.08269374403169485,1328,True,0.11320378748741347
OSBPL3,Osbpl3,131,upstroke_downstroke_ratio_long_square,-0.0790064739486512,2.635249271711354e-06,-0.18189058365044847,1328,True,0.11987716070496549
OSBPL3,Osbpl3,131,threshold_i_long_square,0.2478895727059781,2.2885487018417172e-51,-0.005796454133415319,1328,False,0.03790620712155364
GRIN2A,Grin2a,132,vrest,-0.019228055977829,0.3535874032186168,-0.05262789609038944,1328,True,0.03181088071747427
GRIN2A,Grin2a,132,ri,-0.0926964049503667,4.204099923597888e-08,-0.20848125371948456,1328,True,0.1390160520204105
GRIN2A,Grin2a,132,tau,0.0448138036651597,0.0098180763736134,0.2278297479463187,1328,True,0.10104413685884572
GRIN2A,Grin2a,132,latency,0.2905209368221239,7.74865295186124e-70,0.18750519860225182,1328,True,0.23339705644447314
GRIN2A,Grin2a,132,upstroke_downstroke_ratio_long_square,-0.0301028563961909,0.0796728432434836,0.16962697809473862,1328,False,0.07145807555837014
GRIN2A,Grin2a,132,threshold_i_long_square,0.0735700197865045,1.494924012709092e-05,0.11195920149192173,1328,True,0.0907570419804542
CNTNAP2,Cntnap2,133,vrest,-0.1368074896607322,2.996234910867984e-15,0.1736785299539991,1328,False,0.1541444896549108
CNTNAP2,Cntnap2,133,ri,-0.1579231211666716,3.001956615296848e-21,0.11216285597312946,1328,False,0.13309060182538981
CNTNAP2,Cntnap2,133,tau,-0.1022762643179566,1.315851546544146e-09,0.06217892840646886,1328,False,0.07974602508405863
CNTNAP2,Cntnap2,133,latency,-0.0174717597713893,0.3711314198863129,-0.10214998454031075,1328,True,0.04224618314758672
CNTNAP2,Cntnap2,133,upstroke_downstroke_ratio_long_square,-0.2165682391082314,1.8560871392464808e-39,-0.35599190540911796,1328,True,0.27766263718987605
CNTNAP2,Cntnap2,133,threshold_i_long_square,0.1931666251224279,2.4408204087312933e-31,-0.09767905291012362,1328,False,0.13736205078479155
PTPRN,Ptprn,134,vrest,0.066793189675451,0.0002505256631925,0.023737052907517413,1328,True,0.03981800443502947
PTPRN,Ptprn,134,ri,0.2611949763339428,5.0274178425084174e-57,0.1551622362458523,1328,True,0.20131467066301212
PTPRN,Ptprn,134,tau,0.1620452134011082,2.5244037735509586e-22,0.12587976887446511,1328,True,0.14282231621894695
PTPRN,Ptprn,134,latency,0.027037422339258,0.1497322083135853,0.05153131719084641,1328,True,0.037326585520071086
PTPRN,Ptprn,134,upstroke_downstroke_ratio_long_square,0.3357448820814238,5.526265294660537e-96,0.11878138236785633,1328,True,0.19970037860896617
PTPRN,Ptprn,134,threshold_i_long_square,-0.2598732163933799,1.744038768499661e-56,-0.15537433315114443,1328,True,0.20094185154159513
NDST3,Ndst3,135,vrest,-0.1668166872912753,3.0332246874138883e-22,-0.12885489309795514,1328,True,0.14661223144019156
NDST3,Ndst3,135,ri,-0.3458320343190744,1.1168050218460268e-101,-0.4344401674403601,1328,True,0.3876123410004112
NDST3,Ndst3,135,tau,-0.2698785684427838,5.028818531268681e-61,-0.07824342742148468,1328,True,0.14531422567170477
NDST3,Ndst3,135,latency,0.2150632385454031,5.686847427507115e-38,0.1303595224807286,1328,True,0.16743817091672308
NDST3,Ndst3,135,upstroke_downstroke_ratio_long_square,-0.1882548818497319,5.329314326021617e-30,0.008679291393779086,1328,False,0.040421763641326644
NDST3,Ndst3,135,threshold_i_long_square,0.3641590564790435,2.2891856396702848e-113,0.3923703676238438,1328,True,0.3780016175418227
PCDH9,Pcdh9,136,vrest,0.0114558358899117,0.606070594969062,-0.09688569793627577,1328,False,0.03331526160241777
PCDH9,Pcdh9,136,ri,-0.1144878132852858,9.896317305192695e-12,-0.20156040665108094,1328,True,0.15190855868704448
PCDH9,Pcdh9,136,tau,0.0068253710969746,0.7140132640277438,0.08109109898425033,1328,True,0.023526088566291858
PCDH9,Pcdh9,136,latency,0.0870789832399155,5.048967279269858e-07,0.05021872358495052,1328,True,0.06612862760850141
PCDH9,Pcdh9,136,upstroke_downstroke_ratio_long_square,-0.289829226799456,8.50475875668737e-71,0.11500070090323958,1328,False,0.18256660215981846
PCDH9,Pcdh9,136,threshold_i_long_square,0.1590281460481397,1.444020014485382e-21,0.11587195806382256,1328,True,0.1357457279985543
UNC5D,Unc5d,137,vrest,-0.0948504431815241,1.0000373296800145e-07,-0.17143102103062335,1328,True,0.12751591398651307
UNC5D,Unc5d,137,ri,-0.2635566858394593,4.616166233260918e-58,-0.23049108826194534,1328,True,0.24647001306010557
UNC5D,Unc5d,137,tau,-0.1566901728314321,6.0557315862607266e-21,-0.08150430411829766,1328,True,0.11300851073614618
UNC5D,Unc5d,137,latency,0.2235218450975174,5.589251492335222e-41,0.16931047286633708,1328,True,0.19453685843411994
UNC5D,Unc5d,137,upstroke_downstroke_ratio_long_square,-0.1333060459271943,1.2788068236169073e-15,0.09513095788997948,1328,False,0.11261230768250685
UNC5D,Unc5d,137,threshold_i_long_square,0.2945350635201932,7.266578304772994e-73,0.2507929019569696,1328,True,0.2717853993655834
CACNB2,Cacnb2,138,vrest,0.0665201669054856,0.000265934068602,0.019400304147838315,1328,True,0.03592368953673034
CACNB2,Cacnb2,138,ri,0.1709769892774084,9.81255829507016e-25,0.06523387941907649,1328,True,0.10561009564411536
CACNB2,Cacnb2,138,tau,0.0605646141657099,0.0004095752477481,0.0777987442485287,1328,True,0.06864292336423969
CACNB2,Cacnb2,138,latency,-0.0189065900063904,0.3286957469791249,0.027933389316699427,1328,False,0.02298097341932499
CACNB2,Cacnb2,138,upstroke_downstroke_ratio_long_square,0.4226811097106607,6.027215673976603e-157,0.1676507615678514,1328,True,0.2662006948588542
CACNB2,Cacnb2,138,threshold_i_long_square,-0.1893993855446383,3.64202973124156e-30,-0.0816324015479673,1328,True,0.12434277901719178
NYAP2,Nyap2,139,vrest,-0.0036594251227441,0.8754175765815247,-0.08525590876583135,1328,True,0.01766317113091707
NYAP2,Nyap2,139,ri,0.0495051698131737,0.004187702463269,-0.08794024186387375,1328,False,0.06598103217503222
NYAP2,Nyap2,139,tau,0.015335564146094,0.4026058894031643,0.1353248668327193,1328,True,0.04555527604871685
NYAP2,Nyap2,139,latency,0.1304854719347308,1.8584588638217325e-14,0.14292454494510337,1328,True,0.13656345301074685
NYAP2,Nyap2,139,upstroke_downstroke_ratio_long_square,0.3903183928162601,4.8038533960559997e-132,0.3803719994458444,1328,True,0.3853131031979179
NYAP2,Nyap2,139,threshold_i_long_square,-0.0946205995089112,2.072011014031348e-08,0.03311508866501117,1328,False,0.05597650884321125
DGKG,Dgkg,140,vrest,0.1000483709076843,1.7110910048570442e-08,0.1276652575692492,1328,True,0.11301637510251908
DGKG,Dgkg,140,ri,0.2682558805498833,3.628635610597353e-60,0.17993688532189703,1328,True,0.2197023614243344
DGKG,Dgkg,140,tau,0.4172470072350601,2.7367213852271177e-152,0.2740832030449173,1328,True,0.33817213989903283
DGKG,Dgkg,140,latency,0.216512200657005,1.7977390837972442e-38,0.032066951945238384,1328,True,0.08332398414637883
DGKG,Dgkg,140,upstroke_downstroke_ratio_long_square,-0.0689081891644158,4.393391567645746e-05,-0.02160214847087982,1328,True,0.03858192495442888
DGKG,Dgkg,140,threshold_i_long_square,-0.2270173668179125,4.318548980425581e-43,-0.21464277873083065,1328,True,0.22074337687448972
ADARB2,Adarb2,141,vrest,0.0097217555170491,0.6688768275863103,0.11181971368988676,1328,True,0.0329709556804092
ADARB2,Adarb2,141,ri,0.1335474577947707,1.6178189769881333e-15,0.27622462424703653,1328,True,0.19206534395488298
ADARB2,Adarb2,141,tau,-0.1309547111080962,5.592015159170411e-15,-0.060112440108772404,1328,True,0.08872433278671092
ADARB2,Adarb2,141,latency,-0.1563445624038722,2.166894806781691e-20,-0.06031520166101892,1328,True,0.0971079492626289
ADARB2,Adarb2,141,upstroke_downstroke_ratio_long_square,0.6655244889157543,0.0,0.136815873433352,1328,True,0.30175207413088995
ADARB2,Adarb2,141,threshold_i_long_square,-0.1788984328424578,5.140000817074789e-27,-0.19998245259367625,1328,True,0.1891468936171033
OSBPL1A,Osbpl1a,142,vrest,-0.0701098990640773,0.0001127746166635,-0.16726209704063918,1328,True,0.1082900214274848
OSBPL1A,Osbpl1a,142,ri,-0.2602555057041389,1.295821728428343e-56,-0.37535887657433464,1328,True,0.3125527383392936
OSBPL1A,Osbpl1a,142,tau,-0.1882964643541982,7.882866663850779e-30,-0.04091661636415582,1328,True,0.087775020334419
OSBPL1A,Osbpl1a,142,latency,-0.0416428781755962,0.0219225720288238,0.08409662688622414,1328,False,0.05917791470136135
OSBPL1A,Osbpl1a,142,upstroke_downstroke_ratio_long_square,-0.3301963900288533,1.0692749692160163e-92,0.13812060122626804,1328,False,0.21355777652318944
OSBPL1A,Osbpl1a,142,threshold_i_long_square,0.2796007410998382,1.5873668807648122e-65,0.28076899898269947,1328,True,0.2801842611450944
APLP1,Aplp1,143,vrest,0.0614827436275343,0.0007827279518682,0.0743077278479638,1328,True,0.06759173751887837
APLP1,Aplp1,143,ri,0.3081880026611583,6.0776774900724436e-80,0.2634088096132855,1328,True,0.2849200500457484
APLP1,Aplp1,143,tau,0.2681182261694441,3.171238882452773e-60,0.11139366324792825,1328,True,0.17281976564198587
APLP1,Aplp1,143,latency,0.0966131967377732,2.1317682020854653e-08,0.0163866768550985,1328,True,0.03978905923592497
APLP1,Aplp1,143,upstroke_downstroke_ratio_long_square,0.272654672499253,1.6208434800036982e-62,0.15455615609972434,1328,True,0.2052814120277668
APLP1,Aplp1,143,threshold_i_long_square,-0.2925413273367875,7.252255513549238e-72,-0.21326905859104167,1328,True,0.24977993009865793
PDE1A,Pde1a,144,vrest,0.1978676607143312,9.178408685795012e-31,-0.0375586148786332,1328,False,0.08620693281694707
PDE1A,Pde1a,144,ri,0.4113598064179855,2.6842664051581083e-147,-0.11154793323198008,1328,False,0.2142109619525427
PDE1A,Pde1a,144,tau,0.5726344658980922,0.0,0.34375330780196406,1328,True,0.4436721670489148
PDE1A,Pde1a,144,latency,0.1795047004650508,1.2314849614824668e-26,0.17501601744720924,1328,True,0.1772461502782145
PDE1A,Pde1a,144,upstroke_downstroke_ratio_long_square,0.0305441224934605,0.0754135536599892,0.4596610594543815,1328,True,0.11849026839976547
PDE1A,Pde1a,144,threshold_i_long_square,-0.323589765361311,1.763204143092241e-88,-0.009567532252790582,1328,True,0.05564131124234295
SEMA6D,Sema6d,145,vrest,0.0732692529507226,5.249774246022408e-05,0.04912341978826808,1328,True,0.059993635248008985
SEMA6D,Sema6d,145,ri,0.176982782405912,1.944248830458421e-26,0.0068883729041823395,1328,True,0.03491594768628919
SEMA6D,Sema6d,145,tau,0.3367038140339598,2.47249645105107e-96,0.17806927177002776,1328,True,0.2448603744324877
SEMA6D,Sema6d,145,latency,0.2112849349825009,1.1710412958682212e-36,0.05173119658820897,1328,True,0.10454674795375848
SEMA6D,Sema6d,145,upstroke_downstroke_ratio_long_square,-0.0739128595173694,1.1412582415759231e-05,0.04819581326345794,1328,False,0.05968492586128708
SEMA6D,Sema6d,145,threshold_i_long_square,-0.1974989995110026,1.0236150455131271e-32,-0.12401361027746972,1328,True,0.15650100304965353
TRERF1,Trerf1,146,vrest,-0.0009461520356338,0.9723299204303536,-0.05999748871549097,1328,True,0.007534370981115658
TRERF1,Trerf1,146,ri,-0.1003885624685008,2.6801381085531084e-09,-0.2626396450472313,1328,True,0.1623761571583983
TRERF1,Trerf1,146,tau,-0.0071803624098509,0.7009724636885001,0.040981575907640434,1328,False,0.017154083104137994
TRERF1,Trerf1,146,latency,0.090949285304223,1.460027664367007e-07,0.0602363670792922,1328,True,0.07401658283914796
TRERF1,Trerf1,146,upstroke_downstroke_ratio_long_square,-0.2952916149565361,1.4677302514115274e-73,-0.013960420363037442,1328,True,0.0642058803730113
TRERF1,Trerf1,146,threshold_i_long_square,0.1285676652148407,1.6671600068606942e-14,0.1969641696904578,1328,True,0.15913272268167175
PTPRE,Ptpre,147,vrest,-0.0641750845307824,0.0004438012820552,-0.01228936681953683,1328,True,0.0280832895949454
PTPRE,Ptpre,147,ri,-0.2277009968247236,2.5827659997185527e-43,-0.09459390652160313,1328,True,0.1467621436492182
PTPRE,Ptpre,147,tau,-0.3688490221805608,7.886445527818524e-117,-0.18399081921971017,1328,True,0.260508797854104
PTPRE,Ptpre,147,latency,-0.2698648828133682,4.9205260749986496e-60,-0.1374975372615979,1328,True,0.19262854611979982
PTPRE,Ptpre,147,upstroke_downstroke_ratio_long_square,-0.1797686359206735,1.9162705175220568e-27,-0.2703582096771723,1328,True,0.2204584463422091
PTPRE,Ptpre,147,threshold_i_long_square,0.2075077860455749,4.6465896812400196e-36,0.10050563351227897,1328,True,0.14441503209583462
FRMPD4,Frmpd4,148,vrest,0.0186598999688668,0.3687936170032068,0.022420900831308047,1328,True,0.020454138132028215
FRMPD4,Frmpd4,148,ri,0.127150970523695,3.4913754452142487e-14,0.14185184121868755,1328,True,0.13430040685541203
FRMPD4,Frmpd4,148,tau,0.1301388794831294,8.263731155326034e-15,0.17199752149364067,1328,True,0.14961137898254218
FRMPD4,Frmpd4,148,latency,0.0835051811328522,1.4994786975029435e-06,0.02410121331424355,1328,True,0.04486174521045093
FRMPD4,Frmpd4,148,upstroke_downstroke_ratio_long_square,0.2794777105337847,9.827241458088644e-66,0.1762419694495912,1328,True,0.22193625688863228
FRMPD4,Frmpd4,148,threshold_i_long_square,-0.1651833757434108,3.4305049294819264e-23,-0.16999031391247632,1328,True,0.16756960910542498
PCLO,Pclo,149,vrest,0.0636111477243081,0.0005038844119177,0.08455268548511606,1328,True,0.07333821218764935
PCLO,Pclo,149,ri,0.0942013270424386,2.5029885115275843e-08,-0.0033202540272395725,1328,False,0.01768537066289448
PCLO,Pclo,149,tau,0.2252380845100669,2.0159379398103054e-42,0.17778214097716377,1328,True,0.20010824294315074
PCLO,Pclo,149,latency,0.059771753006239,0.00073478192379,-0.00847556910036937,1328,False,0.022507768055819957
PCLO,Pclo,149,upstroke_downstroke_ratio_long_square,-0.2254532160235375,1.0007382792639582e-42,-0.10266017127866271,1328,True,0.1521350248046179
PCLO,Pclo,149,threshold_i_long_square,-0.0415438105690473,0.0166172963460077,-0.06577286894883479,1328,True,0.052272895540549175
TRPC5,Trpc5,150,vrest,-0.0102624022966311,0.6499793166185667,-0.03537286908690201,1328,True,0.019052837399081913
TRPC5,Trpc5,150,ri,0.0115997416857387,0.5341986548455047,-0.0602166937887805,1328,False,0.026429114497445422
TRPC5,Trpc5,150,tau,0.0502450632068092,0.0035792565271026,0.10996035800282766,1328,True,0.07433010922967519
TRPC5,Trpc5,150,latency,0.1954428042557726,1.805044141735414e-31,0.1388210622473202,1328,True,0.16471665882776224
TRPC5,Trpc5,150,upstroke_downstroke_ratio_long_square,0.3432204607599384,1.5731527298476263e-100,0.2734725725394431,1328,True,0.3063680504755569
TRPC5,Trpc5,150,threshold_i_long_square,-0.0420041202856013,0.0154164573981106,0.041981526293859844,1328,False,0.04199282177015999
ARHGAP21,Arhgap21,151,vrest,-0.0052430183848514,0.8276037452971168,-0.05854208620381225,1328,True,0.017519624261214714
ARHGAP21,Arhgap21,151,ri,-0.1342731049451042,1.1293386750921456e-15,-0.18880350078714034,1328,True,0.1592207030357383
ARHGAP21,Arhgap21,151,tau,-0.0829326028189723,1.0283085489186011e-06,-0.03186494950996462,1328,True,0.05140664549994001
ARHGAP21,Arhgap21,151,latency,-0.0249295534844779,0.1862714969835321,-0.031520301247675325,1328,True,0.028031893189736177
ARHGAP21,Arhgap21,151,upstroke_downstroke_ratio_long_square,-0.2745290069642077,2.18807915289192e-63,-0.13658799464622812,1328,True,0.19364236760962597
ARHGAP21,Arhgap21,151,threshold_i_long_square,0.1431129743506386,1.1124898568909434e-17,0.1278389161705485,1328,True,0.13526051726549454
XYLT1,Xylt1,152,vrest,0.0368070210871021,0.0553178621049232,-0.12464593096609852,1328,False,0.06773363573211363
XYLT1,Xylt1,152,ri,-0.0658814369033396,0.0001167974949609,-0.2913767196642258,1328,True,0.13855077398434396
XYLT1,Xylt1,152,tau,0.1202762452274164,7.965083659862382e-13,0.13459828984061206,1328,True,0.1272359104815159
XYLT1,Xylt1,152,latency,0.0694621268560876,7.605241109171602e-05,0.10654900958425283,1328,True,0.08602976705845404
XYLT1,Xylt1,152,upstroke_downstroke_ratio_long_square,-0.384294507969051,1.016946004601192e-127,0.17856880748731627,1328,False,0.2619599435256436
XYLT1,Xylt1,152,threshold_i_long_square,0.0957614373351789,1.3861487493924025e-08,0.1708151161684561,1328,True,0.12789644656075053
GRIA1,Gria1,153,vrest,0.0632412919412345,0.000546695884461,0.08222800209756034,1328,True,0.07211244751356216
GRIA1,Gria1,153,ri,0.1088922116498074,1.0099713867286556e-10,0.0016792488723160097,1328,True,0.01352246736423998
GRIA1,Gria1,153,tau,0.1922626212820009,4.629239349412791e-31,0.11158117777992957,1328,True,0.1464680501874119
GRIA1,Gria1,153,latency,0.0165745861052161,0.3987276341255177,-0.02866482516168525,1328,False,0.021796963385602986
GRIA1,Gria1,153,upstroke_downstroke_ratio_long_square,-0.3616766254923205,3.0977535316309643e-112,-0.2679729288482504,1328,True,0.31131903993994475
GRIA1,Gria1,153,threshold_i_long_square,-0.0268888902604944,0.1279100741197511,-0.06664995540948475,1328,True,0.042333713950851046
KCNC1,Kcnc1,154,vrest,-0.1256571747499225,5.546505087596597e-13,0.05090866888383683,1328,False,0.07998149474861185
KCNC1,Kcnc1,154,ri,-0.3669329723749377,3.381236095388027e-115,0.017386944631549918,1328,False,0.07987392111429786
KCNC1,Kcnc1,154,tau,-0.4111747943178607,1.6553174885717837e-147,-0.2058743165062409,1328,True,0.29094729719449836
KCNC1,Kcnc1,154,latency,-0.0837803457053465,1.395948019634978e-06,-0.152272475408551,1328,True,0.11294884076933802
KCNC1,Kcnc1,154,upstroke_downstroke_ratio_long_square,-0.3592195454061706,1.2351596368447601e-110,-0.5349228756615588,1328,True,0.43835459644277336
KCNC1,Kcnc1,154,threshold_i_long_square,0.3878462737264846,1.1681431440218863e-129,0.07116478822350454,1328,True,0.16613548065666361
LUZP2,Luzp2,155,vrest,-0.0636677900321662,0.0004984899916411,0.10540115069928258,1328,False,0.08191860797078178
LUZP2,Luzp2,155,ri,-0.3349530150202873,4.361135922913521e-95,-0.08015879789650332,1328,True,0.16385795994041807
LUZP2,Luzp2,155,tau,-0.2155619832341617,7.085536677658235e-39,-0.00011249625760364221,1328,True,0.004924420412136058
LUZP2,Luzp2,155,latency,0.1147820144431035,2.0945411636076565e-11,-0.01762747578020305,1328,False,0.0449812981093112
LUZP2,Luzp2,155,upstroke_downstroke_ratio_long_square,-0.2497582548177155,2.1438574274743175e-52,-0.30522591591212456,1328,True,0.276102683948112
LUZP2,Luzp2,155,threshold_i_long_square,0.32836291457423,3.358895748620045e-91,0.07102104106193886,1328,True,0.15271108682474338
PTPRO,Ptpro,156,vrest,-0.0197623641075133,0.338060653956733,0.07090596379396856,1328,False,0.037433534082297944
PTPRO,Ptpro,156,ri,0.0108978980392869,0.559610249590218,0.13094440983601943,1328,True,0.03777590273186779
PTPRO,Ptpro,156,tau,-0.1334516188510709,1.6699942490407585e-15,-0.09214225372053209,1328,True,0.11088973317485762
PTPRO,Ptpro,156,latency,-0.0697223539128198,7.138107652528925e-05,-0.0909262058564058,1328,True,0.07962153668870148
PTPRO,Ptpro,156,upstroke_downstroke_ratio_long_square,0.3259594214025829,3.088376836398509e-90,-0.07329917280643215,1328,False,0.15457217070764245
PTPRO,Ptpro,156,threshold_i_long_square,-0.0429618664812971,0.0131550080645902,-0.05558075221964064,1328,True,0.048865661315388526
RPH3A,Rph3a,157,vrest,0.1087587814294476,6.825620307747954e-10,0.06477069770371952,1328,True,0.08393081766902818
RPH3A,Rph3a,157,ri,0.2054496608606431,2.4862125855882206e-35,0.1683583324782238,1328,True,0.1859816182065165
RPH3A,Rph3a,157,tau,0.1939155184326647,1.417113316737981e-31,0.1452793018453741,1328,True,0.1678449020223173
RPH3A,Rph3a,157,latency,0.1151246541467885,1.822356864846613e-11,0.03302373283088766,1328,True,0.061659109795648905
RPH3A,Rph3a,157,upstroke_downstroke_ratio_long_square,0.3943588609406621,5.582550769719035e-135,0.3106642342247797,1328,True,0.3500188474123746
RPH3A,Rph3a,157,threshold_i_long_square,-0.2255893041232628,1.476679870427822e-42,-0.17154728367455263,1328,True,0.19672120462313739
PARM1,Parm1,158,vrest,-0.0876116815603794,9.762401893619089e-07,-0.0008308502268731336,1328,True,0.008531833654096753
PARM1,Parm1,158,ri,-0.2510651220077647,1.1873812988943773e-52,-0.111715409941561,1328,True,0.16747490267835793
PARM1,Parm1,158,tau,-0.3730458820161809,1.1410566621457813e-119,-0.2076152346718971,1328,True,0.27829841598215077
PARM1,Parm1,158,latency,-0.051960007446657,0.0037036515019255,-0.025927732301507148,1328,True,0.036704293528976153
PARM1,Parm1,158,upstroke_downstroke_ratio_long_square,0.0717813552884532,2.061389645508484e-05,-0.1865473654444421,1328,False,0.11571785824622065
PARM1,Parm1,158,threshold_i_long_square,0.2243609130934361,4.276551801352397e-42,0.17053821507999242,1328,True,0.1956070286382161
ELAVL2,Elavl2,159,vrest,-0.009297999556482,0.6840035256114254,0.06297065027554309,1328,False,0.02419712954739431
ELAVL2,Elavl2,159,ri,-0.0935842375210003,3.1025819812421515e-08,-0.016069776190567858,1328,True,0.03877986271155969
ELAVL2,Elavl2,159,tau,0.0446353312616009,0.0101198091089849,0.00015968776235153814,1328,True,0.002669778299968877
ELAVL2,Elavl2,159,latency,0.0972886736608651,1.6861860721551e-08,-0.06495491632610066,1328,False,0.07949451337745773
ELAVL2,Elavl2,159,upstroke_downstroke_ratio_long_square,-0.3888142052068263,5.858649258712933e-131,-0.30708029789734065,1328,True,0.34553897314431836
ELAVL2,Elavl2,159,threshold_i_long_square,0.1441387054889393,6.4560817586063584e-18,-0.029117971739389112,1328,False,0.06478446382412271
GABBR2,Gabbr2,160,vrest,-0.124054864683214,1.1215951641038737e-12,-0.04692682510114472,1328,True,0.07629876105111641
GABBR2,Gabbr2,160,ri,-0.2181808802335988,8.517733770830595e-40,-0.10931974209828518,1328,True,0.1544392358110913
GABBR2,Gabbr2,160,tau,-0.2194085423365161,2.8602308821302396e-40,0.04648598597475362,1328,False,0.10099218990494475
GABBR2,Gabbr2,160,latency,0.0753918253822527,1.5689025101042045e-05,0.027791828278648716,1328,True,0.0457741921243558
GABBR2,Gabbr2,160,upstroke_downstroke_ratio_long_square,-0.0930592727140686,2.9462223031244045e-08,-0.011235832544946693,1328,True,0.03233571407855101
GABBR2,Gabbr2,160,threshold_i_long_square,0.2642511619467405,1.9971010601032e-58,0.11141084066223883,1328,True,0.17158217884867813
MAP3K5,Map3k5,161,vrest,-0.0114981821785984,0.6052327237513516,-0.12705693222922665,1328,True,0.03822203230893772
MAP3K5,Map3k5,161,ri,-0.1499987217815031,2.736105238645277e-19,-0.2517750103599025,1328,True,0.19433458192125785
MAP3K5,Map3k5,161,tau,-0.0256688011531215,0.1488187920997551,0.07629934121498873,1328,False,0.04425508578414139
MAP3K5,Map3k5,161,latency,0.1086718079790501,2.456581640849133e-10,0.1370528272213244,1328,True,0.12204006933291088
MAP3K5,Map3k5,161,upstroke_downstroke_ratio_long_square,-0.2659286104394527,1.9172975072075202e-59,0.18477392151940253,1328,False,0.2216679322660434
MAP3K5,Map3k5,161,threshold_i_long_square,0.1824583393189889,4.600963194873367e-28,0.17646225282055106,1328,True,0.17943525183788525
ARID5B,Arid5b,162,vrest,-0.0368683311226554,0.0550610326483695,-0.10507174046826616,1328,True,0.06224001702456184
ARID5B,Arid5b,162,ri,-0.2674490777642937,8.35774382846639e-60,-0.3101002695090821,1328,True,0.2879861647625853
ARID5B,Arid5b,162,tau,-0.2221264959766709,2.9379332550427376e-41,-0.039817930212107826,1328,True,0.09404582561208727
ARID5B,Arid5b,162,latency,0.0568975942284565,0.0013524510019653,0.08078469394104383,1328,True,0.06779715875851701
ARID5B,Arid5b,162,upstroke_downstroke_ratio_long_square,-0.2488217435529864,5.3014040646952e-52,-0.019068760471375235,1328,True,0.06888194413546886
ARID5B,Arid5b,162,threshold_i_long_square,0.3134164032141802,8.021210466702162e-83,0.2778858804457707,1328,True,0.2951169143802489
GABRG3,Gabrg3,163,vrest,-0.1701525060884891,4.197145591123962e-23,-0.029619164086041802,1328,True,0.07099137269757633
GABRG3,Gabrg3,163,ri,-0.3601377743730005,1.0212244042414197e-110,-0.07072977769199339,1328,True,0.15960095463339685
GABRG3,Gabrg3,163,tau,-0.403611194143129,1.0125947587889573e-141,-0.12790901579511907,1328,True,0.22721247898550898
GABRG3,Gabrg3,163,latency,-0.0145033055620505,0.4679626817971552,-0.02558264036789706,1328,True,0.019262213017710583
GABRG3,Gabrg3,163,upstroke_downstroke_ratio_long_square,-0.1350980719184039,5.230826372388978e-16,-0.17089609933481673,1328,True,0.1519464824157169
GABRG3,Gabrg3,163,threshold_i_long_square,0.3304997280984916,1.980684157509169e-92,0.10725453044162195,1328,True,0.18827531210513884
RALGAPA2,Ralgapa2,164,vrest,-0.0605120544136474,0.0009545445963508,-0.035196842945600465,1328,True,0.04615011674430279
RALGAPA2,Ralgapa2,164,ri,-0.1057526160694316,3.514097826423642e-10,-0.167831936058044,1328,True,0.13322412055681104
RALGAPA2,Ralgapa2,164,tau,-0.0576001611538195,0.0007924741058722,0.023743479264689647,1328,False,0.03698145794852463
RALGAPA2,Ralgapa2,164,latency,0.0101125269959408,0.6324620581509555,-0.024936829824094106,1328,False,0.015879998891351766
RALGAPA2,Ralgapa2,164,upstroke_downstroke_ratio_long_square,-0.2714280399104534,5.87753648532404e-62,-0.18204090490280692,1328,True,0.22228586550047244
RALGAPA2,Ralgapa2,164,threshold_i_long_square,0.1430419876583785,1.1531978429639173e-17,0.13813505098377693,1328,True,0.14056710944602546
KCNC2,Kcnc2,165,vrest,-0.0425789492072492,0.0245988937306612,0.06336778346080468,1328,False,0.051943562001017685
KCNC2,Kcnc2,165,ri,-0.1210216112586715,5.767837764030658e-13,0.01446668988217964,1328,False,0.04184234839395252
KCNC2,Kcnc2,165,tau,0.0299815568872139,0.0886162014365238,-0.039944321863379914,1328,False,0.03460625605678989
KCNC2,Kcnc2,165,latency,0.0101882608124183,0.6294910170823956,-0.11203036541146975,1328,False,0.03378453169310742
KCNC2,Kcnc2,165,upstroke_downstroke_ratio_long_square,-0.658432341097691,0.0,-0.5375956795278128,1328,True,0.5949541006123933
KCNC2,Kcnc2,165,threshold_i_long_square,0.1637145544105023,8.470743794083876e-23,-0.007209804417015324,1328,False,0.03435622094349923
SEZ6,Sez6,166,vrest,0.0038187882502565,0.8695959228216679,0.02628442047938366,1328,True,0.010018714293334832
SEZ6,Sez6,166,ri,0.0362768616830074,0.0380501168740298,0.07892268878516578,1328,True,0.05350763931169547
SEZ6,Sez6,166,tau,-0.2142338557261931,2.066377403447593e-38,-0.07167949890955719,1328,True,0.12392003642638219
SEZ6,Sez6,166,latency,-0.152048267689579,2.4487222525909974e-19,-0.006649992602968857,1328,True,0.03179811087831994
SEZ6,Sez6,166,upstroke_downstroke_ratio_long_square,0.534233071473291,6.170469713341401e-267,0.2968321185118442,1328,True,0.39821794834550894
SEZ6,Sez6,166,threshold_i_long_square,-0.1053444057994719,3.8527095795248277e-10,-0.07015121685981775,1328,True,0.08596533171114618
TENM1,Tenm1,167,vrest,-0.0293321569703166,0.1350764109651015,-0.004620687462913151,1328,True,0.011641938411318904
TENM1,Tenm1,167,ri,-0.1774007908558489,1.4826054287881058e-26,-0.01719433704618279,1328,True,0.0552294214186139
TENM1,Tenm1,167,tau,-0.190059468925096,2.2415085680105243e-30,-0.02220015725655784,1328,True,0.06495652467793361
TENM1,Tenm1,167,latency,-0.0617631964369001,0.0004749655705934,-0.07206305883125727,1328,True,0.06671465250182175
TENM1,Tenm1,167,upstroke_downstroke_ratio_long_square,-0.1364759427791387,2.6264313202226874e-16,-0.15807010339048827,1328,True,0.1468767047064061
TENM1,Tenm1,167,threshold_i_long_square,0.1842815171327941,1.329676196851475e-28,0.01392432595838751,1328,True,0.05065566022334718
RAPGEF5,Rapgef5,168,vrest,-0.0705228116644444,0.0001024348065095,-0.1404935074667253,1328,True,0.09953892287519028
RAPGEF5,Rapgef5,168,ri,-0.3278780691404371,6.21166213838176e-91,-0.44904711748902404,1328,True,0.3837091370235796
RAPGEF5,Rapgef5,168,tau,-0.1984578178627732,4.809135104520644e-33,0.014774273270696112,1328,False,0.05414859216831632
RAPGEF5,Rapgef5,168,latency,0.0412944385287387,0.0231380602310075,0.09321990650012663,1328,True,0.06204404643980153
RAPGEF5,Rapgef5,168,upstroke_downstroke_ratio_long_square,-0.5665115160140508,2.7392038787546467e-307,-0.008096522882239518,1328,True,0.06772572223653256
RAPGEF5,Rapgef5,168,threshold_i_long_square,0.3556646766493996,7.72320272028594e-108,0.3407574441265903,1328,True,0.348131277223348
NCAM2,Ncam2,169,vrest,0.0565623326377463,0.0021403430936565,0.04341533029495731,1328,True,0.04955474098127241
NCAM2,Ncam2,169,ri,0.2161472153831697,4.600176315654424e-39,0.02045026064711667,1328,True,0.06648508774706015
NCAM2,Ncam2,169,tau,0.2527195173215379,2.0212314509268583e-53,0.22557994257569333,1328,True,0.23876443245414394
NCAM2,Ncam2,169,latency,0.2302757602833432,1.5886420792817125e-43,0.11617873567834855,1328,True,0.1635638917582034
NCAM2,Ncam2,169,upstroke_downstroke_ratio_long_square,0.3135359217339574,3.008628199474756e-83,0.19870615850536036,1328,True,0.24960272146191034
NCAM2,Ncam2,169,threshold_i_long_square,-0.2706066680100177,2.5989303145116747e-61,-0.08708638456509672,1328,True,0.15351272375995373
PRKG1,Prkg1,170,vrest,-0.0831808498493332,3.6568922003682473e-06,-0.16302998687667902,1328,True,0.11645159019664696
PRKG1,Prkg1,170,ri,-0.1179950599753759,2.189265907601331e-12,-0.2212920528793401,1328,True,0.16159012671438744
PRKG1,Prkg1,170,tau,0.0267469847135887,0.1312854833793232,-0.049545920572980115,1328,False,0.03640335122191608
PRKG1,Prkg1,170,latency,0.1281237502321366,5.743944271071082e-14,0.07384562955466151,1328,True,0.09726962011232662
PRKG1,Prkg1,170,upstroke_downstroke_ratio_long_square,-0.3545998178255332,1.1450207033662988e-107,0.06710439250781647,1328,False,0.15425694590054864
PRKG1,Prkg1,170,threshold_i_long_square,0.1125985238167825,2.062659860181071e-11,0.20327020222570316,1328,True,0.15128755635065638
MAGI1,Magi1,171,vrest,-0.1047143556005928,3.180500159269168e-09,-0.08971521429823111,1328,True,0.09692507855456378
MAGI1,Magi1,171,ri,-0.1876268579741495,1.3485538549136652e-29,-0.18145763352829525,1328,True,0.18451646439908478
MAGI1,Magi1,171,tau,-0.2987644994241542,4.0190245165138165e-75,-0.026872961155355115,1328,True,0.0896029396148609
MAGI1,Magi1,171,latency,-0.0620394794020451,0.0004460681591165,-0.005134596847319378,1328,True,0.017847905068861056
MAGI1,Magi1,171,upstroke_downstroke_ratio_long_square,-0.007010911049719,0.6980873271413143,-0.03678023907329904,1328,True,0.01605811273251931
MAGI1,Magi1,171,threshold_i_long_square,0.1738357946991814,1.420533624894018e-25,0.16434068031176421,1328,True,0.16902157484593391
CCDC136,Ccdc136,172,vrest,-0.0414738470598707,0.0290618034776475,0.08735829565985694,1328,False,0.060192064207899305
CCDC136,Ccdc136,172,ri,-0.2000417825901668,1.5721295539532582e-33,0.03731127253481636,1328,False,0.08639336472537805
CCDC136,Ccdc136,172,tau,-0.1119305714734486,2.889339118663705e-11,-0.07531708290235843,1328,True,0.09181657873703465
CCDC136,Ccdc136,172,latency,0.0433348186451839,0.0168432915050351,-0.07980320687142291,1328,False,0.05880695109489358
CCDC136,Ccdc136,172,upstroke_downstroke_ratio_long_square,-0.3612915595303824,5.457936036890066e-112,-0.3521669206310117,1328,True,0.35670006443760366
CCDC136,Ccdc136,172,threshold_i_long_square,0.188371087658905,7.555079827288832e-30,-0.03195349425936141,1328,False,0.07758295217467873
NCAM1,Ncam1,173,vrest,0.0722128783306798,6.963281889257068e-05,0.11826042740574254,1328,True,0.09241171925456791
NCAM1,Ncam1,173,ri,0.2617909717675937,2.745819158552563e-57,0.1300539227098387,1328,True,0.1845181368006847
NCAM1,Ncam1,173,tau,0.2838369834683162,1.2371302684800451e-67,0.20381715783200352,1328,True,0.24052203071261805
NCAM1,Ncam1,173,latency,-0.0841547235695655,1.248541874831743e-06,-0.06256240147110358,1328,True,0.07255977950386082
NCAM1,Ncam1,173,upstroke_downstroke_ratio_long_square,-0.0725759482452506,1.6588836343851817e-05,-0.07621453713738222,1328,True,0.07437299444568829
NCAM1,Ncam1,173,threshold_i_long_square,-0.2374373236945395,3.911064745073639e-47,-0.1977852978631769,1328,True,0.21670627999843484
SLC24A3,Slc24a3,174,vrest,0.0515464531288349,0.0055778524406487,0.15986986511589873,1328,True,0.0907784363651954
SLC24A3,Slc24a3,174,ri,0.2563472840116915,6.3158073702369004e-55,0.21319623434556995,1328,True,0.23377826168403032
SLC24A3,Slc24a3,174,tau,0.1654103504904564,3.168026327028892e-23,0.1497843543574122,1328,True,0.15740356588160978
SLC24A3,Slc24a3,174,latency,0.0727411098607505,3.249020184516199e-05,0.02504996885575975,1328,True,0.04268679581024088
SLC24A3,Slc24a3,174,upstroke_downstroke_ratio_long_square,0.3675126996166235,4.0670794663227474e-116,-0.04227816833333408,1328,False,0.12465056670159848
SLC24A3,Slc24a3,174,threshold_i_long_square,-0.3099333374245908,6.27517018848409e-81,-0.23923851375830082,1328,True,0.2723012871978556
GRM8,Grm8,175,vrest,-0.0125973276029498,0.5695639860811462,-0.09546242902977575,1328,True,0.03467811258216673
GRM8,Grm8,175,ri,0.1930196986313497,2.898332029437065e-31,-0.16409069541531482,1328,False,0.17796835835977323
GRM8,Grm8,175,tau,0.1325753540417907,2.550484532525102e-15,0.08799895440720468,1328,True,0.10801153890137181
GRM8,Grm8,175,latency,-0.0134843688493584,0.5032814390117086,0.09178461969611292,1328,False,0.035180359103915815
GRM8,Grm8,175,upstroke_downstroke_ratio_long_square,0.15969585538154,6.963509313005244e-22,0.30562249371735534,1328,True,0.22092226134555204
GRM8,Grm8,175,threshold_i_long_square,-0.2037770974267598,8.586337018485001e-35,0.06062565853807313,1328,False,0.11114909233311085
EXOC4,Exoc4,176,vrest,-0.0583768808346743,0.0014750186091519,-0.03817720025292419,1328,True,0.047208747809769885
EXOC4,Exoc4,176,ri,-0.1460252860738296,2.439348380136475e-18,-0.11734127335270594,1328,True,0.13089993510157416
EXOC4,Exoc4,176,tau,-0.0707196508293581,3.3379662437358765e-05,0.05048533754906617,1328,False,0.059752032965182375
EXOC4,Exoc4,176,latency,0.0450518466621535,0.0126773148711355,0.01322359756474152,1328,True,0.024407939073358104
EXOC4,Exoc4,176,upstroke_downstroke_ratio_long_square,-0.2976583672623678,8.871857185996754e-75,-0.14090322254951915,1328,True,0.20479507602990826
EXOC4,Exoc4,176,threshold_i_long_square,0.1672065702695793,9.87324682928616e-24,0.07862749468866875,1328,True,0.11466051506853554
ASTN2,Astn2,177,vrest,-0.0217468095351248,0.2857699647446989,0.022990038473671585,1328,False,0.02235978505916654
ASTN2,Astn2,177,ri,-0.1224686198346105,3.030542590024669e-13,0.01113633440962077,1328,False,0.0369303602089519
ASTN2,Astn2,177,tau,-0.0056064591627742,0.7659487863252074,0.08743822286689902,1328,False,0.02214088583974947
ASTN2,Astn2,177,latency,0.0848200436657075,1.0218849182192433e-06,-0.02263472138053227,1328,False,0.04381641308753913
ASTN2,Astn2,177,upstroke_downstroke_ratio_long_square,-0.2477232208355604,1.5221595058109158e-51,-0.1460662648710257,1328,True,0.19022093888231797
ASTN2,Astn2,177,threshold_i_long_square,0.1557995718616442,9.588895062882008e-21,-0.0568293175328226,1328,False,0.0940956074469111
CDH12,Cdh12,178,vrest,-0.0120075350185283,0.5893954159657003,-0.14357157187228065,1328,True,0.04152036460487266
CDH12,Cdh12,178,ri,0.0755188642932044,9.062442080335044e-06,-0.19857534988427542,1328,False,0.12245891106769723
CDH12,Cdh12,178,tau,-0.1404996527208545,4.607530512523275e-17,-0.06521447070521309,1328,True,0.09572152572152608
CDH12,Cdh12,178,latency,-0.205530779895629,9.841874077572074e-35,0.06088523598556906,1328,False,0.11186505279238652
CDH12,Cdh12,178,upstroke_downstroke_ratio_long_square,0.1756566112639469,3.0157617835535304e-26,0.13246936514313348,1328,True,0.1525421901551477
CDH12,Cdh12,178,threshold_i_long_square,-0.1261158782482149,5.29110516679004e-14,0.14662504041157523,1328,False,0.13598435845598497
ETV6,Etv6,179,vrest,-0.0511136014092149,0.0059906645248295,-0.07951507773045546,1328,True,0.06375187831850322
ETV6,Etv6,179,ri,-0.2874309919955094,2.876321778277384e-69,-0.27865439962702526,1328,True,0.2830086756774587
ETV6,Etv6,179,tau,-0.1682958691572734,5.184060364404768e-24,-0.009011438584490909,1328,True,0.03894339339264476
ETV6,Etv6,179,latency,0.0030984417191897,0.8840712404118669,0.03372675930339849,1328,True,0.0102225436207785
ETV6,Etv6,179,upstroke_downstroke_ratio_long_square,-0.4295457848164508,1.3963559059256176e-162,-0.13268501442564298,1328,True,0.23873476633042978
ETV6,Etv6,179,threshold_i_long_square,0.2899024107353318,1.4740104134715742e-70,0.20636240547929863,1328,True,0.2445914120192913
ANO3,Ano3,180,vrest,-0.0070104820201786,0.7686538159670611,-0.07940275727546377,1328,True,0.023593465244262958
ANO3,Ano3,180,ri,0.0131586520169748,0.4781858442215381,-0.21453503799603332,1328,False,0.05313183518793859
ANO3,Ano3,180,tau,0.2653858521712037,5.4688847260900105e-59,0.24622123174732682,1328,True,0.2556240039783192
ANO3,Ano3,180,latency,0.131780661033677,9.970694150779811e-15,0.1345371696146197,1328,True,0.1331517823591352
ANO3,Ano3,180,upstroke_downstroke_ratio_long_square,-0.3792771875044085,3.597864974859377e-124,0.34527706395508717,1328,False,0.3618780370880018
ANO3,Ano3,180,threshold_i_long_square,0.0068431421385374,0.715495165464923,0.06057922129097342,1328,True,0.020360555540948344
EPHA3,Epha3,181,vrest,0.0692511352946437,0.000139868469895,0.08952514198627033,1328,True,0.07873828623969024
EPHA3,Epha3,181,ri,0.1208468622269961,6.233536143076715e-13,0.006069179351411198,1328,True,0.027082121056352264
EPHA3,Epha3,181,tau,0.0324057593293618,0.0649650260814262,0.08327665909571456,1328,True,0.05194846843179339
EPHA3,Epha3,181,latency,0.0397103819480291,0.029398948619605,-0.02405792599692196,1328,False,0.030908727411771416
EPHA3,Epha3,181,upstroke_downstroke_ratio_long_square,0.2725671534523542,1.7730629552068755e-62,0.011052150404083262,1328,True,0.05488581943606437
EPHA3,Epha3,181,threshold_i_long_square,-0.1146940653136217,8.582493628153061e-12,-0.013986985438457918,1328,True,0.04005276796201691
NPAS3,Npas3,182,vrest,0.0646306990584802,0.0004071186810454,0.23839724769812584,1328,True,0.12412808212627606
NPAS3,Npas3,182,ri,0.3198855982469448,2.2507031390675466e-86,0.3453221848593407,1328,True,0.33236063799985743
NPAS3,Npas3,182,tau,0.3069661358649027,1.8711868844058324e-79,0.16464607739873413,1328,True,0.224812744666318
NPAS3,Npas3,182,latency,-0.199736489732555,8.051949594374576e-33,-0.2002374551459436,1328,True,0.1999868155750041
NPAS3,Npas3,182,upstroke_downstroke_ratio_long_square,0.0891315891380187,1.1071360467072177e-07,-0.362950786918698,1328,False,0.17986211501302313
NPAS3,Npas3,182,threshold_i_long_square,-0.2426134347649146,3.2907493426597235e-49,-0.3144999180561483,1328,True,0.276227995237424
USP25,Usp25,183,vrest,-0.0345064451622335,0.0737733193799036,-0.084418967270661,1328,True,0.05397220085171114
USP25,Usp25,183,ri,-0.1658070735073194,2.552459845506913e-23,-0.2726951438200751,1328,True,0.2126376818827374
USP25,Usp25,183,tau,-0.1076147678694975,1.6651152031385184e-10,-0.03968576759555769,1328,True,0.06535116423996414
USP25,Usp25,183,latency,-0.0104623643412177,0.6189893828060398,0.010620575533534892,1328,False,0.010541173119974104
USP25,Usp25,183,upstroke_downstroke_ratio_long_square,-0.3536328490484959,4.755471430743202e-107,-0.1512607303938432,1328,True,0.23128070182860302
USP25,Usp25,183,threshold_i_long_square,0.2075721588274588,4.434326639833328e-36,0.21453561394911444,1328,True,0.21102516563858437
FAT3,Fat3,184,vrest,0.0709850992680895,9.329409022677912e-05,-0.08359687896460649,1328,False,0.0770333223469237
FAT3,Fat3,184,ri,0.073143304905039,1.7559030350503668e-05,-0.2521937923945389,1328,False,0.13581711030747143
FAT3,Fat3,184,tau,0.1934144331000782,2.0208323488926373e-31,0.2228638877236915,1328,True,0.20761765941883958
FAT3,Fat3,184,latency,-0.0161052729580117,0.4128673457488556,0.15982084715037917,1328,False,0.05073419327965631
FAT3,Fat3,184,upstroke_downstroke_ratio_long_square,-0.2385489688628132,8.303067240827921e-48,0.23356352863188953,1328,False,0.23604308699705104
FAT3,Fat3,184,threshold_i_long_square,-0.0854077818632706,4.518175221361074e-07,0.11744759352583532,1328,False,0.10015457277738553
PRKD1,Prkd1,185,vrest,0.0633110029325393,0.0005391281015711,0.04706116436503632,1328,True,0.05458470037587024
PRKD1,Prkd1,185,ri,0.2220493168201094,3.2725444581424425e-41,0.11305289538269876,1328,True,0.15844026692815044
PRKD1,Prkd1,185,tau,0.129453274916678,1.1483151830478313e-14,0.1349422987554387,1328,True,0.13216929484065618
PRKD1,Prkd1,185,latency,-0.1107331992876767,1.0915182534653956e-10,-0.007559775312994277,1328,True,0.028932993386510387
PRKD1,Prkd1,185,upstroke_downstroke_ratio_long_square,0.3535099575032849,5.654278921854868e-107,0.06307260359979337,1328,True,0.14932110841466617
PRKD1,Prkd1,185,threshold_i_long_square,-0.2313616721510559,9.324982227314245e-45,-0.10768906820817539,1328,True,0.15784524982726775
GABRA1,Gabra1,186,vrest,-0.1949103900986258,5.639177344077268e-30,-0.0795487239514119,1328,True,0.12451856414694794
GABRA1,Gabra1,186,ri,-0.3519087229755752,1.7967188505886655e-105,-0.11770511964501819,1328,True,0.2035226236612668
GABRA1,Gabra1,186,tau,-0.5041651557819918,7.00582134367851e-233,-0.35324642062080297,1328,True,0.42201248403538744
GABRA1,Gabra1,186,latency,-0.1945221127446401,3.5289668149719583e-31,-0.12229963959869847,1328,True,0.15424002166314318
GABRA1,Gabra1,186,upstroke_downstroke_ratio_long_square,-0.0837400722436794,6.338068685399808e-07,-0.22204908236013365,1328,True,0.1363613075563604
GABRA1,Gabra1,186,threshold_i_long_square,0.3019290390884039,1.1172182397193967e-76,0.2152362681210314,1328,True,0.2549236740884555
CNR1,Cnr1,187,vrest,0.0485253099663918,0.0095544476587935,0.11296418149106595,1328,True,0.07403797621460026
CNR1,Cnr1,187,ri,0.3235285783578652,1.9801395813904685e-88,0.24195873054295278,1328,True,0.2797866403419493
CNR1,Cnr1,187,tau,0.134641775485715,9.190637841534569e-16,0.12961621399556383,1328,True,0.13210509900870251
CNR1,Cnr1,187,latency,-0.2155989624918178,3.7430501131261614e-38,-0.0767957677808573,1328,True,0.12867434809360956
CNR1,Cnr1,187,upstroke_downstroke_ratio_long_square,0.4808006872349161,3.6414166399396016e-209,0.13740002707776724,1328,True,0.2570253439742598
CNR1,Cnr1,187,threshold_i_long_square,-0.2911292979800512,3.694389274721391e-71,-0.23544989039631684,1328,True,0.26181360029715744
PKD1,Pkd1,188,vrest,-0.0480451671138986,0.0103074296041431,0.029735556779098275,1328,False,0.03779748397283339
PKD1,Pkd1,188,ri,-0.1173031987074682,2.9524990531692808e-12,-0.07863555499085692,1328,True,0.09604270993971657
PKD1,Pkd1,188,tau,-0.0706934017140499,3.356145036139409e-05,0.04974540180989077,1328,False,0.05930153179786702
PKD1,Pkd1,188,latency,0.0504550475824449,0.0049341337203435,-0.002234252918094314,1328,False,0.010617407277375441
PKD1,Pkd1,188,upstroke_downstroke_ratio_long_square,-0.2029754958612197,9.684107488498979e-35,-0.1078334870446111,1328,True,0.14794443383691172
PKD1,Pkd1,188,threshold_i_long_square,0.1377810470035404,1.7562044346543132e-16,0.05607347695537738,1328,True,0.08789688483695421
SLC35F3,Slc35f3,189,vrest,-0.0821434038843878,4.891856952897866e-06,-0.06044604335173218,1328,True,0.07046448575172141
SLC35F3,Slc35f3,189,ri,-0.2833387536615239,2.8330891035098507e-67,-0.1890536603653063,1328,True,0.2314437912389419
SLC35F3,Slc35f3,189,tau,-0.2954368725005133,2.111339854002037e-73,-0.11610192973089854,1328,True,0.18520472729110082
SLC35F3,Slc35f3,189,latency,-0.1044824700536328,1.2200509390116914e-09,-0.07237054578117458,1328,True,0.08695661781800529
SLC35F3,Slc35f3,189,upstroke_downstroke_ratio_long_square,-0.4137537536816432,8.498327358031388e-150,-0.12840610279195064,1328,True,0.23049621911389456
SLC35F3,Slc35f3,189,threshold_i_long_square,0.3027729713228709,4.097405316863662e-77,0.18372645618812866,1328,True,0.23585462694359205
PRICKLE2,Prickle2,190,vrest,-0.0564911843654551,0.0021688007679671,-0.08977681634960119,1328,True,0.07121515768534761
PRICKLE2,Prickle2,190,ri,-0.2136899670110308,3.409998433206986e-38,-0.28011374719210125,1328,True,0.24465791913775514
PRICKLE2,Prickle2,190,tau,-0.0752800900666301,9.70839532280095e-06,0.12221512078490229,1328,False,0.09591853470623664
PRICKLE2,Prickle2,190,latency,0.1121509535492836,6.118389538018362e-11,0.09375166163056937,1328,True,0.10253944728102517
PRICKLE2,Prickle2,190,upstroke_downstroke_ratio_long_square,-0.4325292888038558,4.511083205011821e-165,0.06783572023292411,1328,False,0.1712919607799619
PRICKLE2,Prickle2,190,threshold_i_long_square,0.253218954941197,1.3269850082502007e-53,0.20341555593510677,1328,True,0.22695522574435323
ITGA8,Itga8,191,vrest,0.098286541673843,3.161421016248066e-08,-0.04432636460752205,1328,False,0.0660051898129774
ITGA8,Itga8,191,ri,0.2323969140729951,4.067402338660653e-45,-0.12096871619168792,1328,False,0.16766859080436092
ITGA8,Itga8,191,tau,0.1914887132411192,8.098711247246336e-31,0.12920236037311916,1328,True,0.15729206507501883
ITGA8,Itga8,191,latency,-0.0261344893271859,0.1656032313852648,0.07275825522086829,1328,False,0.043606190438221615
ITGA8,Itga8,191,upstroke_downstroke_ratio_long_square,0.1176554806977555,1.914311372809183e-12,0.20159415662562669,1328,True,0.1540086276922391
ITGA8,Itga8,191,threshold_i_long_square,-0.1929205500132682,2.9093887371220357e-31,0.08732680347360261,1328,False,0.12979651365513634
TMEM132C,Tmem132c,192,vrest,-0.0943624810971357,1.1814413441562277e-07,0.017550870532914757,1328,False,0.040695745341502776
TMEM132C,Tmem132c,192,ri,-0.2881951380831938,1.2381890790855083e-69,-0.1228893053731574,1328,True,0.18819165850527186
TMEM132C,Tmem132c,192,tau,-0.189968409510532,2.3855718204965183e-30,-0.08101662986301288,1328,True,0.12405885828500933
TMEM132C,Tmem132c,192,latency,0.0599500561376962,0.0007073903338212,-0.03590669427112852,1328,False,0.046396210376206906
TMEM132C,Tmem132c,192,upstroke_downstroke_ratio_long_square,-0.5030157742531882,5.9616705894700835e-232,-0.32401633197831003,1328,True,0.4037144115593939
TMEM132C,Tmem132c,192,threshold_i_long_square,0.3140377269528179,3.743230175280848e-83,0.10838238118240978,1328,True,0.18448890651813685
SLC6A1,Slc6a1,193,vrest,-0.1553309151598854,2.2320526703331595e-19,0.2174506699401682,1328,False,0.18378468805625922
SLC6A1,Slc6a1,193,ri,-0.3201154191224324,1.696223577351379e-86,0.28363287832472883,1328,False,0.30132251446219954
SLC6A1,Slc6a1,193,tau,-0.3971584533690068,7.274204666661934e-137,-0.19810843418272492,1328,True,0.2805003374674738
SLC6A1,Slc6a1,193,latency,0.0128340196905629,0.5260944089328073,-0.19824272540175672,1328,False,0.050440569399214756
SLC6A1,Slc6a1,193,upstroke_downstroke_ratio_long_square,-0.052625508602709,0.0019084733272576,-0.5943147818960258,1328,True,0.17685055178705672
SLC6A1,Slc6a1,193,threshold_i_long_square,0.3321463539896172,2.1460080522754025e-93,-0.1415845804936584,1328,False,0.21685663972338529
RTN1,Rtn1,194,vrest,0.0155724941266954,0.4667689510826864,0.022482822162321385,1328,True,0.018711323204794655
RTN1,Rtn1,194,ri,0.2833635229622633,2.785259814053821e-67,0.19828917008866825,1328,True,0.2370399076138625
RTN1,Rtn1,194,tau,0.1842603375876454,1.3257478732611399e-28,0.1561635908557599,1328,True,0.1696312352427502
RTN1,Rtn1,194,latency,0.0044099435881284,0.8367056292848523,0.0722320734476591,1328,True,0.017847671253071754
RTN1,Rtn1,194,upstroke_downstroke_ratio_long_square,0.3374358186444959,5.315255495956719e-97,0.29263826375818464,1328,True,0.31423976848570095
RTN1,Rtn1,194,threshold_i_long_square,-0.2806120257777554,5.195587725732686e-66,-0.18381979622560918,1328,True,0.22711681002718048
SETBP1,Setbp1,195,vrest,-0.0348875317168517,0.070681427151351,-0.021304986768961552,1328,True,0.0272631326451905
SETBP1,Setbp1,195,ri,-0.0685996674205999,5.876277406365463e-05,-0.13813976479650444,1328,True,0.0973465044190088
SETBP1,Setbp1,195,tau,-0.1440629007485304,6.98411647871153e-18,0.04577226179420899,1328,False,0.08120397039489435
SETBP1,Setbp1,195,latency,-0.1461033593006663,6.425381612089582e-18,-0.0005219530149062325,1328,True,0.008732645010242391
SETBP1,Setbp1,195,upstroke_downstroke_ratio_long_square,-0.1684586750128327,3.1877812168845896e-24,-0.03801518657888937,1328,True,0.08002492087746994
SETBP1,Setbp1,195,threshold_i_long_square,0.0678733939076352,6.767079307925917e-05,0.08466756038688897,1328,True,0.07580682474116565
PPFIA2,Ppfia2,196,vrest,-0.0296579504141497,0.130457568655801,-0.0674030503355675,1328,True,0.04471058403347799
PPFIA2,Ppfia2,196,ri,-0.1962114167264986,2.780841064105917e-32,-0.22461664310787904,1328,True,0.2099341557835391
PPFIA2,Ppfia2,196,tau,-0.1769438968350953,1.9221099043106383e-26,-0.05872539271062174,1328,True,0.10193674425538964
PPFIA2,Ppfia2,196,latency,-0.0215566345533361,0.2602027870074196,0.013590496614991305,1328,False,0.017116231154308444
PPFIA2,Ppfia2,196,upstroke_downstroke_ratio_long_square,-0.2454910521730936,1.277859421066506e-50,-0.09236968573494916,1328,True,0.15058529589561748
PPFIA2,Ppfia2,196,threshold_i_long_square,0.2012026508299309,6.2205271583160965e-34,0.19000071274632238,1328,True,0.19552147468791325
GABRA2,Gabra2,197,vrest,0.1289913093997496,1.2949016608132986e-13,-0.058474976759086424,1328,False,0.08684908646194549
GABRA2,Gabra2,197,ri,0.2992498336215351,3.0492742753460856e-75,-0.11238111495255627,1328,False,0.18338492291285857
GABRA2,Gabra2,197,tau,0.266319448209131,2.0693784890247537e-59,0.19379035752254442,1328,True,0.2271786545511137
GABRA2,Gabra2,197,latency,0.045151248629441,0.0125216127315554,0.12529504059855145,1328,True,0.0752145433417042
GABRA2,Gabra2,197,upstroke_downstroke_ratio_long_square,0.2825105206777248,3.4335653036605634e-67,0.3453675480091005,1328,True,0.31236191479314523
GABRA2,Gabra2,197,threshold_i_long_square,-0.2769715913334819,2.7977594269703467e-64,0.042042378731911405,1328,False,0.1079098908387106
GABRG2,Gabrg2,198,vrest,-0.1294848067990104,1.040767570728832e-13,0.006525501207257608,1328,False,0.02906807979706366
GABRG2,Gabrg2,198,ri,-0.1218533227248656,3.9817969859654587e-13,-0.04865196084103782,1328,True,0.07699612383464835
GABRG2,Gabrg2,198,tau,-0.2330130164051375,2.1537957553589386e-45,-0.14341337853745867,1328,True,0.1828036759090611
GABRG2,Gabrg2,198,latency,-0.1699365044589888,5.9689101050232334e-24,-0.08020650586924502,1328,True,0.1167476476948845
GABRG2,Gabrg2,198,upstroke_downstroke_ratio_long_square,-0.1209624678805868,4.428162076929882e-13,-0.16813296951357565,1328,True,0.1426105848962607
GABRG2,Gabrg2,198,threshold_i_long_square,0.1122020584527809,2.4273271568759093e-11,0.07145433787373359,1328,True,0.08953950968602303
VPS13D,Vps13d,199,vrest,-0.0162788598001752,0.443873312672026,-0.00717731961909748,1328,True,0.01080918960053596
VPS13D,Vps13d,199,ri,-0.0733290187866495,1.6698920786348744e-05,-0.1369056896857013,1328,True,0.10019560814208374
VPS13D,Vps13d,199,tau,-0.0379839968911812,0.0298557281967008,0.06902699738103694,1328,False,0.051204699529719726
VPS13D,Vps13d,199,latency,0.0044604500657685,0.8365498398149989,0.018082678551041016,1328,True,0.008980917811240762
VPS13D,Vps13d,199,upstroke_downstroke_ratio_long_square,-0.2032106096304523,8.107516828900693e-35,-0.060252394952872115,1328,True,0.1106522747622837
VPS13D,Vps13d,199,threshold_i_long_square,0.1080446381750445,1.3314623309200564e-10,0.05679088215174112,1328,True,0.07833230696032424
MYH10,Myh10,200,vrest,-0.056470351837466,0.0021731696460873,-0.09912013727576555,1328,True,0.07481543307460306
MYH10,Myh10,200,ri,-0.1172748325864425,2.983839197368752e-12,-0.2647310676124076,1328,True,0.17619957898552224
MYH10,Myh10,200,tau,-0.0607917485854612,0.0003895815136056,-0.011507173615973976,1328,True,0.026448841286369092
MYH10,Myh10,200,latency,0.0233169699803819,0.219462497345244,0.09485264382081138,1328,True,0.04702846211104203
MYH10,Myh10,200,upstroke_downstroke_ratio_long_square,-0.2491201811449909,3.979770319272063e-52,0.055933157266316764,1328,False,0.11804269681007841
MYH10,Myh10,200,threshold_i_long_square,0.1390966402774374,8.95305475672187e-17,0.17082017198476682,1328,True,0.15414445178044878
CIT,Cit,201,vrest,-0.0789987682771558,1.1635662560289014e-05,-0.010459244148258488,1328,True,0.028744867451815984
CIT,Cit,201,ri,-0.0504188586449349,0.0035337864187546,-0.07420883296875046,1328,True,0.06116800356115126
CIT,Cit,201,tau,-0.2453397587203218,2.4887015233540377e-50,-0.03549471022579392,1328,True,0.09331807779119766
CIT,Cit,201,latency,-0.2939583123701051,1.7835012204059308e-71,-0.028454911910309518,1328,True,0.09145795691898322
CIT,Cit,201,upstroke_downstroke_ratio_long_square,0.0274851711204455,0.1106101863066724,-0.16401713856470737,1328,False,0.06714193265118902
CIT,Cit,201,threshold_i_long_square,0.0503589418745441,0.0034269858503381,0.0325472949319332,1328,True,0.040485149544627695
OPCML,Opcml,202,vrest,0.0397931865924857,0.0371357501249528,-0.124142710150747,1328,False,0.07028537564191817
OPCML,Opcml,202,ri,-0.061708825838165,0.0003189506285685,-0.31499822473096656,1328,True,0.1394208398671245
OPCML,Opcml,202,tau,0.0818970119561304,1.4088911195350896e-06,0.06720325619934797,1328,True,0.07418723526624305
OPCML,Opcml,202,latency,0.1861231793202184,1.361833536667092e-28,0.09608416177091114,1328,True,0.13372916537210636
OPCML,Opcml,202,upstroke_downstroke_ratio_long_square,-0.3303114933061309,9.21401481023475e-93,0.031870830076252965,1328,False,0.10260263873503969
OPCML,Opcml,202,threshold_i_long_square,0.0609066095545615,0.000367448205696,0.22894180535994307,1328,True,0.11808500814995301
CNTN4,Cntn4,203,vrest,0.0288282145168892,0.1423311810192317,0.006279972764915014,1328,True,0.01345512549280726
CNTN4,Cntn4,203,ri,0.1475868512519006,1.0368011196338272e-18,-0.024348887754488832,1328,False,0.059946440054193105
CNTN4,Cntn4,203,tau,0.1308349273151321,5.919375901336292e-15,0.14955368569592162,1328,True,0.13988154130454816
CNTN4,Cntn4,203,latency,-0.1773696864782909,4.942364594734905e-26,0.003403962841147628,1328,False,0.024571524615255504
CNTN4,Cntn4,203,upstroke_downstroke_ratio_long_square,-0.1472457023660779,8.895344026379883e-19,-0.004496722890608748,1328,True,0.025731753153901218
CNTN4,Cntn4,203,threshold_i_long_square,-0.177601379719823,1.2299356633474694e-26,-0.066526109577505,1328,True,0.10869741877504277
CACNA1B,Cacna1b,204,vrest,0.0831893041885003,3.6568922003682473e-06,0.02779011654280571,1328,True,0.048081602079312405
CACNA1B,Cacna1b,204,ri,0.1983793674781557,5.535334577197205e-33,-0.040676723419423855,1328,False,0.08982996528458188
CACNA1B,Cacna1b,204,tau,0.2116502365799941,1.6763599741070554e-37,0.17147298735121988,1328,True,0.1905053761445173
CACNA1B,Cacna1b,204,latency,0.0259152231900582,0.1687392315138944,0.05408812425539584,1328,True,0.037439361800252195
CACNA1B,Cacna1b,204,upstroke_downstroke_ratio_long_square,0.1089477288771836,7.564014598609529e-11,0.040238876046836194,1328,True,0.06621128421857793
CACNA1B,Cacna1b,204,threshold_i_long_square,-0.1772727322423692,1.5250130072279074e-26,-0.03263782626849152,1328,True,0.07606442425383407
DIP2A,Dip2a,205,vrest,-0.02090486096482,0.3084706439763567,0.03782714222443477,1328,False,0.028120653422320768
DIP2A,Dip2a,205,ri,-0.1030625795289194,9.97634833662935e-10,-0.04559684959545376,1328,True,0.06855165160446267
DIP2A,Dip2a,205,tau,-0.0211022419555941,0.2404274584079198,0.03581363425643092,1328,False,0.02749087076446213
DIP2A,Dip2a,205,latency,0.0347115791772343,0.059150399840663,-0.025766825716647276,1328,False,0.029906641586935147
DIP2A,Dip2a,205,upstroke_downstroke_ratio_long_square,-0.3177452121947026,1.4280154643903638e-85,-0.19886308509672446,1328,True,0.25137182254929036
DIP2A,Dip2a,205,threshold_i_long_square,0.1316964340866281,3.665577956434922e-15,-0.009519144913341097,1328,False,0.03540674286969767
SLC44A5,Slc44a5,206,vrest,0.0339877777773833,0.0790252564973141,0.0415891325969174,1328,True,0.03759683758852806
SLC44A5,Slc44a5,206,ri,0.2879247545934144,1.6502918605666195e-69,0.1460677166335166,1328,True,0.2050768428314754
SLC44A5,Slc44a5,206,tau,0.1258141849571395,6.407995973019913e-14,-0.06984717315212353,1328,False,0.09374308060702197
SLC44A5,Slc44a5,206,latency,-0.1928940779833459,1.1246874164999449e-30,-0.0753039034932007,1328,True,0.12052251670483739
SLC44A5,Slc44a5,206,upstroke_downstroke_ratio_long_square,0.2404641746856882,1.4217809732970626e-48,-0.10222052229438484,1328,False,0.15678129202637425
SLC44A5,Slc44a5,206,threshold_i_long_square,-0.27951234288684,1.735116194900043e-65,-0.10469102667250875,1328,True,0.17106266145615057
ATP8A2,Atp8a2,207,vrest,-0.046498779366088,0.0133826095781037,-0.04342960991253001,1328,True,0.044938000058725364
ATP8A2,Atp8a2,207,ri,-0.175895993154998,3.988094298320787e-26,-0.1757178202869639,1328,True,0.17580688414964576
ATP8A2,Atp8a2,207,tau,-0.077701729767513,4.893295119567728e-06,0.052064960174948126,1328,False,0.06360453966400625
ATP8A2,Atp8a2,207,latency,0.1021473539548703,2.903453505591556e-09,0.038070926927363156,1328,True,0.06236060012731891
ATP8A2,Atp8a2,207,upstroke_downstroke_ratio_long_square,-0.2616013638322342,1.648158343299229e-57,-0.09194588898914223,1328,True,0.15509084421179353
ATP8A2,Atp8a2,207,threshold_i_long_square,0.1790318368710238,4.7096682633454666e-27,0.11950016450144281,1328,True,0.14626802096522268
CLSTN2,Clstn2,208,vrest,-0.0609700583453965,0.0008716591316904,-0.034328453570933365,1328,True,0.045749402369069714
CLSTN2,Clstn2,208,ri,-0.2147710850250671,1.4122061050817895e-38,-0.12663644190555867,1328,True,0.16491769472003515
CLSTN2,Clstn2,208,tau,-0.2477456180667942,2.485574992528977e-51,0.006279737328476914,1328,False,0.03944334425147837
CLSTN2,Clstn2,208,latency,-0.1033682216605515,1.8405710825973807e-09,-0.03675995651196119,1328,True,0.06164260971893255
CLSTN2,Clstn2,208,upstroke_downstroke_ratio_long_square,-0.0518253210511538,0.0022423184947013,0.022684238585345868,1328,False,0.03428728550769979
CLSTN2,Clstn2,208,threshold_i_long_square,0.1640154570124024,7.047265636671665e-23,0.06891894052675857,1328,True,0.10631919641958777
ESRRG,Esrrg,209,vrest,-0.1096806383028079,4.723608037667136e-10,-0.025887424955489145,1328,True,0.05328554487977098
ESRRG,Esrrg,209,ri,-0.4093265882119591,9.28551403955663e-146,-0.2057426267130827,1328,True,0.29019980606856516
ESRRG,Esrrg,209,tau,-0.3451472177626725,1.7583105240301666e-101,-0.08209720797147398,1328,True,0.16833188324686962
ESRRG,Esrrg,209,latency,-0.0065708366580522,0.7641932469375783,-0.04229152125886013,1328,True,0.016670053335622898
ESRRG,Esrrg,209,upstroke_downstroke_ratio_long_square,-0.4428653833664013,6.677109633057595e-174,-0.2829201256965466,1328,True,0.35397108628908036
ESRRG,Esrrg,209,threshold_i_long_square,0.3872014550228543,3.2612726908668006e-129,0.16298974223180399,1328,True,0.25121676963521855
LUZP1,Luzp1,210,vrest,-0.0529596586465131,0.0042954097256821,-0.023269132952120287,1328,True,0.03510449170896254
LUZP1,Luzp1,210,ri,-0.2276110603453111,2.7798978015405683e-43,-0.24261945483608222,1328,True,0.2349954709683614
LUZP1,Luzp1,210,tau,-0.2031615106567423,1.3463292887610946e-34,-0.08021394772838897,1328,True,0.12765730216576124
LUZP1,Luzp1,210,latency,-0.0537609980209847,0.0025994624321083,-0.027388681746476837,1328,True,0.03837242323817615
LUZP1,Luzp1,210,upstroke_downstroke_ratio_long_square,-0.3101844411506529,2.0097678415865102e-81,-0.13928019351541815,1328,True,0.2078522287321807
LUZP1,Luzp1,210,threshold_i_long_square,0.2563367059950994,6.1503976328523815e-55,0.18045044551258735,1328,True,0.21507225018129328
HIVEP2,Hivep2,211,vrest,-0.0611194301125236,0.000846180542093,-0.06822512425457167,1328,True,0.06457461353965296
HIVEP2,Hivep2,211,ri,-0.1147475982945661,8.86178110987206e-12,-0.20713832138073635,1328,True,0.1541707653649273
HIVEP2,Hivep2,211,tau,-0.0576626157851168,0.0007823087774121,0.11207055667412744,1328,False,0.08038831662825369
HIVEP2,Hivep2,211,latency,0.0662739182080914,0.0001652692002172,0.11467675803058261,1328,True,0.0871784267011508
HIVEP2,Hivep2,211,upstroke_downstroke_ratio_long_square,-0.1895672365615866,2.100357640870981e-30,0.11148127445279954,1328,False,0.14537261477452007
HIVEP2,Hivep2,211,threshold_i_long_square,0.1158985767419263,5.1582006120619856e-12,0.1436045051436185,1328,True,0.1290099134170472
SPHKAP,Sphkap,212,vrest,-0.0253556793514236,0.2028472111204807,-0.11623795021582542,1328,True,0.054288969359707034
SPHKAP,Sphkap,212,ri,0.0035705998827861,0.8514442152493288,-0.23634037732721488,1328,False,0.029049559782932617
SPHKAP,Sphkap,212,tau,0.0414372690085423,0.0172903602176564,0.04604679963761458,1328,True,0.04368127314497922
SPHKAP,Sphkap,212,latency,0.123426301537275,4.986091892870811e-13,0.15320623262380786,1328,True,0.13751246730829902
SPHKAP,Sphkap,212,upstroke_downstroke_ratio_long_square,0.1840080539773835,1.041426397676886e-28,0.22168537247817538,1328,True,0.20197003239332428
SPHKAP,Sphkap,212,threshold_i_long_square,-0.0417503602708858,0.0160721845891638,0.19646679393013716,1328,False,0.0905679823549642
PTPRT,Ptprt,213,vrest,0.0225798963695725,0.2631036629674863,-0.061188373465184555,1328,False,0.03717024524894296
PTPRT,Ptprt,213,ri,0.0575529640214956,0.0008150157564509,-0.12467639574985954,1328,False,0.0847083001772637
PTPRT,Ptprt,213,tau,0.2052720460434194,2.6348412050272203e-35,0.09106792759356214,1328,True,0.13672490565388762
PTPRT,Ptprt,213,latency,0.2757896279265684,8.808361952264127e-63,0.10847643289820577,1328,True,0.17296437514065588
PTPRT,Ptprt,213,upstroke_downstroke_ratio_long_square,-0.0065117830526641,0.7182250871589532,0.10573451344854906,1328,False,0.026239668686093315
PTPRT,Ptprt,213,threshold_i_long_square,-0.1070203743466439,1.9905338822523323e-10,0.07788399554494665,1328,False,0.09129717607260662
DLG2,Dlg2,214,vrest,0.0438358013919092,0.0206197198544061,-0.03724433103721233,1328,False,0.040405879501896245
DLG2,Dlg2,214,ri,0.18891411405203,5.4144667905294414e-30,-0.08433794478586301,1328,False,0.12622451473541238
DLG2,Dlg2,214,tau,0.2047060474692833,4.0761672650080956e-35,0.18300819177086874,1328,True,0.19355330943157537
DLG2,Dlg2,214,latency,0.0417149444787663,0.0217145649602943,0.06413612615911232,1328,True,0.051724606734227775
DLG2,Dlg2,214,upstroke_downstroke_ratio_long_square,-0.1069671761225752,1.662710970157163e-10,0.07191745223744138,1328,False,0.08770864712084711
DLG2,Dlg2,214,threshold_i_long_square,-0.172211503592289,4.0665213180701438e-25,0.017572818088394566,1328,False,0.05501128452741494
ADAMTS17,Adamts17,215,vrest,-0.1117413193376538,2.1257360733620114e-10,0.02463506477060316,1328,False,0.05246670029109657
ADAMTS17,Adamts17,215,ri,-0.3046301943163326,4.626078497620238e-78,-0.06658270387377772,1328,True,0.14241875585461256
ADAMTS17,Adamts17,215,tau,-0.3165378776951984,1.0944259248094143e-84,-0.03420077880701857,1328,True,0.10404730625584009
ADAMTS17,Adamts17,215,latency,0.0692202548374363,8.076454912578162e-05,0.03121179174835203,1328,True,0.046481051824952484
ADAMTS17,Adamts17,215,upstroke_downstroke_ratio_long_square,-0.0853923666193848,3.76820017819809e-07,-0.12610495363153232,1328,True,0.10377090359548928
ADAMTS17,Adamts17,215,threshold_i_long_square,0.2975595510292423,2.0439215125741288e-74,0.08782088460991944,1328,True,0.16165377507351483
FSTL4,Fstl4,216,vrest,-0.0265429604017064,0.1797777733028789,-0.13112617913137234,1328,True,0.058995567463251644
FSTL4,Fstl4,216,ri,-0.0554593119875663,0.0012762739185841,-0.20188163778785484,1328,True,0.10581217668414866
FSTL4,Fstl4,216,tau,-0.2918947050779703,1.2786372280580764e-71,-0.04324038257260096,1328,True,0.11234606676910396
FSTL4,Fstl4,216,latency,-0.0510280079249843,0.0044094783491433,0.09581665869685357,1328,False,0.0699237671992046
FSTL4,Fstl4,216,upstroke_downstroke_ratio_long_square,0.445920401396863,1.4082607216386867e-176,0.26541575941954537,1328,True,0.3440266006828787
FSTL4,Fstl4,216,threshold_i_long_square,-0.0110305063766738,0.5479773586449337,0.19810012948139696,1328,False,0.04674553178074301
RASGRF2,Rasgrf2,217,vrest,-0.0549255681728542,0.0029509370909971,-0.00990896016088552,1328,True,0.023329279175294163
RASGRF2,Rasgrf2,217,ri,-0.2004203858966376,1.181334854380164e-33,-0.019224655754332888,1328,True,0.06207264232343756
RASGRF2,Rasgrf2,217,tau,-0.0896771192214656,1.178266119430826e-07,-0.017856851549642772,1328,True,0.040016884003346985
RASGRF2,Rasgrf2,217,latency,0.1816679085326526,2.9659602477444767e-27,0.02467895336817379,1328,True,0.06695800059119893
RASGRF2,Rasgrf2,217,upstroke_downstroke_ratio_long_square,-0.1200255420663447,6.758210693614107e-13,-0.18775846030138602,1328,True,0.15011932245789053
RASGRF2,Rasgrf2,217,threshold_i_long_square,0.1753939991159012,5.165789672018573e-26,0.06157107162520238,1328,True,0.10391918245538614
CNTN3,Cntn3,218,vrest,0.0358264673693217,0.0628053502905049,0.05967306992711827,1328,True,0.04623716354374644
CNTN3,Cntn3,218,ri,0.1308035632613302,6.2219068366880345e-15,-0.03617969824745222,1328,False,0.0687926845564734
CNTN3,Cntn3,218,tau,0.3130403890796933,9.497348471863464e-83,0.3142890987223498,1328,True,0.3136641225061459
CNTN3,Cntn3,218,latency,0.161712014622383,8.936669572599008e-22,0.07185563864246339,1328,True,0.10779573315697939
CNTN3,Cntn3,218,upstroke_downstroke_ratio_long_square,-0.2349734260958799,2.1779849415804456e-46,0.030397615083661567,1328,False,0.08451409208736585
CNTN3,Cntn3,218,threshold_i_long_square,-0.0993399935432013,3.755932590134001e-09,-0.06968821971339442,1328,True,0.08320352935041755
TOX2,Tox2,219,vrest,-0.0095613458421962,0.673609570821191,0.0767639773256205,1328,False,0.027091824143692593
TOX2,Tox2,219,ri,-0.242705985213656,3.3566606746293063e-49,-0.02935875663297649,1328,True,0.08441294896669892
TOX2,Tox2,219,tau,-0.0827634623919396,1.0797954445521173e-06,-0.05366872707810988,1328,True,0.06664690296744791
TOX2,Tox2,219,latency,0.2474583252528529,2.139757225711676e-50,-0.004983624068232307,1328,False,0.035117506540393445
TOX2,Tox2,219,upstroke_downstroke_ratio_long_square,-0.1795923785753667,2.1567299847460223e-27,-0.2748823048352692,1328,True,0.2221863338588695
TOX2,Tox2,219,threshold_i_long_square,0.2487439330937558,1.0186594396458e-51,0.036227090584081634,1328,True,0.09492770405117903
SLC8A1,Slc8a1,220,vrest,-0.0750852726210808,3.287154490573378e-05,-0.07107969307259925,1328,True,0.07305503495433333
SLC8A1,Slc8a1,220,ri,-0.0835622083935983,8.407856438415479e-07,-0.17078498949494583,1328,True,0.11946200602147597
SLC8A1,Slc8a1,220,tau,0.0828107819281401,1.0654066673493193e-06,0.15840316761564352,1328,True,0.1145316120996543
SLC8A1,Slc8a1,220,latency,0.2350538032351419,2.2046426362276388e-45,0.11691559559245902,1328,True,0.16577531601993492
SLC8A1,Slc8a1,220,upstroke_downstroke_ratio_long_square,-0.2733096075391165,8.099775749907469e-63,0.17040516937378394,1328,False,0.21580864200533204
SLC8A1,Slc8a1,220,threshold_i_long_square,0.0769609327675422,5.772604143537022e-06,0.08057342151553687,1328,True,0.0787464645308478
ATP2A2,Atp2a2,221,vrest,-0.0797387803027606,9.540503052407676e-06,-0.04620157831099448,1328,True,0.06069643731374337
ATP2A2,Atp2a2,221,ri,-0.2279079025654427,2.164387353146776e-43,-0.17334458296096186,1328,True,0.19876267336628925
ATP2A2,Atp2a2,221,tau,-0.262738785685041,8.529468175471641e-58,-0.09693887828870146,1328,True,0.15959198967129712
ATP2A2,Atp2a2,221,latency,-0.0404126023661459,0.0264104224950151,-0.012125120610415084,1328,True,0.022136117045910852
ATP2A2,Atp2a2,221,upstroke_downstroke_ratio_long_square,-0.1676803646015686,5.1803436194083726e-24,-0.12206405973155018,1328,True,0.1430655305813877
ATP2A2,Atp2a2,221,threshold_i_long_square,0.2586803004477158,5.837400461939304e-56,0.18392134315227368,1328,True,0.21812113218433832
DLGAP1,Dlgap1,222,vrest,-0.0292937112335835,0.1355759061581328,0.044811474300944974,1328,False,0.03623112457712333
DLGAP1,Dlgap1,222,ri,-0.140452628202163,4.79490470131662e-17,-0.06468910272573462,1328,True,0.0953192241568779
DLGAP1,Dlgap1,222,tau,-0.1231067461600701,2.2221329084985785e-13,-0.019422150474698543,1328,True,0.04889782968978683
DLGAP1,Dlgap1,222,latency,0.0211908154236344,0.2687496500492748,-0.07204962274317969,1328,False,0.03907416354694253
DLGAP1,Dlgap1,222,upstroke_downstroke_ratio_long_square,-0.3173826742821027,2.2668346694812122e-85,-0.31520864126920545,1328,True,0.3162937898897928
DLGAP1,Dlgap1,222,threshold_i_long_square,0.1740637043431824,1.2257764613841648e-25,0.0388913170839677,1328,True,0.08227737671085966
DPP6,Dpp6,223,vrest,0.0774788617583857,1.7791297312018524e-05,0.1591895254867652,1328,True,0.11105774731450345
DPP6,Dpp6,223,ri,0.1612798081889036,4.0336060808233935e-22,0.10552564056074495,1328,True,0.1304574837586872
DPP6,Dpp6,223,tau,0.2339479633513036,9.28282093010331e-46,0.1679142319167684,1328,True,0.1981998803597682
DPP6,Dpp6,223,latency,0.0772368754381041,9.416034272366557e-06,-0.052615194308494706,1328,False,0.06374820161351102
DPP6,Dpp6,223,upstroke_downstroke_ratio_long_square,-0.1197128519650384,7.748730253236847e-13,-0.3371236577856608,1328,True,0.20089309231132632
DPP6,Dpp6,223,threshold_i_long_square,-0.1095365175095554,7.251225142927406e-11,-0.12937093082289478,1328,True,0.11904134252145132
SHANK2,Shank2,224,vrest,0.0190071078276593,0.3582955814795911,-0.057108323533201555,1328,False,0.03294638164127307
SHANK2,Shank2,224,ri,0.0554746905825515,0.0012735510763328,-0.0658680134271836,1328,False,0.06044838843311175
SHANK2,Shank2,224,tau,-0.0043893614309069,0.8158903037259672,0.12050580563483515,1328,False,0.02299877247711079
SHANK2,Shank2,224,latency,0.011928563980858,0.5631330084982173,0.14688166907223774,1328,True,0.04185794293970261
SHANK2,Shank2,224,upstroke_downstroke_ratio_long_square,0.2730966561679052,1.0149933489565854e-62,0.25548263769605384,1328,True,0.2641428667667342
SHANK2,Shank2,224,threshold_i_long_square,-0.0900315510176715,1.0068480693045425e-07,0.03324123135029092,1328,False,0.05470612046383785
GRIA3,Gria3,225,vrest,-0.0372008090610804,0.0527887317873579,-0.09523264087142487,1328,True,0.05952084751950629
GRIA3,Gria3,225,ri,-0.1599556262006978,8.916971226192774e-22,-0.3050905916409396,1328,True,0.2209093855721569
GRIA3,Gria3,225,tau,0.0553852037297912,0.0012644710012267,0.07762649121558345,1328,True,0.06556949771657501
GRIA3,Gria3,225,latency,0.2488985508310959,5.514187558390035e-51,0.1420752747040631,1328,True,0.188048743635184
GRIA3,Gria3,225,upstroke_downstroke_ratio_long_square,-0.367656044143592,3.2880753505388966e-116,0.014409647841327573,1328,False,0.07278594728960217
GRIA3,Gria3,225,threshold_i_long_square,0.1627114539076243,1.5617220882996434e-22,0.18731241770447998,1328,True,0.17457913913079123
MICAL2,Mical2,226,vrest,-0.0300974475959819,0.1244895431303639,-0.07290572424945803,1328,True,0.04684310210740926
MICAL2,Mical2,226,ri,-0.161442798532522,3.6735259304468723e-22,-0.30854894768582874,1328,True,0.2231882738825338
MICAL2,Mical2,226,tau,-0.0200220285980587,0.2663765649014609,0.12814295699322892,1328,False,0.05065256113523023
MICAL2,Mical2,226,latency,0.1807659235652955,5.45428403557252e-27,0.18088329376223006,1328,True,0.18082459914088617
MICAL2,Mical2,226,upstroke_downstroke_ratio_long_square,-0.3182687218269096,7.297534620433381e-86,0.024944183320294674,1328,False,0.08910080438675233
MICAL2,Mical2,226,threshold_i_long_square,0.1825874846471626,4.220730058960661e-28,0.19573752046237444,1328,True,0.18904819891312763
COL25A1,Col25a1,227,vrest,0.1680862938280321,1.4586171451403838e-22,0.027841000929674488,1328,True,0.06840826457915579
COL25A1,Col25a1,227,ri,0.1684919008895285,4.7521369113670126e-24,-0.09063723684229515,1328,False,0.12357847841324442
COL25A1,Col25a1,227,tau,0.2392392412596224,7.486709600233146e-48,0.13894822264785583,1328,True,0.1823235238817145
COL25A1,Col25a1,227,latency,0.1863791041503713,1.1595247646419602e-28,0.13127600671613018,1328,True,0.15641964239887032
COL25A1,Col25a1,227,upstroke_downstroke_ratio_long_square,0.0558414970958901,0.0009706017653639,0.04924287762078663,1328,True,0.0524384973817369
COL25A1,Col25a1,227,threshold_i_long_square,-0.1375249811432508,2.0015520291154398e-16,0.05581447557046136,1328,False,0.08761212644576166
CSMD1,Csmd1,228,vrest,-0.0813859995908645,6.066670727540609e-06,-0.08250824044827675,1328,True,0.08194519890369661
CSMD1,Csmd1,228,ri,0.0354957803921743,0.042561406305194,-0.10918577692996498,1328,False,0.062254593082398085
CSMD1,Csmd1,228,tau,0.0172187603877365,0.3434479036507823,0.11825884364246543,1328,True,0.045125056148556844
CSMD1,Csmd1,228,latency,-0.1111938718367372,9.038894532867651e-11,0.03893038299695245,1328,False,0.06579376883503653
CSMD1,Csmd1,228,upstroke_downstroke_ratio_long_square,-0.1730967689451711,1.6115333099448743e-25,0.10353854113775189,1328,False,0.13387377238369558
CSMD1,Csmd1,228,threshold_i_long_square,-0.016717476090728,0.3551978567871656,0.04400948348703499,1328,False,0.02712429700397406
RASAL2,Rasal2,229,vrest,-0.1016575899269533,1.0146878037584772e-08,-0.12128322881340267,1328,True,0.11103765460297572
RASAL2,Rasal2,229,ri,-0.1897649874625005,2.9753303241172284e-30,-0.2622008476682006,1328,True,0.22306174161073228
RASAL2,Rasal2,229,tau,-0.2368590503255712,6.627700167036886e-47,3.935731867585862e-05,1328,False,0.0030532175037040416
RASAL2,Rasal2,229,latency,-0.0184667867702285,0.3403488103678676,0.08064172511155673,1328,False,0.0385900705158529
RASAL2,Rasal2,229,upstroke_downstroke_ratio_long_square,-0.0633834939072304,0.0001739098082632,0.13066117335298136,1328,False,0.09100418498690194
RASAL2,Rasal2,229,threshold_i_long_square,0.1767254150708068,2.1750900473428542e-26,0.19597036609254984,1328,True,0.18609928610632506
PLCXD3,Plcxd3,230,vrest,-0.031786048582497,0.1033687411791534,-0.004578463189163515,1328,True,0.01206363350586902
PLCXD3,Plcxd3,230,ri,-0.2337345921612026,1.2427192555975808e-45,-0.15949190887060072,1328,True,0.19307712519322828
PLCXD3,Plcxd3,230,tau,-0.2415979319627364,8.425394659103285e-49,-0.13231862311211237,1328,True,0.178795709411728
PLCXD3,Plcxd3,230,latency,-0.0881959880458519,3.58036798608956e-07,-0.01674172547215333,1328,True,0.03842594201329317
PLCXD3,Plcxd3,230,upstroke_downstroke_ratio_long_square,-0.3996506680241856,6.2819831500196285e-139,-0.2639451678780792,1328,True,0.3247858720206748
PLCXD3,Plcxd3,230,threshold_i_long_square,0.2599477854898813,1.6405777449706169e-56,0.13152749351720702,1328,True,0.18490614016530843
PRKCA,Prkca,231,vrest,-0.0999630383470865,1.7502545271600726e-08,-0.1947226031714374,1328,True,0.13951725000110524
PRKCA,Prkca,231,ri,-0.3166373502979573,1.4442115235938464e-84,-0.26754671337009944,1328,True,0.29105889851099787
PRKCA,Prkca,231,tau,-0.3813445087272319,1.9858741187155385e-125,-0.18012937506355345,1328,True,0.26209034328062164
PRKCA,Prkca,231,latency,-0.02629641680531,0.1627186759507304,0.06675201238878625,1328,False,0.04189676288651356
PRKCA,Prkca,231,upstroke_downstroke_ratio_long_square,-0.1863162644753372,2.067504713431233e-29,0.07688368267824604,1328,False,0.11968575753078554
PRKCA,Prkca,231,threshold_i_long_square,0.3296949895948062,5.666795513457776e-92,0.25241297151836983,1328,True,0.2884775416186554
MGAT4C,Mgat4c,232,vrest,-0.0708940437881307,9.522705649617733e-05,0.022004778757260497,1328,False,0.03949693340963769
MGAT4C,Mgat4c,232,ri,-0.1006871995498637,2.40482219785764e-09,0.046835850363417184,1328,False,0.06867146868699506
MGAT4C,Mgat4c,232,tau,0.0602282121105392,0.0004411989902884,0.00864582052366094,1328,True,0.02281934075228082
MGAT4C,Mgat4c,232,latency,0.0923361324471621,9.182664241122529e-08,-0.03507492698433897,1328,False,0.0569094289516286
MGAT4C,Mgat4c,232,upstroke_downstroke_ratio_long_square,-0.3554464767312608,3.3106105448724962e-108,-0.24539615468726136,1328,True,0.2953391247142622
MGAT4C,Mgat4c,232,threshold_i_long_square,0.0701974824668093,3.719587673502864e-05,-0.07920988175996994,1328,False,0.07456764905804344
CDH9,Cdh9,233,vrest,-0.0043548450729952,0.8526826787990427,0.09626261714923595,1328,False,0.020474588738384304
CDH9,Cdh9,233,ri,0.094487674363187,2.263069058851041e-08,0.07258330872003331,1328,True,0.08281441926706472
CDH9,Cdh9,233,tau,0.232117727522653,4.804088371231779e-45,0.08013914932419519,1328,True,0.13638811248320265
CDH9,Cdh9,233,latency,0.0827081983303619,1.904758984074436e-06,-0.06086889388483838,1328,False,0.07095319969935793
CDH9,Cdh9,233,upstroke_downstroke_ratio_long_square,-0.1712062090254077,5.5088240066399965e-25,-0.16966614135883495,1328,True,0.17043443566960015
CDH9,Cdh9,233,threshold_i_long_square,0.0259494470458444,0.1421304637145966,-0.11031937373260822,1328,False,0.053504455392098284
FHOD3,Fhod3,234,vrest,-0.0963786802834056,6.050925884726814e-08,-0.1648938181073377,1328,True,0.1260644619870213
FHOD3,Fhod3,234,ri,-0.1573260312098622,4.273659121492927e-21,-0.3378961031329277,1328,True,0.23056420552024506
FHOD3,Fhod3,234,tau,-0.1365407545633209,3.562391709860609e-16,0.03990277921418932,1328,False,0.07381297706419249
FHOD3,Fhod3,234,latency,-0.0481225115091407,0.0074668668762216,0.13645353217370979,1328,False,0.08103386127102824
FHOD3,Fhod3,234,upstroke_downstroke_ratio_long_square,-0.1731348528890088,1.578563900319032e-25,0.16895712219915854,1328,False,0.17103323214072053
FHOD3,Fhod3,234,threshold_i_long_square,0.157550836357155,3.441755529002589e-21,0.24465841147037054,1328,True,0.1963317023533638
RGS7,Rgs7,235,vrest,-0.1416573850573343,2.8018624364456806e-16,-0.1420872959424836,1328,True,0.1418721776567901
RGS7,Rgs7,235,ri,-0.1598818873104841,9.296193680124646e-22,-0.2012975060888138,1328,True,0.17939850942628596
RGS7,Rgs7,235,tau,-0.1443414786854887,6.0163084369358174e-18,0.02595891095183385,1328,False,0.061212315687716186
RGS7,Rgs7,235,latency,0.1396107590626026,1.9641187632753598e-16,0.14936218847795785,1328,True,0.14440418452613904
RGS7,Rgs7,235,upstroke_downstroke_ratio_long_square,0.0060679977398404,0.735902241823342,0.16912753721837687,1328,True,0.03203537909227678
RGS7,Rgs7,235,threshold_i_long_square,0.1556377173615472,1.0491631801774075e-20,0.1799418153494346,1328,True,0.16734913623583186
BCL11B,Bcl11b,236,vrest,-0.0305789509901215,0.1181540013328837,0.01960581045172762,1328,False,0.024485201998860263
BCL11B,Bcl11b,236,ri,-0.2893733768833251,3.2175680176329034e-70,-0.04763960677566586,1328,True,0.11741223908123108
BCL11B,Bcl11b,236,tau,-0.1489391812583885,5.004957726043623e-19,-0.05370853162647746,1328,True,0.08943883232152473
BCL11B,Bcl11b,236,latency,0.1935846108112671,6.857797206152846e-31,-0.003335605245645455,1328,False,0.0254110575005901
BCL11B,Bcl11b,236,upstroke_downstroke_ratio_long_square,-0.2289766953024502,4.615811075670042e-44,-0.12140699703417403,1328,True,0.16673143964915418
BCL11B,Bcl11b,236,threshold_i_long_square,0.2986230271998837,5.784055652774191e-75,0.04127246966387401,1328,True,0.11101761045456447
SEMA5B,Sema5b,237,vrest,0.0025257477892956,0.9130561566651956,-0.009304843131410449,1328,False,0.004847853851850557
SEMA5B,Sema5b,237,ri,0.0833198546776542,9.06772694753465e-07,0.08356263653589883,1328,True,0.08344115730652786
SEMA5B,Sema5b,237,tau,-0.0914224469272856,6.549977184954505e-08,-0.061646609138498856,1328,True,0.07507252394992146
SEMA5B,Sema5b,237,latency,-0.2097567073124865,3.9391214371471735e-36,-0.029388790874209196,1328,True,0.0785143044652971
SEMA5B,Sema5b,237,upstroke_downstroke_ratio_long_square,0.2139116871018963,1.6398581658732344e-38,0.10742960707347737,1328,True,0.15159303576939595
SEMA5B,Sema5b,237,threshold_i_long_square,-0.1469803147869232,1.3909475802702654e-18,-0.10744420269195086,1328,True,0.1256669516368282
ZBTB16,Zbtb16,238,vrest,-0.0393305125992156,0.0394610876929764,-0.0013943109492554149,1328,True,0.0074053335074738096
ZBTB16,Zbtb16,238,ri,0.0414573507221035,0.0172310518259018,-0.030038869727525914,1328,False,0.035289261221930095
ZBTB16,Zbtb16,238,tau,-0.1680833653235353,5.918211320032497e-24,0.11862938993240008,1328,False,0.14120774442683984
ZBTB16,Zbtb16,238,latency,-0.1556146497929335,3.2515476497848945e-20,-0.0083146223736397,1328,True,0.035970502482373407
ZBTB16,Zbtb16,238,upstroke_downstroke_ratio_long_square,0.3842899186664068,1.016946004601192e-127,0.12123141701833072,1328,True,0.21584256157159448
ZBTB16,Zbtb16,238,threshold_i_long_square,-0.0497396218793968,0.0038576363101039,-0.0017678656481238653,1328,True,0.009377258067860552
MAGI3,Magi3,239,vrest,0.0490400074246175,0.0087726783418721,-0.006648283920706321,1328,False,0.018056353253976924
MAGI3,Magi3,239,ri,0.1730253774399676,2.6190090802081843e-25,-0.07821635346886245,1328,False,0.11633320283103979
MAGI3,Magi3,239,tau,-0.008034038420486,0.6662201835397643,0.04910043368710797,1328,False,0.01986138894198365
MAGI3,Magi3,239,latency,-0.1620488203217863,7.399036913570195e-22,0.00010690163565608456,1328,False,0.004162124931875293
MAGI3,Magi3,239,upstroke_downstroke_ratio_long_square,0.3165614312796214,6.370349094635749e-85,0.06376006569387639,1328,True,0.1420703264391836
MAGI3,Magi3,239,threshold_i_long_square,-0.1760537878855937,3.368011698853184e-26,0.033969353419833065,1328,False,0.07733326154757769
MMP16,Mmp16,240,vrest,-0.0055525600327449,0.8177423553298587,-0.02883613083293554,1328,True,0.012653629817643664
MMP16,Mmp16,240,ri,-0.0126864254019556,0.4949996468424328,-0.06701028730182014,1328,True,0.029156834722207998
MMP16,Mmp16,240,tau,0.1480176712021259,8.325818690493927e-19,0.09862147694438234,1328,True,0.12082103023820656
MMP16,Mmp16,240,latency,0.1126053091203835,5.091073033623004e-11,-0.0030979985144450627,1328,False,0.018677555524574813
MMP16,Mmp16,240,upstroke_downstroke_ratio_long_square,-0.347638821413933,2.814610553696211e-103,-0.049051893215842315,1328,True,0.13058461756913606
MMP16,Mmp16,240,threshold_i_long_square,0.0425044871472404,0.0141777198526384,0.03971350425515962,1328,True,0.04108530310445949
TLE4,Tle4,241,vrest,0.023820134575562,0.2338624802273851,-0.05546087248786569,1328,False,0.036346739143134216
TLE4,Tle4,241,ri,-0.0994774174787243,3.737386824278714e-09,-0.19980248336590498,1328,True,0.14098168338857356
TLE4,Tle4,241,tau,0.0195518064951415,0.2786812928630315,-0.031153718554512454,1328,False,0.024680183888738084
TLE4,Tle4,241,latency,0.0198672832182565,0.302335420793494,0.019647717160896274,1328,True,0.019757195181192212
TLE4,Tle4,241,upstroke_downstroke_ratio_long_square,-0.3709792628623883,1.8936601816544505e-118,-0.027172862022524318,1328,True,0.10040203346037099
TLE4,Tle4,241,threshold_i_long_square,0.1386444496372765,1.1270214559399138e-16,0.149411482772891,1328,True,0.1439273177632964
ROBO2,Robo2,242,vrest,-0.036230780626793,0.0596992314239529,0.07958061621461995,1328,False,0.05369606920638513
ROBO2,Robo2,242,ri,0.0331333704882723,0.0591555629619596,-0.015807981735958095,1328,False,0.02288605941461617
ROBO2,Robo2,242,tau,0.1141104695243154,1.1691336911637956e-11,0.10291150334533469,1328,True,0.10836641530561623
ROBO2,Robo2,242,latency,-0.0177153365148359,0.3636881258966764,0.02236685613765174,1328,False,0.019905687208871325
ROBO2,Robo2,242,upstroke_downstroke_ratio_long_square,-0.2382024656574298,1.1410519757300477e-47,-0.06867541486065543,1328,True,0.1279009505432036
ROBO2,Robo2,242,threshold_i_long_square,0.0053681265814908,0.7760441845658559,-0.0031703556548135854,1328,False,0.004125393370744719
PPIP5K2,Ppip5k2,243,vrest,-0.0618159142248055,0.0007312522034181,-0.015898663661040514,1328,True,0.03134948849917511
PPIP5K2,Ppip5k2,243,ri,-0.1802746492165815,2.18388057700746e-27,-0.2015853604419787,1328,True,0.19063244776500105
PPIP5K2,Ppip5k2,243,tau,-0.1742122075602835,1.162091625473047e-25,-0.0900338437759234,1328,True,0.12523974879941793
PPIP5K2,Ppip5k2,243,latency,-0.0836887888099137,1.4295653564293118e-06,-0.0706205961938707,1328,True,0.07687751401091897
PPIP5K2,Ppip5k2,243,upstroke_downstroke_ratio_long_square,-0.2344391483069877,3.521092578245474e-46,-0.24403981926209764,1328,True,0.2391913196184121
PPIP5K2,Ppip5k2,243,threshold_i_long_square,0.1848866500028122,8.783136286884257e-29,0.15687493440461536,1328,True,0.170305845734902
GAP43,Gap43,244,vrest,0.1296081379960037,1.0003102384371477e-13,-0.04375701027103287,1328,False,0.07530779923421331
GAP43,Gap43,244,ri,0.3310805798105407,8.473523774367238e-93,0.037202206570846524,1328,True,0.11098165669022685
GAP43,Gap43,244,tau,0.3861563458817981,7.635634173379655e-129,0.17328657432904412,1328,True,0.2586807111735977
GAP43,Gap43,244,latency,0.1711855529430103,2.6869468104667447e-24,0.11097145785859426,1328,True,0.13782855427818805
GAP43,Gap43,244,upstroke_downstroke_ratio_long_square,0.2730911393517561,1.016250151123928e-62,0.36140523166019434,1328,True,0.3141600968961014
GAP43,Gap43,244,threshold_i_long_square,-0.3207974997942177,6.611710849900401e-87,-0.06613813420127457,1328,True,0.14566038614813334
MAP1A,Map1a,245,vrest,-0.0250281440154399,0.2087908417837207,0.019377869047513853,1328,False,0.022022536121743833
MAP1A,Map1a,245,ri,-0.1907250942000449,1.5121899913023836e-30,-0.1649253737364934,1328,True,0.1773567237007673
MAP1A,Map1a,245,tau,-0.1313391983914976,4.633822942221446e-15,-0.07974363212138717,1328,True,0.10233994684212744
MAP1A,Map1a,245,latency,0.0332493963182962,0.0717292204436889,-0.0308159675949628,1328,False,0.032009566062299113
MAP1A,Map1a,245,upstroke_downstroke_ratio_long_square,-0.2076608639767485,2.4834796807727568e-36,-0.26399649176423473,1328,True,0.2341404270231682
MAP1A,Map1a,245,threshold_i_long_square,0.2004818346880126,1.0783326169260244e-33,0.14246121025981986,1328,True,0.1689996591853469
GRID1,Grid1,246,vrest,0.0775167291314772,1.768051414645386e-05,0.00836875696503497,1328,True,0.025469956160656795
GRID1,Grid1,246,ri,0.184810681934895,9.762873152015843e-29,0.005940340937516334,1328,True,0.0331336454316178
GRID1,Grid1,246,tau,0.1332922398052552,1.8052102244448817e-15,0.12330979153282831,1328,True,0.1282038934796045
GRID1,Grid1,246,latency,-0.0800666236148661,4.162556261995203e-06,-0.021497493942303846,1328,True,0.041487730187867666
GRID1,Grid1,246,upstroke_downstroke_ratio_long_square,0.1393228129656857,6.148839542424455e-17,0.05815687101700036,1328,True,0.09001432587855696
GRID1,Grid1,246,threshold_i_long_square,-0.1945609965596458,8.883322353279401e-32,-0.06675830923808045,1328,True,0.11396737767448166
SIPA1L1,Sipa1l1,247,vrest,-0.0372974112918014,0.0521658546582086,-0.12581440391495788,1328,True,0.06850220120002723
SIPA1L1,Sipa1l1,247,ri,-0.2095640715023858,9.510453709065704e-37,-0.26855570895374775,1328,True,0.23723327716312714
SIPA1L1,Sipa1l1,247,tau,-0.193562641819778,1.8255092365852664e-31,0.013188534681808887,1328,False,0.0505253165724144
SIPA1L1,Sipa1l1,247,latency,0.0863844023735767,6.259496714528878e-07,0.08461270758028142,1328,True,0.08549396573754672
SIPA1L1,Sipa1l1,247,upstroke_downstroke_ratio_long_square,-0.0589803792200964,0.0004854037051694,0.19600018150819382,1328,False,0.10751820791178114
SIPA1L1,Sipa1l1,247,threshold_i_long_square,0.2197819211051312,2.094947234947452e-40,0.2204806165371923,1328,True,0.22013099161405666
MYT1L,Myt1l,248,vrest,0.0571086128102153,0.0019349189334395,0.07551738146010063,1328,True,0.06567109636854115
MYT1L,Myt1l,248,ri,0.1923834353449988,4.571529789646003e-31,0.049505563527444986,1328,True,0.09759124130832615
MYT1L,Myt1l,248,tau,0.1881329763230839,8.799514565837532e-30,0.21266215807609043,1328,True,0.2000219106751684
MYT1L,Myt1l,248,latency,0.0019659205870399,0.9238862703741392,-0.009401877717378994,1328,False,0.004299226088661431
MYT1L,Myt1l,248,upstroke_downstroke_ratio_long_square,0.0443876212963413,0.0091193179268473,0.03920145367693948,1328,True,0.04171401778872488
MYT1L,Myt1l,248,threshold_i_long_square,-0.1831973593211096,2.779571897925098e-28,-0.12689927838861942,1328,True,0.15247167835552092
CACNG3,Cacng3,249,vrest,0.1303657064702357,7.046196459711397e-14,-0.05853710777255624,1328,False,0.08735691964288587
CACNG3,Cacng3,249,ri,0.2033665411928136,1.243178284370391e-34,-0.17421415435282947,1328,False,0.1882268046734202
CACNG3,Cacng3,249,tau,0.358963479505868,2.875346727629904e-110,0.25382445564113376,1328,True,0.301850475866155
CACNG3,Cacng3,249,latency,0.1630510282519661,4.0642727914688854e-22,0.16811567650347298,1328,True,0.16556398738604408
CACNG3,Cacng3,249,upstroke_downstroke_ratio_long_square,-0.1544333291881006,1.536906788195572e-20,0.23843411804299208,1328,False,0.19189104888297379
CACNG3,Cacng3,249,threshold_i_long_square,-0.1556717351059042,1.0311204318877867e-20,0.09478124111798437,1328,False,0.1214691741156072
HTR2C,Htr2c,250,vrest,0.0744736900195819,3.8822479938675365e-05,-0.02939227131391598,1328,False,0.04678622556697674
HTR2C,Htr2c,250,ri,0.2198135377079697,2.167667408166416e-40,0.003982435614165302,1328,True,0.029587045493659654
HTR2C,Htr2c,250,tau,0.0601797091544585,0.0004457052140469,-0.008422553422950061,1328,False,0.022513702834740967
HTR2C,Htr2c,250,latency,-0.1677447476205417,2.3569577447301934e-23,-0.04066770068668593,1328,True,0.08259414741975282
HTR2C,Htr2c,250,upstroke_downstroke_ratio_long_square,0.2787241787636987,2.255131319715833e-65,0.09064361496949147,1328,True,0.15894831594749412
HTR2C,Htr2c,250,threshold_i_long_square,-0.2388757956816218,1.0558523461324679e-47,-0.0027605672420596564,1328,True,0.02567942165391621
NELL2,Nell2,251,vrest,-0.0399041289653928,0.0366627396229216,-0.2313686956282823,1328,True,0.09608624391090376
NELL2,Nell2,251,ri,-0.0502129391497924,0.0036659233221816,-0.28474502217342895,1328,True,0.11957376163523784
NELL2,Nell2,251,tau,-0.1904691571685537,1.6709919208143766e-30,-0.11298481184408705,1328,True,0.14669738199705845
NELL2,Nell2,251,latency,0.0216367652594263,0.2587809893593475,0.14241035115581555,1328,True,0.05550945269475145
NELL2,Nell2,251,upstroke_downstroke_ratio_long_square,0.2450694861841298,1.8926021935117388e-50,0.4101529736670264,1328,True,0.3170425500046817
NELL2,Nell2,251,threshold_i_long_square,-0.0193365181454898,0.2822479302079335,0.2744911699146725,1328,False,0.07285398745320525
DMD,Dmd,252,vrest,0.0902510114423923,4.403999777062373e-07,-0.05611575510656925,1328,False,0.07116532622156288
DMD,Dmd,252,ri,0.100203560903673,2.855304393771732e-09,-0.1482675990117106,1328,False,0.12188905360044154
DMD,Dmd,252,tau,0.1911198344299487,1.0562245170943591e-30,0.21819259960772727,1328,True,0.20420806426502586
DMD,Dmd,252,latency,-0.0210428401328963,0.2718699856485887,0.05115358809242403,1328,False,0.032808791145863735
DMD,Dmd,252,upstroke_downstroke_ratio_long_square,-0.2479814525441195,1.194154681068734e-51,0.15090293976323443,1328,False,0.1934454191643334
DMD,Dmd,252,threshold_i_long_square,-0.037559958822881,0.0311775648726699,0.05341723820079825,1328,False,0.04479229026578132
CADM2,Cadm2,253,vrest,0.0986097671785878,2.8554996870830482e-08,0.01678949560619943,1328,True,0.04068916628260216
CADM2,Cadm2,253,ri,0.259116088198747,4.079486484680368e-56,-0.04686679331335699,1328,False,0.11019954695812617
CADM2,Cadm2,253,tau,0.3294490704525354,4.856926589308788e-92,0.24250050534518972,1328,True,0.2826509615590275
CADM2,Cadm2,253,latency,0.0230360085249538,0.2257666962469555,0.04785317835760608,1328,True,0.03320159972940985
CADM2,Cadm2,253,upstroke_downstroke_ratio_long_square,-0.0900389734081177,8.160692986710248e-08,0.07694791081502969,1328,False,0.08323647575242882
CADM2,Cadm2,253,threshold_i_long_square,-0.2584592250952935,7.253410368089837e-56,-0.05987112859034562,1328,True,0.12439552042192437
SLC24A2,Slc24a2,254,vrest,-0.120100111415844,6.605233167353946e-12,-0.041057615758566736,1328,True,0.07022125196173006
SLC24A2,Slc24a2,254,ri,-0.1684510692845848,4.8619841585025964e-24,-0.13911149383375324,1328,True,0.15307997872377582
SLC24A2,Slc24a2,254,tau,-0.0766448636603165,6.638498668461679e-06,0.08380684362591725,1328,False,0.08014589261783721
SLC24A2,Slc24a2,254,latency,-0.0613510321854924,0.0005223426505487,-0.015483072536729627,1328,True,0.03082048801578607
SLC24A2,Slc24a2,254,upstroke_downstroke_ratio_long_square,-0.4736964808792656,3.2991039597335046e-202,-0.12482609729977809,1328,True,0.24316595775888877
SLC24A2,Slc24a2,254,threshold_i_long_square,0.1828243078389969,3.592181182878582e-28,0.07674395419158365,1328,True,0.11845108824280158
SPTBN4,Sptbn4,255,vrest,-0.0125935571854181,0.5695639860811462,0.01837403430422341,1328,False,0.015211655128126965
SPTBN4,Sptbn4,255,ri,-0.0920740166444645,5.212006767954661e-08,-0.11027559741754892,1328,True,0.10076466241744506
SPTBN4,Sptbn4,255,tau,-0.0208147774389107,0.2473671426601014,0.10310648353531575,1328,False,0.046326434217369976
SPTBN4,Sptbn4,255,latency,0.0776434813417283,8.40858668882551e-06,0.04662039248801703,1328,True,0.06016452089302632
SPTBN4,Sptbn4,255,upstroke_downstroke_ratio_long_square,-0.2191578893936549,2.146652510681825e-40,-0.05647809415045784,1328,True,0.11125475230744289
SPTBN4,Sptbn4,255,threshold_i_long_square,0.1156914939301355,5.636107723528199e-12,0.04737125211245877,1328,True,0.07403006771732308
LRFN5,Lrfn5,256,vrest,0.0432965482578553,0.0223045462228831,0.03245107406424676,1328,True,0.03748358966590441
LRFN5,Lrfn5,256,ri,0.2268366400410691,5.340880824903469e-43,-0.06537974430622392,1328,False,0.12178062869425521
LRFN5,Lrfn5,256,tau,0.2838024006566165,1.2758370761867188e-67,0.2613002697946732,1328,True,0.2723190111981715
LRFN5,Lrfn5,256,latency,-0.0271880259814179,0.1476174725713634,0.06626278137388339,1328,False,0.04244471959613063
LRFN5,Lrfn5,256,upstroke_downstroke_ratio_long_square,-0.1216303231287928,3.2825718706343695e-13,0.12202299798105584,1328,False,0.12182650234485046
LRFN5,Lrfn5,256,threshold_i_long_square,-0.196896982147869,1.5984641365143612e-32,-0.047814504479293994,1328,True,0.09702850939218201
PCDH15,Pcdh15,257,vrest,0.035043255738365,0.0692684933833584,0.04759667069125887,1328,True,0.04084044935267641
PCDH15,Pcdh15,257,ri,0.1613237670401377,3.938701491424102e-22,-0.0002841521754811908,1328,False,0.006770561229416359
PCDH15,Pcdh15,257,tau,0.1497679041012353,3.1436492126943095e-19,0.16272947938986068,1328,True,0.15611423081738768
PCDH15,Pcdh15,257,latency,0.0976892884192712,1.4643602059172022e-08,0.08946175665220694,1328,True,0.09348505414285269
PCDH15,Pcdh15,257,upstroke_downstroke_ratio_long_square,0.0391970991654065,0.0217760530643417,-0.002883038875807004,1328,False,0.01063046380515588
PCDH15,Pcdh15,257,threshold_i_long_square,-0.1767647562155989,2.1253208959616003e-26,-0.05354425129574388,1328,True,0.09728687746576582
DAPK1,Dapk1,258,vrest,0.0434304525162154,0.0219932624210686,0.00010843179993654744,1328,True,0.002170078832298954
DAPK1,Dapk1,258,ri,0.1536781713876643,3.508105213448563e-20,0.01131092878242672,1328,True,0.04169223970932047
DAPK1,Dapk1,258,tau,0.2285567124885933,1.0998626885797322e-43,0.23141415392138465,1328,True,0.22998099539657832
DAPK1,Dapk1,258,latency,0.1134897688813641,3.554424980399293e-11,0.09581351343190421,1328,True,0.10427777085792678
DAPK1,Dapk1,258,upstroke_downstroke_ratio_long_square,0.0649992660433468,0.0001174774652784,0.1660725048361078,1328,True,0.1038970207673308
DAPK1,Dapk1,258,threshold_i_long_square,-0.1560708476178053,8.215097952944128e-21,-0.09216869514968697,1328,True,0.11993684327944747
STXBP5L,Stxbp5l,259,vrest,-0.0458666575572655,0.0147550064718995,-0.08166674789676945,1328,True,0.06120278392031409
STXBP5L,Stxbp5l,259,ri,-0.0286908090933294,0.1056184325165819,-0.17253325885656554,1328,True,0.07035708061100678
STXBP5L,Stxbp5l,259,tau,0.0436523729464237,0.0120134164459818,0.07741763346763712,1328,True,0.058133152406856695
STXBP5L,Stxbp5l,259,latency,0.0184992596062488,0.3397873087882458,0.061602136005349716,1328,True,0.033757871767373174
STXBP5L,Stxbp5l,259,upstroke_downstroke_ratio_long_square,-0.2175077429854472,8.50927258552755e-40,0.19057182005894321,1328,False,0.20359480950566866
STXBP5L,Stxbp5l,259,threshold_i_long_square,0.0642279702667044,0.00016748135399,0.10175761866290438,1328,True,0.08084358543441568
SYNJ2,Synj2,260,vrest,-0.0358065222794199,0.062896592478323,-0.13304671781575647,1328,True,0.06902130298446688
SYNJ2,Synj2,260,ri,-0.1631553960826895,1.3057540991928211e-22,-0.24652473359502314,1328,True,0.2005538345529088
SYNJ2,Synj2,260,tau,-0.1067656675584245,2.3354812913732536e-10,0.022815935872971253,1328,False,0.04935543155973799
SYNJ2,Synj2,260,latency,0.1101274483946168,1.3810251048465306e-10,0.1320796743772239,1328,True,0.1206051305871998
SYNJ2,Synj2,260,upstroke_downstroke_ratio_long_square,-0.1030098644449374,7.742136704676516e-10,0.17238137667023892,1328,False,0.13325532726173842
SYNJ2,Synj2,260,threshold_i_long_square,0.1755278497369127,4.739892654031229e-26,0.20831548924350823,1328,True,0.19122021308900888
DOCK3,Dock3,261,vrest,-0.0764395911022584,2.3581080164173687e-05,0.01229606580361989,1328,False,0.030657890374178827
DOCK3,Dock3,261,ri,-0.121364906850668,4.960955309206841e-13,-0.10348337470436675,1328,True,0.11206806026512749
DOCK3,Dock3,261,tau,-0.1237665664849331,1.65214756877754e-13,0.053354932712755175,1328,False,0.08126227185411657
DOCK3,Dock3,261,latency,0.0125463163596008,0.5375206605387736,-0.018626528466495332,1328,False,0.015287063773719281
DOCK3,Dock3,261,upstroke_downstroke_ratio_long_square,-0.0919872024540199,4.237418410790801e-08,0.005426654957814436,1328,False,0.022342399339654352
DOCK3,Dock3,261,threshold_i_long_square,0.1483165118736178,6.65088792357265e-19,0.08387546831402046,1328,True,0.1115352719640817
CDH13,Cdh13,262,vrest,0.0593899078290447,0.00120031473535,0.1214898003711041,1328,True,0.08494273392238393
CDH13,Cdh13,262,ri,0.1071180037866494,2.051909953094853e-10,0.18167737582712573,1328,True,0.13950239364182457
CDH13,Cdh13,262,tau,0.28350878665453,1.763273436134097e-67,0.2720463122506957,1328,True,0.2777184183665789
CDH13,Cdh13,262,latency,0.0513055382222515,0.0041876190306907,-0.038244945391967454,1328,False,0.044296472857503086
CDH13,Cdh13,262,upstroke_downstroke_ratio_long_square,-0.214669943301185,8.82389402966402e-39,-0.15012067051152542,1328,True,0.17951711847911617
CDH13,Cdh13,262,threshold_i_long_square,-0.1115162970312086,3.21937346058804e-11,-0.2402281487665111,1328,True,0.16367453556709308
FUT9,Fut9,263,vrest,0.0124550951722142,0.5731509447946528,-0.08354813301031537,1328,False,0.03225833145257654
FUT9,Fut9,263,ri,-0.040949192854309,0.0187275748083112,-0.1982333727000126,1328,True,0.09009715094747962
FUT9,Fut9,263,tau,0.0881507723420187,1.9576968540380978e-07,0.04680936099799726,1328,True,0.06423613721893484
FUT9,Fut9,263,latency,0.0407375037489095,0.0252596889081657,0.03980923783479486,1328,True,0.04027069623853287
FUT9,Fut9,263,upstroke_downstroke_ratio_long_square,-0.4017415030369372,1.6571048682070482e-140,0.04305586978634215,1328,False,0.13151931357229532
FUT9,Fut9,263,threshold_i_long_square,0.0789148888297102,3.296239106068233e-06,0.12636005357793426,1328,True,0.09985834757604849
KCNH5,Kcnh5,264,vrest,0.0866275354179662,1.2909304912685003e-06,-0.09429029145831352,1328,False,0.09037773820402571
KCNH5,Kcnh5,264,ri,0.0903415485151049,9.298958252774993e-08,-0.2740868908872138,1328,False,0.15735766314495614
KCNH5,Kcnh5,264,tau,0.2310495403890029,1.2269749302327832e-44,0.13265090117237865,1328,True,0.17506835735810494
KCNH5,Kcnh5,264,latency,0.1523071255508558,2.1263650975294352e-19,0.14349687137381031,1328,True,0.14783638254667195
KCNH5,Kcnh5,264,upstroke_downstroke_ratio_long_square,-0.2408464814767673,1.0005545153591798e-48,0.15068779758592063,1328,False,0.19050623572485048
KCNH5,Kcnh5,264,threshold_i_long_square,-0.0466043642400022,0.0069352338364403,0.1982622024223907,1328,False,0.09612431480493447
SPARCL1,Sparcl1,265,vrest,-0.0808914670148062,6.917198994444517e-06,0.08376508336677782,1328,False,0.08231573651590685
SPARCL1,Sparcl1,265,ri,-0.2396501028376177,5.844341621648536e-48,-0.04561688712468102,1328,True,0.10455664345493215
SPARCL1,Sparcl1,265,tau,-0.231204135282895,1.0739775379876956e-44,-0.21330148623908093,1328,True,0.2220724784399522
SPARCL1,Sparcl1,265,latency,-0.0874483724376025,4.505265276304456e-07,-0.16180631243592097,1328,True,0.11895250595364307
SPARCL1,Sparcl1,265,upstroke_downstroke_ratio_long_square,-0.2959530074500336,6.735222030885725e-74,-0.44085126307515826,1328,True,0.3612080524368734
SPARCL1,Sparcl1,265,threshold_i_long_square,0.2609402856411686,6.028024309700382e-57,0.12043688608257995,1328,True,0.17727615591534382
KCTD8,Kctd8,266,vrest,0.0065085687752088,0.7895373724405569,0.06740324669438816,1328,True,0.020945134680464352
KCTD8,Kctd8,266,ri,-0.0345739978997892,0.0485681525692649,-0.10078934435466082,1328,True,0.05903126781663404
KCTD8,Kctd8,266,tau,0.1631613572115799,1.277080679275413e-22,0.06760708850621587,1328,True,0.10502792161038695
KCTD8,Kctd8,266,latency,0.1194887568773098,2.872455460685916e-12,-0.024771643092117088,1328,False,0.05440526480852262
KCTD8,Kctd8,266,upstroke_downstroke_ratio_long_square,-0.6091040511175504,0.0,-0.38457125673919046,1328,True,0.48398751060663586
KCTD8,Kctd8,266,threshold_i_long_square,0.0826164310116751,1.0785084900525997e-06,0.028519196703275233,1328,True,0.04854023328069747
DGKH,Dgkh,267,vrest,-0.0448210226665876,0.0176729998009785,-0.12117317203467683,1328,True,0.07369603442756312
DGKH,Dgkh,267,ri,-0.1346332880434255,9.475600138122576e-16,-0.3334364277746025,1328,True,0.21187647964025857
DGKH,Dgkh,267,tau,-0.1101628515450272,5.960068549174301e-11,0.0512207908856756,1328,False,0.07511743061605317
DGKH,Dgkh,267,latency,0.0055179050026583,0.8022717581966332,0.12716183645403542,1328,True,0.02648899646111454
DGKH,Dgkh,267,upstroke_downstroke_ratio_long_square,-0.2738556622637364,4.50376219528874e-63,0.13017736177457512,1328,False,0.1888115664373406
DGKH,Dgkh,267,threshold_i_long_square,0.1841088199029685,1.4902440492467752e-28,0.24649900989069917,1328,True,0.2130320206406229
PENK,Penk,268,vrest,0.0409483294905773,0.0313868495865493,0.05290816767920048,1328,True,0.046545688123290366
PENK,Penk,268,ri,0.2112750231788183,2.406861187548805e-37,0.18554253243787736,1328,True,0.197991168594635
PENK,Penk,268,tau,0.0465176185162251,0.0072326799918327,-0.09997437146541699,1328,False,0.0681950854037712
PENK,Penk,268,latency,-0.1806812480545639,5.708157522346386e-27,-0.0983926577627258,1328,True,0.13333307243131717
PENK,Penk,268,upstroke_downstroke_ratio_long_square,0.2572570841127302,1.332946309761666e-55,0.066079428074432,1328,True,0.13038175097100538
PENK,Penk,268,threshold_i_long_square,-0.3105227604907611,3.0337394219416724e-81,-0.16068729537621526,1328,True,0.2233765039927357
ARHGAP20,Arhgap20,269,vrest,-0.0422723754427154,0.025656752447702,-0.1251785323592911,1328,True,0.07274334276935623
ARHGAP20,Arhgap20,269,ri,-0.1302860132884105,7.935565734974562e-15,-0.2998195560361967,1328,True,0.1976418342908638
ARHGAP20,Arhgap20,269,tau,-0.1225693578581265,2.8385623071976133e-13,0.006728505990082704,1328,False,0.0287177411811757
ARHGAP20,Arhgap20,269,latency,-0.0343527040080804,0.062146107929272,0.09714815478114548,1328,False,0.05776938467845985
ARHGAP20,Arhgap20,269,upstroke_downstroke_ratio_long_square,-0.2154309235640009,4.7398113861954875e-39,0.11302458873209525,1328,False,0.15604163398271836
ARHGAP20,Arhgap20,269,threshold_i_long_square,0.1372832259970345,2.253642317985613e-16,0.226003979691684,1328,True,0.17614356479940632
TMEM108,Tmem108,270,vrest,-0.0561696013282565,0.0023050213844667,-0.13017340529692134,1328,True,0.08550899531084215
TMEM108,Tmem108,270,ri,-0.245448833816522,2.623453683148121e-50,-0.3542759859046184,1328,True,0.2948840917877517
TMEM108,Tmem108,270,tau,-0.2898685123370776,1.316011431156974e-70,-0.07875909851883416,1328,True,0.15109527696345704
TMEM108,Tmem108,270,latency,-0.133986948696501,3.4019783320064295e-15,0.03562913386187843,1328,False,0.06909297309316101
TMEM108,Tmem108,270,upstroke_downstroke_ratio_long_square,-0.2368306124691457,4.010005695538466e-47,-0.09826834160149309,1328,True,0.15255474927975476
TMEM108,Tmem108,270,threshold_i_long_square,0.2523674461786255,2.9994859387569554e-53,0.31220672101241215,1328,True,0.2806970125628434
ERC2,Erc2,271,vrest,0.0385598598023226,0.0438949229665549,-0.06339939005116325,1328,False,0.04944362033595053
ERC2,Erc2,271,ri,0.0724757323172882,2.097382244151664e-05,-0.16090007051738242,1328,False,0.1079877328248473
ERC2,Erc2,271,tau,0.1816720066542437,7.880022324188742e-28,0.2290947172848945,1328,True,0.20401004142696857
ERC2,Erc2,271,latency,0.1101288390096672,1.3810251048465306e-10,0.14492441735329975,1328,True,0.12633430977874288
ERC2,Erc2,271,upstroke_downstroke_ratio_long_square,-0.1021952549889296,1.0547709953542414e-09,0.2437899363767844,1328,False,0.15784224628330784
ERC2,Erc2,271,threshold_i_long_square,-0.0492794370030378,0.004202771414146,0.05863895687598383,1328,False,0.05375588136468321
KIF26B,Kif26b,272,vrest,0.0120103052591293,0.5893954159657003,0.04544530018227203,1328,True,0.02336261817052728
KIF26B,Kif26b,272,ri,0.1178059940287087,2.3765652310165256e-12,-0.04225221875091378,1328,False,0.07055185773507203
KIF26B,Kif26b,272,tau,0.2249398369156205,2.5999845109103133e-42,0.14778974074669884,1328,True,0.18232882432946326
KIF26B,Kif26b,272,latency,0.0876895139448279,4.1697290205153523e-07,0.03788339556453317,1328,True,0.057636590319289034
KIF26B,Kif26b,272,upstroke_downstroke_ratio_long_square,-0.0792515208019675,2.464173041869661e-06,-0.07276494961659666,1328,True,0.07593900788260159
KIF26B,Kif26b,272,threshold_i_long_square,-0.0910845322784654,7.064657821282411e-08,-0.04402856866319497,1328,True,0.06332709991447115
IL1RAPL2,Il1rapl2,273,vrest,-0.0191525245782343,0.354697159655376,0.013761988341879623,1328,False,0.016235049121059764
IL1RAPL2,Il1rapl2,273,ri,-0.1280742195909905,2.253648134054804e-14,-0.19052852226590988,1328,True,0.156210728821778
IL1RAPL2,Il1rapl2,273,tau,-0.1294216417303617,1.1636084730502251e-14,-0.01280440144383756,1328,True,0.04070831188143363
IL1RAPL2,Il1rapl2,273,latency,0.0568613940663503,0.0013610137969259,0.05156663124660416,1328,True,0.0541493355452062
IL1RAPL2,Il1rapl2,273,upstroke_downstroke_ratio_long_square,-0.2089820162910294,8.77399387924016e-37,-0.12420085529079099,1328,True,0.16110786810003994
IL1RAPL2,Il1rapl2,273,threshold_i_long_square,0.111200987343358,3.656087186917707e-11,0.14236931029130395,1328,True,0.125823717445424
ATP1A3,Atp1a3,274,vrest,-0.0547579324854603,0.0030447108273131,0.17388650793899132,1328,False,0.09757902265269797
ATP1A3,Atp1a3,274,ri,-0.0729704032192209,1.8341179942950188e-05,0.16253646465242688,1328,False,0.10890524029409344
ATP1A3,Atp1a3,274,tau,-0.1234458066580099,1.913993421882156e-13,-0.0956070778345367,1328,True,0.10863835807623162
ATP1A3,Atp1a3,274,latency,-0.0989327837098345,9.379317413370418e-09,-0.15827426038144765,1328,True,0.12513398087310973
ATP1A3,Atp1a3,274,upstroke_downstroke_ratio_long_square,-0.2024724663905001,1.4277108681042475e-34,-0.4736998079667322,1328,True,0.30969528321840895
ATP1A3,Atp1a3,274,threshold_i_long_square,0.0905340648238596,8.501316785192704e-08,-0.1093439640639783,1328,False,0.09949549502699098
NHS,Nhs,275,vrest,0.0695602439278036,0.0001302594653521,0.21564024652748104,1328,True,0.12247443875806611
NHS,Nhs,275,ri,0.1703398011254191,1.4727904522530395e-24,0.23216198613498926,1328,True,0.19886283349866152
NHS,Nhs,275,tau,0.2214476162418872,5.201248364097524e-41,0.04511693144525378,1328,True,0.0999551745568987
NHS,Nhs,275,latency,-0.084186158357025,1.2394146095558926e-06,-0.1844958184645841,1328,True,0.12462742149891579
NHS,Nhs,275,upstroke_downstroke_ratio_long_square,-0.1279181390974842,1.751341576347928e-14,-0.4531705865631428,1328,True,0.2407669788963441
NHS,Nhs,275,threshold_i_long_square,-0.1410928249449944,3.195889400333846e-17,-0.21586785111080053,1328,True,0.17452050002228475
RARB,Rarb,276,vrest,-0.0120474402601536,0.5893954159657003,-0.02054727225799696,1328,True,0.015733468627017046
RARB,Rarb,276,ri,-0.1802372534971782,2.232440327588488e-27,-0.15374617261668108,1328,True,0.16646557568498557
RARB,Rarb,276,tau,-0.1085808453604108,1.1292609177693604e-10,-0.12679624008694707,1328,True,0.11733559961564231
RARB,Rarb,276,latency,-0.0659409432414304,0.0001792359223098,-0.07963757699605047,1328,True,0.07246638492833493
RARB,Rarb,276,upstroke_downstroke_ratio_long_square,-0.3479986026176037,1.6851578553325433e-103,-0.20867300822865892,1328,True,0.2694771145525813
RARB,Rarb,276,threshold_i_long_square,0.1791092089848585,4.4830410585708756e-27,0.14738641611668024,1328,True,0.1624754270829032
KHDRBS2,Khdrbs2,277,vrest,0.0495161090811457,0.0080386974669978,-0.1294449811034458,1328,False,0.08006005123858631
KHDRBS2,Khdrbs2,277,ri,0.1603480535881691,7.049809782705358e-22,-0.2152101913315507,1328,False,0.18576473102381844
KHDRBS2,Khdrbs2,277,tau,0.0778393716769083,4.717569447184134e-06,0.15575511160289834,1328,True,0.11010849205504694
KHDRBS2,Khdrbs2,277,latency,-0.0386282338482863,0.0343316879329779,0.15432153596881204,1328,False,0.077208603013071
KHDRBS2,Khdrbs2,277,upstroke_downstroke_ratio_long_square,0.2928023657049884,2.730150616179321e-72,0.4221030075072061,1328,True,0.35155761856244905
KHDRBS2,Khdrbs2,277,threshold_i_long_square,-0.1904489702316681,1.7281775737708262e-30,0.11273110094371229,1328,False,0.14652481731028447
NR2F2,Nr2f2,278,vrest,0.0408221746592813,0.0320061285464354,0.1624903576466508,1328,True,0.0814445195228056
NR2F2,Nr2f2,278,ri,0.2127392863835721,7.329360662853411e-38,0.2906570105804499,1328,True,0.24866476431788093
NR2F2,Nr2f2,278,tau,0.0679785728096212,6.820689991998585e-05,0.055659283183266045,1328,True,0.06151128867455937
NR2F2,Nr2f2,278,latency,-0.0501280231890318,0.0052364895176052,-0.09348455791953894,1328,True,0.06845579659318146
NR2F2,Nr2f2,278,upstroke_downstroke_ratio_long_square,0.4326251050539651,3.821806707047676e-165,0.023465040257588776,1328,True,0.10075497757696572
NR2F2,Nr2f2,278,threshold_i_long_square,-0.208082461667806,2.978103257140561e-36,-0.2426632653342719,1328,True,0.22470863269376917
DAB1,Dab1,279,vrest,-0.0906646778558246,3.877257406077373e-07,-0.07605530996815545,1328,True,0.08303932910065988
DAB1,Dab1,279,ri,-0.1206771824743471,6.706708582893317e-13,-0.07715427159948739,1328,True,0.09649228006678397
DAB1,Dab1,279,tau,-0.2833758720309973,2.0321159937530708e-67,-0.06324565264144004,1328,True,0.13387416468250182
DAB1,Dab1,279,latency,-0.1784983591872701,2.3852133885768446e-26,-0.03348353782186107,1328,True,0.07730948558221754
DAB1,Dab1,279,upstroke_downstroke_ratio_long_square,0.2717613313571158,4.165112264937512e-62,0.10390600815692214,1328,True,0.16804057579265935
DAB1,Dab1,279,threshold_i_long_square,0.0977588730199373,6.730896306052231e-09,0.08217927473468985,1328,True,0.08963120708580849
ABCC8,Abcc8,280,vrest,-0.0099202968619514,0.6622899192004666,-0.06933324221890622,1328,True,0.026226062327637592
ABCC8,Abcc8,280,ri,-0.2020646691871698,3.3868356446543797e-34,-0.2331867787334066,1328,True,0.2170686741646237
ABCC8,Abcc8,280,tau,-0.1445114699522317,5.49754966292402e-18,0.01872170417963949,1328,False,0.05201443060354062
ABCC8,Abcc8,280,latency,0.0436178826528331,0.0160396367300992,0.0764267414585325,1328,True,0.057737099342421806
ABCC8,Abcc8,280,upstroke_downstroke_ratio_long_square,-0.1105384813509492,3.935246066428379e-11,0.07153093899489657,1328,False,0.08892087137507852
ABCC8,Abcc8,280,threshold_i_long_square,0.2084921849959556,2.1657434350635616e-36,0.20253715178298587,1328,True,0.20549309798164078
EFR3A,Efr3a,281,vrest,0.009807760661199,0.6659203776502259,0.05031412901835474,1328,True,0.022214160692871354
EFR3A,Efr3a,281,ri,-0.1312849264759767,4.915791776386205e-15,-0.10593417026571425,1328,True,0.1179303173684693
EFR3A,Efr3a,281,tau,-0.0063579289803514,0.7340968206298577,0.018932993078270732,1328,False,0.010971537056271102
EFR3A,Efr3a,281,latency,0.1075725472076684,3.7543128981286215e-10,-0.04333486036671449,1328,False,0.06827621337285858
EFR3A,Efr3a,281,upstroke_downstroke_ratio_long_square,-0.3069063355138788,1.1617641403752999e-79,-0.22152287441295015,1328,True,0.26074273454610336
EFR3A,Efr3a,281,threshold_i_long_square,0.1656854679232416,2.525794454037529e-23,0.06305311668236536,1328,True,0.1022104942828106
GCC2,Gcc2,282,vrest,-0.0279546649515939,0.1560879882975753,0.015443325779590993,1328,False,0.020777704346408892
GCC2,Gcc2,282,ri,-0.1505182406494948,2.0591640275209592e-19,-0.11805454085226043,1328,True,0.13330176964229
GCC2,Gcc2,282,tau,-0.112746772364889,2.0797986809542743e-11,0.006539782433768028,1328,False,0.02715399347013149
GCC2,Gcc2,282,latency,0.0384500799566722,0.035190815082968,0.008631036126148114,1328,True,0.01821713559150618
GCC2,Gcc2,282,upstroke_downstroke_ratio_long_square,-0.2077917028252172,2.2435108263910632e-36,-0.10895489478446517,1328,True,0.15046568751182574
GCC2,Gcc2,282,threshold_i_long_square,0.1626954087108229,1.5727884450227533e-22,0.07092487015526774,1328,True,0.10742043910575552
HSPA12A,Hspa12a,283,vrest,-0.059678451842176,0.0011317897999222,-0.046527419788360225,1328,True,0.05269425377762136
HSPA12A,Hspa12a,283,ri,-0.2148989582298436,1.2768502677249919e-38,-0.20899574721358083,1328,True,0.2119267995102702
HSPA12A,Hspa12a,283,tau,-0.2046026814595024,4.4016032838750437e-35,0.025839507156815957,1328,False,0.0727106075609092
HSPA12A,Hspa12a,283,latency,-0.049986255488002,0.0053607541172807,-0.012092076789841847,1328,True,0.02458531349805354
HSPA12A,Hspa12a,283,upstroke_downstroke_ratio_long_square,-0.2364366272961157,5.742004842349905e-47,-0.04569820429567263,1328,True,0.10394579980527209
HSPA12A,Hspa12a,283,threshold_i_long_square,0.215024535541089,1.1010081652704835e-38,0.14142665324781958,1328,True,0.17438520702095991
RAPGEF4,Rapgef4,284,vrest,-0.0156527538823262,0.4639095254932252,0.022655297969985364,1328,False,0.018831298501562375
RAPGEF4,Rapgef4,284,ri,-0.121932535050499,3.847450063471836e-13,-0.07054985302083204,1328,True,0.09274870579296594
RAPGEF4,Rapgef4,284,tau,-0.0368508240993175,0.0352131693668356,0.0432466767061295,1328,False,0.03992086767816589
RAPGEF4,Rapgef4,284,latency,0.1651049315514712,1.1761243680964973e-22,0.017571922303111602,1328,True,0.05386289102046985
RAPGEF4,Rapgef4,284,upstroke_downstroke_ratio_long_square,-0.0647912236054181,0.0001234006771521,-0.07422002687361204,1328,True,0.06934555758783931
RAPGEF4,Rapgef4,284,threshold_i_long_square,0.1392745949633471,8.172694472228307e-17,0.026384176402094044,1328,True,0.060618854177913566
DNER,Dner,285,vrest,-0.0400631938903307,0.0358334068229988,0.17864588990671737,1328,False,0.08459979270094868
DNER,Dner,285,ri,-0.0568210073549748,0.0009548639032076,0.2894524382545024,1328,False,0.12824577623834038
DNER,Dner,285,tau,-0.2176337184821307,1.2698067003642538e-39,-0.1546170429152584,1328,True,0.1834390416197132
DNER,Dner,285,latency,-0.0275116398552369,0.1422410339414373,-0.1736126589079926,1328,True,0.06911127944255394
DNER,Dner,285,upstroke_downstroke_ratio_long_square,0.2869131590387009,2.39511906327962e-69,-0.4159174249856154,1328,False,0.345444904871768
DNER,Dner,285,threshold_i_long_square,0.0581131168693787,0.0006842521075959,-0.17814296522014636,1328,False,0.101746955518561
CLIP4,Clip4,286,vrest,-0.0931003059825368,1.7628876458235737e-07,0.011382367179717866,1328,False,0.03255306233271023
CLIP4,Clip4,286,ri,-0.2376855146294736,3.48381065264497e-47,-0.09414110805823844,1328,True,0.14958602112701336
CLIP4,Clip4,286,tau,-0.1907187070959321,1.4094827227418582e-30,-0.09547183885827251,1328,True,0.13493800677022358
CLIP4,Clip4,286,latency,0.039066356955904,0.0323222593967693,0.007308270552351123,1328,True,0.016896967364840077
CLIP4,Clip4,286,upstroke_downstroke_ratio_long_square,-0.2561979059293561,3.8292821163795134e-55,-0.2210963733205173,1328,True,0.23800089884975578
CLIP4,Clip4,286,threshold_i_long_square,0.2468524625032765,6.154382961702836e-51,0.1005932159436368,1328,True,0.15758071921022127
PLCH1,Plch1,287,vrest,-0.0525592478057176,0.0046265668329993,-0.03425567345019707,1328,True,0.04243173847040266
PLCH1,Plch1,287,ri,-0.1191399455659054,1.3251845329755886e-12,-0.1372286950239398,1328,True,0.1278648476135346
PLCH1,Plch1,287,tau,-0.1043513537469112,6.019115539666641e-10,-0.0027689217605051638,1328,True,0.016998256796742262
PLCH1,Plch1,287,latency,-0.0802915409370125,3.895337031158994e-06,-0.02071496362254143,1328,True,0.04078279477559146
PLCH1,Plch1,287,upstroke_downstroke_ratio_long_square,-0.1613383348193903,2.591996101713422e-22,-0.03824182908993259,1328,True,0.07854853929779626
PLCH1,Plch1,287,threshold_i_long_square,0.1122894002281037,2.343361803945285e-11,0.091365524469673,1328,True,0.10128859730604287
NTN4,Ntn4,288,vrest,-0.0173235865214079,0.4101157624821396,-0.025405839767000234,1328,True,0.020979043432736728
NTN4,Ntn4,288,ri,-0.1349791877252425,8.004920694124017e-16,-0.1552968950379649,1328,True,0.1447820732980321
NTN4,Ntn4,288,tau,-0.0551149952415567,0.0013396427816698,-0.038806749090368416,1328,True,0.04624752740910523
NTN4,Ntn4,288,latency,-0.0218967966094964,0.2524160859371507,0.015958044043959174,1328,False,0.01869304803171381
NTN4,Ntn4,288,upstroke_downstroke_ratio_long_square,-0.3653341563120466,1.1628660043826414e-114,-0.19517826953532547,1328,True,0.26703050093787667
NTN4,Ntn4,288,threshold_i_long_square,0.173352105706332,1.9480326552427848e-25,0.09905290599672875,1328,True,0.13103827620532973
FAT1,Fat1,289,vrest,-0.0497555797415985,0.0077168261592356,-0.04341854644191595,1328,True,0.046479188350863516
FAT1,Fat1,289,ri,-0.0663322340875853,0.0001044785717519,-0.13913447837496518,1328,True,0.09606820904556443
FAT1,Fat1,289,tau,0.0480030656950793,0.0055042612888604,0.08124195898313763,1328,True,0.062448883851230624
FAT1,Fat1,289,latency,0.110025660138671,1.4345497955779507e-10,0.0871884611911397,1328,True,0.09794369810779069
FAT1,Fat1,289,upstroke_downstroke_ratio_long_square,-0.065997318415283,9.186145904157758e-05,0.1102939056814223,1328,False,0.08531765358073333
FAT1,Fat1,289,threshold_i_long_square,0.0515861133445524,0.0026974278159131,0.07248478519188808,1328,True,0.061149066588659165
RGS6,Rgs6,290,vrest,0.0395933563452161,0.0379896513187353,-0.07833927119440284,1328,False,0.055693039782584275
RGS6,Rgs6,290,ri,0.2811912144503034,3.0318749286330183e-66,-0.0009644378803598135,1328,False,0.01646789175457054
RGS6,Rgs6,290,tau,0.3452584715486758,1.519825833617909e-101,0.25935036703304726,1328,True,0.29923721579612717
RGS6,Rgs6,290,latency,0.1449716368477217,1.1718528087256985e-17,0.12708970850093196,1328,True,0.13573652075944748
RGS6,Rgs6,290,upstroke_downstroke_ratio_long_square,0.239449908477609,3.616917821474804e-48,0.4073396325970849,1328,True,0.3123098425357018
RGS6,Rgs6,290,threshold_i_long_square,-0.2934975285986625,2.413185288703664e-72,-0.0501373111975276,1328,True,0.1213061289756474
BCL11A,Bcl11a,291,vrest,0.0202508075592418,0.3266303209472579,-0.08040666557383414,1328,False,0.04035219834180076
BCL11A,Bcl11a,291,ri,-0.0827279934995662,1.0837008949125534e-06,-0.22812268234928015,1328,True,0.13737587773148113
BCL11A,Bcl11a,291,tau,0.1030263336535179,9.869278536616506e-10,0.11721790929215156,1328,True,0.10989327291923288
BCL11A,Bcl11a,291,latency,0.2655905250404478,4.2081709082495705e-58,0.15533087319578726,1328,True,0.20311181198310538
BCL11A,Bcl11a,291,upstroke_downstroke_ratio_long_square,-0.195929933096525,2.0252974897746222e-32,0.22981972229876715,1328,False,0.21219934687519518
BCL11A,Bcl11a,291,threshold_i_long_square,0.0866718629273585,3.022678542608397e-07,0.12546414673243517,1328,True,0.10427948661118167
PLCL2,Plcl2,292,vrest,-0.0431311847182166,0.0226603380330162,-0.09398413908971776,1328,True,0.06366825946781628
PLCL2,Plcl2,292,ri,-0.1697164391375855,2.187534334127896e-24,-0.25261501232168837,1328,True,0.2070577705953926
PLCL2,Plcl2,292,tau,-0.0983934022660464,5.637736943611746e-09,0.048189138898831335,1328,False,0.06885850222395994
PLCL2,Plcl2,292,latency,0.0784189291605573,6.720472552071571e-06,0.0744082913982048,1328,True,0.07638729300161073
PLCL2,Plcl2,292,upstroke_downstroke_ratio_long_square,-0.1769945802952837,1.2384510704991895e-26,0.11411751789466527,1328,False,0.1421203088376387
PLCL2,Plcl2,292,threshold_i_long_square,0.1709062660306446,9.37050453552324e-25,0.16951381895040385,1328,True,0.17020861857558284
MCTP1,Mctp1,293,vrest,-0.0743056214007953,4.036571236392685e-05,-0.024883125838327285,1328,True,0.042999489855242407
MCTP1,Mctp1,293,ri,-0.1562047122525329,8.118519332378731e-21,-0.04783629103922061,1328,True,0.0864422007876354
MCTP1,Mctp1,293,tau,-0.0172028780101676,0.3436576064274799,0.05131283364236515,1328,False,0.029710745825469134
MCTP1,Mctp1,293,latency,0.2194540129584689,1.6513449140377164e-39,0.06148708023723003,1328,True,0.1161618978114575
MCTP1,Mctp1,293,upstroke_downstroke_ratio_long_square,-0.1163488595406449,3.3623889133621e-12,0.11749291117157347,1328,False,0.1169194860531078
MCTP1,Mctp1,293,threshold_i_long_square,0.163137877725742,1.2037226948775734e-22,0.04405857689793283,1328,True,0.08477984861242185
PLXNA2,Plxna2,294,vrest,0.0470121951553302,0.0123247346958748,-0.04592547889673673,1328,False,0.04646566018572625
PLXNA2,Plxna2,294,ri,0.088359329212077,1.793980673234393e-07,-0.07684851312404359,1328,False,0.08240317391087547
PLXNA2,Plxna2,294,tau,0.2055041913729026,2.204029653289647e-35,0.11503858737750675,1328,True,0.1537560141122796
PLXNA2,Plxna2,294,latency,0.0796179259389955,4.76112344538087e-06,0.06633524153786027,1328,True,0.07267375281287418
PLXNA2,Plxna2,294,upstroke_downstroke_ratio_long_square,-0.2325961556679697,1.852699744471119e-45,0.0552212842788462,1328,False,0.11333251269740612
PLXNA2,Plxna2,294,threshold_i_long_square,-0.0491127547240919,0.004328773563758,0.003144597913702692,1328,False,0.01242738371667872
GABRD,Gabrd,295,vrest,-0.1896000297563299,1.3913431579649546e-28,-0.12546238633565807,1328,True,0.15423252634428616
GABRD,Gabrd,295,ri,-0.5423882702847134,5.40820672270978e-276,-0.3141925261188729,1328,True,0.412812718769662
GABRD,Gabrd,295,tau,-0.4962174546870537,1.5827521863295354e-224,-0.24550993165810295,1328,True,0.34903626371449764
GABRD,Gabrd,295,latency,-0.0216180127286828,0.2590330091642573,-0.022950040209767503,1328,True,0.022274071504297006
GABRD,Gabrd,295,upstroke_downstroke_ratio_long_square,-0.3938598516237417,1.289718518492937e-134,-0.2642207019647408,1328,True,0.3225925083937221
GABRD,Gabrd,295,threshold_i_long_square,0.528671846728383,7.230045774939333e-260,0.3297287567167031,1328,True,0.4175144437416185
ANO5,Ano5,296,vrest,0.0336305928620517,0.0824995379770875,0.08751294430579777,1328,True,0.05425045806357483
ANO5,Ano5,296,ri,0.1108515035131667,4.5226061360939164e-11,0.07804420170625358,1328,True,0.09301245669061246
ANO5,Ano5,296,tau,0.2151041751362182,1.0209231132507324e-38,0.08943469082790015,1328,True,0.13870030785509513
ANO5,Ano5,296,latency,0.0630161978293134,0.000356524160897,-0.06858964883455082,1328,False,0.06574388853727159
ANO5,Ano5,296,upstroke_downstroke_ratio_long_square,-0.0756918428881997,6.9197395737607765e-06,-0.1111117374638557,1328,True,0.09170742704464595
ANO5,Ano5,296,threshold_i_long_square,-0.1001820218015948,2.755612574499998e-09,-0.11113929621463355,1328,True,0.10551852631831209
TMTC1,Tmtc1,297,vrest,0.001506481442199,0.9545840533176392,-0.03882332148182521,1328,False,0.007647654106776499
TMTC1,Tmtc1,297,ri,-0.0714144298066477,2.798088824310302e-05,-0.2658242843176975,1328,True,0.13778131111768593
TMTC1,Tmtc1,297,tau,0.0783385477206604,4.075892028270152e-06,0.13875838298813872,1328,True,0.10425991659002025
TMTC1,Tmtc1,297,latency,0.0601938395036912,0.0006718173933647,0.09302713155204155,1328,True,0.07483087749139627
TMTC1,Tmtc1,297,upstroke_downstroke_ratio_long_square,-0.3769847617074567,1.422014082485632e-122,0.08709467144359966,1328,False,0.18119979017690568
TMTC1,Tmtc1,297,threshold_i_long_square,0.0821754279342764,1.2352558347791667e-06,0.13691617064922162,1328,True,0.10607141421807385
MLIP,Mlip,298,vrest,-0.0118059022174447,0.5959991237358019,-0.17142670934785892,1328,True,0.04498718670931908
MLIP,Mlip,298,ri,0.0135394133646128,0.4648976344970017,-0.26645523029512636,1328,False,0.06006369540853123
MLIP,Mlip,298,tau,-0.1262178205990901,5.3351209375774376e-14,0.05206337861339447,1328,False,0.08106371680109373
MLIP,Mlip,298,latency,-0.0092425019336539,0.6659296056692138,0.15663153700402022,1328,False,0.03804822313368706
MLIP,Mlip,298,upstroke_downstroke_ratio_long_square,0.4216447181070098,4.0772868506525884e-156,0.46990484613348094,1328,True,0.44512121538415733
MLIP,Mlip,298,threshold_i_long_square,-0.0184294408455655,0.3063275622163154,0.23248520968177638,1328,False,0.06545664534101324
SERPINI1,Serpini1,299,vrest,-0.0983123315508669,3.160487032341809e-08,0.12748143253758348,1328,False,0.11195086807262541
SERPINI1,Serpini1,299,ri,-0.1688089855127471,3.8922501330654125e-24,0.0825213083684891,1328,False,0.11802685435471544
SERPINI1,Serpini1,299,tau,-0.0325337793639961,0.0638621716316016,0.05910275948894464,1328,False,0.0438501554959233
SERPINI1,Serpini1,299,latency,0.0908543557340483,1.499424595392219e-07,0.004835930413479078,1328,True,0.02096104343994667
SERPINI1,Serpini1,299,upstroke_downstroke_ratio_long_square,-0.2906482702284612,3.341252902763672e-71,-0.23380047455605937,1328,True,0.2606793116231359
SERPINI1,Serpini1,299,threshold_i_long_square,0.2024581660405209,2.3870715920700486e-34,-0.10170797360857711,1328,False,0.14349776935022449
OXR1,Oxr1,300,vrest,0.0622878768184964,0.0006707153412684,0.10052630520976825,1328,True,0.07913008350763076
OXR1,Oxr1,300,ri,0.128270452558757,2.0605212720018627e-14,-0.03481848610987253,1328,False,0.06682950673710036
OXR1,Oxr1,300,tau,0.2392314586588664,7.498052324666593e-48,0.16512562375251535,1328,True,0.19875422972170784
OXR1,Oxr1,300,latency,0.0376601107978293,0.0394489549824556,-0.023660927130063725,1328,False,0.029850848183888595
OXR1,Oxr1,300,upstroke_downstroke_ratio_long_square,-0.3592663716214839,1.16184826068053e-110,-0.2404175106306009,1328,True,0.29389441423498597
OXR1,Oxr1,300,threshold_i_long_square,-0.0829658587598966,9.686715536729069e-07,-0.03099002723345101,1328,True,0.05070615566591344
THSD7A,Thsd7a,301,vrest,0.094210594351024,1.2371344759994642e-07,0.16641035953454603,1328,True,0.1252102986096478
THSD7A,Thsd7a,301,ri,0.1774409742096724,1.4480574077323238e-26,0.051332002598701174,1328,True,0.0954379408267329
THSD7A,Thsd7a,301,tau,0.1801528015216661,2.2350065820696034e-27,0.12049631413532197,1328,True,0.14733549662085166
THSD7A,Thsd7a,301,latency,0.0957915070378652,2.800649688435496e-08,-0.023352845561559237,1328,False,0.0472969795014891
THSD7A,Thsd7a,301,upstroke_downstroke_ratio_long_square,-0.0849321362413489,4.363936108932577e-07,-0.3340802934509751,1328,True,0.1684462911403158
THSD7A,Thsd7a,301,threshold_i_long_square,-0.1652054787697133,3.393161036675165e-23,-0.08286709933706045,1328,True,0.11700469571874653
XKR4,Xkr4,302,vrest,-0.0017845652524994,0.9438466113850724,0.10213923277743793,1328,False,0.01350089351604417
XKR4,Xkr4,302,ri,-0.0378294309110696,0.0305354450246724,0.06344262042106313,1328,False,0.04898977675021413
XKR4,Xkr4,302,tau,0.0939357609061721,2.7653676522708277e-08,0.09092967019529291,1328,True,0.09242049425718366
XKR4,Xkr4,302,latency,0.1169865450539962,8.464755924744833e-12,-0.03185765353006772,1328,False,0.06104847926041949
XKR4,Xkr4,302,upstroke_downstroke_ratio_long_square,-0.2843697549653003,4.230007993997546e-68,-0.2490661792121659,1328,True,0.26613321542548424
XKR4,Xkr4,302,threshold_i_long_square,0.054267945570139,0.0015609465810222,-0.1002153672494715,1328,False,0.07374606494712657
SPOCK3,Spock3,303,vrest,-0.0487064463111655,0.0092881815632628,0.2404444797024684,1328,False,0.10821828007062577
SPOCK3,Spock3,303,ri,-0.0197420734432791,0.2738513862851649,0.2333940495426616,1328,False,0.06787991210435931
SPOCK3,Spock3,303,tau,0.0825399836477447,1.1568391254734326e-06,-0.0035447297215676268,1328,False,0.01710502654934702
SPOCK3,Spock3,303,latency,0.1560238518761005,2.5972126936735016e-20,-0.1402377539730469,1328,False,0.14792036558002314
SPOCK3,Spock3,303,upstroke_downstroke_ratio_long_square,-0.1282189163082921,1.5218277085212873e-14,-0.46049296458118844,1328,True,0.24298952423138065
SPOCK3,Spock3,303,threshold_i_long_square,0.0697892107932135,4.120256473767908e-05,-0.19031320448790842,1328,False,0.11524672813029699
DENND5B,Dennd5b,304,vrest,-0.0319788520242624,0.1012108219780943,-0.05371717088103865,1328,True,0.041446513228096185
DENND5B,Dennd5b,304,ri,-0.088926485564593,1.491296310177048e-07,-0.16673490221365006,1328,True,0.12176678067032887
DENND5B,Dennd5b,304,tau,-0.0417141408307163,0.0165242355134272,-0.0025548678336503377,1328,True,0.010323474057542706
DENND5B,Dennd5b,304,latency,0.0349676639701085,0.0572222841056016,0.021578100980592423,1328,True,0.027468814757874514
DENND5B,Dennd5b,304,upstroke_downstroke_ratio_long_square,-0.2666066737654928,9.487740211632824e-60,-0.06807175124126744,1328,True,0.13471593512211674
DENND5B,Dennd5b,304,threshold_i_long_square,0.1316619450046172,3.720968441278648e-15,0.12143750335610673,1328,True,0.12644642299555073
ITSN1,Itsn1,305,vrest,-0.0148981928307765,0.489852733806171,0.025592392167029653,1328,False,0.01952640247217244
ITSN1,Itsn1,305,ri,-0.1344133081504536,1.0569367268652075e-15,-0.05004711478014274,1328,True,0.08201828004161296
ITSN1,Itsn1,305,tau,-0.1461623718256815,2.279378706936112e-18,-0.07273534661891176,1328,True,0.10310756896262857
ITSN1,Itsn1,305,latency,-0.0526462649607847,0.0032384727551919,-0.084069573163684,1328,True,0.06652780639638874
ITSN1,Itsn1,305,upstroke_downstroke_ratio_long_square,-0.165236089353278,2.3825996346233376e-23,-0.22565079167478896,1328,True,0.19309493617341017
ITSN1,Itsn1,305,threshold_i_long_square,0.1577397667454587,3.083301923853167e-21,0.024944228371590646,1328,True,0.06272716130178506
SYTL2,Sytl2,306,vrest,-0.0802551970701842,8.234165573047668e-06,-0.14522405372841898,1328,True,0.10795825605902165
SYTL2,Sytl2,306,ri,-0.258497834609278,7.353017392922576e-56,-0.31852100429653735,1328,True,0.2869442278357023
SYTL2,Sytl2,306,tau,-0.1788836987512665,5.280689887334477e-27,-0.02086270916318187,1328,True,0.06109008578388078
SYTL2,Sytl2,306,latency,0.0013875109251088,0.9484784600491232,0.08174719312626544,1328,True,0.01065012317110334
SYTL2,Sytl2,306,upstroke_downstroke_ratio_long_square,-0.313162651747651,4.806741651422306e-83,0.16012771865514494,1328,False,0.22393307257380943
SYTL2,Sytl2,306,threshold_i_long_square,0.293296944028957,3.021100028933664e-72,0.2755929395662457,1328,True,0.2843071701008205
SORBS1,Sorbs1,307,vrest,-0.0967699362522281,5.337608346536124e-08,0.11380751891676603,1328,False,0.10494353887019292
SORBS1,Sorbs1,307,ri,-0.1526751273250963,6.115016787464737e-20,0.06356876871472247,1328,False,0.09851583556677501
SORBS1,Sorbs1,307,tau,-0.1886123605321063,6.3048583547000796e-30,-0.004637613113048301,1328,True,0.02957551616602304
SORBS1,Sorbs1,307,latency,-0.0708143750274638,5.4066921568469256e-05,-0.13323327207015626,1328,True,0.09713305768126608
SORBS1,Sorbs1,307,upstroke_downstroke_ratio_long_square,-0.1396034348263972,5.332749600128916e-17,-0.3323629242409633,1328,True,0.21540428462076633
SORBS1,Sorbs1,307,threshold_i_long_square,0.1668958644463408,1.1985244123799653e-23,-0.051958616679870985,1328,False,0.09312184623504374
CHSY3,Chsy3,308,vrest,-0.0268707583244231,0.1738696104716125,-0.11727351953262447,1328,True,0.05613580320273029
CHSY3,Chsy3,308,ri,-0.0044646826336281,0.8142108099361088,-0.21701090469868498,1328,True,0.031126914680323546
CHSY3,Chsy3,308,tau,-0.2011236817490033,6.443428455202409e-34,0.007278045921596225,1328,False,0.03825947453494037
CHSY3,Chsy3,308,latency,-0.0861906035295341,6.633173122659537e-07,0.056743436016754786,1328,False,0.0699339044857614
CHSY3,Chsy3,308,upstroke_downstroke_ratio_long_square,0.3697777128200227,1.2362778275551091e-117,0.2655542727180378,1328,True,0.31336249232360364
CHSY3,Chsy3,308,threshold_i_long_square,-0.0483701109763959,0.0049780116367896,0.15789050854663597,1328,False,0.08739096875833548
PLCB1,Plcb1,309,vrest,-0.037995401938267,0.0474113729660962,-0.0674694557965998,1328,True,0.050631305449770375
PLCB1,Plcb1,309,ri,-0.0755489278413615,9.020783715743786e-06,-0.20333335714731818,1328,True,0.12394199097507078
PLCB1,Plcb1,309,tau,0.0175134036541337,0.3346008096674195,0.09934218245902895,1328,True,0.04171114648733087
PLCB1,Plcb1,309,latency,0.0516982148409564,0.0038829034861529,0.06087036886767703,1328,True,0.056097142593624416
PLCB1,Plcb1,309,upstroke_downstroke_ratio_long_square,-0.1577967430961998,2.1454896750361386e-21,0.1268229063136622,1328,False,0.14146463008925717
PLCB1,Plcb1,309,threshold_i_long_square,0.077940587907883,4.359703561981827e-06,0.1394777424627424,1328,True,0.10426397866766085
ACSL3,Acsl3,310,vrest,-0.0149219316790583,0.4893375605105331,-0.003034310877425208,1328,True,0.006728876548574985
ACSL3,Acsl3,310,ri,-0.1011031349681492,2.073430306518349e-09,-0.12530501344171516,1328,True,0.11255545160579063
ACSL3,Acsl3,310,tau,-0.0751231555776978,1.0129058826318388e-05,-0.0831034118935265,1328,True,0.07901259735456678
ACSL3,Acsl3,310,latency,-0.0553865304279281,0.0018528347650646,-0.046426861717416376,1328,True,0.05070919826998739
ACSL3,Acsl3,310,upstroke_downstroke_ratio_long_square,-0.3242134829868829,3.1085853009255768e-89,-0.24527574650526454,1328,True,0.281995929166858
ACSL3,Acsl3,310,threshold_i_long_square,0.149222725495185,4.047278601977488e-19,0.11965213595023895,1328,True,0.13362192124728287
IQSEC1,Iqsec1,311,vrest,-0.0003233489859245,0.989732092179326,0.023770382725178767,1328,False,0.002772386904676872
IQSEC1,Iqsec1,311,ri,-0.0072025968578338,0.6993764926571896,-0.060865935387589575,1328,True,0.02093783166834063
IQSEC1,Iqsec1,311,tau,0.1031079535293109,9.59402681900119e-10,0.1413020951346535,1328,True,0.12070364476161488
IQSEC1,Iqsec1,311,latency,0.104797359137094,1.0897606089140961e-09,0.028015819367484672,1328,True,0.05418472002118535
IQSEC1,Iqsec1,311,upstroke_downstroke_ratio_long_square,-0.326000753348582,2.943300366691622e-90,-0.11807099809371524,1328,True,0.19619183042922594
IQSEC1,Iqsec1,311,threshold_i_long_square,0.0414561014981877,0.0168351033669745,0.005076452805252305,1328,True,0.01450689293905829
TMEM130,Tmem130,312,vrest,0.0722968807007728,6.831917903018665e-05,0.19841067107562935,1328,True,0.11976841243213941
TMEM130,Tmem130,312,ri,0.3409819301878657,1.0240044138694643e-98,0.41519341997223785,1328,True,0.3762624798507484
TMEM130,Tmem130,312,tau,0.3289581798051379,9.316824366727284e-92,0.13357986417306394,1328,True,0.2096239227211166
TMEM130,Tmem130,312,latency,0.0624166629799684,0.0004094849145983,-0.08583202930827176,1328,False,0.0731939126309092
TMEM130,Tmem130,312,upstroke_downstroke_ratio_long_square,0.1061973455394373,2.2574054533908616e-10,-0.2295304455210754,1328,False,0.15612662820551346
TMEM130,Tmem130,312,threshold_i_long_square,-0.3265899923885628,3.496246652130984e-90,-0.3662781642858051,1328,True,0.3458652669554979
DYNC1I1,Dync1i1,313,vrest,0.0816933969582264,5.544029986987098e-06,0.022733898115444618,1328,True,0.04309535199012641
DYNC1I1,Dync1i1,313,ri,0.2492682544659286,6.788906535297344e-52,0.03578160500779119,1328,True,0.09444161276832072
DYNC1I1,Dync1i1,313,tau,0.2080654507604497,2.9249381626063065e-36,0.10932573690285828,1328,True,0.15082078347632177
DYNC1I1,Dync1i1,313,latency,-0.1054974127710298,8.315892014475732e-10,0.003870565293062996,1328,False,0.02020729136671931
DYNC1I1,Dync1i1,313,upstroke_downstroke_ratio_long_square,0.1331714172177105,1.366067615898293e-15,0.15102236091567098,1328,True,0.14181629608301183
DYNC1I1,Dync1i1,313,threshold_i_long_square,-0.2645988863345624,1.4010201234509785e-58,-0.11183122033441069,1328,True,0.17201865119201504
APBA1,Apba1,314,vrest,0.0042971206988142,0.8545825319737961,-0.005633342997624163,1328,False,0.004920076706577939
APBA1,Apba1,314,ri,-0.0938931623410674,2.7845089038348752e-08,-0.03822563730915986,1328,True,0.05990931454673563
APBA1,Apba1,314,tau,-0.2147445391820042,1.3618346660864502e-38,0.005591548181791127,1328,False,0.03465190380935381
APBA1,Apba1,314,latency,-0.0998984555796327,6.637958497418461e-09,-0.02505768647380849,1328,True,0.05003223140268801
APBA1,Apba1,314,upstroke_downstroke_ratio_long_square,0.0927880390303906,3.2209105907101954e-08,-0.05231110548278037,1328,False,0.0696695406706482
APBA1,Apba1,314,threshold_i_long_square,0.1119393500330574,2.7077866258064086e-11,0.036480042156949166,1328,True,0.06390267762955965
PDE4B,Pde4b,315,vrest,0.1271805493992073,2.88124070042859e-13,-0.11452179920549865,1328,False,0.12068531535005003
PDE4B,Pde4b,315,ri,0.2243706953742141,4.4684051230456875e-42,-0.08296877566167658,1328,False,0.13643959062368058
PDE4B,Pde4b,315,tau,0.0997648782339886,3.400016765504894e-09,0.10811205336555899,1328,True,0.1038546380266258
PDE4B,Pde4b,315,latency,-0.1067772960348065,5.138482717600854e-10,0.11062443888121101,1328,False,0.10868384635769672
PDE4B,Pde4b,315,upstroke_downstroke_ratio_long_square,0.4338951208974184,3.3503230425881924e-166,0.46365444512361476,1328,True,0.44852803872393116
PDE4B,Pde4b,315,threshold_i_long_square,-0.2676196546184048,6.072026120532595e-60,0.0006464967451821617,1328,False,0.01315352559801261
DYNC2H1,Dync2h1,316,vrest,-0.013672449554592,0.5294439925494218,0.0014037668431821908,1328,False,0.004380973790131294
DYNC2H1,Dync2h1,316,ri,-0.0379890317037967,0.0298317493548579,-0.11798286625651826,1328,True,0.06694815043542038
DYNC2H1,Dync2h1,316,tau,0.0533817634352623,0.0019250971440441,0.09290529003059028,1328,True,0.07042334992243271
DYNC2H1,Dync2h1,316,latency,0.1062763677352646,6.235806861913416e-10,0.04979783153677058,1328,True,0.0727484203046402
DYNC2H1,Dync2h1,316,upstroke_downstroke_ratio_long_square,-0.1616498274945189,2.1554485011227357e-22,-0.03007978576313112,1328,True,0.0697308552914865
DYNC2H1,Dync2h1,316,threshold_i_long_square,0.0488220434653777,0.0045731114630217,0.07033609221231749,1328,True,0.058599929617488264
NF1,Nf1,317,vrest,-0.0075118510304758,0.7481369290156429,0.029456277937592357,1328,False,0.01487518644520077
NF1,Nf1,317,ri,-0.0259123017544396,0.1454285411527741,-0.026373923399744783,1328,True,0.026142093672517172
NF1,Nf1,317,tau,0.0128667570343234,0.4857096592666303,0.0510716178480938,1328,True,0.02563447089762606
NF1,Nf1,317,latency,0.0559837367275164,0.0016394468734989,-0.011814108157885908,1328,False,0.02571765776235247
NF1,Nf1,317,upstroke_downstroke_ratio_long_square,-0.1701444295574535,1.0935007053329251e-24,-0.1439202498912971,1328,True,0.15648395706755663
NF1,Nf1,317,threshold_i_long_square,0.0548898877055891,0.0013771148084425,-0.0009461853347664737,1328,False,0.007206664053083574
TNIK,Tnik,318,vrest,0.0520455138174602,0.0050752426144909,-0.030232082251877304,1328,False,0.039666664273299734
TNIK,Tnik,318,ri,0.1534077826771182,4.0582221846119455e-20,-0.05852392887322799,1328,False,0.09475244673355555
TNIK,Tnik,318,tau,0.1404837286714627,4.6351617203580266e-17,0.14135253697520725,1328,True,0.14091746325934168
TNIK,Tnik,318,latency,0.0089363430472614,0.6776704306740181,0.08921018306491753,1328,True,0.028234957042239193
TNIK,Tnik,318,upstroke_downstroke_ratio_long_square,0.0758180089698679,6.6784310828134745e-06,0.15752900497251057,1328,True,0.10928648366573138
TNIK,Tnik,318,threshold_i_long_square,-0.1461972710314956,2.1246365393089652e-18,0.018644554345713063,1328,False,0.05220903144994802
BDP1,Bdp1,319,vrest,-0.0099539531239397,0.6618815951564271,-0.006519668713919554,1328,True,0.008055834951261815
BDP1,Bdp1,319,ri,-0.0832056292518378,9.373938521693652e-07,-0.16259882489411492,1328,True,0.11631482081370466
BDP1,Bdp1,319,tau,-0.0306142610976687,0.0819438864758173,0.037276084211391086,1328,False,0.03378135247064884
BDP1,Bdp1,319,latency,0.035792050702517,0.0510441226774174,0.05415613314643024,1328,True,0.044026799377530186
BDP1,Bdp1,319,upstroke_downstroke_ratio_long_square,-0.2152323228602572,5.572179273621496e-39,-0.04823848038252578,1328,True,0.10189445610031968
BDP1,Bdp1,319,threshold_i_long_square,0.1239738202575201,1.4240646654756697e-13,0.1092851935418225,1328,True,0.11639803667142413
NOL4,Nol4,320,vrest,-0.0664792880863522,0.0002677919327974,-0.04077940231501073,1328,True,0.05206712623612769
NOL4,Nol4,320,ri,-0.1539165230495027,3.062695874361571e-20,-0.16192971245065527,1328,True,0.15787228483432622
NOL4,Nol4,320,tau,-0.1967039199006844,1.7886005107687748e-32,-0.00497913049065359,1328,True,0.0312955984957722
NOL4,Nol4,320,latency,-0.0197227004473556,0.3058921997868188,0.04487847950189196,1328,False,0.029751047170622477
NOL4,Nol4,320,upstroke_downstroke_ratio_long_square,-0.1082235319490545,1.01358942029268e-10,-0.06808886457220727,1328,True,0.08584181621101174
NOL4,Nol4,320,threshold_i_long_square,0.1592480646314092,1.268363535088072e-21,0.10394806630218216,1328,True,0.12866051601326614
RALYL,Ralyl,321,vrest,0.06060218474142,0.0009400918527066,-0.08143655477485226,1328,False,0.07025121448893511
RALYL,Ralyl,321,ri,0.1916578255828455,7.686541217983713e-31,-0.14814104897254543,1328,False,0.16850041936339472
RALYL,Ralyl,321,tau,0.3764236842767827,5.31211088537103e-122,0.2736598320442014,1328,True,0.32095489124897886
RALYL,Ralyl,321,latency,0.1052473545250354,9.150701908873271e-10,0.11924991609658658,1328,True,0.11203007719580566
RALYL,Ralyl,321,upstroke_downstroke_ratio_long_square,-0.1865403453647741,1.7756860927501666e-29,0.32323326163481925,1328,False,0.2455525285122138
RALYL,Ralyl,321,threshold_i_long_square,-0.1623280400769431,1.9663720025970152e-22,0.03437655851147422,1328,False,0.07470126751105342
KCNJ3,Kcnj3,322,vrest,-0.1228296807488874,1.95220890202927e-12,-0.1006717562352476,1328,True,0.1112001784117511
KCNJ3,Kcnj3,322,ri,-0.2089103547184707,1.6007861379540178e-36,-0.21974391587578432,1328,True,0.21425867406673618
KCNJ3,Kcnj3,322,tau,-0.273014141418018,1.7873886926082685e-62,-0.09907035751048254,1328,True,0.16446157179019202
KCNJ3,Kcnj3,322,latency,-0.1896092608710912,1.1846419934322909e-29,-0.024875812672669806,1328,True,0.06867812209454074
KCNJ3,Kcnj3,322,upstroke_downstroke_ratio_long_square,-0.1672163965334178,6.91154149257888e-24,-0.05626946951346042,1328,True,0.09700091714457065
KCNJ3,Kcnj3,322,threshold_i_long_square,0.2083716289446965,2.3741756379540472e-36,0.17660626879905356,1328,True,0.1918325726030481
ADRA1A,Adra1a,323,vrest,-0.0553346791143795,0.0027200951464369,0.00807296996249081,1328,False,0.021135638205988797
ADRA1A,Adra1a,323,ri,-0.2457816524855538,1.9342792813284122e-50,-0.01670096655112851,1328,True,0.06406864410179386
ADRA1A,Adra1a,323,tau,-0.3092246976697445,1.1324072222377518e-80,-0.16339513642364784,1328,True,0.22477947339850488
ADRA1A,Adra1a,323,latency,0.0914934169708321,1.2205615352755686e-07,-0.06603125285385993,1328,False,0.0777266038783675
ADRA1A,Adra1a,323,upstroke_downstroke_ratio_long_square,0.0368545742745177,0.0312750526026918,-0.22418542628033217,1328,False,0.0908969660886045
ADRA1A,Adra1a,323,threshold_i_long_square,0.2294045534404906,5.295308027642784e-44,0.10123951153502417,1328,True,0.15239686654989207
WASF3,Wasf3,324,vrest,-0.0913341401799168,3.17062944858442e-07,0.03557329048754928,1328,False,0.05700049034921302
WASF3,Wasf3,324,ri,-0.2210693016000394,7.527306565941087e-41,0.025477750726657457,1328,False,0.07504897440659705
WASF3,Wasf3,324,tau,-0.1707738808487507,1.0764963285620114e-24,-0.09765785270762599,1328,True,0.1291410488661021
WASF3,Wasf3,324,latency,0.063111925763771,0.0003496333581647,-0.07669058934794773,1328,False,0.06957076096829418
WASF3,Wasf3,324,upstroke_downstroke_ratio_long_square,-0.2293863878919804,3.218668824902834e-44,-0.24707452945819547,1328,True,0.2380662383718577
WASF3,Wasf3,324,threshold_i_long_square,0.2421607517698128,4.98676284174452e-49,0.014867455739522476,1328,True,0.06000261876607704
PRMT8,Prmt8,325,vrest,-0.1000516665159349,1.7110910048570442e-08,-0.18364442613762796,1328,True,0.13555047355665045
PRMT8,Prmt8,325,ri,-0.2571791602741988,2.7732039652232118e-55,-0.22941420437799373,1328,True,0.24290029320053497
PRMT8,Prmt8,325,tau,-0.3863021028837877,6.114208086260633e-129,-0.0810472453717018,1328,True,0.17694270632051137
PRMT8,Prmt8,325,latency,-0.0672568723271523,0.0001302734365343,0.06812443075658853,1328,False,0.0676892616428618
PRMT8,Prmt8,325,upstroke_downstroke_ratio_long_square,0.0929493950359353,3.058698965286347e-08,0.1773655005949191,1328,True,0.12839788152669634
PRMT8,Prmt8,325,threshold_i_long_square,0.2558430262258548,9.954750816546496e-55,0.2371513463685632,1328,True,0.246319950731704
PCDH7,Pcdh7,326,vrest,0.1132854206183807,1.1178420233129796e-10,-0.02353606869307604,1328,False,0.0516361640867931
PCDH7,Pcdh7,326,ri,0.1614791750591627,3.603732707931504e-22,-0.16283070927467566,1328,False,0.16215353405946162
PCDH7,Pcdh7,326,tau,0.239825599159124,4.3593247899804245e-48,0.19444869804535148,1328,True,0.2159485483036133
PCDH7,Pcdh7,326,latency,0.0165265226906418,0.3991715425944813,0.05524556231840952,1328,True,0.030216171815973983
PCDH7,Pcdh7,326,upstroke_downstroke_ratio_long_square,-0.2819845111944999,6.168205142838949e-67,0.063094224270491,1328,False,0.13338513406714617
PCDH7,Pcdh7,326,threshold_i_long_square,-0.2048781036095015,3.655858474857696e-35,0.04508630228518129,1328,False,0.09611033300822902
PTPRD,Ptprd,327,vrest,0.0271543032796287,0.1701575154441635,-0.13950820672371864,1328,False,0.06154874617222508
PTPRD,Ptprd,327,ri,-0.0291797694145801,0.0995928527502667,-0.2396645258150245,1328,True,0.0836262853422122
PTPRD,Ptprd,327,tau,-0.1507159664301818,1.8601590769873552e-19,0.09653873511692476,1328,False,0.12062308552302352
PTPRD,Ptprd,327,latency,-0.0763872918889081,1.1943477208082844e-05,0.11632902646417222,1328,False,0.0942658968008645
PTPRD,Ptprd,327,upstroke_downstroke_ratio_long_square,0.1736738386406321,1.1117562604378764e-25,0.3513062197760843,1328,True,0.24700748921205223
PTPRD,Ptprd,327,threshold_i_long_square,-0.033812639610668,0.0532936345860781,0.1395260320139338,1328,False,0.06868583141226195
TOX3,Tox3,328,vrest,-0.0707064264891902,9.861688387399895e-05,0.06480549248324845,1328,False,0.06769168922668849
TOX3,Tox3,328,ri,-0.3475080979427724,1.0201585929674728e-102,-0.09492829833052845,1328,True,0.1816269594355034
TOX3,Tox3,328,tau,-0.2007961838716985,8.221340637307336e-34,-0.07339436308254164,1328,True,0.12139731473417455
TOX3,Tox3,328,latency,0.2138642154398835,1.4556664409025744e-37,-0.05472352749356525,1328,False,0.10818227337930289
TOX3,Tox3,328,upstroke_downstroke_ratio_long_square,-0.3303930840371292,8.309228343652833e-93,-0.36365831116554403,1328,True,0.3466268757060221
TOX3,Tox3,328,threshold_i_long_square,0.3651205795177332,5.387933846373834e-114,0.07088843891377676,1328,True,0.16088140942105647
CACNA1C,Cacna1c,329,vrest,0.0470633430843166,0.0122532521021524,-0.012294141572394156,1328,False,0.02405417640969538
CACNA1C,Cacna1c,329,ri,0.1487175393677134,5.564110352726792e-19,-0.042635614471883986,1328,False,0.07962828438242944
CACNA1C,Cacna1c,329,tau,0.2081150612193857,2.8238029603585995e-36,0.17778683909194237,1328,True,0.19235414968651093
CACNA1C,Cacna1c,329,latency,0.1076234973184558,3.7051421214951587e-10,0.04199512696814627,1328,True,0.06722843471809009
CACNA1C,Cacna1c,329,upstroke_downstroke_ratio_long_square,0.0194346625395151,0.2628006081424748,0.015613439365689943,1328,True,0.017419584528724122
CACNA1C,Cacna1c,329,threshold_i_long_square,-0.1146244986399245,8.812132683919439e-12,-0.0012700150171100673,1328,True,0.012065439677086641
COL24A1,Col24a1,330,vrest,0.0010517076301634,0.968670418040102,0.0615845027503623,1328,True,0.008047912241219764
COL24A1,Col24a1,330,ri,0.0421732428613133,0.0154489295855987,-0.002934180303312045,1328,False,0.011124023486601454
COL24A1,Col24a1,330,tau,-0.0703822942726334,3.63380242192343e-05,-0.008789848152067728,1328,True,0.024872669322985694
COL24A1,Col24a1,330,latency,-0.1004782225548456,5.385717054304377e-09,-0.04435171239476216,1328,True,0.06675613251746551
COL24A1,Col24a1,330,upstroke_downstroke_ratio_long_square,0.0974657440563561,6.1382259397361926e-09,-0.07176671563857208,1328,False,0.08363489904456366
COL24A1,Col24a1,330,threshold_i_long_square,-0.0795664655733071,2.709664777484794e-06,-0.00282389172328172,1328,True,0.014989565823706898
ENOX1,Enox1,331,vrest,0.0084134180928077,0.7155899994377879,-0.002064440043043977,1328,False,0.004167612891052011
ENOX1,Enox1,331,ri,-0.0548094173137826,0.0014630957181228,-0.11363265356140441,1328,True,0.07891856264225483
ENOX1,Enox1,331,tau,-0.0353050568196381,0.0439405963245179,0.020011234243454634,1328,False,0.02658002562068467
ENOX1,Enox1,331,latency,-0.0349274054315366,0.0574947723351045,-0.03395398850393482,1328,True,0.0344372577667657
ENOX1,Enox1,331,upstroke_downstroke_ratio_long_square,-0.3548932703498204,7.470850286777729e-108,-0.21178898762892168,1328,True,0.27415777655157925
ENOX1,Enox1,331,threshold_i_long_square,0.1423965766008881,1.6095944065695862e-17,0.09649006845471061,1328,True,0.11721712939641601
GPR158,Gpr158,332,vrest,-0.0311857840844562,0.1109953888916691,-0.10783066513359894,1328,True,0.05798951491898959
GPR158,Gpr158,332,ri,-0.1623354054705353,2.151416730893173e-22,-0.2017503914450167,1328,True,0.18097301345522762
GPR158,Gpr158,332,tau,-0.1141240294566689,1.164609359041422e-11,0.006908517148227425,1328,False,0.02807895679198586
GPR158,Gpr158,332,latency,0.050227673663948,0.0051412940545017,0.068582394768093,1328,True,0.058691857557107784
GPR158,Gpr158,332,upstroke_downstroke_ratio_long_square,-0.0775852475907661,4.014954006378178e-06,0.10024202825298986,1328,False,0.08818901621522257
GPR158,Gpr158,332,threshold_i_long_square,0.1271308579729075,3.292141761338398e-14,0.1564335732618371,1328,True,0.1410231696727351
PHACTR1,Phactr1,333,vrest,-0.0941792313739756,1.2408975286170374e-07,-0.20122882804019865,1328,True,0.13766472443989353
PHACTR1,Phactr1,333,ri,-0.2546037568470798,3.5965787926355836e-54,-0.3165431717304492,1328,True,0.2838892050199562
PHACTR1,Phactr1,333,tau,-0.2937378283674878,1.5127971446331274e-72,0.013232689897510629,1328,False,0.0623453413973744
PHACTR1,Phactr1,333,latency,0.1099412270097424,1.4731534423329788e-10,0.20202223798548327,1328,True,0.1490321197842204
PHACTR1,Phactr1,333,upstroke_downstroke_ratio_long_square,0.063637516599691,0.0001636807962614,0.43688314392296906,1328,True,0.16673979226184474
PHACTR1,Phactr1,333,threshold_i_long_square,0.219878266442994,1.940135141560595e-40,0.2750908647319984,1328,True,0.24594003832555603
CDKL5,Cdkl5,334,vrest,-0.0466154442449946,0.0131465545351109,-0.058534228975985717,1328,True,0.05223599417311601
CDKL5,Cdkl5,334,ri,-0.1459228179952857,2.574451891873767e-18,-0.15150179848083634,1328,True,0.1486861438254336
CDKL5,Cdkl5,334,tau,-0.2425174216348467,3.581951250572494e-49,0.016333555549510104,1328,False,0.06293784058892339
CDKL5,Cdkl5,334,latency,-0.0549958525696305,0.0020034292166429,-0.001450913285679729,1328,True,0.008932760667932426
CDKL5,Cdkl5,334,upstroke_downstroke_ratio_long_square,0.1220176758270221,2.7559180122246093e-13,0.19506800715636807,1328,True,0.15427814123014622
CDKL5,Cdkl5,334,threshold_i_long_square,0.1318476610690295,3.4147132340947466e-15,0.1050624090725474,1328,True,0.117695509270715
KCNB1,Kcnb1,335,vrest,0.0475511905286435,0.0112631557903388,-0.08924766901637791,1328,False,0.06514470748752425
KCNB1,Kcnb1,335,ri,0.1285041421617394,1.8468039251136904e-14,-0.13976228702985571,1328,False,0.1340150469213603
KCNB1,Kcnb1,335,tau,0.1638317297029489,8.456526621908697e-23,0.17274840726835472,1328,True,0.1682310029875707
KCNB1,Kcnb1,335,latency,0.0834633050727003,1.5155410478726505e-06,0.10799734331545913,1328,True,0.0949411144456358
KCNB1,Kcnb1,335,upstroke_downstroke_ratio_long_square,0.0657265355981015,9.822372004786116e-05,0.21812416805799115,1328,True,0.1197353159960328
KCNB1,Kcnb1,335,threshold_i_long_square,-0.098962506661221,4.32050176330681e-09,0.09117872493277628,1328,False,0.09499092153212069
PLD5,Pld5,336,vrest,-0.0201655605056817,0.3280234016403274,0.05602619710733618,1328,False,0.0336124927321857
PLD5,Pld5,336,ri,0.0280586498434869,0.1138793073940573,0.13170243227441744,1328,True,0.06078973951846995
PLD5,Pld5,336,tau,-0.0281888986648089,0.1104976365966483,0.062389478451110696,1328,False,0.041936746247278625
PLD5,Pld5,336,latency,0.1224802497737408,7.649201046057765e-13,-0.006494790746742903,1328,False,0.028204318692165768
PLD5,Pld5,336,upstroke_downstroke_ratio_long_square,0.3573113947872777,2.0982712071969991e-109,0.013617212367820371,1328,True,0.0697537464532226
PLD5,Pld5,336,threshold_i_long_square,-0.0700577760792957,3.857679698121142e-05,-0.11444773558070895,1328,True,0.08954302782515092
ABR,Abr,337,vrest,-0.0182406338190512,0.3813155125867949,0.009486707276265613,1328,False,0.013154601992264519
ABR,Abr,337,ri,-0.1301113674641399,8.626405021224931e-15,-0.10595803396243071,1328,True,0.11741526601197834
ABR,Abr,337,tau,-0.0617303678817154,0.0003132539001222,0.05620519423946807,1328,False,0.05890303317542854
ABR,Abr,337,latency,0.0528183598532989,0.003129164494888,0.07762501117999411,1328,True,0.06403144363608616
ABR,Abr,337,upstroke_downstroke_ratio_long_square,-0.2546881119757193,1.7243549107449547e-54,-0.08235040926250778,1328,True,0.14482289271898932
ABR,Abr,337,threshold_i_long_square,0.1752026370921852,5.849364822512901e-26,0.08267035048890933,1328,True,0.12034975452817566
CLEC16A,Clec16a,338,vrest,-0.0672435784737881,0.0002270043232502,-0.028610816926319615,1328,True,0.0438622128167761
CLEC16A,Clec16a,338,ri,-0.2274945462789105,3.062919305325474e-43,-0.2249117860535006,1328,True,0.22619947993092404
CLEC16A,Clec16a,338,tau,-0.1968370774200294,1.6246313345520096e-32,-0.005583516704477685,1328,True,0.033151819102958766
CLEC16A,Clec16a,338,latency,0.0041722519084217,0.8457698724514379,0.013685358458034601,1328,True,0.007556372340215238
CLEC16A,Clec16a,338,upstroke_downstroke_ratio_long_square,-0.2693017037070433,5.5786380207949616e-61,-0.14076416138557019,1328,True,0.19469984201849586
CLEC16A,Clec16a,338,threshold_i_long_square,0.2457998045477263,1.6829501236346874e-50,0.16818331410490817,1328,True,0.20332099187042957
COL16A1,Col16a1,339,vrest,-0.002852070331472,0.9019609259063754,-0.07765548412359642,1328,True,0.014882167259677075
COL16A1,Col16a1,339,ri,-0.1053188417738367,4.1624996550853015e-10,-0.2442486147538496,1328,True,0.160386973319966
COL16A1,Col16a1,339,tau,-0.0697519125695288,4.296796766163642e-05,0.0031330240096205902,1328,False,0.01478290961878919
COL16A1,Col16a1,339,latency,-0.0129257792342605,0.5231339308318134,0.04250571993948148,1328,False,0.02343970034217678
COL16A1,Col16a1,339,upstroke_downstroke_ratio_long_square,-0.190001320519634,1.5413806559225346e-30,0.07617713739745231,1328,False,0.12030692706125252
COL16A1,Col16a1,339,threshold_i_long_square,0.1212963619041969,4.79848860268556e-13,0.2003021413654926,1328,True,0.15587148882734905
EPHA6,Epha6,340,vrest,-0.0247708764228563,0.2138807926615669,0.09570773443255608,1328,False,0.04869049663271464
EPHA6,Epha6,340,ri,0.0183576065782511,0.312360202883523,-0.02139562554445362,1328,False,0.01981848824306887
EPHA6,Epha6,340,tau,0.1087513042147564,1.0582291715202568e-10,0.17944034768909176,1328,True,0.13969385040129031
EPHA6,Epha6,340,latency,0.019665255041856,0.3073717257593451,0.014914385366580785,1328,True,0.017125863249084296
EPHA6,Epha6,340,upstroke_downstroke_ratio_long_square,-0.2297478633794083,2.341204446858832e-44,-0.1460646991242728,1328,True,0.18318857098344812
EPHA6,Epha6,340,threshold_i_long_square,-0.0207073320705772,0.2472367118006686,-0.07419103477263607,1328,True,0.03919564253455625
CADPS,Cadps,341,vrest,-0.0308667193659659,0.1146696042908752,0.0019470215020900483,1328,False,0.007752300710403003
CADPS,Cadps,341,ri,-0.1132180803334106,1.691237774974911e-11,-0.07206602181737531,1328,True,0.09032816087704278
CADPS,Cadps,341,tau,-0.1291990741434959,1.291330179137388e-14,0.04820359851572123,1328,False,0.07891679351453641
CADPS,Cadps,341,latency,0.0114745442781494,0.5797903409913485,-0.010579614603115782,1328,False,0.011017996923633989
CADPS,Cadps,341,upstroke_downstroke_ratio_long_square,-0.0820214639925582,1.0740180808151334e-06,-0.09308755277054566,1328,True,0.08737950193108607
CADPS,Cadps,341,threshold_i_long_square,0.1408190353238285,3.679841673014551e-17,0.038285724045770804,1328,True,0.0734258723257664
PKP2,Pkp2,342,vrest,0.0313643209020409,0.1088026462245063,-0.06592194425110322,1328,False,0.045470836961486114
PKP2,Pkp2,342,ri,0.0818270482790966,1.4356750536957697e-06,-0.14643167034428206,1328,False,0.10946264823605506
PKP2,Pkp2,342,tau,0.0651481218529132,0.0001374208416276,0.10380718081867633,1328,True,0.08223650567225313
PKP2,Pkp2,342,latency,-0.0419933103169307,0.0208456081693583,0.052671549691034145,1328,False,0.04703033841095801
PKP2,Pkp2,342,upstroke_downstroke_ratio_long_square,0.1749846883640752,4.707963886658884e-26,0.1374943304256961,1328,True,0.15511093630485123
PKP2,Pkp2,342,threshold_i_long_square,-0.1388565076235578,1.0131698178984651e-16,0.10828029222860379,1328,False,0.12261901656481425
GNPTAB,Gnptab,343,vrest,-0.0162287103809466,0.4451993913568024,-0.017000019196688847,1328,True,0.0166098882601177
GNPTAB,Gnptab,343,ri,-0.0830997038563722,9.679342952988217e-07,-0.10192711877781563,1328,True,0.09203321892322225
GNPTAB,Gnptab,343,tau,-0.0404303972396675,0.0203073980558306,0.008583373418979696,1328,False,0.018628719681871648
GNPTAB,Gnptab,343,latency,0.007325721532346,0.7385435010715807,-0.03224743378272362,1328,False,0.015369961614298204
GNPTAB,Gnptab,343,upstroke_downstroke_ratio_long_square,-0.2200872728783077,9.79713935256394e-41,-0.16315760914247499,1328,True,0.1894964729104797
GNPTAB,Gnptab,343,threshold_i_long_square,0.1095703951737087,7.162939383697343e-11,0.08473788225514109,1328,True,0.09635747633099886
WNK2,Wnk2,344,vrest,-0.0276438059013499,0.1615012624988764,-0.055078615104707164,1328,True,0.039020283767159915
WNK2,Wnk2,344,ri,-0.1113867243415833,3.6268440603188994e-11,-0.1987164415348332,1328,True,0.14877625312992937
WNK2,Wnk2,344,tau,-0.0954814027329655,1.6117962192988877e-08,0.05866172125371491,1328,False,0.07484051998773736
WNK2,Wnk2,344,latency,-0.0092082771739408,0.6664600189896088,0.0771699504404267,1328,False,0.02665712462278563
WNK2,Wnk2,344,upstroke_downstroke_ratio_long_square,-0.1968636307524111,1.0148932051317572e-32,-0.01686022033389542,1328,True,0.05761218786173878
WNK2,Wnk2,344,threshold_i_long_square,0.1206734725112316,6.314441299729004e-13,0.12863715501520254,1328,True,0.12459170192934232
MYRIP,Myrip,345,vrest,0.01957153166011,0.3425722039060591,-0.02059631469259655,1328,False,0.02007738591270642
MYRIP,Myrip,345,ri,-0.0899826971281035,1.048142106095598e-07,-0.20166914382439863,1328,True,0.1347098121475745
MYRIP,Myrip,345,tau,0.0424434365028995,0.0146428213785264,0.11752322724453258,1328,True,0.07062640889333924
MYRIP,Myrip,345,latency,0.0984293245884726,1.1241465520862869e-08,0.10917773847860637,1328,True,0.10366431911967647
MYRIP,Myrip,345,upstroke_downstroke_ratio_long_square,-0.2863270064459914,4.63338855914901e-69,0.01628655817265278,1328,False,0.06828822333963717
MYRIP,Myrip,345,threshold_i_long_square,0.1278719303798668,2.3195035881484724e-14,0.09835006559655987,1328,True,0.1121437146737107
SMARCA2,Smarca2,346,vrest,0.059825059306527,0.0010967578079447,-0.07668942579884183,1328,False,0.0677344037147978
SMARCA2,Smarca2,346,ri,0.0364891809905705,0.0368618441364742,-0.12468037872588436,1328,False,0.06744986957216204
SMARCA2,Smarca2,346,tau,0.1619119067582452,2.731247124631958e-22,-0.03702751391579409,1328,False,0.07742864702823936
SMARCA2,Smarca2,346,latency,0.1531195436833504,1.340635022128629e-19,0.08961651944796963,1328,True,0.1171411138941542
SMARCA2,Smarca2,346,upstroke_downstroke_ratio_long_square,-0.2205082275927281,6.891196094571675e-41,-0.001110973275721632,1328,True,0.015651796955374303
SMARCA2,Smarca2,346,threshold_i_long_square,0.0077883882671327,0.6779934513961524,0.10861714428609077,1328,True,0.029085262456564648
SRGAP3,Srgap3,347,vrest,-0.0281938077477333,0.152607854895056,0.05967669873680041,1328,False,0.04101845159443186
SRGAP3,Srgap3,347,ri,-0.1174568704943775,2.763763197851907e-12,-0.09515559768079536,1328,True,0.10571981230407226
SRGAP3,Srgap3,347,tau,-0.0855000866915431,4.589079497826486e-07,0.06812138430427235,1328,False,0.07631765368224583
SRGAP3,Srgap3,347,latency,0.0763390779829755,1.2083902060806744e-05,0.042114362164796894,1328,True,0.05670071937375842
SRGAP3,Srgap3,347,upstroke_downstroke_ratio_long_square,-0.1546577516145112,1.3531988793778346e-20,-0.17012227093624752,1328,True,0.16220581963220293
SRGAP3,Srgap3,347,threshold_i_long_square,0.1238164118826388,1.523609203232124e-13,0.047383868254348475,1328,True,0.07659569536451186
HECW1,Hecw1,348,vrest,0.03235019835598,0.0964870405196182,-0.12650305254382246,1328,False,0.06397185976997712
HECW1,Hecw1,348,ri,0.1207437298293371,6.519970515256458e-13,-0.22036941418002595,1328,False,0.16312027773518026
HECW1,Hecw1,348,tau,0.1721611634104591,4.420184092078326e-25,0.11703962839139934,1328,True,0.14194956353927654
HECW1,Hecw1,348,latency,0.0756896442143531,1.4461215790718262e-05,0.15070611056982572,1328,True,0.10680305187567941
HECW1,Hecw1,348,upstroke_downstroke_ratio_long_square,-0.041161239214108,0.01585427816156,0.29953743939106003,1328,False,0.11103752607275072
HECW1,Hecw1,348,threshold_i_long_square,-0.1107414569797252,4.4244437048814167e-11,0.11904749028459441,1328,False,0.11481939088801885
MAP1B,Map1b,349,vrest,0.0825691360969336,4.359799518390045e-06,0.04309044092604528,1328,True,0.0596484742579348
MAP1B,Map1b,349,ri,0.1202874179266823,7.973624695196765e-13,-0.0036922500426634954,1328,False,0.02107442108271718
MAP1B,Map1b,349,tau,0.1500115744026108,2.753246533016738e-19,0.026013821946683644,1328,True,0.06246898739735744
MAP1B,Map1b,349,latency,-0.0874348246124603,4.512527826343669e-07,-0.028696862872503157,1328,True,0.050090968968319396
MAP1B,Map1b,349,upstroke_downstroke_ratio_long_square,-0.1476185087488331,7.2679515445849675e-19,0.033958279048532845,1328,False,0.07080162789668866
MAP1B,Map1b,349,threshold_i_long_square,-0.0865991185766308,3.091380820091483e-07,-0.04628207025347568,1328,True,0.06330866046484239
CAP2,Cap2,350,vrest,-0.0899601463078699,4.794920937907298e-07,-0.17363392026066193,1328,True,0.12498052996630381
CAP2,Cap2,350,ri,-0.2940616589420302,1.417011489625897e-72,-0.37882686401353305,1328,True,0.3337640724877775
CAP2,Cap2,350,tau,-0.1702606342761068,1.4863349107990262e-24,-0.012036666143123109,1328,True,0.04526997252150569
CAP2,Cap2,350,latency,0.1818366066730095,2.673956630173183e-27,0.18941786707430017,1328,True,0.18558852925768315
CAP2,Cap2,350,upstroke_downstroke_ratio_long_square,-0.270593228525011,1.4251745164157789e-61,0.2013302756442586,1328,False,0.2334065322273786
CAP2,Cap2,350,threshold_i_long_square,0.3091816435439029,1.5880268687452871e-80,0.3253500529969152,1328,True,0.3171628353270322
NPAS2,Npas2,351,vrest,-0.076619278628593,2.2590237710489824e-05,-0.1047683304417536,1328,True,0.08959505511784241
NPAS2,Npas2,351,ri,-0.183664032273918,2.126071608207638e-28,-0.2836894170600097,1328,True,0.22826200351937379
NPAS2,Npas2,351,tau,-0.2766610850973654,3.416339867610737e-64,0.09137125324347121,1328,False,0.158993301962834
NPAS2,Npas2,351,latency,0.0008155978034281,0.965140093560749,0.14089354610093877,1328,True,0.01071972325748764
NPAS2,Npas2,351,upstroke_downstroke_ratio_long_square,0.0484610531328964,0.0043294807930731,0.23346660597689142,1328,True,0.10636746493643215
NPAS2,Npas2,351,threshold_i_long_square,0.1897455515332962,2.8568704378842072e-30,0.20619909668297523,1328,True,0.19780131780597066
OSBPL6,Osbpl6,352,vrest,-0.0086294448769345,0.7087553177924315,0.023008107571718818,1328,False,0.014090677627876058
OSBPL6,Osbpl6,352,ri,-0.0146193345983291,0.427187729566629,-0.14508565546221988,1328,True,0.046054920938159105
OSBPL6,Osbpl6,352,tau,0.0537574384975883,0.0017796033307261,0.1088346928033119,1328,True,0.07648970064510617
OSBPL6,Osbpl6,352,latency,0.0055456554769029,0.8022359423182934,0.02972840459828451,1328,True,0.012839917826063446
OSBPL6,Osbpl6,352,upstroke_downstroke_ratio_long_square,-0.2604278236255153,5.453660769146903e-57,-0.06314889397187955,1328,True,0.12824090229507515
OSBPL6,Osbpl6,352,threshold_i_long_square,0.0395070595442489,0.0231040625592759,0.04897576178678636,1328,True,0.04398736565350917
SLC4A8,Slc4a8,353,vrest,-0.0305505412939683,0.1183588315473929,0.009940243039514282,1328,False,0.017426411146611975
SLC4A8,Slc4a8,353,ri,-0.153494889791067,3.879134112344556e-20,-0.044253137607197915,1328,True,0.08241741612017309
SLC4A8,Slc4a8,353,tau,-0.1254728021987279,7.501101858904305e-14,-0.04248657019602921,1328,True,0.07301307429706505
SLC4A8,Slc4a8,353,latency,-0.0359082869823873,0.0502115717088861,-0.014568490607374883,1328,True,0.0228720253066892
SLC4A8,Slc4a8,353,upstroke_downstroke_ratio_long_square,-0.22634898915402,4.589381544077782e-43,-0.1659368714785409,1328,True,0.19380310400648454
SLC4A8,Slc4a8,353,threshold_i_long_square,0.1787597528560386,5.629476055609032e-27,0.05217883250393628,1328,True,0.09657885484266358
ZFYVE28,Zfyve28,354,vrest,-0.0707732846222654,9.722669037551672e-05,-0.08528562141542223,1328,True,0.07769133515792125
ZFYVE28,Zfyve28,354,ri,-0.2272776915575837,3.686126877550496e-43,-0.22766942294988396,1328,True,0.227473472928816
ZFYVE28,Zfyve28,354,tau,-0.22189890462905,3.5527683373147807e-41,0.06398189776317192,1328,False,0.11915331732577031
ZFYVE28,Zfyve28,354,latency,-0.0245359661152494,0.1931434317590257,0.07930380151140493,1328,False,0.04411117076993418
ZFYVE28,Zfyve28,354,upstroke_downstroke_ratio_long_square,-0.1604035485563511,4.571666402627398e-22,0.15120037080571014,1328,False,0.15573399121666412
ZFYVE28,Zfyve28,354,threshold_i_long_square,0.2258530768463168,1.1790055961403946e-42,0.16362285581122962,1328,True,0.1922361189458096
DLC1,Dlc1,355,vrest,-0.0368177385482532,0.0553157156791901,0.01953312569025628,1328,False,0.026817261506239292
DLC1,Dlc1,355,ri,-0.1305117664062558,7.150945119299913e-15,-0.05675554854315842,1328,True,0.08606548026777985
DLC1,Dlc1,355,tau,-0.1408493937137271,3.83603000379079e-17,0.014058031552883028,1328,False,0.04449792378338589
DLC1,Dlc1,355,latency,0.0071544026136158,0.7445618474081208,-0.059493203116358875,1328,False,0.020631004044109284
DLC1,Dlc1,355,upstroke_downstroke_ratio_long_square,-0.112998927324587,1.4078100363993524e-11,-0.09513871050373601,1328,True,0.10368496628714592
DLC1,Dlc1,355,threshold_i_long_square,0.1484794030939752,6.08572995986822e-19,0.027218117922328023,1328,True,0.063571455091485
NAV2,Nav2,356,vrest,0.0007067845333383,0.9791881642759324,0.02505241749877977,1328,True,0.004207928375206893
NAV2,Nav2,356,ri,0.0670912126190397,8.611138737298734e-05,0.02134921055567996,1328,True,0.037846326435200695
NAV2,Nav2,356,tau,0.1346792193237674,9.038711307019825e-16,0.18085956383570562,1328,True,0.1560705765499375
NAV2,Nav2,356,latency,0.1161904162928403,1.1723146682494856e-11,0.052491212962459614,1328,True,0.07809594026467905
NAV2,Nav2,356,upstroke_downstroke_ratio_long_square,0.0421088009231944,0.0135246688698176,0.0720359738972283,1328,True,0.05507584301803118
NAV2,Nav2,356,threshold_i_long_square,-0.0630248437177837,0.000223854619234,-0.08037115042919947,1328,True,0.07117147739943848
CDH10,Cdh10,357,vrest,0.0088447848713748,0.6999985373305279,-0.05470261985088788,1328,False,0.021996202046755706
CDH10,Cdh10,357,ri,0.1010149414978773,2.1370192046329446e-09,-0.16505537265059148,1328,False,0.129124199173547
CDH10,Cdh10,357,tau,0.1038714986861115,7.166928201833093e-10,0.1510102168159588,1328,True,0.12524239512875932
CDH10,Cdh10,357,latency,0.0246570444222439,0.191053534470787,0.14098213729829243,1328,True,0.05895933193402793
CDH10,Cdh10,357,upstroke_downstroke_ratio_long_square,0.0856029096608702,3.5229631060048665e-07,0.19697221380209606,1328,True,0.12985143289083273
CDH10,Cdh10,357,threshold_i_long_square,-0.1025202852423448,1.1431522397021463e-09,0.0613061466056355,1328,False,0.07927877166757037
NRG3,Nrg3,358,vrest,-0.0465558961547936,0.01326714174248,-0.027886174539854005,1328,True,0.03603145634070169
NRG3,Nrg3,358,ri,-0.1246184181308147,1.1394130972771212e-13,-0.12452758559050058,1328,True,0.12457299358182662
NRG3,Nrg3,358,tau,0.0088744135821741,0.6351910011988893,0.12116490133105179,1328,True,0.03279127088197514
NRG3,Nrg3,358,latency,0.1162531101347892,1.1460859338567136e-11,0.042456661259962,1328,True,0.07025467185468737
NRG3,Nrg3,358,upstroke_downstroke_ratio_long_square,-0.3076335770014688,4.734682188991943e-80,0.0038955443613428293,1328,False,0.034617917994122595
NRG3,Nrg3,358,threshold_i_long_square,0.1281061149101263,2.0801962418471248e-14,0.05105662245219947,1328,True,0.08087438125132333
RPS6KA2,Rps6ka2,359,vrest,0.0488503652255844,0.0090854621477523,0.02373491261377732,1328,True,0.03405083185151799
RPS6KA2,Rps6ka2,359,ri,-0.0620126308976482,0.0002987228972905,-0.07761224909656954,1328,True,0.06937535409900188
RPS6KA2,Rps6ka2,359,tau,0.0047743473453692,0.8007040793674363,-0.05504166605263001,1328,False,0.016210738175760908
RPS6KA2,Rps6ka2,359,latency,0.0210433248487174,0.2718699856485887,-0.06424731320650855,1328,False,0.036769240982944575
RPS6KA2,Rps6ka2,359,upstroke_downstroke_ratio_long_square,-0.279732681730634,7.43968761460518e-66,-0.26868479677783513,1328,True,0.27415309362273155
RPS6KA2,Rps6ka2,359,threshold_i_long_square,0.1354235256087419,5.739042319438156e-16,0.09077445860054378,1328,True,0.11087378959389105
FMN2,Fmn2,360,vrest,0.0530481858037052,0.0042366621345527,-0.025254652027790002,1328,False,0.0366020965680673
FMN2,Fmn2,360,ri,0.0183241799804722,0.3130985145239061,-0.1426215756954262,1328,False,0.05112165316322946
FMN2,Fmn2,360,tau,0.0864084341983463,3.441467324851375e-07,0.10566793048716087,1328,True,0.09555417530581943
FMN2,Fmn2,360,latency,0.0068477900877843,0.7549822079576846,0.04613102336256456,1328,True,0.017773451114556103
FMN2,Fmn2,360,upstroke_downstroke_ratio_long_square,-0.1962213492741333,1.6404254440917474e-32,0.050239537388188926,1328,False,0.0992878130145825
FMN2,Fmn2,360,threshold_i_long_square,0.0120040661563029,0.5135654990989,0.06833947648742081,1328,True,0.02864178061577363
PRICKLE1,Prickle1,361,vrest,-0.1547075659497721,3.0707505644051805e-19,-0.13926821297813594,1328,True,0.14678503412821714
PRICKLE1,Prickle1,361,ri,-0.2602173815694758,1.3364163053797725e-56,-0.28553732861149517,1328,True,0.2725835211299947
PRICKLE1,Prickle1,361,tau,-0.2306001605642936,1.824503632681395e-44,-0.037128634120289064,1328,True,0.09253036793221762
PRICKLE1,Prickle1,361,latency,0.0103722835475563,0.622610796965599,0.10199291325086808,1328,True,0.03252536573321376
PRICKLE1,Prickle1,361,upstroke_downstroke_ratio_long_square,-0.2570586563856532,1.6220856155161359e-55,0.18987809393782287,1328,False,0.22092941792510473
PRICKLE1,Prickle1,361,threshold_i_long_square,0.2376505448766129,3.2302292186595587e-47,0.20615050301700194,1328,True,0.22134086691927984
SGCZ,Sgcz,362,vrest,-0.0208746618596594,0.3088900214493272,-0.1210256772998784,1328,True,0.05026300916152174
SGCZ,Sgcz,362,ri,-0.0513259761920102,0.0029637822416932,-0.24244240582031176,1328,True,0.11155085454207421
SGCZ,Sgcz,362,tau,-0.1039120530509108,7.066232975429597e-10,0.06976616503343011,1328,False,0.08514426253196622
SGCZ,Sgcz,362,latency,0.0714036087657016,4.621971364701267e-05,0.14805865583197844,1328,True,0.1028198537997514
SGCZ,Sgcz,362,upstroke_downstroke_ratio_long_square,0.2276588484466874,1.4659023270411213e-43,0.34132679861050913,1328,True,0.27875807775858785
SGCZ,Sgcz,362,threshold_i_long_square,0.0305205667666766,0.0829899597344006,0.16907342637159367,1328,True,0.07183464900759942
KIF5C,Kif5c,363,vrest,-0.0137564677374305,0.5262445175911253,-0.03772153152995454,1328,True,0.022779706571821486
KIF5C,Kif5c,363,ri,-0.1480932699793564,7.834035035856183e-19,-0.05944224900929047,1328,True,0.09382428806398152
KIF5C,Kif5c,363,tau,-0.1148216827967298,8.649616398888974e-12,-0.03919346874455658,1328,True,0.06708397749009087
KIF5C,Kif5c,363,latency,0.0738515117384911,2.404375475999715e-05,-0.01863968490052494,1328,False,0.03710214155857978
KIF5C,Kif5c,363,upstroke_downstroke_ratio_long_square,-0.0801035088457775,1.9150279200991955e-06,-0.08138566937993762,1328,True,0.08074204411021159
KIF5C,Kif5c,363,threshold_i_long_square,0.1558213240040262,9.49231707594584e-21,0.06656757441929809,1328,True,0.10184619571565535
RXFP1,Rxfp1,364,vrest,0.0008833080278849,0.973888006829133,0.1020278044485436,1328,True,0.009493259647606257
RXFP1,Rxfp1,364,ri,0.0859623760204853,3.886026849906062e-07,0.09015995051846376,1328,True,0.08803614921415254
RXFP1,Rxfp1,364,tau,0.0418121765729455,0.0162653616374402,0.008091301956605299,1328,True,0.018393339721611196
RXFP1,Rxfp1,364,latency,0.0173826226821103,0.3739134423727148,-0.037040468896132446,1328,False,0.02537440629433353
RXFP1,Rxfp1,364,upstroke_downstroke_ratio_long_square,0.2617202427944161,1.4643587242365192e-57,0.08381169888694921,1328,True,0.14810542927828418
RXFP1,Rxfp1,364,threshold_i_long_square,-0.0853681841840639,4.569922290521807e-07,-0.09772305533802848,1328,True,0.09133695740020183
OSBPL8,Osbpl8,365,vrest,-0.0871557351687029,1.1195547373285089e-06,-0.08989799454982585,1328,True,0.08851624599576123
OSBPL8,Osbpl8,365,ri,-0.26321056814228,6.440668716905855e-58,-0.27518469553754465,1328,True,0.26913104625163087
OSBPL8,Osbpl8,365,tau,-0.2036138218227792,9.502860818596576e-35,-0.008505028393980494,1328,True,0.041614196327811284
OSBPL8,Osbpl8,365,latency,0.0806150084542256,3.535777485426493e-06,0.08888659014789949,1328,True,0.08464982703018478
OSBPL8,Osbpl8,365,upstroke_downstroke_ratio_long_square,-0.1356107528667361,4.0740062811761183e-16,0.031806381385239835,1328,False,0.06567562200405044
OSBPL8,Osbpl8,365,threshold_i_long_square,0.2524814540700889,2.698154365919869e-53,0.2009373173352147,1328,True,0.22523975239228505
GAD1,Gad1,366,vrest,-0.0119181219826555,0.5930024492106101,0.2340829543336278,1328,False,0.05281883379826322
GAD1,Gad1,366,ri,-0.1527577070475293,5.862837238071079e-20,0.3248285177820157,1328,False,0.2227556050024967
GAD1,Gad1,366,tau,-0.2913840108035083,2.300144259400789e-71,-0.19316246927676467,1328,True,0.2372434509835269
GAD1,Gad1,366,latency,-0.0682322366840648,0.0001024946676187,-0.23069261259750073,1328,True,0.12546183859651483
GAD1,Gad1,366,upstroke_downstroke_ratio_long_square,0.1568932327975127,3.6598091068913e-21,-0.6024473744187454,1328,False,0.307440914913631
GAD1,Gad1,366,threshold_i_long_square,0.146746922711552,1.5792741544870273e-18,-0.19534757590265497,1328,False,0.1693123020423382
KCNAB1,Kcnab1,367,vrest,-0.0812563194887062,6.2809609751526685e-06,0.12962205851071132,1328,False,0.10262851162873857
KCNAB1,Kcnab1,367,ri,-0.2500197052190077,3.283971930777324e-52,-0.048670522969548005,1328,True,0.11031133126610944
KCNAB1,Kcnab1,367,tau,-0.1458798946968972,2.642924575398076e-18,-0.005707668853714338,1328,True,0.028855400384409976
KCNAB1,Kcnab1,367,latency,0.0917370781708689,1.1249048846271012e-07,-0.04167218769641241,1328,False,0.06182948115791452
KCNAB1,Kcnab1,367,upstroke_downstroke_ratio_long_square,-0.3911317964295805,1.2678154228383447e-132,-0.35081632767426724,1328,True,0.3704259986286931
KCNAB1,Kcnab1,367,threshold_i_long_square,0.2901950309354172,1.0606853757517463e-70,0.02492966237811536,1328,True,0.08505565322203276
ZMAT4,Zmat4,368,vrest,-0.0905204502274904,4.044507406733296e-07,-0.020208307311111215,1328,True,0.042769908535526154
ZMAT4,Zmat4,368,ri,-0.195300040557799,5.453141280556415e-32,0.0045581189432627464,1328,False,0.029836233248962347
ZMAT4,Zmat4,368,tau,-0.4204079153329353,8.251106338649884e-155,-0.13535147463527597,1328,True,0.2385431434534538
ZMAT4,Zmat4,368,latency,-0.1674980323191896,2.7298850447032423e-23,-0.015063668180584912,1328,True,0.050230815041736675
ZMAT4,Zmat4,368,upstroke_downstroke_ratio_long_square,0.2090856687599454,8.11837842418395e-37,0.04050755743376539,1328,True,0.09203015666546882
ZMAT4,Zmat4,368,threshold_i_long_square,0.1818092522063988,7.166260089976924e-28,0.03369831563694134,1328,True,0.07827301940367128
ROBO1,Robo1,369,vrest,0.0440374741512516,0.0200049084201131,0.11001184063956375,1328,True,0.06960347396859154
ROBO1,Robo1,369,ri,0.1279611144047478,2.3748679021024148e-14,0.07242547858084908,1328,True,0.09626860833367562
ROBO1,Robo1,369,tau,0.0790040693743724,3.351070945244674e-06,0.013676755441031531,1328,True,0.03287125394139354
ROBO1,Robo1,369,latency,-0.0543383285452279,0.0023053496455323,-0.11152549013494478,1328,True,0.0778467001492048
ROBO1,Robo1,369,upstroke_downstroke_ratio_long_square,-0.0009160663815769,0.9617645124033772,-0.30305827398291846,1328,True,0.016661977567337945
ROBO1,Robo1,369,threshold_i_long_square,-0.1037433773165533,7.143166671195665e-10,-0.0498255145595468,1328,True,0.07189622491440342
LAMP5,Lamp5,370,vrest,-0.0799230026171689,9.066878859398874e-06,-0.16017881686423793,1328,True,0.11314579974287825
LAMP5,Lamp5,370,ri,-0.2331561748607881,2.061192964585396e-45,-0.2813011830937243,1328,True,0.25609980053476605
LAMP5,Lamp5,370,tau,-0.2800315262149357,8.360072104869087e-66,-0.06533234184051466,1328,True,0.1352594373668441
LAMP5,Lamp5,370,latency,0.1727292754819374,1.001662320600426e-24,0.20038869669111664,1328,True,0.1860456782465701
LAMP5,Lamp5,370,upstroke_downstroke_ratio_long_square,0.3066856171157245,1.5185895242796595e-79,0.4681742474412666,1328,True,0.37892256200207286
LAMP5,Lamp5,370,threshold_i_long_square,0.2112973651031286,2.2858959171027546e-37,0.26988549439134185,1328,True,0.23880136901710955
KIF21A,Kif21a,371,vrest,-0.0268740062289716,0.1738696104716125,0.007266590347876057,1328,False,0.013974347722602514
KIF21A,Kif21a,371,ri,0.1065083241656445,2.60974369228813e-10,0.01919464026163728,1328,True,0.04521491974149014
KIF21A,Kif21a,371,tau,0.1655415679958918,2.926721976224425e-23,0.15526522256415096,1328,True,0.16032107908350876
KIF21A,Kif21a,371,latency,0.0925511025799687,8.569509988405984e-08,0.06835137863061011,1328,True,0.07953612672945469
KIF21A,Kif21a,371,upstroke_downstroke_ratio_long_square,-0.0001774591749049,0.9937338061958376,0.04842087369393537,1328,False,0.0029313355819319204
KIF21A,Kif21a,371,threshold_i_long_square,-0.1173328543240495,2.7649845403294848e-12,-0.09007636725045906,1328,True,0.1028052395388372
NTNG1,Ntng1,372,vrest,-0.0828278719859637,4.041539765353435e-06,-0.09316582592696095,1328,True,0.08784490368453311
NTNG1,Ntng1,372,ri,-0.1676966618575746,7.839239731789975e-24,-0.2925744388411031,1328,True,0.22150340118947634
NTNG1,Ntng1,372,tau,-0.0896880034977263,1.175792550507285e-07,0.10903304526774059,1328,False,0.09888860472946753
NTNG1,Ntng1,372,latency,0.1141059558022182,2.7476704798266e-11,0.1727937602441578,1328,True,0.14041651316465226
NTNG1,Ntng1,372,upstroke_downstroke_ratio_long_square,-0.2347036745207394,2.776287924155808e-46,0.11256274652524846,1328,False,0.16253888834252067
NTNG1,Ntng1,372,threshold_i_long_square,0.1464097814129371,1.893914678282477e-18,0.1949417297816575,1328,True,0.1689419309869291
NFIB,Nfib,373,vrest,-0.013470153435043,0.5368698818800313,-0.0960967575856807,1328,True,0.03597829997775397
NFIB,Nfib,373,ri,-0.057661013538359,0.0007973216178893,-0.09052754079979024,1328,True,0.07224894293794928
NFIB,Nfib,373,tau,-0.2698225893135998,5.298960823131671e-61,-0.06792472110393588,1328,True,0.13537955579284525
NFIB,Nfib,373,latency,-0.09859516737996,1.0604076162891718e-08,0.0382280347716047,1328,False,0.06139299216452393
NFIB,Nfib,373,upstroke_downstroke_ratio_long_square,0.5412421041568266,2.686901926711781e-275,0.38247912814432733,1328,True,0.4549877010567475
NFIB,Nfib,373,threshold_i_long_square,0.0121189079791345,0.5097672464210533,0.0911950914718364,1328,True,0.033244321645898245
CSRNP3,Csrnp3,374,vrest,0.0189142221691718,0.3612197396158776,-0.0034559973286008455,1328,False,0.008085017086513832
CSRNP3,Csrnp3,374,ri,-0.020251608456738,0.2611048373736747,-0.1702491103365979,1328,True,0.0587181260144154
CSRNP3,Csrnp3,374,tau,0.1153036766609979,7.086127946943332e-12,0.11149667343395385,1328,True,0.11338419811598743
CSRNP3,Csrnp3,374,latency,0.083657554397825,1.4399835504678286e-06,0.028238039652836,1328,True,0.04860375847961829
CSRNP3,Csrnp3,374,upstroke_downstroke_ratio_long_square,-0.3876258388057916,4.219181000319041e-130,-0.12022981283317971,1328,True,0.21588001771568532
CSRNP3,Csrnp3,374,threshold_i_long_square,0.0874632172587491,2.3328228803669733e-07,0.11399899283444698,1328,True,0.09985348605611033
DSCAML1,Dscaml1,375,vrest,0.0130520678054141,0.5524696740990479,0.029592526994358492,1328,True,0.019653082935354293
DSCAML1,Dscaml1,375,ri,0.014091326280403,0.4462150397202084,0.08866597455815511,1328,True,0.03534715232474711
DSCAML1,Dscaml1,375,tau,0.0699737466288435,4.052989830155977e-05,0.0333482747654182,1328,True,0.04830635288390574
DSCAML1,Dscaml1,375,latency,0.2056979361028998,9.176627692493715e-35,-0.01825599262781817,1328,False,0.06127984991048813
DSCAML1,Dscaml1,375,upstroke_downstroke_ratio_long_square,0.0925266069326739,3.526379862231038e-08,-0.1157159277738616,1328,False,0.10347367860949844
DSCAML1,Dscaml1,375,threshold_i_long_square,0.0072241496395785,0.7003505262049798,-0.04787857765862276,1328,False,0.018597903363983558
SLC9A9,Slc9a9,376,vrest,0.0234505648932698,0.2418561338544407,-0.08947549358893647,1328,False,0.0458066683875252
SLC9A9,Slc9a9,376,ri,0.0724696524332786,2.0980212610152505e-05,-0.24401121510994228,1328,False,0.13297897558952504
SLC9A9,Slc9a9,376,tau,0.1875470269159526,1.3340049302114154e-29,0.1547908915018051,1328,True,0.17038360101498426
SLC9A9,Slc9a9,376,latency,-0.0458203022356373,0.0111506574050997,0.11940684055271064,1328,False,0.07396794929648756
SLC9A9,Slc9a9,376,upstroke_downstroke_ratio_long_square,-0.3101333401778297,2.130053124421372e-81,0.07398009778709899,1328,False,0.15147176249517755
SLC9A9,Slc9a9,376,threshold_i_long_square,-0.0191097170291888,0.2879572758666682,0.11997569305861054,1328,False,0.04788216311666442
STRBP,Strbp,377,vrest,-0.0600520596375767,0.0010428731042833,-0.02052136383371009,1328,True,0.03510484531779578
STRBP,Strbp,377,ri,-0.1918030282386917,6.939968573730679e-31,-0.07857756178258352,1328,True,0.12276568861661799
STRBP,Strbp,377,tau,-0.135862503327401,5.023925234074115e-16,-0.030439572354404597,1328,True,0.06430860362568105
STRBP,Strbp,377,latency,0.0009573006842386,0.9604677841014168,-0.018371931903806926,1328,False,0.004193740929325431
STRBP,Strbp,377,upstroke_downstroke_ratio_long_square,-0.3127575527441888,7.990944446185755e-83,-0.11519492923187312,1328,True,0.18981065342888595
STRBP,Strbp,377,threshold_i_long_square,0.2166888506371195,2.7863634221880665e-39,0.05059198135872096,1328,True,0.1047030003967213
GOLIM4,Golim4,378,vrest,-0.0512996772097854,0.0058345160799446,-0.03210398514658628,1328,True,0.04058231234377387
GOLIM4,Golim4,378,ri,-0.2175887085390732,1.3934312413592108e-39,-0.1427835535373225,1328,True,0.17626142236690823
GOLIM4,Golim4,378,tau,-0.1331035495265585,1.980131661540906e-15,0.007500746167751287,1328,False,0.031597087508588945
GOLIM4,Golim4,378,latency,-0.0294181049181955,0.1148126298149728,-0.056385842795291935,1328,True,0.040727934384802475
GOLIM4,Golim4,378,upstroke_downstroke_ratio_long_square,-0.3119692037099574,2.1433178224710816e-82,-0.09159915175482389,1328,True,0.16904471134424748
GOLIM4,Golim4,378,threshold_i_long_square,0.2422313043240983,4.6933222347882445e-49,0.07943641743039936,1328,True,0.13871548941988843
UST,Ust,379,vrest,0.0392605309742263,0.0396406231212518,0.1343869502725244,1328,True,0.07263678836310326
UST,Ust,379,ri,0.1645411037764426,5.558215691786392e-23,0.09138402055362882,1328,True,0.12262311205243162
UST,Ust,379,tau,0.072969840366024,1.8267535674967904e-05,0.1573153343651704,1328,True,0.10714137779473519
UST,Ust,379,latency,-0.038027054590755,0.0374103947089555,-0.04004699401168593,1328,True,0.03902395709660951
UST,Ust,379,upstroke_downstroke_ratio_long_square,0.4900402964427147,1.939013054795707e-218,0.0860002957930786,1328,True,0.20528908993076417
UST,Ust,379,threshold_i_long_square,-0.1832999192350241,2.596729944550255e-28,-0.135289405363432,1328,True,0.15747551262488885
CDK14,Cdk14,380,vrest,0.079521985721642,1.0137805923162676e-05,-0.07792965043229937,1328,False,0.07872179208433877
CDK14,Cdk14,380,ri,0.1842911397945078,1.3907625603989303e-28,-0.13444651694542553,1328,False,0.15740807428233813
CDK14,Cdk14,380,tau,0.2091039355071833,1.2901108792414409e-36,0.1948713671508456,1328,True,0.20186225449277798
CDK14,Cdk14,380,latency,0.0291733127931614,0.1181487124089968,0.19939176686065568,1328,True,0.07626872480254945
CDK14,Cdk14,380,upstroke_downstroke_ratio_long_square,0.2563003568108918,3.468171283689537e-55,0.35787885293846095,1328,True,0.30286049214646704
CDK14,Cdk14,380,threshold_i_long_square,-0.2148419703893274,1.274447020577062e-38,0.011027322707780679,1328,False,0.04867372739639501
CPNE4,Cpne4,381,vrest,0.0765325498647527,2.3059331431655264e-05,0.057003168858571665,1328,True,0.06604996489868525
CPNE4,Cpne4,381,ri,0.107257395348912,1.9465232589369238e-10,0.060932005533716777,1328,True,0.08084187161942724
CPNE4,Cpne4,381,tau,0.2127379205737013,6.963885873885582e-38,0.16795308162882236,1328,True,0.18902377982587476
CPNE4,Cpne4,381,latency,0.1555504057887792,3.3493957919757624e-20,0.09560467064124514,1328,True,0.12194812550239659
CPNE4,Cpne4,381,upstroke_downstroke_ratio_long_square,0.1589777437325563,1.0653271254639273e-21,0.11585674703328652,1328,True,0.1357153058411078
CPNE4,Cpne4,381,threshold_i_long_square,-0.170994849195123,8.873990880522007e-25,-0.11808822252357772,1328,True,0.14210023857171844
SV2C,Sv2c,382,vrest,-0.0411609089597317,0.0305404997109343,-0.07729987622068009,1328,True,0.05640685390728632
SV2C,Sv2c,382,ri,-0.1337436790920772,1.472429580257645e-15,-0.1307814700069509,1328,True,0.13225428142710452
SV2C,Sv2c,382,tau,-0.1719913335430257,4.9229171682799335e-25,-0.04500401113171256,1328,True,0.0879789741320528
SV2C,Sv2c,382,latency,0.1240011358651216,3.919486924831575e-13,0.0631095026820095,1328,True,0.08846270409868848
SV2C,Sv2c,382,upstroke_downstroke_ratio_long_square,0.2204270223628993,7.362009988676491e-41,0.14574942429160026,1328,True,0.17924037382159264
SV2C,Sv2c,382,threshold_i_long_square,0.1427663920346848,1.3253205460350849e-17,0.12811322782020773,1328,True,0.13524149994660908
DOK5,Dok5,383,vrest,-0.0989970812734815,2.493949241566708e-08,-0.15987924372256412,1328,True,0.12580770439343306
DOK5,Dok5,383,ri,-0.3210915232632446,4.8141412871333645e-87,-0.26368179211849624,1328,True,0.2909742055373812
DOK5,Dok5,383,tau,-0.2479506247003602,2.0506016431379743e-51,-0.06000520558355629,1328,True,0.12197675274295641
DOK5,Dok5,383,latency,0.0766038825962767,1.126345216346423e-05,0.08526121235917734,1328,True,0.08081670558479007
DOK5,Dok5,383,upstroke_downstroke_ratio_long_square,-0.2393480802796972,3.963431938569538e-48,0.10769712469618728,1328,False,0.16055248377921655
DOK5,Dok5,383,threshold_i_long_square,0.3360354570073883,1.1083919860255016e-95,0.27322857937979983,1328,True,0.30300906016053464
CNTN6,Cntn6,384,vrest,-0.0350526598736637,0.0692684933833584,0.12071188656304499,1328,False,0.06504823366089729
CNTN6,Cntn6,384,ri,-0.0269108201695675,0.1307710961372196,0.08240855113927922,1328,False,0.047092267944363754
CNTN6,Cntn6,384,tau,-0.0568644294829289,0.0009271831312715,0.07684793131293903,1328,False,0.06610532331857688
CNTN6,Cntn6,384,latency,-0.1208931269685635,1.5434304076898408e-12,-0.0732204679713623,1328,True,0.09408427781069235
CNTN6,Cntn6,384,upstroke_downstroke_ratio_long_square,-0.204324258278479,3.4056692355384525e-35,-0.27387675811898954,1328,True,0.2365579537077055
CNTN6,Cntn6,384,threshold_i_long_square,0.0025110335613837,0.894509703218735,-0.14067123807366147,1328,False,0.01879441938247523
DYNC1H1,Dync1h1,386,vrest,0.0178361445820166,0.3927427723938901,0.021886273689118486,1328,True,0.019757700824759524
DYNC1H1,Dync1h1,386,ri,-0.0238184514116414,0.1828404119014982,-0.029344641415898477,1328,True,0.026437547461075465
DYNC1H1,Dync1h1,386,tau,0.0228637982037506,0.2017464746131249,0.04521085176332006,1328,True,0.03215107760769819
DYNC1H1,Dync1h1,386,latency,-0.0013193057853898,0.9510489341612124,0.02184350283258663,1328,False,0.005368264119825889
DYNC1H1,Dync1h1,386,upstroke_downstroke_ratio_long_square,-0.1786892575755955,3.9727505181004536e-27,-0.08886319218228445,1328,True,0.12601149882788423
DYNC1H1,Dync1h1,386,threshold_i_long_square,0.0591703414130309,0.0005457032336009,-0.00639511702088514,1328,False,0.01945253858759979
SLC6A17,Slc6a17,387,vrest,-0.0616048370326807,0.000764710141491,0.013175284895720582,1328,False,0.028489669686747966
SLC6A17,Slc6a17,387,ri,-0.1387857089285591,1.1427767824578494e-16,-0.04938073785263477,1328,True,0.08278490629512876
SLC6A17,Slc6a17,387,tau,-0.1856427005051592,5.076690246406453e-29,0.012203928351548791,1328,False,0.04759800642834733
SLC6A17,Slc6a17,387,latency,-0.0387384403871115,0.0338158550832262,0.022115977793921424,1328,False,0.02927009544522373
SLC6A17,Slc6a17,387,upstroke_downstroke_ratio_long_square,-0.1387504942037878,8.259011292329004e-17,-0.12272134536612016,1328,True,0.13049002766074844
SLC6A17,Slc6a17,387,threshold_i_long_square,0.1816969511010293,7.692017759378549e-28,0.03651436765795543,1328,True,0.08145274258631524
LIMCH1,Limch1,388,vrest,-0.0703661179877027,0.0001060448253337,0.15089065214505698,1328,False,0.10304168783594574
LIMCH1,Limch1,388,ri,-0.0420535659223129,0.0157036482929375,0.13687990811998046,1328,False,0.07587020653434214
LIMCH1,Limch1,388,tau,-0.1118555015831838,2.9767344997853534e-11,-0.03352031550441335,1328,True,0.06123260327613655
LIMCH1,Limch1,388,latency,-0.1584482464555755,6.2952997401429025e-21,-0.1315435580251589,1328,True,0.144370516732516
LIMCH1,Limch1,388,upstroke_downstroke_ratio_long_square,-0.164577071233243,3.582109944002545e-23,-0.4759129123292626,1328,True,0.2798648839587296
LIMCH1,Limch1,388,threshold_i_long_square,0.0175847666315421,0.3302874499667895,-0.14372613533414658,1328,False,0.05027315932686551
GARNL3,Garnl3,389,vrest,0.0429931340128451,0.0231750991284583,0.06793218301756335,1328,True,0.05404273723877447
GARNL3,Garnl3,389,ri,0.0873509352615717,2.4852611819982456e-07,0.03572290406837098,1328,True,0.05586080093081024
GARNL3,Garnl3,389,tau,0.260880141712993,5.74852127143006e-57,0.2195361673729247,1328,True,0.23931699992974997
GARNL3,Garnl3,389,latency,0.1966503378450736,7.795820862545653e-32,0.05098122637461236,1328,True,0.10012729593034907
GARNL3,Garnl3,389,upstroke_downstroke_ratio_long_square,-0.0650143078540765,0.0001171580026448,0.09763176824636174,1328,False,0.07967095981037767
GARNL3,Garnl3,389,threshold_i_long_square,-0.055385045073193,0.0012392542825366,-0.0865925450682088,1328,True,0.0692526679024371
SLC35F4,Slc35f4,390,vrest,0.0234890666308953,0.2413793297469494,0.0287784157292809,1328,True,0.02599957931576364
SLC35F4,Slc35f4,390,ri,0.1783044295655801,8.191120491752801e-27,0.0706777731398212,1328,True,0.1122593426965493
SLC35F4,Slc35f4,390,tau,0.1227805471957106,2.5796523312964454e-13,0.12703544982108975,1328,True,0.12488987966319223
SLC35F4,Slc35f4,390,latency,-0.0564511059392482,0.0014808365071232,-0.0009192455840664451,1328,True,0.0072036400416956555
SLC35F4,Slc35f4,390,upstroke_downstroke_ratio_long_square,0.2469466012206207,3.1999060429282574e-51,0.1316942687226749,1328,True,0.1803370512715001
SLC35F4,Slc35f4,390,threshold_i_long_square,-0.1842731211655582,1.3327421430110892e-28,-0.1220245629301693,1328,True,0.14995281614563086
LRRTM3,Lrrtm3,391,vrest,-0.0761953834928106,2.508317454960621e-05,-0.08908984972433771,1328,True,0.08239074744813751
LRRTM3,Lrrtm3,391,ri,-0.2041113633219207,6.980348645297297e-35,-0.14881758647191018,1328,True,0.17428528469454732
LRRTM3,Lrrtm3,391,tau,-0.2214312841575303,5.247871526503803e-41,-0.04257877364554195,1328,True,0.09709929209929989
LRRTM3,Lrrtm3,391,latency,0.0048372209301254,0.8224864627999201,0.01972779079884177,1328,True,0.00976870935985367
LRRTM3,Lrrtm3,391,upstroke_downstroke_ratio_long_square,-0.2215966275038676,2.7307998019467036e-41,-0.010273681349901604,1328,True,0.04771386736775356
LRRTM3,Lrrtm3,391,threshold_i_long_square,0.1766796411860843,2.2356726744546783e-26,0.14091392237611736,1328,True,0.15778663201784918
PTPRR,Ptprr,392,vrest,-0.0044108567719464,0.850579850848564,-0.017378987623676272,1328,True,0.008755354090467453
PTPRR,Ptprr,392,ri,-0.046287615558027,0.0076035001033638,-0.11609548726580629,1328,True,0.07330609307950779
PTPRR,Ptprr,392,tau,0.1270326172261364,3.638836670768312e-14,0.18816985828565969,1328,True,0.15460824551458613
PTPRR,Ptprr,392,latency,0.1731684618268374,7.669950278097618e-25,0.11699161552286973,1328,True,0.14233502066157894
PTPRR,Ptprr,392,upstroke_downstroke_ratio_long_square,-0.2845543236508658,3.467414186130384e-68,0.030548165626190456,1328,False,0.09323418154590757
PTPRR,Ptprr,392,threshold_i_long_square,0.0540697208735517,0.0016224139460109,0.010137257600653342,1328,True,0.023411934753253875
CDH22,Cdh22,393,vrest,0.0879912704002776,8.762667106029252e-07,-0.008241241984950817,1328,False,0.026928745829167905
CDH22,Cdh22,393,ri,0.1845505205797964,1.1634824989900438e-28,-0.166777648846909,1328,False,0.17543916870462975
CDH22,Cdh22,393,tau,0.2601670830916012,1.1853363016197117e-56,0.16250110905964327,1328,True,0.20561478434975816
CDH22,Cdh22,393,latency,0.0881642091831921,3.5997347983920386e-07,0.10628144068729287,1328,True,0.09679989240203478
CDH22,Cdh22,393,upstroke_downstroke_ratio_long_square,0.0107586354312808,0.5422579883450567,0.1271206692645919,1328,True,0.036981683796146525
CDH22,Cdh22,393,threshold_i_long_square,-0.1863213407390939,3.23072849307451e-29,0.08426208954641447,1328,False,0.12529894451975854
KIDINS220,Kidins220,394,vrest,-0.0459642067631348,0.0146087394451813,0.02193944893056057,1328,False,0.03175577690615556
KIDINS220,Kidins220,394,ri,-0.1005723042863391,2.507989107012369e-09,-0.007913111410153259,1328,True,0.028210633608510737
KIDINS220,Kidins220,394,tau,-0.0950049421699609,1.9078246725589747e-08,-0.035842353783003,1328,True,0.058354097957122764
KIDINS220,Kidins220,394,latency,0.0446147704234372,0.0136656210391999,-0.02919380753201828,1328,False,0.03608981879737009
KIDINS220,Kidins220,394,upstroke_downstroke_ratio_long_square,-0.0491372228817842,0.0038071240322561,-0.09116998966149667,1328,True,0.06693160764636483
KIDINS220,Kidins220,394,threshold_i_long_square,0.1027046820006137,1.0659997906281582e-09,0.023700201475717515,1328,True,0.04933681846161184
SORL1,Sorl1,395,vrest,-0.062464230008218,0.0006466211605256,-0.09460234406731109,1328,True,0.07687172808736055
SORL1,Sorl1,395,ri,-0.1072363770691172,1.9595206746570924e-10,-0.2387550229633639,1328,True,0.1600100736505206
SORL1,Sorl1,395,tau,-0.0857906547248967,4.18080819736214e-07,0.07049724850794707,1328,False,0.07776892120764263
SORL1,Sorl1,395,latency,0.0644081379025737,0.0002592414160478,0.12179275681001439,1328,True,0.08856886967865193
SORL1,Sorl1,395,upstroke_downstroke_ratio_long_square,-0.0358161894430797,0.0366017685647637,0.21347575525660065,1328,False,0.087440769048396
SORL1,Sorl1,395,threshold_i_long_square,0.113265449779373,1.5635855888317417e-11,0.1675850614957581,1328,True,0.13777371798213522
GOT1,Got1,396,vrest,-0.0650459213270087,0.0003740262306175,0.023850765462446938,1328,False,0.03938775207928551
GOT1,Got1,396,ri,-0.2589450763041366,4.778060283384506e-56,-0.09638309194153105,1328,True,0.15798078078433583
GOT1,Got1,396,tau,-0.2506348940931629,1.526513772293384e-52,-0.17367644821184414,1328,True,0.20863695311246339
GOT1,Got1,396,latency,-0.038467435763334,0.0351594590177201,-0.037217594244936515,1328,True,0.03783735476857393
GOT1,Got1,396,upstroke_downstroke_ratio_long_square,-0.2844082042074025,4.0708211483304006e-68,-0.22804416934940877,1328,True,0.254671617351903
GOT1,Got1,396,threshold_i_long_square,0.2834673524899002,2.1675396415920992e-67,0.0916424388978744,1328,True,0.16117580317807603
GABRB1,Gabrb1,397,vrest,0.0263268790142864,0.1836568836258344,-0.12366286119272345,1328,False,0.05705836647838179
GABRB1,Gabrb1,397,ri,0.1453581544077453,3.503187945412139e-18,-0.06035775717604428,1328,False,0.09366692152142421
GABRB1,Gabrb1,397,tau,0.1258799939076211,6.224272050089355e-14,0.06950972691991322,1328,True,0.09354081462762169
GABRB1,Gabrb1,397,latency,0.1013051892205015,3.956384900602828e-09,0.10848046616213702,1328,True,0.10483145592465794
GABRB1,Gabrb1,397,upstroke_downstroke_ratio_long_square,0.1674475575912606,5.993693191182324e-24,0.3207943298058075,1328,True,0.23176761424993744
GABRB1,Gabrb1,397,threshold_i_long_square,-0.1894178505671161,3.607366150683126e-30,0.0433547171544164,1328,False,0.09062095417360617
PTPRN2,Ptprn2,398,vrest,0.0242341919445429,0.2257144714657764,0.024197246283461732,1328,True,0.024215712068051787
PTPRN2,Ptprn2,398,ri,0.1623971178088148,2.0777195544754005e-22,-0.0008327838219521895,1328,False,0.01162934617434896
PTPRN2,Ptprn2,398,tau,0.1501389287511594,2.5754084818116172e-19,0.20304959293669347,1328,True,0.1746013985249664
PTPRN2,Ptprn2,398,latency,0.037980072999018,0.0376417790094516,0.07357422273155408,1328,True,0.052861652927149685
PTPRN2,Ptprn2,398,upstroke_downstroke_ratio_long_square,0.0882338846416833,1.488978431884465e-07,0.08854604772578897,1328,True,0.08838982837699284
PTPRN2,Ptprn2,398,threshold_i_long_square,-0.1586280969638778,1.8315699470259624e-21,-0.061776685537717264,1328,True,0.09899251518970514
GALNT18,Galnt18,399,vrest,0.0237292664496404,0.2357322214528056,-0.0902450351473551,1328,False,0.04627578724094007
GALNT18,Galnt18,399,ri,0.0180660458578633,0.3196343295672639,-0.18337526541562846,1328,False,0.05755750128520693
GALNT18,Galnt18,399,tau,-0.1420966499294731,1.980289228029577e-17,0.041117052980800324,1328,False,0.07643687253900687
GALNT18,Galnt18,399,latency,-0.2853922508967187,2.542667624415557e-67,0.02649661007683863,1328,False,0.0869593421718544
GALNT18,Galnt18,399,upstroke_downstroke_ratio_long_square,0.1375080849577232,1.5646001222052382e-16,0.17421811689755673,1328,True,0.15477855025656423
GALNT18,Galnt18,399,threshold_i_long_square,-0.0163973506680086,0.3645653380897872,0.14113750314212847,1328,False,0.04810697591232114
ASIC2,Asic2,400,vrest,0.1008837616666556,1.3226035365563242e-08,-0.02268618881682182,1328,False,0.04784002577048846
ASIC2,Asic2,400,ri,0.2661410498209581,3.192786249106256e-59,0.0033090946839445445,1328,True,0.0296763530970696
ASIC2,Asic2,400,tau,0.3647733133669699,4.181199306700198e-114,0.2661093061438603,1328,True,0.3115599032608036
ASIC2,Asic2,400,latency,0.2177144442700519,6.950373717691264e-39,0.11599067383449367,1328,True,0.15891143789666506
ASIC2,Asic2,400,upstroke_downstroke_ratio_long_square,0.063083825990903,0.0001864252075646,0.21148794837208812,1328,True,0.11550527665123304
ASIC2,Asic2,400,threshold_i_long_square,-0.243136869987546,2.0415856252883065e-49,-0.07249470582987652,1328,True,0.13276345832398342
FGF13,Fgf13,401,vrest,-0.1246021340489877,8.821752994336652e-13,0.020660605246460094,1328,False,0.050738107024726885
FGF13,Fgf13,401,ri,-0.2394470790631998,6.970350473221841e-48,0.03643407721762655,1328,False,0.09340253405622222
FGF13,Fgf13,401,tau,-0.3189471905276245,5.063720183850733e-86,-0.16604360452762998,1328,True,0.2301285318450703
FGF13,Fgf13,401,latency,0.0394681692496881,0.0304708673337125,-0.003250262764760885,1328,False,0.011326160907630696
FGF13,Fgf13,401,upstroke_downstroke_ratio_long_square,0.181642794986206,5.329802319970019e-28,-0.09483476525830467,1328,False,0.13124805455083594
FGF13,Fgf13,401,threshold_i_long_square,0.2125469931987331,8.2946218163578e-38,0.010193244591068764,1328,True,0.04654614365090749
MYO5A,Myo5a,402,vrest,0.0166725556082513,0.4317093086438949,-0.012298791664039578,1328,False,0.014319646920681998
MYO5A,Myo5a,402,ri,-0.0108053924590373,0.5630819422881803,-0.09833237838275323,1328,True,0.032596317888010054
MYO5A,Myo5a,402,tau,0.0710800941282299,3.036389158153907e-05,0.08720203560775912,1328,True,0.07872946652412154
MYO5A,Myo5a,402,latency,0.0484578837069986,0.0070182284514394,-0.0013178591898576465,1328,False,0.007991286965459395
MYO5A,Myo5a,402,upstroke_downstroke_ratio_long_square,-0.1872564535018309,1.0762294530588236e-29,-0.023557055124746405,1328,True,0.06641694510896404
MYO5A,Myo5a,402,threshold_i_long_square,0.0583741472261062,0.0006484932575233,0.061896754477264435,1328,True,0.060109651959348274
GALNTL6,Galntl6,403,vrest,-0.0731271848412282,5.4401618324615647e-05,0.2314199770082292,1328,False,0.1300887828931978
GALNTL6,Galntl6,403,ri,0.0344436815069182,0.049364138315416,0.2505481691320205,1328,True,0.09289672405270698
GALNTL6,Galntl6,403,tau,0.0843746556745728,6.563398812736747e-07,0.1387101382681461,1328,True,0.10818327114183232
GALNTL6,Galntl6,403,latency,-0.136726984075977,8.721040306246734e-16,-0.16004603107429083,1328,True,0.14792772269631504
GALNTL6,Galntl6,403,upstroke_downstroke_ratio_long_square,-0.2080085924711271,1.892014520496433e-36,-0.4039792180347823,1328,True,0.28988126626431315
GALNTL6,Galntl6,403,threshold_i_long_square,-0.0087306977507563,0.6395387955561508,-0.273159743825042,1328,True,0.04883518363854549
TLN2,Tln2,404,vrest,0.0241555733983247,0.2266701614587626,-0.055521954170461546,1328,False,0.03662191473944261
TLN2,Tln2,404,ri,0.0766639919460783,6.601315862277895e-06,-0.11990758770237958,1328,False,0.09587801801189315
TLN2,Tln2,404,tau,0.1773659170216128,1.4514480589132666e-26,0.16289277389946058,1328,True,0.16997536944767044
TLN2,Tln2,404,latency,0.0532690121435056,0.002865556270357,0.09577658664921189,1328,True,0.07142775481058035
TLN2,Tln2,404,upstroke_downstroke_ratio_long_square,-0.1055745015634878,2.888131471095349e-10,0.06723045352301828,1328,False,0.08424857043641683
TLN2,Tln2,404,threshold_i_long_square,-0.057551466564388,0.0007745756850015,0.04703960615636691,1328,False,0.05203074399727655
SPTAN1,Sptan1,405,vrest,-0.0157263379419897,0.4618145067484808,-0.002529970752681022,1328,True,0.0063077075899261375
SPTAN1,Sptan1,405,ri,-0.1130429666729706,1.819028750573604e-11,-0.12087945533368062,1328,True,0.11689556125333458
SPTAN1,Sptan1,405,tau,-0.1040137008814272,6.8259522527603e-10,-0.012889496516613539,1328,True,0.03661535518319109
SPTAN1,Sptan1,405,latency,-0.0247040421080253,0.1902128702244064,0.012889111504077995,1328,False,0.017844134984127867
SPTAN1,Sptan1,405,upstroke_downstroke_ratio_long_square,-0.1363030146248426,2.8659775612666793e-16,-0.05350909696030929,1328,True,0.08540170505056183
SPTAN1,Sptan1,405,threshold_i_long_square,0.1488208533496262,5.0492553575379855e-19,0.09981973138775306,1328,True,0.12188214638024668
AK5,Ak5,406,vrest,-0.0238744045898914,0.232696404859857,-0.09027016695914036,1328,True,0.04642355531817403
AK5,Ak5,406,ri,-0.0499392855582719,0.0038634277118661,-0.12675870353735805,1328,True,0.07956279968018003
AK5,Ak5,406,tau,0.0835258128192915,8.571292881706947e-07,0.07344603080932026,1328,True,0.07832393900781039
AK5,Ak5,406,latency,0.2991969092329074,4.874734953120298e-74,0.14716189568858876,1328,True,0.20983418297999323
AK5,Ak5,406,upstroke_downstroke_ratio_long_square,-0.0194807905762588,0.2620217895602638,0.2984684803947898,1328,False,0.07625222593593649
AK5,Ak5,406,threshold_i_long_square,0.0826408464182057,1.071798168442271e-06,0.0862524529940334,1328,True,0.08442733989101765
STARD13,Stard13,407,vrest,-0.0403609278513814,0.0342788271547151,0.023500867074147693,1328,False,0.030797999941953695
STARD13,Stard13,407,ri,-0.0729708393777689,1.8341179942950188e-05,0.00568911111441034,1328,False,0.020374965357808996
STARD13,Stard13,407,tau,0.0619803491755548,0.0002964386100344,0.037431550233089306,1328,True,0.04816659167544653
STARD13,Stard13,407,latency,0.1863688865317205,1.1595247646419602e-28,0.03220083625671391,1328,True,0.07746763194105023
STARD13,Stard13,407,upstroke_downstroke_ratio_long_square,-0.2226498534085522,1.1098318936631823e-41,-0.0840187244076775,1328,True,0.13677264592360178
STARD13,Stard13,407,threshold_i_long_square,0.0497259346109374,0.003863820046838,-0.015239714722770081,1328,False,0.02752833191084787
KLF12,Klf12,408,vrest,-0.0486250732587822,0.0093907782070845,0.0984507801497892,1328,False,0.0691894240268537
KLF12,Klf12,408,ri,-0.1225817783665193,2.8822295284728753e-13,0.029791169232222164,1328,False,0.06043057590412097
KLF12,Klf12,408,tau,-0.0532403308614596,0.0019765055452545,0.0046522810403722215,1328,False,0.01573813781391917
KLF12,Klf12,408,latency,0.014226767805113,0.4780570506647636,-0.11882108291161127,1328,False,0.04111496025701075
KLF12,Klf12,408,upstroke_downstroke_ratio_long_square,-0.4070731648870101,1.3966445850909864e-144,-0.3689383958411936,1328,True,0.3875369923548089
KLF12,Klf12,408,threshold_i_long_square,0.1596891221214079,9.745713517596601e-22,-0.029562328552494348,1328,False,0.06870794928108721
GHR,Ghr,409,vrest,0.036996385466215,0.0542376116670242,-0.026995965318255967,1328,False,0.03160305584823672
GHR,Ghr,409,ri,0.0385623490595453,0.0273242156274671,-0.06622109158000941,1328,False,0.05053356160624778
GHR,Ghr,409,tau,-0.0105249063944212,0.5708002958365043,0.09805804446978718,1328,False,0.03212556208480252
GHR,Ghr,409,latency,-0.0076689091876198,0.7274262530976231,0.0812956612996497,1328,False,0.02496896160945647
GHR,Ghr,409,upstroke_downstroke_ratio_long_square,0.1987679364924859,2.4140967782085856e-33,0.18216417846032223,1328,True,0.19028504369867644
GHR,Ghr,409,threshold_i_long_square,-0.0393836961162805,0.023552800305368,0.04977927475770705,1328,False,0.044277441546981544
MEF2C,Mef2c,410,vrest,-0.1422690189008387,2.1699304742610838e-16,-0.13356012223140734,1328,True,0.13784581079647804
MEF2C,Mef2c,410,ri,-0.3025956420875673,5.4356344595307725e-77,-0.37923091181655455,1328,True,0.33875303874738
MEF2C,Mef2c,410,tau,-0.3300469544558959,2.1877823972121272e-92,-0.10357850984059365,1328,True,0.1848939472237206
MEF2C,Mef2c,410,latency,-0.0751144236449625,1.691627281669842e-05,0.07634046937507198,1328,False,0.07572496522214085
MEF2C,Mef2c,410,upstroke_downstroke_ratio_long_square,-0.3080326429051829,2.9151892887408448e-80,0.083949993574046,1328,False,0.16080839030500402
MEF2C,Mef2c,410,threshold_i_long_square,0.322326259300611,9.1861607539717e-88,0.30565233696215155,1328,True,0.3138785982183242
TOX,Tox,411,vrest,0.1068489347721936,1.4679033045820048e-09,0.022565106687001995,1328,True,0.049102521447753227
TOX,Tox,411,ri,0.0518082011340773,0.0027067860451971,-0.11821551485583755,1328,False,0.07825939669343059
TOX,Tox,411,tau,0.249937060485514,3.0040441803215746e-52,0.2626848780662089,1328,True,0.2562317042402519
TOX,Tox,411,latency,0.2780829472577124,7.675596969936019e-64,0.15109031237827425,1328,True,0.2049771679193537
TOX,Tox,411,upstroke_downstroke_ratio_long_square,-0.0631745613264124,0.0001827014610185,0.1941478532179918,1328,False,0.11074838806732736
TOX,Tox,411,threshold_i_long_square,-0.0661344079045179,0.0001052740755435,-0.01596484337263818,1328,True,0.03249346801647667
SH3GL3,Sh3gl3,413,vrest,0.0951907500714509,8.921212295563878e-08,0.04219024921538047,1328,True,0.06337287644184623
SH3GL3,Sh3gl3,413,ri,0.2449379422468559,4.247064913483193e-50,0.09217129478328827,1328,True,0.15025394263861094
SH3GL3,Sh3gl3,413,tau,0.1919653611069831,5.735152618944265e-31,0.15103439668248375,1328,True,0.1702744035336149
SH3GL3,Sh3gl3,413,latency,-0.028010352050609,0.1352353006569676,0.016030666848889732,1328,False,0.021190201085488268
SH3GL3,Sh3gl3,413,upstroke_downstroke_ratio_long_square,0.2464332338362578,5.2089569868567656e-51,0.12982832377736447,1328,True,0.17886870512193195
SH3GL3,Sh3gl3,413,threshold_i_long_square,-0.2794945258488947,1.753709165114985e-65,-0.13267260122734792,1328,True,0.19256496507199095
TACC1,Tacc1,416,vrest,-0.0139804108813002,0.5200133549356197,-0.10104588727283816,1328,True,0.0375854096949843
TACC1,Tacc1,416,ri,-0.1562468099907847,7.942020039879877e-21,-0.2316589192464145,1328,True,0.19025237748360743
TACC1,Tacc1,416,tau,-0.0901078823650505,1.0220325473172805e-07,0.01895256912749018,1328,False,0.04132524494126288
TACC1,Tacc1,416,latency,0.044393144946633,0.0141412143013879,0.07226505829079158,1328,True,0.05663985529006932
TACC1,Tacc1,416,upstroke_downstroke_ratio_long_square,-0.2498167545907841,2.0323866668064185e-52,0.05172101170800837,1328,False,0.11366958823294206
TACC1,Tacc1,416,threshold_i_long_square,0.1954399703739129,4.670443140928798e-32,0.1706996563778094,1328,True,0.18265140510085373
CYFIP2,Cyfip2,417,vrest,-0.0619664542733132,0.0007073158401736,-0.13365885915853573,1328,True,0.09100750290097304
CYFIP2,Cyfip2,417,ri,-0.107592571332719,1.7021492138783463e-10,-0.24731725718575176,1328,True,0.1631241847046918
CYFIP2,Cyfip2,417,tau,-0.1465613859378638,1.837754450001685e-18,-0.12481057391081603,1328,True,0.13524943878652282
CYFIP2,Cyfip2,417,latency,-0.0447519308831561,0.0133688795953549,0.0722364806777197,1328,False,0.05685703114419318
CYFIP2,Cyfip2,417,upstroke_downstroke_ratio_long_square,-0.0602683541832341,0.0003605071130505,0.15646658194597676,1328,False,0.09710810150837133
CYFIP2,Cyfip2,417,threshold_i_long_square,0.1242148161799924,1.2747080121275158e-13,0.20004330932290107,1328,True,0.15763357160066355
RAPGEF2,Rapgef2,418,vrest,0.0308338569442153,0.1148585197262564,-0.05026716529317963,1328,False,0.0393691577715491
RAPGEF2,Rapgef2,418,ri,0.0136506492010198,0.461527838362039,-0.14180021130783105,1328,False,0.04399619234881222
RAPGEF2,Rapgef2,418,tau,0.0772246700533874,5.62866077655625e-06,0.11941438500447535,1328,True,0.0960298728604739
RAPGEF2,Rapgef2,418,latency,0.016228699745127,0.4094314514712012,0.06384272764055443,1328,True,0.03218826584003056
RAPGEF2,Rapgef2,418,upstroke_downstroke_ratio_long_square,-0.2181702666698127,4.907290799152716e-40,0.04092847616769119,1328,False,0.09449537851077301
RAPGEF2,Rapgef2,418,threshold_i_long_square,0.0114808531650117,0.5328345750264882,0.06963017799334635,1328,True,0.028273907572092655
NR3C2,Nr3c2,419,vrest,0.028710575630699,0.1439388411005641,0.011063985263701882,1328,True,0.01782283326776223
NR3C2,Nr3c2,419,ri,0.051530161448241,0.0028524891429291,-0.03444335302999451,1328,False,0.04212922432770841
NR3C2,Nr3c2,419,tau,-0.0995973921348199,3.6154986832930814e-09,-0.04735775373611855,1328,True,0.06867829911609949
NR3C2,Nr3c2,419,latency,-0.1883450180533346,2.905690366598984e-29,-0.06592188351094565,1328,True,0.11142736800256424
NR3C2,Nr3c2,419,upstroke_downstroke_ratio_long_square,0.2432758786683857,1.0333691048382415e-49,-0.05060421187008603,1328,False,0.11095397292128088
NR3C2,Nr3c2,419,threshold_i_long_square,-0.0771082097238193,5.557964128588438e-06,0.018073352222854798,1328,False,0.0373310036512862
MAP7D2,Map7d2,420,vrest,0.0025475063763681,0.912707200480208,-0.01586105432514734,1328,False,0.006356582181426877
MAP7D2,Map7d2,420,ri,-0.0710436797279778,3.08054802044637e-05,-0.09504112860873934,1328,True,0.08217098941758476
MAP7D2,Map7d2,420,tau,-0.0299370211715597,0.0890577578134437,-0.02787732443060747,1328,True,0.02888882226200186
MAP7D2,Map7d2,420,latency,-0.0341735636283292,0.063488127609904,0.009131023763332314,1328,False,0.017664643261838683
MAP7D2,Map7d2,420,upstroke_downstroke_ratio_long_square,-0.2161794026666555,2.5591536128018607e-39,-0.08898370575762028,1328,True,0.13869550950823098
MAP7D2,Map7d2,420,threshold_i_long_square,0.0974319707383153,7.582957068557992e-09,0.060584754690854184,1328,True,0.07683028078972064
ANKRD26,Ankrd26,421,vrest,0.0118354852684059,0.5957649788065239,0.06847177661546379,1328,True,0.02846746745732576
ANKRD26,Ankrd26,421,ri,-0.066803114036343,9.266098761560354e-05,-0.08638325542107501,1328,True,0.07596492916290135
ANKRD26,Ankrd26,421,tau,-0.0029099936109911,0.8711211878088458,0.10295204477915985,1328,False,0.01730866235576351
ANKRD26,Ankrd26,421,latency,0.0259850143047667,0.1676939548698079,0.009595751625218162,1328,True,0.015790685331748024
ANKRD26,Ankrd26,421,upstroke_downstroke_ratio_long_square,-0.1784498165916819,4.663721978826728e-27,-0.006055754045249379,1328,True,0.03287321400014132
ANKRD26,Ankrd26,421,threshold_i_long_square,0.0703074291083858,3.615241658641649e-05,0.023215995383248547,1328,True,0.04040119985332564
HIVEP3,Hivep3,422,vrest,0.0717663961472876,7.714383601246233e-05,-0.011137665757514832,1328,False,0.028272073374796716
HIVEP3,Hivep3,422,ri,0.1298677604820955,9.676416317583864e-15,-0.0700265674861539,1328,False,0.0953634809226002
HIVEP3,Hivep3,422,tau,0.092516192199142,4.538006749329597e-08,0.14674869645882666,1328,True,0.1165187993697084
HIVEP3,Hivep3,422,latency,-0.0680236944334288,0.0001078156243653,0.053140874669325586,1328,False,0.06012352801051632
HIVEP3,Hivep3,422,upstroke_downstroke_ratio_long_square,0.0512324127630402,0.0025275508094692,0.14736257460163893,1328,True,0.08688924126619745
HIVEP3,Hivep3,422,threshold_i_long_square,-0.1046126753516664,5.098217296423557e-10,0.01604050784869103,1328,False,0.04096389190556693
CELF4,Celf4,424,vrest,0.1261992459119335,4.3626622739517044e-13,-0.006503504688581209,1328,False,0.02864851457726338
CELF4,Celf4,424,ri,0.2455166439839948,2.476001521971092e-50,0.13844593132012378,1328,True,0.18436588738417806
CELF4,Celf4,424,tau,0.2454909710738456,2.166295866430021e-50,0.1753568320496635,1328,True,0.2074813702102074
CELF4,Celf4,424,latency,0.1671461645627731,3.379326056322849e-23,0.07693547736831786,1328,True,0.11339960300159944
CELF4,Celf4,424,upstroke_downstroke_ratio_long_square,0.3204027973043258,4.629301193135419e-87,0.2811975345801799,1328,True,0.3001607513892673
CELF4,Celf4,424,threshold_i_long_square,-0.2174101474321778,1.5315867976825404e-39,-0.13057826936732025,1328,True,0.1684904768661651
EEPD1,Eepd1,426,vrest,-0.046203058275975,0.0140582904417423,-0.025904843146923505,1328,True,0.03459599655375313
EEPD1,Eepd1,426,ri,-0.2460727705075893,1.473278084532106e-50,-0.03197588310964468,1328,True,0.08870396916833596
EEPD1,Eepd1,426,tau,-0.3821718894959879,5.232372410629393e-126,-0.14088607753428162,1328,True,0.2320402948949916
EEPD1,Eepd1,426,latency,-0.1125058882918377,5.2870193012130826e-11,-0.06332507640891535,1328,True,0.08440642139395271
EEPD1,Eepd1,426,upstroke_downstroke_ratio_long_square,0.0683641881636205,5.05259166774241e-05,-0.05779141473805659,1328,False,0.06285589193857909
EEPD1,Eepd1,426,threshold_i_long_square,0.2336911504803966,1.1719222909388918e-45,0.07359316482015602,1328,True,0.13114141738716914
LMO7,Lmo7,427,vrest,-0.0195990078288568,0.3422617888371892,-0.17944463778904432,1328,True,0.059303767678570415
LMO7,Lmo7,427,ri,-0.0727990469198372,1.9216363821860795e-05,-0.2686088433853554,1328,True,0.1398372904224538
LMO7,Lmo7,427,tau,-0.0671132333923107,8.471200349112128e-05,0.008577554909406966,1328,False,0.023993070761584277
LMO7,Lmo7,427,latency,0.1544739448013477,6.146419449138185e-20,0.1587008630565694,1328,True,0.1565731406075983
LMO7,Lmo7,427,upstroke_downstroke_ratio_long_square,0.1969448310556326,9.571691128867228e-33,0.33181158032145436,1328,True,0.2556336746766969
LMO7,Lmo7,427,threshold_i_long_square,0.0436509435102407,0.0117300655011921,0.22080082926632852,1328,True,0.09817415405960374
AHI1,Ahi1,428,vrest,0.0303155830168121,0.1214904159929679,0.06026501956614441,1328,True,0.04274306029833681
AHI1,Ahi1,428,ri,0.2673951262599011,8.765601414304561e-60,0.14655158720334496,1328,True,0.19795752110952322
AHI1,Ahi1,428,tau,0.2339860171467711,9.017040255969972e-46,0.15143109443689176,1328,True,0.1882359122470122
AHI1,Ahi1,428,latency,0.0176854259064081,0.364371327039081,-0.006435576040849367,1328,False,0.010668453647811226
AHI1,Ahi1,428,upstroke_downstroke_ratio_long_square,0.069346892065602,3.921060310660186e-05,0.04937975301710819,1328,True,0.05851779560700733
AHI1,Ahi1,428,threshold_i_long_square,-0.2561169968186955,7.615084641501189e-55,-0.1714718767951633,1328,True,0.2095635037969221
ATXN1,Atxn1,429,vrest,-0.0829926400478751,3.858845009247161e-06,-0.06160703473245248,1328,True,0.07150475828899339
ATXN1,Atxn1,429,ri,-0.176063984090659,3.576607384879719e-26,-0.18050243883256326,1328,True,0.17826939871705846
ATXN1,Atxn1,429,tau,-0.1253042308190987,8.106300879875848e-14,0.057197862390827775,1328,False,0.08465892836186463
ATXN1,Atxn1,429,latency,0.096677846171057,2.0889402660455804e-08,0.08792071909106343,1328,True,0.0921953673214362
ATXN1,Atxn1,429,upstroke_downstroke_ratio_long_square,-0.0678871699514566,5.703628746505525e-05,0.035642545319823915,1328,False,0.04919015685713332
ATXN1,Atxn1,429,threshold_i_long_square,0.1755913863164408,4.557788288252333e-26,0.13375884161677498,1328,True,0.15325436513055918
SIRPA,Sirpa,430,vrest,0.01014423858136,0.6544803875784512,-0.049701123420584775,1328,False,0.022453954078068994
SIRPA,Sirpa,430,ri,-0.1282687657832956,2.0605212720018627e-14,-0.1265145556139669,1328,True,0.12738864118211501
SIRPA,Sirpa,430,tau,-0.0368820344261895,0.035078881126094,-0.021327391077265886,1328,True,0.028046346855384343
SIRPA,Sirpa,430,latency,0.0525340095923729,0.0033040424278453,0.03661414280533095,1328,True,0.04385758462742525
SIRPA,Sirpa,430,upstroke_downstroke_ratio_long_square,-0.25933053301154,1.6595359939494788e-56,-0.003183194617074409,1328,True,0.028731508083032667
SIRPA,Sirpa,430,threshold_i_long_square,0.1582011721588329,2.352866640743012e-21,0.09158349882574389,1328,True,0.12036867061091844
PLCB4,Plcb4,431,vrest,0.0271287079263341,0.1702588707262063,-0.04671525353898761,1328,False,0.03559950096509557
PLCB4,Plcb4,431,ri,0.1060887982881725,3.0773413364529286e-10,-0.08399391844161125,1328,False,0.09439710732318712
PLCB4,Plcb4,431,tau,0.106470009776947,2.6212681915889856e-10,0.022466927252248813,1328,True,0.04890862872954923
PLCB4,Plcb4,431,latency,0.0683975253815332,9.875655209598896e-05,0.03956316839612743,1328,True,0.0520194465036682
PLCB4,Plcb4,431,upstroke_downstroke_ratio_long_square,0.1186745463220601,1.2302608450784298e-12,0.09233968397696396,1328,True,0.10468223394391525
PLCB4,Plcb4,431,threshold_i_long_square,-0.1025140970154574,1.1439849323146092e-09,0.06359637426558938,1328,False,0.08074357486075265
NLGN1,Nlgn1,432,vrest,-0.0824184718743691,4.545174037196355e-06,-0.11560015113776481,1328,True,0.09760936330711663
NLGN1,Nlgn1,432,ri,-0.1016125620582109,1.714594190533624e-09,-0.2711681648460929,1328,True,0.1659942528482079
NLGN1,Nlgn1,432,tau,-0.1420130884953957,2.065918365720484e-17,0.10155877847767868,1328,False,0.12009444531465588
NLGN1,Nlgn1,432,latency,0.0485487834573599,0.0069279932105222,0.15554199608525604,1328,True,0.08689864605659064
NLGN1,Nlgn1,432,upstroke_downstroke_ratio_long_square,0.1950558282819022,3.8527144200062166e-32,0.2781585823420949,1328,True,0.23293014547811758
NLGN1,Nlgn1,432,threshold_i_long_square,0.0494380204423156,0.0040820672920259,0.18187321802141126,1328,True,0.0948232665038083
GABBR1,Gabbr1,433,vrest,0.0433253101767347,0.0222346919904295,0.04410902006106836,1328,True,0.043715408905071446
GABBR1,Gabbr1,433,ri,0.1390817196121771,9.809083515866001e-17,0.15459506006742196,1328,True,0.14663337545635666
GABBR1,Gabbr1,433,tau,0.1150645517663848,7.831091082880496e-12,0.06222833873774943,1328,True,0.08461841350454344
GABBR1,Gabbr1,433,latency,0.0450750296540207,0.0126594926793088,0.0041059322299841815,1328,True,0.013604227909879205
GABBR1,Gabbr1,433,upstroke_downstroke_ratio_long_square,0.1165623414719307,3.0658918398318305e-12,0.04578319987358927,1328,True,0.07305201555975692
GABBR1,Gabbr1,433,threshold_i_long_square,-0.1415854840106937,2.480409730647039e-17,-0.12836299723243697,1328,True,0.13481222901583492
WWP1,Wwp1,434,vrest,-0.0330889993155958,0.0881488374934423,0.023523456305555076,1328,False,0.027899240663411606
WWP1,Wwp1,434,ri,-0.166320418237657,1.8561198955903712e-23,-0.08536260823984539,1328,True,0.11915345024089043
WWP1,Wwp1,434,tau,-0.1198815083290291,9.505182916672054e-13,-0.04672769744892848,1328,True,0.0748450856831634
WWP1,Wwp1,434,latency,0.0653919774730986,0.0002052677722222,-0.034189826520370614,1328,False,0.047283616249492004
WWP1,Wwp1,434,upstroke_downstroke_ratio_long_square,-0.1876044113145392,8.433137361316377e-30,-0.18283723960389645,1328,True,0.18520548777577933
WWP1,Wwp1,434,threshold_i_long_square,0.1718586492039085,5.08918372076988e-25,0.060967876098841745,1328,True,0.10236140303443579
CCSER1,Ccser1,435,vrest,-0.0068676748947813,0.7751875026887756,0.05459484594486517,1328,False,0.01936335851240696
CCSER1,Ccser1,435,ri,0.0103752129848945,0.5781579457968848,0.06741789342452016,1328,True,0.026447589744101732
CCSER1,Ccser1,435,tau,0.0745596714717344,1.184068323890518e-05,0.13072343340121317,1328,True,0.09872535767497428
CCSER1,Ccser1,435,latency,-0.0061783747076423,0.7801977121225121,-0.06110851800486826,1328,True,0.019430679917665828
CCSER1,Ccser1,435,upstroke_downstroke_ratio_long_square,-0.2464011876242917,5.352668028430768e-51,-0.12174544311184264,1328,True,0.17319994737471392
CCSER1,Ccser1,435,threshold_i_long_square,-0.005426031892987,0.775147806058067,-0.09435259060377023,1328,True,0.022626536761113106
SPOCK1,Spock1,436,vrest,-0.0866639235415851,1.2836625154650767e-06,0.019352850120599226,1328,False,0.04095355812580108
SPOCK1,Spock1,436,ri,-0.1975392811723594,1.0321226018121428e-32,-0.10019045546331455,1328,True,0.14068244578679476
SPOCK1,Spock1,436,tau,-0.1498904860256406,2.940808342577217e-19,0.06152676552438218,1328,False,0.09603268603988578
SPOCK1,Spock1,436,latency,0.0934884855697447,6.275050204821254e-08,0.07617563937991775,1328,True,0.08438924791071145
SPOCK1,Spock1,436,upstroke_downstroke_ratio_long_square,-0.1602556231337599,4.981088710887264e-22,0.09645996419746444,1328,False,0.12433121760010571
SPOCK1,Spock1,436,threshold_i_long_square,0.2648645965932279,1.070216226489366e-58,0.07685120478510704,1328,True,0.14267152257234422
NXPH1,Nxph1,437,vrest,-0.0715340673306394,8.190411719506539e-05,0.15526289082597106,1328,False,0.10538778907584469
NXPH1,Nxph1,437,ri,-0.2050593597803791,3.3489181963823883e-35,0.14420598849498054,1328,False,0.1719615877958721
NXPH1,Nxph1,437,tau,0.0250277744542931,0.1598440185754584,-0.04945179719381572,1328,False,0.03518051202763064
NXPH1,Nxph1,437,latency,0.2906964271011504,7.10837349891229e-70,-0.11947733633388298,1328,False,0.18636425298812603
NXPH1,Nxph1,437,upstroke_downstroke_ratio_long_square,-0.4216708831783719,3.9501656211836654e-156,-0.5643174297674608,1328,True,0.4878075737450107
NXPH1,Nxph1,437,threshold_i_long_square,0.2475285382791203,3.2247142349611244e-51,-0.10130782964861729,1328,False,0.158355861871774
NIN,Nin,438,vrest,-0.0130951023226184,0.551062897427925,-0.05622466149448787,1328,True,0.02713425317426115
NIN,Nin,438,ri,-0.0972711623091864,8.385331979302045e-09,-0.1807096616115063,1328,True,0.13258144223627596
NIN,Nin,438,tau,-0.0617819915241069,0.0003097786572176,0.04524412612631291,1328,False,0.05287033399602737
NIN,Nin,438,latency,-0.002518171458575,0.9021382797303568,0.045409991599369745,1328,False,0.010693462712314632
NIN,Nin,438,upstroke_downstroke_ratio_long_square,-0.1352045838126543,4.996489433753515e-16,0.05164727617106716,1328,False,0.08356403819686045
NIN,Nin,438,threshold_i_long_square,0.1017188803493923,1.5474835557442067e-09,0.09830632351329739,1328,True,0.0999980457760938
KALRN,Kalrn,439,vrest,-0.0112965810827424,0.6124221619647112,-0.12899597989298497,1328,True,0.03817346652072501
KALRN,Kalrn,439,ri,0.0034014400574118,0.8573830148669999,-0.2199102230447746,1328,False,0.02734979783652632
KALRN,Kalrn,439,tau,0.0924802995098197,4.5879569301157624e-08,0.21069714774939888,1328,True,0.13958988261951202
KALRN,Kalrn,439,latency,0.1344797377381566,2.684141451603678e-15,0.1550125654538055,1328,True,0.14438160945337394
KALRN,Kalrn,439,upstroke_downstroke_ratio_long_square,-0.0380573691979479,0.0260607490782385,0.3963164039437337,1328,False,0.12281188747059353
KALRN,Kalrn,439,threshold_i_long_square,0.0264244613987396,0.1347909654219599,0.12099495507067005,1328,True,0.0565440228468682
ADAM23,Adam23,440,vrest,-0.0258921738396847,0.1909402169729329,-0.02835601720046145,1328,True,0.027096105379840797
ADAM23,Adam23,440,ri,-0.1503361043055775,2.271494821783105e-19,-0.17607434343612463,1328,True,0.1626970524021542
ADAM23,Adam23,440,tau,-0.1753293965538105,5.626717784864376e-26,0.04335000423895283,1328,False,0.08718101905702139
ADAM23,Adam23,440,latency,-0.0250735947028182,0.1839211120721628,-0.007925846757218124,1328,True,0.014097144011009222
ADAM23,Adam23,440,upstroke_downstroke_ratio_long_square,-0.0602063277559937,0.0003654333098516,-0.020182733682199753,1328,True,0.0348586901515598
ADAM23,Adam23,440,threshold_i_long_square,0.1363219471276914,3.6526984838658883e-16,0.10778120262939346,1328,True,0.12121445213423675
IGF1,Igf1,441,vrest,0.0955366145155602,7.939705993601428e-08,0.22797456105664868,1328,True,0.1475802078837914
IGF1,Igf1,441,ri,0.3580590772160559,2.27742703770996e-109,0.4807985701000913,1328,True,0.41491480129881825
IGF1,Igf1,441,tau,0.1617435856351481,3.0098418663736567e-22,0.05866976889005065,1328,True,0.09741385316607826
IGF1,Igf1,441,latency,-0.0974472662232584,1.5958535555994258e-08,-0.13644056742812183,1328,True,0.11530724304145264
IGF1,Igf1,441,upstroke_downstroke_ratio_long_square,0.5943827663861873,0.0,-0.10822743335231655,1328,False,0.25363067881237594
IGF1,Igf1,441,threshold_i_long_square,-0.400696473979678,4.315456073079879e-139,-0.4257071004698461,1328,True,0.4130125108351802
VIP,Vip,443,vrest,0.0503881498622088,0.0068447528246039,0.11964626861482167,1328,True,0.07764505208587166
VIP,Vip,443,ri,0.3191091214313569,6.085118981985299e-86,0.43800885048534954,1328,True,0.37386176517201974
VIP,Vip,443,tau,-0.0037445566098563,0.839689905002434,-0.11658608125996163,1328,True,0.020894094409646784
VIP,Vip,443,latency,-0.3417531295692942,1.6173424893594706e-97,-0.16931066966028757,1328,True,0.2405461519664703
VIP,Vip,443,upstroke_downstroke_ratio_long_square,0.5345870044720813,2.4913852276043945e-267,0.01467394739924116,1328,True,0.08856919094098817
VIP,Vip,443,threshold_i_long_square,-0.3712662884922487,4.15099354227911e-118,-0.3568122841387656,1328,True,0.3639675430867994
GDA,Gda,444,vrest,0.0441332769397081,0.0197019675464578,-0.12092073975570986,1328,False,0.07305223128278228
GDA,Gda,444,ri,0.1467483161440233,1.6439786309471424e-18,-0.14149329430426347,1328,False,0.1440968517519428
GDA,Gda,444,tau,0.2886518788595677,5.325760801425253e-70,0.21885083302382827,1328,True,0.25133981805975264
GDA,Gda,444,latency,0.2564743044994538,3.4936417390946627e-54,0.21398352958415026,1328,True,0.23426753280049975
GDA,Gda,444,upstroke_downstroke_ratio_long_square,0.1160244016332862,3.864823917847457e-12,0.45349262203189405,1328,True,0.22938223583433948
GDA,Gda,444,threshold_i_long_square,-0.1238737036385607,1.4863344231037094e-13,0.06972400088530532,1328,False,0.09293530127008282
CORO6,Coro6,445,vrest,-0.1111520917940274,2.6888792201186644e-10,0.05843678978333277,1328,False,0.08059386714971113
CORO6,Coro6,445,ri,-0.4675623796945014,7.864027181845781e-196,-0.16865240289196326,1328,True,0.2808122483748922
CORO6,Coro6,445,tau,-0.2807634363662825,3.7861162100032464e-66,-0.0970092054834377,1328,True,0.16503526256740642
CORO6,Coro6,445,latency,0.1697380336632399,6.646296477083277e-24,-0.008673369027932646,1328,False,0.038369266399514775
CORO6,Coro6,445,upstroke_downstroke_ratio_long_square,-0.5081839445466508,1.6605979373614878e-237,-0.4845003030016563,1328,True,0.49620084150818333
CORO6,Coro6,445,threshold_i_long_square,0.4703127658460078,1.710220571161107e-198,0.14739100002809466,1328,True,0.26328666674182766
PTCHD4,Ptchd4,447,vrest,-0.1063404221432883,1.780324330205193e-09,0.08286262595209637,1328,False,0.09387037138334611
PTCHD4,Ptchd4,447,ri,-0.1011106342649197,2.071131555854951e-09,0.08366449344195342,1328,False,0.09197483350008917
PTCHD4,Ptchd4,447,tau,-0.0653516524032664,0.0001308612116859,-0.0020618266452561546,1328,True,0.011607918772828017
PTCHD4,Ptchd4,447,latency,0.0571901356580683,0.0012756715085913,-0.07483252136512111,1328,False,0.06541927887485899
PTCHD4,Ptchd4,447,upstroke_downstroke_ratio_long_square,-0.0875594171444465,1.862785261417677e-07,-0.2825788820282205,1328,True,0.15729730515085213
PTCHD4,Ptchd4,447,threshold_i_long_square,0.111752824504568,2.924401669263244e-11,-0.06619266244464433,1328,False,0.08600707523027654
PTPRG,Ptprg,448,vrest,-0.0551922846938997,0.0027987973595825,0.01996953705396799,1328,False,0.03319886103901729
PTPRG,Ptprg,448,ri,-0.0676035051443133,7.555554101108988e-05,-0.11037999550147073,1328,True,0.08638330043308692
PTPRG,Ptprg,448,tau,-0.0428522723549075,0.0137512968581128,0.12148384449501964,1328,False,0.07215163747983695
PTPRG,Ptprg,448,latency,0.1168134833937969,9.046186657921703e-12,0.04984558081031171,1328,True,0.07630619847849522
PTPRG,Ptprg,448,upstroke_downstroke_ratio_long_square,-0.0529240256234134,0.0017999398202026,-0.0013720459189616341,1328,True,0.008521396210224314
PTPRG,Ptprg,448,threshold_i_long_square,0.0937575566957601,2.8021155378192164e-08,0.07251820254298941,1328,True,0.08245683407940753
TTBK2,Ttbk2,450,vrest,-0.0190125160172997,0.3582955814795911,-0.028449451859788446,1328,True,0.02325716360968432
TTBK2,Ttbk2,450,ri,-0.1485393464513985,6.117315528403197e-19,-0.02323074139354307,1328,True,0.05874248159703791
TTBK2,Ttbk2,450,tau,-0.1218333870824043,3.952790201717466e-13,0.008671433742263982,1328,False,0.032503386649404234
TTBK2,Ttbk2,450,latency,0.0153853160389014,0.4391898601321981,0.02352637056573091,1328,True,0.01902526337273883
TTBK2,Ttbk2,450,upstroke_downstroke_ratio_long_square,-0.1735295041967513,1.2200759279804918e-25,-0.0013274740272888163,1328,True,0.01517748035048944
TTBK2,Ttbk2,450,threshold_i_long_square,0.1750822349480165,6.317211108145467e-26,0.02686247038875112,1328,True,0.06857945284039134
PLD3,Pld3,451,vrest,0.0520995408991993,0.005042590745594,0.01177899520211306,1328,True,0.024772570360864082
PLD3,Pld3,451,ri,0.2843270000861134,9.578453992400736e-68,0.09382707738582646,1328,True,0.16333270168572994
PLD3,Pld3,451,tau,0.2374846584114706,3.7438339372902695e-47,0.1494803849828307,1328,True,0.1884125743331975
PLD3,Pld3,451,latency,0.0129786918076864,0.5215784215150815,0.05436260676953206,1328,True,0.02656229506507679
PLD3,Pld3,451,upstroke_downstroke_ratio_long_square,0.2243827948758047,2.515129933388385e-42,0.19053736537833169,1328,True,0.20676872725792567
PLD3,Pld3,451,threshold_i_long_square,-0.2724817422454945,3.5560413268842e-62,-0.08503168174604006,1328,True,0.15221557340898273
BAIAP2,Baiap2,452,vrest,0.0884612864878834,7.639599749444936e-07,-0.16656615896399357,1328,False,0.12138639424293055
BAIAP2,Baiap2,452,ri,0.234235690919723,7.980209587762607e-46,-0.19514017765728012,1328,False,0.2137961513679573
BAIAP2,Baiap2,452,tau,0.2297676627686901,3.793694644270877e-44,0.18447297601265408,1328,True,0.20587842175034313
BAIAP2,Baiap2,452,latency,-0.0056550652747497,0.7981509048102492,0.17748195000071942,1328,False,0.03168078301342836
BAIAP2,Baiap2,452,upstroke_downstroke_ratio_long_square,0.1717744628904373,3.813671802060692e-25,0.5450645927763281,1328,True,0.3059872181394979
BAIAP2,Baiap2,452,threshold_i_long_square,-0.2315454454488187,7.949766692464188e-45,0.09814223953020973,1328,False,0.15074610631577545
GAS7,Gas7,453,vrest,0.0252179515168271,0.2051700941514662,-0.06568248892526925,1328,False,0.040698621859001236
GAS7,Gas7,453,ri,0.1928173328182827,3.3502830185812027e-31,-0.07171049733485681,1328,False,0.11758837881006634
GAS7,Gas7,453,tau,0.1928428287708234,3.0567726608941496e-31,0.18682591616237731,1328,True,0.18981053226955963
GAS7,Gas7,453,latency,0.1161469458285967,1.18909488305767e-11,0.18696519075935086,1328,True,0.14736158211338388
GAS7,Gas7,453,upstroke_downstroke_ratio_long_square,0.3121033803862959,1.8197952556241708e-82,0.45767065836756,1328,True,0.37794253475910466
GAS7,Gas7,453,threshold_i_long_square,-0.137490180261483,2.033447125947624e-16,0.05980537153270976,1328,False,0.09067883607897284
BSN,Bsn,454,vrest,0.0046330196218791,0.8450588795500595,-0.11029452593834271,1328,False,0.022605236182313936
BSN,Bsn,454,ri,-0.0811910067629864,1.7392958640570996e-06,-0.13456135168818248,1328,True,0.10452354574425715
BSN,Bsn,454,tau,-0.0215291438710731,0.2310148552524793,0.06250604169270937,1328,False,0.036683805206298235
BSN,Bsn,454,latency,0.0665676195195022,0.0001542067613433,0.09666662815613072,1328,True,0.0802176247674444
BSN,Bsn,454,upstroke_downstroke_ratio_long_square,-0.1307682508429844,4.452635425487357e-15,0.08847448409801013,1328,False,0.1075623239323706
BSN,Bsn,454,threshold_i_long_square,0.1004753132413075,2.4693347406630397e-09,0.09832822783979185,1328,True,0.09939597322158347
SGK1,Sgk1,456,vrest,-0.0718859764697122,7.526825178664935e-05,-0.12867202958325955,1328,True,0.09617543600593817
SGK1,Sgk1,456,ri,-0.1989581136818825,3.5807617408758205e-33,-0.14583058269172972,1328,True,0.17033548558499584
SGK1,Sgk1,456,tau,-0.287621305103511,1.7138884143658978e-69,-0.20127574306611584,1328,True,0.2406058850202031
SGK1,Sgk1,456,latency,-0.1421780837533967,5.183918952015048e-17,-0.04995761195138338,1328,True,0.08427857103762187
SGK1,Sgk1,456,upstroke_downstroke_ratio_long_square,-0.104118378821477,5.092868433933921e-10,-0.060482652125565445,1328,True,0.07935587997204262
SGK1,Sgk1,456,threshold_i_long_square,0.174228140740635,1.1028934948659203e-25,0.14250209922195384,1328,True,0.15756863837413365
USP11,Usp11,457,vrest,0.0462530994007847,0.0139560955081379,0.059559711291124515,1328,True,0.05248639106121149
USP11,Usp11,457,ri,0.1422008168578678,1.910641110184195e-17,0.1301138033056021,1328,True,0.1360231197794719
USP11,Usp11,457,tau,0.1535526446815938,3.720483365667458e-20,0.08168196044060139,1328,True,0.1119932187609217
USP11,Usp11,457,latency,0.0600015927757426,0.0007002104237861,0.06306223292495157,1328,True,0.06151288011052621
USP11,Usp11,457,upstroke_downstroke_ratio_long_square,0.1211559100880204,4.0600640272083043e-13,0.06830142231794417,1328,True,0.09096769196388767
USP11,Usp11,457,threshold_i_long_square,-0.1366767150597193,3.049386989528977e-16,-0.13857013230837023,1328,True,0.1376201674512087
CACNA1D,Cacna1d,459,vrest,0.0005832711617199,0.982447772466897,-0.05441120812721619,1328,False,0.005633514762112961
CACNA1D,Cacna1d,459,ri,-0.0751512937753413,1.0061559269002776e-05,-0.1451929589347691,1328,True,0.10445783221481239
CACNA1D,Cacna1d,459,tau,-0.1404456022510347,4.71819852208739e-17,0.037256945296502864,1328,False,0.07233653378619409
CACNA1D,Cacna1d,459,latency,-0.0736806323436316,2.517730905862929e-05,0.028223636094764807,1328,False,0.04560192270616247
CACNA1D,Cacna1d,459,upstroke_downstroke_ratio_long_square,-0.0333875308927153,0.051678774465142,0.009852270780535816,1328,False,0.018136785686789593
CACNA1D,Cacna1d,459,threshold_i_long_square,0.0847083258506026,5.633510839813473e-07,0.09934383525741644,1328,True,0.09173467157097046
EPHA4,Epha4,460,vrest,-0.0271142161058983,0.1703457632745475,-0.16632059620589562,1328,True,0.0671539469308283
EPHA4,Epha4,460,ri,-0.1503377525254446,2.271494821783105e-19,-0.31668738940069674,1328,True,0.21819731981775362
EPHA4,Epha4,460,tau,-0.0660223231090553,0.000111186158609,0.08198693103322932,1328,False,0.07357287306742682
EPHA4,Epha4,460,latency,0.0840235731446576,1.298565095122215e-06,0.1703982088774131,1328,True,0.11965561569491824
EPHA4,Epha4,460,upstroke_downstroke_ratio_long_square,-0.1407843590533586,2.8905770768170404e-17,0.34912441610501804,1328,False,0.2217008280345904
EPHA4,Epha4,460,threshold_i_long_square,0.0861569561628063,3.564226462277221e-07,0.19528293594745352,1328,True,0.12971115353649765
HS3ST4,Hs3st4,463,vrest,-0.0105036916250923,0.6408398086918744,-0.08489130693195027,1328,True,0.02986087925135939
HS3ST4,Hs3st4,463,ri,-0.1017114257577141,1.653558631922883e-09,-0.07073122457243317,1328,True,0.08481847497362376
HS3ST4,Hs3st4,463,tau,-0.1606269693432747,5.897378380939785e-22,0.03720715277825546,1328,False,0.07730764637901853
HS3ST4,Hs3st4,463,latency,0.023568847707523,0.2135341828361729,0.09723082382926675,1328,True,0.047870852084634825
HS3ST4,Hs3st4,463,upstroke_downstroke_ratio_long_square,0.2398887690021289,2.4100815004276067e-48,0.3448104191142236,1328,True,0.28760414979693744
HS3ST4,Hs3st4,463,threshold_i_long_square,0.0631866781641708,0.0002156715103594,0.06305821369605058,1328,True,0.06312241324933526
MARK1,Mark1,465,vrest,-0.0111590254480673,0.6165988564108459,-0.13430089323016373,1328,True,0.038712621782224545
MARK1,Mark1,465,ri,-0.1019420348563988,1.5157152794156863e-09,-0.23498616485082716,1328,True,0.15477392483230015
MARK1,Mark1,465,tau,-0.0558495846195075,0.0011502460976273,0.08451165206105322,1328,False,0.0687018243070602
MARK1,Mark1,465,latency,0.0265122364490131,0.1590356406607196,0.06769500754002258,1328,True,0.04236444318433565
MARK1,Mark1,465,upstroke_downstroke_ratio_long_square,-0.203139843606622,8.544042043780064e-35,0.0947864559763744,1328,False,0.1387620475600827
MARK1,Mark1,465,threshold_i_long_square,0.1148348646783859,8.104789946387417e-12,0.16497580338780532,1328,True,0.13764074272266413
CSMD2,Csmd2,466,vrest,0.0478956331412021,0.0105866420529921,-0.1613563204052737,1328,False,0.08791054047806356
CSMD2,Csmd2,466,ri,0.0569791329546194,0.0009251039778549,-0.19285493947137128,1328,False,0.10482703485787596
CSMD2,Csmd2,466,tau,0.0199545829437602,0.2677385205720083,0.07703635460432605,1328,True,0.03920750346090589
CSMD2,Csmd2,466,latency,-0.039178267257299,0.0318671824108984,0.09893211833127048,1328,False,0.06225744109994599
CSMD2,Csmd2,466,upstroke_downstroke_ratio_long_square,0.1034089182413454,6.671403897996e-10,0.31559195061143097,1328,True,0.18065165988278153
CSMD2,Csmd2,466,threshold_i_long_square,-0.0627931179330417,0.0002363339631036,0.11808067907958657,1328,False,0.0861083852308132
FOCAD,Focad,467,vrest,0.0373734623250421,0.0517165305541751,-0.01002626965854817,1328,False,0.019357593118579146
FOCAD,Focad,467,ri,-0.0539760287917383,0.0017419523326291,-0.09407144106752283,1328,True,0.0712573000578953
FOCAD,Focad,467,tau,0.0561077336632811,0.0010878637574202,0.0872919523940804,1328,True,0.06998395255967525
FOCAD,Focad,467,latency,0.1129190316397279,4.495006356449652e-11,0.003102357544572748,1328,True,0.018716709372466056
FOCAD,Focad,467,upstroke_downstroke_ratio_long_square,-0.1419596991259389,1.5520608383514808e-17,-0.05594812497033124,1328,True,0.0891200257374775
FOCAD,Focad,467,threshold_i_long_square,0.0567100782461898,0.0009291314750469,0.03760405288304199,1328,True,0.04617931118337703
HECW2,Hecw2,468,vrest,-0.0262881617939033,0.1842383098215283,-0.11534658378304859,1328,True,0.055065866531480316
HECW2,Hecw2,468,ri,-0.1210806204236749,5.626168929082889e-13,-0.22720526267881724,1328,True,0.16586185266261563
HECW2,Hecw2,468,tau,-0.120997675921993,5.771333364266513e-13,0.040341966553452985,1328,False,0.06986618778129078
HECW2,Hecw2,468,latency,0.0318422189357748,0.0858633883222725,0.08497639037693765,1328,True,0.05201765879731916
HECW2,Hecw2,468,upstroke_downstroke_ratio_long_square,-0.0554861651672624,0.001046175055378,0.12619860314122633,1328,False,0.08367960646281676
HECW2,Hecw2,468,threshold_i_long_square,0.1274784986240133,2.7917670757420847e-14,0.1774686759567798,1328,True,0.15041090506928617
UNC5C,Unc5c,469,vrest,-0.036182135219146,0.0599545240686101,-0.04887060117354844,1328,True,0.04205047799849943
UNC5C,Unc5c,469,ri,-0.1519291450121517,9.344331736980448e-20,-0.12363245811988037,1328,True,0.13705244856588325
UNC5C,Unc5c,469,tau,-0.2406366112917909,2.053758784903228e-48,0.07966456126710045,1328,False,0.13845652770224418
UNC5C,Unc5c,469,latency,-0.0272221657711309,0.1471567339652419,0.08795522612292225,1328,False,0.048931909281730385
UNC5C,Unc5c,469,upstroke_downstroke_ratio_long_square,0.0804547554818416,1.7272275064090887e-06,0.13121318343674565,1328,True,0.10274592249523773
UNC5C,Unc5c,469,threshold_i_long_square,0.2179741746548532,9.587902257151559e-40,0.06540556575555494,1328,True,0.11940152517200446
MAST3,Mast3,470,vrest,0.0434004560390916,0.0220534575569867,-0.1271219710415325,1328,False,0.07427753035602831
MAST3,Mast3,470,ri,0.0757075390861001,8.639792313587048e-06,-0.15716477811438256,1328,False,0.10908051421795217
MAST3,Mast3,470,tau,0.1455247589815525,3.196802431487757e-18,0.149294832011846,1328,True,0.14739774233588268
MAST3,Mast3,470,latency,0.108555308228424,2.5660948655800687e-10,0.18058674051097634,1328,True,0.14001303252960226
MAST3,Mast3,470,upstroke_downstroke_ratio_long_square,0.0848206201331342,4.518551238761628e-07,0.39400605681088624,1328,True,0.18281093532639198
MAST3,Mast3,470,threshold_i_long_square,-0.0728772540163506,1.80935485336332e-05,0.08137010795371202,1328,False,0.0770066881944714
TSC22D1,Tsc22d1,471,vrest,-0.0529149312850799,0.0043255040201183,-0.1354321311472366,1328,True,0.08465448548924005
TSC22D1,Tsc22d1,471,ri,-0.2197201192679014,2.334112222307937e-40,-0.19477412436527528,1328,True,0.20687144277507066
TSC22D1,Tsc22d1,471,tau,-0.2116284592302559,1.6985431375285983e-37,-0.17604357928978973,1328,True,0.19301769722612894
TSC22D1,Tsc22d1,471,latency,0.0898429202102202,2.095813396429432e-07,0.09143265993388884,1328,True,0.09063430460398851
TSC22D1,Tsc22d1,471,upstroke_downstroke_ratio_long_square,-0.053832519741381,0.0014895349985961,0.08413525458049947,1328,False,0.06729942609822802
TSC22D1,Tsc22d1,471,threshold_i_long_square,0.2361914088094887,1.2174317082275852e-46,0.20242182297642364,1328,True,0.21865565518089491
ITPK1,Itpk1,472,vrest,0.1061546940481797,1.895835797728388e-09,0.013756567140554453,1328,True,0.0382141881499372
ITPK1,Itpk1,472,ri,0.1954433134866171,4.920975009117328e-32,-0.014125441477504202,1328,False,0.05254258355681339
ITPK1,Itpk1,472,tau,0.2295609717896478,4.535889261256056e-44,0.1835304413670094,1328,True,0.20525941262995384
ITPK1,Itpk1,472,latency,0.0140548923181329,0.4837435053610225,0.05064214668273585,1328,True,0.02667901644335757
ITPK1,Itpk1,472,upstroke_downstroke_ratio_long_square,0.0974392100417035,6.190418768041507e-09,0.1755908585563339,1328,True,0.13080303722878023
ITPK1,Itpk1,472,threshold_i_long_square,-0.1907772329185177,1.3662689526155318e-30,-0.05983393041347196,1328,True,0.10684077722911473
PPFIBP1,Ppfibp1,473,vrest,0.0180088612400158,0.3882871531875643,-0.13003393194188312,1328,False,0.048391766209088
PPFIBP1,Ppfibp1,473,ri,-0.1150360453964677,7.835336597479298e-12,-0.28726805125301896,1328,True,0.18178608468443644
PPFIBP1,Ppfibp1,473,tau,-0.0678653241896782,6.998426939492297e-05,0.015439399253048266,1328,False,0.03236973641539263
PPFIBP1,Ppfibp1,473,latency,0.0463928015946778,0.0101752917352549,0.08328296962601074,1328,True,0.06215891155799862
PPFIBP1,Ppfibp1,473,upstroke_downstroke_ratio_long_square,-0.2083815178611442,1.4158864873253129e-36,0.17629166027162574,1328,False,0.191666177907482
PPFIBP1,Ppfibp1,473,threshold_i_long_square,0.1506553600390038,1.8157495792949856e-19,0.2429629320369095,1328,True,0.19132085093411175
GRIK1,Grik1,474,vrest,-0.0316332933479914,0.1050262275748361,0.2128281711925312,1328,False,0.08205154460489987
GRIK1,Grik1,474,ri,0.0159274063340259,0.3835076774042228,0.30668856589785853,1328,True,0.06989101091739103
GRIK1,Grik1,474,tau,0.1599331954566741,8.878940792690404e-22,0.04834943740022434,1328,True,0.08793565842108825
GRIK1,Grik1,474,latency,0.1548731464636823,4.9051702457526736e-20,-0.16998824075326008,1328,False,0.16225478022937673
GRIK1,Grik1,474,upstroke_downstroke_ratio_long_square,-0.15974155361087,6.787319384926611e-22,-0.42490407162008076,1328,True,0.26052799568602236
GRIK1,Grik1,474,threshold_i_long_square,0.0380813778997913,0.028726146590921,-0.24616296388129216,1328,False,0.09682058072794318
CACNB4,Cacnb4,478,vrest,-0.036089972044328,0.0606143562285262,-0.13133844099042613,1328,True,0.06884766273222426
CACNB4,Cacnb4,478,ri,-0.1829927341906168,3.384584287682757e-28,-0.34570970401513873,1328,True,0.2515201065003732
CACNB4,Cacnb4,478,tau,-0.0969001355572607,9.725843691327491e-09,0.044735472955657885,1328,False,0.06583975541890644
CACNB4,Cacnb4,478,latency,0.0872640585302485,4.762150907519442e-07,0.1147695757811372,1328,True,0.10007626580991592
CACNB4,Cacnb4,478,upstroke_downstroke_ratio_long_square,-0.2474209364739329,2.031594923392495e-51,0.2214514501599538,1328,False,0.234076323412015
CACNB4,Cacnb4,478,threshold_i_long_square,0.242817348110242,2.7297940754200958e-49,0.26017929020426017,1328,True,0.2513484539053374
SV2A,Sv2a,480,vrest,-0.0533460791475189,0.0040077431700527,0.10853822967425725,1328,False,0.07609263427385407
SV2A,Sv2a,480,ri,-0.0909668533639182,7.535692005678713e-08,0.1671725335294762,1328,False,0.12331731161540362
SV2A,Sv2a,480,tau,-0.1286286708674398,1.6966354970977822e-14,-0.07050882482157356,1328,True,0.09523369372876468
SV2A,Sv2a,480,latency,-0.029520093270453,0.1134114751100495,-0.05933415271517114,1328,True,0.04185151995179093
SV2A,Sv2a,480,upstroke_downstroke_ratio_long_square,-0.135178340799106,5.0466304024623e-16,-0.3452080058910816,1328,True,0.21602001172790547
SV2A,Sv2a,480,threshold_i_long_square,0.1213937390038466,4.607335598208922e-13,-0.10965335318655722,1328,False,0.11537430622814396
L3MBTL4,L3mbtl4,481,vrest,0.0669916463620146,0.0002405840808757,-0.06094143984650656,1328,False,0.0638949715313275
L3MBTL4,L3mbtl4,481,ri,0.0951086969217344,1.8194785559029072e-08,-0.10999173485315379,1328,False,0.10227986397157739
L3MBTL4,L3mbtl4,481,tau,0.1124863048716387,2.314305996962077e-11,0.11811369455743757,1328,True,0.11526566295086987
L3MBTL4,L3mbtl4,481,latency,0.0459656702192743,0.0108863676095002,0.09880135722188971,1328,True,0.06739043406358278
L3MBTL4,L3mbtl4,481,upstroke_downstroke_ratio_long_square,0.1370202910021943,2.0004101090301951e-16,0.17075908802549833,1328,True,0.15296228271218723
L3MBTL4,L3mbtl4,481,threshold_i_long_square,-0.101101014673517,1.9548658047459837e-09,0.049775769620176956,1328,False,0.07093927554433518
MGAT5,Mgat5,482,vrest,-0.051210461559829,0.0059143036585825,-0.17939046729061886,1328,True,0.09584711069920678
MGAT5,Mgat5,482,ri,-0.2087380693936401,1.829269333701917e-36,-0.30051654247621207,1328,True,0.25045806614548544
MGAT5,Mgat5,482,tau,-0.1381506398667726,1.5540075102766067e-16,-0.02318548052714682,1328,True,0.0565958388085549
MGAT5,Mgat5,482,latency,0.0489745864890004,0.0064146970711796,0.13060195280094664,1328,True,0.07997610038681749
MGAT5,Mgat5,482,upstroke_downstroke_ratio_long_square,-0.205941893528507,9.614148338495252e-36,0.1269164341120831,1328,False,0.1616706861522162
MGAT5,Mgat5,482,threshold_i_long_square,0.2013353448248562,5.640032855577762e-34,0.25129243694381453,1328,True,0.22493121047102677
REV3L,Rev3l,484,vrest,0.0191614526711472,0.354697159655376,0.07691333432102318,1328,True,0.038389727992946335
REV3L,Rev3l,484,ri,0.0507193198474388,0.0033295968537177,0.1300717500818026,1328,True,0.0812228458964291
REV3L,Rev3l,484,tau,0.0321035855844156,0.067520424611122,0.011827957069467416,1328,True,0.019486401208751728
REV3L,Rev3l,484,latency,0.0764824376981603,1.1643472496660504e-05,-0.05120473226350782,1328,False,0.06258005069664545
REV3L,Rev3l,484,upstroke_downstroke_ratio_long_square,0.1032853590406323,6.991747185899064e-10,-0.1424453373334352,1328,False,0.12129516812366369
REV3L,Rev3l,484,threshold_i_long_square,-0.0541755647539387,0.0015878733434222,-0.10251443259198297,1328,True,0.07452366926755725
SYT7,Syt7,486,vrest,-0.0750894713376103,3.287154490573378e-05,-0.12950770066450468,1328,True,0.09861371495409317
SYT7,Syt7,486,ri,-0.1927892867457192,3.405887339216783e-31,-0.2548045939240323,1328,True,0.22163843511933307
SYT7,Syt7,486,tau,-0.1458013348418481,2.752662763433995e-18,0.013088664508923008,1328,False,0.043684605488639776
SYT7,Syt7,486,latency,0.0530703021000665,0.0029779678417107,0.10069282645931994,1328,True,0.07310129081969538
SYT7,Syt7,486,upstroke_downstroke_ratio_long_square,-0.2058205736162598,1.0552618550771728e-35,0.07820074974664185,1328,False,0.12686734477427755
SYT7,Syt7,486,threshold_i_long_square,0.1847246614645223,9.808608602409631e-29,0.19624654917267856,1328,True,0.19039846995053236
MACROD2,Macrod2,488,vrest,0.0375131911077619,0.0508150160348615,0.020118185768829455,1328,True,0.02747175544968969
MACROD2,Macrod2,488,ri,0.165125469053431,3.882556362113442e-23,-0.036019717736200337,1328,False,0.07712180486971416
MACROD2,Macrod2,488,tau,0.1577358248788069,3.2792342205643893e-21,0.21473498773453542,1328,True,0.1840418442111669
MACROD2,Macrod2,488,latency,0.0271554124638044,0.1478518565158284,0.09419312176020607,1328,True,0.0505752219239001
MACROD2,Macrod2,488,upstroke_downstroke_ratio_long_square,0.089936127220122,8.44203067649443e-08,0.13892374742039487,1328,True,0.1117777429629742
MACROD2,Macrod2,488,threshold_i_long_square,-0.185366903062112,6.282127173320277e-29,-0.03635286383270033,1328,True,0.08208908445162683
KIF1A,Kif1a,491,vrest,-0.0237986504075598,0.2341558846796334,0.10366760064249642,1328,False,0.04967040352444596
KIF1A,Kif1a,491,ri,-0.0730272365234181,1.8101591256365992e-05,0.05986249473052276,1328,False,0.06611801994591002
KIF1A,Kif1a,491,tau,-0.0758806766986701,8.216149870865652e-06,-0.0161319290895459,1328,True,0.03498716472893601
KIF1A,Kif1a,491,latency,0.0228659798491764,0.2295986959609856,-0.0451932857863416,1328,False,0.032146364679517925
KIF1A,Kif1a,491,upstroke_downstroke_ratio_long_square,-0.1080432831843849,1.0878987323618472e-10,-0.21122772549774751,1328,True,0.15106864983293739
KIF1A,Kif1a,491,threshold_i_long_square,0.0894403853613584,1.2278217569402038e-07,-0.03200161809092606,1328,False,0.053499879011446795
TMEM132B,Tmem132b,492,vrest,0.0064712855700793,0.7904722531080175,0.0638115119687426,1328,True,0.020320987097290983
TMEM132B,Tmem132b,492,ri,0.1066249410675512,2.499261980510911e-10,-0.035200069082973635,1328,False,0.0612634090754489
TMEM132B,Tmem132b,492,tau,0.1460155742996108,2.4588368798437657e-18,0.1956962051621527,1328,True,0.169040509301783
TMEM132B,Tmem132b,492,latency,0.1328404975890242,5.946675070835043e-15,0.02664099905075958,1328,True,0.059489524877675934
TMEM132B,Tmem132b,492,upstroke_downstroke_ratio_long_square,-0.0094498691636701,0.5949274947874347,0.058999534067480715,1328,False,0.023612239996560883
TMEM132B,Tmem132b,492,threshold_i_long_square,-0.0327548768547816,0.061580467862031,0.0009427497465737595,1328,False,0.005556946270560842
DGKD,Dgkd,494,vrest,-0.0251687120330097,0.2058604847815777,0.030360418743633977,1328,False,0.027642949129210396
DGKD,Dgkd,494,ri,-0.1290497784792905,1.4264332576077727e-14,-0.02180058956222872,1328,True,0.05304112794543069
DGKD,Dgkd,494,tau,-0.1765255794022912,2.537305399698624e-26,-0.01426454109744777,1328,True,0.050180238960518736
DGKD,Dgkd,494,latency,-0.0388325085097234,0.0333940898825579,-0.03806994452967424,1328,True,0.03844933607896595
DGKD,Dgkd,494,upstroke_downstroke_ratio_long_square,-0.0296317996376269,0.0847544401764685,-0.20345672014621044,1328,True,0.07764527523488622
DGKD,Dgkd,494,threshold_i_long_square,0.1101071547508625,5.743460315638714e-11,0.02530842770590047,1328,True,0.05278862534594549
DAAM1,Daam1,496,vrest,0.0066178354278466,0.7864796640780419,0.1003406865243965,1328,True,0.02576893769901276
DAAM1,Daam1,496,ri,-0.0105076656724049,0.5739365976511169,0.07803581868087762,1328,False,0.028635193262331424
DAAM1,Daam1,496,tau,0.094584193633873,2.2080631970535343e-08,0.09371219023708102,1328,True,0.09414718236483986
DAAM1,Daam1,496,latency,0.1091104090160014,2.0597650387766306e-10,0.00819093376227465,1328,True,0.029895085432638628
DAAM1,Daam1,496,upstroke_downstroke_ratio_long_square,-0.1792241440738196,2.766652208483004e-27,-0.2405547323597328,1328,True,0.2076372221208901
DAAM1,Daam1,496,threshold_i_long_square,0.0113889248001648,0.5353007805411256,-0.08848789151040785,1328,False,0.03174558145848295
PTK2B,Ptk2b,497,vrest,0.0181835582052981,0.3826053448530111,-0.22804934374032468,1328,False,0.06439525227516565
PTK2B,Ptk2b,497,ri,0.0280605990126857,0.1138793073940573,-0.32700951967947395,1328,False,0.09579187337690329
PTK2B,Ptk2b,497,tau,0.0779515678215894,4.569111783464973e-06,0.03486177957139895,1328,True,0.05212993741259628
PTK2B,Ptk2b,497,latency,0.0754956056786161,1.5261309798831105e-05,0.19417537866928833,1328,True,0.12107595888743791
PTK2B,Ptk2b,497,upstroke_downstroke_ratio_long_square,0.1890898137711271,2.958002216957697e-30,0.5550794343361837,1328,True,0.32397510223289006
PTK2B,Ptk2b,497,threshold_i_long_square,-0.0600184571682372,0.0004499365854831,0.25899422545730166,1328,False,0.12467731881713622
ASTN1,Astn1,500,vrest,-0.007879203166741,0.7350357301834979,0.036197324225367845,1328,False,0.016888045229216705
ASTN1,Astn1,500,ri,-0.0360522651223045,0.0392235510498518,0.03328053100508124,1328,False,0.03463868541394526
ASTN1,Astn1,500,tau,0.0160154006658118,0.3811345181898885,0.11066931771528811,1328,True,0.042100041147513895
ASTN1,Astn1,500,latency,0.1057146435284891,7.685619337609568e-10,0.03292957590364544,1328,True,0.05900117268494078
ASTN1,Astn1,500,upstroke_downstroke_ratio_long_square,-0.0572449237908258,0.0007152296866608,-0.030004841300581894,1328,True,0.04144423788185317
ASTN1,Astn1,500,threshold_i_long_square,0.0569913254204972,0.0008735055490767,-0.02574563948482503,1328,False,0.03830506648001626
