rank,gene,mouse_gene,entrez_id,ortholog_method,cbef_discovery_score,bioelectric_evidence_score,cancer_evidence_score,cross_domain_synergy,best_electrical_feature,best_rho,best_feature_q,best_abs_rho,sig_trait_count,mean_abs_rho,matched_neuron_n,mean_mutation_percent,median_mutation_percent,max_mutation_percent,cancer_cohort_breadth,cancer_cohort_gt1pct,importance,importance_percentile,top20_selection_frequency,top50_selection_frequency,top100_selection_frequency,top500_selection_frequency,sign_concordance_fraction,mean_geometric_abs_strength,trait_fingerprint_spearman,external_replication_score,pareto_front,consensus_evidence_percentile,evidence_tier,external_replication_flag,stability_flag,predictive_importance_flag,pareto_rank
4,CACNA2D3,Cacna2d3,55799,homologene,0.9397637387119522,0.98869610935857,0.880651945320715,0.9331115431917274,tau,0.6363976095010417,0.0,0.6363976095010417,18,0.3059708710428436,3654,4.292457109716592,1.3143267241743242,18.63636363636364,10,6,0.0309180447341651,0.9933333333333333,0.9766666666666668,1.0,1.0,1.0,1.0,0.2353648280233074,0.6,0.7347553796163152,1,0.9194873535257868,A — replicated,strong,high,high,1
3,DSCAM,Dscam,1826,homologene,0.9418259591294218,0.9555730809674028,0.9250788643533122,0.940202350852156,threshold_i_long_square,-0.5457330737790306,4.271425691849813e-280,0.5457330737790306,17,0.2972015302450682,3654,7.597166981540914,2.25706869478834,34.31818181818182,10,8,0.0316974780519143,0.9966666666666667,1.0,1.0,1.0,1.0,0.8333333333333334,0.2384640304743733,0.7714285714285715,0.6962105356177757,1,0.9147058295210314,A — replicated,strong,high,high,2
8,GRIN3A,Grin3a,116443,homologene,0.9263155488466268,0.978969505783386,0.862776025236593,0.9190383120564788,tau,0.5391915491858842,1.530606887118145e-272,0.5391915491858842,18,0.1953850155505952,3654,3.909145039749517,0.7530682747245996,16.136363636363637,10,4,0.0076621945018008,0.93,0.9133333333333332,0.9966666666666668,1.0,1.0,1.0,0.2046715141996885,0.942857142857143,0.7818414885112106,1,0.9107174039062379,A — replicated,strong,high,high,3
1,SLIT2,Slit2,9353,homologene,0.9500328143287892,0.9884332281808624,0.9035226077812828,0.945024744619761,upstroke_downstroke_ratio_long_square,-0.6356815626731748,0.0,0.6356815626731748,18,0.3062542681549173,3654,5.239031014763667,1.7196009174957432,20.0,10,8,0.0203701496892825,0.9766666666666667,1.0,1.0,1.0,1.0,0.8333333333333334,0.2364629325421083,0.7142857142857143,0.6833811956366187,1,0.9104007396530861,A — replicated,strong,high,high,4
26,CEMIP,Cemip,57214,homologene,0.8815205365530383,0.9539957939011569,0.7945583596214512,0.8706350171500495,ri,-0.5405973719193492,6.105389000580451e-274,0.5405973719193492,17,0.3159813356792425,3654,2.943965760149929,1.4677117487300002,11.136363636363637,10,6,0.0251848472268929,0.9833333333333333,0.02,0.8833333333333333,0.99,1.0,1.0,0.3324146447353992,0.6,0.8026902513147794,1,0.9049155476341442,A — replicated,strong,high,high,5
20,DOCK4,Dock4,9732,homologene,0.8983346044509796,0.942429022082019,0.845031545741325,0.8924025175230367,upstroke_downstroke_ratio_long_square,-0.4890809225511095,1.7944087325016986e-217,0.4890809225511095,17,0.2069411412626789,3654,4.350493777160885,1.8959029125517024,11.818181818181818,10,10,0.0082016460800812,0.9366666666666666,0.8533333333333334,1.0,1.0,1.0,1.0,0.1910764231069761,0.8999999999999998,0.7637534961748833,1,0.8975761461329789,A — replicated,strong,high,high,6
9,CNTNAP4,Cntnap4,85445,homologene,0.9260851487700068,0.9763406940063092,0.8654048370136698,0.9192007175619172,upstroke_downstroke_ratio_long_square,-0.5239542074449237,5.104145102287967e-255,0.5239542074449237,18,0.2064808308813483,3654,4.495815199288474,1.3417671643471287,14.090909090909092,10,6,0.0045671447625636,0.8366666666666667,0.9966666666666668,1.0,1.0,1.0,1.0,0.1693252670204413,1.0,0.768527686914309,1,0.8893879769201909,A — replicated,strong,high,high,7
2,FAM135B,Fam135b,51059,homologene,0.9451549272108742,0.964248159831756,0.92192429022082,0.9428487685464852,upstroke_downstroke_ratio_long_square,-0.6751511972515856,0.0,0.6751511972515856,17,0.2255907538171045,3654,7.409203094068767,2.3526709892434066,27.727272727272727,10,9,0.0046790228924157,0.8466666666666667,1.0,1.0,1.0,1.0,0.8,0.1861096698441607,0.7999999999999999,0.6502767688909126,1,0.876623177122031,A — replicated,strong,high,high,8
17,CHL1,Chl1,10752,homologene,0.9030633051770062,0.923764458464774,0.8778916929547845,0.900536031668417,tau,0.3858786782795187,1.1871064820589616e-128,0.3858786782795187,18,0.1764682172530464,3654,4.6762623286331975,1.6921604773229388,15.227272727272728,10,6,0.0032134342052107,0.7733333333333333,0.9766666666666668,1.0,1.0,1.0,1.0,0.2079046523150786,0.7714285714285715,0.7498189709062693,1,0.8649616911318322,A — replicated,strong,high,moderate,9
55,TRPS1,Trps1,7227,homologene,0.8429668439183251,0.8456887486855941,0.8396424815983176,0.8426601922519825,tau,-0.3663503788247894,3.7790159721732923e-115,0.3663503788247894,16,0.2086131407132102,3654,4.492527340205171,1.6353621851646103,11.04868913857678,10,8,0.0045953860656567,0.84,0.0,0.3266666666666666,0.9866666666666668,1.0,1.0,0.2375351735243954,0.8999999999999998,0.7962746214670767,1,0.861654503683531,A — replicated,strong,high,high,10
42,GALNT14,Galnt14,79623,homologene,0.8555048573354191,0.9390115667718192,0.755651945320715,0.8423573571292516,threshold_i_long_square,-0.4725215963453826,1.3976403519128333e-200,0.4725215963453826,17,0.2706400428587809,3654,2.655030917443183,1.185255815376457,9.545454545454543,10,5,0.009064539454049,0.9433333333333334,0.0,0.6333333333333333,0.7966666666666666,1.0,1.0,0.2699705743873467,0.8999999999999998,0.8189794020711426,1,0.8507285828327353,C — exploratory,strong,moderate,high,11
39,UNC13C,Unc13c,440279,homologene,0.8633911664754151,0.8154574132492113,0.9227129337539433,0.8674290184969496,tau,0.3270461189444824,1.2057812245712134e-90,0.3270461189444824,16,0.1235722992624267,3654,7.248389708966174,2.2729310981887583,29.09090909090909,10,9,0.0014153953376955,0.37333333333333335,0.0,0.9666666666666668,1.0,1.0,1.0,0.1392159284491295,0.8285714285714287,0.7131654356286765,1,0.7649338231930329,B — robust,strong,high,low,12
10,CSMD3,Csmd3,114788,homologene,0.9185859016896548,0.9087802313354364,0.9305993690851736,0.9196250920444892,upstroke_downstroke_ratio_long_square,0.4946869194149865,3.46313796791945e-223,0.4946869194149865,16,0.1641408382950338,3654,14.06046167362079,5.696677057960461,39.92932862190813,10,10,0.001341718828023,0.33666666666666667,1.0,1.0,1.0,1.0,0.8,0.1030049539555253,0.7,0.5721034677688678,1,0.749629946971229,B — robust,moderate,high,low,13
38,NRXN3,Nrxn3,9369,same-symbol,0.8665804108381358,0.8803890641430074,0.8497634069400631,0.8649406977238011,tau,0.408175686604708,3.459112159235447e-145,0.408175686604708,16,0.1711464466622781,3654,4.295978846223398,1.6477054260059258,12.5,10,9,0.0,0.0,0.0,1.0,1.0,1.0,1.0,0.2078671278456005,1.0,0.7955069894919203,1,0.7051318921149983,B — robust,strong,high,low,14
21,SCN1A,Scn1a,6323,homologene,0.8945604859529266,0.8832807570977917,0.9083859095688748,0.8957453845490704,upstroke_downstroke_ratio_long_square,-0.3677991698256233,2.6591664203626435e-116,0.3677991698256233,17,0.2221041759440044,3654,5.80620973470826,2.2645459692149927,20.227272727272727,10,9,0.0,0.0,0.3533333333333333,1.0,1.0,1.0,0.8,0.2271231381916634,1.0,0.7189861967341644,1,0.7021305726801662,B — robust,strong,high,low,15
64,COL11A1,Col11a1,1301,homologene,0.8397484296505179,0.7723449001051524,0.92363301787592,0.8446083417331361,upstroke_downstroke_ratio_long_square,-0.3928135024507043,7.547662124314575e-134,0.3928135024507043,13,0.1102798004815315,3654,8.531005833090493,2.9522530403077853,26.59090909090909,10,9,0.0,0.0,0.0,0.0,1.0,1.0,1.0,0.1756806610446332,1.0,0.7729764627312432,1,0.6937908761424632,B — robust,strong,high,low,16
209,ESRRG,Esrrg,2104,homologene,0.7281499160936722,0.9324395373291272,0.4938222923238696,0.6785716099110528,upstroke_downstroke_ratio_long_square,-0.4428653833664013,6.677109633057595e-174,0.4428653833664013,17,0.2502693629350804,3654,1.8858172906489543,0.8558452254239493,5.227272727272728,9,4,0.0106194105247519,0.95,0.0,0.0,0.0133333333333333,1.0,1.0,0.2234010180239009,1.0,0.8063807126167306,1,0.6391951751206122,C — exploratory,strong,low,high,17
295,GABRD,Gabrd,2563,homologene,0.6854578053774333,0.9550473186119874,0.3843322818086225,0.6058510668451048,ri,-0.5423882702847134,5.40820672270978e-276,0.5423882702847134,17,0.2987894545412383,3654,1.2688527986101892,0.850488011651414,3.67504835589942,9,5,0.016939520015988,0.97,0.0,0.0,0.0,1.0,1.0,0.3312376921927572,0.8999999999999998,0.86186638453493,1,0.634249196991108,C — exploratory,strong,low,high,18
111,LRP1B,Lrp1b,53353,homologene,0.8000795935040828,0.6963722397476341,0.9305993690851736,0.8050115321891839,tau,-0.2870802918844312,3.1610095286491576e-69,0.2870802918844312,14,0.1015455184760044,3654,14.005902910200865,4.234368831329684,46.81818181818182,10,10,0.0018286826358176,0.5633333333333334,0.0,0.0,0.0,1.0,0.8333333333333334,0.0517764320553638,0.3714285714285715,0.485529216724469,1,0.535166831778122,C — exploratory,moderate,low,moderate,19
257,PCDH15,Pcdh15,65217,homologene,0.7043494726384613,0.5323343848580442,0.9266561514195584,0.7023467322774793,threshold_i_long_square,-0.1767647562155989,2.1253208959616003e-26,0.1767647562155989,14,0.0792744547188831,3654,9.615675514081556,4.043603191727998,32.04545454545455,10,9,0.0025223822499455,0.7066666666666667,0.0,0.0,0.0,1.0,0.6,0.0728574374921156,0.7,0.461000206244481,1,0.52533148183775,C — exploratory,moderate,low,moderate,20
506,SYNPR,Synpr,132204,homologene,0.5791349664092291,0.9876445846477392,0.1586487907465825,0.3958391327822131,threshold_i_long_square,-0.6234356616415038,0.0,0.6234356616415038,18,0.3151787665386684,3654,0.6556067505890921,0.2363152400460613,2.5,6,2,0.0649311036773779,1.0,0.0,0.0,0.0,0.59,,,,0.0,1,0.4292586750788644,Outside Top-500,limited,low,high,21
13,ITPR1,Itpr1,3708,homologene,0.9111414896170896,0.9458464773922186,0.8690851735015772,0.9066538203251956,threshold_i_long_square,0.5042362228760511,8.489756594029407e-233,0.5042362228760511,17,0.2693285281945354,3654,4.599317224530113,1.7291708155586067,14.318181818181818,10,7,0.0169143239154194,0.9666666666666667,0.9533333333333334,1.0,1.0,1.0,0.8333333333333334,0.266927732814776,0.7142857142857143,0.7047065558274861,2,0.8972609746775898,A — replicated,strong,high,high,22
14,GRID2,Grid2,2895,homologene,0.908009534360978,0.9313880126182966,0.8796004206098843,0.905123907346424,tau,0.4401766540553953,2.520702845406135e-171,0.4401766540553953,17,0.2091767707765753,3654,4.56502941334332,1.7739788485121637,16.363636363636363,10,7,0.0087646602795776,0.94,0.83,1.0,1.0,1.0,0.8333333333333334,0.1910616735044845,0.942857142857143,0.6973146000245678,2,0.8896606066505498,A — replicated,strong,high,high,23
11,KCNH7,Kcnh7,90134,homologene,0.917885994012611,0.9471608832807572,0.8823606729758149,0.914186804973675,tau,-0.5085774135612029,1.2907862782762213e-237,0.5085774135612029,17,0.2414526310476857,3654,4.477263709549126,1.6160881563928315,18.181818181818183,10,8,0.0108083930354559,0.9533333333333334,0.7666666666666667,1.0,1.0,1.0,0.6666666666666666,0.2437993756862183,0.7714285714285715,0.6249452772660671,2,0.8815600333711945,A — replicated,strong,high,high,24
33,ADCY2,Adcy2,108,homologene,0.8701268242838991,0.9476866456361724,0.7772082018927445,0.8582248154258044,tau,0.5098368369446821,5.9479680921384105e-239,0.5098368369446821,17,0.2653928348236094,3654,3.203360912942606,1.3338566976992838,9.090909090909092,10,5,0.0254164741302798,0.9866666666666667,0.2833333333333333,0.84,0.9866666666666668,1.0,1.0,0.2411605840805727,0.3999999999999999,0.6988124088564008,2,0.8794081179437303,A — replicated,strong,high,high,25
18,TRHDE,Trhde,29953,homologene,0.9015871333234416,0.9145636172450052,0.8857781282860148,0.900055803315421,tau,0.5181855805548544,3.615332265960773e-248,0.5181855805548544,16,0.1823952948482149,3654,4.481744450257092,1.869201941389691,18.863636363636363,10,7,0.008031279030606,0.9333333333333333,0.6733333333333333,1.0,1.0,1.0,0.6666666666666666,0.1502377032185831,0.4857142857142857,0.5023092493958654,2,0.8471968656520437,B — robust,moderate,high,high,26
16,LRRC4C,Lrrc4c,57689,homologene,0.9058307827826418,0.9574132492113564,0.8435856992639327,0.898699129475775,tau,-0.4414997810805423,1.8607243126940727e-172,0.4414997810805423,18,0.1847691868082393,3654,3.617567501323756,1.3143267241743242,14.090909090909092,10,6,0.002565566307277,0.7133333333333334,0.7366666666666667,0.9366666666666666,1.0,1.0,1.0,0.1747721263223779,0.6,0.6923404884256645,2,0.8413345540468574,A — replicated,strong,high,moderate,27
31,DCC,Dcc,1630,homologene,0.8732322773302917,0.8372765509989484,0.9175867507886436,0.8765123330236986,threshold_i_long_square,-0.3155695684316359,5.5216418587310435e-84,0.3155695684316359,17,0.1556842433305362,3654,6.357035656529808,1.993921909541446,26.59090909090909,10,8,0.0028568550389014,0.7466666666666667,0.0,0.9533333333333334,1.0,1.0,1.0,0.1214549535200129,0.7714285714285715,0.6893041817497234,2,0.8381668300407965,A — replicated,strong,high,moderate,28
57,LINGO2,Lingo2,158038,homologene,0.8425477296586066,0.9558359621451104,0.7082018927444795,0.8227544211636956,upstroke_downstroke_ratio_long_square,0.4365573843691633,1.881718708568087e-168,0.4365573843691633,18,0.2042230165564656,3654,2.7208889260575067,1.488899540072813,7.156673114119923,10,7,0.003884715136363,0.8166666666666667,0.0066666666666666,0.4066666666666667,1.0,1.0,1.0,0.1651701492625841,0.7142857142857143,0.7084762473409518,2,0.8378361537794415,A — replicated,strong,high,high,29
7,KCNT2,Kcnt2,343450,homologene,0.927393840059703,0.9482124079915878,0.9020767613038908,0.9248569500356338,upstroke_downstroke_ratio_long_square,0.5099500991012749,2.049632802440964e-239,0.5099500991012749,17,0.2033407100884637,3654,5.241482557237008,1.5721158408830422,19.318181818181817,10,8,0.0029486287113786,0.7566666666666667,1.0,1.0,1.0,1.0,0.6666666666666666,0.1505951159096851,0.7142857142857143,0.5482737239939225,2,0.8310459119912135,B — robust,moderate,high,moderate,30
37,RELN,Reln,5649,homologene,0.8672795827703921,0.8215036803364879,0.9238958990536278,0.8711968097510134,tau,0.335003159996817,2.543349994077101e-95,0.335003159996817,16,0.1473186287260617,3654,8.36220648328288,4.474198950227263,26.818181818181817,10,10,0.0027602833970525,0.7433333333333333,0.0,1.0,1.0,1.0,1.0,0.1351767501414551,0.6,0.6646237250990186,2,0.8306713275644935,A — replicated,strong,high,moderate,31
34,RGS12,Rgs12,6002,homologene,0.8700358283499658,0.9511041009463722,0.7730021030494217,0.8574412342840034,upstroke_downstroke_ratio_long_square,0.4258406421046355,1.614635001884037e-159,0.4258406421046355,18,0.1726705517514419,3654,2.776261626701783,1.5662158929400674,10.058027079303676,10,6,0.0023532596420645,0.6766666666666666,0.1466666666666666,0.7333333333333333,1.0,1.0,1.0,0.1492824958605824,0.942857142857143,0.7430691756738363,2,0.8287684092672594,B — robust,strong,high,moderate,32
25,EYA4,Eya4,2070,homologene,0.8820965160378115,0.9492639327024184,0.8013932702418507,0.8722005086853775,upstroke_downstroke_ratio_long_square,-0.5109291227027801,1.8913014846678044e-240,0.5109291227027801,17,0.213547379725413,3654,2.8970929901929643,0.5312187777042905,12.045454545454543,10,4,0.0051749330790204,0.8866666666666667,0.0133333333333333,0.8133333333333334,0.99,1.0,0.6666666666666666,0.1657109825671798,0.4857142857142857,0.513140544939883,2,0.8280928829101638,B — robust,moderate,high,high,33
44,CNTN5,Cntn5,53942,homologene,0.8541030007485484,0.8117770767613038,0.9064143007360672,0.8577915547416901,tau,-0.3693182687439181,3.848321369957541e-117,0.3693182687439181,15,0.1387124213584181,3654,5.229819871271356,1.2033366886447592,22.954545454545453,10,7,0.0037862807256505,0.7966666666666666,0.0,0.66,0.99,1.0,1.0,0.0929280967608791,0.3999999999999999,0.5950496677326154,2,0.8199815423793307,B — robust,moderate,high,moderate,34
5,EGFR,Egfr,1956,homologene,0.9383631780015992,0.9566246056782334,0.9161409043112512,0.9361639446872811,upstroke_downstroke_ratio_long_square,0.560686310138353,1.0993664888902867e-299,0.560686310138353,17,0.1523496219218413,3654,6.430149894313031,4.8091636427228615,23.67758186397985,10,8,0.0017176145860478,0.5133333333333333,0.9066666666666666,0.9966666666666668,1.0,1.0,0.8,0.1214704270237489,0.8999999999999998,0.6250292989166243,2,0.8022256284478884,B — robust,strong,high,moderate,35
24,ERBB4,Erbb4,2066,homologene,0.8878381497904082,0.8827549947423764,0.8940588853838065,0.8883889613600323,tau,-0.5556159695656971,7.341836954543195e-293,0.5556159695656971,15,0.220328382494129,3654,5.124047212465801,1.402936891423061,17.5,10,7,0.0034993254514682,0.7833333333333333,0.0,1.0,1.0,1.0,0.5,0.2236610778275816,-0.0857142857142857,0.3815627544793071,2,0.7883419935877647,B — robust,limited,high,moderate,36
15,CACNA1E,Cacna1e,777,homologene,0.905883725390042,0.8924815983175605,0.9223186119873816,0.9072774597577812,tau,0.3791715830442334,6.441326196173042e-124,0.3791715830442334,17,0.1865410280434663,3654,8.295324861511812,3.253678285770712,25.454545454545453,10,9,0.0021214002664737,0.6266666666666667,1.0,1.0,1.0,1.0,0.6666666666666666,0.1821710219915279,0.1428571428571428,0.4560911439654981,2,0.7795116041874215,B — robust,moderate,high,moderate,37
61,THSD7B,Thsd7b,80731,homologene,0.8409748662843265,0.7733964248159833,0.9250788643533122,0.8458443629673733,tau,0.3228465684758301,3.1379150227769283e-88,0.3228465684758301,15,0.1208585351918259,3654,7.508581852497895,2.376764279582905,35.68181818181818,10,9,0.0022424285430574,0.6466666666666666,0.0,0.0,1.0,1.0,0.8,0.1027138301876854,0.4999999999999999,0.5318996811313799,2,0.7754083273934683,B — robust,moderate,high,moderate,38
32,TSHZ3,Tshz3,57616,homologene,0.8731696476971942,0.8780231335436383,0.8672450052576236,0.8726174288119437,upstroke_downstroke_ratio_long_square,-0.5270099820807524,1.619375991851093e-258,0.5270099820807524,15,0.1491509981015212,3654,4.755164298107287,1.6822665003616089,13.346228239845262,10,7,0.0013008784327542,0.2966666666666667,0.0466666666666666,0.9233333333333332,0.99,1.0,1.0,0.1234375630838633,0.8999999999999998,0.7164062941587043,2,0.7496682199253265,B — robust,strong,high,low,39
97,SOX5,Sox5,6660,homologene,0.8130405701328594,0.9860672975814933,0.6114616193480548,0.7764935972468414,tau,-0.5865135274148124,0.0,0.5865135274148124,18,0.2844643910936121,3654,2.0794702569297887,1.7940117713663115,5.222437137330754,10,6,0.0262715673052781,0.99,0.0133333333333333,0.1266666666666666,0.5766666666666667,1.0,0.6666666666666666,0.2342443156536047,0.6,0.5839710209575233,2,0.7496333209107475,C — exploratory,moderate,low,high,40
105,GABRB2,Gabrb2,2561,homologene,0.8071180315268356,0.9403259726603576,0.6502365930599369,0.7819426812934834,tau,-0.4751935705805923,2.3134821824020317e-203,0.4751935705805923,17,0.1855846034207242,3654,2.5639828307022223,1.0350439872977149,9.772727272727272,9,5,0.0037880166852056,0.8,0.0,0.2266666666666666,0.4566666666666666,1.0,1.0,0.1667594365295901,0.8285714285714287,0.7324458912849989,2,0.715935024734392,C — exploratory,strong,low,high,41
68,KCNQ3,Kcnq3,3786,homologene,0.8334180014828735,0.8112513144058885,0.8606729758149316,0.835596842324988,upstroke_downstroke_ratio_long_square,-0.4122669449519742,1.2533341755718165e-148,0.4122669449519742,14,0.1153277015011634,3654,3.793188555308041,1.3579047858975464,16.136363636363637,10,6,0.0013398692547063,0.3333333333333333,0.0,0.0,0.7766666666666666,1.0,1.0,0.1184347463519731,1.0,0.7329043224463812,2,0.7029657225334403,C — exploratory,strong,moderate,low,42
98,PROX1,Prox1,5629,homologene,0.8130007651523523,0.8903785488958991,0.7204258675078865,0.8009068226071877,upstroke_downstroke_ratio_long_square,0.660313511068533,0.0,0.660313511068533,15,0.2019341273675926,3654,2.6081870209632543,1.2033366886447592,7.7369439071566735,10,7,0.0013083478646296,0.30666666666666664,0.0,0.0,0.7466666666666667,1.0,1.0,0.1872347802543717,0.8999999999999998,0.7610643461780602,2,0.6850404191830358,C — exploratory,strong,moderate,low,43
71,GRIA4,Gria4,2893,homologene,0.8308293477154725,0.8730283911671924,0.7798370136698213,0.8251180845289915,upstroke_downstroke_ratio_long_square,-0.3576177358003788,1.3376156804366466e-109,0.3576177358003788,17,0.1777306706110978,3654,3.1343680937556413,1.1851635283524478,9.318181818181818,10,6,0.0,0.0,0.0,0.0,1.0,1.0,1.0,0.1275810006452831,0.942857142857143,0.7278781290231268,2,0.6761487067720282,B — robust,strong,high,low,44
119,FMN1,Fmn1,342184,homologene,0.7920628351496632,0.8945846477392219,0.6703470031545741,0.7743914628145624,threshold_i_long_square,0.3805217930134761,1.7823388282883612e-124,0.3805217930134761,17,0.1965417082740447,3654,1.7207558254758275,0.9521741724620292,8.51063829787234,10,5,0.0032695228276083,0.7766666666666666,0.0,0.0066666666666666,0.24,1.0,1.0,0.175412976358659,1.0,0.7727890834510613,2,0.6708774802023048,C — exploratory,strong,low,moderate,45
48,RYR3,Ryr3,6263,homologene,0.8501683256872282,0.7894321766561513,0.9256046267087276,0.8548111342195276,f_i_curve_slope,-0.2781210245095473,1.7316541796007182e-64,0.2781210245095473,17,0.1499905943061866,3654,9.882782742741975,4.456736971942476,28.181818181818183,10,10,0.0011061831930945,0.19333333333333333,0.0,0.58,1.0,1.0,0.6666666666666666,0.1126886059778688,0.2571428571428572,0.4303105956130796,2,0.6677361464622584,B — robust,moderate,high,low,46
52,DGKI,Dgki,9162,homologene,0.8474495343490098,0.9610935856992638,0.7126708727655101,0.8276130765820632,upstroke_downstroke_ratio_long_square,-0.4514742948172269,1.6852337007987698e-181,0.4514742948172269,18,0.1726764224474679,3654,3.580456554117737,1.7246058851469024,11.136363636363637,9,7,0.0,0.0,0.2133333333333333,0.4833333333333333,0.9666666666666668,1.0,0.8333333333333334,0.1249022806946608,0.7142857142857143,0.6052887393434054,2,0.6491439728949693,B — robust,strong,high,low,47
141,ADARB2,Adarb2,105,homologene,0.7770092276459921,0.8906414300736069,0.6426130389064143,0.7565301024781204,upstroke_downstroke_ratio_long_square,0.6655244889157543,0.0,0.6655244889157543,15,0.2011992320422156,3654,2.1901013400669544,1.3417671643471287,5.996131528046422,10,6,0.0039397021896965,0.82,0.0,0.0,0.05,1.0,1.0,0.1737593187504432,0.8999999999999998,0.7516315231253102,2,0.6309771984210663,C — exploratory,strong,low,high,48
84,ARHGAP5,Arhgap5,394,homologene,0.8235248099822756,0.8556782334384857,0.7845688748685594,0.8193524936548062,upstroke_downstroke_ratio_long_square,-0.3308850182058077,4.290507439311416e-93,0.3308850182058077,17,0.1576087039773933,3654,2.977179170255099,1.3539362939826218,10.058027079303676,10,6,0.0,0.0,0.0,0.0633333333333333,0.7233333333333334,1.0,1.0,0.1535768371338604,0.8999999999999998,0.7375037859937023,2,0.6202168455268161,C — exploratory,strong,moderate,low,49
187,CNR1,Cnr1,1268,homologene,0.7412289266655817,0.9668769716088328,0.4838328075709779,0.6839640339588232,upstroke_downstroke_ratio_long_square,0.4808006872349161,3.6414166399396016e-209,0.4808006872349161,18,0.2071971616400433,3654,1.787810155622085,0.7826920527437563,5.222437137330754,9,4,0.0041142895972276,0.8233333333333334,0.0,0.0,0.0466666666666666,1.0,1.0,0.1889071679883798,0.942857142857143,0.7708064461632944,2,0.6183032450686211,C — exploratory,strong,low,high,50
189,SLC35F3,Slc35f3,148641,homologene,0.7403090388208627,0.944794952681388,0.5055205047318612,0.6910956672904339,upstroke_downstroke_ratio_long_square,-0.4137537536816432,8.498327358031388e-150,0.4137537536816432,18,0.2221498218507896,3654,1.756150980461817,0.6814774778449708,6.136363636363637,9,4,0.0031043842080086,0.7666666666666667,0.0,0.0,0.0566666666666666,1.0,1.0,0.1734034113595427,0.8285714285714287,0.7370966736659657,2,0.6021490928825097,C — exploratory,strong,low,moderate,51
168,RAPGEF5,Rapgef5,9771,homologene,0.7560993925116603,0.9850157728706624,0.4948738170347003,0.6981822937885851,upstroke_downstroke_ratio_long_square,-0.5665115160140508,2.7392038787546467e-307,0.5665115160140508,18,0.2481865621047829,3654,1.7110791556613694,0.5607555001205362,7.954545454545454,8,3,0.003665382303417,0.79,0.0,0.03,0.1033333333333333,1.0,0.8333333333333334,0.1692162829944613,0.7142857142857143,0.6363085409532658,2,0.6019062928383925,C — exploratory,strong,low,moderate,52
140,DGKG,Dgkg,1608,homologene,0.7773627010660563,0.9208727655099894,0.6090956887486856,0.7489323276226056,tau,0.4172470072350601,2.7367213852271177e-152,0.4172470072350601,17,0.1554711682049137,3654,2.363638909084895,0.9452609601842452,8.181818181818182,9,5,0.0014463818852958,0.39666666666666667,0.0,0.0,0.32,1.0,1.0,0.1689233604001973,0.942857142857143,0.7568177808515667,2,0.6006905803553817,C — exploratory,strong,low,low,53
192,TMEM132C,Tmem132c,92293,homologene,0.7376431944771882,0.9705573080967403,0.4726603575184017,0.6773064035110719,upstroke_downstroke_ratio_long_square,-0.5030157742531882,5.9616705894700835e-232,0.5030157742531882,18,0.2431325804068128,3654,1.6134731178498465,0.3909622522273945,9.284332688588009,7,3,0.0058135490425689,0.8966666666666666,0.0,0.0033333333333333,0.04,0.97,0.6666666666666666,0.1645909650975869,0.942857142857143,0.6037851041397395,2,0.5967338872843098,C — exploratory,strong,low,high,54
443,VIP,Vip,7432,homologene,0.6055836599184655,0.952944269190326,0.2347528916929548,0.4729761334514233,upstroke_downstroke_ratio_long_square,0.5345870044720813,2.4913852276043945e-267,0.5345870044720813,17,0.2517843416969032,3654,0.887912943528392,0.3857571180930132,3.409090909090909,7,3,0.0120155940943006,0.9566666666666667,0.0,0.0,0.0,0.89,1.0,0.2289179406504298,0.7,0.7502425584553009,2,0.5789212772010497,C — exploratory,strong,low,high,55
370,LAMP5,Lamp5,24141,homologene,0.6446324126378334,0.826235541535226,0.4363827549947423,0.6004622734941095,upstroke_downstroke_ratio_long_square,0.3066856171157245,1.5185895242796595e-79,0.3066856171157245,17,0.1558423901686315,3654,1.503979573292419,0.5700264386082602,6.590909090909091,8,4,0.004831421757965,0.8533333333333334,0.0,0.0,0.0,0.8533333333333334,1.0,0.2180457744850401,0.8285714285714287,0.7683463278538138,2,0.5768595915434231,C — exploratory,strong,low,high,56
441,IGF1,Igf1,3479,homologene,0.6072770280802551,0.9863301787592008,0.2080704521556256,0.4530189469207287,upstroke_downstroke_ratio_long_square,0.5943827663861873,0.0,0.5943827663861873,18,0.2622372050501764,3654,0.8263515702883562,0.2232208489743112,2.727272727272727,7,3,0.0051295900656652,0.8833333333333333,0.0,0.0,0.0,0.9833333333333332,0.8333333333333334,0.2403098825062828,0.6,0.663216917754398,2,0.5481901764005116,C — exploratory,strong,low,high,57
108,TRIO,Trio,7204,homologene,0.801949766280855,0.7426393270241851,0.8756572029442692,0.8064102404473869,upstroke_downstroke_ratio_long_square,-0.269683147753134,3.7328876593359806e-61,0.269683147753134,16,0.126324383023811,3654,4.649722740980186,2.18512649845158,15.087040618955513,10,8,0.0,0.0,0.0,0.0,0.2233333333333333,1.0,1.0,0.1235673083967153,0.8999999999999998,0.7164971158777007,2,0.5116253958358976,C — exploratory,strong,low,low,58
157,RPH3A,Rph3a,22895,homologene,0.7609051658413014,0.9085173501577288,0.5881966351209253,0.731017679889998,upstroke_downstroke_ratio_long_square,0.3943588609406621,5.582550769719035e-135,0.3943588609406621,17,0.1832054800115172,3654,2.142222578694517,0.832108543910473,7.954545454545454,9,5,0.0,0.0,0.0,0.0,0.1766666666666666,1.0,1.0,0.1743594166215038,0.942857142857143,0.7606230202064813,2,0.48680073443036037,C — exploratory,strong,low,low,59
148,FRMPD4,Frmpd4,9758,homologene,0.7698986540422379,0.7184542586750787,0.8337276550998949,0.7739477917674465,upstroke_downstroke_ratio_long_square,0.2794777105337847,9.827241458088644e-66,0.2794777105337847,15,0.1231441782337127,3654,4.078401059510973,2.182763786560555,11.363636363636363,10,8,0.0,0.0,0.0,0.0,0.0,1.0,1.0,0.1436558794084924,1.0,0.7505591155859447,2,0.46054820587218365,C — exploratory,strong,low,low,60
194,RTN1,Rtn1,6252,homologene,0.7372603763181507,0.8236067297581493,0.6344637223974763,0.7228752254393338,upstroke_downstroke_ratio_long_square,0.3374358186444959,5.315255495956719e-97,0.3374358186444959,16,0.1570330866959271,3654,2.243373252536674,1.1883821397914525,5.454545454545454,10,6,0.0,0.0,0.0,0.0,0.0,1.0,1.0,0.2370069303423735,1.0,0.8159048512396614,2,0.45479506067905734,C — exploratory,strong,low,low,61
245,MAP1A,Map1a,4130,homologene,0.7105218129317242,0.5830704521556256,0.8727655099894848,0.7133609048268653,upstroke_downstroke_ratio_long_square,-0.2076608639767485,2.4834796807727568e-36,0.2076608639767485,14,0.1079148082085343,3654,4.449482438858968,2.022084016616178,15.454545454545457,10,8,0.0,0.0,0.0,0.0,0.0,1.0,1.0,0.1707091891878524,1.0,0.7694964324314968,2,0.44506647891532136,C — exploratory,strong,low,low,62
230,PLCXD3,Plcxd3,345557,homologene,0.7171709459794612,0.9103575184016824,0.4950052576235542,0.6712911126523009,upstroke_downstroke_ratio_long_square,-0.3996506680241856,6.2819831500196285e-139,0.3996506680241856,17,0.1986253477465228,3654,1.6512421260365788,1.1334421838858215,6.136363636363637,9,5,0.0,0.0,0.0,0.0,0.0166666666666666,0.9933333333333332,1.0,0.1839981577608465,0.8999999999999998,0.7587987104325925,2,0.43616563062489916,C — exploratory,strong,low,low,63
149,PCLO,Pclo,27445,homologene,0.7688737862615581,0.6414300736067298,0.9305993690851736,0.7726023697935951,upstroke_downstroke_ratio_long_square,-0.2254532160235375,1.0007382792639582e-42,0.2254532160235375,15,0.0824689736050481,3654,12.46733620302412,5.308812340206332,49.09090909090909,10,10,0.0,0.0,0.0,0.0,0.0,1.0,0.6666666666666666,0.0863412523657802,0.942857142857143,0.5490103052274748,2,0.42420794958387564,C — exploratory,moderate,low,low,64
184,FAT3,Fat3,120114,homologene,0.7425306083288473,0.5977917981072555,0.9274447949526814,0.7445931047357196,upstroke_downstroke_ratio_long_square,-0.2385489688628132,8.303067240827921e-48,0.2385489688628132,13,0.0737486841222692,3654,10.613404335313197,4.311340620392525,31.13636363636364,10,10,0.0014052718624203,0.36666666666666664,0.0,0.0,0.0,1.0,0.2,0.1513331503695342,-0.3999999999999999,0.1959332052586739,2,0.4175672929970554,C — exploratory,limited,low,low,65
445,CORO6,Coro6,84940,homologene,0.6053483976461376,0.9721345951629864,0.2171398527865405,0.4594444067375225,upstroke_downstroke_ratio_long_square,-0.5081839445466508,1.6605979373614878e-237,0.5081839445466508,18,0.2849164954943133,3654,0.652819537608394,0.2271591592816569,2.3210831721470018,8,3,0.0,0.0,0.0,0.0,0.0,0.9066666666666666,0.6666666666666666,0.2207163587902559,0.942857142857143,0.6430728797246077,2,0.36646946553482695,C — exploratory,strong,low,low,66
123,RYR2,Ryr2,6262,homologene,0.787788130914695,0.6750788643533122,0.930073606729758,0.7923843980014462,tau,0.2480730949361023,1.8324233957307932e-51,0.2480730949361023,15,0.0892123883561382,3654,14.507904992401688,8.511301931465352,38.33922261484099,10,10,0.0,0.0,0.0,0.0,0.0,1.0,0.2,0.1285765618946229,-0.3999999999999999,0.180003593326236,2,0.35703121288186124,C — exploratory,limited,low,low,67
12,TMEM132D,Tmem132d,121256,homologene,0.9128335644033384,0.9434805467928497,0.8756572029442692,0.908936486580309,upstroke_downstroke_ratio_long_square,-0.4917811216760004,3.273317470235113e-220,0.4917811216760004,17,0.2522135180261173,3654,4.938119820225023,2.6286534483486483,14.318181818181818,10,8,0.0050136752077776,0.8733333333333333,1.0,1.0,1.0,1.0,0.8333333333333334,0.2126134402684378,0.3714285714285715,0.5981151224736208,3,0.8581172411088145,B — robust,moderate,high,high,68
41,TRPM3,Trpm3,80036,homologene,0.8569552725859987,0.8680336487907466,0.843454258675079,0.8556557004694254,tau,0.3515538127974993,1.7354624628218714e-105,0.3515538127974993,17,0.1963040199615502,3654,3.8982648953024857,1.664217087820946,12.76595744680851,10,8,0.0067697720101625,0.9133333333333333,0.0,0.6733333333333333,1.0,1.0,1.0,0.1650915395751791,0.3999999999999999,0.6455640777026254,3,0.8540770637003569,A — replicated,strong,high,high,69
40,SORCS3,Sorcs3,22986,homologene,0.8632195582178985,0.8548895899053628,0.873422712933754,0.8641064661683573,upstroke_downstroke_ratio_long_square,0.6234767024613235,0.0,0.6234767024613235,14,0.212319243243052,3654,4.250167215919356,1.227875279062563,16.818181818181817,10,7,0.0049403409773733,0.86,0.0,0.7533333333333333,0.99,1.0,0.75,0.2135792886431013,1.0,0.687005502050171,3,0.8530635609778574,A — replicated,strong,high,high,70
36,FSTL5,Fstl5,56884,homologene,0.8675209405637846,0.8827549947423764,0.84897476340694,0.8657001286864312,threshold_i_long_square,-0.3681660644582873,4.9718388800950033e-116,0.3681660644582873,17,0.181781427680427,3654,4.28510829094862,1.61619894354716,12.5,10,8,0.0048478672869651,0.8566666666666667,0.0,1.0,1.0,1.0,0.8,0.2136062752834042,0.7999999999999999,0.669524392698383,3,0.8515841635028731,A — replicated,strong,high,high,71
29,ATRNL1,Atrnl1,26033,homologene,0.874150708701147,0.9129863301787592,0.8271556256572029,0.8690119557034214,tau,-0.4046931435926444,1.5348686786637769e-142,0.4046931435926444,17,0.2140354105792246,3654,4.003767811433411,2.2645459692149927,10.909090909090908,10,7,0.0046234950605812,0.8433333333333334,0.0566666666666666,0.9933333333333332,1.0,1.0,0.8333333333333334,0.177164494320199,0.8285714285714287,0.6647294317384251,3,0.8496409441815441,A — replicated,strong,high,high,72
50,KCND3,Kcnd3,3752,homologene,0.8489313713934779,0.9468980021030494,0.732255520504732,0.8326891913522472,upstroke_downstroke_ratio_long_square,0.4177341072160913,5.842693464109752e-153,0.4177341072160913,18,0.2340245621819038,3654,2.5198843213385245,0.9817898098068208,8.636363636363637,10,5,0.0060856239880865,0.9033333333333333,0.0,0.4766666666666667,0.9533333333333334,1.0,0.8333333333333334,0.1896338917952402,0.7142857142857143,0.650600867113811,3,0.8372842112776517,A — replicated,strong,high,high,73
28,GRM7,Grm7,2917,homologene,0.8749152121195487,0.8843322818086224,0.8634332281808623,0.8738202772118343,tau,0.4164116337244279,1.2379892664144936e-151,0.4164116337244279,16,0.1849896627683954,3654,4.243781171605869,0.7956071313058053,14.772727272727272,10,5,0.0073820329822857,0.9266666666666666,0.0,0.9933333333333332,0.9966666666666668,1.0,0.6666666666666666,0.1464565990952265,0.5428571428571429,0.5110910479380872,3,0.8364379782521812,B — robust,moderate,high,high,74
43,KIT,Kit,3815,homologene,0.8541785862935471,0.926919032597266,0.7669558359621451,0.8431523951901334,upstroke_downstroke_ratio_long_square,0.6334340322713206,0.0,0.6334340322713206,16,0.1715322082123798,3654,2.886956494920489,1.550720509830798,9.284332688588009,10,7,0.0031194243358595,0.77,0.0,0.6133333333333333,0.9833333333333332,1.0,1.0,0.1377837757736372,0.6,0.666448643041546,3,0.8227313689868581,A — replicated,strong,high,moderate,75
19,SORCS1,Sorcs1,114815,homologene,0.8988663877291103,0.9390115667718192,0.8502891692954785,0.8935498671418712,upstroke_downstroke_ratio_long_square,0.4721046811008995,1.1094138926709262e-200,0.4721046811008995,17,0.237303245922766,3654,4.484185356107863,1.4789326603757518,12.190812720848056,10,9,0.0068248487319056,0.9166666666666666,0.6233333333333333,1.0,1.0,1.0,0.3333333333333333,0.160550342900487,0.3714285714285715,0.3366709543160552,3,0.8085276714100038,B — robust,limited,high,high,76
54,NTRK3,Ntrk3,4916,homologene,0.8437025267048222,0.8661934805467929,0.8163774973711883,0.8409166818942467,avg_isi,-0.3895615470689569,2.201837007185899e-130,0.3895615470689569,16,0.1666957430897448,3654,3.565658243853008,1.1883821397914525,11.136363636363637,10,6,0.0022948374053799,0.6566666666666666,0.0,0.1833333333333333,1.0,1.0,1.0,0.1507526957920234,0.6,0.6755268870544164,3,0.8029529063278129,B — robust,strong,high,moderate,77
27,COL19A1,Col19a1,1310,homologene,0.8790545839058892,0.880651945320715,0.8771030494216614,0.8788757060699296,upstroke_downstroke_ratio_long_square,-0.365568778749281,8.178289668326696e-115,0.365568778749281,17,0.163113105737179,3654,4.651441811075943,1.4196851043374386,15.227272727272728,10,6,0.0024363576363406,0.6966666666666667,0.0,0.99,1.0,1.0,0.8,0.1032222147954923,0.6,0.5522555503568447,3,0.8013354423531777,B — robust,moderate,high,moderate,78
73,CDH4,Cdh4,1002,homologene,0.8292496219086435,0.8333333333333334,0.8242639327024185,0.8287862273139852,tau,0.4784248213234987,1.6789293728117666e-206,0.4784248213234987,14,0.1696021239110009,3654,3.4837741068261527,1.062437555408581,12.272727272727272,10,6,0.0038808902034505,0.8133333333333334,0.0,0.0,0.7733333333333333,1.0,1.0,0.1405749951411672,0.7,0.6884024965988171,3,0.7865332858602472,C — exploratory,strong,moderate,high,79
87,BRINP3,Brinp3,339479,homologene,0.820631489590231,0.7573606729758149,0.89931650893796,0.8252920431141414,adaptation,0.311099410853459,2.8938084994767047e-81,0.311099410853459,15,0.1494836825599987,3654,5.34268345066291,1.9777390858497923,18.40909090909091,10,8,0.0023035712035469,0.6633333333333333,0.0,0.0,0.9333333333333332,1.0,0.6,0.1015334615192715,0.7,0.4810734230634901,3,0.7468834543287863,B — robust,moderate,high,moderate,80
63,TENM4,Tenm4,26011,homologene,0.8404281434931273,0.7960042060988434,0.895373291272345,0.844227994016635,upstroke_downstroke_ratio_long_square,-0.3524073938617346,2.85162280503643e-106,0.3524073938617346,15,0.1310337247939535,3654,5.44721823413495,1.7727940794230652,17.045454545454547,10,8,0.001116667975823,0.2,0.0,0.07,1.0,1.0,0.8,0.1610076529729353,0.7999999999999999,0.6327053570810548,3,0.7048165708904486,B — robust,strong,high,low,81
135,NDST3,Ndst3,9348,homologene,0.7792174420076142,0.8782860147213459,0.661540483701367,0.7622478304376504,threshold_i_long_square,0.3641590564790435,2.2891856396702848e-113,0.3641590564790435,17,0.2095969138466873,3654,2.74445033970889,0.9364929710257096,9.772727272727272,9,5,0.0050153957152494,0.8766666666666667,0.0,0.0,0.36,1.0,0.8333333333333334,0.2109000583686966,0.8285714285714287,0.6883443265723734,3,0.6929674983323506,C — exploratory,strong,low,high,82
6,NRXN1,Nrxn1,9378,homologene,0.9291151615264198,0.9500525762355416,0.9036540483701369,0.926562926454391,upstroke_downstroke_ratio_long_square,0.4229587494934733,3.6386239031488266e-157,0.4229587494934733,18,0.2203143770342936,3654,6.135380008109348,1.5936563331128717,18.181818181818183,10,8,0.0,0.0,0.9966666666666668,1.0,1.0,1.0,0.6666666666666666,0.1669962722347087,0.7142857142857143,0.559754533421439,3,0.6826922316054235,B — robust,moderate,high,low,83
22,HCN1,Hcn1,348980,homologene,0.8940056411988171,0.9079915878023134,0.8769716088328076,0.8923468179814674,tau,-0.3934702290390164,3.952314202787429e-134,0.3934702290390164,17,0.2197955271063799,3654,4.960401963207909,2.8805426171143917,14.318181818181818,10,7,0.0,0.0,0.3433333333333333,1.0,1.0,1.0,0.8,0.1760574974853797,0.6,0.6032402482397659,3,0.6776406889749774,B — robust,strong,high,low,84
107,SRRM4,Srrm4,84530,homologene,0.8054035732064774,0.902471083070452,0.6899316508937959,0.7890775400597264,tau,-0.4691347101841802,1.5281649286883726e-197,0.4691347101841802,16,0.1832931016272601,3654,2.195239280900907,1.033813673220532,7.543520309477756,10,6,0.002627433212638,0.72,0.0,0.0,0.3666666666666666,1.0,1.0,0.166393695130097,0.6571428571428573,0.6979041580196395,3,0.6753947117301108,C — exploratory,strong,low,moderate,85
30,ANK1,Ank1,286,homologene,0.8735196577679943,0.8633017875920084,0.8860410094637223,0.8745975001964384,upstroke_downstroke_ratio_long_square,-0.46270662041925,8.802163319266859e-192,0.46270662041925,15,0.1496212669254499,3654,5.140284754596044,2.402517001337423,15.227272727272728,10,9,0.0,0.0,0.0,1.0,1.0,1.0,0.75,0.168500256842944,0.7999999999999999,0.6154501797900608,3,0.6729585953691583,B — robust,strong,high,low,86
53,PPARGC1A,Ppargc1a,10891,homologene,0.8445336241223301,0.9518927444794952,0.7170084121976866,0.8261447241868347,upstroke_downstroke_ratio_long_square,-0.5307439860290708,7.607724822344536e-263,0.5307439860290708,17,0.2029268521276751,3654,2.591985763952086,0.9817898098068208,7.727272727272727,10,5,0.0,0.0,0.0,0.3066666666666666,1.0,1.0,0.8333333333333334,0.1743543255783836,0.942857142857143,0.6856194564762972,3,0.6709041226306958,B — robust,strong,high,low,87
66,SCN3A,Scn3a,6328,homologene,0.8372941776540479,0.7878548895899055,0.8985278654048371,0.8413736222344871,tau,0.3012457678684675,2.029623547683e-76,0.3012457678684675,16,0.1568508997098401,3654,5.571846118447005,2.220044213051038,17.5,10,9,0.0,0.0,0.0,0.0,1.0,1.0,1.0,0.1052000028383405,0.7,0.6636400019868384,3,0.6700045513963161,B — robust,strong,high,low,88
35,LAMA4,Lama4,3910,homologene,0.8684965478238351,0.91403785488959,0.8134858044164037,0.862297407888892,tau,0.4059399384169953,1.7245572415574654e-143,0.4059399384169953,17,0.1529911306410705,3654,3.9380432913117263,1.3801919650663277,9.86460348162476,10,9,0.0,0.0,0.03,1.0,1.0,1.0,0.8,0.1637882993611958,0.7,0.614651809552837,3,0.6684350937717661,B — robust,strong,high,low,89
83,IL1RAPL1,Il1rapl1,11141,homologene,0.8245352770357676,0.887223974763407,0.7492113564668769,0.8153025681441377,ri,-0.3725251503151451,6.143280605106605e-119,0.3725251503151451,17,0.2033053313699882,3654,2.852423887789123,0.9817898098068208,8.51063829787234,10,5,0.0,0.0,0.0,0.0133333333333333,0.99,1.0,1.0,0.1906860834073239,0.6,0.7034802583851267,3,0.6659831179230821,B — robust,strong,high,low,90
70,DOCK10,Dock10,55619,homologene,0.8323811053830137,0.812565720294427,0.8567297581493164,0.8343555794913039,upstroke_downstroke_ratio_long_square,0.4161167596500858,1.1363329511170398e-151,0.4161167596500858,14,0.1509100915067356,3654,4.397372210400485,1.7727940794230652,13.152804642166345,10,9,0.0008633286634191,0.023333333333333334,0.0,0.1966666666666666,1.0,1.0,1.0,0.1054595687069395,0.3999999999999999,0.6038216980948576,3,0.6592901019743869,B — robust,strong,high,low,91
62,TENM2,Tenm2,57451,homologene,0.840951247889634,0.7939011566771819,0.8991850683491062,0.844904767313575,upstroke_downstroke_ratio_long_square,-0.4328091858122943,2.727634704503614e-165,0.4328091858122943,13,0.1094459525197834,3654,5.9943953858633865,1.9897115429456984,16.818181818181817,10,10,0.0,0.0,0.0,0.09,1.0,1.0,0.75,0.1101040952421482,0.7999999999999999,0.5745728666695038,3,0.6535318183391583,B — robust,moderate,high,low,92
92,PDZD2,Pdzd2,23037,homologene,0.8166102991960407,0.7552576235541535,0.892875920084122,0.8211889828361448,tau,0.2535660658302833,8.844962019792198e-54,0.2535660658302833,17,0.1388382319186564,3654,4.972426805128485,2.1286308244756222,17.954545454545453,10,9,0.0013904644503065,0.36333333333333334,0.0,0.0,0.7366666666666667,1.0,0.8333333333333334,0.0884697834962163,0.3714285714285715,0.5112145627330658,3,0.6518696212742683,C — exploratory,moderate,moderate,low,93
80,RBFOX1,Rbfox1,54715,homologene,0.8249856772447764,0.8706624605678233,0.7698475289169296,0.8187046743416532,upstroke_downstroke_ratio_long_square,-0.4934190950003886,6.902948937070993e-222,0.4934190950003886,15,0.1582413998152031,3654,2.892895664829738,1.7246058851469024,9.318181818181818,10,6,0.0,0.0,0.0,0.0033333333333333,0.84,1.0,1.0,0.1339462377727431,0.7,0.6837623664409201,3,0.6328544711851346,B — robust,strong,moderate,low,94
186,GABRA1,Gabra1,2554,homologene,0.7420104437413038,0.9458464773922186,0.5078864353312302,0.6930963827443735,tau,-0.5041651557819918,7.00582134367851e-233,0.5041651557819918,17,0.1978349391528144,3654,2.3530178777477824,1.3596235629554352,6.590909090909091,8,5,0.0066900419283493,0.91,0.0,0.0066666666666666,0.0966666666666666,1.0,1.0,0.2159297791919268,0.4857142857142857,0.698293702577206,3,0.6317386563934644,C — exploratory,strong,low,high,95
144,PDE1A,Pde1a,5136,homologene,0.7721661333902674,0.8522607781282859,0.6765247108307045,0.7593256722089606,tau,0.5726344658980922,0.0,0.5726344658980922,14,0.2002028751477875,3654,2.4865347183913133,0.5333150599477319,12.727272727272728,9,4,0.01247791092461,0.96,0.0,0.0,0.2233333333333333,1.0,0.6,0.1953955046677924,0.0999999999999999,0.4267768532674547,3,0.6277791351119557,C — exploratory,moderate,low,high,96
91,FRAS1,Fras1,80144,homologene,0.8174258187411256,0.7368559411146162,0.918112513144059,0.8225063281956382,tau,-0.2411253833646492,1.306086639342455e-48,0.2411253833646492,17,0.1387895094061318,3654,6.800803371126439,3.1877212300508977,24.318181818181817,10,9,0.0,0.0,0.0,0.0,0.9133333333333332,1.0,0.6,0.1574202052456383,0.4999999999999999,0.4801941436719468,3,0.6096991862527911,B — robust,moderate,high,low,97
126,ANO4,Ano4,121601,homologene,0.7862767265873473,0.7155625657202944,0.8744742376445847,0.7910379441880506,upstroke_downstroke_ratio_long_square,-0.2772033887396309,1.1846047296321144e-64,0.2772033887396309,15,0.1069177894695572,3654,4.142604126015607,1.817273274253256,18.181818181818183,10,7,0.0038640603467929,0.81,0.0,0.0,0.0,1.0,0.8,0.1217960353624484,0.8999999999999998,0.6252572247537139,3,0.6050588056237186,C — exploratory,strong,low,high,98
78,TLL1,Tll1,7092,homologene,0.8262566289860427,0.8459516298633017,0.8023133543638276,0.8238436076010863,threshold_i_long_square,0.2975145504445494,2.131810717900048e-74,0.2975145504445494,18,0.1801434465805315,3654,5.165484988056524,1.6115127317211784,24.318181818181817,9,5,0.0,0.0,0.0,0.2366666666666666,0.66,1.0,1.0,0.1429499649621365,0.8285714285714287,0.7157792611877813,3,0.6048088490829822,C — exploratory,strong,low,low,99
94,KCNT1,Kcnt1,57582,homologene,0.8148493634776637,0.8604100946372238,0.7598580441640378,0.8085725271674988,upstroke_downstroke_ratio_long_square,-0.3380732979659431,2.2007435341235523e-97,0.3380732979659431,17,0.1523468951761548,3654,2.845952686803666,1.1883821397914525,9.090909090909092,10,7,0.0,0.0,0.0,0.0,0.6466666666666666,1.0,1.0,0.1244903942022857,0.8999999999999998,0.7171432759416,3,0.5968156162819056,C — exploratory,strong,low,low,100
77,PCDH11X,Pcdh11x,27328,homologene,0.8271584340509309,0.7797055730809674,0.8859095688748685,0.831112885291458,tau,0.2708873968836726,1.7493211442041658e-61,0.2708873968836726,17,0.1044684732017985,3654,5.2179085830739735,2.2233792550272296,15.19434628975265,10,8,0.0012191764488488,0.27666666666666667,0.0,0.0,0.7033333333333334,1.0,0.5,0.0831984576983292,0.2571428571428572,0.3346674918174019,3,0.5960565267546476,C — exploratory,limited,moderate,low,101
101,DLGAP2,Dlgap2,9228,homologene,0.8088952687774937,0.8638275499474238,0.742770767613039,0.8010155131829463,upstroke_downstroke_ratio_long_square,-0.4638531400094459,7.633952630597928e-193,0.4638531400094459,15,0.1678669857688663,3654,3.289898509757782,1.7470413576685475,7.350096711798839,10,7,0.0,0.0,0.0,0.0733333333333333,0.5733333333333334,1.0,1.0,0.1198968188586713,0.8999999999999998,0.7139277732010698,3,0.5787718848189731,C — exploratory,strong,low,low,102
112,PLXNA4,Plxna4,91584,homologene,0.7985714997498535,0.7187171398527865,0.8983964248159833,0.803550190652527,tau,-0.252434833552552,2.6613716790491307e-53,0.252434833552552,16,0.1427656064279858,3654,5.667283133573666,1.7116904508478985,17.272727272727273,10,7,0.0021992576860508,0.6366666666666667,0.0,0.0,0.0033333333333333,1.0,0.8333333333333334,0.124476537327032,0.6,0.5821335761289225,3,0.5678494281595385,C — exploratory,moderate,low,moderate,103
169,NCAM2,Ncam2,4685,homologene,0.7550820914071272,0.7999474237644585,0.7009726603575185,0.7488265979399474,upstroke_downstroke_ratio_long_square,0.3135359217339574,3.008628199474756e-83,0.3135359217339574,16,0.176990029929614,3654,3.395361658857906,1.284353150929656,10.831721470019342,9,5,0.0017509465951359,0.5266666666666666,0.0,0.0,0.07,1.0,1.0,0.1535805996937573,0.8857142857142858,0.7346492769284872,3,0.5664472055434262,C — exploratory,strong,low,moderate,104
290,RGS6,Rgs6,9628,homologene,0.6895029907074695,0.7896950578338591,0.5709779179810726,0.6714897169442876,tau,0.3452584715486758,1.519825833617909e-101,0.3452584715486758,15,0.1821294877435391,3654,1.9990113899491384,0.4864107447507337,7.727272727272727,9,4,0.0068491337988506,0.92,0.0,0.0,0.0,1.0,0.6666666666666666,0.1567917732673464,0.6571428571428573,0.5411828127157139,3,0.5643711577061291,C — exploratory,moderate,low,high,105
166,SEZ6,Sez6,124925,homologene,0.7569060349318832,0.879074658254469,0.612907465825447,0.7340241283923284,upstroke_downstroke_ratio_long_square,0.534233071473291,6.170469713341401e-267,0.534233071473291,15,0.1598004331461702,3654,1.855427910831705,0.6571633620871621,5.909090909090909,10,4,0.0016814385486973,0.5,0.0,0.0,0.0,1.0,1.0,0.1386818133346105,0.8999999999999998,0.7270772693342273,3,0.5438118786828287,C — exploratory,strong,low,moderate,106
132,GRIN2A,Grin2a,2903,homologene,0.7822236522242001,0.6732386961093585,0.919689800210305,0.7868740445069098,latency,0.2905209368221239,7.74865295186124e-70,0.2905209368221239,13,0.0803019141807358,3654,6.738157357204062,3.047008284459904,26.818181818181817,10,9,0.0015856280640974,0.4633333333333333,0.0,0.0,0.0,1.0,1.0,0.1410535718260459,0.3999999999999999,0.628737500278232,3,0.5369998659862457,C — exploratory,strong,low,low,107
179,ETV6,Etv6,2120,homologene,0.7471992378310782,0.9266561514195584,0.5394321766561515,0.7070135393131199,upstroke_downstroke_ratio_long_square,-0.4295457848164508,1.3963559059256176e-162,0.4295457848164508,17,0.1902170938346781,3654,1.467161141630077,0.5607555001205362,4.642166344294004,10,4,0.0016536830282338,0.48333333333333334,0.0,0.0,0.0,1.0,1.0,0.1738060251476655,0.7999999999999999,0.731664217603366,3,0.5362171758024818,C — exploratory,strong,low,low,108
233,CDH9,Cdh9,1007,homologene,0.7166176312624154,0.5872765509989485,0.8813091482649842,0.7194249071007208,tau,0.232117727522653,4.804088371231779e-45,0.232117727522653,13,0.0869025493012365,3654,4.96211027260563,2.121091110155434,15.0,10,7,0.0018767491195827,0.5766666666666667,0.0,0.0,0.0,1.0,0.75,0.1151475417798063,1.0,0.6181032792458645,3,0.5326711290352927,C — exploratory,strong,low,moderate,109
114,PCSK2,Pcsk2,5126,homologene,0.7972317355793305,0.9605678233438484,0.6065983175604627,0.7633340196421841,upstroke_downstroke_ratio_long_square,0.4490072264982266,2.6774341843995098e-179,0.4490072264982266,18,0.2106736781703937,3654,1.9222545160050064,1.3787865923263427,5.454545454545454,10,8,0.0015505012839786,0.45,0.0033333333333333,0.01,0.2766666666666666,1.0,0.3333333333333333,0.1954890689724933,0.2571428571428572,0.3382709197093167,3,0.5264207454560589,C — exploratory,limited,low,low,110
368,ZMAT4,Zmat4,79698,homologene,0.6456679306578209,0.94794952681388,0.3141430073606729,0.5457029550766966,tau,-0.4204079153329353,8.251106338649884e-155,0.4204079153329353,18,0.157180207635761,3654,1.1316935075531824,0.6571633620871621,3.863636363636364,8,4,0.002325836783437,0.6666666666666666,0.0,0.0,0.0,0.9866666666666668,0.8333333333333334,0.0886138793914698,0.7714285714285715,0.5913154298597432,3,0.5040149261401925,C — exploratory,moderate,low,moderate,111
113,CUX1,Cux1,1523,same-symbol,0.7982801645548936,0.7802313354363828,0.8204521556256572,0.8000890456977058,upstroke_downstroke_ratio_long_square,-0.330151102503297,1.1287754544535198e-92,0.330151102503297,15,0.1208870886235232,3654,3.3214727389689367,1.298938983099826,12.379110251450676,10,8,0.0,0.0,0.0,0.0,0.2,1.0,1.0,0.1488815840945137,0.7999999999999999,0.7142171088661596,3,0.5029801199856399,C — exploratory,strong,low,low,112
379,UST,Ust,10090,homologene,0.6409590635636925,0.968454258675079,0.2856203995793901,0.5259375365356024,upstroke_downstroke_ratio_long_square,0.4900402964427147,1.939013054795707e-218,0.4900402964427147,18,0.1860074216235682,3654,0.9707326426093996,0.5333150599477319,3.481624758220503,8,3,0.0018875490665831,0.5833333333333334,0.0,0.0,0.0,1.0,1.0,0.1173649729770887,0.4857142857142857,0.6292983382268194,3,0.4933412659629243,C — exploratory,strong,low,moderate,113
103,NAV3,Nav3,89795,homologene,0.8086779980888535,0.7234490010515247,0.9153522607781284,0.8137632817166129,threshold_i_long_square,0.2323898113281806,3.75981598199869e-45,0.2323898113281806,17,0.1429832050244214,3654,6.911507439910761,1.6560003443834996,21.731448763250885,10,9,0.0,0.0,0.0,0.0,0.2966666666666667,1.0,0.6,0.167620314144859,0.7,0.5273342199014014,3,0.4925604296795442,C — exploratory,moderate,low,low,114
381,CPNE4,Cpne4,131034,homologene,0.6400663413055014,0.7163512092534173,0.5492902208201893,0.6272835992719874,f_i_curve_slope,-0.2509038065196358,2.390063545718965e-52,0.2509038065196358,16,0.121683082550349,3654,2.294602210319153,0.9364929710257096,8.409090909090908,8,5,0.0015192587152821,0.44666666666666666,0.0,0.0,0.0,0.9766666666666668,1.0,0.122613214376535,1.0,0.7358292500635746,3,0.48962746936076956,C — exploratory,strong,low,low,115
162,ARID5B,Arid5b,84159,homologene,0.7590694302888604,0.7988958990536278,0.7109621451104102,0.7536476246304217,threshold_i_long_square,0.3134164032141802,8.021210466702162e-83,0.3134164032141802,16,0.1686969201805438,3654,2.812567060193725,0.7331885059741285,15.087040618955513,9,4,0.0,0.0,0.0,0.0,0.1333333333333333,1.0,1.0,0.1627656015297814,0.8999999999999998,0.7439359210708469,3,0.4774254597136437,C — exploratory,strong,low,low,116
275,NHS,Nhs,4810,homologene,0.6966762425448884,0.6051524710830704,0.8119085173501577,0.700948247424758,tau,0.2214476162418872,5.201248364097524e-41,0.2214476162418872,14,0.0869772964998913,3654,3.3143400062955357,1.3332876498693291,11.411992263056092,10,8,0.0011718914961051,0.25,0.0,0.0,0.0,1.0,1.0,0.1602012245385285,0.7714285714285715,0.7164265714626843,3,0.4766975119791825,C — exploratory,strong,low,low,117
437,NXPH1,Nxph1,30010,homologene,0.6089075959019712,0.8877497371188223,0.3023133543638275,0.5180527008558079,upstroke_downstroke_ratio_long_square,-0.4216708831783719,3.9501656211836654e-156,0.4216708831783719,16,0.1990078609352092,3654,1.1867800974031824,0.9364929710257096,3.288201160541586,8,5,0.0073753592891229,0.9233333333333333,0.0,0.0,0.0,0.9433333333333334,0.2,0.2219754130953254,0.0999999999999999,0.2653827891667278,3,0.47575584279654215,C — exploratory,limited,low,high,118
143,APLP1,Aplp1,333,homologene,0.7732190595442701,0.8533123028391167,0.6775762355415352,0.7603842041356509,ri,0.3081880026611583,6.0776774900724436e-80,0.3081880026611583,18,0.1717523523363099,3654,2.0519308858438503,0.7826920527437563,7.543520309477756,10,4,0.0,0.0,0.0,0.0,0.0,1.0,1.0,0.1700303257614937,0.942857142857143,0.7575926566044742,3,0.4576962389970253,C — exploratory,strong,low,low,119
183,USP25,Usp25,29761,homologene,0.742767070242654,0.8346477392218716,0.6335436382754994,0.7271765709819348,upstroke_downstroke_ratio_long_square,-0.3536328490484959,4.755471430743202e-107,0.3536328490484959,16,0.1475562784405615,3654,2.2561464426465188,0.9477642762428538,9.86460348162476,9,5,0.0,0.0,0.0,0.0,0.07,1.0,1.0,0.1800736783974722,0.7999999999999999,0.7360515748782306,3,0.45484859047512033,C — exploratory,strong,low,low,120
153,GRIA1,Gria1,2890,homologene,0.7635036446381035,0.693217665615142,0.8512092534174553,0.7681622820759011,upstroke_downstroke_ratio_long_square,-0.3616766254923205,3.0977535316309643e-112,0.3616766254923205,11,0.098040068588291,3654,3.70620148058993,1.7231164214476151,14.545454545454543,10,8,0.0,0.0,0.0,0.0,0.0,1.0,1.0,0.1358555012512897,0.7999999999999999,0.7050988508759028,3,0.44990515398169995,C — exploratory,strong,low,low,121
151,ARHGAP21,Arhgap21,57584,homologene,0.7658018974988628,0.7131966351209252,0.8310988433228181,0.769894082657301,upstroke_downstroke_ratio_long_square,-0.2745290069642077,2.18807915289192e-63,0.2745290069642077,15,0.1057799032468002,3654,3.702334646410205,1.6984094769112448,11.992263056092844,10,8,0.0,0.0,0.0,0.0,0.0,1.0,1.0,0.1348825583526997,0.7999999999999999,0.7044177908468898,3,0.44974265385812656,C — exploratory,strong,low,low,122
173,NCAM1,Ncam1,4684,homologene,0.7515120041676487,0.7623554153522608,0.7383017875920084,0.7502322080096416,tau,0.2838369834683162,1.2371302684800451e-67,0.2838369834683162,16,0.1153466063612711,3654,2.9359741707691493,1.3160002990909772,7.727272727272727,10,5,0.0,0.0,0.0,0.0,0.0,1.0,1.0,0.1468484901193091,0.942857142857143,0.741365371654945,3,0.4484045149198429,C — exploratory,strong,low,low,123
196,PPFIA2,Ppfia2,8499,homologene,0.7353128840938117,0.7089905362776024,0.7677444794952683,0.7377828747277339,upstroke_downstroke_ratio_long_square,-0.2454910521730936,1.277859421066506e-50,0.2454910521730936,16,0.1295455981930747,3654,4.287199494947936,1.40084060917962,16.363636363636363,9,6,0.0,0.0,0.0,0.0,0.0,1.0,1.0,0.1644944176556148,0.7999999999999999,0.7251460923589305,3,0.4403762216263602,C — exploratory,strong,low,low,124
210,LUZP1,Luzp1,7798,homologene,0.7263230984927972,0.8559411146161935,0.5741324921135648,0.7010161233788118,upstroke_downstroke_ratio_long_square,-0.3101844411506529,2.0097678415865102e-81,0.3101844411506529,18,0.1558514328625977,3654,1.9473625910873456,1.062437555408581,8.123791102514506,9,6,0.0,0.0,0.0,0.0,0.0233333333333333,1.0,1.0,0.1431756944991225,0.942857142857143,0.7387944147208144,3,0.4384402709567811,C — exploratory,strong,low,low,125
327,PTPRD,Ptprd,5789,same-symbol,0.6649856032238357,0.4745005257623554,0.9136435331230284,0.658425650188579,fast_trough_v_long_square,0.1750993478639682,7.537913256563347e-26,0.1750993478639682,12,0.0822268958864123,3654,6.499827583954081,2.2224394548696185,21.59090909090909,10,8,0.0017895695364689,0.5433333333333333,0.0,0.0,0.0,1.0,0.3333333333333333,0.15396549051198,,0.257775843358386,3,0.4378506471154206,C — exploratory,limited,low,moderate,126
359,RPS6KA2,Rps6ka2,6196,homologene,0.6506358337083831,0.7192429022082019,0.5687434279705573,0.6395816396249857,upstroke_downstroke_ratio_long_square,-0.279732681730634,7.43968761460518e-66,0.279732681730634,15,0.0909625876877062,3654,2.182841127798562,1.062437555408581,7.156673114119923,9,6,0.0010440561416432,0.15333333333333332,0.0,0.0,0.0,0.9933333333333332,1.0,0.1221132672917856,1.0,0.7354792871042499,3,0.4353597901232685,C — exploratory,strong,low,low,127
243,PPIP5K2,Ppip5k2,23262,homologene,0.7121509576172685,0.7273922187171399,0.6936119873817034,0.7103013180547971,upstroke_downstroke_ratio_long_square,-0.2344391483069877,3.521092578245474e-46,0.2344391483069877,17,0.130750336700295,3654,2.1155111599552643,0.9001503090483177,8.123791102514506,10,4,0.0,0.0,0.0,0.0,0.0,1.0,1.0,0.1389327274046378,1.0,0.7472529091832465,3,0.43365142305641796,C — exploratory,strong,low,low,128
446,IGSF11,Igsf11,152404,homologene,0.6052519966372314,0.9242902208201892,0.260515247108307,0.4907053039011941,tau,-0.5829946091397193,0.0,0.5829946091397193,16,0.2590378881485626,3654,1.235546123479041,0.8963804518882236,2.9545454545454546,7,5,0.0179183835158248,0.9733333333333334,0.0,0.0,0.0,0.95,,,,0.0,3,0.4316277602523659,C — exploratory,limited,low,high,129
276,RARB,Rarb,5915,homologene,0.6964633872296858,0.8646161934805469,0.5018401682439538,0.6587102063902794,upstroke_downstroke_ratio_long_square,-0.3479986026176037,1.6851578553325433e-103,0.3479986026176037,17,0.1368538034718672,3654,1.3275191128188266,0.6570006151557202,3.8684719535783367,10,3,0.0,0.0,0.0,0.0,0.0,1.0,1.0,0.1576440203728894,1.0,0.7603508142610226,3,0.4253614351971047,C — exploratory,strong,low,low,130
580,PVALB,Pvalb,5816,homologene,0.5410751974629014,0.9858044164037856,0.0995005257623554,0.3131901303218679,upstroke_downstroke_ratio_long_square,-0.5862391490630879,0.0,0.5862391490630879,18,0.3318837997050678,3654,0.2933454122309893,0.1928785590465066,0.7736943907156673,7,0,0.0245070260186488,0.98,0.0,0.0,0.0,0.14,,,,0.0,3,0.4130609884332282,Outside Top-500,limited,low,high,131
278,NR2F2,Nr2f2,7026,homologene,0.6960738656647916,0.953732912723449,0.406677181913775,0.6227852063470909,upstroke_downstroke_ratio_long_square,0.4326251050539651,3.821806707047676e-165,0.4326251050539651,18,0.161750048103744,3654,0.8107182756526499,0.5312187777042905,2.707930367504836,10,3,0.0,0.0,0.0,0.0,0.0,1.0,1.0,0.130923329896527,0.6,0.661646330927569,3,0.40441128511295854,C — exploratory,strong,low,low,132
228,CSMD1,Csmd1,64478,homologene,0.71931967520025,0.555993690851735,0.9295478443743428,0.7189038439297463,upstroke_downstroke_ratio_long_square,-0.1730967689451711,1.6115333099448743e-25,0.1730967689451711,15,0.0765366611039332,3654,11.184109270495169,3.499617949554992,39.77272727272727,10,9,0.0,0.0,0.0,0.0,0.0,1.0,0.25,0.0859668333012067,-1.0,0.1726767833108446,3,0.33164366370738446,C — exploratory,limited,low,low,133
79,GRIK3,Grik3,2899,homologene,0.8257305780931637,0.8485804416403786,0.7979758149316508,0.8228892206445781,tau,0.4198855817488403,2.113529052751364e-154,0.4198855817488403,15,0.1490170238070735,3654,3.4093703678207645,1.5662158929400674,10.0,10,7,0.0028663633442935,0.75,0.0,0.0066666666666666,0.9866666666666668,1.0,0.8333333333333334,0.1145007276859491,0.7714285714285715,0.6094362236658787,4,0.7985318293809149,A — replicated,strong,high,moderate,134
60,NELL1,Nell1,4745,homologene,0.8412988184302811,0.8672450052576236,0.8098054679284963,0.8380332614468838,tau,0.3897490783749138,2.095691616136636e-131,0.3897490783749138,16,0.1594134269720365,3654,3.691986625590019,1.1883821397914525,10.0,10,6,0.0066325992627553,0.9066666666666666,0.0,0.2666666666666666,1.0,1.0,0.5,0.1332324474190208,0.1428571428571428,0.3468341417647431,4,0.786110256323506,B — robust,limited,high,high,135
65,CHRM3,Chrm3,1131,homologene,0.8378800524741901,0.9019453207150367,0.7609095688748685,0.8284315452310973,tau,0.3888888500833277,8.689735910849011e-131,0.3888888500833277,17,0.1615995119442996,3654,2.8538471334193,1.2640212685003684,9.090909090909092,10,5,0.0030576353191309,0.7633333333333333,0.0,0.0533333333333333,0.99,1.0,0.6666666666666666,0.1424292087131191,0.4857142857142857,0.4968433032420405,4,0.7826063052330559,B — robust,moderate,high,moderate,136
51,CACNA2D1,Cacna2d1,781,homologene,0.8478177642373189,0.8882754994742377,0.7988958990536278,0.842401124025711,upstroke_downstroke_ratio_long_square,0.6150191178448696,0.0,0.6150191178448696,15,0.1586315280230129,3654,3.5292907844991404,1.5159104372661114,9.772727272727272,10,5,0.0027502856641409,0.74,0.0,0.46,1.0,1.0,0.25,0.2191391408226461,1.0,0.4658973985758523,4,0.7786137594207435,B — robust,moderate,high,moderate,137
58,ALK,Alk,238,homologene,0.8417995592092657,0.8243953732912722,0.8631703470031545,0.8435600988854455,threshold_i_long_square,0.302434836548171,6.1108624641215966e-77,0.302434836548171,17,0.1711968732512063,3654,4.234047707779475,1.5188747269146463,14.772727272727272,10,7,0.0027196175782812,0.7366666666666667,0.0,0.0133333333333333,1.0,1.0,0.5,0.1100998758467007,0.3714285714285715,0.3763556273784048,4,0.7601176028678998,B — robust,limited,high,moderate,138
59,PTPRM,Ptprm,5797,homologene,0.8415295782212189,0.9066771819137748,0.7632754994742377,0.8318921077201844,threshold_i_short_square,0.3934210891378464,6.445808005356438e-133,0.3934210891378464,17,0.1941885372378051,3654,2.9888183465213087,1.142316805425733,8.704061895551257,10,7,0.005407213719764,0.89,0.0,0.32,0.9866666666666668,1.0,0.1666666666666666,0.1548989222967636,0.0285714285714285,0.1891435313220202,4,0.7471525758753399,B — robust,limited,high,high,139
47,RUNX1T1,Runx1t1,862,homologene,0.851163342247719,0.8646161934805466,0.8347791798107256,0.8495667112385951,tau,0.3866203254635166,3.676704954932276e-129,0.3866203254635166,16,0.131899675293726,3654,3.668419070048152,1.0197258046984654,12.5,10,6,0.0015722936043044,0.46,0.0,0.5833333333333334,0.9966666666666668,1.0,0.8333333333333334,0.115895106873684,0.3714285714285715,0.5304122890972932,4,0.7372948658110464,B — robust,moderate,high,low,140
46,PDZRN4,Pdzrn4,29951,homologene,0.8524961351715461,0.9095688748685594,0.7837802313354364,0.844335302566458,upstroke_downstroke_ratio_long_square,0.3685272243220832,8.642736187657936e-117,0.3685272243220832,18,0.19211037264985,3654,3.1569831638107333,1.3160002990909772,9.545454545454543,10,5,0.0021145709974047,0.6233333333333333,0.0,0.6333333333333333,1.0,1.0,0.5,0.1313242120994586,0.2571428571428572,0.3683555198981925,4,0.7370075918871043,B — robust,limited,high,moderate,141
89,SOX6,Sox6,55553,homologene,0.8192739591891747,0.92534174553102,0.6933491062039958,0.8009899326440864,upstroke_downstroke_ratio_long_square,-0.6047096899960531,0.0,0.6047096899960531,16,0.163046572042329,3654,2.329336085134249,0.980798054650078,7.350096711798839,10,5,0.0034012554327155,0.78,0.0,0.0,0.7666666666666667,1.0,0.5,0.1665516978665628,0.3142857142857143,0.4044433313637369,4,0.713960169953084,C — exploratory,moderate,moderate,moderate,142
23,CACNA1A,Cacna1a,773,homologene,0.8907575657102733,0.9050998948475288,0.8732912723449001,0.8890533385408514,upstroke_downstroke_ratio_long_square,-0.3907205556438083,2.50413555472752e-132,0.3907205556438083,17,0.1624573944335482,3654,4.905901129269749,2.462342023037821,14.090909090909092,10,9,0.0,0.0,0.2666666666666666,1.0,1.0,1.0,0.8333333333333334,0.1199487064999137,0.6,0.5789640945499396,4,0.6714710523484737,B — robust,moderate,high,low,143
45,HDAC9,Hdac9,9734,homologene,0.8526849466025397,0.840168243953733,0.8680336487907466,0.8539872987329923,upstroke_downstroke_ratio_long_square,0.4054545649405004,2.4501549771841293e-143,0.4054545649405004,15,0.1321205131592063,3654,4.165298352952372,1.4677117487300002,16.136363636363637,10,6,0.0011353194763356,0.22666666666666666,0.0,0.6366666666666667,0.94,1.0,0.6,0.0907025240008812,0.7,0.4734917668006169,4,0.6696720652423526,B — robust,moderate,high,low,144
72,KCNQ5,Kcnq5,56479,homologene,0.8300810966901132,0.8170347003154573,0.8460830704521557,0.8314320344495147,upstroke_downstroke_ratio_long_square,0.375715807714207,1.0761984405423209e-121,0.375715807714207,15,0.1154768014726924,3654,3.5662511020320897,1.3292812730276309,14.772727272727272,10,7,0.0014395079015033,0.3933333333333333,0.0,0.0,0.7,1.0,0.6666666666666666,0.1482749123409989,0.5428571428571429,0.5123638672101278,4,0.653762994262215,C — exploratory,moderate,moderate,low,145
75,TRPC3,Trpc3,7222,homologene,0.8279987309892163,0.8985278654048369,0.743427970557308,0.8173070093099091,tau,-0.4481945265150885,2.5826233051445246e-178,0.4481945265150885,16,0.1936346633185291,3654,2.820476672881626,0.8045480145932509,8.409090909090908,10,4,0.0,0.0,0.0,0.03,0.98,1.0,0.8333333333333334,0.1466122473641807,0.7714285714285715,0.6319142874406407,4,0.6507740246805571,B — robust,strong,high,low,146
137,UNC5D,Unc5d,137970,homologene,0.7783868947543475,0.8270241850683492,0.7197686645636173,0.7715348943816214,threshold_i_short_square,0.3082445132877346,1.869165495648416e-79,0.3082445132877346,17,0.1875811230259333,3654,3.6829580947179386,1.6542066803224291,11.363636363636363,9,8,0.0023779495372886,0.69,0.0,0.0,0.3433333333333333,1.0,0.8333333333333334,0.1776548338774958,0.8285714285714287,0.6650726694285328,4,0.6490397704787665,C — exploratory,strong,low,moderate,147
163,GABRG3,Gabrg3,2567,homologene,0.7581256726134327,0.9124605678233436,0.5779442691903259,0.7261896143815693,tau,-0.403611194143129,1.0125947587889573e-141,0.403611194143129,17,0.1872329690347734,3654,2.297909385468766,0.7931807938620856,7.156673114119923,9,5,0.005007409348686,0.87,0.0,0.01,0.1866666666666666,1.0,1.0,0.1596053201674675,0.3999999999999999,0.6417237241172272,4,0.6377590455595127,C — exploratory,strong,low,high,148
88,MCC,Mcc,4163,homologene,0.8199307586061498,0.8877497371188222,0.7385646687697162,0.8097287141663962,tau,0.3729729044050329,1.2596352455259898e-119,0.3729729044050329,17,0.1315932073013457,3654,2.566134039001968,0.8861875153517538,8.704061895551257,10,5,0.0009635093075167,0.08,0.0,0.0366666666666666,0.7166666666666667,1.0,0.8333333333333334,0.1098745567755956,0.8285714285714287,0.6176264754572027,4,0.6081215096024815,C — exploratory,strong,moderate,low,149
96,DOCK9,Dock9,23348,homologene,0.8133331566710303,0.8101997896950578,0.8171661409043112,0.8136755099587273,upstroke_downstroke_ratio_long_square,-0.2905090136647819,3.906682296269805e-71,0.2905090136647819,17,0.1425772157261254,3654,3.6268879974292303,1.447744924376618,10.909090909090908,10,6,0.0,0.0,0.0,0.0,0.7866666666666666,1.0,0.8,0.1231896215899763,0.8999999999999998,0.6262327351129835,4,0.6080530664758038,C — exploratory,strong,moderate,low,150
121,SORCS2,Sorcs2,57537,homologene,0.790942612049214,0.8943217665615143,0.6682439537329127,0.7730621664500659,ri,0.352215614264952,1.1742893845092594e-105,0.352215614264952,18,0.2152013736645422,3654,2.1834816167856315,1.033813673220532,6.963249516441006,10,6,0.0025149287655874,0.7033333333333334,0.0,0.0,0.08,1.0,1.0,0.1807278854605642,0.5428571428571429,0.6850809483938236,4,0.6061960004043168,C — exploratory,strong,low,moderate,151
81,NEBL,Nebl,10529,same-symbol,0.824709456149046,0.7823343848580442,0.8771030494216614,0.8283645783267234,upstroke_downstroke_ratio_long_square,-0.3753636327074886,1.8691703217658224e-121,0.3753636327074886,14,0.121193219586575,3654,4.103909154724795,1.1322729846074964,18.863636363636363,10,7,0.0,0.0,0.0,0.0,0.73,1.0,0.75,0.1249676824109953,1.0,0.6249773776876968,4,0.6028829623934804,C — exploratory,strong,moderate,low,152
155,LUZP2,Luzp2,338645,homologene,0.7627238449902278,0.882229232386961,0.6217139852786541,0.7406039778428316,ri,-0.3349530150202873,4.361135922913521e-95,0.3349530150202873,18,0.1650115174120874,3654,2.207514424434285,0.3969816789804502,9.318181818181818,9,4,0.003802050004466,0.8033333333333333,0.0,0.0,0.17,1.0,0.6666666666666666,0.1207493428675837,0.6571428571428573,0.5159531114358801,4,0.5986459324869657,C — exploratory,moderate,low,high,153
67,LRRC7,Lrrc7,57554,same-symbol,0.8347605938294723,0.7923238696109358,0.887223974763407,0.8384323066867938,tau,0.3488487153808522,8.640530906387607e-104,0.3488487153808522,15,0.1275110246561231,3654,5.689898501787229,2.1689436747599258,14.664310954063604,10,8,0.0,0.0,0.0,0.1166666666666666,1.0,1.0,0.3333333333333333,0.1252518501910303,0.1428571428571428,0.2662477237051498,4,0.5891591136158986,C — exploratory,limited,high,low,154
85,KCNMA1,Kcnma1,3778,homologene,0.8225133975375496,0.8753943217665615,0.7588065194532071,0.815018354669872,upstroke_downstroke_ratio_long_square,-0.5107688611986677,2.7120144586980223e-240,0.5107688611986677,15,0.1578216051906192,3654,2.715160188755653,0.9001503090483177,9.477756286266924,10,4,0.0,0.0,0.0,0.02,0.7066666666666667,1.0,0.8,0.1369289960134016,0.7,0.5958502972093812,4,0.5873435610191633,C — exploratory,moderate,moderate,low,155
74,SLIT3,Slit3,6586,homologene,0.8286645030012523,0.7760252365930599,0.8939274447949527,0.832892704280709,upstroke_downstroke_ratio_long_square,-0.2685615914953559,1.2138594035057628e-60,0.2685615914953559,17,0.1209930134705614,3654,4.784249285878311,2.57377256800304,19.09090909090909,10,7,0.0,0.0,0.0,0.0,0.8433333333333334,1.0,0.5,0.1566155823911452,0.4285714285714286,0.4203451933880874,4,0.5867262416218867,B — robust,moderate,moderate,low,156
145,SEMA6D,Sema6d,80031,homologene,0.7717520072423416,0.8588328075709778,0.667981072555205,0.7574193422053993,tau,0.3367038140339598,2.47249645105107e-96,0.3367038140339598,17,0.140195435140629,3654,2.72963986646008,0.864215076105813,10.251450676982593,9,4,0.0018189046417678,0.5533333333333333,0.0,0.0533333333333333,0.23,1.0,0.8333333333333334,0.1100837723719141,0.8285714285714287,0.6177729263746257,4,0.5855840279668284,C — exploratory,strong,low,moderate,157
124,KCNB2,Kcnb2,9312,homologene,0.7868946760237951,0.7754994742376446,0.8008675078864353,0.7880814242830136,threshold_i_long_square,-0.2910958070318895,3.8005158272976656e-71,0.2910958070318895,16,0.1501263817767301,3654,5.263957685911506,2.4042047197557097,22.045454545454547,9,9,0.0020642193776109,0.6166666666666667,0.0,0.0,0.29,1.0,0.5,0.1343971389113731,0.4285714285714286,0.4047922829522469,4,0.5775651863485988,C — exploratory,moderate,low,moderate,158
182,NPAS3,Npas3,64067,homologene,0.7447339824247271,0.8859095688748685,0.5793901156677183,0.7164406797366747,adaptation,0.339009245392957,3.86087724432096e-97,0.339009245392957,18,0.1659302680403445,3654,2.3682430240894847,1.6028071824561778,7.045454545454546,9,6,0.0026064387443942,0.7166666666666667,0.0,0.0,0.0433333333333333,1.0,0.8333333333333334,0.2228963984363171,0.5428571428571429,0.6395989074768507,4,0.5729797184038874,C — exploratory,strong,low,moderate,159
273,IL1RAPL2,Il1rapl2,26280,homologene,0.696967270249021,0.6598317560462671,0.7429022082018927,0.700136035787692,upstroke_downstroke_ratio_long_square,-0.2089820162910294,8.77399387924016e-37,0.2089820162910294,16,0.1001905894238625,3654,2.728322485301082,1.2133805094629957,8.51063829787234,10,6,0.0035619422957116,0.7866666666666666,0.0,0.0,0.0,1.0,1.0,0.1075999923587763,0.7,0.6653199946511434,4,0.5709441251131939,C — exploratory,strong,low,moderate,160
270,TMEM108,Tmem108,66000,homologene,0.6986036248582059,0.7726077812828601,0.6102786540483701,0.6866629718199471,tau,-0.2898685123370776,1.316011431156974e-70,0.2898685123370776,16,0.161540028721648,3654,1.4924008093014671,0.3788218496981263,7.045454545454546,10,3,0.0050187455209363,0.88,0.0,0.0,0.0,0.99,0.8333333333333334,0.172305516499635,0.4285714285714286,0.5813281472640303,4,0.568842916519052,C — exploratory,moderate,low,high,161
206,SLC44A5,Slc44a5,204962,homologene,0.7290694220966603,0.6727129337539433,0.7991587802313355,0.733215144132092,threshold_i_short_square,-0.3121512571588593,1.531969356752774e-81,0.3121512571588593,12,0.1438058095906417,3654,3.1846471453739404,1.1883821397914525,10.681818181818182,10,6,0.0041363908411359,0.8266666666666667,0.0,0.0,0.0,1.0,0.6,0.1494372787251719,0.7,0.5146060951076203,4,0.562628895151913,C — exploratory,moderate,low,high,162
147,PTPRE,Ptpre,5791,homologene,0.7700240281563974,0.8845951629863301,0.6345951629863302,0.7492394888366666,tau,-0.3688490221805608,7.886445527818524e-117,0.3688490221805608,17,0.1692990001159401,3654,2.0022464512617204,1.04051339507687,6.363636363636363,10,5,0.0018868383275025,0.58,0.0,0.0,0.0133333333333333,1.0,1.0,0.1654760426093518,0.6571428571428573,0.6972618012551177,4,0.5619570921122223,C — exploratory,strong,low,moderate,163
165,KCNC2,Kcnc2,3747,homologene,0.7574673599512579,0.9277076761303892,0.5596740273396426,0.7205649806185391,upstroke_downstroke_ratio_long_square,-0.658432341097691,0.0,0.658432341097691,16,0.2006372801104722,3654,2.282518472840698,1.4402713085571957,6.576402321083172,9,6,0.0029863072615291,0.76,0.0,0.0166666666666666,0.1766666666666666,1.0,0.25,0.1807740579877156,0.3999999999999999,0.319041840591401,4,0.5486180421456198,C — exploratory,limited,low,moderate,164
106,SDK1,Sdk1,221935,homologene,0.8070913919748401,0.7331756046267087,0.89931650893796,0.8120079588226766,threshold_i_short_square,-0.2896010309411296,6.539656541127399e-70,0.2896010309411296,15,0.136576917115957,3654,6.247742662808309,3.663650563584425,16.363636363636363,10,9,0.0014683092400626,0.4066666666666667,0.0,0.0,0.2933333333333333,1.0,0.6666666666666666,0.0840454338100047,0.0857142857142857,0.3759746608098605,4,0.5416933548749058,C — exploratory,limited,low,low,165
301,THSD7A,Thsd7a,221981,homologene,0.6841242213402261,0.5389064143007362,0.8703995793901157,0.6848824105917717,tau,0.1801528015216661,2.2350065820696034e-27,0.1801528015216661,14,0.095119248411208,3654,4.572805594643214,1.56780922585432,14.545454545454543,10,6,0.0025634026627104,0.71,0.0,0.0,0.0,1.0,0.8333333333333334,0.1167886170696306,0.6,0.5767520319487414,4,0.5392116051279187,C — exploratory,moderate,low,moderate,166
139,NYAP2,Nyap2,57624,homologene,0.7780729725385284,0.7444794952681387,0.8195320715036803,0.7811048732078888,upstroke_downstroke_ratio_long_square,0.3903183928162601,4.8038533960559997e-132,0.3903183928162601,12,0.1127083802299486,3654,3.5657152469056164,1.5936563331128717,11.363636363636363,10,6,0.0018973626441363,0.5866666666666667,0.0,0.0,0.0,1.0,0.5,0.160958524306727,0.7999999999999999,0.4976709670147089,4,0.5296698400906389,C — exploratory,moderate,low,moderate,167
213,PTPRT,Ptprt,11122,homologene,0.7247784929238914,0.6514195583596214,0.8165089379600422,0.7293078168802349,latency,0.2757896279265684,8.808361952264127e-63,0.2757896279265684,13,0.094102273895249,3654,6.926677123725861,2.6286534483486483,28.863636363636363,9,8,0.0023427603761039,0.67,0.0,0.0,0.0,1.0,0.5,0.1214236892611034,0.7999999999999999,0.4699965824827724,4,0.5215850157604872,C — exploratory,moderate,low,moderate,168
118,MYO16,Myo16,23026,homologene,0.7936479906366037,0.7342271293375395,0.8675078864353313,0.798090110911725,upstroke_downstroke_ratio_long_square,-0.2633892452944121,2.6530023736933614e-58,0.2633892452944121,16,0.0849422216904238,3654,4.675818565946632,2.381638663829698,13.636363636363637,10,7,0.0011937561780305,0.26666666666666666,0.0,0.0,0.0733333333333333,1.0,0.8,0.0895978732441989,0.3999999999999999,0.5027185112709393,4,0.48889070540876195,C — exploratory,moderate,low,low,169
138,CACNB2,Cacnb2,783,homologene,0.7783524600627566,0.85068349106204,0.6917718191377498,0.767123761933131,upstroke_downstroke_ratio_long_square,0.4226811097106607,6.027215673976603e-157,0.4226811097106607,15,0.1491038452700519,3654,2.3088098034882245,0.9364929710257096,7.350096711798839,10,5,0.0011319768502214,0.21333333333333335,0.0,0.0,0.01,1.0,1.0,0.1201440364842263,0.7,0.6741008255389584,4,0.4879778938144163,C — exploratory,strong,low,low,170
364,RXFP1,Rxfp1,59350,homologene,0.6489756438791239,0.6072555205047317,0.7007097791798107,0.6523111846953045,upstroke_downstroke_ratio_long_square,0.2617202427944161,1.4643587242365192e-57,0.2617202427944161,12,0.0825247256867044,3654,2.385143591960385,1.037093397479218,7.5,10,5,0.0015659044756697,0.45666666666666667,0.0,0.0,0.0,1.0,1.0,0.0864679689035624,0.7999999999999999,0.6705275782324938,4,0.48703190891674053,C — exploratory,strong,low,low,171
128,MPDZ,Mpdz,8777,homologene,0.7844129595187894,0.7789169295478443,0.7911409043112513,0.7850051235666076,tau,-0.292905775369232,3.985593692283583e-72,0.292905775369232,16,0.1147494050244379,3654,3.2198466882181216,1.3763681172625817,9.86460348162476,10,7,0.0010203490024967,0.12333333333333334,0.0,0.0,0.0466666666666666,1.0,1.0,0.108724778279959,0.7714285714285715,0.6803930590816856,4,0.48409017858815623,C — exploratory,strong,low,low,172
115,CDH8,Cdh8,1006,homologene,0.7952260026317055,0.7279179810725552,0.879074658254469,0.7999339037999573,tau,0.2851973681676573,2.667062638599332e-68,0.2851973681676573,15,0.1162824584013889,3654,4.6781290769226604,1.4677117487300002,15.454545454545457,10,7,0.0019391041776753,0.6,0.0,0.0,0.0,1.0,0.2,0.1012236012374844,0.0999999999999999,0.1808565208662391,4,0.47756983203865266,C — exploratory,limited,low,moderate,173
266,KCTD8,Kctd8,386617,homologene,0.7012431344127188,0.9256046267087278,0.4462407991587802,0.6426838634410912,upstroke_downstroke_ratio_long_square,-0.6091040511175504,0.0,0.6091040511175504,16,0.1722285567726826,3654,2.002690714492405,0.6993721634680893,6.769825918762089,7,5,0.0013836775069349,0.36,0.0,0.0,0.01,1.0,0.8,0.1501984396245753,0.8999999999999998,0.6451389077372027,4,0.47739686672094217,C — exploratory,strong,low,low,174
167,TENM1,Tenm1,10178,homologene,0.7566248232874213,0.6293375394321767,0.9182439537329128,0.7601877336821115,adaptation,-0.1925441882745779,5.570815534020266e-31,0.1925441882745779,16,0.1200703189038089,3654,7.648677568468813,3.3581208971685346,22.727272727272727,10,9,0.0012866243990805,0.29,0.0,0.0,0.0,1.0,1.0,0.0768865927056245,0.1999999999999999,0.5438206148939372,4,0.47628042161180534,C — exploratory,moderate,low,low,175
175,GRM8,Grm8,2918,homologene,0.7505235828649344,0.6498422712933754,0.8773659305993692,0.7550824253656815,threshold_i_long_square,-0.2037770974267598,8.586337018485001e-35,0.2037770974267598,16,0.0920544250060772,3654,4.668786647902758,2.6560938885214527,15.227272727272728,10,7,0.0016524988588224,0.48,0.0,0.0,0.0,1.0,0.5,0.154512812734952,-0.1999999999999999,0.3331589689144664,4,0.4680734341614422,C — exploratory,limited,low,low,176
125,ADCY8,Adcy8,114,homologene,0.7867526990295599,0.7024185068349106,0.8923501577287066,0.7917090787440139,upstroke_downstroke_ratio_long_square,-0.2412251845348263,7.11035011863921e-49,0.2412251845348263,16,0.134464925510356,3654,4.94616231751788,1.8896140658213785,18.181818181818183,10,9,0.0009889932255039,0.1,0.0,0.0,0.0,1.0,0.8,0.1019661043408161,1.0,0.6313762730385712,4,0.46522898752043773,C — exploratory,strong,low,low,177
203,CNTN4,Cntn4,152330,homologene,0.7315527082397226,0.6088328075709778,0.8873554153522608,0.7350177472974568,adaptation,0.2267725415888003,8.382260006187853e-43,0.2267725415888003,14,0.1061209757363272,3654,4.509856840764528,1.8455455018786149,18.863636363636363,10,7,0.001514360841543,0.44,0.0,0.0,0.0,1.0,0.6,0.0717657355805881,0.3,0.3802360149064117,4,0.46328484756593,C — exploratory,limited,low,low,178
120,MAGI2,Magi2,9863,homologene,0.7920249740290537,0.7818086225026288,0.8045478443743428,0.793096741859254,upstroke_downstroke_ratio_long_square,-0.3753252364303683,1.9656238034217137e-121,0.3753252364303683,14,0.1161380236511548,3654,3.574231046283405,1.6984094769112448,10.0,10,7,0.0,0.0,0.0,0.0,0.0266666666666666,1.0,1.0,0.0911178976827524,0.7999999999999999,0.6737825283779267,4,0.457361132384313,C — exploratory,strong,low,low,179
134,PTPRN,Ptprn,5798,homologene,0.7799609637629327,0.8580441640378549,0.6866456361724501,0.7675755864277022,upstroke_downstroke_ratio_long_square,0.3357448820814238,5.526265294660537e-96,0.3357448820814238,17,0.1628911027046783,3654,2.440209379747466,0.9364929710257096,6.963249516441006,10,5,0.0,0.0,0.0,0.0,0.0366666666666666,1.0,1.0,0.1569194442935099,0.7,0.699843611005457,4,0.45624001557648575,C — exploratory,strong,low,low,180
373,NFIB,Nfib,4781,homologene,0.6430975634486753,0.918769716088328,0.3378023133543638,0.5571019076745019,upstroke_downstroke_ratio_long_square,0.5412421041568266,2.686901926711781e-275,0.5412421041568266,16,0.1472573272113392,3654,1.221969653832948,0.4545714653581494,4.25531914893617,8,4,0.0016011404019269,0.4666666666666667,0.0,0.0,0.0,0.9966666666666668,0.75,0.1810022979880164,0.3999999999999999,0.5442016085916115,4,0.453488060940194,C — exploratory,moderate,low,low,181
146,TRERF1,Trerf1,55809,homologene,0.7702205733320042,0.7444794952681387,0.801919032597266,0.7726656952614932,upstroke_downstroke_ratio_long_square,-0.2952916149565361,1.4677302514115274e-73,0.2952916149565361,15,0.1035916820042125,3654,2.9907456588519983,0.7530682747245996,11.590909090909092,10,4,0.0,0.0,0.0,0.0,0.0,1.0,1.0,0.1149328357630573,0.7999999999999999,0.6904529850341402,4,0.44737030257990895,C — exploratory,strong,low,low,182
212,SPHKAP,Sphkap,80309,homologene,0.7249752097903248,0.573080967402734,0.919689800210305,0.7259867219274391,avg_isi,0.2019378662841139,6.515734329507852e-34,0.2019378662841139,14,0.0726574109460269,3654,6.4021601470608855,2.370381047348548,28.863636363636363,10,9,0.0011320793616084,0.21666666666666667,0.0,0.0,0.0,1.0,0.75,0.1184329388003916,0.3999999999999999,0.5004030571602742,4,0.441968098287996,C — exploratory,moderate,low,low,183
390,SLC35F4,Slc35f4,341880,homologene,0.6327462503166174,0.7105678233438485,0.5402208201892745,0.619567213728197,upstroke_downstroke_ratio_long_square,0.2469466012206207,3.1999060429282574e-51,0.2469466012206207,16,0.1271991595408494,3654,1.7710443435542391,0.6571633620871621,7.272727272727272,9,4,0.0011462998579383,0.23666666666666666,0.0,0.0,0.0,0.8366666666666667,1.0,0.1149285459637136,0.8999999999999998,0.7104499821745995,4,0.43958105847487783,C — exploratory,strong,low,low,184
171,MAGI1,Magi1,9223,homologene,0.7538620844075259,0.6871713985278655,0.8370136698212408,0.7584008531627605,tau,-0.2987644994241542,4.0190245165138165e-75,0.2987644994241542,13,0.103159363873784,3654,3.579639472307226,1.520904910657322,13.181818181818182,10,6,0.0,0.0,0.0,0.0,0.0,1.0,1.0,0.1115827924966608,0.7,0.6681079547476626,4,0.43845860461935376,C — exploratory,strong,low,low,185
150,TRPC5,Trpc5,7224,homologene,0.7674418869715761,0.7276550998948474,0.8166403785488959,0.770864797633906,upstroke_downstroke_ratio_long_square,0.3432204607599384,1.5731527298476263e-100,0.3432204607599384,13,0.1083755454780393,3654,3.4232206576887654,0.940685535512592,11.590909090909092,10,5,0.0,0.0,0.0,0.0,0.0,1.0,0.75,0.1468519100757885,1.0,0.6402963370530521,4,0.4369183630993591,C — exploratory,strong,low,low,186
222,DLGAP1,Dlgap1,9229,homologene,0.7210348132245005,0.7681388012618297,0.6643007360672976,0.714335475165615,upstroke_downstroke_ratio_long_square,-0.3173826742821027,2.2668346694812122e-85,0.3173826742821027,15,0.133100055304427,3654,2.397014055797809,1.0366706901524294,6.363636363636363,10,5,0.0,0.0,0.0,0.0,0.0,1.0,1.0,0.1356970551118292,1.0,0.7449879385782805,4,0.4354854951814815,C — exploratory,strong,low,low,187
272,KIF26B,Kif26b,55083,homologene,0.6971693285496043,0.5793901156677181,0.8467402733964248,0.7004234040519133,tau,0.2249398369156205,2.5999845109103133e-42,0.2249398369156205,13,0.0767353895503885,3654,3.9572039597606734,2.0085004244971545,12.959381044487428,10,7,0.0010543292547155,0.16333333333333333,0.0,0.0,0.0,1.0,0.8,0.0899566760361794,0.7999999999999999,0.5829696732253257,4,0.4344866791245604,C — exploratory,moderate,low,low,188
221,ATP2A2,Atp2a2,488,homologene,0.7219892088141352,0.7673501577287065,0.6673238696109358,0.7155914173619485,tau,-0.262738785685041,8.529468175471641e-58,0.262738785685041,17,0.1415090320108651,3654,2.0606239359056278,0.7532117470599743,7.272727272727272,10,5,0.0,0.0,0.0,0.0,0.0,1.0,1.0,0.1337289800271611,0.8285714285714287,0.7093245717332985,4,0.4287997198145882,C — exploratory,strong,low,low,189
248,MYT1L,Myt1l,23040,homologene,0.7077469202015246,0.591745531019979,0.8548895899053628,0.7112503738782855,ri,0.1923834353449988,4.571529789646003e-31,0.1923834353449988,15,0.0838194551907036,3654,4.170250162301596,1.4946492395736162,13.636363636363637,10,6,0.0,0.0,0.0,0.0,0.0,1.0,1.0,0.1114939888992563,0.7,0.6680457922294795,4,0.4229361826309643,C — exploratory,strong,low,low,190
288,NTN4,Ntn4,59277,homologene,0.6903465107750184,0.8065194532071503,0.5536277602523659,0.6682152037173634,upstroke_downstroke_ratio_long_square,-0.3653341563120466,1.1628660043826414e-114,0.3653341563120466,15,0.1295079618038393,3654,1.85309865119947,0.8977041672424344,7.5,9,5,0.0,0.0,0.0,0.0,0.0,0.99,1.0,0.1472745944625859,1.0,0.75309221612381,4,0.42264788591666524,C — exploratory,strong,low,low,191
255,SPTBN4,Sptbn4,57731,homologene,0.7046192186224962,0.6006834910620399,0.8359621451104101,0.7086244842796732,upstroke_downstroke_ratio_long_square,-0.2191578893936549,2.146652510681825e-40,0.2191578893936549,14,0.0887773451906974,3654,3.6351472643814895,1.16043875028946,12.727272727272728,10,6,0.0,0.0,0.0,0.0,0.0,1.0,1.0,0.0865535008338093,0.7999999999999999,0.6705874505836665,4,0.4214466173512233,C — exploratory,strong,low,low,192
485,NPAS1,Npas1,4861,homologene,0.5873304621405818,0.8903785488958991,0.258937960042061,0.4801591456135294,tau,0.4271844290955588,2.4460110226644624e-160,0.4271844290955588,16,0.2035272775403073,3654,0.970437038881588,0.4995392438295136,3.863636363636364,7,2,0.0094225111210235,0.9466666666666667,0.0,0.0,0.0,0.66,,,,0.0,4,0.41919663512092536,C — exploratory,limited,low,high,193
287,PLCH1,Plch1,23007,homologene,0.6909368859502407,0.5325972660357519,0.8948475289169296,0.6903574055661351,upstroke_downstroke_ratio_long_square,-0.1613383348193903,2.591996101713422e-22,0.1613383348193903,15,0.0865928812968783,3654,4.702339325122143,1.897696576612773,20.0,10,8,0.0,0.0,0.0,0.0,0.0,1.0,1.0,0.0679857957100183,0.7142857142857143,0.6404471998541558,4,0.41357839896136744,C — exploratory,strong,low,low,194
310,ACSL3,Acsl3,2181,homologene,0.675819253869757,0.8475289169295479,0.4776550998948475,0.6362597814413191,upstroke_downstroke_ratio_long_square,-0.3242134829868829,3.1085853009255768e-89,0.3242134829868829,17,0.1193647136110301,3654,1.3874872902665625,0.516906836610266,6.382978723404255,9,3,0.0,0.0,0.0,0.0,0.0,0.9833333333333332,1.0,0.1315790195288971,1.0,0.7421053136702279,4,0.41345786609892465,C — exploratory,strong,low,low,195
154,KCNC1,Kcnc1,3746,homologene,0.7634766555568228,0.9426919032597266,0.5557308096740273,0.7237975785201811,tau,-0.4111747943178607,1.6553174885717837e-147,0.4111747943178607,18,0.2373931465825975,3654,1.3788967519844249,0.8623029425734512,5.415860735009671,10,5,0.0,0.0,0.0,0.0,0.0,1.0,0.6666666666666666,0.1947069384876971,0.6,0.5562948569413879,4,0.4109435139750284,C — exploratory,moderate,low,low,196
353,SLC4A8,Slc4a8,9498,homologene,0.6534603502935203,0.6424815983175605,0.6669295478443743,0.6545914465254351,upstroke_downstroke_ratio_long_square,-0.22634898915402,4.589381544077782e-43,0.22634898915402,15,0.1126862921443956,3654,2.645023462352567,0.686052902516624,10.909090909090908,9,4,0.0,0.0,0.0,0.0,0.0,0.98,1.0,0.1114531123165965,1.0,0.7280171786216176,4,0.40748566495671046,C — exploratory,strong,low,low,197
316,DYNC2H1,Dync2h1,79659,homologene,0.6737763556098857,0.500788643533123,0.8980021030494217,0.670603649763414,upstroke_downstroke_ratio_long_square,-0.1616498274945189,2.1554485011227357e-22,0.1616498274945189,14,0.0655698626246804,3654,5.883915196708521,2.3837349460731394,16.634429400386846,10,9,0.0,0.0,0.0,0.0,0.0,1.0,1.0,0.0676901411142936,0.6,0.6173830987800055,4,0.40323476907251,C — exploratory,strong,low,low,198
607,SST,Sst,6750,homologene,0.5233062218142412,0.961882229232387,0.0901682439537329,0.294501666379303,tau,0.6201606394708873,0.0,0.6201606394708873,17,0.2208064311252363,3654,0.3775217879629305,0.2235827604266801,1.11731843575419,6,1,0.0125369448618062,0.9633333333333334,0.0,0.0,0.0,0.1266666666666666,,,,0.0,4,0.4030767613038906,Outside Top-500,limited,low,high,199
371,KIF21A,Kif21a,55605,homologene,0.6436972675906912,0.5068349106203995,0.8192691903259727,0.6443867059871048,tau,0.1655415679958918,2.926721976224425e-23,0.1655415679958918,14,0.0648325296208392,3654,3.5324180554895124,1.6813481609200938,11.411992263056092,10,7,0.0,0.0,0.0,0.0,0.0,1.0,1.0,0.0969693412733227,0.7999999999999999,0.6778785388913259,4,0.4007965279675396,C — exploratory,strong,low,low,200
356,NAV2,Nav2,89797,homologene,0.6517098948700029,0.4800210304942165,0.8746056782334385,0.6479422188295098,avg_isi,0.1660920665807189,3.194643750470301e-23,0.1660920665807189,13,0.0656172761944158,3654,4.621316043649944,2.4222661866835278,15.087040618955513,10,8,0.0,0.0,0.0,0.0,0.0,1.0,1.0,0.0796520327334573,0.7,0.6457564229134202,4,0.40007662632821506,C — exploratory,strong,low,low,201
457,USP11,Usp11,8237,homologene,0.5992858391486532,0.5562565720294427,0.6527339642481599,0.6025674712427399,tau,0.1535526446815938,3.720483365667458e-20,0.1535526446815938,16,0.0852942966301187,3654,2.0632678650535894,1.116104244871556,6.769825918762089,10,5,0.0009443849029619,0.06666666666666667,0.0,0.0,0.0,0.89,1.0,0.0984339115212046,0.942857142857143,0.7074751666362719,4,0.3966264739161082,C — exploratory,strong,low,low,202
405,SPTAN1,Sptan1,6709,homologene,0.6239689902349915,0.472397476340694,0.819794952681388,0.6223094622159673,threshold_i_long_square,0.1488208533496262,5.0492553575379855e-19,0.1488208533496262,14,0.0744920153065024,3654,3.505672889483594,1.933237329685837,11.60541586073501,10,8,0.0,0.0,0.0,0.0,0.0,0.9966666666666668,1.0,0.0901986919668335,0.7999999999999999,0.6731390843767835,4,0.3930663026797731,C — exploratory,strong,low,low,203
325,PRMT8,Prmt8,56341,homologene,0.6662191011265017,0.8998422712933754,0.402602523659306,0.6018959788186284,tau,-0.3863021028837877,6.114208086260633e-129,0.3863021028837877,17,0.1377345953316071,3654,1.5508878706238094,0.7125330482603252,5.222437137330754,8,4,0.0,0.0,0.0,0.0,0.0,1.0,0.8333333333333334,0.1663000944964931,0.8285714285714287,0.657124351861831,4,0.3919138293629025,C — exploratory,strong,low,low,204
456,SGK1,Sgk1,6446,homologene,0.5997281101698657,0.731335436382755,0.4466351209253417,0.571524357368782,tau,-0.287621305103511,1.7138884143658978e-69,0.287621305103511,15,0.1203525826746204,3654,1.2128164967117443,0.4395064295537355,5.996131528046422,9,3,0.000871362689013,0.02666666666666667,0.0,0.0,0.0,0.63,1.0,0.1380533159991559,0.7714285714285715,0.7009230354851235,4,0.3811120518919774,C — exploratory,strong,low,low,205
454,BSN,Bsn,8927,homologene,0.6015788409048778,0.3682965299684542,0.9137749737118822,0.5801208080995731,upstroke_downstroke_ratio_long_square,-0.1307682508429844,4.452635425487357e-15,0.1307682508429844,12,0.0562357459549236,3654,6.220603435895132,2.280728792906647,22.954545454545453,10,9,0.0,0.0,0.0,0.0,0.0,0.9666666666666668,0.75,0.0979248669164139,0.7999999999999999,0.5660474068414898,4,0.3696237821043652,C — exploratory,moderate,low,low,206
133,CNTNAP2,Cntnap2,26047,homologene,0.7807577131450355,0.6729758149316508,0.9166666666666666,0.7854263154622971,threshold_i_ramp,0.2198624347238866,2.1587274247882555e-40,0.2198624347238866,16,0.1094915245285509,3654,6.751626070565997,3.731379225645496,23.181818181818183,10,8,0.0,0.0,0.0,0.0,0.0,1.0,0.2,0.1564011609078053,0.0999999999999999,0.2194808126354637,4,0.36182465884675624,C — exploratory,limited,low,low,207
708,PTPRK,Ptprk,5796,homologene,0.4668435593261235,0.1773133543638275,0.8801261829652997,0.3950419291227313,upstroke_downstroke_ratio_long_square,-0.0820806189130227,1.0568473464887435e-06,0.0820806189130227,9,0.0362461280804186,3654,4.31062507975159,1.0773921042618877,18.40909090909091,10,6,0.0019370325617025,0.5966666666666667,0.0,0.0,0.0,0.0,,,,0.0,4,0.33082124079915876,Outside Top-500,limited,low,moderate,208
466,CSMD2,Csmd2,114784,homologene,0.5961529273803745,0.3496319663512092,0.9282334384858044,0.569684195261494,upstroke_downstroke_ratio_long_square,0.1034089182413454,6.671403897996e-10,0.1034089182413454,14,0.051872006521258,3654,9.862015558091676,4.388042806083411,39.54545454545455,10,9,0.0,0.0,0.0,0.0,0.0,0.9466666666666668,0.2,0.104351012309896,0.0,0.1630457086169272,4,0.28818222269078814,C — exploratory,limited,low,low,209
56,NETO1,Neto1,81832,homologene,0.8426912315615354,0.8824921135646688,0.7945583596214512,0.8373717729496324,tau,0.4120113680614053,3.745067689689442e-148,0.4120113680614053,16,0.1467537192772711,3654,3.2664981688229986,1.5811704417933738,10.0,10,6,0.0013555692929512,0.3466666666666667,0.0,0.0866666666666666,1.0,1.0,0.6666666666666666,0.1122797597725324,0.2571428571428572,0.4300244032693441,5,0.6907483086244262,B — robust,moderate,high,low,210
69,RIMBP2,Rimbp2,23504,homologene,0.8333078804654918,0.8220294426919033,0.8471345951629864,0.83448761473545,threshold_i_long_square,0.2987958710572863,4.756350787216264e-75,0.2987958710572863,17,0.1672529030780588,3654,4.19644311992951,1.8839703025978136,12.5,10,9,0.0,0.0,0.0,0.0066666666666666,1.0,1.0,0.6666666666666666,0.1674577446968161,0.7142857142857143,0.5600775641449142,5,0.6458483203999608,B — robust,moderate,high,low,211
49,SCN8A,Scn8a,6334,homologene,0.8491739978894353,0.8711882229232387,0.8224237644584648,0.8464549000675761,upstroke_downstroke_ratio_long_square,-0.3206763385294896,3.259429062514536e-87,0.3206763385294896,18,0.146624363878066,3654,3.6836476611838336,1.7116904508478985,11.136363636363637,10,8,0.0,0.0,0.0,0.5533333333333333,1.0,1.0,0.6666666666666666,0.1184744310338324,0.7142857142857143,0.5257892445808255,5,0.6438802463925057,B — robust,moderate,high,low,212
76,CAMTA1,Camta1,23261,homologene,0.8274281386703639,0.8322818086225027,0.8215036803364879,0.8268751833623346,upstroke_downstroke_ratio_long_square,-0.3512818438538124,1.4656178526112095e-105,0.3512818438538124,16,0.1108835784460534,3654,3.840203919092841,1.8679773251585745,10.831721470019342,10,7,0.0,0.0,0.0,0.0866666666666666,1.0,1.0,0.8,0.0860988860426581,0.7,0.5602692202298607,5,0.6428109418377703,B — robust,moderate,high,low,213
95,ARAP2,Arap2,116984,homologene,0.8141495494101807,0.8661934805467929,0.7514458464773922,0.8067821844851827,upstroke_downstroke_ratio_long_square,-0.3498550387899178,1.1522447686837041e-104,0.3498550387899178,17,0.1710114661974752,3654,4.040746767859314,1.0121320997346253,14.318181818181818,9,5,0.0012735029990377,0.2866666666666667,0.0,0.3433333333333333,0.6,1.0,0.6,0.1647721612854218,0.3,0.4453405128997953,5,0.5899293013181295,C — exploratory,moderate,low,low,214
86,ARPP21,Arpp21,10777,homologene,0.8215111183704181,0.9061514195583596,0.7204258675078865,0.8079696297069798,upstroke_downstroke_ratio_long_square,0.4886513573492591,4.766294734678931e-217,0.4886513573492591,16,0.1465273214513539,3654,3.39273057893186,0.8269971363681248,12.727272727272728,9,4,0.0014293851771301,0.38,0.0,0.29,0.6366666666666667,1.0,0.2,0.1960624475032342,0.3,0.2872437132522639,5,0.5860975333970353,C — exploratory,limited,low,low,215
231,PRKCA,Prkca,5578,homologene,0.7168388304614379,0.8598843322818087,0.5496845425867508,0.687506455146306,tau,-0.3813445087272319,1.9858741187155385e-125,0.3813445087272319,16,0.1970953244756406,3654,1.5639087450019815,0.7602429309688823,4.642166344294004,10,4,0.0049863292593731,0.8633333333333333,0.0,0.0,0.0,1.0,0.8,0.2201659581884331,0.4999999999999999,0.6141161707319033,5,0.5774036757867592,C — exploratory,strong,low,high,216
244,GAP43,Gap43,2596,homologene,0.7115666124922153,0.8990536277602524,0.4956624605678234,0.6675530940068174,tau,0.3861563458817981,7.635634173379655e-129,0.3861563458817981,17,0.1991793131220685,3654,1.2904299326707702,0.5312187777042905,3.863636363636364,10,4,0.004711086740926,0.85,0.0,0.0,0.0,1.0,0.8333333333333334,0.1737698674034101,0.7142857142857143,0.6394960500395299,5,0.5768424276735212,C — exploratory,strong,low,high,217
93,PDE1C,Pde1c,5137,homologene,0.8159958639420577,0.7818086225026288,0.8581756046267087,0.8191026109826337,ri,0.2724476622441845,4.190614522915333e-62,0.2724476622441845,17,0.1187748145957226,3654,3.780327542452885,1.455225857410502,15.681818181818182,10,6,0.0,0.0,0.0,0.0,0.6433333333333333,1.0,0.8,0.1574495184762156,0.6,0.5902146629333509,5,0.5747064446792044,C — exploratory,moderate,low,low,218
185,PRKD1,Prkd1,5587,homologene,0.7422312833127462,0.8698738170347003,0.5921398527865406,0.7176955858592092,upstroke_downstroke_ratio_long_square,0.3535099575032849,5.654278921854868e-107,0.3535099575032849,17,0.1702458114729603,3654,2.534592474479861,0.9728214895014674,7.156673114119923,9,5,0.0021443496359703,0.63,0.0,0.0,0.08,1.0,1.0,0.1135489356288535,0.7714285714285715,0.6837699692259118,5,0.5711567278094305,C — exploratory,strong,low,moderate,219
328,TOX3,Tox3,27324,homologene,0.6641889826150968,0.9045741324921136,0.393664563617245,0.5967401286380496,threshold_i_long_square,0.3651205795177332,5.387933846373834e-114,0.3651205795177332,18,0.2152837790691445,3654,1.2510069252142908,0.6151370897441877,4.061895551257253,9,3,0.0050065314542139,0.8666666666666667,0.0,0.0,0.0,1.0,0.6666666666666666,0.1644010869837913,0.8857142857142858,0.592223618031511,5,0.5514257961615072,C — exploratory,moderate,low,high,220
254,SLC24A2,Slc24a2,25769,homologene,0.7059401980742296,0.9040483701366984,0.4787066246056782,0.6578555645036406,upstroke_downstroke_ratio_long_square,-0.4736964808792656,3.2991039597335046e-202,0.4736964808792656,16,0.1664634614013848,3654,1.8777301397857584,0.6646406365138153,4.835589941972921,9,4,0.0024917934911073,0.7,0.0,0.0,0.0333333333333333,1.0,0.8333333333333334,0.1159807762201365,0.7714285714285715,0.6104722576398098,5,0.5453121171431039,C — exploratory,strong,low,moderate,221
99,EPHB6,Ephb6,2051,homologene,0.8101802058288206,0.8364879074658255,0.7782597266035752,0.8068487157897384,upstroke_downstroke_ratio_long_square,-0.3982448690126545,7.098601709689965e-138,0.3982448690126545,15,0.1235191042812499,3654,3.231359024049956,1.2033366886447592,9.090909090909092,10,6,0.0,0.0,0.0,0.0066666666666666,0.52,1.0,0.8,0.1029434847261002,0.6,0.5520604393082702,5,0.5373616146755341,C — exploratory,moderate,low,low,222
208,CLSTN2,Clstn2,64084,homologene,0.7283793245606007,0.673764458464774,0.796267087276551,0.732459188523298,tau,-0.2477456180667942,2.485574992528977e-51,0.2477456180667942,15,0.0944171754475055,3654,3.119699123196195,1.7470413576685475,10.681818181818182,10,6,0.0026809196920048,0.73,0.0,0.0,0.0,1.0,0.6666666666666666,0.0753932554978005,0.6571428571428573,0.4842038502770318,5,0.5368470792036714,C — exploratory,moderate,low,moderate,223
225,GRIA3,Gria3,2892,homologene,0.7203078178002549,0.7752365930599369,0.6543112513144059,0.7122120648162064,upstroke_downstroke_ratio_long_square,-0.367656044143592,3.2880753505388966e-116,0.367656044143592,14,0.1432270516790194,3654,2.89951788202177,1.5530408646461973,8.704061895551257,9,7,0.0021023249512185,0.62,0.0,0.0,0.0,1.0,0.8,0.1443785426688618,0.7999999999999999,0.6210649798682034,5,0.5341225648485093,C — exploratory,strong,low,moderate,224
268,PENK,Penk,5179,homologene,0.7001033142793833,0.8753943217665615,0.4976340694006309,0.6600197259710495,threshold_i_short_square,-0.360482849910655,2.4218474271148706e-110,0.360482849910655,17,0.1690121482407769,3654,1.5965023607366653,0.6617387867588151,8.636363636363637,8,4,0.0023024020646814,0.66,0.0,0.0,0.0033333333333333,0.9233333333333332,0.8333333333333334,0.1333038782527924,0.7714285714285715,0.622598429062669,5,0.5317920307126389,C — exploratory,strong,low,moderate,225
262,CDH13,Cdh13,1012,homologene,0.7018959952365434,0.7613038906414301,0.630651945320715,0.6929053179282483,tau,0.28350878665453,1.763273436134097e-67,0.28350878665453,16,0.1019280702388358,3654,2.422695989161631,0.7852042287134748,9.090909090909092,9,5,0.0017888070720147,0.54,0.0,0.0,0.0,1.0,0.8333333333333334,0.1482752788057499,0.942857142857143,0.6673641237354535,5,0.5198639919395197,C — exploratory,strong,low,moderate,226
174,SLC24A3,Slc24a3,57419,homologene,0.7508029330601654,0.9077287066246056,0.5678233438485804,0.7179342236604483,upstroke_downstroke_ratio_long_square,0.3675126996166235,4.0670794663227474e-116,0.3675126996166235,18,0.1838858219358518,3654,2.12300312652492,0.7669388115143734,7.272727272727272,9,4,0.0016416106249602,0.4766666666666667,0.0,0.0,0.08,1.0,0.8333333333333334,0.1535998189400884,0.2571428571428572,0.5339484446866334,5,0.5132334323652972,C — exploratory,moderate,low,low,227
227,COL25A1,Col25a1,84570,homologene,0.7193440963212316,0.6974237644584648,0.7463196635120926,0.7214576004284509,tau,0.2392392412596224,7.486709600233146e-48,0.2392392412596224,16,0.1219138846281048,3654,2.853200630138183,1.215822579964257,8.409090909090908,10,5,0.0022904536129453,0.6533333333333333,0.0,0.0,0.0,1.0,0.6666666666666666,0.1117967555167472,0.4285714285714286,0.4639720145760088,5,0.5122097551759799,C — exploratory,moderate,low,moderate,228
197,GABRA2,Gabra2,2555,homologene,0.7348909331982927,0.8485804416403786,0.6006834910620399,0.7139525629420419,ri,0.2992498336215351,3.0492742753460856e-75,0.2992498336215351,18,0.1812629164449221,3654,2.4889475028525614,0.8558452254239493,7.5,9,4,0.0026878247447498,0.7333333333333333,0.0,0.0,0.0333333333333333,1.0,0.5,0.1654831688165796,-0.0285714285714285,0.3408382181716057,5,0.5113537635081382,C — exploratory,limited,low,moderate,229
279,DAB1,Dab1,1600,homologene,0.6957862303529276,0.7231861198738171,0.6625920084121977,0.6922263673272038,tau,-0.2833758720309973,2.0321159937530708e-67,0.2833758720309973,15,0.1085099144272496,3654,3.0858943373556715,1.0197258046984654,14.318181818181818,8,6,0.0017684985080882,0.53,0.0,0.0,0.0,0.97,1.0,0.1080645070517718,0.5428571428571429,0.634216583507669,5,0.5099989423587368,C — exploratory,strong,low,moderate,230
362,SGCZ,Sgcz,137868,homologene,0.6495109353346975,0.6109358569926394,0.697292323869611,0.6526874316682296,upstroke_downstroke_ratio_long_square,0.2276588484466874,1.4659023270411213e-43,0.2276588484466874,14,0.0727080178669268,3654,2.011232136608213,0.810548386642838,8.636363636363637,10,5,0.0019582057512455,0.6033333333333334,0.0,0.0,0.0,0.8,0.75,0.1445682621580949,0.7999999999999999,0.5986977835106665,5,0.5020518595412501,C — exploratory,moderate,low,moderate,231
180,ANO3,Ano3,63982,homologene,0.7471887117686034,0.7334384858044164,0.7640641430073606,0.748594715520199,upstroke_downstroke_ratio_long_square,-0.3792771875044085,3.597864974859377e-124,0.3792771875044085,12,0.1193847297422913,3654,3.074343783000254,1.872985942051419,8.636363636363637,10,6,0.0017782103399962,0.5333333333333333,0.0,0.0,0.0,1.0,0.6666666666666666,0.2502179411418187,,0.4751525587992731,5,0.5011977041888767,C — exploratory,moderate,low,moderate,232
215,ADAMTS17,Adamts17,170691,homologene,0.7232838454110398,0.8020504731861199,0.6293375394321766,0.7104649683801205,tau,-0.3165378776951984,1.0944259248094143e-84,0.3165378776951984,16,0.1510546350498224,3654,2.72004860318303,0.9921652753812432,8.181818181818182,9,5,0.0016870870757952,0.5033333333333333,0.0,0.0,0.0,1.0,0.8333333333333334,0.1018064154825843,0.6,0.5662644908378089,5,0.5001971673578878,C — exploratory,moderate,low,moderate,233
104,PDZRN3,Pdzrn3,23024,homologene,0.8071991720559406,0.8798633017875921,0.7201629863301787,0.7960182051798084,tau,-0.3304169164108799,1.3407838186197834e-92,0.3304169164108799,18,0.1743339595131444,3654,2.7283298625966355,2.026370966607095,7.420494699646643,10,8,0.0,0.0,0.0,0.0966666666666666,0.4333333333333333,1.0,0.5,0.1861214058218983,0.4857142857142857,0.4524278412181859,5,0.49715749253385794,C — exploratory,moderate,low,low,234
178,CDH12,Cdh12,1010,homologene,0.748734547217478,0.6711356466876971,0.8458201892744479,0.7534321998097884,threshold_i_short_square,-0.2708879803724888,6.236921554446726e-61,0.2708879803724888,14,0.1109942732316778,3654,4.3304542151632655,1.3332876498693291,12.045454545454543,10,8,0.002217493948617,0.6433333333333333,0.0,0.0,0.0,1.0,0.4,0.1237144076385485,0.0999999999999999,0.286600085346984,5,0.48937785092849256,C — exploratory,limited,low,moderate,235
432,NLGN1,Nlgn1,22871,homologene,0.610223361137481,0.5633543638275499,0.6685068349106205,0.6136825259818317,upstroke_downstroke_ratio_long_square,0.1950558282819022,3.8527144200062166e-32,0.1950558282819022,14,0.0719013936858444,3654,2.243959070403694,1.062437555408581,6.769825918762089,10,6,0.0018344508483134,0.5666666666666667,0.0,0.0,0.0,0.87,0.8333333333333334,0.1330583532514161,0.8285714285714287,0.6338551329902771,5,0.48647659967902274,C — exploratory,strong,low,moderate,236
158,PARM1,Parm1,25849,homologene,0.760575783922818,0.8882754994742377,0.6102786540483702,0.7362714012124072,tau,-0.3730458820161809,1.1410566621457813e-119,0.3730458820161809,17,0.1461869995382299,3654,1.3482532360535706,0.3204971135657509,7.5,10,3,0.0013323369322839,0.32666666666666666,0.0,0.0,0.01,1.0,0.8333333333333334,0.133722388788003,0.6,0.5886056721516022,5,0.4847652984681753,C — exploratory,moderate,low,low,237
170,PRKG1,Prkg1,5592,homologene,0.7544559784935789,0.7975814931650893,0.7024185068349107,0.7484891458853499,upstroke_downstroke_ratio_long_square,-0.3545998178255332,1.1450207033662988e-107,0.3545998178255332,15,0.1279333976661539,3654,2.2398094387903376,0.8558452254239493,7.954545454545454,10,4,0.00133520532864,0.33,0.0,0.0,0.0,1.0,0.8,0.1361711678549132,0.6,0.5753198174984393,5,0.48106396349968783,C — exploratory,moderate,low,low,238
131,OSBPL3,Osbpl3,26031,homologene,0.7831132385035158,0.8945846477392219,0.6511566771819138,0.7632265500359802,tau,-0.3800124362322258,1.7063590678932943e-124,0.3800124362322258,17,0.1465213051648582,3654,2.038341050956347,0.832108543910473,6.769825918762089,10,5,0.0018033545104893,0.5466666666666666,0.0,0.0,0.02,1.0,0.5,0.0815127152011914,-0.0857142857142857,0.282058900640834,5,0.47889337844572727,C — exploratory,limited,low,moderate,239
232,MGAT4C,Mgat4c,25834,homologene,0.7166340104746031,0.79863301787592,0.6189537329127235,0.7030767295549288,upstroke_downstroke_ratio_long_square,-0.3554464767312608,3.3106105448724962e-108,0.3554464767312608,15,0.1187967503200575,3654,2.617901357196006,1.550828151865569,7.954545454545454,9,7,0.0023585970083345,0.68,0.0,0.0,0.0,1.0,0.3333333333333333,0.0929673242621413,-0.0857142857142857,0.2150771269834989,5,0.46253277555442845,C — exploratory,limited,low,moderate,240
367,KCNAB1,Kcnab1,7881,homologene,0.6466666997358147,0.9056256572029444,0.3579127234490011,0.5693285039366967,upstroke_downstroke_ratio_long_square,-0.3911317964295805,1.2678154228383447e-132,0.3911317964295805,17,0.1917712283710629,3654,1.3014790279315662,0.4726304800921226,4.642166344294004,8,4,0.001716070307887,0.51,0.0,0.0,0.0,1.0,0.6666666666666666,0.1265177293813164,0.7142857142857143,0.5314195534240643,5,0.46099158681520197,C — exploratory,moderate,low,moderate,241
117,BRINP2,Brinp2,57795,homologene,0.7943625859679005,0.7655099894847529,0.8299158780231335,0.7970626669583254,threshold_i_short_square,0.2617183808011257,8.188853012635316e-57,0.2617183808011257,17,0.1245819454018406,3654,3.4523301305400467,1.7865344969396584,12.954545454545457,10,6,0.0011316003915857,0.21,0.0,0.0,0.0,1.0,0.6,0.1396405946030882,0.6,0.4877484162221617,5,0.45863485674600957,C — exploratory,moderate,low,low,242
156,PTPRO,Ptpro,5800,homologene,0.7616637686310157,0.7413249211356466,0.7866719242902208,0.763661903091987,upstroke_downstroke_ratio_long_square,0.3259594214025829,3.088376836398509e-90,0.3259594214025829,14,0.0995688072219987,3654,2.863220963355668,1.0366706901524294,10.909090909090908,10,5,0.001073398400956,0.18,0.0,0.0,0.0,1.0,0.75,0.0984872754716475,0.7999999999999999,0.5664410928301533,5,0.45488758765120413,C — exploratory,moderate,low,low,243
216,FSTL4,Fstl4,23105,homologene,0.723170960378162,0.8259726603575185,0.6014721345951629,0.7048400805448581,upstroke_downstroke_ratio_long_square,0.445920401396863,1.4082607216386867e-176,0.445920401396863,14,0.13448269524692,3654,1.949846506636057,1.1883821397914525,5.222437137330754,10,6,0.0011352960229428,0.22333333333333333,0.0,0.0,0.0,1.0,0.75,0.1580271528338339,0.7999999999999999,0.6081190069836838,5,0.45177942705393975,C — exploratory,strong,low,low,244
406,AK5,Ak5,26289,homologene,0.6235237080945731,0.6866456361724501,0.5481072555205048,0.6134781619239699,latency,0.2991969092329074,4.874734953120298e-74,0.2991969092329074,13,0.0885332358867754,3654,1.965013335467625,0.7107393841992545,7.045454545454546,9,4,0.0013262373261212,0.32,0.0,0.0,0.0,0.86,1.0,0.1130370653897503,0.7999999999999999,0.6891259457728253,5,0.44877576749315606,C — exploratory,strong,low,low,245
109,CUX2,Cux2,23316,homologene,0.8016454274297742,0.7699789695057834,0.8406940063091483,0.804559944719849,upstroke_downstroke_ratio_long_square,-0.3186444643993179,4.512215432856712e-86,0.3186444643993179,15,0.1331126931544301,3654,3.7995507273594455,1.4402713085571957,12.727272727272728,10,6,0.0,0.0,0.0,0.0,0.0266666666666666,1.0,0.75,0.1369779592657942,0.7999999999999999,0.5933845714860561,5,0.44614484279353084,C — exploratory,moderate,low,low,246
110,DGKB,Dgkb,1607,homologene,0.8005133118745202,0.7915352260778127,0.8115141955835963,0.8014624584262299,upstroke_downstroke_ratio_long_square,0.3859168264441014,7.153708301872791e-129,0.3859168264441014,14,0.1153893242514164,3654,3.572243969187868,1.6909322024845914,10.681818181818182,10,7,0.0013080569678339,0.30333333333333334,0.0,0.0,0.11,1.0,0.2,0.1446230132180418,0.0,0.1912361092526293,5,0.4415237728494743,C — exploratory,limited,low,low,247
218,CNTN3,Cntn3,5067,homologene,0.7223889993281074,0.6990010515247108,0.7511829652996845,0.7246224414354898,tau,0.3130403890796933,9.497348471863464e-83,0.3130403890796933,13,0.1112085200758025,3654,3.028929445953074,1.3417671643471287,8.123791102514506,10,6,0.0011322560683584,0.22,0.0,0.0,0.0,1.0,0.6,0.1315940323314764,0.7,0.5021158226320335,5,0.4344599678912857,C — exploratory,moderate,low,low,248
181,EPHA3,Epha3,2042,homologene,0.7454517012624353,0.7471083070452155,0.7434279705573082,0.7452658669851524,upstroke_downstroke_ratio_long_square,0.2725671534523542,1.7730629552068755e-62,0.2725671534523542,16,0.1208918598365316,3654,4.262926586110559,1.387684965174028,12.5,9,6,0.0010449860037127,0.15666666666666668,0.0,0.0,0.0,1.0,0.8,0.046333544421179,0.6,0.5124334810948253,5,0.4319272850728032,C — exploratory,moderate,low,low,249
164,RALGAPA2,Ralgapa2,57186,homologene,0.7577863568167916,0.7447423764458465,0.7737907465825447,0.7591276305613504,upstroke_downstroke_ratio_long_square,-0.2714280399104534,5.87753648532404e-62,0.2714280399104534,16,0.1095404481367904,3654,2.9631654109430707,1.062437555408581,9.477756286266924,10,6,0.0,0.0,0.0,0.0,0.0,1.0,0.8,0.1158417340392272,1.0,0.6410892138274591,5,0.4319244673711701,C — exploratory,strong,low,low,250
384,CNTN6,Cntn6,27255,homologene,0.6368602327808603,0.4656940063091482,0.8593585699263934,0.6326121523375301,upstroke_downstroke_ratio_long_square,-0.204324258278479,3.4056692355384525e-35,0.204324258278479,9,0.0668406122865925,3654,4.445293896098781,1.7901616722038174,13.346228239845262,10,8,0.0015137473697084,0.43333333333333335,0.0,0.0,0.0,0.9966666666666668,0.6666666666666666,0.1322491849456582,,0.3925744294619607,5,0.43019206780616714,C — exploratory,limited,low,low,251
251,NELL2,Nell2,4753,homologene,0.7072537959966709,0.6432702418506835,0.7870662460567823,0.711545005219948,fast_trough_v_long_square,0.250160334102174,3.787811621261143e-52,0.250160334102174,14,0.0928991411356471,3654,2.9532523359519414,1.1663190331946294,10.454545454545457,10,5,0.0009418064112379,0.06,0.0,0.0,0.0,1.0,1.0,0.1698499843869704,0.3999999999999999,0.6488949890708793,5,0.4278462953956691,C — exploratory,strong,low,low,252
217,RASGRF2,Rasgrf2,5924,homologene,0.7227201641775796,0.7076761303890641,0.7411934805467929,0.7242409365556164,threshold_i_short_square,0.2453287659477985,7.280354646447384e-50,0.2453287659477985,16,0.1182262107288348,3654,2.8886521923600705,1.4248835674826976,7.93036750483559,10,7,0.0,0.0,0.0,0.0,0.0,1.0,1.0,0.0744025518344257,0.8857142857142858,0.6792246434269552,5,0.4256188508725624,C — exploratory,strong,low,low,253
223,DPP6,Dpp6,1804,homologene,0.7208344612970263,0.6900630914826499,0.7588065194532071,0.7236189416060567,tau,0.2339479633513036,9.28282093010331e-46,0.2339479633513036,16,0.0803452608971472,3654,3.181865896623445,1.3417671643471287,8.181818181818182,10,6,0.0,0.0,0.0,0.0,0.0,1.0,0.8333333333333334,0.1372329579798746,0.942857142857143,0.6596344991573408,5,0.4217008220186395,C — exploratory,strong,low,low,254
258,DAPK1,Dapk1,1612,homologene,0.7038011685483776,0.6458990536277601,0.775893796004206,0.7079188290720675,tau,0.2285567124885933,1.0998626885797322e-43,0.2285567124885933,15,0.1040226933918615,3654,2.872319276357026,1.093668772349911,9.86460348162476,10,5,0.0,0.0,0.0,0.0,0.0,1.0,1.0,0.1003258248071504,0.7714285714285715,0.6745137916507196,5,0.41926132825653717,C — exploratory,strong,low,low,255
334,CDKL5,Cdkl5,6792,homologene,0.6607680444697366,0.5799158780231335,0.7623554153522608,0.6649075199301757,tau,-0.2425174216348467,3.581951250572494e-49,0.2425174216348467,12,0.0751462141984866,3654,2.525847622909155,0.9259171743044692,10.638297872340424,10,5,0.0011263781449753,0.20666666666666667,0.0,0.0,0.0,0.9766666666666668,0.8333333333333334,0.0907943982927111,0.5428571428571429,0.5471275073763264,5,0.41921309348367747,C — exploratory,moderate,low,low,256
176,EXOC4,Exoc4,60412,homologene,0.7501293905409119,0.8209779179810726,0.6653522607781284,0.7390801808854216,upstroke_downstroke_ratio_long_square,-0.2976583672623678,8.871857185996754e-75,0.2976583672623678,17,0.1280432452054149,3654,2.1596524096932206,0.7576436993962526,6.963249516441006,10,4,0.0,0.0,0.0,0.0,0.0,1.0,0.8333333333333334,0.0969540410080547,0.8285714285714287,0.608582114419924,5,0.41898245863582495,C — exploratory,strong,low,low,257
235,RGS7,Rgs7,6000,homologene,0.7157064493258661,0.6359095688748685,0.8157202944269191,0.7202252014137681,adaptation,-0.2202142265579019,2.284128800850234e-40,0.2202142265579019,15,0.1004696474839923,3654,2.9869205153927525,1.0408632546393122,13.181818181818182,10,5,0.0,0.0,0.0,0.0,0.0,1.0,0.8,0.1388472647065526,0.8999999999999998,0.6371930852945868,5,0.4177645897192749,C — exploratory,strong,low,low,258
237,SEMA5B,Sema5b,54437,homologene,0.715034294251099,0.7339642481598317,0.6920347003154573,0.7126911873438236,threshold_i_short_square,-0.2897733453347099,5.5349690862323737e-70,0.2897733453347099,15,0.1146632908003914,3654,3.147901754993544,1.062437555408581,10.681818181818182,9,6,0.0,0.0,0.0,0.0,0.0,1.0,1.0,0.1028575946255941,0.7,0.6620003162379159,5,0.417599852942641,C — exploratory,strong,low,low,259
142,OSBPL1A,Osbpl1a,114876,homologene,0.7749639739606107,0.8796004206098843,0.650893796004206,0.756654780423453,upstroke_downstroke_ratio_long_square,-0.3301963900288533,1.0692749692160163e-92,0.3301963900288533,18,0.1638411760454265,3654,1.965325668286456,1.3417671643471287,6.963249516441006,10,6,0.0,0.0,0.0,0.0,0.0433333333333333,1.0,0.6666666666666666,0.1769229554118071,0.3714285714285715,0.4981317830739792,5,0.4143918666042805,C — exploratory,moderate,low,low,260
305,ITSN1,Itsn1,6453,homologene,0.683401688417138,0.5791272344900105,0.8153259726603576,0.6871517123275404,upstroke_downstroke_ratio_long_square,-0.165236089353278,2.3825996346233376e-23,0.165236089353278,16,0.0981407443372534,3654,3.417413587846883,1.4444638730440782,11.411992263056092,10,6,0.0,0.0,0.0,0.0,0.0,1.0,1.0,0.101495150575165,0.7,0.6610466054026156,5,0.41109996251059666,C — exploratory,strong,low,low,261
207,ATP8A2,Atp8a2,51761,homologene,0.7287752572848696,0.7660357518401683,0.6837539432176657,0.7237264441530544,upstroke_downstroke_ratio_long_square,-0.2616013638322342,1.648158343299229e-57,0.2616013638322342,17,0.1189990597830133,3654,3.156348967850396,1.5662158929400674,9.86460348162476,9,6,0.0,0.0,0.0,0.0,0.0,1.0,0.8333333333333334,0.1080114815294521,0.7714285714285715,0.6048937513563308,5,0.410936689282833,C — exploratory,strong,low,low,262
116,GRM3,Grm3,2913,homologene,0.7944270421584254,0.7334384858044164,0.8702681388012619,0.7989293748299816,upstroke_downstroke_ratio_long_square,-0.3173152692120607,2.4568086717158844e-85,0.3173152692120607,14,0.0971486529176237,3654,4.0341059763332,2.0753805511826986,17.272727272727273,10,7,0.0,0.0,0.0,0.0,0.0033333333333333,1.0,0.75,0.1571060968028458,-0.1999999999999999,0.447474267761992,5,0.4109028451402007,C — exploratory,moderate,low,low,263
198,GABRG2,Gabrg2,2566,homologene,0.7346661232156668,0.7502628811777076,0.7156940063091483,0.7327746223874828,tau,-0.2330130164051375,2.1537957553589386e-45,0.2330130164051375,18,0.1150117086647965,3654,2.7204231291381347,1.2336789785725637,7.350096711798839,10,5,0.0009264386544629,0.05333333333333334,0.0,0.0,0.0,1.0,0.8333333333333334,0.1062942703029902,0.3714285714285715,0.5236917034978075,5,0.4085963848635993,C — exploratory,moderate,low,low,264
311,IQSEC1,Iqsec1,9922,homologene,0.6757927557398348,0.7145110410094637,0.629074658254469,0.67043328448256,upstroke_downstroke_ratio_long_square,-0.326000753348582,2.943300366691622e-90,0.326000753348582,13,0.093205940715663,3654,1.9647050220055065,1.227875279062563,6.189555125725338,10,7,0.0,0.0,0.0,0.0,0.0,1.0,1.0,0.0963967720377711,0.7999999999999999,0.6774777404264398,5,0.40421268793807447,C — exploratory,strong,low,low,265
199,VPS13D,Vps13d,55187,homologene,0.7342786232067315,0.6125131440588854,0.888801261829653,0.7378363336992733,upstroke_downstroke_ratio_long_square,-0.2032106096304523,8.107516828900693e-35,0.2032106096304523,15,0.0804238835625395,3654,4.975920752250588,1.8698837611496013,16.363636363636363,10,8,0.0,0.0,0.0,0.0,0.0,1.0,0.75,0.0850962223486028,0.6000000000000001,0.5170673556440221,5,0.40367635230651205,C — exploratory,moderate,low,low,266
338,CLEC16A,Clec16a,23274,homologene,0.6591972553765394,0.7773396424815983,0.5205047318611987,0.6360888005420032,upstroke_downstroke_ratio_long_square,-0.2693017037070433,5.5786380207949616e-61,0.2693017037070433,17,0.1543815559168414,3654,2.0708282410347367,0.6788782462723413,5.681818181818182,9,4,0.0,0.0,0.0,0.0,0.0,1.0,1.0,0.1402468691479169,0.7999999999999999,0.7081728084035419,5,0.40120343654926777,C — exploratory,strong,low,low,267
177,ASTN2,Astn2,23245,homologene,0.7495367363215453,0.6506309148264985,0.8740799158780231,0.7541242704615646,fast_trough_v_long_square,-0.2561064629505264,1.1671036232127832e-54,0.2561064629505264,14,0.1130214852254077,3654,4.739208443954115,1.970261811423139,14.545454545454543,10,8,0.0011895949309954,0.2633333333333333,0.0,0.0,0.0,1.0,0.25,0.09126582990643,0.1999999999999999,0.216386080934501,5,0.40088604899447117,C — exploratory,limited,low,low,268
340,EPHA6,Epha6,285220,homologene,0.6576665131362917,0.4834384858044164,0.8839379600420609,0.6537045425479149,upstroke_downstroke_ratio_long_square,-0.2297478633794083,2.341204446858832e-44,0.2297478633794083,8,0.0627498831604762,3654,4.422169353555093,1.0049574434903426,18.863636363636363,10,5,0.0010417959868714,0.15,0.0,0.0,0.0,1.0,0.6666666666666666,0.074618818674027,0.6571428571428573,0.4836617445003904,5,0.4002076380693735,C — exploratory,moderate,low,low,269
204,CACNA1B,Cacna1b,774,homologene,0.730673237623813,0.6238170347003155,0.8656677181913776,0.7348593532084445,tau,0.2116502365799941,1.6763599741070554e-37,0.2116502365799941,15,0.1068115420796642,3654,5.133925704623067,3.3681381309542235,12.379110251450676,10,8,0.0,0.0,0.0,0.0,0.0,1.0,0.8,0.0941385303961647,0.3999999999999999,0.5058969712773154,5,0.39907634483380167,C — exploratory,moderate,low,low,270
377,STRBP,Strbp,55342,homologene,0.6412898702309812,0.8341219768664564,0.4211356466876972,0.5926875215019087,upstroke_downstroke_ratio_long_square,-0.3127575527441888,7.990944446185755e-83,0.3127575527441888,17,0.1509615418964032,3654,1.37869185028949,0.4395064295537355,6.576402321083172,8,3,0.0,0.0,0.0,0.0,0.0,0.9366666666666666,1.0,0.1033385582771404,1.0,0.7223369907939983,5,0.39551892286963036,C — exploratory,strong,low,low,271
382,SV2C,Sv2c,22987,homologene,0.6395110512197627,0.6756046267087276,0.5959516298633017,0.6345294937433986,upstroke_downstroke_ratio_long_square,0.2204270223628993,7.362009988676491e-41,0.2204270223628993,16,0.1032288144953562,3654,2.486249329747001,1.04247438966243,7.350096711798839,9,5,0.0,0.0,0.0,0.0,0.0,1.0,1.0,0.1132641145555556,0.8285714285714287,0.6949991659031747,5,0.3933110844950408,C — exploratory,strong,low,low,272
369,ROBO1,Robo1,6091,homologene,0.6448159056203092,0.483701366982124,0.8533123028391167,0.6424549224233129,ri,0.1279611144047478,2.3748679021024148e-14,0.1279611144047478,16,0.0648072196082072,3654,4.494904335155093,1.742032740775703,12.379110251450676,10,9,0.0,0.0,0.0,0.0,0.0,1.0,1.0,0.0696972522614537,0.6,0.6187880765830176,5,0.39116034928085164,C — exploratory,strong,low,low,273
374,CSRNP3,Csrnp3,80034,homologene,0.6426533210276094,0.7933753943217665,0.4679284963196635,0.6092970993546616,upstroke_downstroke_ratio_long_square,-0.3876258388057916,4.219181000319041e-130,0.3876258388057916,14,0.1100412727057084,3654,1.741400034070463,0.9410683956973628,4.835589941972921,9,5,0.0,0.0,0.0,0.0,0.0,1.0,1.0,0.1194303650918503,0.7999999999999999,0.6936012555642953,5,0.3909810292411451,C — exploratory,strong,low,low,274
289,FAT1,Fat1,2195,homologene,0.6899154472562186,0.5184016824395373,0.9118033648790748,0.6875175622537534,threshold_i_short_square,0.1714040164969765,1.4345482695532163e-24,0.1714040164969765,14,0.0701902481911124,3654,6.525747189464061,2.601261304567745,19.922630560928432,10,9,0.0,0.0,0.0,0.0,0.0,1.0,0.8333333333333334,0.0749011165874736,0.3714285714285715,0.5017164958969459,5,0.3863843086431116,C — exploratory,moderate,low,low,275
428,AHI1,Ahi1,54806,homologene,0.6112850600767787,0.7016298633017876,0.5044689800210305,0.5949373929180681,ri,0.2673951262599011,8.765601414304561e-60,0.2673951262599011,15,0.1105723089506147,3654,1.6712215027684578,0.8077762609412984,6.382978723404255,9,5,0.0,0.0,0.0,0.0,0.0,0.7966666666666666,1.0,0.1635686831901162,0.7999999999999999,0.7244980782330814,5,0.3861193843111799,C — exploratory,strong,low,low,276
433,GABBR1,Gabbr1,2550,homologene,0.6101909312620902,0.5228706624605678,0.7204258675078864,0.6137503976353724,threshold_i_long_square,-0.1415854840106937,2.480409730647039e-17,0.1415854840106937,16,0.0794532303056245,3654,2.262181070752585,1.0773921042618877,8.704061895551257,10,6,0.0,0.0,0.0,0.0,0.0,0.7333333333333333,1.0,0.0827392783919071,0.8857142857142858,0.6850603520171922,5,0.38567137639712923,C — exploratory,strong,low,low,277
413,SH3GL3,Sh3gl3,6457,homologene,0.6211172020037067,0.7917981072555205,0.4250788643533123,0.5801522560753158,threshold_i_long_square,-0.2794945258488947,1.753709165114985e-65,0.2794945258488947,17,0.1606509781464972,3654,1.4027286933797312,0.5312187777042905,4.448742746615087,9,4,0.0,0.0,0.0,0.0,0.0,0.9966666666666668,1.0,0.1510669785615989,0.7,0.6957468849931193,5,0.3825247713203904,C — exploratory,strong,low,low,278
332,GPR158,Gpr158,57512,homologene,0.662985739014865,0.5018401682439537,0.8711882229232387,0.6612089264097614,ri,-0.1623354054705353,2.151416730893173e-22,0.1623354054705353,14,0.0772000857793064,3654,4.891635103788089,1.6477054260059258,13.636363636363637,10,7,0.0,0.0,0.0,0.0,0.0,1.0,0.6,0.0993912027384557,0.8999999999999998,0.519573841916919,5,0.3785204466168223,C — exploratory,moderate,low,low,279
647,TIMP2,Timp2,7077,homologene,0.5019201502069284,0.8794689800210306,0.1186908517350157,0.3230865554510458,tau,0.4079749042733526,4.694742347895695e-145,0.4079749042733526,16,0.1894438503266954,3654,0.4397217893272007,0.1259445843828715,2.3210831721470018,5,1,0.0054450220853127,0.8933333333333333,0.0,0.0,0.0,0.0,,,,0.0,5,0.3782986330178759,Outside Top-500,limited,low,high,280
259,STXBP5L,Stxbp5l,9515,homologene,0.7035335996268264,0.5460042060988434,0.9061514195583596,0.7033935501846048,upstroke_downstroke_ratio_long_square,-0.2175077429854472,8.50927258552755e-40,0.2175077429854472,12,0.0747778742709071,3654,5.02305330052345,2.0974346706443576,25.0,10,7,0.0,0.0,0.0,0.0,0.0,1.0,0.75,0.1009435828168137,-0.1999999999999999,0.4081605079717696,5,0.3720632267257945,C — exploratory,moderate,low,low,281
395,SORL1,Sorl1,6653,homologene,0.6308631425165301,0.4266561514195583,0.8998422712933754,0.6196153971252374,threshold_i_ramp,0.1189061559982167,1.4255045587266312e-12,0.1189061559982167,15,0.0667998179394487,3654,4.815716446676347,1.4190798679726973,22.954545454545453,10,6,0.0,0.0,0.0,0.0,0.0,0.93,0.6666666666666666,0.1047390132757845,0.7714285714285715,0.5276030235787634,5,0.37082028925833943,C — exploratory,moderate,low,low,282
127,FREM1,Frem1,158326,homologene,0.7845257438646744,0.6961093585699264,0.895373291272345,0.7894794028144344,upstroke_downstroke_ratio_long_square,0.26324977997881,3.052915471977878e-58,0.26324977997881,15,0.0973495595080953,3654,5.010724760494342,1.9410135636876296,18.40909090909091,10,8,0.0,0.0,0.0,0.0,0.0,1.0,0.4,0.0755395816451292,0.0999999999999999,0.2528777071515904,5,0.36887207139877237,C — exploratory,limited,low,low,283
357,CDH10,Cdh10,1008,homologene,0.6511038838883365,0.4647739221871714,0.8943217665615143,0.6447150030378965,sag,0.1474480997880672,4.026234702438319e-18,0.1474480997880672,14,0.0726956810905696,3654,5.584563492991535,2.1689436747599258,16.25441696113074,10,7,0.0009902609974434,0.10333333333333333,0.0,0.0,0.0,1.0,0.5,0.1158741997151773,0.0,0.3061119398006241,5,0.3537081923765286,C — exploratory,limited,low,low,284
261,DOCK3,Dock3,1795,homologene,0.7020365552570902,0.5420609884332283,0.9079915878023134,0.7015602736566391,threshold_i_long_square,0.1483165118736178,6.65088792357265e-19,0.1483165118736178,16,0.0840789697741748,3654,5.635475195323278,1.9777390858497923,20.681818181818183,10,7,0.0,0.0,0.0,0.0,0.0,1.0,0.4,0.0715731787594317,0.3999999999999999,0.3101012251316022,5,0.3520307602734288,C — exploratory,limited,low,low,285
816,CRH,Crh,1392,homologene,0.4082421628341535,0.8094111461619349,0.0327287066246056,0.1627604987133542,threshold_i_long_square,-0.3210771725503455,4.660257770631548e-87,0.3210771725503455,16,0.1519157990878115,3654,0.1632549842458871,0.0,0.9090909090909092,3,0,0.005883709243,0.9,0.0,0.0,0.0,0.0,,,,0.0,5,0.34842797055730806,Outside Top-500,limited,low,high,286
375,DSCAML1,Dscaml1,57453,homologene,0.6425078210690871,0.4492639327024185,0.8956361724500526,0.6343319549774015,latency,0.2056979361028998,9.176627692493715e-35,0.2056979361028998,8,0.0656230981895567,3654,5.47735592438038,3.006932501575569,17.045454545454547,10,8,0.0011148959471364,0.19666666666666666,0.0,0.0,0.0,1.0,0.3333333333333333,0.0710199604679641,,0.1997139723275748,5,0.3482561488293425,C — exploratory,limited,low,low,287
242,ROBO2,Robo2,6092,homologene,0.7126470219358869,0.5725552050473186,0.8916929547844376,0.7145232274502019,upstroke_downstroke_ratio_long_square,-0.2382024656574298,1.1410519757300477e-47,0.2382024656574298,12,0.0703760292917901,3654,5.47743658964171,1.9989305264342905,15.909090909090908,10,9,0.0,0.0,0.0,0.0,0.0,1.0,0.3333333333333333,0.0561467625082395,0.4285714285714286,0.2750170194700534,5,0.3478530358603619,C — exploratory,limited,low,low,288
252,DMD,Dmd,1756,homologene,0.7062272990425887,0.543769716088328,0.9154837013669822,0.7055581566219865,upstroke_downstroke_ratio_long_square,-0.2479814525441195,1.194154681068734e-51,0.2479814525441195,10,0.0643745833344385,3654,8.093067776297696,4.029399672024234,19.922630560928432,10,9,0.0,0.0,0.0,0.0,0.0,1.0,0.2,0.1271000307034289,0.0,0.1789700214924003,5,0.32764468778954214,C — exploratory,limited,low,low,289
547,TENM3,Tenm3,55714,homologene,0.5563957680403182,0.2911409043112513,0.919689800210305,0.5174546551332418,latency,-0.1253445309925851,2.107409108609373e-13,0.1253445309925851,9,0.0459607381844625,3654,7.007113103218626,2.530149304138581,25.454545454545453,10,8,0.0010224439486248,0.13,0.0,0.0,0.0,0.0,,,,0.0,5,0.26816614090431123,Outside Top-500,limited,low,low,290
461,CBLN2,Cbln2,147381,homologene,0.5968990553773561,0.9298107255520504,0.2400105152471082,0.4724027427122277,upstroke_downstroke_ratio_long_square,0.4345671379019555,9.195806950539418e-167,0.4345671379019555,17,0.2049162706423233,3654,0.9717439767441156,0.2848935253794322,3.288201160541586,7,4,0.0,0.0,0.0,0.0,0.0,0.9233333333333332,,,,0.0,5,0.23396424815983172,C — exploratory,limited,low,low,291
612,RYR1,Ryr1,6261,homologene,0.5205959539452869,0.2300210304942166,0.9277076761303892,0.4619440178862662,upstroke_downstroke_ratio_long_square,-0.0791377928926561,2.5415570806456764e-06,0.0791377928926561,12,0.0363318642736534,3654,10.471767433931458,4.992148861852014,32.95454545454545,10,10,0.0,0.0,0.0,0.0,0.0,0.0,,,,0.0,5,0.23154574132492117,Outside Top-500,limited,low,low,292
557,ARL15,Arl15,54622,homologene,0.5533415958944575,0.9342797055730808,0.1593059936908517,0.385793152973865,upstroke_downstroke_ratio_long_square,-0.4479584031659469,2.2484733060890438e-178,0.4479584031659469,17,0.1644141044654276,3654,0.4765504779860361,0.2884808535015735,2.3210831721470018,7,1,0.0,0.0,0.0,0.0,0.0,0.1633333333333333,,,,0.0,5,0.2187171398527865,Outside Top-500,limited,low,low,293
772,BRAF,Braf,673,homologene,0.4370341375098914,0.1083070452155625,0.9282334384858044,0.3170713184642835,threshold_v_ramp,0.0737583651297714,2.8971554232555623e-05,0.0737583651297714,6,0.0321105160769003,3654,8.281660155491112,1.7160586993544702,52.95454545454545,10,7,0.0,0.0,0.0,0.0,0.0,0.0,,,,0.0,5,0.2073080967402734,Outside Top-500,limited,low,low,294
742,TMSB10,Tmsb10,9168,same-symbol,0.4511986648159816,0.9363827549947424,0.0157728706624605,0.1215296016824319,tau,0.4016840527805982,2.8553884251126226e-140,0.4016840527805982,18,0.2165024112219898,3654,0.0785931945149822,0.0,0.5586592178770949,2,0,0.0,0.0,0.0,0.0,0.0,0.0,,,,0.0,5,0.1904311251314406,Outside Top-500,limited,low,low,295
90,LRFN2,Lrfn2,57497,homologene,0.8182061265617557,0.8388538380651945,0.793112513144059,0.8156625991599872,upstroke_downstroke_ratio_long_square,0.316623048416241,5.922483011379934e-85,0.316623048416241,17,0.1768834984173844,3654,3.091898505404674,1.1729943987169549,10.454545454545457,10,6,0.0,0.0,0.0,0.0,0.7266666666666667,1.0,0.6,0.1484760712314018,0.4999999999999999,0.4739332498619812,6,0.5665132535475802,C — exploratory,moderate,moderate,low,296
100,ADCY1,Adcy1,107,homologene,0.8091775220752929,0.8196635120925343,0.7963985278654048,0.8079472844038043,ri,-0.2968902614074152,5.083075097155371e-74,0.2968902614074152,17,0.164539738220301,3654,3.329593757710792,1.8181050617058103,10.0,10,6,0.0,0.0,0.0,0.0,0.4333333333333333,1.0,0.6666666666666666,0.1315322626728847,0.7142857142857143,0.5349297267281622,6,0.5168650200038869,C — exploratory,moderate,low,low,297
82,BMPER,Bmper,168667,homologene,0.8245524564943184,0.8362250262881177,0.8103312302839116,0.8231763203264819,threshold_i_long_square,-0.314654463526209,1.728743763853135e-83,0.314654463526209,17,0.1546264175260303,3654,3.052809988985043,0.7905852208966869,12.272727272727272,10,5,0.0,0.0,0.0,0.0,0.67,1.0,0.4,0.11594373127094,-0.1999999999999999,0.261160611889658,6,0.5155433736923374,C — exploratory,limited,low,low,298
102,TRPM2,Trpm2,7226,homologene,0.8087564307424738,0.7691903259726603,0.8576498422712934,0.81221669629912,ri,-0.2634878469438468,4.8725887037620674e-58,0.2634878469438468,17,0.1549390106338316,3654,4.243839618238954,2.250819695200033,13.863636363636363,10,7,0.0,0.0,0.0,0.0,0.2333333333333333,1.0,0.6666666666666666,0.1298794913852413,0.8857142857142858,0.5680585011125261,6,0.48564640053796265,C — exploratory,moderate,low,low,299
400,ASIC2,Asic2,40,homologene,0.6273773515501246,0.8057308096740273,0.4229758149316509,0.583784759853673,tau,0.3647733133669699,4.181199306700198e-114,0.3647733133669699,15,0.1428433831488304,3654,1.5989216264196813,0.5802629029461854,5.681818181818182,8,4,0.0018169582433613,0.55,0.0,0.0,0.0,0.9066666666666666,0.8333333333333334,0.1327094091667071,0.6,0.587896586416695,6,0.4733206422044747,C — exploratory,moderate,low,moderate,300
322,KCNJ3,Kcnj3,3760,homologene,0.66684802140963,0.7828601472134595,0.5304942166140905,0.6444398967432073,tau,-0.273014141418018,1.7873886926082685e-62,0.273014141418018,17,0.1504557825899545,3654,2.689673543547428,0.6646406365138153,8.181818181818182,7,4,0.001416269503617,0.37666666666666665,0.0,0.0,0.0,0.9966666666666668,1.0,0.1412386726851398,0.4857142857142857,0.646009928022455,6,0.4672061917033344,C — exploratory,strong,low,low,301
202,OPCML,Opcml,4978,homologene,0.7319505951893159,0.8803890641430074,0.5586225026288117,0.7012882020243919,upstroke_downstroke_ratio_long_square,-0.3303114933061309,9.21401481023475e-93,0.3303114933061309,18,0.1253915137150615,3654,1.8179991002024436,0.9410683956973628,4.119850187265918,10,5,0.0013177378820562,0.31666666666666665,0.0,0.0,0.0366666666666666,1.0,0.6666666666666666,0.1063850438387308,0.6571428571428573,0.505898102115683,6,0.45964860044416705,C — exploratory,moderate,low,low,302
474,GRIK1,Grik1,2897,homologene,0.5927043142948399,0.5233964248159831,0.6796792849631966,0.5964408669526434,fast_trough_v_long_square,-0.2030226895186084,1.7907869454385922e-34,0.2030226895186084,12,0.0901840731459115,3654,3.0931823075895446,1.2542473806834562,9.772727272727272,9,6,0.0015654860165409,0.4533333333333333,0.0,0.0,0.0,0.7033333333333334,0.5,0.1518847537661076,1.0,0.5313193276362753,6,0.4375456741497577,C — exploratory,moderate,low,low,303
321,RALYL,Ralyl,138046,homologene,0.6683982958837622,0.8551524710830704,0.4541272344900105,0.6231757591243849,tau,0.3764236842767827,5.31211088537103e-122,0.3764236842767827,16,0.1306315566890529,3654,1.66284268606125,0.9090525308529052,4.642166344294004,9,5,0.0020440243971962,0.61,0.0,0.0,0.0,1.0,0.3333333333333333,0.1653317330533969,-0.2571428571428572,0.2657322131373778,6,0.4370023837420917,C — exploratory,limited,low,moderate,304
323,ADRA1A,Adra1a,148,homologene,0.6666479368117952,0.8475289169295479,0.4587276550998949,0.6235262245426773,adaptation,-0.3243098507492949,1.4068704498948518e-88,0.3243098507492949,17,0.1531747975530423,3654,1.6397849641218074,0.7645569116740365,4.835589941972921,9,5,0.0016715994374322,0.49,0.0,0.0,0.0,1.0,0.5,0.1051673653705252,0.3714285714285715,0.372902870045082,6,0.43383188841490494,C — exploratory,limited,low,low,305
336,PLD5,Pld5,200150,homologene,0.6594883661800083,0.6887486855941115,0.6240799158780231,0.65561743552675,upstroke_downstroke_ratio_long_square,0.3573113947872777,2.0982712071969991e-109,0.3573113947872777,11,0.0933051344822077,3654,2.0903762035413007,1.6336844381084934,5.609284332688588,10,6,0.001679592831219,0.49666666666666665,0.0,0.0,0.0,1.0,0.6666666666666666,0.0625003643235131,,0.3437502550264592,6,0.4306491046330521,C — exploratory,limited,low,low,306
401,FGF13,Fgf13,2258,homologene,0.6273573933916187,0.7699789695057834,0.4617507886435331,0.5962704054438979,tau,-0.3189471905276245,5.063720183850733e-86,0.3189471905276245,15,0.1359762596447945,3654,1.5517035147678264,0.6993721634680893,5.222437137330754,9,5,0.0023744371609631,0.6866666666666666,0.0,0.0,0.0,0.9633333333333334,0.3333333333333333,0.0938982553392322,0.0285714285714285,0.2214430644517483,6,0.4279678978535463,C — exploratory,limited,low,moderate,307
299,SERPINI1,Serpini1,5274,homologene,0.6848021258988937,0.8112513144058885,0.536540483701367,0.6597493256038275,upstroke_downstroke_ratio_long_square,-0.2906482702284612,3.341252902763672e-71,0.2906482702284612,17,0.1352559722939227,3654,1.3898039553887618,0.5312187777042905,4.7727272727272725,10,3,0.0016592356536002,0.4866666666666667,0.0,0.0,0.0,1.0,0.4,0.1310231693681295,0.0999999999999999,0.2917162185576907,6,0.42523493666632256,C — exploratory,limited,low,low,308
240,MMP16,Mmp16,4325,homologene,0.7130950427941922,0.6803364879074657,0.7535488958990536,0.7160075483558191,upstroke_downstroke_ratio_long_square,-0.347638821413933,2.814610553696211e-103,0.347638821413933,11,0.0968460780820473,3654,2.813279747271028,1.0366706901524294,8.8339222614841,10,5,0.00102329650829,0.13333333333333333,0.0,0.0,0.0,1.0,0.75,0.0777921266090942,0.7999999999999999,0.551954488626366,6,0.42383464115324376,C — exploratory,moderate,low,low,309
293,MCTP1,Mctp1,79772,homologene,0.689035278872743,0.7095162986330178,0.6641692954784438,0.6864684553521484,threshold_i_short_square,0.2732089123877793,5.578729929112043e-62,0.2732089123877793,15,0.1264531239875032,3654,2.649790524636642,0.8074220622278424,10.681818181818182,9,5,0.0011463240266663,0.24,0.0,0.0,0.0,0.9933333333333332,0.8,0.089460584623973,0.3999999999999999,0.5026224092367811,6,0.4232616006696485,C — exploratory,moderate,low,low,310
453,GAS7,Gas7,8522,homologene,0.6020026569028681,0.832807570977918,0.3435856992639327,0.5349212761021431,upstroke_downstroke_ratio_long_square,0.3121033803862959,1.8197952556241708e-82,0.3121033803862959,17,0.1356689944017171,3654,1.2823503619125396,0.9787017724066368,4.25531914893617,8,5,0.0014962089749089,0.42,0.0,0.0,0.0,0.8066666666666666,0.6,0.1846763728062174,0.4999999999999999,0.4992734609643522,6,0.41913334624124055,C — exploratory,moderate,low,low,311
426,EEPD1,Eepd1,80820,homologene,0.6124349349792401,0.8604100946372238,0.3362250262881177,0.5378581659582408,tau,-0.3821718894959879,5.232372410629393e-126,0.3821718894959879,16,0.1328670954712069,3654,1.3658501006837258,0.8869894242560818,3.67504835589942,8,5,0.0013029956564105,0.3,0.0,0.0,0.0,0.97,0.8333333333333334,0.1056239985561302,0.7142857142857143,0.5917939418464341,6,0.4176858125543551,C — exploratory,moderate,low,low,312
249,CACNG3,Cacng3,10368,homologene,0.7077361599481204,0.8388538380651944,0.5540220820189274,0.6817210205607915,tau,0.358963479505868,2.875346727629904e-110,0.358963479505868,16,0.1165268151696597,3654,2.108365461508233,1.1883821397914525,6.818181818181818,9,6,0.0014142136401491,0.37,0.0,0.0,0.0,1.0,0.3333333333333333,0.1760597350945143,0.1428571428571428,0.3018132431375886,6,0.4129378326443421,C — exploratory,limited,low,low,313
246,GRID1,Grid1,2894,homologene,0.7103573582850347,0.6327549947423764,0.807570977917981,0.7148388418983596,threshold_i_long_square,-0.1945609965596458,8.883322353279401e-32,0.1945609965596458,16,0.1179682845826638,3654,3.47401083368802,1.5415535547706145,10.681818181818182,10,6,0.0,0.0,0.0,0.0,0.0,1.0,1.0,0.0720461548021309,0.6,0.6204323083614917,6,0.41215165620436983,C — exploratory,strong,low,low,314
190,PRICKLE2,Prickle2,166336,homologene,0.7389503988082229,0.8919558359621451,0.5604626708727656,0.7070416890989486,upstroke_downstroke_ratio_long_square,-0.4325292888038558,4.511083205011821e-165,0.4325292888038558,16,0.1736388945919891,3654,1.671293099056688,1.0647320923710222,4.642166344294004,10,7,0.0009498439897427,0.07666666666666666,0.0,0.0,0.0033333333333333,1.0,0.6666666666666666,0.1520963742224466,0.6,0.5264674619557126,6,0.41177719375812466,C — exploratory,moderate,low,low,315
226,MICAL2,Mical2,9645,homologene,0.7202505869214795,0.7350157728706624,0.7022870662460567,0.7184650797178075,upstroke_downstroke_ratio_long_square,-0.3182687218269096,7.297534620433381e-86,0.3182687218269096,14,0.1369018655039165,3654,2.5021441420044512,1.40084060917962,7.350096711798839,10,6,0.0,0.0,0.0,0.0,0.0,1.0,0.75,0.1705404690808249,0.7999999999999999,0.6168783283565775,6,0.41083623349465925,C — exploratory,strong,low,low,316
304,DENND5B,Dennd5b,160518,homologene,0.6838254687711203,0.6666666666666666,0.7049158780231335,0.6855245573151183,upstroke_downstroke_ratio_long_square,-0.2666066737654928,9.487740211632824e-60,0.2666066737654928,14,0.0951760071366923,3654,2.31940207419829,0.8965629809261764,7.7369439071566735,10,5,0.0,0.0,0.0,0.0,0.0,1.0,1.0,0.0983131532113847,0.7999999999999999,0.6788192072479694,6,0.41008035038755386,C — exploratory,strong,low,low,317
265,SPARCL1,Sparcl1,8404,homologene,0.7013227584803476,0.8188748685594112,0.5629600420609885,0.6789652645363329,upstroke_downstroke_ratio_long_square,-0.2959530074500336,6.735222030885725e-74,0.2959530074500336,17,0.1614116124302407,3654,1.569341030688309,0.7700263194531918,5.029013539651838,10,4,0.0,0.0,0.0,0.0,0.0,1.0,0.8333333333333334,0.1777302621194419,0.8285714285714287,0.6651254691978952,6,0.4093920759636589,C — exploratory,strong,low,low,318
315,PDE4B,Pde4b,5142,homologene,0.6741919760217749,0.8935331230283912,0.4252103049421661,0.6163923196462041,upstroke_downstroke_ratio_long_square,0.4338951208974184,3.3503230425881924e-166,0.4338951208974184,16,0.2019384166635261,3654,1.7209178148660034,0.7678366359327224,5.415860735009671,8,5,0.0015149461317578,0.44333333333333336,0.0,0.0,0.0,1.0,0.3333333333333333,0.1552241591133328,0.0857142857142857,0.2757997685221901,6,0.40757530596521613,C — exploratory,limited,low,low,319
281,EFR3A,Efr3a,23167,homologene,0.6947674615091488,0.6921661409043113,0.6979495268138801,0.6950518185867537,upstroke_downstroke_ratio_long_square,-0.3069063355138788,1.1617641403752999e-79,0.3069063355138788,13,0.1083578299917437,3654,2.065608637901927,0.7956071313058053,8.51063829787234,10,5,0.0,0.0,0.0,0.0,0.0,1.0,0.75,0.1372899398925604,1.0,0.6336029579247924,6,0.40474372512859674,C — exploratory,strong,low,low,320
296,ANO5,Ano5,203859,homologene,0.6854192538249504,0.6282860147213459,0.756572029442692,0.6894516844770123,tau,0.2151041751362182,1.0209231132507324e-38,0.2151041751362182,15,0.0745035800324366,3654,2.974575401498305,1.455225857410502,8.51063829787234,10,7,0.0,0.0,0.0,0.0,0.0,1.0,0.8,0.0989365212891874,1.0,0.6292555649024312,6,0.40282272181329387,C — exploratory,strong,low,low,321
286,CLIP4,Clip4,79745,homologene,0.6913531849722867,0.7589379600420609,0.6105415352260778,0.6807078281211606,upstroke_downstroke_ratio_long_square,-0.2561979059293561,3.8292821163795134e-55,0.2561979059293561,17,0.1568602789900026,3654,1.8201471901681987,0.5786356771395198,5.909090909090909,10,4,0.0,0.0,0.0,0.0,0.0,1.0,0.8333333333333334,0.1215926126091273,0.8857142857142858,0.6372576859692463,6,0.401347436247477,C — exploratory,strong,low,low,322
282,GCC2,Gcc2,9648,homologene,0.6936058610074164,0.6553627760252366,0.7409305993690851,0.6968345100844002,upstroke_downstroke_ratio_long_square,-0.2077917028252172,2.2435108263910632e-36,0.2077917028252172,16,0.1080034799632271,3654,2.4598006924967093,1.1752071114975826,9.284332688588009,10,5,0.0,0.0,0.0,0.0,0.0,1.0,0.8,0.0873118050643017,0.8999999999999998,0.6011182635450113,6,0.39948232778786663,C — exploratory,strong,low,low,323
219,TOX2,Tox2,84969,homologene,0.7222318253492916,0.8257097791798107,0.5997634069400631,0.7037261614467736,threshold_i_short_square,0.3067153169159305,1.1918679477659266e-78,0.3067153169159305,17,0.1538430921846087,3654,2.0558216570961214,1.0945857979792262,8.863636363636363,9,5,0.0,0.0,0.0,0.0,0.0,0.9966666666666668,0.8,0.1006582792769177,0.7,0.5704607954938424,6,0.3991867963227433,C — exploratory,moderate,low,low,324
294,PLXNA2,Plxna2,5362,homologene,0.6878826329395684,0.564931650893796,0.8443743427970557,0.6906618502919535,upstroke_downstroke_ratio_long_square,-0.2325961556679697,1.852699744471119e-45,0.2325961556679697,12,0.0793383921851678,3654,3.879968049422597,1.819698394620063,12.959381044487428,10,8,0.0013503411937024,0.34,0.0,0.0,0.0,1.0,0.3333333333333333,0.0801764162393067,0.2,0.2461234913675147,6,0.3990858970116733,C — exploratory,limited,low,low,325
308,CHSY3,Chsy3,337876,homologene,0.6781072595361586,0.7260778128286014,0.6203995793901157,0.671161954883737,upstroke_downstroke_ratio_long_square,0.3697777128200227,1.2362778275551091e-117,0.3697777128200227,12,0.1069081573496322,3654,1.8585067119271828,0.7831079464700337,6.189555125725338,10,5,0.0011470989887207,0.24333333333333335,0.0,0.0,0.0,1.0,0.25,0.1272367100256602,1.0,0.4015656970179622,6,0.39827528451400257,C — exploratory,moderate,low,low,326
442,RORA,Rora,6095,homologene,0.6059819004504754,0.8596214511041009,0.3243953732912723,0.5280693340084236,tau,-0.4433212558230759,4.980205438823259e-174,0.4433212558230759,15,0.1844817813860936,3654,1.097953086497596,0.5312187777042905,4.25531914893617,8,4,0.0038133541556821,0.8066666666666666,0.0,0.0,0.0,0.88,,,,0.0,6,0.398136698212408,C — exploratory,limited,low,high,327
236,BCL11B,Bcl11b,64919,homologene,0.7154508582505205,0.7886435331230284,0.6280231335436383,0.7037658580244216,threshold_i_short_square,0.3029539638009405,1.1256815065600684e-76,0.3029539638009405,16,0.1751051491802153,3654,2.3780731021106547,1.062437555408581,9.090909090909092,9,6,0.0,0.0,0.0,0.0,0.0,1.0,0.8,0.1020022358014129,0.7,0.571401565060989,6,0.3976136463455311,C — exploratory,moderate,low,low,328
392,PTPRR,Ptprr,5801,homologene,0.6325169674412083,0.6411671924290221,0.6219768664563617,0.6314991379421085,upstroke_downstroke_ratio_long_square,-0.2845543236508658,3.467414186130384e-68,0.2845543236508658,12,0.0935592393024947,3654,2.420804486334037,0.7602429309688823,8.636363636363637,9,4,0.001052728412418,0.16,0.0,0.0,0.0,0.9666666666666668,0.8,0.0973790951109668,0.6,0.5481653665776769,6,0.3942618850926121,C — exploratory,moderate,low,low,329
220,SLC8A1,Slc8a1,6546,homologene,0.7220970047972769,0.711882229232387,0.7346214511041009,0.723162468781337,upstroke_downstroke_ratio_long_square,-0.2733096075391165,8.099775749907469e-63,0.2733096075391165,15,0.1134168184937479,3654,3.7862723635183975,1.1364655490943791,12.727272727272728,9,7,0.0009027470666528,0.04,0.0,0.0,0.0,1.0,0.8333333333333334,0.127896512605263,0.0857142857142857,0.4816704159665412,6,0.39363481926060584,C — exploratory,moderate,low,low,330
297,TMTC1,Tmtc1,83857,homologene,0.685363645395319,0.7839116719242902,0.5687434279705573,0.6677159661984665,upstroke_downstroke_ratio_long_square,-0.3769847617074567,1.422014082485632e-122,0.3769847617074567,14,0.0981447272319403,3654,2.621731665572029,1.0049574434903426,8.480565371024735,8,5,0.0,0.0,0.0,0.0,0.0033333333333333,0.9933333333333332,0.8,0.1208286619188164,0.7999999999999999,0.6045800633431715,6,0.3921136993142705,C — exploratory,strong,low,low,331
397,GABRB1,Gabrb1,2560,homologene,0.6291883428939067,0.6243427970557308,0.6351209253417456,0.6297088017460845,threshold_i_long_square,-0.1894178505671161,3.607366150683126e-30,0.1894178505671161,16,0.1090006528645359,3654,2.210883720724177,1.242847126410784,5.609284332688588,10,5,0.0012240934683086,0.28,0.0,0.0,0.0,1.0,0.6,0.1228855520994494,0.3,0.4160198864696146,6,0.39109672177341814,C — exploratory,moderate,low,low,332
523,NKAIN3,Nkain3,286183,homologene,0.5724770010104645,0.8380651945320715,0.2808885383806519,0.4851833751890209,threshold_i_ramp,-0.291885322928208,2.031439337055178e-71,0.291885322928208,18,0.1891820735778412,3654,1.0202561768417169,0.3662322427433084,4.318181818181818,7,3,0.0041487624972367,0.83,0.0,0.0,0.0,0.4766666666666667,,,,0.0,6,0.38979074658254464,Outside Top-500,limited,low,high,333
188,PKD1,Pkd1,5310,homologene,0.7411302941718659,0.647739221871714,0.8585699263932702,0.7457408504597502,upstroke_downstroke_ratio_long_square,-0.2029754958612197,9.684107488498979e-35,0.2029754958612197,16,0.0953762458432989,3654,4.341361502482071,1.7489200009047114,13.409090909090908,10,8,0.0,0.0,0.0,0.0,0.0,1.0,0.5,0.0732667419436097,0.7714285714285715,0.4305724336462411,6,0.38737631638224507,C — exploratory,moderate,low,low,334
263,FUT9,Fut9,10690,homologene,0.7018306539358189,0.8038906414300735,0.5810988433228181,0.6834763506464975,upstroke_downstroke_ratio_long_square,-0.4017415030369372,1.6571048682070482e-140,0.4017415030369372,14,0.1121366744799678,3654,2.230555130076622,0.5312187777042905,10.681818181818182,8,4,0.0008079794534907,0.006666666666666667,0.0,0.0,0.0,0.9833333333333332,0.8,0.0851963291106582,0.6,0.5396374303774608,6,0.38625871635940384,C — exploratory,moderate,low,low,335
159,ELAVL2,Elavl2,1993,homologene,0.7601764837491172,0.8661934805467929,0.6345951629863302,0.7414055522892237,upstroke_downstroke_ratio_long_square,-0.3888142052068263,5.858649258712933e-131,0.3888142052068263,16,0.140813800112471,3654,1.7885874330701756,0.8454661012422957,6.818181818181818,10,5,0.0009110566851558,0.043333333333333335,0.0,0.0,0.0,1.0,0.6,0.1062535182714854,0.1999999999999999,0.3843774627900398,6,0.3856998879312993,C — exploratory,limited,low,low,336
326,PCDH7,Pcdh7,5099,homologene,0.665603858384049,0.6876971608832808,0.638801261829653,0.6627984717309702,upstroke_downstroke_ratio_long_square,-0.2819845111944999,6.168205142838949e-67,0.2819845111944999,14,0.113696871463155,3654,2.3744921574920714,1.396661733428731,5.243445692883896,10,5,0.0014834260080077,0.41333333333333333,0.0,0.0,0.0,1.0,0.2,0.1318467427050486,0.0,0.182292719893534,6,0.38442489518796025,C — exploratory,limited,low,low,337
350,CAP2,Cap2,10486,homologene,0.6540944023741444,0.8296529968454259,0.4521556256572029,0.6124804240684081,threshold_i_short_square,0.3102769312057351,1.5443734098722335e-80,0.3102769312057351,17,0.1829465742949116,3654,1.377277253571793,0.4817587587361183,5.454545454545454,9,4,0.0,0.0,0.0,0.0,0.0,0.97,0.8333333333333334,0.2066954119646135,0.6,0.6396867883752294,6,0.3842990821755716,C — exploratory,strong,low,low,338
312,TMEM130,Tmem130,222865,homologene,0.6757299577079536,0.8614616193480548,0.4624079915878023,0.6311471597279907,ri,0.3409819301878657,1.0240044138694643e-98,0.3409819301878657,17,0.1534605079677318,3654,1.4870549823530808,0.69498292644162,5.454545454545454,9,5,0.0,0.0,0.0,0.0,0.0,1.0,0.6666666666666666,0.2134734371326541,0.7142857142857143,0.5922885488500008,6,0.38323163195717164,C — exploratory,moderate,low,low,339
447,PTCHD4,Ptchd4,442213,homologene,0.6047514308830172,0.5475814931650894,0.6761303890641429,0.6084706139313847,trough_v_long_square,-0.1689361768757458,5.4796786158618096e-24,0.1689361768757458,15,0.090255245821326,3654,2.6626005540269424,1.2882213015327904,6.189555125725338,10,9,0.0016414887367787,0.47333333333333333,0.0,0.0,0.0,0.9466666666666668,0.3333333333333333,0.0843627971520418,-0.5428571428571429,0.2090539580064292,6,0.381219834713799,C — exploratory,limited,low,low,340
291,BCL11A,Bcl11a,53335,homologene,0.6894516770611504,0.6359095688748685,0.7560462670872766,0.6933808879345635,latency,0.2655905250404478,4.2081709082495705e-58,0.2655905250404478,13,0.1038040897002383,3654,2.8432623457526507,1.0593112309935857,8.863636363636363,10,5,0.0009141570042475,0.04666666666666667,0.0,0.0,0.0,1.0,0.8,0.1533719592240392,-0.0999999999999999,0.4673603714568275,6,0.3811965748171279,C — exploratory,moderate,low,low,341
309,PLCB1,Plcb1,23236,homologene,0.6771157796594909,0.5289169295478443,0.8675078864353312,0.6773770055529752,fast_trough_v_long_square,-0.1758329244710142,4.675735350394767e-26,0.1758329244710142,14,0.0749319473936721,3654,3.9555233689700606,1.183369864291377,17.045454545454547,10,6,0.0,0.0,0.0,0.0,0.0,0.99,0.8,0.0952798095550767,0.3999999999999999,0.5066958666885537,6,0.3806241365343458,C — exploratory,moderate,low,low,342
383,DOK5,Dok5,55816,homologene,0.6370625757289139,0.8580441640378549,0.3874868559411146,0.5766115116624454,threshold_i_long_square,0.3360354570073883,1.1083919860255016e-95,0.3360354570073883,17,0.179057664393955,3654,1.5117309751057495,0.7483727609085287,4.835589941972921,8,4,0.0,0.0,0.0,0.0,0.0,1.0,0.8333333333333334,0.1805228186997186,0.7142857142857143,0.6442231159469459,6,0.3779508271851831,C — exploratory,strong,low,low,343
424,CELF4,Celf4,56853,homologene,0.6135147500752083,0.7373817034700316,0.4688485804416404,0.5879799017955996,upstroke_downstroke_ratio_long_square,0.3204027973043258,4.629301193135419e-87,0.3204027973043258,14,0.1611011373481841,3654,1.6254386966413,0.8454661012422957,5.222437137330754,9,5,0.0,0.0,0.0,0.0,0.0,0.9033333333333332,0.8333333333333334,0.1670911005714467,0.942857142857143,0.6805351989714413,6,0.3773530965766227,C — exploratory,strong,low,low,344
396,GOT1,Got1,2805,homologene,0.6303202286246161,0.8257097791798108,0.4077287066246056,0.5802289033754463,upstroke_downstroke_ratio_long_square,-0.2844082042074025,4.0708211483304006e-68,0.2844082042074025,18,0.1666201873107054,3654,1.150841240849945,0.3909622522273945,4.835589941972921,9,4,0.0,0.0,0.0,0.0,0.0,0.8666666666666667,0.8333333333333334,0.1432817102124396,0.8857142857142858,0.6524400542915649,6,0.37717570801919625,C — exploratory,strong,low,low,345
239,MAGI3,Magi3,260425,homologene,0.7134241217536821,0.7649842271293376,0.6514195583596214,0.7059218705980637,upstroke_downstroke_ratio_long_square,0.3165614312796214,6.370349094635749e-85,0.3165614312796214,15,0.1409908312174462,3654,2.0392675079332494,1.0913548979584515,6.769825918762089,10,5,0.0013280699092367,0.3233333333333333,0.0,0.0,0.0,1.0,0.2,0.0715910538007306,0.0,0.1401137376605114,6,0.37597017129656074,C — exploratory,limited,low,low,346
238,ZBTB16,Zbtb16,7704,homologene,0.7136176044727931,0.7893007360672976,0.6232912723449001,0.7014016396089705,upstroke_downstroke_ratio_long_square,0.3842899186664068,1.016946004601192e-127,0.3842899186664068,14,0.1085874652993769,3654,1.8748490489238008,0.7061639595276015,6.363636363636363,10,4,0.0009857849112291,0.09333333333333334,0.0,0.0,0.0,1.0,0.6666666666666666,0.074182110213012,0.0857142857142857,0.3690703342919655,6,0.3749991352074993,C — exploratory,limited,low,low,347
570,CADPS2,Cadps2,93664,homologene,0.5482366278951722,0.4040483701366982,0.7354100946372241,0.5451066410531478,adaptation,0.135314963450092,8.226362812267604e-16,0.135314963450092,13,0.0733009326726581,3654,2.7249188556140505,1.1684153154380703,8.181818181818182,10,7,0.0026386257376299,0.7266666666666667,0.0,0.0,0.0,0.0,,,,0.0,6,0.37322502628811777,Outside Top-500,limited,low,moderate,348
172,CCDC136,Ccdc136,64753,homologene,0.7537256302469564,0.9016824395373292,0.5807045215562566,0.7236097495523419,upstroke_downstroke_ratio_long_square,-0.3612915595303824,5.457936036890066e-112,0.3612915595303824,18,0.1519881598508309,3654,2.1648900214056623,0.993958939442314,7.543520309477756,9,5,0.0,0.0,0.0,0.0,0.0866666666666666,1.0,0.3333333333333333,0.1219153292295813,0.2571428571428572,0.2867693018892783,6,0.37116458592990614,C — exploratory,limited,low,low,349
451,PLD3,Pld3,23646,homologene,0.6025666891600812,0.7988958990536278,0.3797318611987381,0.5507869158319516,ri,0.2843270000861134,9.578453992400736e-68,0.2843270000861134,17,0.1451146096916439,3654,1.13047567572491,0.4705341978486813,4.061895551257253,9,3,0.0,0.0,0.0,0.0,0.0,0.8533333333333334,1.0,0.1471004294093399,0.6,0.672970300586538,6,0.37031961216778075,C — exploratory,strong,low,low,350
553,KIRREL3,Kirrel3,84623,homologene,0.5548948146996328,0.572292323869611,0.5337802313354364,0.5527009399545251,latency,0.1805115280237448,6.3341323665730314e-27,0.1805115280237448,15,0.0800981315302454,3654,1.8994680898633545,1.062437555408581,6.769825918762089,9,6,0.0026326585982502,0.7233333333333334,0.0,0.0,0.0,0.35,,,,0.0,6,0.36588117770767614,Outside Top-500,limited,low,moderate,351
475,ALCAM,Alcam,214,homologene,0.5921981035462454,0.6561514195583595,0.5159043112513144,0.5818172790351175,avg_isi,-0.2608874460916913,1.4514234836345679e-56,0.2608874460916913,14,0.0807866398386124,3654,1.353348144354885,0.6076598153175343,4.25531914893617,10,4,0.0022154219687269,0.64,0.0,0.0,0.0,0.8366666666666667,,,,0.0,6,0.3624111461619348,C — exploratory,limited,low,moderate,352
386,DYNC1H1,Dync1h1,1778,homologene,0.6361001742621128,0.439931650893796,0.8935331230283912,0.6269716914998391,upstroke_downstroke_ratio_long_square,-0.1786892575755955,3.9727505181004536e-27,0.1786892575755955,10,0.0516219967064316,3654,5.553438632122811,3.1279707561011483,16.247582205029012,10,9,0.0,0.0,0.0,0.0,0.0,1.0,0.6666666666666666,0.0381964379048071,0.6571428571428573,0.4581660779619365,6,0.35832617037682474,C — exploratory,moderate,low,low,353
518,INPP4B,Inpp4b,8821,homologene,0.5731768901402572,0.4600420609884332,0.7177970557308097,0.5746449659483941,upstroke_downstroke_ratio_long_square,-0.167961498147249,4.3407373233929445e-24,0.167961498147249,12,0.054493893555114,3654,2.17553532947148,0.8790128591074711,9.090909090909092,10,5,0.0018242515979515,0.5566666666666666,0.0,0.0,0.0,0.2366666666666666,,,,0.0,6,0.3469011566771819,Outside Top-500,limited,low,moderate,354
578,VWC2,Vwc2,375567,homologene,0.541821522529609,0.8874868559411145,0.1791535226077813,0.3987435222169198,upstroke_downstroke_ratio_long_square,-0.3411576429043658,2.910866854301624e-99,0.3411576429043658,18,0.1424387856108275,3654,0.6955366049796001,0.2884804925017817,2.2968197879858656,7,3,0.00224611742325,0.65,0.0,0.0,0.0,0.2833333333333333,,,,0.0,6,0.34332807570977913,Outside Top-500,limited,low,moderate,355
569,TMTC2,Tmtc2,160335,homologene,0.5487358030533913,0.4952681388012618,0.6155362776025237,0.552137217159701,tau,0.1599848243398293,8.631068090394963e-22,0.1599848243398293,14,0.0785474456293685,3654,1.9271277070863493,0.9085201597301816,5.802707930367505,10,4,0.00190052402977,0.5933333333333334,0.0,0.0,0.0,0.0066666666666666,,,,0.0,6,0.34082754994742376,Outside Top-500,limited,low,moderate,356
264,KCNH5,Kcnh5,27133,homologene,0.7017045362253121,0.5525762355415352,0.8930073606729758,0.7024632699803991,upstroke_downstroke_ratio_long_square,-0.2408464814767673,1.0005545153591798e-48,0.2408464814767673,11,0.0794133124582253,3654,4.641853305012531,1.7196009174957432,20.0,10,7,0.0,0.0,0.0,0.0,0.0,1.0,0.3333333333333333,0.1428784486305906,-0.4857142857142857,0.2500149140414134,6,0.3391197020511849,C — exploratory,limited,low,low,357
439,KALRN,Kalrn,8997,homologene,0.6082418626314124,0.3869610935856992,0.902602523659306,0.5909924361854533,threshold_i_short_square,0.1378526189283872,2.755770823258736e-16,0.1378526189283872,12,0.0593447521684515,3654,5.494495718960087,1.8821367913947251,18.863636363636363,10,8,0.0,0.0,0.0,0.0,0.0,0.9966666666666668,0.6666666666666666,0.1355944598478265,,0.3949161218934785,6,0.3368959478276967,C — exploratory,limited,low,low,358
298,MLIP,Mlip,90523,homologene,0.6848342310882616,0.7177970557308097,0.6449789695057834,0.6804145834118659,upstroke_downstroke_ratio_long_square,0.4216447181070098,4.0772868506525884e-156,0.4216447181070098,10,0.093856431604037,3654,1.873113749010601,0.6617387867588151,7.045454545454546,10,4,0.0008988643796374,0.03333333333333333,0.0,0.0,0.0,1.0,0.3333333333333333,0.1224567804629669,0.1428571428571428,0.2642911748955054,6,0.3320801066930864,C — exploratory,limited,low,low,359
431,PLCB4,Plcb4,5332,homologene,0.6102598800114155,0.3922187171398527,0.8998422712933754,0.5940833117290024,upstroke_downstroke_ratio_long_square,0.1186745463220601,1.2302608450784298e-12,0.1186745463220601,14,0.0750221428019706,3654,4.778752027611973,1.6539942727362495,23.63636363636364,10,8,0.0,0.0,0.0,0.0,0.0,0.72,0.6,0.0761501982722145,0.0999999999999999,0.3433051387905502,6,0.3270732254447556,C — exploratory,limited,low,low,360
348,HECW1,Hecw1,23072,homologene,0.6543123914029116,0.4687171398527865,0.8964248159831757,0.6482049643752311,tau,0.1721611634104591,4.420184092078326e-25,0.1721611634104591,12,0.0614791933258616,3654,5.809256949455267,1.9897115429456984,16.363636363636363,10,8,0.0,0.0,0.0,0.0,0.0,1.0,0.4,0.1275459620221811,-0.6,0.2692821734155268,6,0.3268848258502978,C — exploratory,limited,low,low,361
317,NF1,Nf1,4763,homologene,0.6717797571977298,0.4907991587802313,0.9070715036803364,0.6672255472925394,upstroke_downstroke_ratio_long_square,-0.1701444295574535,1.0935007053329251e-24,0.1701444295574535,13,0.0574115003052882,3654,7.766497887985691,5.918185925181072,17.272727272727273,10,9,0.0,0.0,0.0,0.0,0.0,1.0,0.3333333333333333,0.0631360929609975,,0.1941952650726982,6,0.31841318550665315,C — exploratory,limited,low,low,362
500,ASTN1,Astn1,460,homologene,0.5815951244690521,0.3393796004206098,0.9081230283911672,0.5551562217143463,threshold_i_short_square,0.109645712797493,1.018798075918212e-10,0.109645712797493,13,0.0569097625829231,3654,5.903214516095207,2.1492133700881486,19.545454545454547,10,8,0.0,0.0,0.0,0.0,0.0,0.1366666666666666,0.5,0.0433472906151888,0.3999999999999999,0.3353431034306322,6,0.31656914644848183,C — exploratory,limited,low,low,363
360,FMN2,Fmn2,56776,homologene,0.6504086913414768,0.4514984227129337,0.9112776025236592,0.6414362011868803,upstroke_downstroke_ratio_long_square,-0.1962213492741333,1.6404254440917474e-32,0.1962213492741333,9,0.0540554924793601,3654,6.112744553649974,2.4306392612701373,21.59090909090909,10,8,0.0,0.0,0.0,0.0,0.0,1.0,0.3333333333333333,0.0771480282961564,,0.2040036198073094,6,0.3133559290087805,C — exploratory,limited,low,low,364
579,STXBP6,Stxbp6,29091,homologene,0.5415988760716935,0.9019453207150367,0.1664037854889589,0.3874107841439566,tau,0.4666642186352343,3.0758509496963894e-195,0.4666642186352343,16,0.1604382388061578,3654,0.6041918141566878,0.2810745479969925,2.9013539651837523,6,2,0.0015023298275343,0.42333333333333334,0.0,0.0,0.0,0.09,,,,0.0,6,0.2983364879074658,Outside Top-500,limited,low,low,365
735,ZFPM2,Zfpm2,23414,homologene,0.4553951491600653,0.2158254468980021,0.7879863301787591,0.412392412466994,avg_isi,-0.1027133905552031,1.4750071236995554e-09,0.1027133905552031,8,0.0324474407493592,3654,4.944772633103844,1.86778747890616,18.40909090909091,9,8,0.0013767859234922,0.3566666666666667,0.0,0.0,0.0,0.0,,,,0.0,6,0.27209568874868556,Outside Top-500,limited,low,low,366
700,BRINP1,Brinp1,1620,homologene,0.4716896215450576,0.2047844374342797,0.8464773922187171,0.4163476871154037,latency,-0.0990127345379342,9.134493548960992e-09,0.0990127345379342,8,0.0399451503319578,3654,3.6059186718869727,1.1364655490943791,14.545454545454543,10,7,0.00123597160105,0.2833333333333333,0.0,0.0,0.0,0.0,,,,0.0,6,0.266919032597266,Outside Top-500,limited,low,low,367
644,CTNNB1,Ctnnb1,1499,homologene,0.5039545459482822,0.2196372239747634,0.9029968454258674,0.4453444963029251,fast_trough_v_long_square,0.0978997813378985,6.915353785301358e-09,0.0978997813378985,9,0.0405561845446306,3654,4.836115823425986,2.230678759640829,25.72533849129594,10,6,0.0009149465309419,0.05,0.0,0.0,0.0,0.0,,,,0.0,6,0.2345268138801262,Outside Top-500,limited,low,low,368
648,PIK3R1,Pik3r1,5295,homologene,0.5017080579719883,0.2072818086225026,0.9177181913774972,0.4361493855486898,threshold_i_short_square,-0.0991385079119628,5.722103939443639e-09,0.0991385079119628,8,0.0362292493987304,3654,5.886651527342403,3.1784069588947634,30.75435203094777,10,6,0.0,0.0,0.0,0.0,0.0,0.0,,,,0.0,6,0.22499999999999995,Outside Top-500,limited,low,low,369
641,CPLX1,Cplx1,10815,homologene,0.504398176724731,0.9290220820189274,0.0855678233438485,0.2819475082293333,upstroke_downstroke_ratio_long_square,-0.3900323316749616,7.675681825308728e-132,0.3900323316749616,18,0.20677530590241,3654,0.2934462894968327,0.1839415170699079,1.1605415860735009,6,1,0.0,0.0,0.0,0.0,0.0,0.0,,,,0.0,6,0.2029179810725552,Outside Top-500,limited,low,low,370
904,LAMA2,Lama2,3908,homologene,0.3499900891908483,0.0134069400630914,0.9192954784437434,0.1110177435357352,threshold_v_ramp,0.0368278633343659,0.0458741285932099,0.0368278633343659,1,0.0124140479270904,3654,7.443007681637981,2.628220256127457,23.863636363636363,10,9,0.0,0.0,0.0,0.0,0.0,0.0,,,,0.0,6,0.18654048370136694,Outside Top-500,limited,low,low,371
129,GRM5,Grm5,2915,homologene,0.7833661003110723,0.782597266035752,0.7843059936908517,0.7834511640159292,adaptation,-0.2961348766129328,1.8991406517132888e-73,0.2961348766129328,16,0.1810239351136032,3654,3.3279898546362654,0.5954725184706753,9.284332688588009,10,4,0.0,0.0,0.0,0.0,0.14,1.0,0.6666666666666666,0.1311227356866482,0.7142857142857143,0.5346430578377966,7,0.44830926351288014,C — exploratory,moderate,low,low,372
436,SPOCK1,Spock1,6695,homologene,0.6090597007509976,0.7718191377497371,0.4217928496319663,0.5705679569621386,threshold_i_long_square,0.2648645965932279,1.070216226489366e-58,0.2648645965932279,17,0.1387687052352033,3654,1.3641368953209896,0.5682327745471896,4.545454545454546,9,4,0.0017864979588717,0.5366666666666666,0.0,0.0,0.0,0.87,0.5,0.1048434463392738,0.3714285714285715,0.3726761267232059,7,0.4205909561543152,C — exploratory,limited,low,moderate,373
136,PCDH9,Pcdh9,5101,homologene,0.7790677043736476,0.7355415352260778,0.8329390115667717,0.7827267973677119,upstroke_downstroke_ratio_long_square,-0.289829226799456,8.50475875668737e-71,0.289829226799456,15,0.1271169346875035,3654,3.9117832483169614,2.557589744311385,11.60541586073501,10,8,0.0,0.0,0.0,0.0,0.02,1.0,0.75,0.1340873791134796,0.3999999999999999,0.5113611653794358,7,0.419968342434457,C — exploratory,moderate,low,low,374
122,SORBS2,Sorbs2,8470,homologene,0.7880156434324213,0.8293901156677181,0.7380389064143008,0.782382370684714,upstroke_downstroke_ratio_long_square,-0.3482110286077,1.248565010001331e-103,0.3482110286077,16,0.1373143663156251,3654,2.55762398234874,1.0913548979584515,8.704061895551257,10,5,0.0,0.0,0.0,0.0,0.0666666666666666,1.0,0.6,0.1477092052275677,0.3,0.4333964436592974,7,0.41349842648159657,C — exploratory,moderate,low,low,375
130,PI4KA,Pi4ka,5297,homologene,0.7831136749117782,0.7547318611987383,0.818086225026288,0.7857707930657261,upstroke_downstroke_ratio_long_square,-0.2362921515738269,6.535249103797031e-47,0.2362921515738269,18,0.0996127505579323,3654,3.4433520825806583,1.08776756983631,11.798839458413926,10,5,0.0,0.0,0.0,0.0,0.0133333333333333,1.0,0.6666666666666666,0.0784438340674093,0.6,0.4749106838471865,7,0.4122124206811092,C — exploratory,moderate,low,low,376
160,GABBR2,Gabbr2,9568,homologene,0.7596746200486095,0.796267087276551,0.7154311251314406,0.7547676848907867,threshold_i_long_square,0.2642511619467405,1.9971010601032e-58,0.2642511619467405,18,0.1402123902389674,3654,2.557086016530594,1.1883821397914525,7.727272727272727,10,6,0.0,0.0,0.0,0.0,0.0,1.0,0.8333333333333334,0.0969037119697895,0.4285714285714286,0.5285468840931384,7,0.4080490193002261,C — exploratory,moderate,low,low,377
201,CIT,Cit,11113,homologene,0.7327020008347047,0.6548370136698213,0.8301787592008413,0.7373138948149537,latency,-0.2939583123701051,1.7835012204059308e-71,0.2939583123701051,12,0.0930040571124784,3654,3.447185358171408,1.7727940794230652,12.959381044487428,10,7,0.0,0.0,0.0,0.0,0.0,1.0,1.0,0.0630348110535551,0.3,0.5541243677374886,7,0.4078280281216302,C — exploratory,moderate,low,low,378
152,XYLT1,Xylt1,64131,homologene,0.7636670310848127,0.7895636172450052,0.7322555205047317,0.7603698557395211,upstroke_downstroke_ratio_long_square,-0.384294507969051,1.016946004601192e-127,0.384294507969051,14,0.1114728516329952,3654,2.8744116384640663,1.5436170374076936,7.543520309477756,10,6,0.0,0.0,0.0,0.0,0.0466666666666666,1.0,0.8,0.1483345683221416,-0.0999999999999999,0.4638341978254992,7,0.4064640004483806,C — exploratory,moderate,low,low,379
211,HIVEP2,Hivep2,3097,homologene,0.7252052602407013,0.6248685594111462,0.8517350157728707,0.7295357649259039,upstroke_downstroke_ratio_long_square,-0.1895672365615866,2.100357640870981e-30,0.1895672365615866,16,0.0877723234510216,3654,4.093894273969152,1.5204858619377646,13.346228239845262,10,7,0.0,0.0,0.0,0.0,0.0,1.0,0.6666666666666666,0.1101157750709253,0.8285714285714287,0.5427953282639335,7,0.40387978068959,C — exploratory,moderate,low,low,380
247,SIPA1L1,Sipa1l1,26037,homologene,0.7100932434436238,0.6014721345951629,0.8475289169295479,0.7139783097522933,threshold_i_long_square,0.2197819211051312,2.094947234947452e-40,0.2197819211051312,14,0.1020045124376175,3654,3.9406796290606394,1.2863833346723317,13.181818181818182,10,7,0.0,0.0,0.0,0.0,0.0,1.0,0.6,0.1401803517997852,0.8999999999999998,0.5481262462598496,7,0.3994254595569121,C — exploratory,moderate,low,low,381
195,SETBP1,Setbp1,26040,homologene,0.7363515993449187,0.6440588853838065,0.8523922187171399,0.740939121856034,avg_isi,-0.2018002558958772,7.189950694773637e-34,0.2018002558958772,16,0.0907422796302265,3654,4.497630902972274,1.6921604773229388,12.272727272727272,10,6,0.0,0.0,0.0,0.0,0.0,1.0,0.8,0.0686229730885562,0.3999999999999999,0.4880360811619894,7,0.3968974370525872,C — exploratory,moderate,low,low,382
280,ABCC8,Abcc8,6833,homologene,0.6957278199646459,0.6198738170347003,0.7907465825446898,0.7001164920419469,threshold_i_long_square,0.2084921849959556,2.1657434350635616e-36,0.2084921849959556,15,0.0894109370285512,3654,3.247564772353615,1.278972158746444,9.772727272727272,10,7,0.0,0.0,0.0,0.0,0.0,1.0,0.6,0.1242468346934611,1.0,0.5569727842854227,7,0.3935186367729626,C — exploratory,moderate,low,low,383
411,TOX,Tox,9760,homologene,0.6213822644453362,0.7886435331230284,0.4290220820189274,0.5816747291667437,latency,0.2780829472577124,7.675596969936019e-64,0.2780829472577124,17,0.1137471439271404,3654,1.671501274924552,0.5386960521309438,5.681818181818182,8,4,0.001212058716922,0.2733333333333333,0.0,0.0,0.0,0.97,0.6666666666666666,0.1219687743974322,0.4285714285714286,0.4710924277924883,7,0.3924182752535555,C — exploratory,moderate,low,low,384
320,NOL4,Nol4,8715,homologene,0.6684357893770878,0.5654574132492113,0.798764458464774,0.672061964761359,tau,-0.1967039199006844,1.7886005107687748e-32,0.1967039199006844,14,0.0919414433880767,3654,3.2541807447393567,1.507204888001111,10.444874274661508,10,6,0.0,0.0,0.0,0.0,0.0,1.0,1.0,0.0911474683581008,0.3999999999999999,0.5938032278506705,7,0.3916050199129312,C — exploratory,moderate,low,low,385
241,TLE4,Tle4,7091,homologene,0.7126933433029885,0.751577287066246,0.6657465825446898,0.707361301162682,upstroke_downstroke_ratio_long_square,-0.3709792628623883,1.8936601816544505e-118,0.3709792628623883,13,0.1120924134976812,3654,2.3668995857531288,1.2033366886447592,6.382978723404255,10,6,0.0,0.0,0.0,0.0,0.0,1.0,1.0,0.1284370115374136,,0.5399059080761895,7,0.39144595553742506,C — exploratory,moderate,low,low,386
313,DYNC1I1,Dync1i1,1780,homologene,0.6755594083702084,0.6979495268138801,0.6483964248159833,0.6727168630918413,threshold_i_long_square,-0.2645988863345624,1.4010201234509785e-58,0.2645988863345624,15,0.1336220118543835,3654,2.321239589225237,1.928661905014184,5.802707930367505,10,8,0.0,0.0,0.0,0.0,0.0,1.0,0.8333333333333334,0.1037333311460858,0.7714285714285715,0.6018990460879744,7,0.3896489995435675,C — exploratory,strong,low,low,387
283,HSPA12A,Hspa12a,259217,homologene,0.6928800540503084,0.7552576235541535,0.6181650893796005,0.6832817108403956,upstroke_downstroke_ratio_long_square,-0.2364366272961157,5.742004842349905e-47,0.2364366272961157,18,0.1410511501914386,3654,1.897999668791463,1.1883821397914525,5.996131528046422,10,6,0.0,0.0,0.0,0.0,0.0,1.0,0.8333333333333334,0.106707996862181,0.6,0.5696955978035267,7,0.38862366214745614,C — exploratory,moderate,low,low,388
343,GNPTAB,Gnptab,79158,homologene,0.6564766038253167,0.6027865404837013,0.7233175604626708,0.6603075722285818,upstroke_downstroke_ratio_long_square,-0.2200872728783077,9.79713935256394e-41,0.2200872728783077,14,0.0819592841728664,3654,2.0235425060946213,0.8241052908944726,10.058027079303676,10,4,0.0,0.0,0.0,0.0,0.0,0.7366666666666667,0.75,0.0991289719616431,1.0,0.6068902803731502,7,0.38659887626390443,C — exploratory,strong,low,low,389
333,PHACTR1,Phactr1,221692,homologene,0.6621311107649113,0.7797055730809673,0.5240536277602524,0.6392241658119376,tau,-0.2937378283674878,1.5127971446331274e-72,0.2937378283674878,16,0.1308677777011683,3654,1.359858920984398,0.7700263194531918,4.448742746615087,10,4,0.0,0.0,0.0,0.0,0.0,1.0,0.8333333333333334,0.1742685368714742,0.6571428571428573,0.6284165472386034,7,0.38643514961596465,C — exploratory,strong,low,low,390
331,ENOX1,Enox1,55068,homologene,0.663929952984038,0.7981072555205048,0.507229232386961,0.6362572833218727,upstroke_downstroke_ratio_long_square,-0.3548932703498204,7.470850286777729e-108,0.3548932703498204,15,0.1310759074321947,3654,1.9477260969040344,0.9364929710257096,5.609284332688588,9,5,0.0,0.0,0.0,0.0,0.0,1.0,0.75,0.1242183735527336,1.0,0.6244528614869136,7,0.38595786987887587,C — exploratory,strong,low,low,391
337,ABR,Abr,29,homologene,0.65927316497694,0.6837539432176656,0.6296004206098843,0.6561187165776551,upstroke_downstroke_ratio_long_square,-0.2546881119757193,1.7243549107449547e-54,0.2546881119757193,15,0.1071266261720394,3654,1.7604340552435904,0.8790128591074711,6.769825918762089,10,5,0.0,0.0,0.0,0.0,0.0,1.0,0.8,0.1011044780141316,0.8999999999999998,0.6107731346098921,7,0.38482549968748836,C — exploratory,strong,low,low,392
469,UNC5C,Unc5c,8633,homologene,0.594804653370989,0.6274973711882229,0.5553364879074658,0.5903153278433783,tau,-0.2406366112917909,2.053758784903228e-48,0.2406366112917909,14,0.1024905232399102,3654,2.3296662507908024,0.7999725899215977,6.363636363636363,9,4,0.0013144116379859,0.31333333333333335,0.0,0.0,0.0,0.8333333333333334,0.75,0.1244141059838424,0.0,0.4245898741886897,7,0.3841514133235424,C — exploratory,moderate,low,low,393
347,SRGAP3,Srgap3,9901,homologene,0.6547598550179626,0.5218191377497371,0.8249211356466878,0.656094227771201,upstroke_downstroke_ratio_long_square,-0.1546577516145112,1.3531988793778346e-20,0.1546577516145112,15,0.0869881658821022,3654,3.142025390269769,1.5936563331128717,13.636363636363637,10,6,0.0,0.0,0.0,0.0,0.0,0.92,0.8,0.0955079400713582,0.7,0.5668555580499508,7,0.38271916628927516,C — exploratory,moderate,low,low,394
399,GALNT18,Galnt18,374378,homologene,0.6274594685431294,0.6640378548895899,0.5833333333333334,0.6223788358807366,latency,-0.2853922508967187,2.542667624415557e-67,0.2853922508967187,13,0.1034649402754699,3654,1.686300581896997,1.046942172299312,5.227272727272728,10,5,0.0015142551675877,0.43666666666666665,0.0,0.0,0.0,1.0,0.3333333333333333,0.1060582549891418,,0.2242407784923992,7,0.3816557266763978,C — exploratory,limited,low,low,395
365,OSBPL8,Osbpl8,114882,homologene,0.6487160274243748,0.7681388012618297,0.5086750788643534,0.6250864462701388,ri,-0.26321056814228,6.440668716905855e-58,0.26321056814228,17,0.1376936589121597,3654,1.7126833560428665,1.0277023698470762,6.382978723404255,9,5,0.0,0.0,0.0,0.0,0.0,0.9966666666666668,0.8333333333333334,0.1291377816669539,0.8285714285714287,0.6311107328811535,7,0.38158492260146726,C — exploratory,strong,low,low,396
344,WNK2,Wnk2,65268,homologene,0.6564552553243637,0.566508937960042,0.7698475289169294,0.6603979906070978,upstroke_downstroke_ratio_long_square,-0.1968636307524111,1.0148932051317572e-32,0.1968636307524111,14,0.0891955600333695,3654,2.8663095937392917,1.335886881441959,9.545454545454543,10,5,0.0,0.0,0.0,0.0,0.0,1.0,0.75,0.1014551657271869,0.7999999999999999,0.5685186160090309,7,0.38097501657720045,C — exploratory,moderate,low,low,397
444,GDA,Gda,9615,homologene,0.6055114011593176,0.8320189274447949,0.3513406940063091,0.5406682045347583,tau,0.2886518788595677,5.325760801425253e-70,0.2886518788595677,18,0.1385291927967223,3654,1.2579172785531223,0.4430937576758769,4.545454545454546,8,3,0.0013137861691092,0.31,0.0,0.0,0.0,0.9333333333333332,0.5,0.1708456618332332,0.3142857142857143,0.4074491061404062,7,0.38016174551830206,C — exploratory,moderate,low,low,398
306,SYTL2,Sytl2,54843,homologene,0.6829594191104096,0.7991587802313354,0.546267087276551,0.6607224372975787,upstroke_downstroke_ratio_long_square,-0.313162651747651,4.806741651422306e-83,0.313162651747651,16,0.1783204626236114,3654,1.811445559849496,0.5682327745471896,7.350096711798839,9,4,0.0,0.0,0.0,0.0,0.0,0.99,0.8,0.1928465624706469,0.3,0.5549925937294529,7,0.38008369224746785,C — exploratory,moderate,low,low,399
351,NPAS2,Npas2,4862,homologene,0.653747080494371,0.7147739221871715,0.5807045215562566,0.6442611648272697,tau,-0.2766610850973654,3.416339867610737e-64,0.2766610850973654,15,0.1054313176602004,3654,1.5791688283109049,0.7107393841992545,5.609284332688588,10,3,0.0,0.0,0.0,0.0,0.0,1.0,0.8,0.1562038286684906,0.6,0.5893426800679434,7,0.3769642247622743,C — exploratory,moderate,low,low,400
427,LMO7,Lmo7,4008,homologene,0.6119310929838945,0.5670347003154573,0.6677181913774973,0.615320554299073,upstroke_downstroke_ratio_long_square,0.1969448310556326,9.571691128867228e-33,0.1969448310556326,14,0.0843038170599536,3654,2.822361821551943,0.9817898098068208,10.0,9,5,0.0,0.0,0.0,0.0,0.0,0.93,0.8,0.1348422661055874,0.8999999999999998,0.6343895862739112,7,0.37382849559337317,C — exploratory,strong,low,low,401
300,OXR1,Oxr1,55074,homologene,0.6843137406905448,0.8020504731861199,0.5458727655099895,0.6616777991414726,upstroke_downstroke_ratio_long_square,-0.3592663716214839,1.16184826068053e-110,0.3592663716214839,15,0.1120995923193112,3654,1.921135053370704,1.0666301198954635,7.156673114119923,9,6,0.0,0.0,0.0,0.0,0.0,1.0,0.6666666666666666,0.1198608730085378,0.6571428571428573,0.5153311825345479,7,0.37265088424613146,C — exploratory,moderate,low,low,402
434,WWP1,Wwp1,11059,homologene,0.6098467515694621,0.6222397476340694,0.5947686645636173,0.6083491626843237,upstroke_downstroke_ratio_long_square,-0.1876044113145392,8.433137361316377e-30,0.1876044113145392,16,0.1091000821608075,3654,2.0932424691826306,0.889085706499523,8.51063829787234,9,5,0.0,0.0,0.0,0.0,0.0,0.7266666666666667,0.8,0.1057698085967521,1.0,0.6340388660177265,7,0.37020945564308266,C — exploratory,strong,low,low,403
430,SIRPA,Sirpa,140885,homologene,0.6105223803044386,0.6879600420609885,0.5185331230283912,0.5972688415852845,upstroke_downstroke_ratio_long_square,-0.25933053301154,1.6595359939494788e-56,0.25933053301154,15,0.1004388061861827,3654,1.3234490326111574,0.6814774778449708,4.448742746615087,10,4,0.0,0.0,0.0,0.0,0.0,0.9,1.0,0.0696785502717751,0.7,0.6387749851902426,7,0.3690536300559244,C — exploratory,strong,low,low,404
471,TSC22D1,Tsc22d1,8848,homologene,0.5938814216798022,0.7074132492113564,0.46096214511041,0.5710435437302412,adaptation,-0.2450745853991019,6.01402658959786e-50,0.2450745853991019,16,0.1194224448789668,3654,1.5467289344687276,0.9962083114525015,5.222437137330754,9,5,0.0,0.0,0.0,0.0,0.0,0.6633333333333333,0.8333333333333334,0.1435221685622585,0.942857142857143,0.6640369465650096,7,0.3664824681773552,C — exploratory,strong,low,low,405
513,HS6ST3,Hs6st3,266722,homologene,0.5765799144362834,0.8101997896950578,0.3163774973711882,0.5062894249679578,threshold_i_short_square,-0.3222909576144817,4.3674513947321015e-87,0.3222909576144817,16,0.1668508505623852,3654,1.2420354082871805,0.2666575299738659,4.7727272727272725,7,4,0.0023676864136496,0.6833333333333333,0.0,0.0,0.0,0.5333333333333333,,,,0.0,7,0.36198212407991587,Outside Top-500,limited,low,moderate,406
193,SLC6A1,Slc6a1,6529,homologene,0.7375998716110812,0.8359621451104101,0.620925341745531,0.720465183502304,tau,-0.3971584533690068,7.274204666661934e-137,0.3971584533690068,15,0.171128103521734,3654,2.197500034056033,1.0103575056150842,9.318181818181818,9,5,0.0,0.0,0.0,0.0,0.0066666666666666,1.0,0.4,0.2318629462992749,-0.1999999999999999,0.3423040624094924,7,0.36117164318642003,C — exploratory,limited,low,low,407
380,CDK14,Cdk14,5218,homologene,0.6403144408657822,0.7594637223974764,0.5006572029442692,0.6166287237821179,upstroke_downstroke_ratio_long_square,0.2563003568108918,3.468171283689537e-55,0.2563003568108918,17,0.1502085088308977,3654,1.3415571566861542,0.7931807938620856,3.863636363636364,10,5,0.0010060212648324,0.11333333333333333,0.0,0.0,0.0,1.0,0.4,0.1579052680804633,0.6,0.4105336876563243,7,0.35679758926628063,C — exploratory,moderate,low,low,408
191,ITGA8,Itga8,8516,homologene,0.7378356375713534,0.6498422712933755,0.8483175604626708,0.7424773466369983,ri,0.2323969140729951,4.067402338660653e-45,0.2323969140729951,15,0.1026947246880899,3654,3.959525274118419,1.3292812730276309,13.181818181818182,10,7,0.0,0.0,0.0,0.0,0.0,1.0,0.4,0.1349541974079465,-0.1999999999999999,0.2744679381855626,7,0.35452555398832175,C — exploratory,limited,low,low,409
458,CALN1,Caln1,83698,homologene,0.5990659723790711,0.7715562565720294,0.4015509989484753,0.5566140364484573,upstroke_downstroke_ratio_long_square,0.3917686486356924,4.378395026883644e-133,0.3917686486356924,13,0.1257578278799698,3654,1.506117594540871,1.0283932793505326,3.481624758220503,9,5,0.0018982970675309,0.59,0.0,0.0,0.0,0.8333333333333334,,,,0.0,7,0.3526214511041009,C — exploratory,limited,low,moderate,410
410,MEF2C,Mef2c,4208,homologene,0.6215908110791095,0.878286014721346,0.3362250262881177,0.5434167262683132,tau,-0.3300469544558959,2.1877823972121272e-92,0.3300469544558959,18,0.2028176527795115,3654,1.1474860246471017,0.585069615878345,4.448742746615087,8,4,0.0,0.0,0.0,0.0,0.0,0.96,0.6666666666666666,0.2019841250855079,0.3714285714285715,0.5156746018455699,7,0.34603712857100677,C — exploratory,moderate,low,low,411
501,PIP5K1B,Pip5k1b,8395,homologene,0.5812173904874612,0.7363301787592009,0.4027339642481598,0.5445596127948245,upstroke_downstroke_ratio_long_square,0.2902429111117633,5.2923549494907486e-71,0.2902429111117633,15,0.1011517968561427,3654,1.3960839505411826,0.6571633620871621,5.681818181818182,8,3,0.0018483160058058,0.5733333333333334,0.0,0.0,0.0,0.56,,,,0.0,7,0.3424794952681388,Outside Top-500,limited,low,moderate,412
551,MPPED1,Mpped1,758,homologene,0.555430214678233,0.8346477392218716,0.2518401682439537,0.4584733657150345,threshold_i_short_square,0.3947240982718284,1.0466784388289539e-133,0.3947240982718284,15,0.164339921657071,3654,1.08662710066893,0.5150496427486303,3.288201160541586,7,4,0.0019640988741395,0.6066666666666667,0.0,0.0,0.0,0.38,,,,0.0,7,0.33863091482649843,Outside Top-500,limited,low,moderate,413
330,COL24A1,Col24a1,255631,homologene,0.6639729053222096,0.5126182965299684,0.858832807570978,0.6635159461694081,threshold_i_short_square,-0.1687866240412355,7.346387886527547e-24,0.1687866240412355,14,0.0722047433956489,3654,4.245271033804979,1.9989305264342905,14.090909090909092,10,8,0.0,0.0,0.0,0.0,0.0,1.0,0.6,0.0402754580390646,-0.3,0.2981928206273452,7,0.33392878494565836,C — exploratory,limited,low,low,414
271,ERC2,Erc2,26059,homologene,0.6974777304794046,0.57465825446898,0.8537066246056783,0.7004209867818809,tau,0.1816720066542437,7.880022324188742e-28,0.1816720066542437,15,0.070196295585521,3654,3.489572489209973,0.9580531282933444,17.272727272727273,10,5,0.0,0.0,0.0,0.0,0.0,0.9966666666666668,0.3333333333333333,0.11656230533575,-0.0857142857142857,0.231593613735025,7,0.3319916985619366,C — exploratory,limited,low,low,415
786,CXCL14,Cxcl14,9547,homologene,0.4269687862998528,0.7933753943217665,0.0675604626708727,0.2315184846012617,upstroke_downstroke_ratio_long_square,0.3502151536692876,6.867579933062055e-105,0.3502151536692876,15,0.1437204505428212,3654,0.2881964632466622,0.0,1.3636363636363635,4,1,0.0036935655728816,0.7933333333333333,0.0,0.0,0.0,0.0,,,,0.0,7,0.3308538380651945,Outside Top-500,limited,low,moderate,416
499,TMEFF2,Tmeff2,23671,homologene,0.5817099128650187,0.8073080967402734,0.3293901156677182,0.5156736442409715,tau,0.3656489247756159,1.1006376776806712e-114,0.3656489247756159,15,0.1252674542723195,3654,1.264497685367521,0.5386960521309438,3.863636363636364,8,4,0.0017252011667465,0.5166666666666667,0.0,0.0,0.0,0.6733333333333333,,,,0.0,7,0.33067297581493166,C — exploratory,limited,low,moderate,417
376,SLC9A9,Slc9a9,285195,homologene,0.6421189473660996,0.6950578338590957,0.5786014721345952,0.6341620344119914,upstroke_downstroke_ratio_long_square,-0.3101333401778297,2.130053124421372e-81,0.3101333401778297,13,0.0973997316935965,3654,2.1677484849678854,0.6545641305145324,7.5,9,4,0.0009783390938239,0.09,0.0,0.0,0.0,0.9966666666666668,0.25,0.1322005720990436,0.3999999999999999,0.2850404004693305,7,0.3297399412926043,C — exploratory,limited,low,low,418
459,CACNA1D,Cacna1d,776,homologene,0.5983643785652407,0.3966876971608832,0.8648790746582544,0.5857361935622714,tau,-0.1404456022510347,4.71819852208739e-17,0.1404456022510347,12,0.0635831413076201,3654,4.475264244813809,2.2154687883793844,14.313346228239846,10,8,0.0,0.0,0.0,0.0,0.0,0.8733333333333333,0.5,0.0785327400695348,0.3999999999999999,0.3599729180486744,7,0.3243079379735624,C — exploratory,limited,low,low,419
492,TMEM132B,Tmem132b,114795,homologene,0.5825863903266962,0.3500262881177707,0.8947160883280757,0.5596196487943645,tau,0.1460155742996108,2.4588368798437657e-18,0.1460155742996108,9,0.0567155826775955,3654,4.801654972327941,1.5204858619377646,19.318181818181817,10,8,0.0,0.0,0.0,0.0,0.0,0.1733333333333333,0.6666666666666666,0.0965978144183026,,0.3676184700928118,7,0.32247216930773165,C — exploratory,limited,low,low,420
722,NPY,Npy,4852,homologene,0.4613704864886907,0.7765509989484753,0.1348580441640378,0.3236111075223178,avg_isi,0.3270721553348678,4.303299927284763e-90,0.3270721553348678,15,0.1192087646067854,3654,0.4845978793951708,0.5443472767830704,1.3636363636363635,7,1,0.0024226731505355,0.6933333333333334,0.0,0.0,0.0,0.0066666666666666,,,,0.0,7,0.32094847528916925,Outside Top-500,limited,low,moderate,421
476,PITPNC1,Pitpnc1,26207,same-symbol,0.5921282090767851,0.8809148264984227,0.2769453207150368,0.4939283745111599,tau,0.4108916874775438,2.683322422575176e-147,0.4108916874775438,16,0.1381099327506788,3654,0.8352291065455997,0.9364929710257096,1.7408123791102514,9,5,0.0014685550417774,0.41,0.0,0.0,0.0,0.7133333333333334,,,,0.0,7,0.3135720294426919,C — exploratory,limited,low,low,422
419,NR3C2,Nr3c2,4306,homologene,0.6168531228042834,0.6682439537329127,0.555205047318612,0.6091078853147923,upstroke_downstroke_ratio_long_square,0.2432758786683857,1.0333691048382415e-49,0.2432758786683857,15,0.1020649182204113,3654,2.4371005196618336,1.0080468079643805,8.181818181818182,8,5,0.0008996343859618,0.03666666666666667,0.0,0.0,0.0,0.96,0.4,0.0741039736037878,0.3,0.2918727815226515,7,0.31039768984816857,C — exploratory,limited,low,low,423
464,CHRNA7,Chrna7,1139,homologene,0.596240796137852,0.7150368033648791,0.4574132492113564,0.5718979869984079,upstroke_downstroke_ratio_long_square,0.3260711848465227,2.698234585800281e-90,0.3260711848465227,13,0.0962374790962047,3654,1.0472018550640905,0.5661364923037482,3.481624758220503,10,4,0.0013714035102623,0.35333333333333333,0.0,0.0,0.0,0.8766666666666667,,,,0.0,7,0.30515667718191375,C — exploratory,limited,low,low,424
533,LHFPL3,Lhfpl3,375612,homologene,0.5654215714153203,0.8421398527865405,0.2635383806519453,0.4711010221659814,tau,0.4079795952717658,4.694742347895695e-145,0.4079795952717658,15,0.1614057616314521,3654,0.6188312183060735,0.405274193321419,1.9342359767891684,9,2,0.0014896620268088,0.4166666666666667,0.0,0.0,0.0,0.3833333333333333,,,,0.0,7,0.3044689800210305,Outside Top-500,limited,low,low,425
642,GPC6,Gpc6,10082,homologene,0.5043370110188731,0.5097266035751841,0.4977655099894847,0.5037105545686028,threshold_i_long_square,-0.1946581416201837,8.297714296404631e-32,0.1946581416201837,12,0.0870796000176093,3654,1.901840921845578,0.6076598153175343,5.415860735009671,9,4,0.0016731034473507,0.49333333333333335,0.0,0.0,0.0,0.0266666666666666,,,,0.0,7,0.30016508937960046,Outside Top-500,limited,low,low,426
422,HIVEP3,Hivep3,59269,homologene,0.6144416684230997,0.4248159831756046,0.8633017875920084,0.6055942516843733,trough_v_long_square,0.1421747822672605,2.7263849300929734e-17,0.1421747822672605,13,0.073038552968234,3654,4.445377473567503,2.2801057544330408,14.090909090909092,10,9,0.0,0.0,0.0,0.0,0.0,1.0,0.3333333333333333,0.0713551691415643,-0.3142857142857143,0.199948618399095,7,0.2976132778333416,C — exploratory,limited,low,low,427
794,NRG1,Nrg1,3084,same-symbol,0.4185826200136512,0.21267087276551,0.7017613038906414,0.3863213545372362,tau,0.0817911666622743,1.4540393967805594e-06,0.0817911666622743,11,0.038973064226013,3654,2.679171267435521,1.2864703902752423,7.045454545454546,10,5,0.0018269986089542,0.56,0.0,0.0,0.0,0.0,,,,0.0,7,0.29488643533123027,Outside Top-500,limited,low,moderate,428
650,LRRTM4,Lrrtm4,80059,homologene,0.5006891652027005,0.363564668769716,0.6791535226077814,0.4969066567180237,threshold_i_short_square,-0.1188539001125659,2.167626118645702e-12,0.1188539001125659,13,0.0571811494482941,3654,3.1183819117387044,1.0366706901524294,9.717314487632509,9,5,0.0015101479836905,0.43,0.0,0.0,0.0,0.0066666666666666,,,,0.0,7,0.29454363827549945,Outside Top-500,limited,low,low,429
408,KLF12,Klf12,11278,homologene,0.6221300871593997,0.8412197686645637,0.375,0.5616559563017305,upstroke_downstroke_ratio_long_square,-0.4070731648870101,1.3966445850909864e-144,0.4070731648870101,15,0.1321534482309082,3654,1.0778162918306444,0.516906836610266,4.061895551257253,9,3,0.0,0.0,0.0,0.0,0.0,0.98,0.2,0.1203206158761579,0.3,0.2342244311133106,7,0.2900888399555749,C — exploratory,limited,low,low,430
510,CDH2,Cdh2,1000,homologene,0.577592762790496,0.4487381703470032,0.7432965299684543,0.5775340032269274,tau,0.1745414174687284,9.405613127683224e-26,0.1745414174687284,11,0.0606351798119676,3654,2.9832701770124967,1.507204888001111,7.7369439071566735,10,6,0.0010902128349163,0.19,0.0,0.0,0.0,0.3033333333333333,,,,0.0,7,0.27640694006309147,Outside Top-500,limited,low,low,431
573,DPP10,Dpp10,57628,homologene,0.545720769056357,0.3245268138801262,0.8430599369085173,0.5230636244615958,threshold_i_long_square,-0.13185019351359,3.4147132340947466e-15,0.13185019351359,10,0.0591180561676575,3654,3.9278242540068007,2.601213008175844,12.727272727272728,10,7,0.0010721717326165,0.17333333333333334,0.0,0.0,0.0,0.0,,,,0.0,7,0.26818401682439535,Outside Top-500,limited,low,low,432
653,SEMA3E,Sema3e,9723,homologene,0.4992327039347604,0.2849631966351209,0.7890378548895899,0.4741800811879978,peak_v_long_square,0.1299834817806911,2.171436408859667e-14,0.1299834817806911,8,0.0360278754195594,3654,2.862196808335894,1.2993854688372914,11.136363636363637,10,5,0.0011493816376882,0.24666666666666667,0.0,0.0,0.0,0.0,,,,0.0,7,0.26413354363827546,Outside Top-500,limited,low,low,433
455,MAML3,Maml3,55534,homologene,0.6005556951875526,0.5862250262881177,0.6181650893796005,0.6019832603751976,upstroke_downstroke_ratio_long_square,0.2464548970331157,5.120050914913873e-51,0.2464548970331157,12,0.0833134214457784,3654,1.7546157884622424,0.6545641305145324,6.382978723404255,10,4,0.0009710021765203,0.08333333333333333,0.0,0.0,0.0,0.92,,,,0.0,7,0.2575446898002103,C — exploratory,limited,low,low,434
765,PCDH17,Pcdh17,27253,homologene,0.4437071483497937,0.1665352260778128,0.8399053627760252,0.3739970982158455,adaptation,-0.0782866139486889,4.593016828433609e-06,0.0782866139486889,9,0.0297969946049098,3654,4.627322617835143,1.7196009174957432,10.861423220973784,10,7,0.0012090321421248,0.27,0.0,0.0,0.0,0.0,,,,0.0,7,0.25528811777076765,Outside Top-500,limited,low,low,435
512,SLCO3A1,Slco3a1,28232,homologene,0.5768004247876417,0.5226077812828601,0.644453207150368,0.5803415035386297,adaptation,-0.1736844692765327,2.2031323651919915e-25,0.1736844692765327,14,0.0937996581183937,3654,2.025588398878873,0.863834949847188,6.576402321083172,10,4,0.0009720243048571,0.08666666666666667,0.0,0.0,0.0,0.2466666666666666,,,,0.0,7,0.250745531019979,Outside Top-500,limited,low,low,436
590,KCNH1,Kcnh1,3756,homologene,0.5356653316059966,0.3464773922187171,0.7866719242902208,0.5220766580299829,latency,-0.1034856755256685,1.764558794511548e-09,0.1034856755256685,14,0.0539502800674536,3654,3.6292476682506063,1.8679773251585745,8.704061895551257,10,8,0.0009948043175987,0.11,0.0,0.0,0.0,0.0,,,,0.0,7,0.2486298633017876,Outside Top-500,limited,low,low,437
507,VPS13A,Vps13a,23230,homologene,0.5785743167956806,0.3601472134595163,0.8701366982124079,0.5598011318227776,upstroke_downstroke_ratio_long_square,-0.1559648177488619,6.315370750913671e-21,0.1559648177488619,8,0.0575928946934029,3654,4.605953394464683,1.6937538102371916,14.506769825918765,10,8,0.0,0.0,0.0,0.0,0.0,0.1833333333333333,,,,0.0,7,0.24605678233438483,Outside Top-500,limited,low,low,438
414,FGF12,Fgf12,2257,homologene,0.6207160437037704,0.8764458464773922,0.3363564668769716,0.5429532469100192,upstroke_downstroke_ratio_long_square,-0.5144820979527358,2.3683535905427886e-244,0.5144820979527358,15,0.142936721099478,3654,1.1271088893941088,0.405274193321419,4.545454545454546,8,4,0.0,0.0,0.0,0.0,0.0,0.8966666666666666,,,,0.0,7,0.24256046267087275,C — exploratory,limited,low,low,439
548,MTUS2,Mtus2,23281,homologene,0.5561417552364427,0.3062565720294427,0.8958990536277603,0.5238081452673867,latency,0.107346806006008,4.097874985317927e-10,0.107346806006008,12,0.0441916401741908,3654,5.0377592046264965,1.5936563331128717,18.40909090909091,10,8,0.0,0.0,0.0,0.0,0.0,0.0,,,,0.0,7,0.2404311251314406,Outside Top-500,limited,low,low,440
479,SCN3B,Scn3b,55800,homologene,0.5910298479729186,0.8935331230283912,0.2628811777076761,0.4846576520622792,tau,0.3795425667348083,3.593385909733413e-124,0.3795425667348083,17,0.180887204349468,3654,0.8871116461435029,0.4275198289561951,3.094777562862669,8,3,0.0,0.0,0.0,0.0,0.0,0.7633333333333333,,,,0.0,7,0.23128286014721344,C — exploratory,limited,low,low,441
614,CPLX2,Cplx2,10814,homologene,0.5201334627482221,0.8888012618296529,0.1410357518401682,0.3540519089040974,upstroke_downstroke_ratio_long_square,0.3742964462358537,1.0034188145545601e-120,0.3742964462358537,17,0.2201310599940726,3654,0.4935839663151089,0.1968168693538523,2.5,6,1,0.0009918117638667,0.10666666666666667,0.0,0.0,0.0,0.03,,,,0.0,7,0.22730073606729756,Outside Top-500,limited,low,low,442
639,PLCE1,Plce1,51196,homologene,0.5049289679763815,0.224763406940063,0.8970820189274448,0.4490336411437373,upstroke_downstroke_ratio_long_square,0.0863148779937891,2.797845191857327e-07,0.0863148779937891,11,0.0457902504472185,3654,4.958894844377549,2.124875110817162,19.09090909090909,10,8,0.0,0.0,0.0,0.0,0.0,0.0,,,,0.0,7,0.22436908517350154,Outside Top-500,limited,low,low,443
665,PTPRB,Ptprb,5787,homologene,0.4937925787650696,0.2016298633017876,0.9072029442691902,0.4276905489252434,tau,0.0967449422352348,1.0277912304772036e-08,0.0967449422352348,8,0.037946464245379,3654,5.382116073729188,1.7046983236415687,22.272727272727277,10,7,0.0,0.0,0.0,0.0,0.0,0.0,,,,0.0,7,0.22176656151419558,Outside Top-500,limited,low,low,444
554,SHISA6,Shisa6,388336,homologene,0.5547140050980509,0.8951104100946372,0.1951892744479495,0.417990372493409,tau,0.4400366221815711,3.20518622043161e-171,0.4400366221815711,16,0.2171926297905906,3654,0.6234453658696966,0.0,4.642166344294004,3,2,0.0,0.0,0.0,0.0,0.0,0.1233333333333333,,,,0.0,7,0.21805993690851735,Outside Top-500,limited,low,low,445
675,TAC1,Tac1,6863,homologene,0.4891786685177865,0.90273396424816,0.0817560462670872,0.2716688420631701,f_i_curve_slope,0.3627466508252739,6.1777470167274525e-112,0.3627466508252739,18,0.2311377378648527,3654,0.3944524351192107,0.1012145748987854,1.1605415860735009,5,2,0.0,0.0,0.0,0.0,0.0,0.0,,,,0.0,7,0.19689800210304945,Outside Top-500,limited,low,low,446
161,MAP3K5,Map3k5,4217,homologene,0.7596027191302761,0.7368559411146162,0.7875920084121977,0.7618017134221481,upstroke_downstroke_ratio_long_square,-0.2659286104394527,1.9172975072075202e-59,0.2659286104394527,16,0.1169626414521567,3654,3.008572045527365,1.1684153154380703,10.227272727272728,10,7,0.0,0.0,0.0,0.0,0.0,1.0,0.75,0.1793694588395243,-0.1999999999999999,0.463058621187667,8,0.3975013141428962,C — exploratory,moderate,low,low,447
200,MYH10,Myh10,4628,homologene,0.7331316869527004,0.6766561514195585,0.8033648790746583,0.7372935556888431,upstroke_downstroke_ratio_long_square,-0.2491201811449909,3.979770319272063e-52,0.2491201811449909,15,0.0988939499554576,3654,2.993616967326232,1.3577564925446826,11.798839458413926,10,8,0.0,0.0,0.0,0.0,0.0,1.0,0.8,0.1099302003874043,0.3,0.496951140271183,8,0.39539443415307995,C — exploratory,moderate,low,low,448
260,SYNJ2,Synj2,8871,homologene,0.7032086715838373,0.6356466876971608,0.7875920084121977,0.7075522958792289,threshold_i_long_square,0.1755278497369127,4.739892654031229e-26,0.1755278497369127,17,0.1012285628524191,3654,2.9670181448043853,1.1883821397914525,10.454545454545457,10,6,0.0,0.0,0.0,0.0,0.0,1.0,0.6,0.1389979874101187,0.8999999999999998,0.5472985911870831,8,0.3941074574592883,C — exploratory,moderate,low,low,449
229,RASAL2,Rasal2,9462,homologene,0.7172480475092916,0.6937434279705572,0.7461882229232387,0.7194881344970366,tau,-0.2368590503255712,6.627700167036886e-47,0.2368590503255712,16,0.1021206219289768,3654,2.710900979012046,0.8664955070603337,8.704061895551257,10,5,0.0,0.0,0.0,0.0,0.0,1.0,0.6,0.1228512169621278,0.7,0.4959958518734895,8,0.3871855005534571,C — exploratory,moderate,low,low,450
284,RAPGEF4,Rapgef4,11069,homologene,0.6926917740526681,0.6503680336487907,0.745136698212408,0.6961415726818476,threshold_i_short_square,0.1850997017359905,1.611291613635595e-28,0.1850997017359905,17,0.0939881743515892,3654,2.528316554801555,0.5829733336349037,9.284332688588009,10,4,0.0,0.0,0.0,0.0,0.0,1.0,0.8,0.0632993752514709,0.4999999999999999,0.5043095626760297,8,0.37996285890744563,C — exploratory,moderate,low,low,451
319,BDP1,Bdp1,55814,homologene,0.6700802987354482,0.5683491062039958,0.798764458464774,0.6737782024048959,upstroke_downstroke_ratio_long_square,-0.2152323228602572,5.572179273621496e-39,0.2152323228602572,13,0.0794191520365567,3654,3.371286699681914,1.4677117487300002,10.058027079303676,10,7,0.0,0.0,0.0,0.0,0.0,1.0,1.0,0.1115357711951495,,0.5280750398366046,8,0.37903772090107485,C — exploratory,moderate,low,low,452
361,PRICKLE1,Prickle1,144165,homologene,0.649659817131107,0.7631440588853837,0.5162986330178759,0.6277023453821381,ri,-0.2602173815694758,1.3364163053797725e-56,0.2602173815694758,17,0.1619183513722779,3654,1.958462330424652,1.0366706901524294,5.909090909090909,9,5,0.0,0.0,0.0,0.0,0.0,1.0,0.8,0.1908338416069627,0.6,0.6135836891248739,8,0.3786052762056267,C — exploratory,strong,low,low,453
253,CADM2,Cadm2,253559,homologene,0.70617719964719,0.7786540483701367,0.6196109358569927,0.6945952516534046,tau,0.3294490704525354,4.856926589308788e-92,0.3294490704525354,15,0.1290084186928316,3654,2.194361742201667,0.7931807938620856,9.318181818181818,9,5,0.0,0.0,0.0,0.0,0.0,0.99,0.6,0.1282343341948218,0.6,0.4797640339363753,8,0.3756058036327009,C — exploratory,moderate,low,low,454
250,HTR2C,Htr2c,3358,homologene,0.7073645511810077,0.7552576235541535,0.6497108307045215,0.7004991491752804,upstroke_downstroke_ratio_long_square,0.2787241787636987,2.255131319715833e-65,0.2787241787636987,16,0.142376818458732,3654,2.108032087722407,1.0366706901524294,6.576402321083172,10,5,0.0,0.0,0.0,0.0,0.0,1.0,0.6666666666666666,0.0610181431527567,0.6,0.4627127002069297,8,0.3735362308931209,C — exploratory,moderate,low,low,455
363,KIF5C,Kif5c,3800,homologene,0.649302462920208,0.5883280757097792,0.7254206098843322,0.6532880769564554,adaptation,-0.1703891997734537,1.8314756859930606e-24,0.1703891997734537,16,0.0911308091956381,3654,2.330740411335961,1.3654236038582048,8.704061895551257,10,7,0.0,0.0,0.0,0.0,0.0,1.0,0.8,0.0761197293877038,0.7,0.5532838105713926,8,0.3734064992331008,C — exploratory,moderate,low,low,456
402,MYO5A,Myo5a,4644,homologene,0.6266044973292635,0.4968454258675079,0.7928496319663512,0.6276334225033102,upstroke_downstroke_ratio_long_square,-0.1872564535018309,1.0762294530588236e-29,0.1872564535018309,12,0.0589202289589985,3654,3.0590618077297327,1.062437555408581,10.638297872340424,10,6,0.0,0.0,0.0,0.0,0.0,0.9366666666666666,0.75,0.0533118376394733,1.0,0.5748182863476314,8,0.3729026688362981,C — exploratory,moderate,low,low,457
378,GOLIM4,Golim4,27333,homologene,0.6409643718987303,0.7965299684542587,0.46096214511041,0.6059456765283522,upstroke_downstroke_ratio_long_square,-0.3119692037099574,2.1433178224710816e-82,0.3119692037099574,16,0.1424174951925266,3654,1.4182189682371358,0.5607555001205362,5.609284332688588,9,4,0.0,0.0,0.0,0.0,0.0,0.9833333333333332,0.8,0.1112402045966813,0.7999999999999999,0.597868143217677,8,0.37107205135646915,C — exploratory,moderate,low,low,458
403,GALNTL6,Galntl6,442117,homologene,0.6249901895748169,0.6564143007360673,0.5870136698212408,0.6207448490307612,upstroke_downstroke_ratio_long_square,-0.2080085924711271,1.892014520496433e-36,0.2080085924711271,16,0.0841318306565742,3654,2.195067390023383,0.5228827355618663,7.727272727272727,9,4,0.0,0.0,0.0,0.0,0.0,0.9433333333333334,0.8,0.153795553409673,0.7,0.6076568873867711,8,0.37021697158881584,C — exploratory,strong,low,low,459
358,NRG3,Nrg3,10718,homologene,0.6509592933375549,0.7202944269190326,0.568217665615142,0.6397530912934529,upstroke_downstroke_ratio_long_square,-0.3076335770014688,4.734682188991943e-80,0.3076335770014688,14,0.1027647390752215,3654,2.726332969458465,0.585069615878345,7.954545454545454,8,4,0.0,0.0,0.0,0.0,0.0,0.9966666666666668,0.8,0.0692702842045323,0.7,0.5484891989431726,8,0.3674002582954694,C — exploratory,moderate,low,low,460
345,MYRIP,Myrip,25924,homologene,0.6563207634214648,0.7292323869610936,0.5694006309148265,0.6443798423439172,upstroke_downstroke_ratio_long_square,-0.2863270064459914,4.63338855914901e-69,0.2863270064459914,15,0.0918727663122387,3654,2.154750274611187,0.8532459938513195,7.272727272727272,9,4,0.0,0.0,0.0,0.0,0.0,1.0,0.8,0.0978864956347876,0.4999999999999999,0.5285205469443514,8,0.36543071296405427,C — exploratory,moderate,low,low,461
354,ZFYVE28,Zfyve28,57732,homologene,0.6524486493072725,0.6816508937960042,0.6171135646687698,0.6485799973250063,ri,-0.2272776915575837,3.686126877550496e-43,0.2272776915575837,16,0.1216427347096538,3654,1.9645363259344824,0.6788782462723413,5.681818181818182,10,4,0.0,0.0,0.0,0.0,0.0,1.0,0.6,0.1544576471149962,0.7,0.5181203529804974,8,0.36337696228905425,C — exploratory,moderate,low,low,462
435,CCSER1,Ccser1,401145,homologene,0.6094885980385695,0.5240536277602523,0.7172712933753943,0.6130975643253394,upstroke_downstroke_ratio_long_square,-0.2464011876242917,5.352668028430768e-51,0.2464011876242917,9,0.0560164372088945,3654,2.5167286752855675,1.1734408844544195,7.93036750483559,10,5,0.0,0.0,0.0,0.0,0.0,0.9866666666666668,0.8333333333333334,0.0599655783308293,0.7714285714285715,0.5712616191172948,8,0.36251730805058824,C — exploratory,moderate,low,low,463
467,FOCAD,Focad,54914,homologene,0.5954513571521237,0.4871188222923239,0.7334384858044164,0.5977220854451613,upstroke_downstroke_ratio_long_square,-0.1419596991259389,1.5520608383514808e-17,0.1419596991259389,15,0.0644982436084335,3654,2.6760669366795398,1.2771784946853733,8.317214700193423,10,7,0.0,0.0,0.0,0.0,0.0,0.9,1.0,0.0590514597821782,0.4999999999999999,0.5913360218475248,8,0.362378665988853,C — exploratory,moderate,low,low,464
391,LRRTM3,Lrrtm3,347731,homologene,0.6325672064226884,0.6398527865404837,0.6236855941114615,0.6317174727022957,upstroke_downstroke_ratio_long_square,-0.2215966275038676,2.7307998019467036e-41,0.2215966275038676,15,0.1290352117193826,3654,1.8302464174016029,0.5312187777042905,6.382978723404255,10,4,0.0,0.0,0.0,0.0,0.0,0.9966666666666668,1.0,0.1118551647255175,0.0999999999999999,0.5482986153078623,8,0.3623673991919615,C — exploratory,moderate,low,low,465
482,MGAT5,Mgat5,4249,homologene,0.5890118689882753,0.6942691903259727,0.4654311251314406,0.5684491977279164,ri,-0.2087380693936401,1.829269333701917e-36,0.2087380693936401,17,0.1130192080735973,3654,1.59367125591533,0.9410683956973628,5.222437137330754,9,5,0.0,0.0,0.0,0.0,0.0,0.6366666666666667,0.8333333333333334,0.1449131687772179,0.7714285714285715,0.6307249324297668,8,0.35808504957743603,C — exploratory,strong,low,low,466
421,ANKRD26,Ankrd26,22852,homologene,0.6146045102558138,0.4608307045215563,0.8136172450052577,0.6123232873463662,upstroke_downstroke_ratio_long_square,-0.1784498165916819,4.663721978826728e-27,0.1784498165916819,11,0.052913887967367,3654,3.171099019557226,1.402936891423061,12.18568665377176,10,7,0.0,0.0,0.0,0.0,0.0,0.76,1.0,0.0497464476721227,,0.4848225133704859,8,0.35185409257946,C — exploratory,moderate,low,low,467
341,CADPS,Cadps,8618,homologene,0.6575814456872883,0.529968454258675,0.820583596214511,0.6594569129790279,adaptation,-0.1439011960483547,9.630251903860812e-18,0.1439011960483547,16,0.0834713160292091,3654,3.6143666762570144,1.7111214030179442,11.218568665377177,10,7,0.0,0.0,0.0,0.0,0.0,1.0,0.75,0.0825125821621079,-0.3999999999999999,0.3952588075134756,8,0.3491621715973323,C — exploratory,limited,low,low,468
394,KIDINS220,Kidins220,57498,homologene,0.6309414265998107,0.4907991587802313,0.8111198738170348,0.6309492465637216,adaptation,-0.10680104982453,2.8123039081853875e-10,0.10680104982453,18,0.0725668438895061,3654,3.331080684089881,1.4402713085571957,11.218568665377177,10,6,0.0,0.0,0.0,0.0,0.0,0.9966666666666668,0.6666666666666666,0.0451131255628559,0.4857142857142857,0.4287220450368563,8,0.3461282155268245,C — exploratory,moderate,low,low,469
349,MAP1B,Map1b,4131,homologene,0.6541892238264768,0.5099894847528917,0.8395110410094637,0.6543254566718157,tau,0.1500115744026108,2.753246533016738e-19,0.1500115744026108,15,0.0752709705090435,3654,3.695437199563103,1.3417671643471287,12.76595744680851,10,6,0.0,0.0,0.0,0.0,0.0,1.0,0.6666666666666666,0.0545655233446433,0.0857142857142857,0.3553387234841074,8,0.34096784984929257,C — exploratory,limited,low,low,470
224,SHANK2,Shank2,22941,homologene,0.7205189793971656,0.6240799158780231,0.8420084121976866,0.7249003649143241,upstroke_downstroke_ratio_long_square,0.2730966561679052,1.0149933489565854e-62,0.2730966561679052,12,0.0933442069893455,3654,3.790320636320074,1.5851768186350723,12.954545454545457,10,7,0.0,0.0,0.0,0.0,0.0,1.0,0.3333333333333333,0.1264324585545612,,0.2385027209881928,8,0.3409182098127805,C — exploratory,limited,low,low,471
277,KHDRBS2,Khdrbs2,202559,homologene,0.6964579619461477,0.7789169295478443,0.5983175604626709,0.6826709874384148,upstroke_downstroke_ratio_long_square,0.2928023657049884,2.730150616179321e-72,0.2928023657049884,16,0.123797374056528,3654,2.2058923226492912,1.062437555408581,8.181818181818182,9,6,0.0,0.0,0.0,0.0,0.0,1.0,0.3333333333333333,0.158537385533876,0.2571428571428572,0.3124047413022846,8,0.33792784626256,C — exploratory,limited,low,low,472
335,KCNB1,Kcnb1,3745,homologene,0.660369585691293,0.5383806519453207,0.8158517350157729,0.6627509253018911,tau,0.1638317297029489,8.456526621908697e-23,0.1638317297029489,15,0.0859734119646905,3654,3.3278638988279448,1.083997712676216,11.818181818181818,10,5,0.0,0.0,0.0,0.0,0.0,1.0,0.5,0.1128430182283741,0.1428571428571428,0.3325615413312904,8,0.33735878565847677,C — exploratory,limited,low,low,473
214,DLG2,Dlg2,1740,homologene,0.7235334906033452,0.6511566771819138,0.8140115667718191,0.7280446875067363,tau,0.2047060474692833,4.0761672650080956e-35,0.2047060474692833,16,0.0832928168650332,3654,3.498021870201402,0.8550396579123902,11.136363636363637,10,5,0.0,0.0,0.0,0.0,0.0,1.0,0.3333333333333333,0.0924380403418956,0.0285714285714285,0.2204209139536126,8,0.33711783158146913,C — exploratory,limited,low,low,474
657,SHISA9,Shisa9,729993,homologene,0.4974844427575138,0.8036277602523659,0.1742902208201892,0.3742518667844143,tau,-0.3170777666237272,5.515714124166458e-85,0.3170777666237272,16,0.1337200094549511,3654,0.6630358520794088,0.0,3.67504835589942,4,2,0.002352424484564,0.6733333333333333,0.0,0.0,0.0,0.0,,,,0.0,8,0.3302502628811777,Outside Top-500,limited,low,moderate,475
588,SLC35F1,Slc35f1,222553,homologene,0.5359342741343113,0.7662986330178759,0.2808885383806519,0.4639445042151946,tau,0.2856798810637597,1.5529241475139589e-68,0.2856798810637597,16,0.1455400396286087,3654,1.0657031689488443,0.4794460545623116,3.0035335689045937,8,4,0.0018453397789102,0.57,0.0,0.0,0.0,0.21,,,,0.0,8,0.32343743427970556,Outside Top-500,limited,low,moderate,476
318,TNIK,Tnik,23043,homologene,0.6703774284345919,0.5546792849631966,0.817429022082019,0.6733579623622338,ri,0.1534077826771182,4.0582221846119455e-20,0.1534077826771182,16,0.0784174441172403,3654,3.552229523504701,1.8896140658213785,11.218568665377177,10,8,0.0,0.0,0.0,0.0,0.0,1.0,0.4,0.0873664178763752,-0.1999999999999999,0.2411564925134627,8,0.32265295991173565,C — exploratory,limited,low,low,477
404,TLN2,Tln2,83660,homologene,0.6243968139923244,0.4582018927444795,0.8402996845425869,0.6205053633370161,tau,0.1773659170216128,1.4514480589132666e-26,0.1773659170216128,11,0.060388176324926,3654,3.970466757762883,2.2645459692149927,12.272727272727272,10,8,0.0,0.0,0.0,0.0,0.0,1.0,0.4,0.0947120913407674,0.3,0.3062984639385372,8,0.32096000824512066,C — exploratory,limited,low,low,478
491,KIF1A,Kif1a,547,homologene,0.5836254443728064,0.3982649842271293,0.8274185068349106,0.5740486203918973,upstroke_downstroke_ratio_long_square,-0.1080432831843849,1.0878987323618472e-10,0.1080432831843849,15,0.0644343634622927,3654,4.013522563455484,2.1051500689842357,10.909090909090908,10,7,0.0,0.0,0.0,0.0,0.0,0.5133333333333333,0.5,0.0764184283798075,0.3999999999999999,0.3584928998658653,8,0.3168352781855811,C — exploratory,limited,low,low,479
725,HS3ST5,Hs3st5,222537,homologene,0.4603356633225096,0.606203995793901,0.2944269190325972,0.4224722177692254,upstroke_downstroke_ratio_long_square,0.2432254538312466,1.0801794133956709e-49,0.2432254538312466,13,0.0988839718383262,3654,1.3867132526107464,0.58021937514473,4.25531914893617,6,4,0.0021458865502101,0.6333333333333333,0.0,0.0,0.0,0.0,,,,0.0,8,0.3067928496319663,Outside Top-500,limited,low,moderate,480
484,REV3L,Rev3l,5980,homologene,0.587442506136929,0.380651945320715,0.8617245005257623,0.572727777792952,threshold_v_short_square,0.1280752925331493,1.6856060873318894e-13,0.1280752925331493,13,0.0576070250747338,3654,4.118096724870352,1.4967455218170571,14.893617021276595,10,6,0.0,0.0,0.0,0.0,0.0,0.5366666666666666,0.5,0.0849054334960738,-0.3999999999999999,0.2844338034472517,8,0.3053620498587458,C — exploratory,limited,low,low,481
559,NECAB1,Necab1,64168,homologene,0.5527956328656496,0.828601472134595,0.2526288117770767,0.4575244314155248,upstroke_downstroke_ratio_long_square,0.4517914448680632,8.958761872639615e-182,0.4517914448680632,14,0.1321222391405723,3654,0.83661050385198,0.5443472767830704,2.9013539651837523,8,3,0.0014585305838127,0.4033333333333333,0.0,0.0,0.0,0.2333333333333333,,,,0.0,8,0.296912723449001,Outside Top-500,limited,low,low,482
667,SERPINE2,Serpine2,5270,homologene,0.4916217085113341,0.6608832807570978,0.30034174553102,0.4455231061739154,upstroke_downstroke_ratio_long_square,0.2400522465803534,2.08291196527404e-48,0.2400522465803534,15,0.118864544618752,3654,1.1057713793033823,0.5661364923037482,3.481624758220503,8,4,0.0017300216262094,0.5233333333333333,0.0,0.0,0.0,0.0266666666666666,,,,0.0,8,0.29691167192429024,Outside Top-500,limited,low,moderate,483
676,SCG2,Scg2,7857,homologene,0.4879261992536832,0.5531019978969506,0.41062039957939,0.4765658017363445,threshold_i_short_square,-0.2418537955583499,1.815555431495124e-48,0.2418537955583499,11,0.0821929961395751,3654,1.6897131297522432,1.1883821397914525,5.029013539651838,8,6,0.0016339747205452,0.47,0.0,0.0,0.0,0.01,,,,0.0,8,0.28674447949526816,Outside Top-500,limited,low,low,484
627,ELMOD1,Elmod1,55531,homologene,0.5099800762983896,0.685856992639327,0.3112513144058885,0.4620323478431573,tau,-0.2805184994385995,4.936582026111657e-66,0.2805184994385995,14,0.1043007785859727,3654,1.1462958882209566,0.6993721634680893,3.67504835589942,8,5,0.0014350426653838,0.38333333333333336,0.0,0.0,0.0,0.1133333333333333,,,,0.0,8,0.27608832807570977,Outside Top-500,limited,low,low,485
621,EDIL3,Edil3,10085,homologene,0.5133908726178735,0.4871188222923239,0.5458727655099895,0.5156596732891569,latency,-0.1964987366142946,8.591289879905367e-32,0.1964987366142946,11,0.0676689301447958,3654,2.231015195184103,0.8861875153517538,6.189555125725338,9,5,0.0013536487210876,0.3433333333333333,0.0,0.0,0.0,0.0366666666666666,,,,0.0,8,0.27526498422712936,Outside Top-500,limited,low,low,486
663,SGCD,Sgcd,6444,homologene,0.4944632315308868,0.529968454258675,0.4517613038906414,0.4893048537637929,tau,0.1922890825653846,4.557759653626941e-31,0.1922890825653846,13,0.0721104857521321,3654,1.058380941470929,0.5754306668940815,3.288201160541586,10,4,0.0014390847146583,0.39,0.0,0.0,0.0,0.0033333333333333,,,,0.0,8,0.2743459516298633,Outside Top-500,limited,low,low,487
544,ST6GALNAC5,St6galnac5,81849,homologene,0.5574736674254883,0.7828601472134595,0.3063880126182965,0.4897539838151384,upstroke_downstroke_ratio_long_square,-0.3312057551152327,2.7939100019951023e-93,0.3312057551152327,15,0.12534356756839,3654,1.3235851550998792,0.4200425545295418,4.090909090909091,7,4,0.0011879128506001,0.26,0.0,0.0,0.0,0.42,,,,0.0,8,0.2698496319663512,Outside Top-500,limited,low,low,488
521,OLFM3,Olfm3,118427,homologene,0.5727387960509762,0.6784963196635121,0.4487381703470032,0.5517854629047233,threshold_i_ramp,-0.1861552924138062,3.8781748631262516e-29,0.1861552924138062,18,0.1150349760204957,3654,1.7804358168608214,0.5786356771395198,6.136363636363637,8,4,0.0011216937999474,0.20333333333333334,0.0,0.0,0.0,0.4866666666666667,,,,0.0,8,0.26611356466876973,Outside Top-500,limited,low,low,489
545,NETO2,Neto2,81831,homologene,0.5574124733621879,0.7902208201892744,0.2988958990536277,0.4859976980412235,upstroke_downstroke_ratio_long_square,-0.3466624955824272,1.143991716225485e-102,0.3466624955824272,15,0.1368241667183397,3654,1.1532605405101966,0.3531037436645285,4.448742746615087,7,4,0.0011447744925193,0.23333333333333334,0.0,0.0,0.0,0.2066666666666666,,,,0.0,8,0.2644900105152471,Outside Top-500,limited,low,low,490
601,KLHL5,Klhl5,51088,homologene,0.5279032627185887,0.6566771819137749,0.3789432176656151,0.4988420233721236,upstroke_downstroke_ratio_long_square,-0.2941834277558546,5.4091943636421147e-73,0.2941834277558546,12,0.0797421910432742,3654,1.496602949005061,0.4430937576758769,4.642166344294004,8,4,0.0011820824744593,0.25333333333333335,0.0,0.0,0.0,0.1333333333333333,,,,0.0,8,0.2577907465825447,Outside Top-500,limited,low,low,491
724,SNCA,Snca,6622,homologene,0.4608498755564921,0.8383280757097792,0.0856992639327024,0.2680374955532283,upstroke_downstroke_ratio_long_square,0.3583776021786596,4.350904091924775e-110,0.3583776021786596,16,0.1543798521315857,3654,0.3902798600983605,0.0972762645914396,1.3539651837524178,5,1,0.0013643991509416,0.35,0.0,0.0,0.0,0.0,,,,0.0,8,0.2548054679284963,Outside Top-500,limited,low,low,492
449,SH3KBP1,Sh3kbp1,30011,homologene,0.6030124442875422,0.7179284963196636,0.4684542586750789,0.5799281520370796,upstroke_downstroke_ratio_long_square,-0.3626601601682322,6.980776726737051e-113,0.3626601601682322,12,0.1052365427313057,3654,1.5963807740370732,0.8546805761382965,7.350096711798839,8,5,0.0009480589159898,0.07333333333333333,0.0,0.0,0.0,0.67,,,,0.0,8,0.25194321766561517,C — exploratory,limited,low,low,493
526,CERS6,Cers6,253782,homologene,0.5716504980794657,0.7413249211356466,0.3777602523659306,0.5291909762017446,upstroke_downstroke_ratio_long_square,-0.4242451637333686,3.2682331782478716e-158,0.4242451637333686,11,0.1265684851829341,3654,1.0498777515643032,0.5690383420587485,4.25531914893617,9,3,0.0010316510008591,0.14,0.0,0.0,0.0,0.3866666666666666,,,,0.0,8,0.25181703470031547,Outside Top-500,limited,low,low,494
425,SLC2A13,Slc2a13,114134,homologene,0.6124467643007498,0.7158254468980022,0.4907991587802313,0.5927280381178393,tau,-0.3270032114760033,1.2623094026273144e-90,0.3270032114760033,13,0.1145222901162562,3654,1.1671078490889408,0.6935852818399479,4.061895551257253,10,4,0.0008629302070992,0.02,0.0,0.0,0.0,0.9366666666666666,,,,0.0,8,0.2453249211356467,C — exploratory,limited,low,low,495
415,CPNE5,Cpne5,57699,homologene,0.6206496885100026,0.804416403785489,0.41062039957939,0.57472583476873,tau,0.4029483982713503,3.1765560675628e-141,0.4029483982713503,14,0.1401521267058908,3654,1.2908255723868602,0.6271236903417281,4.448742746615087,9,4,0.0,0.0,0.0,0.0,0.0,0.97,,,,0.0,8,0.24300736067297582,C — exploratory,limited,low,low,496
563,HERC1,Herc1,8925,homologene,0.5508067000615291,0.3038906414300736,0.8864353312302838,0.5190177274369833,upstroke_downstroke_ratio_long_square,-0.1137521350889114,1.0259372260888055e-11,0.1137521350889114,11,0.049535478697456,3654,5.064355802662834,2.101124285802052,15.667311411992262,10,8,0.0,0.0,0.0,0.0,0.0,0.0,,,,0.0,8,0.23806519453207148,Outside Top-500,limited,low,low,497
618,GRIN2B,Grin2b,2904,homologene,0.5176488185854458,0.2493427970557308,0.8893270241850684,0.4709005072279648,upstroke_downstroke_ratio_long_square,-0.1024926087295401,9.426718049001052e-10,0.1024926087295401,10,0.0383028685657222,3654,4.86347461358916,1.758025718214942,17.5,10,8,0.0,0.0,0.0,0.0,0.0,0.0,,,,0.0,8,0.2277339642481598,Outside Top-500,limited,low,low,498
716,FLRT2,Flrt2,23768,homologene,0.4629841163413505,0.2539432176656151,0.7473711882229233,0.4356487625690026,avg_isi,-0.0966480223210596,1.3472317544086237e-08,0.0966480223210596,11,0.0466363259307023,3654,2.864056824447592,1.420962160450546,8.409090909090908,10,5,0.0010140034349561,0.12,0.0,0.0,0.0,0.0,,,,0.0,8,0.22426288117770765,Outside Top-500,limited,low,low,499
520,KCNIP1,Kcnip1,30820,homologene,0.572749648462419,0.812565720294427,0.3065194532071504,0.4990663285371214,upstroke_downstroke_ratio_long_square,0.2751311078473193,1.141109368067318e-63,0.2751311078473193,18,0.1507306113548424,3654,1.0533835805042615,0.4464416979486224,3.863636363636364,8,3,0.0,0.0,0.0,0.0,0.0,0.49,,,,0.0,8,0.2238170347003155,Outside Top-500,limited,low,low,500
645,NALCN,Nalcn,259232,homologene,0.5037607947375048,0.227260778128286,0.8901156677181913,0.4497648043920456,avg_isi,0.112899746800601,2.6497211898527607e-11,0.112899746800601,7,0.0398701258225469,3654,5.872727170125962,2.120916998949612,15.017667844522968,10,9,0.0,0.0,0.0,0.0,0.0,0.0,,,,0.0,8,0.22347528916929543,Outside Top-500,limited,low,low,501
530,VWC2L,Vwc2l,402117,homologene,0.5683819654360123,0.8493690851735015,0.2622239747634069,0.4719374297037206,threshold_i_ramp,-0.326875612882831,3.38947993143843e-90,0.326875612882831,17,0.1795558287999639,3654,1.1404521841250626,0.2888318356867779,4.090909090909091,6,4,0.0,0.0,0.0,0.0,0.0,0.4833333333333333,,,,0.0,8,0.22231861198738168,Outside Top-500,limited,low,low,502
542,SLC25A3,Slc25a3,5250,homologene,0.5578948471550746,0.8159831756046266,0.2744479495268139,0.4732281789930391,upstroke_downstroke_ratio_long_square,-0.27841242465993,3.168302863154343e-65,0.27841242465993,18,0.1577291568543928,3654,0.8074807923560311,0.3622939324359626,3.67504835589942,8,3,0.0,0.0,0.0,0.0,0.0,0.1933333333333333,,,,0.0,8,0.2180862250262881,Outside Top-500,limited,low,low,503
704,RIMS2,Rims2,9699,homologene,0.4690949653126467,0.1711356466876971,0.8964248159831757,0.3916761935453579,tau,0.0958105615656074,1.4353811526865177e-08,0.0958105615656074,6,0.0332578540204938,3654,6.138334222930939,3.915539732350168,15.909090909090908,10,8,0.0,0.0,0.0,0.0,0.0,0.0,,,,0.0,8,0.21351209253417455,Outside Top-500,limited,low,low,504
609,SCN1B,Scn1b,6324,homologene,0.521144540671524,0.8533123028391167,0.1725814931650894,0.3837524089307007,threshold_i_long_square,0.3302484502606452,2.7300349774057103e-92,0.3302484502606452,17,0.1755009249403056,3654,0.4416656861148048,0.2778930201284674,1.5473887814313343,8,1,0.0,0.0,0.0,0.0,0.0,0.0966666666666666,,,,0.0,8,0.20517875920084122,Outside Top-500,limited,low,low,505
908,COL5A2,Col5a2,1290,homologene,0.3464253082820939,0.0152471083070452,0.9031282860147214,0.1173460471938555,fast_trough_v_long_square,0.0377678676942214,0.030166783916263,0.0377678676942214,1,0.0189456483533921,3654,5.336289695655076,1.507204888001111,19.545454545454547,10,8,0.0,0.0,0.0,0.0,0.0,0.0,,,,0.0,8,0.18367507886435333,Outside Top-500,limited,low,low,506
809,MIAT,Miat,440823,same-symbol,0.4128155671207276,0.8864353312302838,0.0043375394321766,0.0620076463291901,avg_isi,0.3716802059437746,7.29517626094193e-118,0.3716802059437746,17,0.2027058942647975,3654,0.0,0.0,0.0,0,0,0.0,0.0,0.0,0.0,0.0,0.0,,,,0.0,8,0.17815457413249208,Outside Top-500,limited,low,low,507
292,PLCL2,Plcl2,23228,homologene,0.6892461158461054,0.6054153522607781,0.7945583596214512,0.6935689073062365,upstroke_downstroke_ratio_long_square,-0.1769945802952837,1.2384510704991895e-26,0.1769945802952837,16,0.1051794304223294,3654,2.844851562403662,1.16043875028946,11.818181818181818,10,6,0.0,0.0,0.0,0.0,0.0,1.0,0.6666666666666666,0.1213834587836668,0.3714285714285715,0.459254135434281,9,0.37184556946330205,C — exploratory,moderate,low,low,508
234,FHOD3,Fhod3,80206,homologene,0.7162925332014775,0.655888538380652,0.7915352260778129,0.7205268090147483,upstroke_downstroke_ratio_long_square,-0.1731348528890088,1.578563900319032e-25,0.1731348528890088,18,0.1093226384792114,3654,3.3473630582530647,1.5061365494491992,9.67117988394584,10,7,0.0,0.0,0.0,0.0,0.0,1.0,0.5,0.1464734067227619,0.3714285714285715,0.4018170989916476,9,0.3698481726900225,C — exploratory,moderate,low,low,509
256,LRFN5,Lrfn5,145581,homologene,0.7044786177456617,0.63801261829653,0.7874605678233438,0.7088087038702642,tau,0.2838024006566165,1.2758370761867188e-67,0.2838024006566165,12,0.0971967493068007,3654,3.6172208335649367,2.0974346706443576,8.8339222614841,10,7,0.0,0.0,0.0,0.0,0.0,1.0,0.6,0.1300876482590727,0.3,0.4210613537813509,9,0.36930690798024496,C — exploratory,moderate,low,low,510
205,DIP2A,Dip2a,23181,homologene,0.7291305172192339,0.7071503680336488,0.7561777076761304,0.7312532695872317,upstroke_downstroke_ratio_long_square,-0.3177452121947026,1.4280154643903638e-85,0.3177452121947026,13,0.1063043319010422,3654,2.8314767638166893,1.447744924376618,8.897485493230175,10,7,0.0,0.0,0.0,0.0,0.0,1.0,0.6666666666666666,0.1184434056744835,,0.3829103839721385,9,0.3692476919363835,C — exploratory,limited,low,low,511
274,ATP1A3,Atp1a3,478,homologene,0.6968981672974645,0.6469505783385909,0.7589379600420609,0.7007106051518855,upstroke_downstroke_ratio_long_square,-0.2024724663905001,1.4277108681042475e-34,0.2024724663905001,16,0.0870837327513017,3654,2.5239405806730586,0.8790128591074711,10.227272727272728,10,5,0.0,0.0,0.0,0.0,0.0,1.0,0.5,0.1415745633569221,0.5428571428571429,0.4326736229212741,9,0.3677124322603852,C — exploratory,moderate,low,low,512
352,OSBPL6,Osbpl6,114880,homologene,0.6535105971487646,0.581230283911672,0.7440851735015773,0.6576357933148009,upstroke_downstroke_ratio_long_square,-0.2604278236255153,5.453660769146903e-57,0.2604278236255153,11,0.062726044944716,3654,2.5229962924426887,0.810548386642838,9.284332688588009,10,5,0.0,0.0,0.0,0.0,0.0,1.0,1.0,0.0829059895312301,,0.5080341926718611,9,0.3666699300170221,C — exploratory,moderate,low,low,513
267,DGKH,Dgkh,160851,homologene,0.7001170691389715,0.75,0.6401156677181913,0.6928829271880232,upstroke_downstroke_ratio_long_square,-0.2738556622637364,4.50376219528874e-63,0.2738556622637364,16,0.12577658458018,3654,1.921647529045432,0.7573410812138821,6.769825918762089,10,4,0.0,0.0,0.0,0.0,0.0,1.0,0.6,0.1525067063523676,0.3,0.4367546944466574,9,0.3653740724329697,C — exploratory,moderate,low,low,514
269,ARHGAP20,Arhgap20,57569,homologene,0.6998004858844911,0.667981072555205,0.7390904311251315,0.7026367617042637,upstroke_downstroke_ratio_long_square,-0.2154309235640009,4.7398113861954875e-39,0.2154309235640009,16,0.0978673371277693,3654,2.499702652010696,0.9001503090483177,9.090909090909092,10,4,0.0,0.0,0.0,0.0,0.0,1.0,0.6,0.1262576234047041,0.3,0.4183803363832928,9,0.3650903680127259,C — exploratory,moderate,low,low,515
388,LIMCH1,Limch1,22998,homologene,0.6340156525802614,0.5930599369085173,0.6848054679284964,0.6372838359822739,avg_isi,-0.2359553058579975,3.7070183003789626e-46,0.2359553058579975,13,0.0801260173318033,3654,2.7261577476489656,0.6696625469229337,12.045454545454543,9,4,0.0,0.0,0.0,0.0,0.0,0.8566666666666667,0.6,0.132875979667534,0.8999999999999998,0.5430131857672738,9,0.3641757181208575,C — exploratory,moderate,low,low,516
417,CYFIP2,Cyfip2,26999,homologene,0.6173989625472711,0.5,0.7672187171398527,0.6193620577416139,tau,-0.1465613859378638,1.837754450001685e-18,0.1465613859378638,15,0.0694024063970169,3654,2.684068884587312,1.0689246568579045,10.058027079303676,10,6,0.0,0.0,0.0,0.0,0.0,0.92,0.6666666666666666,0.1168299717742359,0.7714285714285715,0.5360666945276795,9,0.3606570823335064,C — exploratory,moderate,low,low,517
372,NTNG1,Ntng1,22854,homologene,0.6436070497648477,0.7281808622502629,0.5432439537329127,0.6289513897285499,upstroke_downstroke_ratio_long_square,-0.2347036745207394,2.776287924155808e-46,0.2347036745207394,17,0.114296850571605,3654,2.24024203253896,1.0366706901524294,6.007067137809187,9,5,0.0,0.0,0.0,0.0,0.0,0.9833333333333332,0.6666666666666666,0.1466890403495965,0.6,0.5226823282447175,9,0.3588214288455786,C — exploratory,moderate,low,low,518
463,HS3ST4,Hs3st4,9951,homologene,0.5965464946983113,0.6261829652996845,0.5607255520504731,0.5925510854789382,upstroke_downstroke_ratio_long_square,0.2398887690021289,2.4100815004276067e-48,0.2398887690021289,14,0.0762001349535113,3654,1.7463052368083347,0.5138511849235381,8.181818181818182,9,4,0.0,0.0,0.0,0.0,0.0,0.62,0.75,0.1282131710997287,0.7999999999999999,0.5872492197698101,9,0.3548315474239936,C — exploratory,moderate,low,low,519
420,MAP7D2,Map7d2,256714,homologene,0.6158261841103112,0.5452155625657203,0.7043901156677181,0.6197132023601787,upstroke_downstroke_ratio_long_square,-0.2161794026666555,2.5591536128018607e-39,0.2161794026666555,12,0.0660885706607703,3654,2.000823541449491,0.5954725184706753,9.090909090909092,10,4,0.0,0.0,0.0,0.0,0.0,0.6766666666666666,1.0,0.0992322599051788,,0.5194625819336252,9,0.35381365203341275,C — exploratory,moderate,low,low,520
429,ATXN1,Atxn1,6310,homologene,0.6108495281436709,0.6025236593059936,0.6210567823343848,0.6117200381946953,threshold_i_ramp,0.176502766293448,2.656398632673658e-26,0.176502766293448,16,0.09525943122453,3654,1.9544766723593452,1.0666301198954635,5.909090909090909,10,6,0.0,0.0,0.0,0.0,0.0,0.99,0.6666666666666666,0.1048454957795075,0.8285714285714287,0.539106132759941,9,0.35253731488006385,C — exploratory,moderate,low,low,521
389,GARNL3,Garnl3,84253,homologene,0.6339188952704985,0.7292323869610935,0.5212933753943217,0.6165581987499692,tau,0.260880141712993,5.74852127143006e-57,0.260880141712993,16,0.0984418392881558,3654,1.8120472364987283,0.8063416786543214,6.576402321083172,9,4,0.0,0.0,0.0,0.0,0.0,0.98,0.8333333333333334,0.0997119102904164,0.2571428571428572,0.4962269086318629,9,0.34935053419745565,C — exploratory,moderate,low,low,522
440,ADAM23,Adam23,8745,homologene,0.608061510991932,0.4755520504731861,0.7782597266035752,0.6083609198387347,tau,-0.1753293965538105,5.626717784864376e-26,0.1753293965538105,12,0.0678435220901179,3654,3.02469936833464,1.1883821397914525,9.545454545454543,10,6,0.0,0.0,0.0,0.0,0.0,0.9866666666666668,0.75,0.101487803436243,0.3999999999999999,0.4885414624053701,9,0.3484706478964263,C — exploratory,moderate,low,low,523
468,HECW2,Hecw2,57520,homologene,0.5953205045393862,0.445583596214511,0.7891692954784437,0.5929931641270049,adaptation,-0.1279356365298216,2.9641435058016883e-14,0.1279356365298216,15,0.0736567857374078,3654,5.092662104802004,2.999455227148915,17.954545454545453,9,8,0.0,0.0,0.0,0.0,0.0,0.7133333333333334,0.5,0.1174546379940023,1.0,0.5072182465958017,9,0.3483942276577513,C — exploratory,moderate,low,low,524
329,CACNA1C,Cacna1c,775,homologene,0.6640097281441242,0.556782334384858,0.7999474237644585,0.6673803967668877,tau,0.2081150612193857,2.8238029603585995e-36,0.2081150612193857,13,0.0801265800652616,3654,5.876511159688859,2.6469551470352606,18.863636363636363,9,8,0.0,0.0,0.0,0.0,0.0,1.0,0.6,0.0750660969747624,0.3,0.3825462678823337,9,0.34785520520633006,C — exploratory,limited,low,low,525
448,PTPRG,Ptprg,5793,homologene,0.6039790618547843,0.4616193480546793,0.7875920084121977,0.6029657614295476,threshold_i_short_square,0.1345098729720371,1.4810581406005138e-15,0.1345098729720371,15,0.0669730113305141,3654,3.222818746478296,1.8896140658213785,9.67117988394584,10,8,0.0,0.0,0.0,0.0,0.0,0.9666666666666668,0.6666666666666666,0.059836371286678,0.7142857142857143,0.4847426027578174,9,0.3467907918449389,C — exploratory,moderate,low,low,526
472,ITPK1,Itpk1,3705,homologene,0.5938172342118483,0.7200315457413248,0.4467665615141956,0.5671737104914181,tau,0.2295609717896478,4.535889261256056e-44,0.2295609717896478,17,0.1168699465206742,3654,1.06760881512462,0.5661364923037482,3.094777562862669,10,4,0.0,0.0,0.0,0.0,0.0,0.8533333333333334,0.8,0.1067319997589198,0.6,0.554712399831244,9,0.3443021014173529,C — exploratory,moderate,low,low,527
600,CALB2,Calb2,794,homologene,0.5296378449078715,0.7636698212407992,0.2712933753943218,0.4551687198074959,threshold_i_ramp,-0.2603722054359521,1.1990632298198717e-56,0.2603722054359521,17,0.1618384399329654,3654,0.9777264103059868,0.6342983465860108,2.9545454545454546,8,4,0.0017262098804651,0.52,0.0,0.0,0.0,0.2133333333333333,,,,0.0,9,0.3109926393270242,Outside Top-500,limited,low,moderate,528
744,PCP4,Pcp4,5121,homologene,0.4502257963144207,0.7776025236593059,0.1154048370136698,0.299564838564743,threshold_i_long_square,-0.2921027712611074,1.1986785383618865e-71,0.2921027712611074,16,0.1518753783462485,3654,0.2855978468463102,0.1819721814163391,1.3636363636363635,7,1,0.0020507123962998,0.6133333333333333,0.0,0.0,0.0,0.0,,,,0.0,9,0.3012681388012618,Outside Top-500,limited,low,moderate,529
619,CALB1,Calb1,793,homologene,0.5162844541268753,0.82465825446898,0.189143007360673,0.3949409351979939,tau,0.3383741131512869,2.505268374795688e-97,0.3383741131512869,16,0.1213249218121263,3654,0.7840569620220602,0.1728488995798696,3.1818181818181817,6,3,0.001451712877107,0.4,0.0,0.0,0.0,0.01,,,,0.0,9,0.2827602523659306,Outside Top-500,limited,low,low,530
517,FRY,Fry,10129,homologene,0.5733524868130961,0.3596214511041009,0.8583070452155624,0.5555768399540191,tau,-0.1363604817117242,3.8994976011110914e-16,0.1363604817117242,11,0.0569323307128942,3654,4.63292016741758,1.5936563331128717,12.572533849129591,10,8,0.0,0.0,0.0,0.0,0.0,0.1633333333333333,,,,0.0,9,0.24358569926393264,Outside Top-500,limited,low,low,531
412,ST8SIA1,St8sia1,6489,homologene,0.62132836069413,0.7923238696109358,0.4249474237644584,0.5802551052582423,upstroke_downstroke_ratio_long_square,-0.430002138971648,5.910090222824385e-163,0.430002138971648,13,0.1292912072441252,3654,0.9166481269369852,0.5661364923037482,2.9013539651837523,10,4,0.0,0.0,0.0,0.0,0.0,1.0,,,,0.0,9,0.24345425867507883,C — exploratory,limited,low,low,532
522,GALNT13,Galnt13,114805,homologene,0.5726418102748817,0.3899842271293375,0.8129600420609884,0.5630644667266691,tau,-0.1382891410969242,1.452288562924474e-16,0.1382891410969242,12,0.0680975777877192,3654,3.1205423784882824,0.6638350690022564,12.272727272727272,10,4,0.0,0.0,0.0,0.0,0.0,0.01,,,,0.0,9,0.24058885383806516,Outside Top-500,limited,low,low,533
723,CAMKV,Camkv,79012,homologene,0.4608843267815593,0.4692429022082019,0.4507097791798107,0.4598829903746737,upstroke_downstroke_ratio_long_square,0.1860472995823027,2.4964273826216138e-29,0.1860472995823027,11,0.0599923441092384,3654,1.3968810281932509,0.7905852208966869,5.227272727272728,9,5,0.0011385057659584,0.23,0.0,0.0,0.0,0.0,,,,0.0,9,0.22999053627760252,Outside Top-500,limited,low,low,534
498,LDHB,Ldhb,3945,homologene,0.581726189846743,0.7957413249211357,0.3412197686645635,0.5210783729981732,threshold_i_long_square,0.282853852429496,4.2883385577035824e-67,0.282853852429496,17,0.1555434715254267,3654,0.8761953644643716,0.4738821381214269,3.67504835589942,9,3,0.0,0.0,0.0,0.0,0.0,0.4366666666666666,,,,0.0,9,0.22739221871713983,C — exploratory,limited,low,low,535
800,KCTD16,Kctd16,57528,same-symbol,0.4155551941203033,0.3401682439537329,0.5115667718191378,0.4171555710221261,threshold_v_short_square,0.1636536351164078,1.7105124090976745e-21,0.1636536351164078,6,0.0486081692112885,3654,1.7443927409190891,0.7599935877818097,6.382978723404255,9,4,0.0011872702295616,0.25666666666666665,0.0,0.0,0.0,0.0,,,,0.0,9,0.22168033648790747,Outside Top-500,limited,low,low,536
643,PPM1L,Ppm1l,151742,homologene,0.5040044877514016,0.6976866456361724,0.2871976866456362,0.4476315344457565,tau,-0.2878314520381446,1.3579129944331865e-69,0.2878314520381446,14,0.1107004789677685,3654,1.1603920485203572,0.4275198289561951,4.061895551257253,7,4,0.0010135976144925,0.11666666666666667,0.0,0.0,0.0,0.0266666666666666,,,,0.0,9,0.22031019978969507,Outside Top-500,limited,low,low,537
732,PID1,Pid1,55022,homologene,0.4581545623418732,0.4943480546792849,0.414695057833859,0.4527733374717219,upstroke_downstroke_ratio_long_square,0.2138234404520213,1.7583796344540236e-38,0.2138234404520213,10,0.0646079920121909,3654,1.3031485314662503,0.6570006151557202,4.545454545454546,9,2,0.0010828607147395,0.18666666666666668,0.0,0.0,0.0,0.0,,,,0.0,9,0.21914195583596213,Outside Top-500,limited,low,low,538
696,ADAMTSL3,Adamtsl3,57188,homologene,0.4738112697217429,0.2001840168243953,0.8593585699263934,0.4147648133826367,upstroke_downstroke_ratio_long_square,0.0910967114086904,5.73716821163217e-08,0.0910967114086904,9,0.0384045751283725,3654,4.533114044660364,1.8698837611496013,12.954545454545457,10,8,0.0,0.0,0.0,0.0,0.0,0.0,,,,0.0,9,0.21190851735015773,Outside Top-500,limited,low,low,539
591,RERG,Rerg,85004,homologene,0.5355733556660829,0.8212407991587801,0.2273922187171398,0.4321385974681642,upstroke_downstroke_ratio_long_square,-0.3799287939762393,1.2648007118743747e-124,0.3799287939762393,15,0.1377829528181441,3654,0.8294319619657688,0.3909622522273945,3.409090909090909,7,2,0.0,0.0,0.0,0.0,0.0,0.14,,,,0.0,9,0.209726603575184,Outside Top-500,limited,low,low,540
589,FAR2,Far2,55711,homologene,0.5358697879539445,0.7970557308096741,0.250788643533123,0.4470934192649901,upstroke_downstroke_ratio_long_square,-0.3904249403799943,4.067427998015848e-132,0.3904249403799943,14,0.1289387425661409,3654,1.072220658308501,0.2666575299738659,3.288201160541586,7,4,0.0,0.0,0.0,0.0,0.0,0.1233333333333333,,,,0.0,9,0.20956887486855943,Outside Top-500,limited,low,low,541
615,BASP1,Basp1,10409,homologene,0.5193493140741648,0.8367507886435331,0.1838853838065194,0.3922578742614658,threshold_i_long_square,-0.3147433421504567,1.5667556738156802e-83,0.3147433421504567,17,0.1802529686356528,3654,0.5590799063014,0.5312187777042905,1.413427561837456,8,2,0.0,0.0,0.0,0.0,0.0,0.1633333333333333,,,,0.0,9,0.20412723449001052,Outside Top-500,limited,low,low,542
710,SPATS2L,Spats2l,26010,homologene,0.4660566010298543,0.555993690851735,0.3608044164037855,0.4478894720262433,fast_trough_v_long_square,-0.2264650003999549,9.634124090928362e-43,0.2264650003999549,12,0.0913135359542699,3654,1.0993901343947083,0.2924191638089192,5.415860735009671,8,3,0.0009863570251549,0.09666666666666666,0.0,0.0,0.0,0.0,,,,0.0,9,0.20269295478443744,Outside Top-500,limited,low,low,543
769,MAST4,Mast4,375449,homologene,0.4404563639335004,0.1468191377497371,0.8659305993690851,0.356560210834695,latency,0.0706072232082357,5.694768178505096e-05,0.0706072232082357,9,0.0340800316365106,3654,4.080536414118369,1.92775439331392,15.909090909090908,10,8,0.0,0.0,0.0,0.0,0.0,0.0,,,,0.0,9,0.20254994742376448,Outside Top-500,limited,low,low,544
624,BEX1,Bex1,55859,same-symbol,0.5114006923987227,0.8401682439537329,0.1669295478443743,0.3744982043700592,upstroke_downstroke_ratio_long_square,0.3171776342766524,2.9155079615595975e-85,0.3171776342766524,17,0.1550880220554502,3654,0.5344772764174008,0.2232208489743112,2.3210831721470018,7,2,0.0,0.0,0.0,0.0,0.0,0.0366666666666666,,,,0.0,9,0.20141955835962144,Outside Top-500,limited,low,low,545
851,CHD5,Chd5,26038,homologene,0.3880740215835254,0.0687434279705573,0.879863301787592,0.2459366168555875,threshold_v_long_square,0.0636269074236965,0.0003458446489583,0.0636269074236965,4,0.0204420927744303,3654,4.739748276497858,2.1502087838521224,15.454545454545457,10,9,0.0,0.0,0.0,0.0,0.0,0.0,,,,0.0,9,0.18972134595162987,Outside Top-500,limited,low,low,546
872,MED12L,Med12l,116931,homologene,0.376784216415231,0.0548107255520504,0.8805205047318613,0.2196860663032842,latency,0.0518432271966231,0.0037812769853904,0.0518432271966231,5,0.0249725320795178,3654,4.954556566165633,2.5438755781535405,15.0,10,8,0.0,0.0,0.0,0.0,0.0,0.0,,,,0.0,9,0.18706624605678232,Outside Top-500,limited,low,low,547
726,GNG2,Gng2,54331,homologene,0.4599429163202315,0.8422712933753943,0.0814931650893796,0.2619911326001059,tau,0.2948459444250981,4.20958029698822e-73,0.2948459444250981,18,0.1748404204495251,3654,0.3015832094155738,0.1405372739984962,0.9671179883945842,6,0,0.0,0.0,0.0,0.0,0.0,0.0,,,,0.0,9,0.18475289169295478,Outside Top-500,limited,low,low,548
721,CAMK2D,Camk2d,817,homologene,0.4619370481612356,0.5276025236593059,0.3842008412197686,0.4502280904381447,upstroke_downstroke_ratio_long_square,0.1903152094009111,1.2334829648863114e-30,0.1903152094009111,13,0.0641741699252416,3654,1.1581883261633314,0.7852042287134748,4.061895551257253,9,5,0.0008594033532439,0.01,0.0,0.0,0.0,0.0,,,,0.0,9,0.1843606729758149,Outside Top-500,limited,low,low,549
763,NAP1L2,Nap1l2,4674,homologene,0.4438233481653437,0.3978706624605678,0.5013144058885385,0.4466075399854987,upstroke_downstroke_ratio_long_square,-0.1593478395086667,8.575055622395758e-22,0.1593478395086667,10,0.047549015794997,3654,1.941987880839538,0.4738821381214269,7.5,8,4,0.0007932202052489,0.0033333333333333335,0.0,0.0,0.0,0.0,,,,0.0,9,0.18050368033648792,Outside Top-500,limited,low,low,550
398,PTPRN2,Ptprn2,5799,homologene,0.6277852597608786,0.536540483701367,0.7430336487907466,0.6314013250925111,ri,0.1623971178088148,2.0777195544754005e-22,0.1623971178088148,15,0.0800475149270595,3654,3.87374724963745,1.550828151865569,13.636363636363637,9,7,0.0,0.0,0.0,0.0,0.0,1.0,0.8,0.0852949482386326,0.3999999999999999,0.4997064637670428,10,0.35585611925183125,C — exploratory,moderate,low,low,551
355,DLC1,Dlc1,10395,homologene,0.6523634382652183,0.5428496319663513,0.7914037854889591,0.6554488947961227,threshold_i_long_square,0.1484794030939752,6.08572995986822e-19,0.1484794030939752,16,0.0906634502017003,3654,3.562522876475032,1.2863833346723317,9.284332688588009,10,6,0.0,0.0,0.0,0.0,0.0,1.0,0.75,0.0744549563574491,0.1999999999999999,0.4296184694502144,10,0.3527743773811049,C — exploratory,moderate,low,low,552
450,TTBK2,Ttbk2,146057,homologene,0.6026526788874222,0.5607255520504731,0.6547055730809674,0.6058961494318534,threshold_i_long_square,0.1750822349480165,6.317211108145467e-26,0.1750822349480165,15,0.1005550227999661,3654,2.170941955592061,1.0773921042618877,6.576402321083172,10,6,0.0,0.0,0.0,0.0,0.0,0.9133333333333332,0.75,0.0437507003593307,0.7999999999999999,0.5281254902515315,10,0.3487113230765944,C — exploratory,moderate,low,low,553
494,DGKD,Dgkd,8527,homologene,0.5822540907542344,0.4550473186119874,0.7456624605678234,0.5825046809005099,tau,-0.1765255794022912,2.537305399698624e-26,0.1765255794022912,11,0.0630532414843572,3654,2.655166335888373,1.3686667702639703,8.897485493230175,10,6,0.0,0.0,0.0,0.0,0.0,0.3433333333333333,1.0,0.0486148320827152,0.1999999999999999,0.5240303824579007,10,0.3449480323275423,C — exploratory,moderate,low,low,554
302,XKR4,Xkr4,114786,homologene,0.6840509617638125,0.6921661409043113,0.6741587802313355,0.6831031263795249,upstroke_downstroke_ratio_long_square,-0.2843697549653003,4.230007993997546e-68,0.2843697549653003,14,0.0888128470337492,3654,2.147442780942355,1.0220203416609066,7.272727272727272,10,6,0.0,0.0,0.0,0.0,0.0,1.0,0.4,0.1084676061280856,0.4999999999999999,0.3559273242896599,10,0.34445044908506134,C — exploratory,limited,low,low,555
339,COL16A1,Col16a1,1307,homologene,0.6588819958035681,0.5878023133543638,0.7478969505783386,0.6630351104584294,upstroke_downstroke_ratio_long_square,-0.190001320519634,1.5413806559225346e-30,0.190001320519634,15,0.0863828841015743,3654,2.841517350157145,1.0098512120254133,8.51063829787234,10,6,0.0,0.0,0.0,0.0,0.0,1.0,0.5,0.1128370747068391,0.3999999999999999,0.3839859522947874,10,0.34393704324549795,C — exploratory,limited,low,low,556
496,DAAM1,Daam1,23002,homologene,0.582179640161,0.4860672975814932,0.7041272344900106,0.5850241208891218,upstroke_downstroke_ratio_long_square,-0.1792241440738196,2.766652208483004e-27,0.1792241440738196,12,0.0579211795492809,3654,2.3103733646711664,1.1757569328887092,7.7369439071566735,10,5,0.0,0.0,0.0,0.0,0.0,0.32,1.0,0.1105598299727895,,0.5273918809809527,10,0.3435172826104913,C — exploratory,moderate,low,low,557
416,TACC1,Tacc1,6867,homologene,0.6177266216917643,0.7152996845425866,0.5026288117770767,0.599608397628117,upstroke_downstroke_ratio_long_square,-0.2498167545907841,2.0323866668064185e-52,0.2498167545907841,16,0.1115473656005645,3654,1.3338199136104056,0.6571633620871621,3.8684719535783367,10,4,0.0,0.0,0.0,0.0,0.0,1.0,0.6,0.116907694209747,0.7,0.4918353859468229,10,0.34195277645329725,C — exploratory,moderate,low,low,558
387,SLC6A17,Slc6a17,388662,homologene,0.6356627299047377,0.6516824395373292,0.6161934805467929,0.6336895696078102,tau,-0.1856427005051592,5.076690246406453e-29,0.1856427005051592,17,0.1116766902408152,3654,1.978343744001242,1.1883821397914525,5.609284332688588,10,6,0.0,0.0,0.0,0.0,0.0,1.0,0.5,0.0666809080170852,0.7714285714285715,0.4259623498976739,10,0.3387676539963592,C — exploratory,moderate,low,low,559
324,WASF3,Wasf3,10810,homologene,0.6662445953515096,0.7389589905362777,0.5795215562565721,0.654402524601922,threshold_i_long_square,0.2421607517698128,4.98676284174452e-49,0.2421607517698128,17,0.1456212724211265,3654,1.7441807493818335,0.4738821381214269,5.029013539651838,10,4,0.0,0.0,0.0,0.0,0.0,1.0,0.5,0.1048050219546901,0.3714285714285715,0.3726492296539974,10,0.33822595528936944,C — exploratory,limited,low,low,560
460,EPHA4,Epha4,2043,homologene,0.5979038179613042,0.4773922187171398,0.7521030494216614,0.5992062612050492,ri,-0.1503377525254446,2.271494821783105e-19,0.1503377525254446,14,0.0669756712287968,3654,2.936937464654795,1.4677117487300002,8.409090909090908,10,7,0.0,0.0,0.0,0.0,0.0,0.9566666666666668,0.6,0.1525675580302373,0.3999999999999999,0.4567972906211661,10,0.33725851175199345,C — exploratory,moderate,low,low,561
488,MACROD2,Macrod2,140733,homologene,0.5854036345974672,0.5775499474237645,0.595031545741325,0.5862255862365473,threshold_i_long_square,-0.185366903062112,6.282127173320277e-29,0.185366903062112,15,0.0918556572889719,3654,1.6436076646778477,0.5682327745471896,5.909090909090909,10,4,0.0,0.0,0.0,0.0,0.0,0.4266666666666667,0.75,0.1137576191238705,0.3999999999999999,0.4971303333867094,10,0.3339423653103598,C — exploratory,moderate,low,low,562
307,SORBS1,Sorbs1,10580,homologene,0.6815151228013682,0.6593059936908517,0.7088590956887487,0.6836337107471142,tau,-0.1886123605321063,6.3048583547000796e-30,0.1886123605321063,17,0.1070592788038217,3654,2.4325783776146777,0.9817898098068208,7.727272727272727,10,5,0.0,0.0,0.0,0.0,0.0,1.0,0.5,0.1064490131900112,-0.2571428571428572,0.2995143092330078,10,0.3335358797225217,C — exploratory,limited,low,low,563
486,SYT7,Syt7,9066,homologene,0.5869263873477826,0.6884858044164038,0.467534174553102,0.567354071334076,upstroke_downstroke_ratio_long_square,-0.2058205736162598,1.0552618550771728e-35,0.2058205736162598,17,0.1281632936554041,3654,1.0245557184295904,0.4705341978486813,3.863636363636364,10,4,0.0,0.0,0.0,0.0,0.0,0.5033333333333333,0.6666666666666666,0.1257173101844285,0.6,0.5080021171290999,10,0.33280441921972115,C — exploratory,moderate,low,low,564
407,STARD13,Stard13,90627,homologene,0.6233842061467674,0.6779705573080967,0.5579652996845427,0.6150480023426697,upstroke_downstroke_ratio_long_square,-0.2226498534085522,1.1098318936631823e-41,0.2226498534085522,16,0.0977725961552091,3654,2.427646023243492,0.8642444978993482,8.409090909090908,8,5,0.0,0.0,0.0,0.0,0.0,0.9733333333333334,0.5,0.0568513611251181,0.7714285714285715,0.419081667073297,10,0.3310035048131873,C — exploratory,moderate,low,low,565
314,APBA1,Apba1,320,homologene,0.6747031058630865,0.7003154574132493,0.643664563617245,0.6713927638054423,tau,-0.2147445391820042,1.3618346660864502e-38,0.2147445391820042,17,0.0922571092165385,3654,2.1787326424761444,1.1883821397914525,6.136363636363637,10,6,0.0,0.0,0.0,0.0,0.0,1.0,0.6,0.055633133611797,0.0,0.3089431935282579,10,0.33058464291175044,C — exploratory,limited,low,low,566
497,PTK2B,Ptk2b,2185,homologene,0.5819046188944266,0.5935856992639327,0.5676919032597266,0.580494440423763,avg_isi,0.1935439059368886,3.3081285812094627e-31,0.1935439059368886,15,0.0882969452236838,3654,2.2627617714830564,0.8558452254239493,6.818181818181818,9,4,0.0,0.0,0.0,0.0,0.0,0.5633333333333334,0.75,0.1554645793375151,0.1999999999999999,0.4863252055362606,10,0.32952056161198395,C — exploratory,moderate,low,low,567
303,SPOCK3,Spock3,50859,homologene,0.684038949976604,0.6230283911671924,0.7601209253417456,0.6881692504087823,threshold_i_short_square,0.189262783216503,8.660401036106546e-30,0.189262783216503,16,0.0807086532488266,3654,2.4112093260279024,0.7831079464700337,10.909090909090908,10,5,0.0,0.0,0.0,0.0,0.0,1.0,0.2,0.1262959849123347,0.3,0.2384071894386343,10,0.3243113011895145,C — exploratory,limited,low,low,568
473,PPFIBP1,Ppfibp1,8496,homologene,0.5928028617692048,0.6585173501577287,0.5144584647739222,0.5820479576367711,upstroke_downstroke_ratio_long_square,-0.2083815178611442,1.4158864873253129e-36,0.2083815178611442,16,0.1051086270616716,3654,1.733881856941032,0.908636637126628,6.576402321083172,9,5,0.0,0.0,0.0,0.0,0.0,0.6033333333333334,0.6,0.1318603522998843,0.3999999999999999,0.442302246609919,10,0.32305561230831403,C — exploratory,moderate,low,low,569
285,DNER,Dner,92737,homologene,0.692530802969493,0.620136698212408,0.7831230283911671,0.6968811441850039,upstroke_downstroke_ratio_long_square,0.2869131590387009,2.39511906327962e-69,0.2869131590387009,11,0.0919906659776388,3654,3.046352726844483,1.2203980046359102,9.772727272727272,10,5,0.0,0.0,0.0,0.0,0.0,1.0,0.2,0.1686952941898662,-0.7,0.2080867059329063,10,0.3222692865072963,C — exploratory,limited,low,low,570
346,SMARCA2,Smarca2,6595,homologene,0.6558788532392648,0.5523133543638276,0.7870662460567823,0.6593232882783431,upstroke_downstroke_ratio_long_square,-0.2205082275927281,6.891196094571675e-41,0.2205082275927281,12,0.0730383872644994,3654,3.206717135783512,1.646430446320636,9.67117988394584,10,7,0.0,0.0,0.0,0.0,0.0,1.0,0.4,0.0690811662329455,0.1999999999999999,0.2683568163630619,10,0.3215472833567343,C — exploratory,limited,low,low,571
342,PKP2,Pkp2,5318,homologene,0.6565027762142027,0.5991062039957938,0.728049421661409,0.660438434173012,upstroke_downstroke_ratio_long_square,0.1749846883640752,4.707963886658884e-26,0.1749846883640752,16,0.0984195793950081,3654,2.4250851587319007,1.062437555408581,8.636363636363637,10,6,0.0,0.0,0.0,0.0,0.0,0.98,0.4,0.1032918890377863,0.0999999999999999,0.2723043223264504,10,0.31989198959673065,C — exploratory,limited,low,low,572
646,RGS4,Rgs4,5999,homologene,0.5034619679506525,0.7271293375394322,0.2567034700315457,0.4320377577343343,threshold_i_long_square,0.2345394004664652,5.4815735879523084e-46,0.2345394004664652,17,0.1328096298548826,3654,0.9996711476917504,0.8861875153517538,2.5,8,5,0.0012946276493179,0.29333333333333333,0.0,0.0,0.0,0.0266666666666666,,,,0.0,10,0.2554332281808622,Outside Top-500,limited,low,low,573
884,KCNIP4,Kcnip4,80333,homologene,0.3663448320615173,0.4567560462670872,0.2618296529968454,0.3458211634621608,tau,-0.1433665781392083,1.0088857078626973e-17,0.1433665781392083,14,0.0796310012249198,3654,0.8992854153364188,0.2848935253794322,5.0,6,3,0.001710337478258,0.5066666666666667,0.0,0.0,0.0,0.0,,,,0.0,10,0.2450504731861199,Outside Top-500,limited,low,moderate,574
519,CHGB,Chgb,1114,homologene,0.573037153851921,0.4022082018927445,0.7966614090431126,0.5660598491754829,avg_isi,-0.1236055487718157,2.511716216512592e-13,0.1236055487718157,14,0.0627426814681876,3654,2.7493847970653635,1.4296955118359556,12.5,10,5,0.0,0.0,0.0,0.0,0.0,0.1533333333333333,,,,0.0,10,0.2397739221871714,Outside Top-500,limited,low,low,575
534,NBEA,Nbea,26960,homologene,0.5648923680370992,0.3813091482649842,0.806782334384858,0.5546471714157802,threshold_i_short_square,-0.1515409897030237,1.9657059648949809e-19,0.1515409897030237,10,0.0634010345213793,3654,6.357182331219222,1.742032740775703,20.227272727272727,9,9,0.0,0.0,0.0,0.0,0.0,0.3533333333333333,,,,0.0,10,0.23761829652996846,Outside Top-500,limited,low,low,576
560,MAP2,Map2,4133,homologene,0.5526736697866902,0.3451629863301788,0.8295215562565721,0.5350889062415477,tau,0.1315962007705068,4.097831362687746e-15,0.1315962007705068,11,0.0512706909339693,3654,4.439691816820039,2.1340118166588344,10.251450676982593,10,8,0.0,0.0,0.0,0.0,0.0,0.0033333333333333,,,,0.0,10,0.2349369085173502,Outside Top-500,limited,low,low,577
565,ARHGAP32,Arhgap32,9743,homologene,0.5504704433932903,0.3479232386961093,0.8201892744479496,0.5341936996162935,upstroke_downstroke_ratio_long_square,-0.1446335890951803,3.699145783489311e-18,0.1446335890951803,9,0.049502696426593,3654,3.673147762689178,1.971490086261486,11.02514506769826,10,7,0.0,0.0,0.0,0.0,0.0,0.0033333333333333,,,,0.0,10,0.23362250262881182,Outside Top-500,limited,low,low,578
483,MAN1A2,Man1a2,10905,homologene,0.588437706711185,0.7631440588853838,0.388801261829653,0.5447121928619189,threshold_i_long_square,0.2842528311710644,9.272160725452978e-68,0.2842528311710644,16,0.165624993954688,3654,1.4758656519816593,0.5711584027128666,5.029013539651838,8,4,0.0,0.0,0.0,0.0,0.0,0.7633333333333333,,,,0.0,10,0.23038906414300736,C — exploratory,limited,low,low,579
664,RAB3B,Rab3b,5865,homologene,0.4944374913219235,0.7902208201892744,0.1807308096740273,0.3779116942542021,upstroke_downstroke_ratio_long_square,-0.384522072342465,7.102640953704024e-128,0.384522072342465,14,0.1273085384221894,3654,0.5235696362350475,0.1984908394902251,1.5473887814313343,8,3,0.0010569862354833,0.16666666666666666,0.0,0.0,0.0,0.0233333333333333,,,,0.0,10,0.22752365930599366,Outside Top-500,limited,low,low,580
509,CLU,Clu,1191,homologene,0.5776772865405098,0.794689800210305,0.3342534174553102,0.5153909016825696,upstroke_downstroke_ratio_long_square,0.2818227786353112,7.319934148997827e-67,0.2818227786353112,17,0.1535102548580943,3654,1.15555598261536,0.4864107447507337,4.318181818181818,8,3,0.0,0.0,0.0,0.0,0.0,0.5233333333333333,,,,0.0,10,0.22578864353312303,Outside Top-500,limited,low,low,581
515,LIN7A,Lin7a,8825,homologene,0.5749430423883682,0.7781282860147214,0.3458201892744479,0.5187412371784343,tau,-0.2925749922232561,5.820433777597278e-72,0.2925749922232561,16,0.1468906856594145,3654,1.2640008049818627,0.7498638067872287,4.318181818181818,8,5,0.0,0.0,0.0,0.0,0.0,0.55,,,,0.0,10,0.22478969505783386,Outside Top-500,limited,low,low,582
626,PCDH10,Pcdh10,57575,homologene,0.5101445025551697,0.2706361724500525,0.8375394321766562,0.4760971184540824,latency,-0.1163662809556892,1.0958995254438643e-11,0.1163662809556892,9,0.046704607736845,3654,4.172345175705344,1.6028071824561778,11.484098939929329,10,8,0.0,0.0,0.0,0.0,0.0,0.0,,,,0.0,10,0.2216351209253417,Outside Top-500,limited,low,low,583
640,KSR2,Ksr2,283455,homologene,0.5047286979204466,0.2606466876971609,0.8396424815983176,0.4678140994865651,upstroke_downstroke_ratio_long_square,-0.1063864602356194,2.0952538385785984e-10,0.1063864602356194,10,0.0408569470598387,3654,3.5993851241229478,1.9863987208085756,13.409090909090908,10,6,0.0,0.0,0.0,0.0,0.0,0.0,,,,0.0,10,0.22005783385909566,Outside Top-500,limited,low,low,584
960,CCK,Cck,885,homologene,0.3120759870378485,0.512092534174553,0.1023922187171398,0.2289853505415035,fast_trough_v_long_square,0.2095265835416049,1.1584036004798918e-36,0.2095265835416049,11,0.072792393273404,3654,0.3255353881144251,0.1352435378118391,1.5909090909090908,6,1,0.0015099151170593,0.4266666666666667,0.0,0.0,0.0,0.0,,,,0.0,10,0.20823028391167192,Outside Top-500,limited,low,low,585
610,NECAB2,Necab2,54550,homologene,0.520968417912724,0.8101997896950578,0.2106992639327024,0.4131688508675103,upstroke_downstroke_ratio_long_square,0.4113711721511081,6.260923539045863e-148,0.4113711721511081,14,0.1138957869600586,3654,0.8378826792562994,0.4701341296610594,2.727272727272727,7,3,0.0,0.0,0.0,0.0,0.0,0.03,,,,0.0,10,0.20417981072555205,Outside Top-500,limited,low,low,586
714,AP1S2,Ap1s2,8905,homologene,0.4646730041499886,0.7957413249211357,0.1246056782334384,0.3148871027688703,upstroke_downstroke_ratio_long_square,0.3107355157325541,1.0109757176755522e-81,0.3107355157325541,16,0.1276218450618461,3654,0.4300106350358463,0.0,2.9013539651837523,4,1,0.0009450431221866,0.07,0.0,0.0,0.0,0.0,,,,0.0,10,0.1980694006309148,Outside Top-500,limited,low,low,587
788,TSHZ2,Tshz2,128553,homologene,0.4241165745274836,0.1286803364879074,0.8565983175604627,0.3320050598088164,f_i_curve_slope,-0.0757322984097008,9.242119941589872e-06,0.0757322984097008,7,0.03004784495107,3654,4.185274222191485,2.5022756717445853,13.863636363636363,10,8,0.0,0.0,0.0,0.0,0.0,0.0,,,,0.0,10,0.197055730809674,Outside Top-500,limited,low,low,588
790,CTNNA2,Ctnna2,1496,homologene,0.4226068831144524,0.1357781282860147,0.8399053627760252,0.3376992420706847,sag,-0.0886076803722292,3.699983817923031e-07,0.0886076803722292,5,0.0325428470196501,3654,4.350214350746476,1.3654236038582048,11.307420494699649,10,7,0.0,0.0,0.0,0.0,0.0,0.0,,,,0.0,10,0.195136698212408,Outside Top-500,limited,low,low,589
733,GNG4,Gng4,2786,homologene,0.4559787964099668,0.8175604626708727,0.0935856992639326,0.2766079673284881,ri,0.2953254532606509,3.222965268855232e-73,0.2953254532606509,17,0.1835108275436302,3654,0.3412995927732847,0.0883392226148409,1.7408123791102514,5,1,0.0,0.0,0.0,0.0,0.0,0.0,,,,0.0,10,0.18222923238696104,Outside Top-500,limited,low,low,590
965,TUBA4A,Tuba4a,7277,homologene,0.308757751326069,0.2417192429022081,0.3948475289169295,0.30893728449575,threshold_i_short_square,0.1000580209380145,4.112403926134876e-09,0.1000580209380145,10,0.0447889982900714,3654,1.3319294891110165,0.5445614793694978,5.802707930367505,8,3,0.0010257057249666,0.13666666666666666,0.0,0.0,0.0,0.0,,,,0.0,10,0.15464668769716083,Outside Top-500,limited,low,low,591
478,CACNB4,Cacnb4,785,homologene,0.5914796987351453,0.7113564668769716,0.4514984227129338,0.5667242034549063,upstroke_downstroke_ratio_long_square,-0.2474209364739329,2.031594923392495e-51,0.2474209364739329,16,0.132410231226262,3654,1.4655138819090254,0.3319175345011282,5.222437137330754,9,4,0.0,0.0,0.0,0.0,0.0,0.66,0.6,0.1805721810093095,0.3999999999999999,0.4764005267065167,11,0.3278510832592844,C — exploratory,moderate,low,low,592
470,MAST3,Mast3,23031,homologene,0.5940270283087936,0.5157728706624606,0.6925604626708727,0.5976653728794047,avg_isi,0.1527301117827739,8.812458784134474e-20,0.1527301117827739,15,0.0774817407815044,3654,2.3179696173242705,0.8687905007774661,7.350096711798839,10,4,0.0,0.0,0.0,0.0,0.0,0.8533333333333334,0.5,0.1217644071600548,0.5428571428571429,0.418806513583467,11,0.32542796938336005,C — exploratory,moderate,low,low,593
438,NIN,Nin,51199,homologene,0.6084412089286916,0.4676656151419558,0.7898264984227129,0.6077620383343098,upstroke_downstroke_ratio_long_square,-0.1352045838126543,4.996489433753515e-16,0.1352045838126543,15,0.0666137294581538,3654,3.044220174925023,1.930874617794812,10.251450676982593,10,6,0.0,0.0,0.0,0.0,0.0,0.8,0.5,0.0922534650513143,0.3999999999999999,0.3695774255359201,11,0.3254139078201178,C — exploratory,limited,low,low,594
366,GAD1,Gad1,2571,homologene,0.647260570246503,0.6771819137749736,0.6110672975814931,0.6432757744712114,tau,-0.2913840108035083,2.300144259400789e-71,0.2913840108035083,13,0.0985759558266669,3654,1.8255594993018576,1.062437555408581,5.909090909090909,10,6,0.0,0.0,0.0,0.0,0.0,1.0,0.4,0.2124428223077015,-0.7999999999999999,0.328709975615391,11,0.32339183739437155,C — exploratory,limited,low,low,595
481,L3MBTL4,L3mbtl4,91133,homologene,0.5893268660598505,0.5039432176656152,0.6971608832807571,0.5927305448102933,f_i_curve_slope,-0.1483570192519034,8.420086365121499e-19,0.1483570192519034,15,0.0847395487010044,3654,2.094993965616586,0.7061639595276015,8.409090909090908,10,4,0.0,0.0,0.0,0.0,0.0,0.5366666666666666,0.5,0.09545541512898,0.4857142857142857,0.3889616477331431,11,0.31801314973590306,C — exploratory,limited,low,low,596
418,RAPGEF2,Rapgef2,9693,homologene,0.6172848698038831,0.5011829652996845,0.7653785488958991,0.6193502165273024,upstroke_downstroke_ratio_long_square,-0.2181702666698127,4.907290799152716e-40,0.2181702666698127,10,0.0525042588717316,3654,2.8337887256687724,1.4677117487300002,9.477756286266924,10,6,0.0,0.0,0.0,0.0,0.0,0.83,0.5,0.0557254624839552,0.2571428571428572,0.3154363951673401,11,0.31639958187258477,C — exploratory,limited,low,low,597
465,MARK1,Mark1,4139,homologene,0.596202527002894,0.61198738170347,0.5770241850683491,0.5942487023120517,upstroke_downstroke_ratio_long_square,-0.203139843606622,8.544042043780064e-35,0.203139843606622,15,0.0848349927756845,3654,2.5260719018494395,1.1135344350924616,6.590909090909091,9,6,0.0,0.0,0.0,0.0,0.0,0.8333333333333334,0.5,0.1249696348555268,0.3999999999999999,0.3924787443988687,11,0.31629806223413753,C — exploratory,limited,low,low,598
480,SV2A,Sv2a,9900,homologene,0.589607864539103,0.5043375394321766,0.697292323869611,0.593018292201298,upstroke_downstroke_ratio_long_square,-0.135178340799106,5.0466304024623e-16,0.135178340799106,16,0.0864358384812771,3654,2.2155624554793656,0.7800928211711267,7.7369439071566735,10,4,0.0,0.0,0.0,0.0,0.0,0.58,0.4,0.1252075915148143,0.3,0.32764531406037,11,0.30585503547243154,C — exploratory,limited,low,low,599
452,BAIAP2,Baiap2,10458,homologene,0.6021205541806507,0.6905888538380651,0.497502628811777,0.586148249346997,ri,0.234235690919723,7.980209587762607e-46,0.234235690919723,16,0.1534094611987132,3654,1.125271347503258,0.4595701970274023,4.448742746615087,10,3,0.0,0.0,0.0,0.0,0.0,0.8833333333333333,0.4,0.1995588583633008,-0.1999999999999999,0.3196912008543106,11,0.3015565367008305,C — exploratory,limited,low,low,600
409,GHR,Ghr,2690,homologene,0.6217724592074108,0.4923764458464774,0.7875920084121977,0.6227292781611339,upstroke_downstroke_ratio_long_square,0.1987679364924859,2.4140967782085856e-33,0.1987679364924859,11,0.0503450628703145,3654,2.571915625465641,0.6696625469229337,12.727272727272728,10,4,0.0,0.0,0.0,0.0,0.0,0.71,0.3333333333333333,0.0950320156173019,,0.2165224109321113,11,0.2992981730381573,C — exploratory,limited,low,low,601
385,PDE2A,Pde2a,5138,homologene,0.6367088444080754,0.6545741324921136,0.6150105152471084,0.6344840222506819,tau,0.2599726080912771,1.436269501812865e-56,0.2599726080912771,14,0.0932510949929052,3654,1.925380129484912,1.3501499133255463,5.802707930367505,10,6,0.0,0.0,0.0,0.0,0.0,1.0,,,,0.0,11,0.2539169295478444,C — exploratory,limited,low,low,602
423,OLFM1,Olfm1,10439,homologene,0.6142984766134136,0.7323869610935857,0.4760778128286014,0.5904855481564475,upstroke_downstroke_ratio_long_square,0.3783552637640968,1.5804874415160914e-123,0.3783552637640968,12,0.1022403347471538,3654,1.522912945602472,0.7532117470599743,5.802707930367505,9,5,0.0,0.0,0.0,0.0,0.0,0.8033333333333333,,,,0.0,11,0.2416929547844374,C — exploratory,limited,low,low,603
487,DGKZ,Dgkz,8525,homologene,0.5866529460108343,0.5425867507886436,0.6414300736067298,0.5899419119679462,tau,-0.2152311667413183,9.233599438532875e-39,0.2152311667413183,12,0.0847774408689933,3654,1.856980801745316,0.6326864993979114,6.963249516441006,10,4,0.0,0.0,0.0,0.0,0.0,0.53,,,,0.0,11,0.2368033648790747,C — exploratory,limited,low,low,604
540,WDR17,Wdr17,116966,homologene,0.5590345859674731,0.3834121976866456,0.789826498422713,0.5502991128026651,upstroke_downstroke_ratio_long_square,-0.1518702002330261,6.652305243536122e-20,0.1518702002330261,10,0.057724688400316,3654,3.5079837785102272,1.9146917941031576,9.284332688588009,10,9,0.0,0.0,0.0,0.0,0.0,0.04,,,,0.0,11,0.2346477392218717,Outside Top-500,limited,low,low,605
508,PEX5L,Pex5l,51555,homologene,0.5778848884118036,0.5239221871713986,0.645241850683491,0.5814262822272619,sag,0.2601427180494503,2.2178289672562366e-55,0.2601427180494503,8,0.053855318932996,3654,2.1031132341267997,0.9364929710257096,6.382978723404255,10,5,0.0,0.0,0.0,0.0,0.0,0.29,,,,0.0,11,0.23383280757097796,Outside Top-500,limited,low,low,606
477,TTLL11,Ttll11,158135,homologene,0.5915871018228694,0.7365930599369085,0.4238958990536277,0.5587833009124544,upstroke_downstroke_ratio_long_square,-0.3196905857788821,1.1649128285271485e-86,0.3196905857788821,14,0.1078002744913742,3654,1.147327758747248,0.4817587587361183,5.415860735009671,9,4,0.0,0.0,0.0,0.0,0.0,0.6033333333333334,,,,0.0,11,0.23209779179810724,C — exploratory,limited,low,low,607
583,PTPRS,Ptprs,5802,homologene,0.5395109745258178,0.3504206098843322,0.7902208201892744,0.526222065058111,avg_isi,-0.1137481634313185,1.878092954394766e-11,0.1137481634313185,13,0.0639041492797899,3654,3.323855009617538,1.6921604773229388,9.67117988394584,10,6,0.0,0.0,0.0,0.0,0.0,0.0066666666666666,,,,0.0,11,0.2281282860147213,Outside Top-500,limited,low,low,608
592,MDGA2,Mdga2,161357,homologene,0.535070875387718,0.3385909568874868,0.7966614090431126,0.5193672581162977,avg_isi,-0.1094432275811373,1.0736508037402779e-10,0.1094432275811373,13,0.0526790169374661,3654,3.4107573752516367,1.3143267241743242,9.86460348162476,10,7,0.0,0.0,0.0,0.0,0.0,0.0,,,,0.0,11,0.22705047318611987,Outside Top-500,limited,low,low,609
598,ATP2B2,Atp2b2,491,homologene,0.5308921521915198,0.3186119873817034,0.8158517350157729,0.5098432530711633,tau,-0.1198308321321774,9.686035597458864e-13,0.1198308321321774,11,0.0504480389473106,3654,3.4737633958197085,1.1322729846074964,11.363636363636363,10,7,0.0,0.0,0.0,0.0,0.0,0.0,,,,0.0,11,0.22689274447949526,Outside Top-500,limited,low,low,610
628,GRIK2,Grik2,2898,homologene,0.509639372403599,0.2769453207150368,0.8266298633017876,0.4784676296310343,avg_isi,0.1327452589113743,3.31165199533548e-15,0.1327452589113743,7,0.0410261309011619,3654,3.96604642213702,1.8208831637091616,10.909090909090908,10,7,0.0,0.0,0.0,0.0,0.0,0.0,,,,0.0,11,0.22071503680336488,Outside Top-500,limited,low,low,611
535,ARHGEF3,Arhgef3,50650,homologene,0.563923346564657,0.7894321766561513,0.3124342797055731,0.496634345862192,upstroke_downstroke_ratio_long_square,-0.2774829955541444,8.750251421924279e-65,0.2774829955541444,17,0.1325160605200001,3654,1.0489402292974723,0.4705341978486813,4.061895551257253,8,4,0.0,0.0,0.0,0.0,0.0,0.3666666666666666,,,,0.0,11,0.2203732912723449,Outside Top-500,limited,low,low,612
541,NXPH2,Nxph2,11249,homologene,0.5582196863726561,0.7460567823343848,0.3455573080967403,0.5077453824416187,upstroke_downstroke_ratio_long_square,-0.2721860222631098,2.6616188569177398e-62,0.2721860222631098,16,0.1294779628514869,3654,1.1795367257419045,0.3171491732930054,4.642166344294004,8,4,0.0,0.0,0.0,0.0,0.0,0.23,,,,0.0,11,0.21832281808622503,Outside Top-500,limited,low,low,613
558,LPCAT4,Lpcat4,254531,homologene,0.5529644986284156,0.758149316508938,0.3225552050473186,0.4945149221641597,upstroke_downstroke_ratio_long_square,-0.2553237507429211,9.1684233201303e-55,0.2553237507429211,17,0.1240969622561126,3654,1.0847250134542188,0.3936337387077047,4.25531914893617,8,4,0.0,0.0,0.0,0.0,0.0,0.2133333333333333,,,,0.0,11,0.21614090431125135,Outside Top-500,limited,low,low,614
566,PRKAG2,Prkag2,51422,homologene,0.5504464722835642,0.752365930599369,0.3234752891692955,0.4933272615229742,upstroke_downstroke_ratio_long_square,-0.3066318335556955,1.6138309697416524e-79,0.3066318335556955,15,0.1125163474535876,3654,1.317303847531652,0.5445614793694978,4.7727272727272725,7,4,0.0,0.0,0.0,0.0,0.0,0.2133333333333333,,,,0.0,11,0.21516824395373288,Outside Top-500,limited,low,low,615
574,RGS7BP,Rgs7bp,401190,homologene,0.5451697905347828,0.7933753943217665,0.2720820189274447,0.4646107823269105,tau,-0.3099894881767162,4.432183770153263e-81,0.3099894881767162,16,0.1505657444347367,3654,0.9908231104144682,0.2962377801915671,5.0,6,3,0.0,0.0,0.0,0.0,0.0,0.2133333333333333,,,,0.0,11,0.21309148264984223,Outside Top-500,limited,low,low,616
745,NRIP3,Nrip3,56675,homologene,0.4500557205507715,0.6953207150368034,0.1862513144058885,0.359867193710745,tau,0.2378605584649373,2.660200154834304e-47,0.2378605584649373,16,0.1251868277812124,3654,0.4634339358838223,0.1928785590465066,1.9342359767891684,8,2,0.0010729471461845,0.17666666666666667,0.0,0.0,0.0,0.0,,,,0.0,11,0.21164773922187172,Outside Top-500,limited,low,low,617
622,CABP1,Cabp1,9478,same-symbol,0.5124802839116719,0.8038906414300736,0.2009726603575184,0.4019453207150368,tau,-0.2700457090894864,4.2387473800095006e-61,0.2700457090894864,18,0.1421522619089614,3654,0.6040276742959187,0.4522835854475192,1.9342359767891684,8,2,0.0,0.0,0.0,0.0,0.0,0.1033333333333333,,,,0.0,11,0.20097266035751843,Outside Top-500,limited,low,low,618
819,NCALD,Ncald,83988,homologene,0.4050750314657922,0.6532597266035752,0.142875920084122,0.3055079123237036,tau,-0.2588329907711432,4.4982856685343655e-56,0.2588329907711432,14,0.0919407615310523,3654,0.5952898128165617,0.3262339241355456,2.127659574468085,6,3,0.0010803194182518,0.18333333333333332,0.0,0.0,0.0,0.0,,,,0.0,11,0.19589379600420612,Outside Top-500,limited,low,low,619
795,TIAM1,Tiam1,7074,homologene,0.4175505411451595,0.1268401682439537,0.8430599369085173,0.3270074375869964,avg_isi,-0.0750911601325982,1.222222913260766e-05,0.0750911601325982,7,0.0314509168548618,3654,4.316029630756117,1.3243701497728408,11.798839458413926,10,5,0.0,0.0,0.0,0.0,0.0,0.0,,,,0.0,11,0.19398002103049422,Outside Top-500,limited,low,low,620
684,LMO3,Lmo3,55885,same-symbol,0.4806016919452933,0.8073080967402734,0.1418243953732912,0.3383725501575915,upstroke_downstroke_ratio_long_square,-0.289578899827041,1.1242767641364944e-70,0.289578899827041,17,0.1348844909722595,3654,0.4292292921713766,0.1894109248490631,1.818181818181818,7,1,0.0,0.0,0.0,0.0,0.0,0.0066666666666666,,,,0.0,11,0.1898264984227129,Outside Top-500,limited,low,low,621
791,LDHA,Ldha,3939,homologene,0.421038941725351,0.6203995793901157,0.2026813880126182,0.3546032259769124,upstroke_downstroke_ratio_long_square,0.2081487470863013,1.7009086135307364e-36,0.2081487470863013,15,0.1163105704763827,3654,0.7382436276339007,0.3279788631939906,2.9013539651837523,7,3,0.0009441754502178,0.06333333333333334,0.0,0.0,0.0,0.0,,,,0.0,11,0.17728286014721345,Outside Top-500,limited,low,low,622
932,DNAH6,Dnah6,1768,homologene,0.3331626597195049,0.0220820189274447,0.8454258675078864,0.1366334878719729,upstroke_downstroke_ratio_long_square,-0.0445685891550229,0.0088419893162081,0.0445685891550229,1,0.0179591447066153,3654,3.6302224230098696,1.2653729987958229,14.313346228239846,10,6,0.0,0.0,0.0,0.0,0.0,0.0,,,,0.0,11,0.17350157728706622,Outside Top-500,limited,low,low,623
954,SYNPO2,Synpo2,171024,homologene,0.3159864550209233,0.005651945320715,0.8558096740273397,0.0695484685851635,fast_trough_v_long_square,0.0287352543614443,0.1026029965429174,0.0287352543614443,0,0.0145282774181437,3654,3.89652305603516,1.3417671643471287,14.772727272727272,10,6,0.0,0.0,0.0,0.0,0.0,0.0,,,,0.0,11,0.17229232386961094,Outside Top-500,limited,low,low,624
1153,TPPP,Tppp,11076,homologene,0.162894396863783,0.1085699263932702,0.2346214511041009,0.1596021105018805,threshold_i_short_square,0.0731142903957978,2.0812528237249064e-05,0.0731142903957978,6,0.0296408787817717,3654,0.4820232137741145,0.3026230296125535,1.5473887814313343,9,1,0.0008596882819223,0.013333333333333334,0.0,0.0,0.0,0.0,,,,0.0,11,0.07130494216614089,Outside Top-500,limited,low,low,625
393,CDH22,Cdh22,64405,homologene,0.6321791302927877,0.655888538380652,0.6034437434279706,0.6291198891085233,tau,0.2601670830916012,1.1853363016197117e-56,0.2601670830916012,14,0.1021268957130216,3654,2.1137151158693146,1.215822579964257,4.835589941972921,10,5,0.0,0.0,0.0,0.0,0.0,1.0,0.4,0.1260163071610698,0.3,0.3282114150127489,12,0.31750873936427426,C — exploratory,limited,low,low,626
516,ROCK2,Rock2,9475,homologene,0.5736657603088987,0.4432176656151419,0.7415878023133544,0.573310399862054,upstroke_downstroke_ratio_long_square,-0.1384114019582557,9.809906816392341e-17,0.1384114019582557,14,0.0734340395827948,3654,2.362989054888728,1.0197258046984654,9.67117988394584,10,6,0.0,0.0,0.0,0.0,0.0,0.2,,,,0.0,12,0.23696109358569925,Outside Top-500,limited,low,low,627
504,RPS6KC1,Rps6kc1,26750,homologene,0.5804171405003302,0.5036803364879074,0.6770504731861199,0.5839666173281498,upstroke_downstroke_ratio_long_square,-0.1761694167810524,2.145231162114242e-26,0.1761694167810524,13,0.0723412452448532,3654,2.1219344007774743,1.14265210878915,7.350096711798839,10,5,0.0,0.0,0.0,0.0,0.0,0.2766666666666666,,,,0.0,12,0.23614616193480548,Outside Top-500,limited,low,low,628
532,SLIT1,Slit1,6585,homologene,0.566619486534286,0.4140378548895899,0.7649842271293376,0.5627898616935114,tau,0.1568290915912939,5.5928619628489685e-21,0.1568290915912939,11,0.0623105802425656,3654,3.168112541432061,1.700976023302828,8.51063829787234,10,6,0.0,0.0,0.0,0.0,0.0,0.11,,,,0.0,12,0.2358044164037855,Outside Top-500,limited,low,low,629
502,CDC5L,Cdc5l,988,homologene,0.5805292653823554,0.5389064143007359,0.632229232386961,0.5837057380579395,upstroke_downstroke_ratio_long_square,-0.2129116612557625,3.685728501780618e-38,0.2129116612557625,12,0.0768835433526322,3654,1.802540804358531,0.9957526035033848,6.769825918762089,10,5,0.0,0.0,0.0,0.0,0.0,0.27,,,,0.0,12,0.2342271293375394,Outside Top-500,limited,low,low,630
503,ZMYND8,Zmynd8,23613,homologene,0.5805292653823554,0.5389064143007359,0.632229232386961,0.5837057380579395,upstroke_downstroke_ratio_long_square,-0.1800611307628287,1.572150471547e-27,0.1800611307628287,14,0.0743563334870359,3654,2.5459652110986464,1.40084060917962,8.704061895551257,9,7,0.0,0.0,0.0,0.0,0.0,0.5166666666666667,,,,0.0,12,0.2342271293375394,Outside Top-500,limited,low,low,631
546,ANKS1B,Anks1b,56899,homologene,0.5570411556474483,0.3940588853838065,0.7701104100946372,0.5508800684580618,tau,0.1396326922144342,7.1979275422371e-17,0.1396326922144342,12,0.053074526983336,3654,3.022262446679965,1.3417671643471287,9.090909090909092,10,6,0.0,0.0,0.0,0.0,0.0,0.0,,,,0.0,12,0.23283385909568874,Outside Top-500,limited,low,low,632
528,CHRM2,Chrm2,1129,homologene,0.5711894823173631,0.506572029442692,0.6522082018927445,0.5747959920284558,fast_trough_v_long_square,-0.2080059872983573,3.791911306443344e-36,0.2080059872983573,11,0.0633280980019939,3654,2.9092087134635416,1.2033366886447592,8.636363636363637,9,6,0.0,0.0,0.0,0.0,0.0,0.45,,,,0.0,12,0.2317560462670873,Outside Top-500,limited,low,low,633
564,PDS5B,Pds5b,23047,homologene,0.5506936292673797,0.379863301787592,0.7749737118822293,0.5425717215209154,upstroke_downstroke_ratio_long_square,-0.135128019037413,5.160290000524778e-16,0.135128019037413,12,0.0598525492690277,3654,2.6969388618125434,1.0366706901524294,10.831721470019342,10,5,0.0,0.0,0.0,0.0,0.0,0.01,,,,0.0,12,0.23096740273396427,Outside Top-500,limited,low,low,634
529,DACH1,Dach1,1602,homologene,0.5696912463340233,0.517875920084122,0.6343322818086224,0.573153918315753,ri,-0.1535341348314394,3.803420818583299e-20,0.1535341348314394,15,0.0762273683334257,3654,2.35471296544324,1.062437555408581,9.545454545454543,9,6,0.0,0.0,0.0,0.0,0.0,0.3366666666666666,,,,0.0,12,0.2304416403785489,Outside Top-500,limited,low,low,635
493,DCLK2,Dclk2,166614,homologene,0.5823047656962383,0.7187171398527865,0.4241587802313354,0.5521323984075849,upstroke_downstroke_ratio_long_square,-0.2523595885823353,1.7025350819873063e-53,0.2523595885823353,16,0.0973603639919689,3654,1.5061179053120854,0.5518245512097237,6.189555125725338,8,3,0.0,0.0,0.0,0.0,0.0,0.5533333333333333,,,,0.0,12,0.22857518401682436,C — exploratory,limited,low,low,636
511,SUSD4,Susd4,55061,homologene,0.5769392112836245,0.6682439537329127,0.4692429022082018,0.5599720816547155,upstroke_downstroke_ratio_long_square,0.2865878801992438,3.4569311481538786e-69,0.2865878801992438,13,0.0898712408781354,3654,1.5365859986496135,0.8168422190542467,5.454545454545454,9,5,0.0,0.0,0.0,0.0,0.0,0.4666666666666667,,,,0.0,12,0.22749737118822289,Outside Top-500,limited,low,low,637
525,SH3RF3,Sh3rf3,344558,homologene,0.5718866111206213,0.7210830704521557,0.3999737118822292,0.5370421512918551,threshold_i_long_square,0.2552244155312421,1.8243107074368215e-54,0.2552244155312421,16,0.1435420218503364,3654,1.5167362323642823,0.6646406365138153,5.222437137330754,8,4,0.0,0.0,0.0,0.0,0.0,0.4666666666666667,,,,0.0,12,0.22421135646687698,Outside Top-500,limited,low,low,638
617,ZEB2,Zeb2,9839,homologene,0.5183146063048706,0.304416403785489,0.8063880126182966,0.4954571009249836,latency,-0.1150807681727379,1.8486669462992688e-11,0.1150807681727379,11,0.0516904291985198,3654,3.547972732402501,1.6028071824561778,10.251450676982593,10,8,0.0,0.0,0.0,0.0,0.0,0.0,,,,0.0,12,0.22216088328075712,Outside Top-500,limited,low,low,639
661,PTPN13,Ptpn13,5783,homologene,0.494825708839933,0.2538117770767613,0.8258412197686645,0.4578299111817892,upstroke_downstroke_ratio_long_square,0.1223634871854698,2.3572530299343866e-13,0.1223634871854698,7,0.045876454038978,3654,3.7850367779363374,1.5415535547706145,11.218568665377177,10,7,0.0,0.0,0.0,0.0,0.0,0.0,,,,0.0,12,0.21593059936908515,Outside Top-500,limited,low,low,640
568,LANCL1,Lancl1,10314,homologene,0.5495163566013326,0.7668243953732913,0.3069137749737118,0.4851277872127621,tau,-0.3172466727908153,4.483839211034572e-85,0.3172466727908153,15,0.1109949577087418,3654,0.8351556469061221,0.4738821381214269,2.727272727272727,9,3,0.0,0.0,0.0,0.0,0.0,0.3633333333333333,,,,0.0,12,0.21474763406940062,Outside Top-500,limited,low,low,641
691,ITM2C,Itm2c,81618,homologene,0.4775725031915893,0.774447949526814,0.1646950578338591,0.3571382783133617,threshold_i_long_square,-0.2482837048237996,1.5823441619005427e-51,0.2482837048237996,18,0.1416653542979775,3654,0.5688842285599358,0.4285676139954251,2.127659574468085,7,1,0.0,0.0,0.0,0.0,0.0,0.0033333333333333,,,,0.0,12,0.1878286014721346,Outside Top-500,limited,low,low,642
705,SRRM3,Srrm3,222183,same-symbol,0.4688651561143386,0.7812828601472135,0.143664563617245,0.3350263589102841,upstroke_downstroke_ratio_long_square,-0.2536187160707143,4.9453681976895346e-54,0.2536187160707143,18,0.1293061167361557,3654,0.5183200151574885,0.3204971135657509,2.5,6,1,0.0,0.0,0.0,0.0,0.0,0.0033333333333333,,,,0.0,12,0.1849894847528917,Outside Top-500,limited,low,low,643
846,TAGLN3,Tagln3,29114,homologene,0.39162888636547,0.6829652996845427,0.0951629863301787,0.2549372814593161,tau,0.2030162454960998,1.4947403419543838e-34,0.2030162454960998,17,0.110947006914629,3654,0.369887337153324,0.0469043151969981,1.7408123791102514,5,2,0.0010398964200943,0.14666666666666667,0.0,0.0,0.0,0.0,,,,0.0,12,0.18495899053627762,Outside Top-500,limited,low,low,644
963,ADAMTS19,Adamts19,171019,homologene,0.3099403337847371,0.0040746582544689,0.8467402733964248,0.0587382094073871,ri,-0.027167474028901,0.1267922792780392,0.027167474028901,0,0.0124057069952241,3654,3.808571717644451,2.1614664003332726,13.409090909090908,10,9,0.0,0.0,0.0,0.0,0.0,0.0,,,,0.0,12,0.17016298633017873,Outside Top-500,limited,low,low,645
925,EFNA5,Efna5,1946,homologene,0.3372570752730549,0.5155099894847529,0.1447160883280757,0.2731347454504477,latency,0.1992257583390506,1.1680393154387923e-32,0.1992257583390506,12,0.0676511476599108,3654,0.4941889690458529,0.1984908394902251,1.7408123791102514,7,2,0.0010619229672376,0.17,0.0,0.0,0.0,0.0,,,,0.0,12,0.16604521556256574,Outside Top-500,limited,low,low,646
886,SHISA8,Shisa8,440829,homologene,0.3660609717228341,0.7841745531019978,0.0043375394321766,0.0583214201283664,latency,-0.2985021850732793,9.361770239433484e-74,0.2985021850732793,16,0.1135275028529511,3654,0.0,0.0,0.0,0,0,0.0,0.0,0.0,0.0,0.0,0.0,,,,0.0,12,0.1577024185068349,Outside Top-500,limited,low,low,647
1151,SAT1,Sat1,6303,homologene,0.1642365368676406,0.1781019978969505,0.1476077812828601,0.1621395718250591,threshold_i_short_square,0.0827697396286575,1.31115090728727e-06,0.0827697396286575,9,0.0410697550636304,3654,0.4612013722266622,0.2832195552430594,1.9342359767891684,7,1,0.0008832334371043,0.03,0.0,0.0,0.0,0.0,,,,0.0,12,0.07114195583596213,Outside Top-500,limited,low,low,648
462,BACH1,Bach1,571,homologene,0.5965480890006869,0.6401156677181914,0.5441640378548896,0.5901931263914465,upstroke_downstroke_ratio_long_square,-0.2669072419857439,6.944941136892643e-60,0.2669072419857439,13,0.0777488214618988,3654,1.769065054854591,1.4677117487300002,7.350096711798839,9,6,0.0,0.0,0.0,0.0,0.0,0.64,,,,0.0,13,0.2368559411146162,C — exploratory,limited,low,low,649
490,SOBP,Sobp,55084,homologene,0.5842650859706721,0.5728180862250263,0.5983175604626708,0.5854290050373773,fast_trough_v_long_square,0.2195136089935654,3.53530701857831e-40,0.2195136089935654,13,0.0872748597713884,3654,1.5974614682223158,0.6788782462723413,6.189555125725338,10,4,0.0,0.0,0.0,0.0,0.0,0.3566666666666667,,,,0.0,13,0.23422712933753945,C — exploratory,limited,low,low,650
527,BACH2,Bach2,60468,homologene,0.5713439187542948,0.4907991587802313,0.6729758149316508,0.5747138103855648,tau,-0.1706086721340587,1.1904941614762984e-24,0.1706086721340587,13,0.0779540994983375,3654,2.597886535128244,1.301151695880454,6.189555125725338,10,6,0.0,0.0,0.0,0.0,0.0,0.3466666666666667,,,,0.0,13,0.23275499474237643,Outside Top-500,limited,low,low,651
543,NEFM,Nefm,4741,same-symbol,0.5576130170196458,0.4103575184016824,0.7488170347003155,0.554330857968892,upstroke_downstroke_ratio_long_square,-0.1367273286758065,2.3151748951015487e-16,0.1367273286758065,13,0.0679402823238313,3654,2.671648309450454,0.864215076105813,9.090909090909092,10,4,0.0,0.0,0.0,0.0,0.0,0.0,,,,0.0,13,0.23183491062039957,Outside Top-500,limited,low,low,652
495,NGEF,Ngef,25791,homologene,0.582195547280254,0.6096214511041009,0.5490273396424816,0.5785316270427,upstroke_downstroke_ratio_long_square,0.2802101972576556,4.3947440854040506e-66,0.2802101972576556,11,0.0831540169327555,3654,2.084777082226577,1.0599950896876,6.769825918762089,9,5,0.0,0.0,0.0,0.0,0.0,0.5666666666666667,,,,0.0,13,0.2317297581493165,C — exploratory,limited,low,low,653
489,CCDC30,Ccdc30,728621,same-symbol,0.584444861199527,0.6445846477392219,0.5126182965299685,0.5748268296569409,upstroke_downstroke_ratio_long_square,-0.2503846218208372,1.1705184054027546e-52,0.2503846218208372,14,0.086173917923621,3654,1.7545271735856147,0.6201590001533059,6.382978723404255,9,4,0.0,0.0,0.0,0.0,0.0,0.5366666666666666,,,,0.0,13,0.23144058885383806,C — exploratory,limited,low,low,654
555,AUTS2,Auts2,26053,homologene,0.5534745855204418,0.4308622502628811,0.7110935856992638,0.5535190895370148,latency,-0.1664953808569195,5.002371632471045e-23,0.1664953808569195,11,0.0555815858956612,3654,2.765613875589337,1.1572713542790396,7.156673114119923,10,6,0.0,0.0,0.0,0.0,0.0,0.0633333333333333,,,,0.0,13,0.22839116719242897,Outside Top-500,limited,low,low,655
505,PRR16,Prr16,51334,homologene,0.5798834138634648,0.7168769716088329,0.4211356466876972,0.5494565014939798,upstroke_downstroke_ratio_long_square,-0.2266204259623671,3.629190381721187e-43,0.2266204259623671,17,0.1180054671865143,3654,1.503152893488054,0.7459251354800912,6.136363636363637,8,5,0.0,0.0,0.0,0.0,0.0,0.5666666666666667,,,,0.0,13,0.22760252365930606,Outside Top-500,limited,low,low,656
514,UBASH3B,Ubash3b,84959,homologene,0.5753524952706696,0.6485278654048369,0.4884332281808622,0.5628166298759555,upstroke_downstroke_ratio_long_square,-0.2316054291945574,4.49077793886857e-45,0.2316054291945574,15,0.0981267968020578,3654,1.474901259577357,0.7176525964770384,6.576402321083172,9,5,0.0,0.0,0.0,0.0,0.0,0.3766666666666666,,,,0.0,13,0.22739221871713983,Outside Top-500,limited,low,low,657
611,PRDM2,Prdm2,7799,homologene,0.5206597939517661,0.3399053627760253,0.7601209253417456,0.508300284164719,upstroke_downstroke_ratio_long_square,-0.1477764606209495,6.6672463829539535e-19,0.1477764606209495,8,0.0368071786074789,3654,2.799921378899665,0.9519568407297364,9.284332688588009,10,5,0.0,0.0,0.0,0.0,0.0,0.0,,,,0.0,13,0.2200052576235542,Outside Top-500,limited,low,low,658
613,SEZ6L,Sez6l,23544,homologene,0.5203663272271004,0.3446372239747634,0.7526288117770769,0.5092974615824003,adaptation,0.1122004627237731,3.171946773210272e-11,0.1122004627237731,13,0.0592287794907879,3654,3.730047543048281,1.227875279062563,15.681818181818182,9,6,0.0,0.0,0.0,0.0,0.0,0.0,,,,0.0,13,0.21945320715036803,Outside Top-500,limited,low,low,659
631,CTTNBP2,Cttnbp2,83992,homologene,0.508053172561069,0.3174290220820189,0.7623554153522608,0.4919285862543459,tau,-0.1293214235486983,1.219233856804784e-14,0.1293214235486983,10,0.0448706566247049,3654,3.24049523886481,1.7258897642260669,8.317214700193423,10,8,0.0,0.0,0.0,0.0,0.0,0.0,,,,0.0,13,0.21595688748685596,Outside Top-500,limited,low,low,660
680,FBXW7,Fbxw7,55294,homologene,0.4825516979236854,0.258937960042061,0.7877234490010515,0.4516320437719502,upstroke_downstroke_ratio_long_square,-0.0902718126067522,7.57346772235106e-08,0.0902718126067522,12,0.0483366976013269,3654,4.891554294127618,1.9457832523419007,18.56866537717601,9,6,0.0,0.0,0.0,0.0,0.0,0.0,,,,0.0,13,0.2093322818086225,Outside Top-500,limited,low,low,661
728,TANC2,Tanc2,26115,homologene,0.4592857428278256,0.2051787592008412,0.8148002103049422,0.4088761379035863,upstroke_downstroke_ratio_long_square,-0.1116355511862332,2.4948451869240248e-11,0.1116355511862332,5,0.0300958521242296,3654,3.51876766285963,1.3332876498693291,11.136363636363637,10,7,0.0,0.0,0.0,0.0,0.0,0.0,,,,0.0,13,0.20399579390115669,Outside Top-500,limited,low,low,662
747,SLC12A5,Slc12a5,57468,homologene,0.4488025917396723,0.1869085173501577,0.8184805467928497,0.3911278377730201,upstroke_downstroke_ratio_long_square,-0.0916258761152734,4.799744344957987e-08,0.0916258761152734,8,0.0377560702055051,3654,3.6581335166635833,2.250819695200033,10.909090909090908,10,8,0.0,0.0,0.0,0.0,0.0,0.0,,,,0.0,13,0.2010778128286015,Outside Top-500,limited,low,low,663
649,RIMS3,Rims3,9783,homologene,0.5007919028253678,0.7528916929547845,0.2267350157728706,0.4131669273760502,upstroke_downstroke_ratio_long_square,0.2507217686774017,8.442838638349131e-53,0.2507217686774017,17,0.1445849502076425,3654,1.0036264518250635,0.3926021143567374,3.481624758220503,6,4,0.0,0.0,0.0,0.0,0.0,0.0,,,,0.0,13,0.19592534174553103,Outside Top-500,limited,low,low,664
669,RCAN2,Rcan2,10231,homologene,0.4909885622280423,0.7323869610935857,0.2277865404837014,0.4084457028331661,upstroke_downstroke_ratio_long_square,-0.3505028422918471,4.547676645203122e-105,0.3505028422918471,13,0.1278495123505786,3654,0.7814349985790069,0.1928785590465066,3.636363636363636,7,3,0.0,0.0,0.0,0.0,0.0,0.0133333333333333,,,,0.0,13,0.1920347003154574,Outside Top-500,limited,low,low,665
894,UNC13A,Unc13a,23025,homologene,0.3589815589352627,0.0592797055730809,0.8232124079915878,0.220906743151603,upstroke_downstroke_ratio_long_square,-0.057998541945791,0.0006074023521289,0.057998541945791,4,0.0197147921875385,3654,3.44748837007968,1.3258764739434423,12.272727272727272,10,6,0.0,0.0,0.0,0.0,0.0,0.0,,,,0.0,13,0.17649842271293376,Outside Top-500,limited,low,low,666
1156,DYNLT3,Dynlt3,6990,homologene,0.1585891898786643,0.2614353312302839,0.0509989484752891,0.1154682942934267,upstroke_downstroke_ratio_long_square,-0.1066238592208718,1.9070477030059144e-10,0.1066238592208718,10,0.038624713313563,3654,0.1913265565760523,0.0469043151969981,0.7736943907156673,5,0,0.0009330919225155,0.056666666666666664,0.0,0.0,0.0,0.0,,,,0.0,13,0.07382018927444793,Outside Top-500,limited,low,low,667
561,EPHA5,Epha5,2044,homologene,0.5520193368750693,0.4074658254468979,0.7396161934805469,0.5489702385288693,tau,0.1440024198395767,7.199420155357e-18,0.1440024198395767,12,0.0628581979213984,3654,4.180434474483288,1.5936563331128717,12.36749116607774,9,7,0.0,0.0,0.0,0.0,0.0,0.2533333333333333,,,,0.0,14,0.22941640378548894,Outside Top-500,limited,low,low,668
524,ATP1A1,Atp1a1,476,homologene,0.5724510851669219,0.6051524710830704,0.5329915878023134,0.5679270872436524,tau,0.2428825188718162,2.5511204739852498e-49,0.2428825188718162,13,0.0851540155887515,3654,1.7435722399992586,0.8790128591074711,7.156673114119923,9,5,0.0,0.0,0.0,0.0,0.0,0.38,,,,0.0,14,0.22762881177707675,Outside Top-500,limited,low,low,669
531,CLVS1,Clvs1,157807,homologene,0.5675208813028085,0.5683491062039958,0.5665089379600421,0.5674282761249785,tau,-0.1604476826666281,6.53742256118568e-22,0.1604476826666281,16,0.0924061460942924,3654,1.7065937839454268,0.8454661012422957,8.636363636363637,9,5,0.0,0.0,0.0,0.0,0.0,0.36,,,,0.0,14,0.2269716088328076,Outside Top-500,limited,low,low,670
550,RANBP17,Ranbp17,64901,homologene,0.555627898058072,0.4676656151419558,0.6670609884332283,0.5585351264628097,latency,0.1604820343929055,1.8761769797250508e-21,0.1604820343929055,13,0.05915183320612,3654,2.265968830276868,0.8558452254239493,6.590909090909091,10,4,0.0,0.0,0.0,0.0,0.0,0.0233333333333333,,,,0.0,14,0.22694532071503684,Outside Top-500,limited,low,low,671
556,STOX2,Stox2,56977,homologene,0.5534693035808298,0.4737118822292324,0.6541798107255521,0.5566801141186599,upstroke_downstroke_ratio_long_square,-0.1373369466051933,1.7038654304545706e-16,0.1373369466051933,15,0.0817783839149209,3654,2.1174657011535105,0.590450608061557,6.590909090909091,10,4,0.0,0.0,0.0,0.0,0.0,0.0333333333333333,,,,0.0,14,0.22557833859095688,Outside Top-500,limited,low,low,672
585,ATP9A,Atp9a,10079,homologene,0.5391821575199206,0.3820977917981072,0.7444794952681387,0.5333516393346188,ri,0.1516417945757237,1.0928869501206532e-19,0.1516417945757237,10,0.0629483716902423,3654,2.9292856245260674,1.7196009174957432,7.954545454545454,10,7,0.0,0.0,0.0,0.0,0.0,0.0033333333333333,,,,0.0,14,0.2253154574132492,Outside Top-500,limited,low,low,673
537,PPP3CA,Ppp3ca,5530,homologene,0.5603533117212477,0.5733438485804416,0.5445583596214512,0.5587657699627053,upstroke_downstroke_ratio_long_square,-0.2017346036510008,2.5214201852703598e-34,0.2017346036510008,14,0.0808013750617007,3654,1.4542107263412034,0.5607555001205362,4.835589941972921,10,4,0.0,0.0,0.0,0.0,0.0,0.0433333333333333,,,,0.0,14,0.22358044164037855,Outside Top-500,limited,low,low,674
539,NEGR1,Negr1,257194,homologene,0.5591335983671294,0.6188222923238696,0.487907465825447,0.5494797689124079,tau,0.2519197183450087,4.36954888880179e-53,0.2519197183450087,13,0.0970978886840129,3654,1.2949660975029775,0.5727276701788135,3.636363636363636,10,4,0.0,0.0,0.0,0.0,0.0,0.26,,,,0.0,14,0.22134595162986334,Outside Top-500,limited,low,low,675
595,GAD2,Gad2,2572,homologene,0.5342067212945228,0.4075972660357518,0.6975552050473186,0.5332181490593652,upstroke_downstroke_ratio_long_square,0.190309028282727,1.235966157679296e-30,0.190309028282727,7,0.0601591658742452,3654,2.4024550227388346,1.5708049668649493,7.350096711798839,10,7,0.0,0.0,0.0,0.0,0.0,0.0166666666666666,,,,0.0,14,0.22103049421661408,Outside Top-500,limited,low,low,676
536,CAMK2G,Camk2g,818,homologene,0.5616607392306585,0.7058359621451104,0.3953732912723449,0.5282695216001908,upstroke_downstroke_ratio_long_square,-0.2703266970955687,1.8866697762722373e-61,0.2703266970955687,15,0.1192511868739719,3654,1.148521003034937,0.2924191638089192,4.448742746615087,9,3,0.0,0.0,0.0,0.0,0.0,0.3366666666666666,,,,0.0,14,0.22024185068349106,Outside Top-500,limited,low,low,677
571,POU6F2,Pou6f2,11281,same-symbol,0.5476522859054002,0.5273396424815983,0.5726866456361724,0.5495456040801027,tau,0.1906535686058657,1.4723172096105393e-30,0.1906535686058657,13,0.0727777249815749,3654,2.251804104280633,0.5386960521309438,9.772727272727272,8,4,0.0,0.0,0.0,0.0,0.0,0.0966666666666666,,,,0.0,14,0.22000525762355413,Outside Top-500,limited,low,low,678
581,GRIP1,Grip1,23426,homologene,0.5405400411786407,0.4802839116719242,0.616062039957939,0.5439528347049809,threshold_i_short_square,0.1519199574668219,1.6040310010980091e-19,0.1519199574668219,14,0.0710097570582487,3654,2.54171691805988,1.5308190718132004,7.954545454545454,9,5,0.0,0.0,0.0,0.0,0.0,0.15,,,,0.0,14,0.21926919032597264,Outside Top-500,limited,low,low,679
567,SCLT1,Sclt1,132320,homologene,0.5500145381227766,0.6288117770767613,0.4567560462670872,0.5359231112237673,upstroke_downstroke_ratio_long_square,-0.2150518589856303,6.452070549498642e-39,0.2150518589856303,15,0.0904211084829321,3654,1.382975294186137,0.58021937514473,5.609284332688588,9,4,0.0,0.0,0.0,0.0,0.0,0.24,,,,0.0,14,0.2171135646687697,Outside Top-500,limited,low,low,680
562,CYP46A1,Cyp46a1,10858,homologene,0.5508555429561379,0.7089905362776024,0.3697423764458465,0.5119998493758527,threshold_i_short_square,0.2731805900220234,5.587953167075994e-62,0.2731805900220234,15,0.1535728428955337,3654,1.392258043476324,0.7931807938620856,4.642166344294004,8,5,0.0,0.0,0.0,0.0,0.0,0.2433333333333333,,,,0.0,14,0.21574658254468976,Outside Top-500,limited,low,low,681
575,RBMS3,Rbms3,27303,homologene,0.5450683063423996,0.6422187171398528,0.430993690851735,0.526110459156793,avg_isi,-0.2014873418892592,9.012971991079432e-34,0.2014873418892592,16,0.0874747702102677,3654,1.4607827733131695,0.5607555001205362,4.545454545454546,9,4,0.0,0.0,0.0,0.0,0.0,0.3633333333333333,,,,0.0,14,0.21464248159831759,Outside Top-500,limited,low,low,682
654,NCOA2,Ncoa2,10499,homologene,0.4992270748794228,0.3091482649842271,0.7531545741324921,0.4825312734507416,threshold_v_long_square,0.0769055953120963,1.1702573819035517e-05,0.0769055953120963,15,0.0482604109795709,3654,2.892311738603423,1.4677117487300002,8.51063829787234,10,7,0.0,0.0,0.0,0.0,0.0,0.0,,,,0.0,14,0.21246056782334383,Outside Top-500,limited,low,low,683
741,KIF5A,Kif5a,3798,homologene,0.4512489630442655,0.2175341745531019,0.7749737118822293,0.4105889266829468,ri,-0.0917821507114624,5.7519587019479924e-08,0.0917821507114624,10,0.0444323577920652,3654,2.9047141486827157,0.9817898098068208,9.67117988394584,10,5,0.0,0.0,0.0,0.0,0.0,0.0,,,,0.0,14,0.19850157728706624,Outside Top-500,limited,low,low,684
743,RASA1,Rasa1,5921,homologene,0.4504703702050082,0.214248159831756,0.7782597266035752,0.4083389698473335,upstroke_downstroke_ratio_long_square,-0.0820731558535123,1.0580482766663363e-06,0.0820731558535123,11,0.0417268485253066,3654,2.6228102084187435,1.2270938851814013,11.411992263056092,10,5,0.0,0.0,0.0,0.0,0.0,0.0,,,,0.0,14,0.19850157728706624,Outside Top-500,limited,low,low,685
864,ANKRD12,Ankrd12,23253,homologene,0.3809139600450885,0.1102786540483701,0.7790483701366981,0.2931081808773879,threshold_v_short_square,0.0702497972286805,9.618686350811429e-05,0.0702497972286805,7,0.028867917833758,3654,3.0749106695965827,1.6937538102371916,9.477756286266924,10,7,0.0,0.0,0.0,0.0,0.0,0.0,,,,0.0,14,0.17786540483701366,Outside Top-500,limited,low,low,686
764,NDFIP1,Ndfip1,80762,homologene,0.443730108040216,0.7421135646687698,0.1336750788643533,0.3149636316837297,ri,0.2440826859558956,9.403218968141492e-50,0.2440826859558956,17,0.118122790760436,3654,0.5484256744637086,0.3456977991597393,1.9342359767891684,6,2,0.0,0.0,0.0,0.0,0.0,0.0,,,,0.0,14,0.1751577287066246,Outside Top-500,limited,low,low,687
956,THEMIS,Themis,387357,homologene,0.3154326994232034,0.0152471083070452,0.8178233438485805,0.1116666516901495,tau,-0.0378964357797465,0.030243433750583,0.0378964357797465,1,0.0160750400856586,3654,3.025046507808523,0.7061639595276015,13.181818181818182,10,4,0.0,0.0,0.0,0.0,0.0,0.0,,,,0.0,14,0.16661409043112513,Outside Top-500,limited,low,low,688
1168,LY6E,Ly6e,4061,homologene,0.1493218709495633,0.2519716088328076,0.0431125131440588,0.1042263368718966,upstroke_downstroke_ratio_long_square,-0.1212221972790311,3.951147652536466e-13,0.1212221972790311,7,0.0341767544677133,3654,0.1593313139597763,0.0883392226148409,0.5802707930367504,5,0,0.0008621464323841,0.016666666666666666,0.0,0.0,0.0,0.0,,,,0.0,14,0.06235015772870661,Outside Top-500,limited,low,low,689
584,ZEB1,Zeb1,6935,homologene,0.5393464806865789,0.396950578338591,0.7242376445846478,0.5361777241479311,threshold_v_short_square,0.1349839594233328,6.837576226944118e-15,0.1349839594233328,13,0.0659632199017975,3654,3.650408607825815,1.3440617013095697,12.045454545454543,9,6,0.0,0.0,0.0,0.0,0.0,0.09,,,,0.0,15,0.22423764458464776,Outside Top-500,limited,low,low,690
538,MAPK4,Mapk4,5596,homologene,0.5592149174775044,0.5835962145110409,0.5297055730809673,0.5559983518459871,upstroke_downstroke_ratio_long_square,0.2443444962334742,3.76785869993608e-50,0.2443444962334742,12,0.0852664687261911,3654,1.6687829980260376,0.6201590001533059,7.272727272727272,9,4,0.0,0.0,0.0,0.0,0.0,0.2866666666666667,,,,0.0,15,0.22266035751840169,Outside Top-500,limited,low,low,691
597,TCF4,Tcf4,6925,homologene,0.5310992916770154,0.3700052576235541,0.7422450052576236,0.5240558695312393,threshold_i_short_square,-0.1474727369204723,1.814495739864713e-18,0.1474727369204723,10,0.0597511473903943,3654,2.681180638099113,1.8656911966627183,8.636363636363637,10,5,0.0,0.0,0.0,0.0,0.0,0.0,,,,0.0,15,0.22245005257623554,Outside Top-500,limited,low,low,692
576,NUAK1,Nuak1,9891,homologene,0.5449008142074943,0.4668769716088328,0.6434016824395373,0.5480779406484073,upstroke_downstroke_ratio_long_square,-0.1588419071382356,1.1537372688220365e-21,0.1588419071382356,13,0.0755867517113799,3654,2.2221897096347023,1.6229224537420692,5.909090909090909,10,6,0.0,0.0,0.0,0.0,0.0,0.0233333333333333,,,,0.0,15,0.22205573080967406,Outside Top-500,limited,low,low,693
594,PTPRJ,Ptprj,5795,homologene,0.534228896591279,0.3977392218717139,0.7110935856992638,0.531817458771327,ri,0.1493743024379278,3.884878118629914e-19,0.1493743024379278,11,0.0659279576570049,3654,2.280018909812083,1.1729943987169549,8.317214700193423,10,6,0.0,0.0,0.0,0.0,0.0,0.0,,,,0.0,15,0.22176656151419555,Outside Top-500,limited,low,low,694
549,CADM3,Cadm3,57863,homologene,0.5556752203307337,0.6041009463722399,0.4976340694006309,0.5482893508650246,tau,0.2209858044398305,7.638495092415888e-41,0.2209858044398305,14,0.076009077351816,3654,1.8921195256085304,0.8623029425734512,7.5,8,5,0.0,0.0,0.0,0.0,0.0,0.2666666666666666,,,,0.0,15,0.22034700315457414,Outside Top-500,limited,low,low,695
552,THRB,Thrb,7068,homologene,0.5550631205959239,0.6148790746582545,0.4837013669821241,0.5453602927798294,upstroke_downstroke_ratio_long_square,-0.1849706616149069,5.319009285649558e-29,0.1849706616149069,16,0.0941713354154637,3654,1.525744531116911,0.5312187777042905,6.136363636363637,9,3,0.0,0.0,0.0,0.0,0.0,0.2833333333333333,,,,0.0,15,0.2197160883280757,Outside Top-500,limited,low,low,696
593,FRMD4A,Frmd4a,55691,homologene,0.5342853812301176,0.4461093585699263,0.6461619348054679,0.5368974634586849,tau,0.1735948382453488,1.7302018695335486e-25,0.1735948382453488,11,0.069886884562354,3654,1.8324958228545625,0.6545641305145324,7.156673114119923,10,4,0.0,0.0,0.0,0.0,0.0,0.0,,,,0.0,15,0.21845425867507884,Outside Top-500,limited,low,low,697
596,MTSS1,Mtss1,9788,homologene,0.5311360739339547,0.4361198738170346,0.6520767613038907,0.5332763212996368,sag,-0.1471851811822886,4.617125505728447e-18,0.1471851811822886,13,0.0626157902652617,3654,1.7384292794131728,0.6545641305145324,7.543520309477756,10,4,0.0,0.0,0.0,0.0,0.0,0.0,,,,0.0,15,0.21763932702418506,Outside Top-500,limited,low,low,698
586,FGFR1,Fgfr1,2260,homologene,0.5375115290298244,0.5315457413249212,0.5448212407991588,0.5381425557695212,adaptation,0.1611213712010055,5.394197522304924e-22,0.1611213712010055,15,0.0762845605065846,3654,1.9869160858182704,1.0080468079643805,6.818181818181818,9,5,0.0,0.0,0.0,0.0,0.0,0.1533333333333333,,,,0.0,15,0.215273396424816,Outside Top-500,limited,low,low,699
587,TRIM9,Trim9,114088,homologene,0.5359608310177852,0.5173501577287066,0.5588853838065194,0.5377168785379268,upstroke_downstroke_ratio_long_square,-0.1700851125298124,1.1337362016277222e-24,0.1700851125298124,14,0.0737926700251211,3654,2.2381890914702653,0.5802629029461854,6.590909090909091,9,4,0.0,0.0,0.0,0.0,0.0,0.1766666666666666,,,,0.0,15,0.21524710830704522,Outside Top-500,limited,low,low,700
572,CBLN4,Cbln4,140689,homologene,0.5473390626238726,0.7000525762355415,0.3721083070452156,0.5103874792602666,tau,0.2664582097878442,1.8012713352409018e-59,0.2664582097878442,15,0.0943380003608959,3654,1.0503285430718672,0.5312187777042905,4.061895551257253,9,4,0.0,0.0,0.0,0.0,0.0,0.2766666666666666,,,,0.0,15,0.21443217665615144,Outside Top-500,limited,low,low,701
577,SYBU,Sybu,55638,homologene,0.541958306282134,0.6232912723449001,0.4458464773922188,0.5271548331982623,upstroke_downstroke_ratio_long_square,-0.237365297638372,2.45794363265483e-47,0.237365297638372,14,0.0721625459287281,3654,1.507956286622126,0.9554538967207148,4.835589941972921,9,5,0.0,0.0,0.0,0.0,0.0,0.27,,,,0.0,15,0.21382754994742376,Outside Top-500,limited,low,low,702
602,RFX3,Rfx3,5991,homologene,0.527111388323309,0.4738433228180862,0.5937171398527865,0.530404470533474,upstroke_downstroke_ratio_long_square,-0.2008020169905883,5.147646766032287e-34,0.2008020169905883,10,0.0584026569457123,3654,1.657116577608706,0.9001503090483177,5.802707930367505,10,4,0.0,0.0,0.0,0.0,0.0,0.0,,,,0.0,15,0.21351209253417455,Outside Top-500,limited,low,low,703
606,INPP4A,Inpp4a,3631,homologene,0.5237115962033704,0.4677970557308097,0.5937171398527866,0.5270096108801536,upstroke_downstroke_ratio_long_square,-0.206779868987892,4.978022762123501e-36,0.206779868987892,9,0.0628822155065293,3654,2.0822890175814504,0.7576436993962526,8.51063829787234,9,4,0.0,0.0,0.0,0.0,0.0,0.0233333333333333,,,,0.0,15,0.21230283911671927,Outside Top-500,limited,low,low,704
755,AFF3,Aff3,3899,homologene,0.4458000629673768,0.2124079915878023,0.7695846477392219,0.4043092002206905,upstroke_downstroke_ratio_long_square,-0.1007977119122631,1.7843065772022e-09,0.1007977119122631,8,0.0369677553453562,3654,2.99874452495241,1.507204888001111,9.090909090909092,10,7,0.0,0.0,0.0,0.0,0.0,0.0,,,,0.0,15,0.19639852786540485,Outside Top-500,limited,low,low,705
777,UCHL1,Uchl1,7345,homologene,0.4352606494655634,0.703732912723449,0.1519453207150367,0.3269998824487425,tau,0.2696364535330055,6.414810777357974e-61,0.2696364535330055,15,0.1015248066814966,3654,0.6728331069998295,0.1259445843828715,2.707930367504836,5,2,0.0,0.0,0.0,0.0,0.0,0.0,,,,0.0,15,0.17113564668769712,Outside Top-500,limited,low,low,706
782,NDFIP2,Ndfip2,54602,homologene,0.4306089859231046,0.7250262881177708,0.1256572029442692,0.3018356761980679,upstroke_downstroke_ratio_long_square,-0.2329117044766713,1.3978670840482351e-45,0.2329117044766713,17,0.1151518069786551,3654,0.3825792397441223,0.1928785590465066,1.3636363636363635,7,2,0.0,0.0,0.0,0.0,0.0,0.0,,,,0.0,15,0.170136698212408,Outside Top-500,limited,low,low,707
829,MAFB,Mafb,9935,homologene,0.3997522833065018,0.7386961093585699,0.0661146161934805,0.2209945921371362,upstroke_downstroke_ratio_long_square,-0.357699005996568,1.195011399287617e-109,0.357699005996568,13,0.1301140980952687,3654,0.2958669285716043,0.0,1.3539651837524178,4,2,0.0,0.0,0.0,0.0,0.0,0.0,,,,0.0,15,0.16096214511041007,Outside Top-500,limited,low,low,708
603,DCLK1,Dclk1,9201,homologene,0.5268618086311188,0.4455835962145111,0.6297318611987383,0.529715194575152,latency,0.1736432625997364,5.672025198182054e-25,0.1736432625997364,11,0.0675755004694022,3654,2.621837845503315,0.7602429309688823,8.51063829787234,9,4,0.0,0.0,0.0,0.0,0.0,0.08,,,,0.0,16,0.21506309148264985,Outside Top-500,limited,low,low,709
582,RAP1GAP,Rap1gap,5909,homologene,0.5397276134133246,0.5754468980021029,0.4967139852786541,0.5346330723242472,upstroke_downstroke_ratio_long_square,-0.1831584764635383,1.8819084495658823e-28,0.1831584764635383,15,0.0839538189954053,3654,1.2971352080932468,0.590450608061557,3.863636363636364,10,4,0.0,0.0,0.0,0.0,0.0,0.0133333333333333,,,,0.0,16,0.21443217665615139,Outside Top-500,limited,low,low,710
637,UNC80,Unc80,285175,homologene,0.5055441324982695,0.3300473186119874,0.7380389064143008,0.4935461093893492,upstroke_downstroke_ratio_long_square,-0.1385495803134573,9.1424383884545e-17,0.1385495803134573,9,0.0414098286163821,3654,3.5991960146066666,1.3091282610290649,14.313346228239846,9,6,0.0,0.0,0.0,0.0,0.0,0.0,,,,0.0,16,0.21361724500525764,Outside Top-500,limited,low,low,711
616,ACTN1,Actn1,87,homologene,0.5193140110794675,0.4242902208201893,0.6403785488958991,0.5212545979840881,tau,0.1621585628747141,2.3618622465789663e-22,0.1621585628747141,11,0.0562240818950985,3654,1.840136737705168,0.7831079464700337,6.963249516441006,10,5,0.0,0.0,0.0,0.0,0.0,0.0,,,,0.0,16,0.21293375394321767,Outside Top-500,limited,low,low,712
599,SLC38A1,Slc38a1,81539,homologene,0.5297324895980896,0.544689800210305,0.5115667718191378,0.5278685468337708,threshold_i_long_square,0.148889937110366,4.869228348895516e-19,0.148889937110366,16,0.0932592720726757,3654,1.5484632622146963,0.6123553291336052,7.045454545454546,9,3,0.0,0.0,0.0,0.0,0.0,0.0966666666666666,,,,0.0,16,0.21125131440588857,Outside Top-500,limited,low,low,713
604,SH3PXD2A,Sh3pxd2a,9644,homologene,0.5259558969529505,0.5105152471083071,0.5449526813880127,0.5274529863420396,threshold_i_long_square,0.1500195529052461,2.5924765296517777e-19,0.1500195529052461,15,0.0771078036930338,3654,2.110874130156816,1.13825921315545,6.576402321083172,9,5,0.0,0.0,0.0,0.0,0.0,0.04,,,,0.0,16,0.21109358569926395,Outside Top-500,limited,low,low,714
620,MAGED1,Maged1,9500,homologene,0.5145452673139689,0.4534700315457413,0.5912197686645636,0.51778417042894,upstroke_downstroke_ratio_long_square,0.1641209288203048,4.729751277549333e-23,0.1641209288203048,12,0.0721620997941564,3654,1.9440435008046475,0.940685535512592,8.897485493230175,9,5,0.0,0.0,0.0,0.0,0.0,0.02,,,,0.0,16,0.20893796004206097,Outside Top-500,limited,low,low,715
674,ASAP1,Asap1,50807,homologene,0.4894004812019845,0.3554153522607781,0.6637749737118822,0.4857116594273781,tau,-0.135219317376276,6.914431748759389e-16,0.135219317376276,11,0.0513582639717469,3654,2.194892420929563,1.144772564662988,6.769825918762089,10,5,0.0,0.0,0.0,0.0,0.0,0.0,,,,0.0,16,0.20383806519453204,Outside Top-500,limited,low,low,716
677,CNKSR2,Cnksr2,22866,homologene,0.4855521849949071,0.3577812828601472,0.6514195583596215,0.4827688114098672,sag,0.1365242034461124,1.1295857505889993e-15,0.1365242034461124,11,0.052631257077264,3654,2.871435479269369,0.993958939442314,8.704061895551257,9,5,0.0,0.0,0.0,0.0,0.0,0.0,,,,0.0,16,0.20184016824395376,Outside Top-500,limited,low,low,717
682,PHF20L1,Phf20l1,51105,homologene,0.481141520621912,0.3410883280757097,0.6641692954784438,0.4759625978519367,upstroke_downstroke_ratio_long_square,-0.1369845886098426,2.0341517091533776e-16,0.1369845886098426,10,0.0493580222592068,3654,2.6636943837481675,1.0666301198954635,10.638297872340424,9,6,0.0,0.0,0.0,0.0,0.0,0.0,,,,0.0,16,0.2010515247108307,Outside Top-500,limited,low,low,718
634,NLK,Nlk,51701,homologene,0.5073831446316465,0.6004206098843322,0.3982649842271293,0.4890056285210089,upstroke_downstroke_ratio_long_square,-0.2405141238534782,1.3614815590451263e-48,0.2405141238534782,13,0.0890668107942449,3654,1.1633068239828597,0.605246059225107,4.448742746615087,9,4,0.0,0.0,0.0,0.0,0.0,0.0066666666666666,,,,0.0,16,0.1997371188222923,Outside Top-500,limited,low,low,719
636,CELF2,Celf2,10659,homologene,0.5058598317965747,0.6503680336487907,0.3402996845425867,0.4704466353235677,fast_trough_v_long_square,-0.2741388332407009,9.61384640924302e-63,0.2741388332407009,13,0.1037718019657308,3654,0.9362224968335392,0.6445528156054472,3.481624758220503,9,3,0.0,0.0,0.0,0.0,0.0,0.0233333333333333,,,,0.0,16,0.19813354363827548,Outside Top-500,limited,low,low,720
738,ADD2,Add2,119,homologene,0.4529179810725552,0.2430336487907466,0.7393533123028391,0.4238958990536277,tau,0.1007961840084425,2.302972996018035e-09,0.1007961840084425,10,0.0400358184602581,3654,2.3905083648419603,1.1883821397914525,9.318181818181818,10,6,0.0,0.0,0.0,0.0,0.0,0.0,,,,0.0,16,0.19647739221871713,Outside Top-500,limited,low,low,721
659,LSAMP,Lsamp,4045,homologene,0.4953306822857172,0.6090956887486856,0.3633017875920084,0.4704099834580288,upstroke_downstroke_ratio_long_square,-0.2452428904778837,1.6090414431639998e-50,0.2452428904778837,13,0.0911610013435805,3654,1.2161279714159237,0.5661364923037482,3.288201160541586,9,4,0.0,0.0,0.0,0.0,0.0,0.0533333333333333,,,,0.0,16,0.1944794952681388,Outside Top-500,limited,low,low,722
668,FHL1,Fhl1,2273,homologene,0.4911872737913665,0.6621976866456362,0.2981072555205047,0.4443038768432679,threshold_i_long_square,-0.2127485989730417,7.074347687458142e-38,0.2127485989730417,16,0.1093288072804848,3654,0.9839100908567822,0.2888318356867779,5.029013539651838,7,3,0.0,0.0,0.0,0.0,0.0,0.0166666666666666,,,,0.0,16,0.1920609884332282,Outside Top-500,limited,low,low,723
670,RNF157,Rnf157,114804,homologene,0.4908142460886316,0.6950578338590957,0.2639327024185068,0.4283088750278059,upstroke_downstroke_ratio_long_square,-0.2627955070049869,4.86655936594917e-58,0.2627955070049869,15,0.1104153047396266,3654,0.9442749420080344,0.5607555001205362,2.9013539651837523,8,3,0.0,0.0,0.0,0.0,0.0,0.0333333333333333,,,,0.0,16,0.19179810725552052,Outside Top-500,limited,low,low,724
683,GLCCI1,Glcci1,113263,homologene,0.4810762693683951,0.7000525762355415,0.2401419558359621,0.4100146275990735,upstroke_downstroke_ratio_long_square,-0.2664056280182862,1.1670054694367217e-59,0.2664056280182862,15,0.1033945861355098,3654,1.0120462466540696,0.46694686972654,3.1818181818181817,7,4,0.0,0.0,0.0,0.0,0.0,0.0166666666666666,,,,0.0,16,0.1880389064143007,Outside Top-500,limited,low,low,725
840,GRIA2,Gria2,2891,homologene,0.3944791054776674,0.1494479495268138,0.744348054679285,0.3335285452642575,threshold_i_long_square,-0.0845886650433924,5.8292690397384e-07,0.0845886650433924,7,0.0377555824141181,3654,3.6738281545643305,1.1752889356793956,14.545454545454543,9,6,0.0,0.0,0.0,0.0,0.0,0.0,,,,0.0,16,0.17875920084121977,Outside Top-500,limited,low,low,726
919,AKAP11,Akap11,11215,homologene,0.3402422295117105,0.064931650893796,0.7615667718191378,0.2223730823640205,threshold_v_short_square,0.0534442233810644,0.0034002738353342,0.0534442233810644,6,0.0258692083459248,3654,2.7112646966080503,1.1135344350924616,9.67117988394584,10,6,0.0,0.0,0.0,0.0,0.0,0.0,,,,0.0,16,0.16529968454258676,Outside Top-500,limited,low,low,727
942,POSTN,Postn,10631,homologene,0.3225979528250079,0.0432439537329127,0.7623554153522608,0.1815688913595295,vrest,0.0466493622913461,0.0131176160597166,0.0466493622913461,5,0.0216236388985276,3654,3.1023292387655386,1.0647320923710222,8.51063829787234,10,6,0.0,0.0,0.0,0.0,0.0,0.0,,,,0.0,16,0.1611198738170347,Outside Top-500,limited,low,low,728
625,ITGB8,Itgb8,3696,homologene,0.5110752918556478,0.4129863301787592,0.6363038906414301,0.5126254077535279,fast_trough_v_long_square,0.1465326930877913,2.093002837022575e-18,0.1465326930877913,12,0.0574510146270067,3654,1.9056057421397576,0.6571633620871621,6.590909090909091,10,4,0.0,0.0,0.0,0.0,0.0,0.0,,,,0.0,17,0.20985804416403786,Outside Top-500,limited,low,low,729
605,ARHGAP26,Arhgap26,23092,homologene,0.5249924585398736,0.5550736067297581,0.4886961093585699,0.5208284861799148,upstroke_downstroke_ratio_long_square,-0.2573811449427389,1.1806571901753103e-55,0.2573811449427389,10,0.0774649692297298,3654,1.598136261622912,0.4830333826844529,5.996131528046422,9,3,0.0,0.0,0.0,0.0,0.0,0.05,,,,0.0,17,0.20875394321766558,Outside Top-500,limited,low,low,730
633,LDB2,Ldb2,9079,homologene,0.5078218490219318,0.4237644584647739,0.614484752891693,0.5102908960034548,adaptation,0.1500245501645101,3.377221478255421e-19,0.1500245501645101,12,0.0797836323698423,3654,1.8117861805317383,0.7014684457115306,6.136363636363637,10,4,0.0,0.0,0.0,0.0,0.0,0.0,,,,0.0,17,0.2076498422712934,Outside Top-500,limited,low,low,731
608,DNM1,Dnm1,1759,homologene,0.5220183898263742,0.5662460567823344,0.4689800210304942,0.5153232845682539,upstroke_downstroke_ratio_long_square,-0.2146139541648705,9.215249297205172e-39,0.2146139541648705,13,0.0913417411726612,3654,1.6850008818749445,0.9728214895014674,5.029013539651838,9,5,0.0,0.0,0.0,0.0,0.0,0.04,,,,0.0,17,0.20704521556256572,Outside Top-500,limited,low,low,732
672,INPP5F,Inpp5f,22876,homologene,0.4906293449705851,0.3276813880126183,0.7057045215562566,0.4808806891010855,upstroke_downstroke_ratio_long_square,-0.1492336310222062,2.965521656694201e-19,0.1492336310222062,7,0.0468213016197606,3654,2.3075554454458294,1.0913548979584515,7.93036750483559,10,5,0.0,0.0,0.0,0.0,0.0,0.0,,,,0.0,17,0.206677181913775,Outside Top-500,limited,low,low,733
630,APLP2,Aplp2,334,homologene,0.5089481489482051,0.4860672975814932,0.5371976866456362,0.5109933735528027,upstroke_downstroke_ratio_long_square,0.1684395129402121,3.2201861461580123e-24,0.1684395129402121,13,0.0691146206320743,3654,1.4925756445484946,1.062437555408581,4.448742746615087,10,6,0.0,0.0,0.0,0.0,0.0,0.0,,,,0.0,17,0.20465299684542587,Outside Top-500,limited,low,low,734
623,SHC3,Shc3,53358,homologene,0.5116759943935245,0.5268138801261829,0.4932965299684542,0.5097798142389156,threshold_i_long_square,0.142931390008767,1.218283909626098e-17,0.142931390008767,16,0.0820003005711562,3654,1.5895298277351289,0.3531037436645285,6.363636363636363,9,3,0.0,0.0,0.0,0.0,0.0,0.0066666666666666,,,,0.0,17,0.20402208201892744,Outside Top-500,limited,low,low,735
638,PDE7B,Pde7b,27115,homologene,0.5051986636974475,0.5124868559411145,0.4963196635120925,0.5043384814735677,upstroke_downstroke_ratio_long_square,0.2271385896876193,2.3099575750593883e-43,0.2271385896876193,10,0.0688397009641319,3654,1.5090884977643495,0.4738821381214269,6.590909090909091,9,3,0.0,0.0,0.0,0.0,0.0,0.0033333333333333,,,,0.0,17,0.2017613038906414,Outside Top-500,limited,low,low,736
655,AMPH,Amph,273,homologene,0.4987047952051334,0.4532071503680336,0.5554679284963197,0.5017390128290321,tau,-0.1424393696144751,1.6555607615026684e-17,0.1424393696144751,14,0.0722984546392278,3654,2.680773262809455,1.138076684117497,7.543520309477756,8,5,0.0,0.0,0.0,0.0,0.0,0.0066666666666666,,,,0.0,17,0.20173501577287065,Outside Top-500,limited,low,low,737
681,ADAM22,Adam22,53616,homologene,0.4825428295697652,0.352260778128286,0.6519453207150369,0.4792230858088682,adaptation,-0.092621492230733,5.1761596655553924e-08,0.092621492230733,15,0.0561194017054725,3654,2.675216723320001,1.144772564662988,9.545454545454543,9,5,0.0,0.0,0.0,0.0,0.0,0.0,,,,0.0,17,0.20084121976866456,Outside Top-500,limited,low,low,738
635,LINGO1,Lingo1,84894,homologene,0.5063532657627886,0.5704521556256572,0.430205047318612,0.4953901458486433,tau,0.2007221226158729,8.66682101748078e-34,0.2007221226158729,14,0.0788386070134105,3654,1.5689395463471634,0.6841879085336892,6.189555125725338,8,4,0.0,0.0,0.0,0.0,0.0,0.0266666666666666,,,,0.0,17,0.20013144058885385,Outside Top-500,limited,low,low,739
660,APP,App,351,homologene,0.495234463434603,0.4576761303890642,0.5419295478443743,0.4980243150699657,ri,0.1772241802125617,1.6583753553167762e-26,0.1772241802125617,11,0.0667793778111362,3654,1.9363461409076037,0.8496586657291783,6.963249516441006,9,5,0.0,0.0,0.0,0.0,0.0,0.0,,,,0.0,17,0.1999211356466877,Outside Top-500,limited,low,low,740
656,KCNJ6,Kcnj6,3763,homologene,0.4983031654058883,0.4960567823343849,0.5010515247108307,0.4985478985331221,tau,-0.187198296274948,1.6990342985237273e-29,0.187198296274948,12,0.0737349208206522,3654,1.3782299799804123,0.5312187777042905,7.272727272727272,9,4,0.0,0.0,0.0,0.0,0.0,0.0066666666666666,,,,0.0,17,0.1994216614090431,Outside Top-500,limited,low,low,741
719,SRGAP1,Srgap1,57522,homologene,0.4623642316703971,0.2648527865404836,0.7293638275499474,0.4395156904234891,threshold_v_short_square,0.116296102972546,2.8819679997365213e-11,0.116296102972546,9,0.0491038416824235,3654,2.6747528315204785,1.6320811338320709,8.123791102514506,10,7,0.0,0.0,0.0,0.0,0.0,0.0,,,,0.0,17,0.1988433228180862,Outside Top-500,limited,low,low,742
739,ATP8B1,Atp8b1,5205,homologene,0.4524023521120655,0.2446109358569926,0.7356729758149316,0.4242094472059635,upstroke_downstroke_ratio_long_square,0.1181875281574286,1.5223339660942226e-12,0.1181875281574286,7,0.0385240118437841,3654,2.47146235230234,0.9124445135093135,8.897485493230175,10,5,0.0,0.0,0.0,0.0,0.0,0.0,,,,0.0,17,0.19605678233438484,Outside Top-500,limited,low,low,743
662,ARNT2,Arnt2,9915,homologene,0.4946324515309936,0.581230283911672,0.392875920084122,0.4778612587064927,upstroke_downstroke_ratio_long_square,-0.1865750518354469,1.7406451262886086e-29,0.1865750518354469,15,0.0757597243612714,3654,1.4663646011647893,0.7905852208966869,5.222437137330754,8,5,0.0,0.0,0.0,0.0,0.0,0.0066666666666666,,,,0.0,17,0.1948212407991588,Outside Top-500,limited,low,low,744
671,TFDP2,Tfdp2,7029,homologene,0.4907028391738275,0.6293375394321766,0.3317560462670872,0.4569316511793378,upstroke_downstroke_ratio_long_square,-0.2409003224754324,9.545718397247372e-49,0.2409003224754324,14,0.0943938090053438,3654,0.9409807591730706,0.313561845170864,5.029013539651838,8,3,0.0,0.0,0.0,0.0,0.0,0.0066666666666666,,,,0.0,17,0.19221871713985278,Outside Top-500,limited,low,low,745
686,WASF1,Wasf1,8936,homologene,0.4800933111104782,0.602260778128286,0.3391167192429021,0.4519255460886691,tau,0.1983267533434933,5.2905897333374546e-33,0.1983267533434933,15,0.0916346013825414,3654,1.0959806770571106,0.5138511849235381,2.9013539651837523,9,4,0.0,0.0,0.0,0.0,0.0,0.0033333333333333,,,,0.0,17,0.18827549947423763,Outside Top-500,limited,low,low,746
685,KAZN,Kazn,23254,homologene,0.4805417125819138,0.632229232386961,0.3079652996845425,0.4412535155909568,avg_isi,-0.2177592745145716,2.2968647859088114e-39,0.2177592745145716,15,0.1131347048367204,3654,1.220528044831743,0.7382999135164767,3.3707865168539324,8,5,0.0,0.0,0.0,0.0,0.0,0.0233333333333333,,,,0.0,17,0.1880389064143007,Outside Top-500,limited,low,low,747
689,NDRG4,Ndrg4,65009,homologene,0.4778252994015293,0.6711356466876971,0.2624868559411146,0.4197192940633779,upstroke_downstroke_ratio_long_square,-0.2184714201892378,3.819774795333283e-40,0.2184714201892378,16,0.127959437213536,3654,0.8677549571744627,0.4464416979486224,3.1818181818181817,8,3,0.0,0.0,0.0,0.0,0.0,0.0033333333333333,,,,0.0,17,0.18672450052576234,Outside Top-500,limited,low,low,748
697,CACNG2,Cacng2,10369,homologene,0.4733638378010314,0.5846477392218717,0.3443743427970557,0.4487066758610981,threshold_i_long_square,0.1881338900514992,8.924509458703074e-30,0.1881338900514992,15,0.105690641172077,3654,1.0010907226644352,0.6935852818399479,3.409090909090909,9,4,0.0,0.0,0.0,0.0,0.0,0.0,,,,0.0,17,0.18580441640378548,Outside Top-500,limited,low,low,749
707,RAB3C,Rab3c,115827,homologene,0.4675602369466012,0.6732386961093586,0.2404048370136698,0.4023056537130269,upstroke_downstroke_ratio_long_square,0.2896354309888274,1.0587641519287274e-70,0.2896354309888274,13,0.0897971210537556,3654,0.821639837431408,0.2271591592816569,2.621722846441948,8,3,0.0,0.0,0.0,0.0,0.0,0.01,,,,0.0,17,0.18272870662460566,Outside Top-500,limited,low,low,750
766,MDH1,Mdh1,4190,homologene,0.4428670325023948,0.6750788643533122,0.1917718191377497,0.3598070342259596,threshold_i_long_square,0.1977327093927926,8.651323952483779e-33,0.1977327093927926,17,0.1255945040709046,3654,0.7292602958979592,0.2419275204897797,2.514506769825919,7,3,0.0,0.0,0.0,0.0,0.0,0.0,,,,0.0,17,0.17337013669821238,Outside Top-500,limited,low,low,751
824,FAM168A,Fam168a,23201,homologene,0.4028322343948164,0.6832281808622502,0.1134332281808622,0.2783896157175103,upstroke_downstroke_ratio_long_square,-0.254650902364317,1.7826322771833608e-54,0.254650902364317,15,0.1114761690600377,3654,0.4224602985979636,0.142506609652065,1.7408123791102514,6,1,0.0,0.0,0.0,0.0,0.0,0.0,,,,0.0,17,0.1593322818086225,Outside Top-500,limited,low,low,752
834,BEX4,Bex4,56271,homologene,0.3974564777376634,0.6853312302839116,0.1027865404837013,0.2654106747030386,upstroke_downstroke_ratio_long_square,0.2299042877052874,2.0432856159468018e-44,0.2299042877052874,16,0.1111197882518308,3654,0.324088042924317,0.0938086303939962,2.127659574468085,5,1,0.0,0.0,0.0,0.0,0.0,0.0,,,,0.0,17,0.15762355415352258,Outside Top-500,limited,low,low,753
629,ZYG11B,Zyg11b,79699,homologene,0.5095666608567635,0.5331230283911672,0.4810725552050472,0.5064295187948583,upstroke_downstroke_ratio_long_square,-0.1613693004536029,2.5485685587319333e-22,0.1613693004536029,15,0.0709383765235101,3654,1.2609682953177694,0.7498638067872287,3.481624758220503,10,5,0.0,0.0,0.0,0.0,0.0,0.0,,,,0.0,18,0.20283911671924287,Outside Top-500,limited,low,low,754
666,SYN3,Syn3,8224,homologene,0.4924577736449511,0.4479495268138801,0.5479758149316508,0.4954447567631364,tau,0.1739927787238919,1.3348287677545322e-25,0.1739927787238919,11,0.0680984590729298,3654,1.593715628970878,0.8861875153517538,4.448742746615087,10,5,0.0,0.0,0.0,0.0,0.0,0.0,,,,0.0,18,0.19918506834910618,Outside Top-500,limited,low,low,755
658,WIF1,Wif1,11197,homologene,0.4971975745320215,0.5102523659305993,0.481335436382755,0.4955830356464376,tau,-0.1671822335909525,1.0462719076961141e-23,0.1671822335909525,14,0.072623628956728,3654,1.2299890740521966,0.6401637738245647,3.636363636363636,10,4,0.0,0.0,0.0,0.0,0.0,0.0,,,,0.0,18,0.19831756046267085,Outside Top-500,limited,low,low,756
651,SLC22A17,Slc22a17,51310,homologene,0.499962639857791,0.546267087276551,0.4445320715036803,0.4927811277852744,ri,0.2018715382480232,3.914830364731714e-34,0.2018715382480232,13,0.0752780926257114,3654,0.8914136008373301,0.4562222567546568,3.636363636363636,10,2,0.0,0.0,0.0,0.0,0.0,0.0,,,,0.0,18,0.1981598317560463,Outside Top-500,limited,low,low,757
652,GIT2,Git2,9815,homologene,0.4993006466768266,0.5494216614090431,0.4394058885383806,0.49134419027162,upstroke_downstroke_ratio_long_square,-0.1875028619803677,9.0466357390396e-30,0.1875028619803677,14,0.0701060871861685,3654,1.4880743715094025,0.4817587587361183,4.7727272727272725,9,3,0.0,0.0,0.0,0.0,0.0,0.0,,,,0.0,18,0.19776550998948475,Outside Top-500,limited,low,low,758
673,SYT4,Syt4,6860,homologene,0.4894313997509645,0.4666140904311251,0.5176130389064143,0.491452477198566,tau,0.1706621083082112,1.1536636565401767e-24,0.1706621083082112,12,0.0639235419939533,3654,1.966919395574105,0.810548386642838,5.909090909090909,9,5,0.0,0.0,0.0,0.0,0.0,0.0033333333333333,,,,0.0,18,0.1968454258675079,Outside Top-500,limited,low,low,759
701,PRKCB,Prkcb,5579,homologene,0.4696975623249495,0.3307045215562565,0.6515509989484752,0.4641883899633386,threshold_i_long_square,0.1244859271573033,1.124755314718102e-13,0.1244859271573033,11,0.0591382441629224,3654,2.8506256018068297,1.49014357200996,8.863636363636363,9,6,0.0,0.0,0.0,0.0,0.0,0.0,,,,0.0,18,0.19645110410094635,Outside Top-500,limited,low,low,760
688,DLGAP4,Dlgap4,22839,homologene,0.4778290242004939,0.3956361724500525,0.5822818086225027,0.4799705679004713,tau,-0.131992553341471,3.3879952155629472e-15,0.131992553341471,13,0.064068446238541,3654,2.4217621191666536,1.3160002990909772,7.045454545454546,9,5,0.0,0.0,0.0,0.0,0.0,0.0,,,,0.0,18,0.19558359621451102,Outside Top-500,limited,low,low,761
690,BICD1,Bicd1,636,homologene,0.4775991661068363,0.4086487907465825,0.5646687697160884,0.4803657043512161,upstroke_downstroke_ratio_long_square,-0.1731229249774294,1.5875184326427251e-25,0.1731229249774294,9,0.050936102790266,3654,1.714276403838547,0.6814774778449708,4.642166344294004,10,4,0.0,0.0,0.0,0.0,0.0,0.0,,,,0.0,18,0.19466351209253419,Outside Top-500,limited,low,low,762
750,NRCAM,Nrcam,4897,homologene,0.4477344599848965,0.2517087276550999,0.713459516298633,0.4237735091779002,sag,-0.1047320962357506,1.3492971719077383e-09,0.1047320962357506,10,0.0409220625713849,3654,2.823471363617407,1.1215110002410724,7.156673114119923,10,6,0.0,0.0,0.0,0.0,0.0,0.0,,,,0.0,18,0.19303364879074658,Outside Top-500,limited,low,low,763
758,DZIP3,Dzip3,9666,homologene,0.4446953808529386,0.2434279705573081,0.7185856992639327,0.4182389967988676,threshold_i_long_square,-0.0839583596051843,7.095005741135258e-07,0.0839583596051843,12,0.044650776124779,3654,2.757524408021495,1.3143267241743242,7.350096711798839,10,6,0.0,0.0,0.0,0.0,0.0,0.0,,,,0.0,18,0.19240273396424817,Outside Top-500,limited,low,low,764
692,TAOK3,Taok3,51347,homologene,0.4762344031253826,0.5549421661409043,0.3835436382754995,0.4613507748277541,upstroke_downstroke_ratio_long_square,-0.2073750587572756,3.110050061757753e-36,0.2073750587572756,13,0.0761138877886999,3654,1.4784759714397262,0.7530682747245996,4.835589941972921,8,4,0.0,0.0,0.0,0.0,0.0,0.0066666666666666,,,,0.0,18,0.18769716088328076,Outside Top-500,limited,low,low,765
694,MLLT3,Mllt3,4300,homologene,0.4741430046467045,0.5502103049421662,0.3844637223974763,0.4599303229180652,tau,0.2199819344942513,1.776765739557775e-40,0.2199819344942513,12,0.0779344471134004,3654,1.2123759142666812,0.7956071313058053,3.8684719535783367,9,5,0.0,0.0,0.0,0.0,0.0,0.0,,,,0.0,18,0.18693480546792848,Outside Top-500,limited,low,low,766
698,MAPK10,Mapk10,5602,homologene,0.4730797520388093,0.5623028391167192,0.3685594111461619,0.4552384026756453,upstroke_downstroke_ratio_long_square,-0.211420234559854,1.2412045778702356e-37,0.211420234559854,13,0.0811557115506406,3654,1.3440976589534297,0.6076598153175343,4.835589941972921,8,4,0.0,0.0,0.0,0.0,0.0,0.0,,,,0.0,18,0.18617245005257624,Outside Top-500,limited,low,low,767
693,GNAO1,Gnao1,2775,homologene,0.4753612286663572,0.6227655099894847,0.3074395373291272,0.4375645555294729,upstroke_downstroke_ratio_long_square,0.2090238998247221,8.507488028544577e-37,0.2090238998247221,15,0.0932954633103417,3654,1.0392976899368302,0.6362486422570843,3.8684719535783367,8,4,0.0,0.0,0.0,0.0,0.0,0.0066666666666666,,,,0.0,18,0.18604100946372237,Outside Top-500,limited,low,low,768
702,TMEM59L,Tmem59l,25789,homologene,0.4694579699461693,0.5975289169295478,0.3222923238696109,0.4388382198675449,threshold_i_long_square,-0.1954586028936239,4.6248270167677646e-32,0.1954586028936239,15,0.0883422535019078,3654,0.9369787732256014,0.6076598153175343,2.9013539651837523,9,4,0.0,0.0,0.0,0.0,0.0,0.0,,,,0.0,18,0.18396424815983173,Outside Top-500,limited,low,low,769
711,CHGA,Chga,1113,homologene,0.4656985521877495,0.667192429022082,0.2427707676130389,0.402460952316245,tau,0.2431120513939166,2.0649936305212043e-49,0.2431120513939166,15,0.0961799919833708,3654,0.9344061163965732,0.2778930201284674,3.481624758220503,7,4,0.0,0.0,0.0,0.0,0.0,0.0066666666666666,,,,0.0,18,0.1819926393270242,Outside Top-500,limited,low,low,770
713,RNF150,Rnf150,57484,homologene,0.4652413717009266,0.6274973711882229,0.2820715036803365,0.420712641890543,threshold_i_long_square,0.1917136080443384,6.923200536791686e-31,0.1917136080443384,16,0.1093608171972664,3654,1.0631425298721295,0.3204971135657509,3.094777562862669,8,4,0.0,0.0,0.0,0.0,0.0,0.01,,,,0.0,18,0.1819137749737119,Outside Top-500,limited,low,low,771
720,VGLL4,Vgll4,9686,homologene,0.4620558252460407,0.6298633017875921,0.2732649842271293,0.4148729748106449,upstroke_downstroke_ratio_long_square,0.2409578780303077,9.106953021089868e-49,0.2409578780303077,14,0.0982896421386441,3654,0.7576296804997875,0.4674468176420938,1.9342359767891684,9,3,0.0,0.0,0.0,0.0,0.0,0.0,,,,0.0,18,0.18062565720294427,Outside Top-500,limited,low,low,772
730,OPTN,Optn,10133,homologene,0.4584667255666809,0.6345951629863302,0.26130389064143,0.4072127024916591,upstroke_downstroke_ratio_long_square,-0.2806065184958805,2.839365218637924e-66,0.2806065184958805,12,0.0842835581360125,3654,1.0346927112927151,0.5386960521309438,3.67504835589942,7,4,0.0,0.0,0.0,0.0,0.0,0.0,,,,0.0,18,0.17917981072555206,Outside Top-500,limited,low,low,773
836,DSE,Dse,29940,homologene,0.3956952291755466,0.1641692954784437,0.7226603575184017,0.3444396053940317,peak_v_long_square,0.0709219590476619,4.7640776818421605e-05,0.0709219590476619,10,0.039530494690707,3654,2.4337363857102057,0.8937812203155939,8.409090909090908,10,5,0.0,0.0,0.0,0.0,0.0,0.0,,,,0.0,18,0.1773659305993691,Outside Top-500,limited,low,low,774
767,KCNMB4,Kcnmb4,27345,homologene,0.4425140636186455,0.6685068349106205,0.1972923238696109,0.3631683727725125,tau,0.2686904300368372,1.7415958098348634e-60,0.2686904300368372,14,0.092977582061199,3654,0.7598565442678169,0.5443472767830704,2.707930367504836,7,3,0.0,0.0,0.0,0.0,0.0,0.0,,,,0.0,18,0.17315983175604627,Outside Top-500,limited,low,low,775
874,UGGT2,Uggt2,55757,homologene,0.3748423608991655,0.1310462670872765,0.7262092534174553,0.3084915100689086,threshold_i_long_square,-0.0767887892042597,6.055949845323541e-06,0.0767887892042597,7,0.0316137073890604,3654,2.878479442712517,1.4498412066200594,7.350096711798839,10,6,0.0,0.0,0.0,0.0,0.0,0.0,,,,0.0,18,0.17145110410094638,Outside Top-500,limited,low,low,776
823,DLX1,Dlx1,1745,homologene,0.4031756681371832,0.6750788643533122,0.1207939011566771,0.2855615688667784,upstroke_downstroke_ratio_long_square,0.2479535767393087,1.2223200129336906e-51,0.2479535767393087,15,0.1020479121556373,3654,0.3672250119015598,0.1894109248490631,1.3539651837524178,7,2,0.0,0.0,0.0,0.0,0.0,0.0,,,,0.0,18,0.15917455310199785,Outside Top-500,limited,low,low,777
958,ROBO3,Robo3,64221,homologene,0.3139724652169272,0.0448212407991587,0.7356729758149316,0.181586826610398,tau,-0.0499702546723821,0.0037732298118382,0.0499702546723821,4,0.0178622524034089,3654,2.883219550898501,1.6028071824561778,7.727272727272727,10,6,0.0,0.0,0.0,0.0,0.0,0.0,,,,0.0,18,0.15609884332281806,Outside Top-500,limited,low,low,778
632,PDE4D,Pde4d,5144,same-symbol,0.5078582767151893,0.530757097791798,0.4801524710830704,0.5048210891490278,threshold_i_short_square,-0.1769294264237466,3.988902853803056e-26,0.1769294264237466,14,0.0536184762612746,3654,1.620705679213892,1.0996050547156175,5.609284332688588,9,6,0.0,0.0,0.0,0.0,0.0,0.0033333333333333,,,,0.0,19,0.2021819137749737,Outside Top-500,limited,low,low,779
679,PTPN5,Ptpn5,84867,homologene,0.4836166984814118,0.4574132492113564,0.5160357518401683,0.4858411159612127,ri,0.1666643210747495,1.503517044386042e-23,0.1666643210747495,12,0.0683013821288848,3654,1.9552174549970975,0.686052902516624,5.909090909090909,9,4,0.0,0.0,0.0,0.0,0.0,0.0,,,,0.0,19,0.19468980021030494,Outside Top-500,limited,low,low,780
703,ATP2B1,Atp2b1,490,homologene,0.4692541078007865,0.390378548895899,0.5694006309148265,0.4714676998872132,tau,-0.1302946848704118,7.689211936529026e-15,0.1302946848704118,13,0.0635305402999299,3654,2.095409451159339,1.2653729987958229,7.350096711798839,9,6,0.0,0.0,0.0,0.0,0.0,0.0,,,,0.0,19,0.1919558359621451,Outside Top-500,limited,low,low,781
706,SYT14,Syt14,255928,homologene,0.4684673724481094,0.388801261829653,0.5696635120925342,0.470622876961893,tau,0.1464242307122745,1.9774658821808355e-18,0.1464242307122745,11,0.0493108373954523,3654,1.5851840378915312,0.6076598153175343,5.222437137330754,10,4,0.0,0.0,0.0,0.0,0.0,0.0,,,,0.0,19,0.19169295478443743,Outside Top-500,limited,low,low,782
760,LARP1,Larp1,23367,homologene,0.444172769957112,0.2493427970557308,0.7083333333333334,0.4202592230768323,upstroke_downstroke_ratio_long_square,-0.1077031202025123,1.2478501943224723e-10,0.1077031202025123,9,0.0418463924207711,3654,2.334357046644936,1.1778063430702124,7.93036750483559,10,5,0.0,0.0,0.0,0.0,0.0,0.0,,,,0.0,19,0.19153522607781284,Outside Top-500,limited,low,low,783
709,RTN3,Rtn3,10313,homologene,0.466719736898068,0.3807833859095688,0.5762355415352262,0.4684238685071645,tau,0.1433708356223105,1.0088857078626973e-17,0.1433708356223105,11,0.0601709783271172,3654,2.0696789407234912,0.8400851090590837,7.727272727272727,9,5,0.0,0.0,0.0,0.0,0.0,0.0,,,,0.0,19,0.19140378548895898,Outside Top-500,limited,low,low,784
678,ST8SIA3,St8sia3,51046,homologene,0.4840966965214983,0.5491587802313355,0.4069400630914826,0.472731116676892,tau,0.2031097144683351,1.395772512646225e-34,0.2031097144683351,13,0.0912662367806237,3654,1.592011942435145,0.3531037436645285,6.590909090909091,7,4,0.0,0.0,0.0,0.0,0.0,0.01,,,,0.0,19,0.19121976866456364,Outside Top-500,limited,low,low,785
740,PLEKHA6,Plekha6,22874,same-symbol,0.4519446301518154,0.3012618296529968,0.6508937960042062,0.4428198910324734,upstroke_downstroke_ratio_long_square,-0.104673864831166,4.1018152590946714e-10,0.104673864831166,12,0.0623203255514259,3654,2.7690116023344737,1.2394790194753331,9.090909090909092,9,7,0.0,0.0,0.0,0.0,0.0,0.0,,,,0.0,19,0.19043112513144062,Outside Top-500,limited,low,low,786
736,SYT1,Syt1,6857,homologene,0.4545007127086221,0.3158517350157728,0.6363038906414301,0.4483053511351189,tau,0.12847972764442,1.819716093838701e-14,0.12847972764442,10,0.0486303990704062,3654,1.5347641076125782,0.46694686972654,7.727272727272727,10,4,0.0,0.0,0.0,0.0,0.0,0.0,,,,0.0,19,0.1904311251314406,Outside Top-500,limited,low,low,787
712,CEP112,Cep112,201134,homologene,0.4655326706842263,0.4148264984227128,0.5290483701366983,0.4684690842308058,threshold_i_short_square,0.138777629130958,1.7386926992655179e-16,0.138777629130958,13,0.0527597877377132,3654,2.0228104219496346,0.93389373945308,6.189555125725338,9,5,0.0,0.0,0.0,0.0,0.0,0.0,,,,0.0,19,0.1887749737118822,Outside Top-500,limited,low,low,788
779,RABGAP1,Rabgap1,23637,homologene,0.4346104733447721,0.2510515247108307,0.6824395373291273,0.4139172457985186,upstroke_downstroke_ratio_long_square,-0.1137957087662231,1.0084070593080787e-11,0.1137957087662231,8,0.0343531261015914,3654,1.9440305747135471,0.5607555001205362,8.317214700193423,10,4,0.0,0.0,0.0,0.0,0.0,0.0,,,,0.0,19,0.18669821240799161,Outside Top-500,limited,low,low,789
718,CAMKK2,Camkk2,10645,homologene,0.462372306227187,0.6048895899053628,0.2999474237644584,0.4259519622610668,threshold_i_short_square,0.2015560133752595,1.1051435949404246e-33,0.2015560133752595,15,0.096395825097371,3654,1.0392858900758324,0.4562222567546568,3.67504835589942,8,3,0.0,0.0,0.0,0.0,0.0,0.0,,,,0.0,19,0.18096740273396422,Outside Top-500,limited,low,low,790
820,SNTG1,Sntg1,54212,homologene,0.4044624127591099,0.1846740273396424,0.7110935856992638,0.362381727307642,fast_trough_v_long_square,0.0859435191246058,3.9894962172715593e-07,0.0859435191246058,9,0.0417885486389071,3654,3.246354403017204,0.9957526035033848,12.190812720848056,9,5,0.0,0.0,0.0,0.0,0.0,0.0,,,,0.0,19,0.17915352260778125,Outside Top-500,limited,low,low,791
762,MAPRE2,Mapre2,10982,same-symbol,0.4438516256328556,0.6227655099894848,0.2444794952681388,0.3901966139686944,upstroke_downstroke_ratio_long_square,-0.1876696593161816,8.067875930194979e-30,0.1876696593161816,16,0.1017878667674631,3654,0.5956947215503098,0.3678830341398158,1.3636363636363635,9,3,0.0,0.0,0.0,0.0,0.0,0.0,,,,0.0,19,0.17344900105152472,Outside Top-500,limited,low,low,792
938,CLTC,Cltc,1213,homologene,0.3267807187639961,0.0679547844374342,0.7199001051524712,0.2211801448189291,upstroke_downstroke_ratio_long_square,-0.0617122645998147,0.0002572091393069,0.0617122645998147,4,0.0237373327562529,3654,2.512994691122274,1.0746066850440743,8.123791102514506,10,6,0.0,0.0,0.0,0.0,0.0,0.0,,,,0.0,19,0.15757097791798108,Outside Top-500,limited,low,low,793
973,SEZ6L2,Sez6l2,26470,homologene,0.3014679716491314,0.0318086225026288,0.7331756046267087,0.1527131495180019,f_i_curve_slope,0.0480268772808764,0.0054978138542185,0.0480268772808764,2,0.0198844630131341,3654,2.653312747572685,1.4402713085571957,8.409090909090908,10,6,0.0,0.0,0.0,0.0,0.0,0.0,,,,0.0,19,0.1529968454258675,Outside Top-500,limited,low,low,794
863,SNCG,Sncg,6623,homologene,0.381155149546082,0.6703470031545741,0.0881966351209253,0.243150879170999,upstroke_downstroke_ratio_long_square,0.1949293979796383,4.212032042828068e-32,0.1949293979796383,17,0.0945338429046687,3654,0.3242475162579085,0.0,1.9342359767891684,4,1,0.0,0.0,0.0,0.0,0.0,0.0,,,,0.0,19,0.15170872765509988,Outside Top-500,limited,low,low,795
869,NUDT4,Nudt4,11163,homologene,0.3791227750272751,0.629074658254469,0.1184279705573081,0.2729469455885317,upstroke_downstroke_ratio_long_square,-0.1919196416846924,3.845268171387032e-31,0.1919196416846924,16,0.0931989357834424,3654,0.3954116534142223,0.1352435378118391,1.9342359767891684,6,2,0.0,0.0,0.0,0.0,0.0,0.0,,,,0.0,19,0.14950052576235542,Outside Top-500,limited,low,low,796
687,ABLIM2,Ablim2,84448,homologene,0.4782313562359737,0.4810725552050472,0.4747634069400631,0.4779075698234019,upstroke_downstroke_ratio_long_square,-0.1659433710972569,1.5315852772674985e-23,0.1659433710972569,13,0.0793026793381639,3654,1.7774263035781774,0.5661364923037482,7.045454545454546,8,3,0.0,0.0,0.0,0.0,0.0,0.0,,,,0.0,20,0.19116719242902205,Outside Top-500,limited,low,low,797
695,ATP6AP1,Atp6ap1,537,homologene,0.4739935287712206,0.5310199789695057,0.4061514195583596,0.4644077069475861,threshold_i_long_square,-0.1764923045063876,2.5269749622544944e-26,0.1764923045063876,14,0.0903812711253017,3654,1.146189402782304,0.5661364923037482,4.835589941972921,9,2,0.0,0.0,0.0,0.0,0.0,0.0,,,,0.0,20,0.18743427970557308,Outside Top-500,limited,low,low,798
699,XKR6,Xkr6,286046,homologene,0.4721417866565233,0.507360672975815,0.4298107255520504,0.4669786493709446,upstroke_downstroke_ratio_long_square,-0.1487874210572624,3.8054134416116313e-19,0.1487874210572624,15,0.0715376305666603,3654,1.6335758652688532,0.5333150599477319,5.909090909090909,8,4,0.0,0.0,0.0,0.0,0.0,0.0,,,,0.0,20,0.18743427970557308,Outside Top-500,limited,low,low,799
737,ENC1,Enc1,8507,homologene,0.4536943672523861,0.3769716088328076,0.5511303890641429,0.4558075355258633,upstroke_downstroke_ratio_long_square,0.1344800266334608,7.126591408587325e-16,0.1344800266334608,12,0.0650077671484623,3654,1.7018478148891574,1.3364367028330857,4.25531914893617,10,6,0.0,0.0,0.0,0.0,0.0,0.0,,,,0.0,20,0.18562039957939008,Outside Top-500,limited,low,low,800
746,GUCY1A2,Gucy1a2,2977,homologene,0.4490739355166575,0.353049421661409,0.5722923238696109,0.4494969120732977,tau,0.124014561769553,1.480246334786844e-13,0.124014561769553,12,0.0530612804071329,3654,2.575963245746764,0.8269971363681248,8.636363636363637,8,4,0.0,0.0,0.0,0.0,0.0,0.0,,,,0.0,20,0.185068349106204,Outside Top-500,limited,low,low,801
727,TSPYL2,Tspyl2,64061,homologene,0.459428996461229,0.4461093585699263,0.4758149316508938,0.4607227951347464,tau,0.1125669508013125,2.2407147601528e-11,0.1125669508013125,16,0.0629108938404111,3654,1.5220972641671886,0.6887963667468491,5.802707930367505,9,5,0.0,0.0,0.0,0.0,0.0,0.0,,,,0.0,20,0.184384858044164,Outside Top-500,limited,low,low,802
748,NTRK2,Ntrk2,4915,homologene,0.4480275991474351,0.3633017875920084,0.556125131440589,0.4494899936341259,upstroke_downstroke_ratio_long_square,0.1289988899697125,1.0457824379064451e-14,0.1289988899697125,12,0.0490364783774948,3654,2.1752428970691167,0.8045480145932509,6.769825918762089,9,4,0.0,0.0,0.0,0.0,0.0,0.0,,,,0.0,20,0.18388538380651948,Outside Top-500,limited,low,low,803
717,PACRG,Pacrg,135138,homologene,0.4626512781002777,0.5089379600420609,0.4073343848580442,0.4553108069051741,upstroke_downstroke_ratio_long_square,-0.2080268166852574,1.8698082651673416e-36,0.2080268166852574,11,0.0680055292104038,3654,1.3691008980120052,0.810548386642838,4.061895551257253,9,5,0.0,0.0,0.0,0.0,0.0,0.0,,,,0.0,20,0.183254468980021,Outside Top-500,limited,low,low,804
784,ARHGAP44,Arhgap44,9912,homologene,0.4289855503775494,0.2693217665615142,0.6418243953732913,0.4157610852210804,tau,0.1149912135683114,8.068393343714952e-12,0.1149912135683114,9,0.0485103559746973,3654,2.316550617739763,0.7831079464700337,10.227272727272728,9,5,0.0,0.0,0.0,0.0,0.0,0.0,,,,0.0,20,0.1822292323869611,Outside Top-500,limited,low,low,805
775,PDE8B,Pde8b,8622,homologene,0.4359670283727423,0.3126971608832807,0.5967402733964248,0.431971051432587,avg_isi,-0.1277029903042254,3.758799581213769e-14,0.1277029903042254,10,0.0466479153410995,3654,2.2733839575114887,1.062437555408581,7.7369439071566735,9,6,0.0,0.0,0.0,0.0,0.0,0.0,,,,0.0,20,0.18188748685594108,Outside Top-500,limited,low,low,806
751,RASGEF1C,Rasgef1c,255426,homologene,0.4466985352149519,0.3982649842271293,0.5073606729758149,0.4495152838560426,upstroke_downstroke_ratio_long_square,-0.1406433720013823,3.109764186843248e-17,0.1406433720013823,12,0.0497225293141237,3654,1.237776593369945,0.8114612268710346,4.318181818181818,10,5,0.0,0.0,0.0,0.0,0.0,0.0,,,,0.0,20,0.18112513144058884,Outside Top-500,limited,low,low,807
729,COG5,Cog5,10466,homologene,0.4592427769912074,0.5467928496319664,0.3567297581493165,0.4416528965228089,upstroke_downstroke_ratio_long_square,-0.1680656134470604,4.07069221556899e-24,0.1680656134470604,15,0.0667522338067516,3654,1.383386570921743,0.6705309495477475,4.25531914893617,8,4,0.0,0.0,0.0,0.0,0.0,0.0,,,,0.0,20,0.18070452155625658,Outside Top-500,limited,low,low,808
793,PLEKHA5,Plekha5,54477,homologene,0.4204894948266986,0.2518401682439537,0.646950578338591,0.4036435834920628,latency,-0.1156537922128331,1.4542333522140236e-11,0.1156537922128331,8,0.0437242493092684,3654,1.936265244888761,1.1883821397914525,6.963249516441006,10,6,0.0,0.0,0.0,0.0,0.0,0.0,,,,0.0,20,0.17975814931650896,Outside Top-500,limited,low,low,809
757,RASGRP1,Rasgrp1,10125,homologene,0.4453179590442816,0.4137749737118821,0.4844900105152471,0.4477385859679908,threshold_i_ramp,0.1381624850986368,1.4799382619928168e-16,0.1381624850986368,13,0.0715546651154675,3654,1.8229746510856637,0.5443472767830704,7.272727272727272,8,3,0.0,0.0,0.0,0.0,0.0,0.0,,,,0.0,20,0.17965299684542585,Outside Top-500,limited,low,low,810
815,KCNQ2,Kcnq2,3785,homologene,0.4084508677977263,0.2064931650893796,0.6863827549947423,0.3764748962967286,upstroke_downstroke_ratio_long_square,-0.087556188970554,1.862785261417677e-07,0.087556188970554,10,0.0433196896978921,3654,2.540439618215258,1.3539362939826218,6.769825918762089,10,6,0.0,0.0,0.0,0.0,0.0,0.0,,,,0.0,20,0.17857518401682437,Outside Top-500,limited,low,low,811
813,FOXP1,Foxp1,27086,same-symbol,0.4093856616007297,0.2208201892744479,0.6665352260778129,0.3836462364999682,ri,0.0746479689333167,1.156145538161587e-05,0.0746479689333167,12,0.0407057877956881,3654,1.9265824566558112,0.7999725899215977,7.543520309477756,10,4,0.0,0.0,0.0,0.0,0.0,0.0,,,,0.0,20,0.17747108307045217,Outside Top-500,limited,low,low,812
826,PDE10A,Pde10a,10846,homologene,0.4009168513175551,0.1932176656151419,0.6886172450052577,0.3647643301945054,threshold_i_short_square,-0.0938228136712958,3.727164567731085e-08,0.0938228136712958,8,0.0363178576158341,3654,2.696159070392342,1.5863615877241712,6.576402321083172,10,5,0.0,0.0,0.0,0.0,0.0,0.0,,,,0.0,20,0.17636698212407992,Outside Top-500,limited,low,low,813
804,CKB,Ckb,1152,homologene,0.4144485441067552,0.5920084121976866,0.2177970557308096,0.3590789455600644,tau,-0.1923089213240605,4.509317181290141e-31,0.1923089213240605,15,0.0924217163554477,3654,0.4018846297507589,0.3026230296125535,1.1605415860735009,9,1,0.0,0.0,0.0,0.0,0.0,0.0,,,,0.0,20,0.16196109358569927,Outside Top-500,limited,low,low,814
806,KCNAB2,Kcnab2,8514,homologene,0.4140370861063308,0.6064668769716088,0.2028128286014721,0.3507125072929578,threshold_i_long_square,0.201514174347766,4.934545503204334e-34,0.201514174347766,15,0.093191466935618,3654,0.567114837299582,0.2232208489743112,2.127659574468085,8,2,0.0,0.0,0.0,0.0,0.0,0.0,,,,0.0,20,0.16185594111461618,Outside Top-500,limited,low,low,815
822,NSF,Nsf,4905,homologene,0.4036166643837796,0.5644058885383806,0.2242376445846477,0.355754194684408,upstroke_downstroke_ratio_long_square,-0.1956829005474606,2.4304879381611096e-32,0.1956829005474606,14,0.0790759957671495,3654,0.7445920469519389,0.2666575299738659,2.3210831721470018,8,3,0.0,0.0,0.0,0.0,0.0,0.0,,,,0.0,20,0.15772870662460564,Outside Top-500,limited,low,low,816
909,GNG7,Gng7,2788,homologene,0.3460786315887507,0.6650893796004206,0.0402208201892744,0.1635556185115773,tau,-0.2149719258672588,1.1336673047492112e-38,0.2149719258672588,16,0.0898108876146935,3654,0.1960558363223872,0.0,0.7490636704119851,4,0,0.0,0.0,0.0,0.0,0.0,0.0,,,,0.0,20,0.141062039957939,Outside Top-500,limited,low,low,817
715,AGBL4,Agbl4,84871,homologene,0.4641917071655493,0.5205047318611987,0.3972134595162986,0.4546993349865272,upstroke_downstroke_ratio_long_square,-0.2155997822045855,4.1319513383330756e-39,0.2155997822045855,11,0.0696559240091317,3654,1.206655285401543,0.46694686972654,6.382978723404255,8,3,0.0,0.0,0.0,0.0,0.0,0.0,,,,0.0,21,0.18354363827549947,Outside Top-500,limited,low,low,818
731,MEF2A,Mef2a,4205,homologene,0.4584554316802875,0.4858044164037854,0.4254731861198738,0.4546391457831413,threshold_i_ramp,0.1289645928644713,1.4102325650259924e-14,0.1289645928644713,16,0.0773978758623432,3654,0.9169614927891354,0.5312187777042905,2.9013539651837523,10,3,0.0,0.0,0.0,0.0,0.0,0.0,,,,0.0,21,0.18225552050473184,Outside Top-500,limited,low,low,819
734,MFSD6,Mfsd6,54842,homologene,0.4557603680967237,0.4592534174553102,0.4514984227129338,0.4553594114615367,upstroke_downstroke_ratio_long_square,-0.1775141108464747,8.765559825210788e-27,0.1775141108464747,11,0.0567713240403844,3654,1.3508736345325445,0.7299006410410777,5.609284332688588,9,4,0.0,0.0,0.0,0.0,0.0,0.0,,,,0.0,21,0.18215036803364879,Outside Top-500,limited,low,low,820
771,STXBP1,Stxbp1,6812,homologene,0.4383896862947067,0.3388538380651945,0.566508937960042,0.4381366543967731,upstroke_downstroke_ratio_long_square,-0.118090051503505,1.5875116629428093e-12,0.118090051503505,12,0.0646482339678289,3654,1.4297528494228589,0.7645569116740365,5.609284332688588,10,5,0.0,0.0,0.0,0.0,0.0,0.0,,,,0.0,21,0.1810725552050473,Outside Top-500,limited,low,low,821
770,VPS41,Vps41,27072,homologene,0.4395012385973099,0.3761829652996846,0.519453207150368,0.4420514085491152,tau,0.1421417316869863,1.9377815647877828e-17,0.1421417316869863,11,0.050147775250252,3654,1.848367717352724,0.7726868766663375,6.382978723404255,9,4,0.0,0.0,0.0,0.0,0.0,0.0,,,,0.0,21,0.1791272344900105,Outside Top-500,limited,low,low,822
752,PPM1E,Ppm1e,22843,homologene,0.4464974965018693,0.4417718191377497,0.4522870662460567,0.4469985235188103,tau,-0.1382850624972177,1.452288562924474e-16,0.1382850624972177,14,0.060829335994188,3654,1.4722882504341506,0.8532459938513195,5.222437137330754,9,4,0.0,0.0,0.0,0.0,0.0,0.0,,,,0.0,21,0.17881177707676127,Outside Top-500,limited,low,low,823
781,TLK1,Tlk1,9874,homologene,0.4338223167709807,0.3860410094637224,0.4936908517350157,0.4365603220252504,upstroke_downstroke_ratio_long_square,-0.1530107487923901,3.460432740937544e-20,0.1530107487923901,10,0.0504101783670428,3654,1.5605139494211928,1.1357957964082848,6.382978723404255,9,6,0.0,0.0,0.0,0.0,0.0,0.0,,,,0.0,21,0.17594637223974763,Outside Top-500,limited,low,low,824
801,FNDC3A,Fndc3a,22862,homologene,0.4151403418012335,0.2668243953732913,0.6121188222923238,0.4041388804046951,sag,0.1218649676890393,1.1380588406560602e-12,0.1218649676890393,8,0.0489403159262062,3654,1.883683187927689,0.6620414049411858,5.802707930367505,10,4,0.0,0.0,0.0,0.0,0.0,0.0,,,,0.0,21,0.175788643533123,Outside Top-500,limited,low,low,825
792,ELAVL4,Elavl4,1996,homologene,0.4209528001633918,0.305205047318612,0.5716351209253417,0.417691182730734,upstroke_downstroke_ratio_long_square,-0.1355770746984456,4.137740255911449e-16,0.1355770746984456,8,0.0396717291779398,3654,1.5122217992584035,0.9364929710257096,5.454545454545454,10,5,0.0,0.0,0.0,0.0,0.0,0.0,,,,0.0,21,0.17536803364879075,Outside Top-500,limited,low,low,826
778,RUNDC3B,Rundc3b,154661,homologene,0.4346459738056016,0.4100946372239747,0.465036803364879,0.4367025293855268,tau,0.1543154386944973,2.4066696419750275e-20,0.1543154386944973,11,0.0608122306723447,3654,1.6784905321829886,0.4744241441531932,7.045454545454546,8,4,0.0,0.0,0.0,0.0,0.0,0.0,,,,0.0,21,0.17502628811777074,Outside Top-500,limited,low,low,827
797,PAK3,Pak3,5063,homologene,0.4173732732620139,0.2960042060988433,0.5759726603575184,0.4129047469620154,tau,0.1120736231620449,2.7407255277624963e-11,0.1120736231620449,11,0.0446404045870006,3654,2.020257982112156,1.0480379108835949,7.7369439071566735,9,5,0.0,0.0,0.0,0.0,0.0,0.0,,,,0.0,21,0.17439537329127233,Outside Top-500,limited,low,low,828
761,WLS,Wls,79971,homologene,0.4438733857172762,0.5412723449001051,0.3305730809674027,0.4230012608681898,f_i_curve_slope,0.1837684461620687,2.7161142567717408e-28,0.1837684461620687,14,0.0846422256214588,3654,1.214458134400259,0.7964950003864775,4.061895551257253,8,4,0.0,0.0,0.0,0.0,0.0,0.0,,,,0.0,21,0.17436908517350155,Outside Top-500,limited,low,low,829
821,LRRN3,Lrrn3,54674,homologene,0.4039156196168439,0.2344900105152471,0.6324921135646688,0.3851143756867433,upstroke_downstroke_ratio_long_square,-0.0805686299705682,1.6717611485035589e-06,0.0805686299705682,12,0.0404764118508463,3654,2.25118312768792,0.9635175174722366,5.415860735009671,10,5,0.0,0.0,0.0,0.0,0.0,0.0,,,,0.0,21,0.1733964248159832,Outside Top-500,limited,low,low,830
812,REPS1,Reps1,85021,homologene,0.4094098511702888,0.2693217665615142,0.5947686645636172,0.4002301181017066,upstroke_downstroke_ratio_long_square,-0.1293120664959588,8.992538618666587e-15,0.1293120664959588,7,0.034584384195362,3654,1.6050509925242695,0.5138511849235381,5.996131528046422,10,3,0.0,0.0,0.0,0.0,0.0,0.0,,,,0.0,21,0.17281808622502629,Outside Top-500,limited,low,low,831
837,KCNH3,Kcnh3,23416,homologene,0.3953402246812387,0.219111461619348,0.6347266035751841,0.3729287785060883,upstroke_downstroke_ratio_long_square,0.0970039253959147,7.256894234277238e-09,0.0970039253959147,9,0.0445930081023664,3654,2.1807436941399008,1.215822579964257,5.681818181818182,10,5,0.0,0.0,0.0,0.0,0.0,0.0,,,,0.0,21,0.17076761303890642,Outside Top-500,limited,low,low,832
853,RTN4,Rtn4,57142,homologene,0.3866948508923083,0.1870399579390115,0.663117770767613,0.3521782502554429,upstroke_downstroke_ratio_long_square,-0.0801027317485629,1.9150279200991955e-06,0.0801027317485629,10,0.0320479079000798,3654,1.793224678168991,1.0459828028560252,7.7369439071566735,10,6,0.0,0.0,0.0,0.0,0.0,0.0,,,,0.0,21,0.1700315457413249,Outside Top-500,limited,low,low,833
870,GLG1,Glg1,2734,homologene,0.3787642502533904,0.1699526813880126,0.6707413249211357,0.3376303995319367,ri,0.0731405692996367,1.7559030350503668e-05,0.0731405692996367,10,0.0380523164224186,3654,2.047164697928859,1.0518617586873409,7.350096711798839,10,5,0.0,0.0,0.0,0.0,0.0,0.0,,,,0.0,21,0.16813880126182965,Outside Top-500,limited,low,low,834
880,MCTP2,Mctp2,55784,homologene,0.3709297734502136,0.148527865404837,0.6863827549947423,0.319291348849386,avg_isi,0.0770917145062357,6.949913179042499e-06,0.0770917145062357,8,0.0307613052843798,3654,2.789173212616824,1.2133805094629957,11.818181818181818,9,7,0.0,0.0,0.0,0.0,0.0,0.0,,,,0.0,21,0.16698212407991586,Outside Top-500,limited,low,low,835
924,NISCH,Nisch,11188,same-symbol,0.3381180801307538,0.0998948475289169,0.6878286014721345,0.2621269411374707,threshold_v_short_square,0.0680927484816723,0.0001584732167822,0.0680927484816723,6,0.0299879865290987,3654,2.179934374850057,1.2685966931720216,7.543520309477756,10,6,0.0,0.0,0.0,0.0,0.0,0.0,,,,0.0,21,0.15754468980021027,Outside Top-500,limited,low,low,836
825,FAIM2,Faim2,23017,homologene,0.4013453077595803,0.5946372239747634,0.1900630914826498,0.3361823747600466,threshold_i_long_square,-0.1943439200254265,1.0354534385050475e-31,0.1943439200254265,15,0.1049319739222108,3654,0.79119659778657,0.4734360476036815,2.3210831721470018,7,4,0.0,0.0,0.0,0.0,0.0,0.0,,,,0.0,21,0.15694006309148262,Outside Top-500,limited,low,low,837
842,TSPAN7,Tspan7,7102,homologene,0.3940427376635635,0.5964773922187171,0.1745531019978969,0.3226716273293847,upstroke_downstroke_ratio_long_square,0.237401749916688,2.3845544256865566e-47,0.237401749916688,13,0.0941464425254274,3654,0.6132617998756972,0.2722807396847489,2.3210831721470018,7,3,0.0,0.0,0.0,0.0,0.0,0.0,,,,0.0,21,0.1542060988433228,Outside Top-500,limited,low,low,838
854,CYTH1,Cyth1,9267,homologene,0.3854535468678777,0.5596740273396424,0.1936119873817035,0.3291801949072119,upstroke_downstroke_ratio_long_square,-0.2282096180095562,9.044894600944958e-44,0.2282096180095562,12,0.0750069282042353,3654,0.7105557562574241,0.3926021143567374,2.707930367504836,7,3,0.0,0.0,0.0,0.0,0.0,0.0,,,,0.0,21,0.15065720294426918,Outside Top-500,limited,low,low,839
926,SYN2,Syn2,6854,homologene,0.3372557222288469,0.6632492113564669,0.0300998948475289,0.1412930696090085,upstroke_downstroke_ratio_long_square,0.2133958114963072,2.491961278478874e-38,0.2133958114963072,16,0.1187524878400604,3654,0.1581596735720485,0.0,0.7736943907156673,3,0,0.0,0.0,0.0,0.0,0.0,0.0,,,,0.0,21,0.13866982124079916,Outside Top-500,limited,low,low,840
753,ABAT,Abat,18,homologene,0.4463059464989563,0.4676656151419558,0.4204784437434279,0.4434448218743821,threshold_i_long_square,0.1711758962071312,7.913734395281432e-25,0.1711758962071312,12,0.0656056187821223,3654,1.3943327115272652,0.46694686972654,4.318181818181818,9,4,0.0,0.0,0.0,0.0,0.0,0.0,,,,0.0,22,0.17762881177707673,Outside Top-500,limited,low,low,841
749,FEZ1,Fez1,9638,homologene,0.4478978541471823,0.5144584647739222,0.3692166140904311,0.4358286503363322,upstroke_downstroke_ratio_long_square,-0.1689019101714861,2.4057024848158784e-24,0.1689019101714861,14,0.080766080260029,3654,1.1760189504654166,0.42907410516787,5.415860735009671,8,4,0.0,0.0,0.0,0.0,0.0,0.0,,,,0.0,22,0.17673501577287065,Outside Top-500,limited,low,low,842
756,IDS,Ids,3423,homologene,0.4457204403768193,0.4879074658254468,0.3952418506834911,0.4391371650807317,tau,0.1548132944773971,1.814346819228991e-20,0.1548132944773971,14,0.069405312669036,3654,1.444981096352667,0.7107393841992545,6.769825918762089,7,4,0.0,0.0,0.0,0.0,0.0,0.0,,,,0.0,22,0.1766298633017876,Outside Top-500,limited,low,low,843
754,PHTF1,Phtf1,10745,homologene,0.4458861315430487,0.5039432176656152,0.3769716088328076,0.4358581025101962,upstroke_downstroke_ratio_long_square,-0.205260472366495,1.63683480242703e-35,0.205260472366495,11,0.0732475636737338,3654,1.3564847048460162,0.6326864993979114,5.029013539651838,8,4,0.0,0.0,0.0,0.0,0.0,0.0,,,,0.0,22,0.17618296529968455,Outside Top-500,limited,low,low,844
787,PHF14,Phf14,9678,homologene,0.424333903095325,0.3175604626708727,0.5625657202944269,0.4226684639519146,threshold_i_short_square,0.1025590659085024,1.607165460389294e-09,0.1025590659085024,13,0.0543794359906244,3654,2.2694223999759293,0.3936337387077047,9.090909090909092,8,4,0.0,0.0,0.0,0.0,0.0,0.0,,,,0.0,22,0.1760252365930599,Outside Top-500,limited,low,low,845
783,TACR1,Tacr1,6869,homologene,0.4298009584215374,0.3613301787592008,0.5165615141955836,0.4320292400572138,latency,0.1506966513694451,5.266069923010733e-19,0.1506966513694451,9,0.0412246260664967,3654,1.2452769284056144,0.4817587587361183,4.642166344294004,10,3,0.0,0.0,0.0,0.0,0.0,0.0,,,,0.0,22,0.1755783385909569,Outside Top-500,limited,low,low,846
768,RHOBTB2,Rhobtb2,23221,homologene,0.4424913801149956,0.4950052576235542,0.3799947423764458,0.4337042717632012,upstroke_downstroke_ratio_long_square,-0.1593378348776943,8.609743621720419e-22,0.1593378348776943,14,0.0850911571858526,3654,1.287668452876076,0.9364929710257096,5.415860735009671,8,5,0.0,0.0,0.0,0.0,0.0,0.0,,,,0.0,22,0.175,Outside Top-500,limited,low,low,847
776,LRRFIP1,Lrrfip1,9208,homologene,0.4356860841885819,0.4353312302839116,0.4361198738170347,0.4357253736242979,tau,-0.1547488513819745,1.8787394181513166e-20,0.1547488513819745,12,0.0721843888028646,3654,1.5729001556008018,0.5213284593501915,6.382978723404255,8,3,0.0,0.0,0.0,0.0,0.0,0.0,,,,0.0,22,0.17429022082018925,Outside Top-500,limited,low,low,848
789,ST8SIA5,St8sia5,29906,homologene,0.4238065129279888,0.3630389064143007,0.5005257623554155,0.4262749410857905,tau,-0.1580588881792233,2.711394001065004e-21,0.1580588881792233,8,0.0542041868425702,3654,1.710752915033846,1.032541355998522,6.136363636363637,9,5,0.0,0.0,0.0,0.0,0.0,0.0,,,,0.0,22,0.17271293375394323,Outside Top-500,limited,low,low,849
774,PPM1K,Ppm1k,152926,homologene,0.4361577438512294,0.5155099894847529,0.3430599369085174,0.4205363533255475,threshold_i_long_square,0.1386993797138518,1.0975762852985008e-16,0.1386993797138518,16,0.0821230953632425,3654,1.028293109057242,0.4817587587361183,3.288201160541586,9,3,0.0,0.0,0.0,0.0,0.0,0.0,,,,0.0,22,0.17171398527865406,Outside Top-500,limited,low,low,850
785,RPS6KA3,Rps6ka3,6197,homologene,0.4271908135451626,0.4169295478443743,0.4398002103049421,0.4282122170423215,upstroke_downstroke_ratio_long_square,-0.1863928565513784,1.9626429211754894e-29,0.1863928565513784,8,0.0489677495551713,3654,1.577453638783736,1.0045478954381823,7.7369439071566735,7,5,0.0,0.0,0.0,0.0,0.0,0.0,,,,0.0,22,0.17134595162986327,Outside Top-500,limited,low,low,851
780,RIT2,Rit2,6014,homologene,0.4338852599491498,0.5325972660357517,0.3192691903259726,0.4123613680948557,threshold_i_long_square,-0.1938755368242189,1.453901153243791e-31,0.1938755368242189,13,0.0880678055233657,3654,1.2686034766427057,0.5386960521309438,4.7727272727272725,7,4,0.0,0.0,0.0,0.0,0.0,0.0,,,,0.0,22,0.17037329127234488,Outside Top-500,limited,low,low,852
838,NFAT5,Nfat5,10725,homologene,0.3947208088033865,0.2259463722397476,0.6228969505783386,0.3751550429654078,upstroke_downstroke_ratio_long_square,-0.093479861097515,2.5455354794416745e-08,0.093479861097515,10,0.0403961979634609,3654,1.948854611206173,1.062437555408581,5.996131528046422,10,6,0.0,0.0,0.0,0.0,0.0,0.0,,,,0.0,22,0.16976866456361722,Outside Top-500,limited,low,low,853
859,LRRN2,Lrrn2,10446,homologene,0.3841772856747739,0.1846740273396424,0.6606203995793901,0.3492841675957412,threshold_v_short_square,0.1091152332241559,4.530097542719838e-10,0.1091152332241559,4,0.0327040552363206,3654,2.1193687249795694,0.8525433074813271,6.818181818181818,10,4,0.0,0.0,0.0,0.0,0.0,0.0,,,,0.0,22,0.1690588853838065,Outside Top-500,limited,low,low,854
831,HSP90B1,Hsp90b1,7184,homologene,0.398748011687315,0.2610410094637224,0.5810988433228181,0.3894748113282679,threshold_i_ramp,-0.098753461213189,4.797054179876386e-09,0.098753461213189,11,0.0467987748686158,3654,1.4877075074935768,0.9364929710257096,5.996131528046422,10,5,0.0,0.0,0.0,0.0,0.0,0.0,,,,0.0,22,0.1684279705573081,Outside Top-500,limited,low,low,855
849,TRIM37,Trim37,4591,homologene,0.3888073479245391,0.2146424815983175,0.6255257623554153,0.3664210719045041,threshold_i_long_square,0.0910774692581128,7.070900603361815e-08,0.0910774692581128,10,0.0419319146185269,3654,1.9689008482251025,0.9220182830002432,5.996131528046422,10,5,0.0,0.0,0.0,0.0,0.0,0.0,,,,0.0,22,0.16803364879074656,Outside Top-500,limited,low,low,856
807,SSX2IP,Ssx2ip,117178,homologene,0.4135955474095377,0.3910357518401682,0.441508937960042,0.4155066539772368,upstroke_downstroke_ratio_long_square,-0.1639473919738908,5.257686089389894e-23,0.1639473919738908,9,0.0550179606902058,3654,1.356566212307339,0.6293133738621974,5.222437137330754,9,4,0.0,0.0,0.0,0.0,0.0,0.0,,,,0.0,22,0.16650893796004204,Outside Top-500,limited,low,low,857
810,RAP1GAP2,Rap1gap2,23108,homologene,0.4121557769535591,0.3860410094637224,0.4445320715036803,0.4142554883429794,tau,0.1535174330014937,3.786692814549677e-20,0.1535174330014937,10,0.0477150198402422,3654,1.5997830826223305,0.4705341978486813,6.576402321083172,8,3,0.0,0.0,0.0,0.0,0.0,0.0,,,,0.0,22,0.16611461619348053,Outside Top-500,limited,low,low,858
811,ODF2L,Odf2l,57489,homologene,0.4120842059701021,0.3864353312302839,0.4438748685594111,0.414160514603402,upstroke_downstroke_ratio_long_square,-0.1449424836530783,3.135746119039671e-18,0.1449424836530783,11,0.0455227092274528,3654,1.4158999703722208,0.6762176890591955,7.156673114119923,8,4,0.0,0.0,0.0,0.0,0.0,0.0,,,,0.0,22,0.166062039957939,Outside Top-500,limited,low,low,859
929,GABRB3,Gabrb3,2562,homologene,0.3348057841997575,0.1013406940063091,0.6766561514195583,0.2618640945003653,threshold_v_short_square,0.0657433010574586,0.0002696167273319,0.0657433010574586,7,0.0307149057611486,3654,2.632851215340023,1.5936563331128717,6.363636363636363,10,6,0.0,0.0,0.0,0.0,0.0,0.0,,,,0.0,22,0.15559936908517347,Outside Top-500,limited,low,low,860
857,CELF5,Celf5,60680,homologene,0.3850869793719022,0.5662460567823343,0.1865141955835962,0.3249814268279657,avg_isi,0.1772035669203344,2.671822732916888e-26,0.1772035669203344,15,0.0871380450536947,3654,0.7020072991817843,0.2828682120580632,2.5,7,2,0.0,0.0,0.0,0.0,0.0,0.0,,,,0.0,22,0.1505520504731861,Outside Top-500,limited,low,low,861
915,GPX3,Gpx3,2878,homologene,0.3419125667248973,0.5683491062039958,0.1059411146161934,0.2453803940871573,tau,0.2506832759274741,1.4649865287856962e-52,0.2506832759274741,11,0.0805720091621546,3654,0.4891895024117366,0.0469043151969981,1.7408123791102514,5,2,0.0,0.0,0.0,0.0,0.0,0.0,,,,0.0,22,0.13485804416403785,Outside Top-500,limited,low,low,862
759,CDC14B,Cdc14b,8555,homologene,0.4442072822643311,0.5107781282860148,0.3655362776025236,0.4320971368737059,upstroke_downstroke_ratio_long_square,-0.1497701196803945,2.198392270339937e-19,0.1497701196803945,15,0.0600669899305099,3654,0.9892117894294016,0.4817587587361183,4.061895551257253,9,3,0.0,0.0,0.0,0.0,0.0,0.0,,,,0.0,23,0.17526288117770766,Outside Top-500,limited,low,low,863
773,PKNOX2,Pknox2,63876,homologene,0.4364295086658512,0.4666140904311251,0.4001051524710831,0.4320818230348287,tau,-0.1355081076150979,5.980399027268026e-16,0.1355081076150979,15,0.0778089745822809,3654,1.3969434827171194,0.5682327745471896,3.67504835589942,9,4,0.0,0.0,0.0,0.0,0.0,0.0,,,,0.0,23,0.17334384858044163,Outside Top-500,limited,low,low,864
817,FARP1,Farp1,10160,homologene,0.4075477745554285,0.3036277602523659,0.5421924290220821,0.4057396614206758,tau,0.1138606798160587,1.2992169039967852e-11,0.1138606798160587,11,0.0498944181558335,3654,1.987481196736841,0.6620414049411858,6.769825918762089,9,4,0.0,0.0,0.0,0.0,0.0,0.0,,,,0.0,23,0.1691640378548896,Outside Top-500,limited,low,low,865
798,TTC28,Ttc28,23331,homologene,0.4172897422203482,0.4152208201892744,0.4198212407991588,0.4175146942773458,fast_trough_v_long_square,0.1686993987619844,4.61064827472657e-24,0.1686993987619844,10,0.0676749477284428,3654,1.6402545616611843,0.0,9.284332688588009,3,3,0.0,0.0,0.0,0.0,0.0,0.0,,,,0.0,23,0.16700841219768664,Outside Top-500,limited,low,low,866
818,ATG7,Atg7,10533,homologene,0.4058794123478119,0.3314931650893796,0.5006572029442692,0.4073873351354846,threshold_i_long_square,0.1149982065597385,7.56460439233268e-12,0.1149982065597385,12,0.0547043617686072,3654,1.2137890239575628,0.6545641305145324,4.25531914893617,10,4,0.0,0.0,0.0,0.0,0.0,0.0,,,,0.0,23,0.16643007360672976,Outside Top-500,limited,low,low,867
841,PAM,Pam,5066,homologene,0.394153848648847,0.2707676130389064,0.5562565720294427,0.3880931128551713,ri,0.1224620456919646,3.0333334459652145e-13,0.1224620456919646,8,0.0512246447632113,3654,1.9735490097970076,0.7530682747245996,7.272727272727272,9,4,0.0,0.0,0.0,0.0,0.0,0.0,,,,0.0,23,0.16540483701366981,Outside Top-500,limited,low,low,868
847,RFTN1,Rftn1,23180,homologene,0.3915899065955891,0.2599894847528917,0.5654574132492113,0.3834227190978195,tau,0.0985784234510626,5.280081887780931e-09,0.0985784234510626,11,0.0407243778190518,3654,1.5345989324566052,0.6326864993979114,5.222437137330754,10,3,0.0,0.0,0.0,0.0,0.0,0.0,,,,0.0,23,0.1650893796004206,Outside Top-500,limited,low,low,869
879,PTPN4,Ptpn4,5775,homologene,0.3710374387657442,0.1715299684542587,0.6489221871713986,0.3336309372566917,tau,-0.0807192771820978,2.015335211678162e-06,0.0807192771820978,9,0.0405785534712741,3654,2.150252846224718,1.4248835674826976,6.382978723404255,10,6,0.0,0.0,0.0,0.0,0.0,0.0,,,,0.0,23,0.16409043112513147,Outside Top-500,limited,low,low,870
835,HSPA8,Hspa8,3312,homologene,0.3967017390728624,0.3583070452155625,0.4446635120925342,0.3991566974673612,upstroke_downstroke_ratio_long_square,0.1269131506074106,2.825202986266261e-14,0.1269131506074106,12,0.0612438745275427,3654,1.5659613092355322,1.267161242168593,4.642166344294004,9,6,0.0,0.0,0.0,0.0,0.0,0.0,,,,0.0,23,0.16059411146161934,Outside Top-500,limited,low,low,871
839,SLC25A12,Slc25a12,8604,homologene,0.3945985880082093,0.3519978969505783,0.4479495268138801,0.397085999977955,upstroke_downstroke_ratio_long_square,-0.1134540800296592,1.1640771434794314e-11,0.1134540800296592,13,0.0566047767242725,3654,1.4759493785319746,0.6620414049411858,5.029013539651838,9,4,0.0,0.0,0.0,0.0,0.0,0.0,,,,0.0,23,0.15998948475289168,Outside Top-500,limited,low,low,872
891,DDX24,Ddx24,57062,homologene,0.3618002853362443,0.1746845425867507,0.620925341745531,0.3293418578063529,upstroke_downstroke_ratio_long_square,-0.0740961739199702,1.0845598754514125e-05,0.0740961739199702,10,0.0386940166136121,3654,1.6061974228284523,0.5829733336349037,6.963249516441006,10,3,0.0,0.0,0.0,0.0,0.0,0.0,,,,0.0,23,0.15912197686645635,Outside Top-500,limited,low,low,873
843,ATCAY,Atcay,85300,homologene,0.3930257383067378,0.3614616193480546,0.4323080967402734,0.395300878705088,upstroke_downstroke_ratio_long_square,-0.1173631551377343,2.1726348068365445e-12,0.1173631551377343,13,0.0431869046830279,3654,1.515442802861904,0.5711584027128666,4.318181818181818,9,4,0.0,0.0,0.0,0.0,0.0,0.0,,,,0.0,23,0.1587539432176656,Outside Top-500,limited,low,low,874
917,FOXP2,Foxp2,93986,same-symbol,0.3404112966084675,0.1193480546792849,0.6589116719242902,0.2804279341464385,peak_v_long_square,0.077161373307812,8.90803887610998e-06,0.077161373307812,6,0.0341399004221288,3654,2.2567535914449026,1.7723750307035075,6.382978723404255,10,6,0.0,0.0,0.0,0.0,0.0,0.0,,,,0.0,23,0.15565194532071502,Outside Top-500,limited,low,low,875
899,LONRF2,Lonrf2,164832,homologene,0.3552533093394594,0.1887486855941114,0.582807570977918,0.3316687548991898,threshold_v_short_square,0.0935258798164834,1.1961697134497696e-07,0.0935258798164834,8,0.0438340280620116,3654,1.683032313962953,0.7956071313058053,5.227272727272728,10,5,0.0,0.0,0.0,0.0,0.0,0.0,,,,0.0,23,0.15431125131440587,Outside Top-500,limited,low,low,876
991,SYNJ1,Synj1,8867,homologene,0.2834213558530125,0.0395636172450052,0.6661409043112513,0.1623420579191111,ri,0.0475223012896136,0.0060446839845514,0.0475223012896136,4,0.0203684879929087,3654,2.732218916772938,1.3781617813236524,10.058027079303676,9,5,0.0,0.0,0.0,0.0,0.0,0.0,,,,0.0,23,0.14114090431125131,Outside Top-500,limited,low,low,877
916,RSRP1,Rsrp1,57035,same-symbol,0.340816404081538,0.556782334384858,0.1139589905362776,0.2518935346032736,threshold_i_long_square,0.1405518308159867,4.231020784834553e-17,0.1405518308159867,17,0.0866935352016295,3654,0.4271165274603332,0.1910848949854359,1.7408123791102514,6,1,0.0,0.0,0.0,0.0,0.0,0.0,,,,0.0,23,0.1341482649842271,Outside Top-500,limited,low,low,878
799,FAM110B,Fam110b,90362,homologene,0.4172237541871466,0.4390115667718191,0.3909043112513144,0.4142602010093395,upstroke_downstroke_ratio_long_square,-0.1570324635954618,3.3759683712677672e-21,0.1570324635954618,12,0.0675622323316508,3654,1.0996754423547512,0.6571633620871621,4.448742746615087,9,4,0.0,0.0,0.0,0.0,0.0,0.0,,,,0.0,24,0.1659831756046267,Outside Top-500,limited,low,low,879
803,RALGPS2,Ralgps2,55103,homologene,0.4145526589200816,0.4442691903259726,0.3788117770767613,0.4102370064826375,upstroke_downstroke_ratio_long_square,0.1386632498598629,8.62978271096872e-17,0.1386632498598629,14,0.0759769371143576,3654,1.4116267973015868,0.5661364923037482,4.835589941972921,8,4,0.0,0.0,0.0,0.0,0.0,0.0,,,,0.0,24,0.1646161934805468,Outside Top-500,limited,low,low,880
796,B4GALT6,B4galt6,9331,homologene,0.4174136872280389,0.4855415352260778,0.3371451104100946,0.404596038663854,upstroke_downstroke_ratio_long_square,-0.2317278649167432,4.035991308697138e-45,0.2317278649167432,8,0.051026165529822,3654,0.9054138160811624,0.5802629029461854,3.481624758220503,9,3,0.0,0.0,0.0,0.0,0.0,0.0,,,,0.0,24,0.16453732912723446,Outside Top-500,limited,low,low,881
808,PRKAR2B,Prkar2b,5577,homologene,0.4135638879307075,0.4905362776025236,0.3233438485804416,0.3982610800320864,fast_trough_v_long_square,0.1434300463008425,1.0867544272371248e-17,0.1434300463008425,15,0.0827427802284442,3654,0.9465910671681274,0.5138511849235381,2.9013539651837523,9,3,0.0,0.0,0.0,0.0,0.0,0.0,,,,0.0,24,0.162776025236593,Outside Top-500,limited,low,low,882
862,GPR155,Gpr155,151556,homologene,0.3825007789807447,0.2482912723449001,0.5604626708727655,0.3730388581003592,upstroke_downstroke_ratio_long_square,0.1197515007316078,7.626368032798287e-13,0.1197515007316078,7,0.0398570544087862,3654,1.8322661941565417,0.7700263194531918,7.7369439071566735,9,3,0.0,0.0,0.0,0.0,0.0,0.0,,,,0.0,24,0.16175078864353312,Outside Top-500,limited,low,low,883
814,SH3GL2,Sh3gl2,6456,homologene,0.4090961766188164,0.4695057833859095,0.33767087276551,0.3981688431361431,upstroke_downstroke_ratio_long_square,-0.1603820825290325,4.6223192197044135e-22,0.1603820825290325,13,0.0721615108273837,3654,1.2483169743527165,0.6123553291336052,4.090909090909091,8,4,0.0,0.0,0.0,0.0,0.0,0.0,,,,0.0,24,0.16143533123028392,Outside Top-500,limited,low,low,884
868,NEDD4L,Nedd4l,23327,homologene,0.3792120595459388,0.2400105152471082,0.5645373291272345,0.3680963124510403,latency,0.1117551472574664,7.168706271229218e-11,0.1117551472574664,8,0.0381761967360275,3654,2.1284957549150936,1.087417710273868,7.156673114119923,9,5,0.0,0.0,0.0,0.0,0.0,0.0,,,,0.0,24,0.16090956887486857,Outside Top-500,limited,low,low,885
865,R3HDM1,R3hdm1,23518,homologene,0.3806568830058144,0.2544689800210304,0.5471871713985278,0.3731516600343299,latency,0.0900951652316983,1.934418591927657e-07,0.0900951652316983,12,0.0426082772052308,3654,2.0188702180410174,0.9614913406972528,6.818181818181818,9,5,0.0,0.0,0.0,0.0,0.0,0.0,,,,0.0,24,0.16033123028391164,Outside Top-500,limited,low,low,886
867,HSP90AB1,Hsp90ab1,3326,homologene,0.3795816782029784,0.2518401682439537,0.5483701366982124,0.3716202732441244,upstroke_downstroke_ratio_long_square,0.0948117387731339,1.592744507274943e-08,0.0948117387731339,11,0.0485469118128836,3654,1.6373217954936397,0.6271236903417281,8.123791102514506,9,4,0.0,0.0,0.0,0.0,0.0,0.0,,,,0.0,24,0.16004206098843324,Outside Top-500,limited,low,low,887
856,EML6,Eml6,400954,homologene,0.3850896671485812,0.3031019978969506,0.490273396424816,0.3854903967313393,ri,0.1055517177357574,3.8005946095259107e-10,0.1055517177357574,12,0.048733521528027,3654,2.01121315096644,0.0,11.992263056092844,4,3,0.0,0.0,0.0,0.0,0.0,0.0,,,,0.0,24,0.1586750788643533,Outside Top-500,limited,low,low,888
845,CCDC91,Ccdc91,55297,homologene,0.3918087197137693,0.3580441640378549,0.4338853838065195,0.3941448078222636,upstroke_downstroke_ratio_long_square,-0.116178664256584,3.6176489972737067e-12,0.116178664256584,13,0.0579432233773574,3654,0.9952052548018842,0.6571633620871621,2.9013539651837523,10,4,0.0,0.0,0.0,0.0,0.0,0.0,,,,0.0,24,0.15838590956887488,Outside Top-500,limited,low,low,889
855,SCAI,Scai,286205,homologene,0.3854134257661265,0.3191377497371188,0.4696372239747634,0.3871420499662795,latency,0.1416737135162801,6.746613085293074e-17,0.1416737135162801,8,0.0398481719212991,3654,1.5124422926137124,0.5786356771395198,5.609284332688588,9,4,0.0,0.0,0.0,0.0,0.0,0.0,,,,0.0,24,0.15775499474237642,Outside Top-500,limited,low,low,890
860,NDUFV1,Ndufv1,4723,homologene,0.383789830834861,0.3128286014721346,0.4742376445846477,0.3851689228388689,upstroke_downstroke_ratio_long_square,-0.1082042935671394,1.0201253372919331e-10,0.1082042935671394,12,0.0632249125539942,3654,1.0236933184821022,0.5607555001205362,4.061895551257253,10,3,0.0,0.0,0.0,0.0,0.0,0.0,,,,0.0,24,0.15741324921135647,Outside Top-500,limited,low,low,891
850,GNAS,Gnas,2778,homologene,0.388399882292713,0.3747371188222923,0.4052313354363828,0.3896860570997376,upstroke_downstroke_ratio_long_square,0.1487306422292085,3.9214307078451456e-19,0.1487306422292085,10,0.044624101097292,3654,1.5846298862586328,1.1314728482322527,5.222437137330754,8,5,0.0,0.0,0.0,0.0,0.0,0.0,,,,0.0,24,0.15599369085173503,Outside Top-500,limited,low,low,892
848,ITFG1,Itfg1,81533,homologene,0.3890735562467178,0.3856466876971609,0.3932702418506835,0.3894398106762808,tau,0.1368291091866415,3.0774874993652416e-16,0.1368291091866415,12,0.0570076152021126,3654,1.1387526182473109,0.7453398377705611,4.448742746615087,9,3,0.0,0.0,0.0,0.0,0.0,0.0,,,,0.0,24,0.1557833859095689,Outside Top-500,limited,low,low,893
882,STXBP5,Stxbp5,134957,homologene,0.3700301130460863,0.2737907465825447,0.4948738170347003,0.3680922056089808,latency,0.1128635114542254,4.581884205360403e-11,0.1128635114542254,10,0.0475055838510213,3654,1.9956497061395144,0.93389373945308,7.156673114119923,8,5,0.0,0.0,0.0,0.0,0.0,0.0,,,,0.0,24,0.153732912723449,Outside Top-500,limited,low,low,894
910,RASA2,Rasa2,5922,homologene,0.3459149829855281,0.169558359621451,0.5896424815983176,0.3161942629823197,tau,0.0860167249199188,3.895061962106472e-07,0.0860167249199188,8,0.0347964438854012,3654,2.2246154270399865,0.9410683956973628,7.727272727272727,9,5,0.0,0.0,0.0,0.0,0.0,0.0,,,,0.0,24,0.15184016824395372,Outside Top-500,limited,low,low,895
936,CDHR3,Cdhr3,222256,homologene,0.3281951837707043,0.1042323869610935,0.6544426919032597,0.2611783373603567,sag,-0.0655365018901166,0.0002280252207795,0.0655365018901166,7,0.0305570366516397,3654,2.16819605364553,0.7061639595276015,6.576402321083172,10,4,0.0,0.0,0.0,0.0,0.0,0.0,,,,0.0,24,0.15173501577287063,Outside Top-500,limited,low,low,896
852,SERINC1,Serinc1,57515,homologene,0.3875666197210437,0.5076235541535226,0.250788643533123,0.3567999755768276,ri,0.1656492314974251,2.8047118232443494e-23,0.1656492314974251,14,0.0808760166860583,3654,0.8296486952760045,0.4817587587361183,2.9013539651837523,8,2,0.0,0.0,0.0,0.0,0.0,0.0,,,,0.0,24,0.15168243953732913,Outside Top-500,limited,low,low,897
881,STMN2,Stmn2,11075,homologene,0.3706471639500719,0.5089379600420609,0.2154311251314406,0.3311209406757013,tau,0.1783713403659257,7.428350911652288e-27,0.1783713403659257,13,0.0680543416231226,3654,0.6170316855575941,0.2271591592816569,3.636363636363636,7,2,0.0,0.0,0.0,0.0,0.0,0.0,,,,0.0,24,0.14487381703470031,Outside Top-500,limited,low,low,898
914,UBB,Ubb,7314,same-symbol,0.3428031949406149,0.510515247108307,0.1598317560462671,0.2856510956284164,upstroke_downstroke_ratio_long_square,0.1669312418553952,8.262750273031033e-24,0.1669312418553952,14,0.0769622983603651,3654,0.4807519820654405,0.2215468788379384,2.3210831721470018,7,1,0.0,0.0,0.0,0.0,0.0,0.0,,,,0.0,24,0.13406940063091483,Outside Top-500,limited,low,low,899
946,SNX10,Snx10,29887,homologene,0.319397486756437,0.5262881177707676,0.1029179810725552,0.2327327019209861,upstroke_downstroke_ratio_long_square,0.1746270527930493,5.943803620185948e-26,0.1746270527930493,14,0.0694877099834852,3654,0.435288987445635,0.3012536244243561,1.3539651837524178,6,2,0.0,0.0,0.0,0.0,0.0,0.0,,,,0.0,24,0.12584121976866455,Outside Top-500,limited,low,low,900
949,AIG1,Aig1,51390,homologene,0.3182564257206085,0.5197160883280757,0.1065983175604626,0.2353738741340628,upstroke_downstroke_ratio_long_square,-0.1535988352668894,2.4796792116742152e-20,0.1535988352668894,15,0.0626977184092007,3654,0.3302068409019189,0.1894109248490631,1.7408123791102514,6,1,0.0,0.0,0.0,0.0,0.0,0.0,,,,0.0,24,0.12526288117770765,Outside Top-500,limited,low,low,901
995,CAMK2N1,Camk2n1,55450,homologene,0.2802125351063065,0.5420609884332283,0.0303627760252365,0.128290593512605,fast_trough_v_long_square,0.1842420774464339,1.6240432066255659e-28,0.1842420774464339,14,0.0712283839309805,3654,0.1741530028500932,0.0,0.7067137809187279,3,0,0.0,0.0,0.0,0.0,0.0,0.0,,,,0.0,24,0.11448475289169295,Outside Top-500,limited,low,low,902
802,LRP8,Lrp8,7804,homologene,0.4147171095098212,0.4350683491062039,0.3901156677181914,0.4119793435533121,threshold_i_short_square,0.168285056391925,9.94279204569223e-24,0.168285056391925,11,0.068656401526182,3654,1.1573849646727996,0.6592596443306034,4.25531914893617,9,4,0.0,0.0,0.0,0.0,0.0,0.0,,,,0.0,25,0.16503680336487908,Outside Top-500,limited,low,low,903
805,FGF14,Fgf14,2259,homologene,0.4140867132341808,0.4808096740273396,0.3354363827549947,0.4015981297881489,latency,0.1779634116355054,3.3872779751953084e-26,0.1779634116355054,12,0.0659451338445235,3654,1.3336807647531832,0.6571633620871621,3.863636363636364,8,4,0.0,0.0,0.0,0.0,0.0,0.0,,,,0.0,25,0.16324921135646686,Outside Top-500,limited,low,low,904
871,CAMK1D,Camk1d,57118,homologene,0.3777491239806994,0.2380389064143007,0.5638801261829652,0.3663678596511311,upstroke_downstroke_ratio_long_square,-0.1039615029322413,5.409458000200735e-10,0.1039615029322413,9,0.0354248170185321,3654,1.4934132643876548,0.5518245512097237,5.227272727272728,10,4,0.0,0.0,0.0,0.0,0.0,0.0,,,,0.0,25,0.1603838065194532,Outside Top-500,limited,low,low,905
828,PAK1,Pak1,5058,homologene,0.4003598307607977,0.4879074658254468,0.2985015772870662,0.381629595444367,upstroke_downstroke_ratio_long_square,-0.1810724376714322,7.883113771135774e-28,0.1810724376714322,12,0.0736479556994443,3654,0.9168486284956702,0.4395064295537355,4.061895551257253,8,3,0.0,0.0,0.0,0.0,0.0,0.0,,,,0.0,25,0.1572818086225026,Outside Top-500,limited,low,low,906
861,CPE,Cpe,1363,homologene,0.3830009226586773,0.3537066246056782,0.4194269190325972,0.3851675996235653,trough_v_long_square,0.1474179681705135,1.6439555237022706e-18,0.1474179681705135,9,0.0597113759768909,3654,1.6681808454891134,0.810548386642838,5.415860735009671,8,5,0.0,0.0,0.0,0.0,0.0,0.0,,,,0.0,25,0.15462670872765508,Outside Top-500,limited,low,low,907
858,CLVS2,Clvs2,134829,homologene,0.3844294067615301,0.3700052576235541,0.4022082018927445,0.3857708508423509,upstroke_downstroke_ratio_long_square,-0.1473329807970204,8.489459028157549e-19,0.1473329807970204,10,0.0445635500761766,3654,1.5966305674418115,0.2271591592816569,7.272727272727272,6,4,0.0,0.0,0.0,0.0,0.0,0.0,,,,0.0,25,0.1544426919032597,Outside Top-500,limited,low,low,908
875,MTUS1,Mtus1,57509,homologene,0.374353185860358,0.2941640378548896,0.477260778128286,0.3746904824037878,latency,0.1338935937330563,3.544164657281668e-15,0.1338935937330563,8,0.0411959017803071,3654,1.7661154534350714,0.706207487329057,7.156673114119923,8,5,0.0,0.0,0.0,0.0,0.0,0.0,,,,0.0,25,0.15428496319663512,Outside Top-500,limited,low,low,909
890,HSPH1,Hsph1,10808,homologene,0.3618021887456797,0.2535488958990536,0.5035488958990536,0.3573153601321843,upstroke_downstroke_ratio_long_square,-0.1039226250736191,5.477512951440395e-10,0.1039226250736191,10,0.0412449961748143,3654,1.6918550857260173,0.5312187777042905,8.51063829787234,8,4,0.0,0.0,0.0,0.0,0.0,0.0,,,,0.0,25,0.15141955835962145,Outside Top-500,limited,low,low,910
918,CLSTN1,Clstn1,22883,homologene,0.3403078249250638,0.1612776025236593,0.5888538380651945,0.3081703023329952,adaptation,-0.0685072236024766,6.644841539812976e-05,0.0685072236024766,10,0.0365245174153116,3654,1.7176743178186649,0.5829733336349037,5.415860735009671,10,4,0.0,0.0,0.0,0.0,0.0,0.0,,,,0.0,25,0.15002628811777077,Outside Top-500,limited,low,low,911
950,APBA2,Apba2,321,homologene,0.3179382796563886,0.0905625657202944,0.6529968454258676,0.2431811459160127,vrest,0.070576118772056,0.0001017687000556,0.070576118772056,5,0.0209012243689534,3654,2.5161041223610363,1.9762793442014333,5.609284332688588,10,7,0.0,0.0,0.0,0.0,0.0,0.0,,,,0.0,25,0.1487118822292324,Outside Top-500,limited,low,low,912
953,RORB,Rorb,6096,homologene,0.3166506251367878,0.0908254468980021,0.6491850683491062,0.2428220005524985,peak_v_long_square,0.0607393901636354,0.0005469660123903,0.0607393901636354,7,0.0272242131740373,3654,1.7308378305755483,0.5711584027128666,7.5,10,4,0.0,0.0,0.0,0.0,0.0,0.0,,,,0.0,25,0.14800210304942166,Outside Top-500,limited,low,low,913
877,KIFC2,Kifc2,90990,homologene,0.3736617776447273,0.5034174553101998,0.2271293375394321,0.3381432730816811,threshold_i_short_square,0.1637358024489032,1.6165389880237027e-22,0.1637358024489032,14,0.0913756426088268,3654,0.9155766085686908,0.3788218496981263,3.094777562862669,7,3,0.0,0.0,0.0,0.0,0.0,0.0,,,,0.0,25,0.14610935856992638,Outside Top-500,limited,low,low,914
883,HS3ST2,Hs3st2,9956,homologene,0.3672922325157462,0.4892218717139853,0.2291009463722397,0.3347852950708446,fast_trough_v_long_square,0.1702591618508492,1.7220838167644372e-24,0.1702591618508492,13,0.0789577441886201,3654,1.04267197325541,0.8454661012422957,2.707930367504836,7,5,0.0,0.0,0.0,0.0,0.0,0.0,,,,0.0,25,0.143664563617245,Outside Top-500,limited,low,low,915
971,NCKAP1,Nckap1,10787,homologene,0.3021949325630233,0.0979232386961093,0.599106203995794,0.2422115187562311,upstroke_downstroke_ratio_long_square,-0.0713940827462824,2.2832384775343e-05,0.0713940827462824,5,0.0257648256401116,3654,1.7636548010695254,1.1364655490943791,5.609284332688588,10,6,0.0,0.0,0.0,0.0,0.0,0.0,,,,0.0,25,0.13940588853838065,Outside Top-500,limited,low,low,916
905,DKK3,Dkk3,27122,homologene,0.3483180254252088,0.5065720294426919,0.1741587802313354,0.2970251954751505,upstroke_downstroke_ratio_long_square,0.164951733547957,2.8407198525924244e-23,0.164951733547957,14,0.0757802565283407,3654,0.7283318249253405,0.2215468788379384,2.727272727272727,6,3,0.0,0.0,0.0,0.0,0.0,0.0,,,,0.0,25,0.13614616193480544,Outside Top-500,limited,low,low,917
1003,SERF2,Serf2,10169,homologene,0.2745174513539123,0.5173501577287066,0.0385120925341745,0.1411532399451665,ri,-0.1857619820652538,5.026010111719248e-29,0.1857619820652538,13,0.0857832850332834,3654,0.1699889276951152,0.0,1.1363636363636365,3,1,0.0,0.0,0.0,0.0,0.0,0.0,,,,0.0,25,0.11117245005257623,Outside Top-500,limited,low,low,918
1015,SNHG14,Snhg14,104472715,same-symbol,0.2655808002325679,0.517875920084122,0.0262881177707676,0.1166789748747221,upstroke_downstroke_ratio_long_square,-0.2000843067002632,8.883475029861078e-34,0.2000843067002632,12,0.0601891071762324,3654,0.1027076647251624,0.0,0.4545454545454545,4,0,0.0,0.0,0.0,0.0,0.0,0.0,,,,0.0,25,0.10883280757097791,Outside Top-500,limited,low,low,919
827,CHST11,Chst11,50515,homologene,0.4006445587336804,0.4344111461619348,0.3601472134595163,0.3955400912498952,upstroke_downstroke_ratio_long_square,-0.1870167089585763,1.273958610721001e-29,0.1870167089585763,9,0.052995389147695,3654,1.1811401877909478,0.4981962538792356,3.288201160541586,9,4,0.0,0.0,0.0,0.0,0.0,0.0,,,,0.0,26,0.15891167192429023,Outside Top-500,limited,low,low,920
830,CAMK2A,Camk2a,815,homologene,0.3989306121498371,0.4219242902208202,0.3711882229232386,0.3957440176366726,threshold_v_short_square,0.134230955418788,9.818299433085566e-15,0.134230955418788,14,0.0616641503778201,3654,1.1503714396938214,0.4942579435718899,3.67504835589942,9,3,0.0,0.0,0.0,0.0,0.0,0.0,,,,0.0,26,0.15862250262881178,Outside Top-500,limited,low,low,921
832,KHDRBS3,Khdrbs3,10656,homologene,0.3985551377585877,0.4295478443743428,0.3613301787592008,0.3939652261220661,adaptation,-0.143682936250721,1.0772902541806445e-17,0.143682936250721,13,0.0648665632133592,3654,0.9520973166633916,0.4817587587361183,4.061895551257253,9,4,0.0,0.0,0.0,0.0,0.0,0.0,,,,0.0,26,0.1581756046267087,Outside Top-500,limited,low,low,922
833,BEND6,Bend6,221336,homologene,0.3983250174950078,0.4621451104100946,0.3230809674027339,0.386406896097542,upstroke_downstroke_ratio_long_square,-0.1446784057870301,3.61631062322246e-18,0.1446784057870301,14,0.0738664919106414,3654,0.9463406791952717,0.4705341978486813,2.9013539651837523,9,4,0.0,0.0,0.0,0.0,0.0,0.0,,,,0.0,26,0.1570452155625657,Outside Top-500,limited,low,low,923
895,GPHN,Gphn,10243,homologene,0.3572381795651387,0.2151682439537329,0.5478443743427971,0.3433346938298999,peak_v_long_square,0.0918963420983777,9.90149720408914e-08,0.0918963420983777,10,0.0400006788477865,3654,1.8896917125848784,0.5386960521309438,7.272727272727272,9,4,0.0,0.0,0.0,0.0,0.0,0.0,,,,0.0,26,0.152602523659306,Outside Top-500,limited,low,low,924
896,ANKRD55,Ankrd55,79722,homologene,0.3562221742583714,0.2346214511041009,0.517087276550999,0.3483098723433818,upstroke_downstroke_ratio_long_square,-0.1031155368876341,7.439992161486396e-10,0.1031155368876341,9,0.0350994879717873,3654,1.397560208685129,0.6571633620871621,4.061895551257253,10,4,0.0,0.0,0.0,0.0,0.0,0.0,,,,0.0,26,0.15034174553101998,Outside Top-500,limited,low,low,925
911,SUGP2,Sugp2,10147,homologene,0.3458793891626037,0.1917718191377497,0.555205047318612,0.3263015199455109,threshold_i_short_square,0.0820484527095609,1.623760251610782e-06,0.0820484527095609,10,0.0395087515148127,3654,1.9279903819045443,0.5607555001205362,7.350096711798839,9,4,0.0,0.0,0.0,0.0,0.0,0.0,,,,0.0,26,0.14939537329127234,Outside Top-500,limited,low,low,926
885,HECTD2,Hectd2,143279,homologene,0.3661897472769604,0.3293901156677182,0.4121976866456361,0.3684750245025732,upstroke_downstroke_ratio_long_square,-0.0955402675719928,1.227883277094131e-08,0.0955402675719928,14,0.0520524644068002,3654,1.3060594673560435,0.8336790603854022,4.448742746615087,9,5,0.0,0.0,0.0,0.0,0.0,0.0,,,,0.0,26,0.14831756046267086,Outside Top-500,limited,low,low,927
900,BICC1,Bicc1,80114,homologene,0.3539118535062624,0.2468454258675079,0.4942166140904311,0.3492779846711646,upstroke_downstroke_ratio_long_square,-0.1128872272159854,1.4743078548040025e-11,0.1128872272159854,8,0.0403902244280415,3654,2.385493839302109,0.9514475198790162,7.350096711798839,7,5,0.0,0.0,0.0,0.0,0.0,0.0,,,,0.0,26,0.1482124079915878,Outside Top-500,limited,low,low,928
892,PLS3,Pls3,5358,homologene,0.360329017219792,0.335173501577287,0.3915615141955835,0.3622720577077927,threshold_i_short_square,0.1280409645476573,3.3603706892118846e-14,0.1280409645476573,11,0.0550420719765427,3654,1.345814266564604,0.5445614793694978,5.609284332688588,8,3,0.0,0.0,0.0,0.0,0.0,0.0,,,,0.0,26,0.1453470031545741,Outside Top-500,limited,low,low,929
939,SV2B,Sv2b,9899,homologene,0.3257898712617601,0.1406414300736067,0.5859621451104101,0.2870723846999679,avg_isi,0.0861791277554589,4.57186844776614e-07,0.0861791277554589,6,0.0338960768521549,3654,2.3008809057594086,0.933366646610714,7.350096711798839,9,5,0.0,0.0,0.0,0.0,0.0,0.0,,,,0.0,26,0.14532071503680336,Outside Top-500,limited,low,low,930
902,BTBD9,Btbd9,114781,homologene,0.3519890864618823,0.2908780231335436,0.4296792849631967,0.3535311315733442,tau,0.1239447802835172,1.5261076046449784e-13,0.1239447802835172,9,0.0451365396127194,3654,1.3803825814894397,0.4817587587361183,4.7727272727272725,9,3,0.0,0.0,0.0,0.0,0.0,0.0,,,,0.0,26,0.14411146161934804,Outside Top-500,limited,low,low,931
907,PLEKHA1,Plekha1,59338,homologene,0.3464817179283626,0.2584121976866456,0.4605678233438486,0.3449874539951253,upstroke_downstroke_ratio_long_square,-0.1170017677328079,2.541385347315313e-12,0.1170017677328079,8,0.0355809354664676,3654,1.069641371152123,0.4864107447507337,3.481624758220503,10,3,0.0,0.0,0.0,0.0,0.0,0.0,,,,0.0,26,0.14379600420609884,Outside Top-500,limited,low,low,932
974,SLC4A10,Slc4a10,57282,homologene,0.3010521366669029,0.0747896950578338,0.6390641430073607,0.2186216191915073,upstroke_downstroke_ratio_long_square,-0.061447954840703,0.0002734984293566,0.061447954840703,5,0.0315777464200816,3654,3.1483224286853533,1.1077343941896922,11.136363636363637,8,5,0.0,0.0,0.0,0.0,0.0,0.0,,,,0.0,26,0.14277076761303892,Outside Top-500,limited,low,low,933
969,NR4A2,Nr4a2,4929,homologene,0.3025373120553917,0.0789957939011566,0.6348580441640378,0.2239444467122901,tau,-0.0630842511483101,0.0002271370852371,0.0630842511483101,5,0.026571318505782,3654,1.7063548912208002,0.5661364923037482,7.156673114119923,10,4,0.0,0.0,0.0,0.0,0.0,0.0,,,,0.0,26,0.1427707676130389,Outside Top-500,limited,low,low,934
889,EVL,Evl,51466,homologene,0.3644577558331314,0.4750262881177707,0.2383017875920084,0.3364515026146579,upstroke_downstroke_ratio_long_square,-0.1622534939588029,1.4914226472626576e-22,0.1622534939588029,13,0.0605230997055026,3654,0.8319395215266091,0.4285676139954251,2.5,8,3,0.0,0.0,0.0,0.0,0.0,0.0,,,,0.0,26,0.1426656151419558,Outside Top-500,limited,low,low,935
888,NMNAT2,Nmnat2,23057,homologene,0.3646736656871362,0.5018401682439537,0.2108307045215562,0.3252742169740619,adaptation,-0.1626574262672527,2.183729187278969e-22,0.1626574262672527,14,0.0659864757037893,3654,0.8088916099192567,0.4395064295537355,2.9013539651837523,7,3,0.0,0.0,0.0,0.0,0.0,0.0,,,,0.0,26,0.14253417455310197,Outside Top-500,limited,low,low,936
913,ENO1,Eno1,2023,homologene,0.3440873951561151,0.2631440588853838,0.4484752891692955,0.343531087242195,threshold_i_long_square,0.0995277899414597,3.505373913063159e-09,0.0995277899414597,11,0.0548316063871598,3654,0.954238955095606,0.4817587587361183,3.481624758220503,10,4,0.0,0.0,0.0,0.0,0.0,0.0,,,,0.0,26,0.14232386961093585,Outside Top-500,limited,low,low,937
893,SNAP25,Snap25,6616,homologene,0.3598979256645773,0.4631966351209253,0.2415878023133543,0.3345185452524344,threshold_i_short_square,0.1572346622629003,7.879340689978512e-21,0.1572346622629003,13,0.0660360276374457,3654,0.9875312846144684,0.6559577263879812,3.288201160541586,7,3,0.0,0.0,0.0,0.0,0.0,0.0,,,,0.0,26,0.14095688748685592,Outside Top-500,limited,low,low,938
982,APBB1,Apbb1,322,homologene,0.2909952667296426,0.0860935856992639,0.591745531019979,0.2257110865399061,threshold_v_short_square,0.058835231960627,0.0011908893703685,0.058835231960627,7,0.0267722787157974,3654,1.747352342818233,0.8093649446275935,5.415860735009671,10,5,0.0,0.0,0.0,0.0,0.0,0.0,,,,0.0,26,0.13556782334384856,Outside Top-500,limited,low,low,939
1027,NEK10,Nek10,152110,same-symbol,0.2537325460274537,0.0176130389064143,0.6415615141955836,0.1063007427555653,threshold_v_ramp,0.0413992807012752,0.0236156825319365,0.0413992807012752,1,0.0188859690444311,3654,2.875753547265307,1.8821367913947251,8.317214700193423,9,8,0.0,0.0,0.0,0.0,0.0,0.0,,,,0.0,26,0.1318349106203996,Outside Top-500,limited,low,low,940
844,TUBA1A,Tuba1a,7846,homologene,0.3922805780708727,0.4274447949526814,0.3501577287066246,0.3868760764742371,upstroke_downstroke_ratio_long_square,0.133980494045066,9.147327630009037e-16,0.133980494045066,14,0.0614228056686552,3654,0.9521692914118428,0.5312187777042905,3.67504835589942,9,4,0.0,0.0,0.0,0.0,0.0,0.0,,,,0.0,27,0.15552050473186121,Outside Top-500,limited,low,low,941
873,ENO2,Eno2,2026,homologene,0.3751149729186667,0.4400630914826498,0.2987644584647739,0.3625951064440171,upstroke_downstroke_ratio_long_square,-0.1697552060374338,1.3964501731980831e-24,0.1697552060374338,11,0.0495327306169981,3654,0.7729188317180815,0.3171491732930054,2.727272727272727,9,2,0.0,0.0,0.0,0.0,0.0,0.0,,,,0.0,27,0.14776550998948473,Outside Top-500,limited,low,low,942
876,GPC1,Gpc1,2817,homologene,0.3739234962662884,0.4484752891692955,0.2868033648790746,0.3586421921621464,upstroke_downstroke_ratio_long_square,0.1495292284269822,2.514492569571887e-19,0.1495292284269822,13,0.072274994291514,3654,1.0123740607488687,0.2271591592816569,3.409090909090909,8,3,0.0,0.0,0.0,0.0,0.0,0.0,,,,0.0,27,0.14705573080967402,Outside Top-500,limited,low,low,943
906,PRKCE,Prkce,5581,homologene,0.346886194715028,0.2368559411146162,0.4915878023133544,0.3412264520188836,tau,-0.0912998263160301,6.823411020356478e-08,0.0912998263160301,11,0.0446877465936219,3654,1.527198417238722,0.6545641305145324,6.382978723404255,9,3,0.0,0.0,0.0,0.0,0.0,0.0,,,,0.0,27,0.14568874868559412,Outside Top-500,limited,low,low,944
928,LRRC8B,Lrrc8b,23507,homologene,0.3361655099884278,0.194794952681388,0.5269453207150369,0.3203845951577017,tau,-0.0937752791284285,2.9230469972275545e-08,0.0937752791284285,8,0.0308772799028716,3654,1.226266368424166,0.8459985471561052,5.029013539651838,10,4,0.0,0.0,0.0,0.0,0.0,0.0,,,,0.0,27,0.14434805467928497,Outside Top-500,limited,low,low,945
903,PREPL,Prepl,9581,homologene,0.3501811127233505,0.3218980021030494,0.3853838065194532,0.3522133974758486,upstroke_downstroke_ratio_long_square,-0.1304484471500638,5.186989787914891e-15,0.1304484471500638,10,0.0416549530966451,3654,1.4938785634926472,0.8983566449872471,4.835589941972921,8,5,0.0,0.0,0.0,0.0,0.0,0.0,,,,0.0,27,0.14145636172450052,Outside Top-500,limited,low,low,946
922,CSGALNACT1,Csgalnact1,55790,homologene,0.3386540922279659,0.2573606729758149,0.4436119873817035,0.3378879690262645,upstroke_downstroke_ratio_long_square,-0.1168185649469919,2.7429153742008235e-12,0.1168185649469919,8,0.0437807259553902,3654,1.274109991284737,0.405274193321419,5.609284332688588,9,4,0.0,0.0,0.0,0.0,0.0,0.0,,,,0.0,27,0.14019453207150367,Outside Top-500,limited,low,low,947
930,NCDN,Ncdn,23154,homologene,0.3346680702950352,0.2394847528916929,0.4588590956887486,0.3314962400135568,threshold_i_short_square,0.099142826120318,5.722103939443639e-09,0.099142826120318,10,0.0395592028932057,3654,0.9871774049882516,0.6571633620871621,3.67504835589942,10,3,0.0,0.0,0.0,0.0,0.0,0.0,,,,0.0,27,0.1396687697160883,Outside Top-500,limited,low,low,948
898,GNB5,Gnb5,10681,homologene,0.3558827609102775,0.452944269190326,0.2443480546792849,0.3326801031844053,ri,-0.1304959058013166,7.190315679754865e-15,0.1304959058013166,15,0.0685983497934373,3654,0.8070277652130654,0.5138511849235381,2.727272727272727,8,4,0.0,0.0,0.0,0.0,0.0,0.0,,,,0.0,27,0.13945846477392218,Outside Top-500,limited,low,low,949
901,EFR3B,Efr3b,22979,homologene,0.3535075543889351,0.4705573080967403,0.2208201892744479,0.3223484974967261,tau,-0.1867445477811309,2.339378776659205e-29,0.1867445477811309,11,0.0680198023459512,3654,0.7932864963645766,0.0,5.029013539651838,3,2,0.0,0.0,0.0,0.0,0.0,0.0,,,,0.0,27,0.13827549947423762,Outside Top-500,limited,low,low,950
921,PPP2R5C,Ppp2r5c,5527,same-symbol,0.3389835554200429,0.3292586750788643,0.3509463722397476,0.3399296067532118,upstroke_downstroke_ratio_long_square,-0.1339763254832385,9.151293870749774e-16,0.1339763254832385,10,0.0459284143673671,3654,0.9572660951254636,0.4257261648951245,3.67504835589942,9,4,0.0,0.0,0.0,0.0,0.0,0.0,,,,0.0,27,0.13604100946372238,Outside Top-500,limited,low,low,951
998,KIFAP3,Kifap3,22920,homologene,0.2790669174724929,0.0561251314405888,0.6186908517350158,0.1863440510848619,upstroke_downstroke_ratio_long_square,-0.0512085903952257,0.0025373523752241,0.0512085903952257,5,0.0243528187925887,3654,1.7561853424501657,0.8928833958972449,6.382978723404255,10,5,0.0,0.0,0.0,0.0,0.0,0.0,,,,0.0,27,0.13496319663512094,Outside Top-500,limited,low,low,952
1023,ANKRD36,Ankrd36,375248,same-symbol,0.2573584704541325,0.0236593059936908,0.6348580441640378,0.1225573364977922,peak_v_long_square,-0.0447971505830851,0.0125413987932007,0.0447971505830851,2,0.0209714955757785,3654,2.1970154520870766,1.4642690647190375,10.444874274661508,9,7,0.0,0.0,0.0,0.0,0.0,0.0,,,,0.0,27,0.13170347003154573,Outside Top-500,limited,low,low,953
988,CTNNAL1,Ctnnal1,8727,homologene,0.2860470899331893,0.0968717139852786,0.5596740273396424,0.2328445453546955,threshold_v_short_square,0.0641038861265771,0.0003846797530376,0.0641038861265771,7,0.0318582413809063,3654,1.3659679345763496,0.7285029964394056,5.609284332688588,10,4,0.0,0.0,0.0,0.0,0.0,0.0,,,,0.0,27,0.13130914826498422,Outside Top-500,limited,low,low,954
987,LARP1B,Larp1b,55132,same-symbol,0.2860570972193254,0.1039695057833859,0.5473186119873817,0.2385465271060906,tau,0.0739348886815018,1.408893835870454e-05,0.0739348886815018,5,0.0320148712409103,3654,1.678526539242584,0.5312187777042905,7.7369439071566735,9,4,0.0,0.0,0.0,0.0,0.0,0.0,,,,0.0,27,0.13025762355415355,Outside Top-500,limited,low,low,955
940,VSNL1,Vsnl1,7447,homologene,0.3240240754263723,0.4889589905362775,0.1449789695057834,0.2662494517901165,ri,0.1701175375897894,1.6945975385973555e-24,0.1701175375897894,13,0.0744835066015411,3654,0.5434944308981113,0.3766058735299871,1.5473887814313343,7,3,0.0,0.0,0.0,0.0,0.0,0.0,,,,0.0,27,0.1267875920084122,Outside Top-500,limited,low,low,956
951,CACNG8,Cacng8,59283,homologene,0.3178761835673594,0.4729232386961093,0.1486593059936908,0.2651498452815921,upstroke_downstroke_ratio_long_square,-0.1741314036068188,8.235733703060804e-26,0.1741314036068188,12,0.0676592150119305,3654,0.5532031153898945,0.1984908394902251,1.5909090909090908,7,3,0.0,0.0,0.0,0.0,0.0,0.0,,,,0.0,27,0.12431650893796002,Outside Top-500,limited,low,low,957
866,MORF4L2,Morf4l2,9643,homologene,0.3797519187017297,0.4274447949526814,0.3230809674027339,0.3716171119103311,ri,0.1343315786148081,1.0990032218829634e-15,0.1343315786148081,14,0.0691321540270279,3654,0.8423883692559417,0.6538614441445401,3.288201160541586,9,3,0.0,0.0,0.0,0.0,0.0,0.0,,,,0.0,28,0.15010515247108308,Outside Top-500,limited,low,low,958
878,GFOD1,Gfod1,54438,homologene,0.3733661711867417,0.4474237644584648,0.2868033648790746,0.3582214973637822,upstroke_downstroke_ratio_long_square,-0.1613856714326458,2.528324079381424e-22,0.1613856714326458,12,0.0557046396936536,3654,0.7881589461458736,0.6326864993979114,2.3210831721470018,9,2,0.0,0.0,0.0,0.0,0.0,0.0,,,,0.0,28,0.14684542586750787,Outside Top-500,limited,low,low,959
933,ATP2C1,Atp2c1,27032,homologene,0.3324978508774782,0.1924290220820189,0.5215562565720294,0.3168005057017968,threshold_v_short_square,0.1060959967812481,1.4318661364927603e-09,0.1060959967812481,6,0.0382820131618666,3654,2.085932147970428,1.0746066850440743,7.7369439071566735,8,6,0.0,0.0,0.0,0.0,0.0,0.0,,,,0.0,28,0.14279705573080967,Outside Top-500,limited,low,low,960
934,NTNG2,Ntng2,84628,homologene,0.3310335644022549,0.2304153522607781,0.4629337539432177,0.3265992100238928,tau,-0.1211173609640198,5.475611333708096e-13,0.1211173609640198,5,0.0396316343295458,3654,1.293317805671855,1.215822579964257,2.808988764044944,10,5,0.0,0.0,0.0,0.0,0.0,0.0,,,,0.0,28,0.13866982124079916,Outside Top-500,limited,low,low,961
920,NWD2,Nwd2,57495,homologene,0.3395020893452204,0.3140115667718191,0.3711882229232388,0.3414050313738412,upstroke_downstroke_ratio_long_square,0.1443961118018081,4.2033330864415444e-18,0.1443961118018081,7,0.0337406648907419,3654,1.4089348012319287,0.0,7.543520309477756,4,3,0.0,0.0,0.0,0.0,0.0,0.0,,,,0.0,28,0.13703995793901158,Outside Top-500,limited,low,low,962
941,LRRFIP2,Lrrfip2,9209,same-symbol,0.3234088643201377,0.2553890641430074,0.41062039957939,0.3238332280149895,upstroke_downstroke_ratio_long_square,-0.1228236342620773,1.9114408674944698e-13,0.1228236342620773,7,0.0326548988790883,3654,1.4752059724171254,0.4738821381214269,5.802707930367505,8,4,0.0,0.0,0.0,0.0,0.0,0.0,,,,0.0,28,0.1332018927444795,Outside Top-500,limited,low,low,963
944,SLC6A7,Slc6a7,6534,homologene,0.3217597417812121,0.2463196635120925,0.4190325972660357,0.32127242078829,threshold_i_ramp,0.0934535380270781,3.1563369967937965e-08,0.0934535380270781,11,0.0528508990441275,3654,1.25130275530421,0.3857571180930132,4.835589941972921,9,3,0.0,0.0,0.0,0.0,0.0,0.0,,,,0.0,28,0.13307045215562563,Outside Top-500,limited,low,low,964
955,PPP2R2C,Ppp2r2c,5522,homologene,0.315524218423494,0.2607781282860147,0.3851209253417455,0.3169086841258826,upstroke_downstroke_ratio_long_square,-0.1180726596735852,1.5974280493152337e-12,0.1180726596735852,8,0.0363653479933341,3654,1.284866660748539,0.4464416979486224,3.67504835589942,9,4,0.0,0.0,0.0,0.0,0.0,0.0,,,,0.0,28,0.12917981072555204,Outside Top-500,limited,low,low,965
1016,SATB2,Satb2,23314,homologene,0.2653071472207249,0.051130389064143,0.5927970557308097,0.1740975131803862,peak_v_long_square,0.0575782598343448,0.0010863796154589,0.0575782598343448,3,0.0207716676240569,3654,2.418879446438289,0.6319739310753432,7.350096711798839,9,4,0.0,0.0,0.0,0.0,0.0,0.0,,,,0.0,28,0.12878548895899053,Outside Top-500,limited,low,low,966
1022,KIF3C,Kif3c,3797,homologene,0.2588277629517624,0.0513932702418506,0.5751840168243953,0.1719319272719565,threshold_i_short_square,0.0534834134580395,0.0021222168718399,0.0534834134580395,4,0.0250446912079626,3654,1.5147150696657,1.062437555408581,5.609284332688588,10,6,0.0,0.0,0.0,0.0,0.0,0.0,,,,0.0,28,0.12531545741324918,Outside Top-500,limited,low,low,967
1044,FBXL7,Fbxl7,23194,homologene,0.2415952425696982,0.020241850683491,0.6012092534174552,0.1103158553300896,threshold_i_ramp,0.0405097994201425,0.0195759735743724,0.0405097994201425,2,0.0201650250914714,3654,2.522063211900254,0.4892360331627716,7.420494699646643,9,4,0.0,0.0,0.0,0.0,0.0,0.0,,,,0.0,28,0.12429022082018926,Outside Top-500,limited,low,low,968
981,SCG5,Scg5,6447,homologene,0.2919589654811897,0.4865930599369085,0.0893796004206098,0.2085461418118368,threshold_i_long_square,-0.1951267634369811,5.876568587795602e-32,0.1951267634369811,11,0.076578705059469,3654,0.3379724435363028,0.0469043151969981,1.5909090909090908,5,1,0.0,0.0,0.0,0.0,0.0,0.0,,,,0.0,28,0.11519453207150365,Outside Top-500,limited,low,low,969
887,GNAL,Gnal,2774,homologene,0.3652113601654654,0.4411146161934805,0.2766824395373291,0.3493546452016701,upstroke_downstroke_ratio_long_square,-0.1240266494390283,1.1021697940088273e-13,0.1240266494390283,15,0.0746656899071511,3654,0.8900603453531508,0.6264210039717356,3.481624758220503,8,3,0.0,0.0,0.0,0.0,0.0,0.0,,,,0.0,29,0.1435594111461619,Outside Top-500,limited,low,low,970
897,CAMK2B,Camk2b,816,homologene,0.356098038379584,0.3838065194532071,0.3228180862250263,0.3519938722344078,upstroke_downstroke_ratio_long_square,0.1441735233333976,4.7366695720818415e-18,0.1441735233333976,11,0.0547930803335204,3654,1.432305235357677,0.6169307538052583,4.25531914893617,7,4,0.0,0.0,0.0,0.0,0.0,0.0,,,,0.0,29,0.14132492113564668,Outside Top-500,limited,low,low,971
937,SYT13,Syt13,57586,homologene,0.3279954963530285,0.2275236593059937,0.4597791798107256,0.323435683657887,f_i_curve_slope,0.0942647669226574,2.7826555458326324e-08,0.0942647669226574,10,0.0478463030491359,3654,1.1622506764323997,0.4705341978486813,3.1818181818181817,10,4,0.0,0.0,0.0,0.0,0.0,0.0,,,,0.0,29,0.13746056782334387,Outside Top-500,limited,low,low,972
952,RNF180,Rnf180,285671,homologene,0.3175857962322517,0.2774710830704521,0.3680336487907465,0.3195601588689348,upstroke_downstroke_ratio_long_square,0.1324244330231077,1.9729690390939684e-15,0.1324244330231077,7,0.0354417140261986,3654,1.3403386739847811,0.4705341978486813,4.835589941972921,8,4,0.0,0.0,0.0,0.0,0.0,0.0,,,,0.0,29,0.12910094637223973,Outside Top-500,limited,low,low,973
983,ARHGEF7,Arhgef7,8874,homologene,0.2904741717626312,0.1491850683491062,0.4844900105152471,0.2688469366259848,threshold_v_short_square,0.0864073816807816,1.136255664831474e-06,0.0864073816807816,7,0.0356198261580538,3654,1.6929693743535783,0.8861875153517538,7.543520309477756,8,5,0.0,0.0,0.0,0.0,0.0,0.0,,,,0.0,29,0.12673501577287066,Outside Top-500,limited,low,low,974
947,SNCB,Sncb,6620,homologene,0.3190619575524713,0.4468980021030495,0.1765247108307045,0.2808710390767627,threshold_i_long_square,0.1396815377462592,6.65771292631308e-17,0.1396815377462592,14,0.0868643299695626,3654,0.468365534186842,0.1928785590465066,1.5909090909090908,8,2,0.0,0.0,0.0,0.0,0.0,0.0,,,,0.0,29,0.1246845425867508,Outside Top-500,limited,low,low,975
996,SLC17A7,Slc17a7,57030,homologene,0.2801849592272378,0.1274973711882229,0.4932965299684542,0.2507867835178926,fast_trough_v_long_square,0.0807717990480931,1.9711229083175744e-06,0.0807717990480931,6,0.0349731208543333,3654,1.3152318032340204,1.062437555408581,3.67504835589942,10,6,0.0,0.0,0.0,0.0,0.0,0.0,,,,0.0,29,0.12415878023133542,Outside Top-500,limited,low,low,976
1048,SPAG16,Spag16,79582,homologene,0.2401693879731505,0.0343059936908517,0.5626971608832808,0.138938422515595,peak_v_long_square,0.0480314023294351,0.0071254001561989,0.0480314023294351,3,0.022619971671372,3654,2.201120894917288,0.8623029425734512,6.818181818181818,9,5,0.0,0.0,0.0,0.0,0.0,0.0,,,,0.0,29,0.11940063091482651,Outside Top-500,limited,low,low,977
1043,MEIS2,Meis2,4212,homologene,0.2425970694387997,0.0445583596214511,0.5466614090431126,0.1560715722202867,ri,-0.0460661376841687,0.007898138443307,0.0460661376841687,5,0.0261986876966369,3654,1.6523951782988309,0.6545641305145324,4.25531914893617,10,4,0.0,0.0,0.0,0.0,0.0,0.0,,,,0.0,29,0.11824395373291272,Outside Top-500,limited,low,low,978
1029,GDI1,Gdi1,2664,homologene,0.2528749756983292,0.0766298633017875,0.5109095688748685,0.1978659405316044,avg_isi,0.0628100073398004,0.0002735081561495,0.0628100073398004,5,0.0241145128304158,3654,1.142327950230097,0.5786356771395198,4.835589941972921,10,3,0.0,0.0,0.0,0.0,0.0,0.0,,,,0.0,29,0.11750788643533121,Outside Top-500,limited,low,low,979
1010,GNG3,Gng3,2785,homologene,0.2718291706090369,0.4855415352260777,0.0571766561514195,0.1666182505215254,tau,0.1539341051475768,2.988811462399783e-20,0.1539341051475768,14,0.0725254958223072,3654,0.2132448191460819,0.0,1.3539651837524178,4,1,0.0,0.0,0.0,0.0,0.0,0.0,,,,0.0,29,0.10854363827549944,Outside Top-500,limited,low,low,980
1004,CYCS,Cycs,54205,homologene,0.2734264430691653,0.4695057833859096,0.0722923238696109,0.1842326359557111,threshold_i_long_square,0.1480271787042908,7.800658756605007e-19,0.1480271787042908,14,0.0807389441759823,3654,0.2644781217516991,0.0469043151969981,1.3539651837524178,5,1,0.0,0.0,0.0,0.0,0.0,0.0,,,,0.0,29,0.10835962145110409,Outside Top-500,limited,low,low,981
912,HMBOX1,Hmbox1,79618,homologene,0.3455199941431033,0.4311251314405888,0.2465825446898002,0.3260489717670414,upstroke_downstroke_ratio_long_square,-0.1350796510134221,5.27126741988559e-16,0.1350796510134221,14,0.0618596529959315,3654,0.894492198952886,0.3173913908206763,3.67504835589942,7,3,0.0,0.0,0.0,0.0,0.0,0.0,,,,0.0,30,0.1355415352260778,Outside Top-500,limited,low,low,982
948,EXOC6,Exoc6,54536,homologene,0.3185289751405144,0.2118822292323869,0.459384858044164,0.3119863583524143,tau,0.100826208874017,2.280711375928809e-09,0.100826208874017,8,0.0353371950357873,3654,1.6486428712758614,0.7061639595276015,6.963249516441006,8,4,0.0,0.0,0.0,0.0,0.0,0.0,,,,0.0,30,0.1342534174553102,Outside Top-500,limited,low,low,983
927,NDUFA10,Ndufa10,4705,homologene,0.3364134703435007,0.3493690851735015,0.3207150368033649,0.3347355956712364,upstroke_downstroke_ratio_long_square,-0.1225871055417898,2.129230021257215e-13,0.1225871055417898,12,0.0642341264143585,3654,0.9231822679291678,0.4200425545295418,2.9013539651837523,9,3,0.0,0.0,0.0,0.0,0.0,0.0,,,,0.0,30,0.13401682439537327,Outside Top-500,limited,low,low,984
923,GSG1L,Gsg1l,146395,homologene,0.3386166169707382,0.379863301787592,0.2895636172450053,0.3316543256528493,ri,-0.1433353003292562,1.0444826224402969e-17,0.1433353003292562,11,0.0660946049539961,3654,0.8487787248083254,0.5661364923037482,2.127659574468085,9,3,0.0,0.0,0.0,0.0,0.0,0.0,,,,0.0,30,0.13388538380651943,Outside Top-500,limited,low,low,985
931,SARAF,Saraf,51669,homologene,0.3345760056729133,0.4016824395373291,0.2561777076761304,0.3207835509723477,ri,0.1347576287251904,8.916887759277808e-16,0.1347576287251904,13,0.0658779610667291,3654,0.6161471303014708,0.3132105019858678,1.7408123791102514,9,3,0.0,0.0,0.0,0.0,0.0,0.0,,,,0.0,30,0.13157202944269192,Outside Top-500,limited,low,low,986
961,MAP9,Map9,79884,homologene,0.3115928289705854,0.2225289169295478,0.4278391167192429,0.308555627502769,threshold_i_short_square,0.0990716316092821,5.853977506497346e-09,0.0990716316092821,9,0.0390224657349617,3654,1.6567523427240984,0.46694686972654,7.156673114119923,7,3,0.0,0.0,0.0,0.0,0.0,0.0,,,,0.0,30,0.13007360672975815,Outside Top-500,limited,low,low,987
962,FOXG1,Foxg1,2290,homologene,0.3111226960814622,0.2260778128286014,0.4217928496319663,0.3088009146870166,tau,-0.1058994059228732,3.2836338378410207e-10,0.1058994059228732,8,0.0342010159062916,3654,1.7544795243901312,1.1416325515119987,5.222437137330754,8,5,0.0,0.0,0.0,0.0,0.0,0.0,,,,0.0,30,0.12957413249211353,Outside Top-500,limited,low,low,988
945,GULP1,Gulp1,51454,homologene,0.3203722034364206,0.4371713985278653,0.1890115667718191,0.2874551286437227,ri,0.1368174311760799,3.1727356791252103e-16,0.1368174311760799,14,0.0732417526760138,3654,0.5840597153691324,0.1839415170699079,2.9013539651837523,7,2,0.0,0.0,0.0,0.0,0.0,0.0,,,,0.0,30,0.1252365930599369,Outside Top-500,limited,low,low,989
975,MAP2K1,Map2k1,5604,homologene,0.2986470413856619,0.2578864353312303,0.3500262881177707,0.3004447232269425,avg_isi,0.1301256923533442,1.186686177108096e-14,0.1301256923533442,6,0.0405077954800851,3654,1.3662568777533406,0.2832195552430594,6.363636363636363,6,4,0.0,0.0,0.0,0.0,0.0,0.0,,,,0.0,30,0.12158254468980019,Outside Top-500,limited,low,low,990
986,ATL1,Atl1,51062,homologene,0.2880134597851904,0.2338328075709779,0.3571240799158779,0.2889763420384652,tau,0.103099302604529,9.609488585009558e-10,0.103099302604529,9,0.0433560884558514,3654,1.364739405936202,0.6326864993979114,4.318181818181818,8,4,0.0,0.0,0.0,0.0,0.0,0.0,,,,0.0,30,0.11819137749737116,Outside Top-500,limited,low,low,991
1021,GRIN1,Grin1,2902,homologene,0.2589745981020893,0.1133017875920084,0.4633280757097792,0.2291198359363139,adaptation,0.0627596774196524,0.0002737247139195,0.0627596774196524,8,0.0327646605166817,3654,1.2216375252077558,0.4817587587361183,3.094777562862669,10,4,0.0,0.0,0.0,0.0,0.0,0.0,,,,0.0,30,0.11532597266035752,Outside Top-500,limited,low,low,992
1055,SNED1,Sned1,25992,homologene,0.2379819206172294,0.056782334384858,0.5097266035751841,0.1701277944636445,peak_v_long_square,0.0622756268598194,0.0003837217170948,0.0622756268598194,2,0.0186369939176232,3654,2.145586264550272,0.6816870968383508,7.272727272727272,8,3,0.0,0.0,0.0,0.0,0.0,0.0,,,,0.0,30,0.11330178759200842,Outside Top-500,limited,low,low,993
1086,TESPA1,Tespa1,9840,homologene,0.208060309206052,0.007229232386961,0.5491587802313355,0.0630079077547605,latency,-0.0311841205561841,0.0927012632401161,0.0311841205561841,0,0.0130855842364021,3654,1.9693005841233056,0.6983308667143655,7.045454545454546,9,5,0.0,0.0,0.0,0.0,0.0,0.0,,,,0.0,30,0.1112776025236593,Outside Top-500,limited,low,low,994
1024,THY1,Thy1,7070,homologene,0.2572592790834545,0.4663512092534174,0.0490273396424816,0.1512083302227403,upstroke_downstroke_ratio_long_square,0.1587291950475357,1.2321616480911057e-21,0.1587291950475357,13,0.0924397332691443,3654,0.2709006841590858,0.0,1.060070671378092,3,1,0.0,0.0,0.0,0.0,0.0,0.0,,,,0.0,30,0.10307570977917979,Outside Top-500,limited,low,low,995
935,SCRN1,Scrn1,9805,homologene,0.3297578905538899,0.3485804416403785,0.3070452155625657,0.3271543318441074,tau,0.1330909447073308,1.9880700792743607e-15,0.1330909447073308,11,0.053580142941919,3654,1.0986657085495044,0.4738821381214269,3.67504835589942,8,4,0.0,0.0,0.0,0.0,0.0,0.0,,,,0.0,31,0.13112513144058885,Outside Top-500,limited,low,low,996
968,EXT1,Ext1,2131,homologene,0.3031126175849004,0.1920347003154574,0.4509726603575184,0.2942828565890657,threshold_v_long_square,0.0830930872044639,1.954762075820355e-06,0.0830930872044639,10,0.0418208392458187,3654,1.4606330018883076,0.4817587587361183,5.222437137330754,9,4,0.0,0.0,0.0,0.0,0.0,0.0,,,,0.0,31,0.12860147213459516,Outside Top-500,limited,low,low,997
943,RHBDD2,Rhbdd2,57414,homologene,0.3224179165813391,0.3957676130389064,0.2372502628811777,0.3064244935270951,tau,0.139988225041019,5.985734066781482e-17,0.139988225041019,12,0.0499548236963368,3654,0.7597100884839179,0.2271591592816569,3.8684719535783367,7,2,0.0,0.0,0.0,0.0,0.0,0.0,,,,0.0,31,0.12660357518401683,Outside Top-500,limited,low,low,998
972,CAMKK1,Camkk1,84254,homologene,0.3018019815248371,0.2124079915878023,0.4187697160883281,0.2982449233970562,latency,0.1022673733368452,2.7923680693423623e-09,0.1022673733368452,8,0.0411855152254657,3654,1.2512380857860903,0.6401637738245647,4.835589941972921,9,3,0.0,0.0,0.0,0.0,0.0,0.0,,,,0.0,31,0.12623554153522606,Outside Top-500,limited,low,low,999
957,AEBP2,Aebp2,121536,homologene,0.3146165981789676,0.4056256572029442,0.2104363827549947,0.2921615923669726,upstroke_downstroke_ratio_long_square,-0.1524702692897594,4.7191680301062336e-20,0.1524702692897594,11,0.050145865752776,3654,0.6289127011276399,0.4562222567546568,2.127659574468085,8,2,0.0,0.0,0.0,0.0,0.0,0.0,,,,0.0,31,0.12321240799158777,Outside Top-500,limited,low,low,1000
959,AMMECR1,Ammecr1,9949,homologene,0.3124006497527818,0.370925341745531,0.2438222923238696,0.3007322182696927,upstroke_downstroke_ratio_long_square,-0.1395739647546673,5.406578739774293e-17,0.1395739647546673,11,0.0568752047127102,3654,0.8088437816350004,0.4177733781571906,3.8684719535783367,7,2,0.0,0.0,0.0,0.0,0.0,0.0,,,,0.0,31,0.12294952681388012,Outside Top-500,limited,low,low,1001
966,DHCR24,Dhcr24,1718,homologene,0.3061312079104226,0.297055730809674,0.317297581493165,0.3070098776173077,upstroke_downstroke_ratio_long_square,0.0935674179919612,2.4741362406340746e-08,0.0935674179919612,13,0.0522629022826088,3654,0.8047964285993133,0.3900464105855633,3.288201160541586,9,3,0.0,0.0,0.0,0.0,0.0,0.0,,,,0.0,31,0.12287066246056781,Outside Top-500,limited,low,low,1002
967,SMYD3,Smyd3,64754,homologene,0.3056337359234725,0.3506834910620399,0.252365930599369,0.2974904461788769,tau,0.1517047332890615,1.071767122281682e-19,0.1517047332890615,8,0.0482090829945921,3654,1.0926821751559797,0.940685535512592,3.288201160541586,7,5,0.0,0.0,0.0,0.0,0.0,0.0,,,,0.0,31,0.12060988433228177,Outside Top-500,limited,low,low,1003
979,RAC1,Rac1,5879,homologene,0.2939595276983818,0.2557833859095689,0.3420084121976867,0.2957702988494277,trough_v_long_square,0.0899314492264156,1.262777277402487e-07,0.0899314492264156,12,0.0522237196823457,3654,0.9762780038715908,0.1928785590465066,6.590909090909091,7,2,0.0,0.0,0.0,0.0,0.0,0.0,,,,0.0,31,0.11955835962145112,Outside Top-500,limited,low,low,1004
1007,DCAF6,Dcaf6,55827,homologene,0.2724687638825259,0.141167192429022,0.4525499474237645,0.2527552284557421,threshold_i_short_square,0.0743079396337924,1.4967726182299292e-05,0.0743079396337924,8,0.0340241129687597,3654,2.018913746155593,0.613343425683117,6.963249516441006,7,4,0.0,0.0,0.0,0.0,0.0,0.0,,,,0.0,31,0.1187434279705573,Outside Top-500,limited,low,low,1005
984,RPL13A,Rpl13a,23521,homologene,0.290141965660261,0.4116719242902207,0.1552313354363827,0.2527931616346384,fast_trough_v_long_square,0.1461389749023414,2.586634868692984e-18,0.1461389749023414,12,0.0572371807913303,3654,0.5246585562314504,0.3642957060176744,1.9342359767891684,7,2,0.0,0.0,0.0,0.0,0.0,0.0,,,,0.0,31,0.11338065194532068,Outside Top-500,limited,low,low,1006
1052,DPYSL2,Dpysl2,1808,homologene,0.2391544379956084,0.0879337539432176,0.4558359621451104,0.2002083098518591,threshold_v_short_square,0.0602410295520713,0.000890931067173,0.0602410295520713,7,0.0306194473388511,3654,1.3481552276922164,0.5312187777042905,5.802707930367505,9,3,0.0,0.0,0.0,0.0,0.0,0.0,,,,0.0,31,0.1087539432176656,Outside Top-500,limited,low,low,1007
1109,HPSE2,Hpse2,60495,homologene,0.1921063127422986,0.0024973711882229,0.5249737118822292,0.0362084827440908,peak_v_long_square,0.0246933406138568,0.1908626166121937,0.0246933406138568,0,0.0096471987243538,3654,1.8670940278145107,1.062437555408581,6.576402321083172,9,6,0.0,0.0,0.0,0.0,0.0,0.0,,,,0.0,31,0.10549421661409042,Outside Top-500,limited,low,low,1008
1041,RPS27,Rps27,6232,same-symbol,0.2439227148817801,0.4647739221871713,0.0308885383806519,0.1198173073216243,fast_trough_v_long_square,0.1580533703780963,3.120678815404796e-21,0.1580533703780963,13,0.0630026410596797,3654,0.1579868847941959,0.0,0.5617977528089888,4,0,0.0,0.0,0.0,0.0,0.0,0.0,,,,0.0,31,0.09913249211356465,Outside Top-500,limited,low,low,1009
1038,CEND1,Cend1,51286,homologene,0.2453189516006002,0.4508412197686646,0.0423238696109358,0.1381352417043682,threshold_i_long_square,0.1504751352220097,2.006673905380925e-19,0.1504751352220097,13,0.0837136036867345,3654,0.1452562431139148,0.0469043151969981,0.5802707930367504,5,0,0.0,0.0,0.0,0.0,0.0,0.0,,,,0.0,31,0.09863301787592008,Outside Top-500,limited,low,low,1010
1119,PDP1,Pdp1,54704,homologene,0.186214845758112,0.0093322818086225,0.4817297581493165,0.0670495179598554,latency,-0.0353535031988624,0.0542055128602217,0.0353535031988624,0,0.0174178038608225,3654,1.2013072099327486,0.590450608061557,3.67504835589942,10,4,0.0,0.0,0.0,0.0,0.0,0.0,,,,0.0,31,0.0982124079915878,Outside Top-500,limited,low,low,1011
977,ACTB,Actb,60,homologene,0.2975144316246466,0.1919032597266035,0.4376971608832807,0.2898197921926334,trough_v_long_square,0.0732993301077015,1.87072604692184e-05,0.0732993301077015,11,0.0395359457247937,3654,1.09713309855929,0.6076598153175343,2.707930367504836,10,4,0.0,0.0,0.0,0.0,0.0,0.0,,,,0.0,32,0.12592008412197683,Outside Top-500,limited,low,low,1012
980,NPTX1,Nptx1,4884,homologene,0.2935664878233838,0.2017613038906414,0.4141692954784437,0.2890732382756991,sag,0.0916499540653338,1.383680304275873e-07,0.0916499540653338,9,0.0382765727539608,3654,0.8018966856904051,0.5312187777042905,2.9545454545454546,10,2,0.0,0.0,0.0,0.0,0.0,0.0,,,,0.0,32,0.12318611987381703,Outside Top-500,limited,low,low,1013
964,RBFOX2,Rbfox2,23543,homologene,0.3092261426156787,0.3698738170347003,0.2383017875920084,0.2968864964643029,upstroke_downstroke_ratio_long_square,-0.1110589474462224,3.174515929892324e-11,0.1110589474462224,14,0.0574356639177083,3654,0.7661841521121754,0.3604661603678621,3.8684719535783367,7,2,0.0,0.0,0.0,0.0,0.0,0.0,,,,0.0,32,0.12163512092534175,Outside Top-500,limited,low,low,1014
999,TUBB4A,Tubb4a,10382,homologene,0.2782270103243413,0.1566771819137749,0.4429547844374342,0.2634405195502029,upstroke_downstroke_ratio_long_square,0.0913231500981829,5.318085606095782e-08,0.0913231500981829,6,0.031937735340888,3654,1.404524741945003,0.908636637126628,5.029013539651838,9,5,0.0,0.0,0.0,0.0,0.0,0.0,,,,0.0,32,0.11992639327024182,Outside Top-500,limited,low,low,1015
970,PKM,Pkm,5315,homologene,0.3023017351586087,0.3301787592008412,0.2689274447949527,0.2979834391999834,tau,-0.1148501321048508,8.560515410228131e-12,0.1148501321048508,12,0.0603134537065386,3654,0.8800578555444849,0.2666575299738659,4.448742746615087,7,3,0.0,0.0,0.0,0.0,0.0,0.0,,,,0.0,32,0.11982124079915879,Outside Top-500,limited,low,low,1016
976,ICA1L,Ica1l,130026,homologene,0.2982791627553122,0.3819663512092534,0.2022870662460567,0.2779691576251416,tau,0.12652282938254,4.623231874971776e-14,0.12652282938254,13,0.0532348889622337,3654,0.831774725066705,0.4112000212146726,2.514506769825919,7,4,0.0,0.0,0.0,0.0,0.0,0.0,,,,0.0,32,0.11685068349106201,Outside Top-500,limited,low,low,1017
990,HOMER1,Homer1,9456,homologene,0.2853741161135065,0.2475026288117771,0.3330704521556256,0.2871163744686892,upstroke_downstroke_ratio_long_square,-0.1193290738382607,9.19843260896522e-13,0.1193290738382607,7,0.0361805489211939,3654,0.9369523720185,0.6326864993979114,3.288201160541586,9,3,0.0,0.0,0.0,0.0,0.0,0.0,,,,0.0,32,0.11611461619348054,Outside Top-500,limited,low,low,1018
1018,ATP6V0A1,Atp6v0a1,535,homologene,0.2602911876470099,0.1231598317560462,0.4507097791798107,0.2356042032192767,peak_v_long_square,-0.0744266048312577,1.8945507497157087e-05,0.0744266048312577,7,0.0329315342217527,3654,1.460369680703673,0.6571633620871621,5.222437137330754,9,4,0.0,0.0,0.0,0.0,0.0,0.0,,,,0.0,32,0.11477392218717138,Outside Top-500,limited,low,low,1019
1000,DMTN,Dmtn,2039,homologene,0.2767901622519438,0.2099106203995794,0.3631703470031546,0.2761038081051449,fast_trough_v_long_square,-0.089559117278543,1.244542256315551e-07,0.089559117278543,10,0.0434222533687561,3654,1.0105179838771166,0.6684346673043062,3.8684719535783367,9,3,0.0,0.0,0.0,0.0,0.0,0.0,,,,0.0,32,0.11461619348054679,Outside Top-500,limited,low,low,1020
993,IPCEF1,Ipcef1,26034,homologene,0.2817629481186074,0.2695846477392218,0.2967928496319663,0.2828617963238469,threshold_i_short_square,0.1097825458941801,9.720430727639732e-11,0.1097825458941801,10,0.0476989643908756,3654,0.9585277591266408,0.313561845170864,3.863636363636364,8,3,0.0,0.0,0.0,0.0,0.0,0.0,,,,0.0,32,0.11327549947423762,Outside Top-500,limited,low,low,1021
994,SRSF5,Srsf5,6430,same-symbol,0.2814247348044654,0.2839116719242902,0.278391167192429,0.2811378696059233,peak_v_long_square,-0.0914390830173299,1.1475778468786569e-07,0.0914390830173299,13,0.0511958898006901,3654,0.8352674932876083,0.2739547098211217,3.67504835589942,8,3,0.0,0.0,0.0,0.0,0.0,0.0,,,,0.0,32,0.11246056782334383,Outside Top-500,limited,low,low,1022
1013,PRNP,Prnp,5621,homologene,0.2673867879088278,0.3906414300736067,0.1319663512092534,0.2270496072623306,upstroke_downstroke_ratio_long_square,0.1469619033208875,1.0376351761411167e-18,0.1469619033208875,11,0.0649891675508168,3654,0.5099999056454092,0.0956022944550669,2.514506769825919,5,2,0.0,0.0,0.0,0.0,0.0,0.0,,,,0.0,32,0.10452155625657203,Outside Top-500,limited,low,low,1023
1031,ASPNAT,Nat8l,339983,homologene,0.2504976151026825,0.3945846477392218,0.0967402733964248,0.1953771396564201,upstroke_downstroke_ratio_long_square,-0.1313301320942832,3.389407515733982e-15,0.1313301320942832,13,0.0597012419094179,3654,0.2388601356264969,0.1850510214542994,0.9363295880149812,7,0,0.0,0.0,0.0,0.0,0.0,0.0,,,,0.0,32,0.09826498422712933,Outside Top-500,limited,low,low,1024
1128,KLC1,Klc1,3831,homologene,0.1817330507343134,0.0080178759200841,0.4737118822292324,0.0616292389502214,threshold_v_short_square,0.0322817136012622,0.0855119279791289,0.0322817136012622,0,0.0114166639193177,3654,1.1865909866603013,0.6326864993979114,3.481624758220503,10,4,0.0,0.0,0.0,0.0,0.0,0.0,,,,0.0,32,0.0963459516298633,Outside Top-500,limited,low,low,1025
1061,MIR99AHG,Mir99ahg,388815,same-symbol,0.2303150395193844,0.4616193480546792,0.0157728706624605,0.0853291408145882,upstroke_downstroke_ratio_long_square,0.155472589640561,8.406897078814094e-21,0.155472589640561,13,0.0608327941883383,3654,0.0785931945149822,0.0,0.5586592178770949,2,0,0.0,0.0,0.0,0.0,0.0,0.0,,,,0.0,32,0.09547844374342794,Outside Top-500,limited,low,low,1026
1064,DYNLL1,Dynll1,8655,homologene,0.2287061061677909,0.4376971608832807,0.0277339642481598,0.1101774814172931,upstroke_downstroke_ratio_long_square,0.1232463629594531,1.575903814136894e-13,0.1232463629594531,15,0.0723688117994013,3654,0.1144925365128228,0.0,0.7736943907156673,3,0,0.0,0.0,0.0,0.0,0.0,0.0,,,,0.0,32,0.0930862250262881,Outside Top-500,limited,low,low,1027
1063,MTURN,Mturn,222166,same-symbol,0.2287708246195047,0.4012881177707676,0.0537592008412197,0.1468772566411619,tau,0.1615343112822993,3.4109774993644767e-22,0.1615343112822993,10,0.0480267866157468,3654,0.2331087439001707,0.0956022944550669,0.7490636704119851,5,0,0.0,0.0,0.0,0.0,0.0,0.0,,,,0.0,32,0.09100946372239746,Outside Top-500,limited,low,low,1028
1005,CANX,Canx,821,homologene,0.2733499540311553,0.1554942166140904,0.4328338590956888,0.2594285293566182,ri,0.0871720687624846,2.633181456810159e-07,0.0871720687624846,7,0.0349157161131682,3654,1.2246124150161013,0.6538614441445401,5.415860735009671,9,4,0.0,0.0,0.0,0.0,0.0,0.0,,,,0.0,33,0.11766561514195584,Outside Top-500,limited,low,low,1029
978,ATP6AP2,Atp6ap2,10159,homologene,0.2964489623033772,0.3614616193480547,0.220820189274448,0.282520836753479,ri,0.1572128499680951,4.5579182091006055e-21,0.1572128499680951,8,0.0498163940012258,3654,0.8531828075492072,0.2888318356867779,3.094777562862669,7,3,0.0,0.0,0.0,0.0,0.0,0.0,,,,0.0,33,0.11645636172450054,Outside Top-500,limited,low,low,1030
985,NIPAL2,Nipal2,79815,homologene,0.290034781726031,0.3354363827549947,0.2364616193480546,0.2816342135723214,upstroke_downstroke_ratio_long_square,-0.1276286079763288,2.010371658420029e-14,0.1276286079763288,11,0.0480090046060752,3654,0.6956498953225645,0.237989210182434,4.061895551257253,7,2,0.0,0.0,0.0,0.0,0.0,0.0,,,,0.0,33,0.11437960042060986,Outside Top-500,limited,low,low,1031
1012,FBXL2,Fbxl2,25827,homologene,0.2682787367902254,0.1716614090431125,0.3966876971608832,0.2609520435725782,tau,0.0865193143126717,3.32340886206726e-07,0.0865193143126717,8,0.0339202894326715,3654,1.0499211283240322,0.3642957060176744,4.835589941972921,9,3,0.0,0.0,0.0,0.0,0.0,0.0,,,,0.0,33,0.11366982124079913,Outside Top-500,limited,low,low,1032
989,SSBP3,Ssbp3,23648,homologene,0.2854681393789987,0.3096740273396425,0.2564405888538381,0.2818031048865811,tau,0.116371293274879,4.461440269587387e-12,0.116371293274879,11,0.0503692425930692,3654,0.8833703238347654,0.34749146322081,4.061895551257253,7,3,0.0,0.0,0.0,0.0,0.0,0.0,,,,0.0,33,0.11322292323869612,Outside Top-500,limited,low,low,1033
1002,SYN1,Syn1,6853,homologene,0.2752018309023936,0.2315983175604626,0.3304416403785489,0.2766400693384662,upstroke_downstroke_ratio_long_square,-0.1071522215350692,1.5493866843036562e-10,0.1071522215350692,8,0.0358816978892006,3654,1.2903930835639403,1.2247106582672105,5.029013539651838,7,5,0.0,0.0,0.0,0.0,0.0,0.0,,,,0.0,33,0.1124079915878023,Outside Top-500,limited,low,low,1034
1001,HNRNPDL,Hnrnpdl,9987,homologene,0.2764922818572494,0.2431650893796004,0.3183491062039958,0.2782290223251531,upstroke_downstroke_ratio_long_square,-0.0838245708131751,6.176883915109943e-07,0.0838245708131751,12,0.0445407110619256,3654,0.8570590942375038,0.2888318356867779,3.094777562862669,9,3,0.0,0.0,0.0,0.0,0.0,0.0,,,,0.0,33,0.11230283911671926,Outside Top-500,limited,low,low,1035
1008,RNF144A,Rnf144a,9781,homologene,0.2721481872412491,0.2352786540483701,0.3186119873817035,0.2737929866794317,upstroke_downstroke_ratio_long_square,0.1190388746248578,1.0464402459240682e-12,0.1190388746248578,6,0.0358132867904174,3654,0.8078924106909277,0.4464416979486224,3.288201160541586,9,2,0.0,0.0,0.0,0.0,0.0,0.0,,,,0.0,33,0.11077812828601472,Outside Top-500,limited,low,low,1036
1009,SNRPN,Snrpn,6638,homologene,0.2719308812720524,0.2665615141955836,0.2785226077812828,0.2724764358029541,f_i_curve_slope,-0.1017186939657851,1.913042924669791e-09,0.1017186939657851,11,0.0439514201461716,3654,1.2289205422977854,0.4705341978486813,3.636363636363636,7,4,0.0,0.0,0.0,0.0,0.0,0.0,,,,0.0,33,0.10901682439537327,Outside Top-500,limited,low,low,1037
1025,ISCU,Iscu,23479,homologene,0.2554134397681312,0.3835436382754995,0.116062039957939,0.2109854427943888,upstroke_downstroke_ratio_long_square,-0.1357434848573301,3.8128825309193164e-16,0.1357434848573301,12,0.0530256385990567,3654,0.349363841034626,0.1968168693538523,1.1605415860735009,7,2,0.0,0.0,0.0,0.0,0.0,0.0,,,,0.0,33,0.0999211356466877,Outside Top-500,limited,low,low,1038
1073,MEG3,Meg3,55384,same-symbol,0.2175315840249096,0.4601735015772871,0.0043375394321766,0.0446768475693427,upstroke_downstroke_ratio_long_square,-0.1921061699577675,3.362135191006054e-31,0.1921061699577675,10,0.0534403394844647,3654,0.0,0.0,0.0,0,0,0.0,0.0,0.0,0.0,0.0,0.0,,,,0.0,33,0.09290220820189274,Outside Top-500,limited,low,low,1039
1087,NRGN,Nrgn,4900,same-symbol,0.2077746823556855,0.4022082018927445,0.0223449001051524,0.0948013823357358,fast_trough_v_long_square,0.1427552998015565,1.5517764437337418e-17,0.1427552998015565,12,0.0583314638930086,3654,0.0994809437912474,0.0,0.5802707930367504,3,0,0.0,0.0,0.0,0.0,0.0,0.0,,,,0.0,33,0.08491062039957938,Outside Top-500,limited,low,low,1040
1020,SLC39A10,Slc39a10,57181,homologene,0.2595341071252935,0.152602523659306,0.4035226077812828,0.2481502937757843,tau,0.0948828371301245,1.9901804563412824e-08,0.0948828371301245,4,0.0274156643405178,3654,1.626943546688714,0.4057306134355173,6.382978723404255,7,4,0.0,0.0,0.0,0.0,0.0,0.0,,,,0.0,34,0.11122502628811777,Outside Top-500,limited,low,low,1041
992,CTSB,Ctsb,1508,homologene,0.2826180869424902,0.3562039957939011,0.1978180862250262,0.2654497932823773,threshold_i_long_square,-0.1254615036116754,7.188058690036455e-14,0.1254615036116754,12,0.0594103265326117,3654,0.6732829888749176,0.556846461618842,1.5909090909090908,8,4,0.0,0.0,0.0,0.0,0.0,0.0,,,,0.0,34,0.11080441640378547,Outside Top-500,limited,low,low,1042
997,MICU1,Micu1,10367,homologene,0.279616386618432,0.3203207150368033,0.2314668769716088,0.2722932895590369,tau,0.1357843491923826,5.216731096177645e-16,0.1357843491923826,9,0.039449071688172,3654,0.7020738679335063,0.4369507257825614,2.707930367504836,8,2,0.0,0.0,0.0,0.0,0.0,0.0,,,,0.0,34,0.11035751840168243,Outside Top-500,limited,low,low,1043
1050,EIF4G2,Eif4g2,1982,homologene,0.2398701504689052,0.1050210304942166,0.4290220820189274,0.212264790199416,threshold_i_long_square,0.0655869693390782,0.0001204455887692,0.0655869693390782,7,0.0316533705886772,3654,1.353341957825275,0.6646406365138153,4.835589941972921,9,4,0.0,0.0,0.0,0.0,0.0,0.0,,,,0.0,34,0.10680862250262879,Outside Top-500,limited,low,low,1044
1011,NKAIN2,Nkain2,154215,homologene,0.268909818658623,0.288906414300736,0.2448738170347003,0.2659804813057337,latency,0.109951609415735,1.4730590523328082e-10,0.109951609415735,11,0.0448992632637527,3654,0.697267920821611,0.2232208489743112,3.1818181818181817,8,3,0.0,0.0,0.0,0.0,0.0,0.0,,,,0.0,34,0.10675604626708726,Outside Top-500,limited,low,low,1045
1049,KIF3A,Kif3a,11127,homologene,0.2400559968549656,0.1152733964248159,0.4129863301787592,0.2181887645061634,trough_v_long_square,-0.07967828030382,3.117621067880007e-06,0.07967828030382,5,0.0284994826148838,3654,1.3222116124613594,0.42907410516787,6.576402321083172,8,3,0.0,0.0,0.0,0.0,0.0,0.0,,,,0.0,34,0.10565194532071502,Outside Top-500,limited,low,low,1046
1046,NAP1L3,Nap1l3,4675,homologene,0.2406499916166179,0.1207939011566771,0.4057570977917981,0.2213887593449194,tau,0.0815372601940926,1.5690279093351572e-06,0.0815372601940926,5,0.023082714681555,3654,1.588763660417708,0.5386960521309438,5.222437137330754,8,4,0.0,0.0,0.0,0.0,0.0,0.0,,,,0.0,34,0.10531019978969502,Outside Top-500,limited,low,low,1047
1032,SAMD12,Samd12,401474,homologene,0.2504712098282214,0.2009726603575184,0.3137486855941114,0.2511073635469959,latency,0.0926072245469155,8.428836863536733e-08,0.0926072245469155,9,0.0358991535739323,3654,0.9674064782809626,0.4430937576758769,4.318181818181818,8,3,0.0,0.0,0.0,0.0,0.0,0.0,,,,0.0,34,0.10294426919032595,Outside Top-500,limited,low,low,1048
1026,RAB3A,Rab3a,5864,homologene,0.2547873970387112,0.237776025236593,0.2758937960042061,0.2561267854038612,tau,-0.104221794527125,6.311765245204377e-10,0.104221794527125,9,0.0431117028306624,3654,0.5867929923785269,0.1984908394902251,2.514506769825919,9,2,0.0,0.0,0.0,0.0,0.0,0.0,,,,0.0,34,0.10273396424815981,Outside Top-500,limited,low,low,1049
1028,PHYHIPL,Phyhipl,84457,homologene,0.2533649362779772,0.2330441640378548,0.2786540483701367,0.2548307276569733,fast_trough_v_long_square,-0.1138646881907519,1.3750150048855386e-11,0.1138646881907519,7,0.0421813874793831,3654,0.9732117842580802,0.3283737341804423,3.288201160541586,8,4,0.0,0.0,0.0,0.0,0.0,0.0,,,,0.0,34,0.1023396424815983,Outside Top-500,limited,low,low,1050
1033,DIRAS1,Diras1,148252,homologene,0.2493428773008315,0.3601472134595163,0.1271030494216614,0.2139528197323385,upstroke_downstroke_ratio_long_square,-0.1168534865813049,2.706576284970433e-12,0.1168534865813049,13,0.0553689654244574,3654,0.5457069951190292,0.2215468788379384,1.7408123791102514,6,3,0.0,0.0,0.0,0.0,0.0,0.0,,,,0.0,34,0.09745005257623554,Outside Top-500,limited,low,low,1051
1062,PGM2L1,Pgm2l1,283209,homologene,0.2295787679425027,0.1602260778128286,0.3204521556256572,0.226593892288749,upstroke_downstroke_ratio_long_square,-0.0979185290389167,5.198473541202032e-09,0.0979185290389167,4,0.0284951839516951,3654,1.1847121108114391,0.4705341978486813,5.029013539651838,7,4,0.0,0.0,0.0,0.0,0.0,0.0,,,,0.0,34,0.09613564668769717,Outside Top-500,limited,low,low,1052
1053,PGAM1,Pgam1,5223,homologene,0.2389873060934885,0.3682965299684542,0.0997634069400631,0.1916833758933101,upstroke_downstroke_ratio_long_square,-0.1198055821194806,7.453746536493843e-13,0.1198055821194806,13,0.0634000796997129,3654,0.3986592743192839,0.0,2.127659574468085,4,2,0.0,0.0,0.0,0.0,0.0,0.0,,,,0.0,34,0.09361198738170345,Outside Top-500,limited,low,low,1053
1076,FTX,Ftx,100302692,same-symbol,0.2165043431360491,0.4579390115667718,0.0043375394321766,0.0445682456487,upstroke_downstroke_ratio_long_square,0.1771038587955899,1.1532107261317728e-26,0.1771038587955899,11,0.055669796234204,3654,0.0,0.0,0.0,0,0,0.0,0.0,0.0,0.0,0.0,0.0,,,,0.0,34,0.09245531019978967,Outside Top-500,limited,low,low,1054
1059,PPIA,Ppia,5478,homologene,0.2304792254506835,0.3803890641430074,0.0737381703470031,0.1674789348243957,upstroke_downstroke_ratio_long_square,0.1429018564459588,9.419449178583048e-18,0.1429018564459588,11,0.0565193475804602,3654,0.2588991572363411,0.0,1.7408123791102514,4,1,0.0,0.0,0.0,0.0,0.0,0.0,,,,0.0,34,0.0908254468980021,Outside Top-500,limited,low,low,1055
1113,NEFL,Nefl,4747,homologene,0.1878131987136888,0.3807833859095689,0.0106466876971608,0.0636716718018827,upstroke_downstroke_ratio_long_square,-0.1351795553013475,5.0466304024623e-16,0.1351795553013475,12,0.0613516866815655,3654,0.0380689515281913,0.0,0.1934235976789168,2,0,0.0,0.0,0.0,0.0,0.0,0.0,,,,0.0,34,0.07828601472134594,Outside Top-500,limited,low,low,1056
1006,CHN1,Chn1,1123,homologene,0.2728969573188812,0.3439800210304942,0.1909831756046267,0.2563091819676971,upstroke_downstroke_ratio_long_square,-0.1380229537915104,1.1992404361530772e-16,0.1380229537915104,10,0.0583647336040433,3654,0.9162142188866644,0.5213284593501915,2.707930367504836,6,4,0.0,0.0,0.0,0.0,0.0,0.0,,,,0.0,35,0.10699263932702419,Outside Top-500,limited,low,low,1057
1034,GLS,Gls,2744,homologene,0.2489693264829394,0.143664563617245,0.3911671924290221,0.2370587775251074,upstroke_downstroke_ratio_long_square,-0.0901037534397955,8.001969123607855e-08,0.0901037534397955,5,0.0290841539245688,3654,1.1623488420307806,0.7474944029460381,4.25531914893617,9,4,0.0,0.0,0.0,0.0,0.0,0.0,,,,0.0,35,0.10696635120925342,Outside Top-500,limited,low,low,1058
1014,GHITM,Ghitm,27069,homologene,0.2672697933067327,0.3049421661409043,0.2226603575184017,0.2605734670594257,upstroke_downstroke_ratio_long_square,-0.1060412485391731,2.3998338464368845e-10,0.1060412485391731,12,0.0522478539521709,3654,0.8235223869151257,0.3788218496981263,3.288201160541586,7,3,0.0,0.0,0.0,0.0,0.0,0.0,,,,0.0,35,0.10552050473186121,Outside Top-500,limited,low,low,1059
1017,KCTD1,Kctd1,284252,homologene,0.2644321617985092,0.2836487907465825,0.2413249211356466,0.2616324178253539,threshold_i_short_square,0.1074611449501713,2.436404929610519e-10,0.1074611449501713,11,0.0472016145523148,3654,0.6139056934534254,0.2271591592816569,3.288201160541586,8,2,0.0,0.0,0.0,0.0,0.0,0.0,,,,0.0,35,0.10499474237644582,Outside Top-500,limited,low,low,1060
1019,NPTXR,Nptxr,23467,homologene,0.2596214810882902,0.2847003154574132,0.2296267087276551,0.2556849553888749,upstroke_downstroke_ratio_long_square,0.0982623713489578,4.599703647533933e-09,0.0982623713489578,12,0.0495044631206211,3654,0.7942798381539526,0.2924191638089192,3.636363636363636,7,3,0.0,0.0,0.0,0.0,0.0,0.0,,,,0.0,35,0.10286540483701365,Outside Top-500,limited,low,low,1061
1039,ALDOA,Aldoa,226,homologene,0.2448471758074237,0.2334384858044164,0.258937960042061,0.2458578559035752,upstroke_downstroke_ratio_long_square,0.0802913622262589,1.813923415135964e-06,0.0802913622262589,12,0.0393050512059787,3654,0.8057131749962447,0.4726304800921226,3.288201160541586,8,3,0.0,0.0,0.0,0.0,0.0,0.0,,,,0.0,35,0.09847528916929547,Outside Top-500,limited,low,low,1062
1081,RTF1,Rtf1,23168,homologene,0.2116824378621264,0.0634858044164037,0.4288906414300736,0.1650105068710947,threshold_i_short_square,0.0607195955050996,0.0004538295735463,0.0607195955050996,4,0.0248106549109525,3654,1.2425305924257737,0.5786356771395198,5.222437137330754,9,3,0.0,0.0,0.0,0.0,0.0,0.0,,,,0.0,35,0.09847528916929546,Outside Top-500,limited,low,low,1063
1085,G3BP2,G3bp2,9908,homologene,0.2086647687855348,0.0687434279705573,0.4116719242902207,0.1682252634860338,tau,0.0625431573995805,0.0002589373696535,0.0625431573995805,4,0.0211125039288807,3654,1.1430057120141328,0.7285914120353489,5.029013539651838,9,3,0.0,0.0,0.0,0.0,0.0,0.0,,,,0.0,35,0.09608307045215561,Outside Top-500,limited,low,low,1064
1065,PNMA2,Pnma2,10687,homologene,0.2255092002400563,0.1504994742376445,0.3245268138801262,0.2210002598753606,threshold_i_short_square,0.0855639527270788,5.557786446229749e-07,0.0855639527270788,7,0.031741244224033,3654,0.8031559442880868,0.3642957060176744,3.481624758220503,9,3,0.0,0.0,0.0,0.0,0.0,0.0,,,,0.0,35,0.09500525762355413,Outside Top-500,limited,low,low,1065
1068,ZFAND5,Zfand5,7763,homologene,0.2236412437026033,0.1836225026288117,0.2745793901156677,0.2245416548957714,threshold_i_long_square,0.0853102422281463,4.649872045224895e-07,0.0853102422281463,9,0.0384762479044836,3654,0.5705071042334436,0.3171491732930054,2.514506769825919,9,1,0.0,0.0,0.0,0.0,0.0,0.0,,,,0.0,35,0.09164037854889587,Outside Top-500,limited,low,low,1066
1072,REEP1,Reep1,65055,homologene,0.2214834578055363,0.1745531019978969,0.2816771819137749,0.2217377411833072,threshold_i_long_square,-0.0881316507249771,1.87191528075454e-07,0.0881316507249771,8,0.0411381432914265,3654,0.6753543498587457,0.3791075950272528,2.5,9,2,0.0,0.0,0.0,0.0,0.0,0.0,,,,0.0,35,0.09124605678233436,Outside Top-500,limited,low,low,1067
1079,RPS19,Rps19,6223,homologene,0.2132529403333067,0.3452944269190326,0.0740010515247108,0.1598504009304663,fast_trough_v_long_square,0.1440023945321491,8.056119259139849e-18,0.1440023945321491,9,0.0508381422086174,3654,0.2502404048688672,0.0883392226148409,1.3636363636363635,5,1,0.0,0.0,0.0,0.0,0.0,0.0,,,,0.0,35,0.08385909568874869,Outside Top-500,limited,low,low,1068
1101,CHCHD10,Chchd10,400916,homologene,0.197002556235445,0.3713196635120925,0.027602523659306,0.1012391218712315,tau,-0.139986768058893,5.985734066781482e-17,0.139986768058893,11,0.0669354129677388,3654,0.1187090449063027,0.0,0.4545454545454545,4,0,0.0,0.0,0.0,0.0,0.0,0.0,,,,0.0,35,0.0797844374342797,Outside Top-500,limited,low,low,1069
1117,UQCRHL,Uqcrh,440567,homologene,0.1867500749436352,0.3932702418506834,0.0043375394321766,0.0413016365478293,threshold_i_long_square,0.1394563944049485,7.44440633089687e-17,0.1394563944049485,12,0.0704618065775951,3654,0.0,0.0,0.0,0,0,0.0,0.0,0.0,0.0,0.0,0.0,,,,0.0,35,0.07952155625657199,Outside Top-500,limited,low,low,1070
1030,MBOAT2,Mboat2,129642,homologene,0.252864092565907,0.2672187171398528,0.2355415352260778,0.2508806626192301,tau,-0.1086501103024195,1.1010676485419027e-10,0.1086501103024195,10,0.0446485562649364,3654,0.8573989860017445,0.2414568443798775,4.25531914893617,6,3,0.0,0.0,0.0,0.0,0.0,0.0,,,,0.0,36,0.10055205047318612,Outside Top-500,limited,low,low,1071
1035,RAB6B,Rab6b,51560,homologene,0.2483397208105834,0.2561777076761304,0.2388275499474238,0.247350549373632,threshold_i_long_square,0.105125467862521,4.1817673824190945e-10,0.105125467862521,10,0.0448708640964214,3654,0.8923133385193347,0.4668536752919624,3.481624758220503,7,4,0.0,0.0,0.0,0.0,0.0,0.0,,,,0.0,36,0.09900105152471084,Outside Top-500,limited,low,low,1072
1036,UBE2E3,Ube2e3,10477,homologene,0.2475710660606662,0.2853575184016824,0.2029442691903259,0.2406484428164754,upstroke_downstroke_ratio_long_square,-0.1147994012967231,6.559846332026473e-12,0.1147994012967231,10,0.0474549818276455,3654,0.716896942274191,0.2810745479969925,3.67504835589942,6,3,0.0,0.0,0.0,0.0,0.0,0.0,,,,0.0,36,0.09766035751840166,Outside Top-500,limited,low,low,1073
1037,HSD17B12,Hsd17b12,51144,homologene,0.2466988325477799,0.2990273396424815,0.1857255520504731,0.2356629324549879,tau,-0.1206904592101243,6.6253124803747e-13,0.1206904592101243,10,0.0478404809605097,3654,0.6158357928388845,0.3026230296125535,2.707930367504836,7,2,0.0,0.0,0.0,0.0,0.0,0.0,,,,0.0,36,0.09695057833859091,Outside Top-500,limited,low,low,1074
1040,ITM2B,Itm2b,9445,homologene,0.2442899359549289,0.3069137749737118,0.172055730809674,0.2297961571668635,upstroke_downstroke_ratio_long_square,0.1233901200432497,1.476302952536112e-13,0.1233901200432497,10,0.0497134143223636,3654,0.5243109339222014,0.3026230296125535,2.514506769825919,7,1,0.0,0.0,0.0,0.0,0.0,0.0,,,,0.0,36,0.09579390115667716,Outside Top-500,limited,low,low,1075
1042,YWHAE,Ywhae,7531,homologene,0.2437159112262052,0.3053364879074658,0.1725814931650894,0.2295548453003218,upstroke_downstroke_ratio_long_square,0.1232345392803224,1.5820900403871405e-13,0.1232345392803224,10,0.0501050593652818,3654,0.6445160446345076,0.5657364241161263,2.127659574468085,7,3,0.0,0.0,0.0,0.0,0.0,0.0,,,,0.0,36,0.09558359621451104,Outside Top-500,limited,low,low,1076
1092,RBM5,Rbm5,10181,homologene,0.2023771364307051,0.0528391167192429,0.4246845425867507,0.1497997200084152,threshold_v_short_square,0.0614996599838969,0.0006777879594975,0.0614996599838969,2,0.0241709091840923,3654,1.3483073805730226,0.5138511849235381,4.7727272727272725,9,3,0.0,0.0,0.0,0.0,0.0,0.0,,,,0.0,36,0.09550473186119872,Outside Top-500,limited,low,low,1077
1045,YWHAH,Ywhah,7533,homologene,0.2413785526488792,0.2996845425867507,0.1738958990536277,0.2282847190803585,tau,0.1129096352823478,1.9442157102457583e-11,0.1129096352823478,11,0.0430041671919552,3654,0.387009410180411,0.2109126282278033,1.7408123791102514,8,1,0.0,0.0,0.0,0.0,0.0,0.0,,,,0.0,36,0.09471608832807568,Outside Top-500,limited,low,low,1078
1083,HSP90AA1,Hsp90aa1,3320,homologene,0.2088490640541812,0.0829390115667718,0.3876182965299684,0.179300525318225,latency,-0.0717320977211611,4.241405899741108e-05,0.0717320977211611,3,0.0261161215644451,3654,1.23089143775869,0.5682327745471896,3.8684719535783367,9,4,0.0,0.0,0.0,0.0,0.0,0.0,,,,0.0,36,0.09411146161934804,Outside Top-500,limited,low,low,1079
1056,STX1A,Stx1a,6804,homologene,0.2375513522359488,0.3264984227129338,0.1377497371188223,0.2120732701177042,upstroke_downstroke_ratio_long_square,0.1133732752445588,1.2015071691169964e-11,0.1133732752445588,12,0.0526127088851435,3654,0.6491692434772455,0.2024291497975708,2.272727272727273,5,3,0.0,0.0,0.0,0.0,0.0,0.0,,,,0.0,36,0.09284963196635121,Outside Top-500,limited,low,low,1080
1078,DOK6,Dok6,220164,homologene,0.2157495474361286,0.1315720294426919,0.3284700315457413,0.207888115729539,peak_v_long_square,0.0773033453952313,8.561210343302698e-06,0.0773033453952313,7,0.0302154111508253,3654,1.354836996709977,0.4790483280474,4.7727272727272725,7,4,0.0,0.0,0.0,0.0,0.0,0.0,,,,0.0,36,0.09200841219768663,Outside Top-500,limited,low,low,1081
1066,ATP1B1,Atp1b1,481,homologene,0.225183489836978,0.2131966351209253,0.2400105152471082,0.2262066184803686,avg_isi,-0.1018227225980695,2.0576621924487484e-09,0.1018227225980695,8,0.0421888005784408,3654,0.7224408247230804,0.3319175345011282,2.9013539651837523,8,3,0.0,0.0,0.0,0.0,0.0,0.0,,,,0.0,36,0.0906414300736067,Outside Top-500,limited,low,low,1082
1082,DPY19L1,Dpy19l1,23333,homologene,0.2109372382962884,0.1231598317560462,0.3292586750788643,0.2013738886423253,vrest,0.0847772871107559,2.26056767307908e-06,0.0847772871107559,5,0.0269740315556702,3654,1.2021236737631156,0.5333150599477319,4.061895551257253,8,3,0.0,0.0,0.0,0.0,0.0,0.0,,,,0.0,36,0.0904837013669821,Outside Top-500,limited,low,low,1083
1074,SPOCK2,Spock2,9806,homologene,0.2173074037416772,0.17534174553102,0.2708990536277602,0.2179447474150108,tau,0.0883426535104371,1.8385829519367825e-07,0.0883426535104371,8,0.0372100230597586,3654,1.018050151684741,0.3204971135657509,4.061895551257253,7,3,0.0,0.0,0.0,0.0,0.0,0.0,,,,0.0,36,0.08924815983175603,Outside Top-500,limited,low,low,1084
1091,SERINC3,Serinc3,10955,homologene,0.202495273461969,0.099763406940063,0.3443743427970557,0.1853536017998556,trough_v_long_square,0.0754762933254246,1.0338158903646516e-05,0.0754762933254246,4,0.0306253280095749,3654,1.0579700289018636,0.3969816789804502,5.029013539651838,8,2,0.0,0.0,0.0,0.0,0.0,0.0,,,,0.0,36,0.08882754994742374,Outside Top-500,limited,low,low,1085
1093,TPST1,Tpst1,8460,homologene,0.2018240723054424,0.1398527865404837,0.2831230283911672,0.1989862921265814,threshold_v_short_square,0.0872229891031972,8.863170606385227e-07,0.0872229891031972,6,0.0343524546322376,3654,0.8827123844036515,0.516906836610266,3.67504835589942,8,2,0.0,0.0,0.0,0.0,0.0,0.0,,,,0.0,36,0.08459516298633019,Outside Top-500,limited,low,low,1086
1120,CTXN1,Ctxn1,404217,homologene,0.1840865886259903,0.3874868559411146,0.0043375394321766,0.0409968232561346,upstroke_downstroke_ratio_long_square,0.1456388168637816,2.1477880252651297e-18,0.1456388168637816,11,0.0566845414466684,3654,0.0,0.0,0.0,0,0,0.0,0.0,0.0,0.0,0.0,0.0,,,,0.0,36,0.07836487907465824,Outside Top-500,limited,low,low,1087
1130,RPL37A,Rpl37a,6168,homologene,0.1811237209843585,0.3580441640378549,0.0151156677181913,0.0735668173297841,fast_trough_v_long_square,0.1549143369904332,1.9183531566162602e-20,0.1549143369904332,8,0.0532418541144239,3654,0.0575593387649788,0.0,0.1945525291828793,3,0,0.0,0.0,0.0,0.0,0.0,0.0,,,,0.0,36,0.07463196635120924,Outside Top-500,limited,low,low,1088
1054,PHYHIP,Phyhip,9796,homologene,0.2381751748083431,0.2400105152471082,0.2359358569926393,0.2379644649986031,tau,-0.111459192338715,3.491301936558019e-11,0.111459192338715,8,0.0403244749956483,3654,0.762119803714544,0.1984908394902251,2.707930367504836,8,3,0.0,0.0,0.0,0.0,0.0,0.0,,,,0.0,37,0.0951892744479495,Outside Top-500,limited,low,low,1089
1047,SLC39A11,Slc39a11,201266,homologene,0.2403081981423634,0.2724763406940063,0.2021556256572029,0.234696879250198,threshold_i_short_square,0.1116583085281728,4.472628646504015e-11,0.1116583085281728,10,0.0554867808529987,3654,0.9022557083408088,0.2381089041071319,3.094777562862669,6,4,0.0,0.0,0.0,0.0,0.0,0.0,,,,0.0,37,0.09492639327024184,Outside Top-500,limited,low,low,1090
1057,DIRAS2,Diras2,54769,homologene,0.2370045250365627,0.3015247108307046,0.1628548895899053,0.221595969031394,latency,-0.114496249746867,2.3372583303176788e-11,0.114496249746867,11,0.0460404734640236,3654,0.7075569859783881,0.4200425545295418,2.5,6,3,0.0,0.0,0.0,0.0,0.0,0.0,,,,0.0,37,0.09287592008412197,Outside Top-500,limited,low,low,1091
1058,VDAC1,Vdac1,7416,homologene,0.2305463238246737,0.2542060988433228,0.2022870662460567,0.2267655307952928,threshold_i_long_square,0.0965823143150103,1.0311278521782661e-08,0.0965823143150103,11,0.0467826470932518,3654,0.5534675143810849,0.3319175345011282,2.127659574468085,8,2,0.0,0.0,0.0,0.0,0.0,0.0,,,,0.0,37,0.0912986330178759,Outside Top-500,limited,low,low,1092
1106,PRKAR1A,Prkar1a,5573,homologene,0.1934150211122475,0.0734752891692954,0.3646161934805468,0.1636773663393658,avg_isi,-0.0642472782473457,0.0001960173007601,0.0642472782473457,4,0.0214765676534242,3654,0.9243324798057632,0.4369507257825614,4.25531914893617,9,2,0.0,0.0,0.0,0.0,0.0,0.0,,,,0.0,37,0.08761829652996844,Outside Top-500,limited,low,low,1093
1080,ABI1,Abi1,10006,homologene,0.213022976889214,0.1703470031545741,0.2676130389064143,0.2135113092620532,upstroke_downstroke_ratio_long_square,-0.0859658237245954,3.1331455533049537e-07,0.0859658237245954,8,0.03539626397272,3654,0.8780463249883544,0.3026230296125535,3.288201160541586,8,2,0.0,0.0,0.0,0.0,0.0,0.0,,,,0.0,37,0.08759200841219768,Outside Top-500,limited,low,low,1094
1105,CDR2,Cdr2,1039,homologene,0.1936450331387583,0.0779442691903259,0.3576498422712934,0.1669633360407946,upstroke_downstroke_ratio_long_square,-0.0622910547800235,0.0002248044383109,0.0622910547800235,5,0.0243224791696088,3654,0.9535493744382028,0.3712309744125613,3.8684719535783367,9,3,0.0,0.0,0.0,0.0,0.0,0.0,,,,0.0,37,0.08711882229232386,Outside Top-500,limited,low,low,1095
1116,PRKAR1B,Prkar1b,5575,homologene,0.187150983944234,0.0590168243953732,0.3739484752891693,0.1485572330755338,avg_isi,0.0584915211391671,0.0007243188573407,0.0584915211391671,4,0.026642786438388,3654,1.0678757957676606,0.590450608061557,4.061895551257253,9,3,0.0,0.0,0.0,0.0,0.0,0.0,,,,0.0,37,0.0865930599369085,Outside Top-500,limited,low,low,1096
1097,PJA2,Pja2,9867,homologene,0.2002817301996282,0.1175078864353312,0.3117770767613039,0.1914060221863639,upstroke_downstroke_ratio_long_square,-0.0631111500876034,0.000185374216891,0.0631111500876034,8,0.0314046856555617,3654,1.1219639677744702,0.5697870507588644,5.029013539651838,7,3,0.0,0.0,0.0,0.0,0.0,0.0,,,,0.0,37,0.08585699263932703,Outside Top-500,limited,low,low,1097
1158,PDGFD,Pdgfd,80310,homologene,0.157471281828006,0.0043375394321766,0.4199526813880126,0.0426797529886107,threshold_v_ramp,0.0277395407798737,0.1415853334725652,0.0277395407798737,0,0.012706135568161,3654,1.3366451989669903,0.5555328934620993,4.642166344294004,9,4,0.0,0.0,0.0,0.0,0.0,0.0,,,,0.0,37,0.08485804416403783,Outside Top-500,limited,low,low,1098
1077,REEP5,Reep5,7905,homologene,0.2158423029340279,0.3121713985278654,0.1096214511041009,0.1849883285502661,threshold_i_long_square,-0.1338350958033252,1.2748814782938308e-15,0.1338350958033252,9,0.0492481151301779,3654,0.4932259862907007,0.0956022944550669,1.818181818181818,5,3,0.0,0.0,0.0,0.0,0.0,0.0,,,,0.0,37,0.08435856992639326,Outside Top-500,limited,low,low,1099
1110,AAK1,Aak1,22848,same-symbol,0.1895679238355838,0.0870136698212408,0.3325446898002103,0.1701056549297596,threshold_i_long_square,0.062884071922953,0.0002314219167738,0.062884071922953,6,0.0309700328040563,3654,1.3554044768024665,0.5011791059588565,4.835589941972921,7,4,0.0,0.0,0.0,0.0,0.0,0.0,,,,0.0,37,0.08391167192429022,Outside Top-500,limited,low,low,1100
1159,ATP6V1B2,Atp6v1b2,526,homologene,0.1569987639347685,0.0061777076761303,0.4118033648790746,0.0504380888641687,threshold_i_short_square,0.0291258309787171,0.1024130311186917,0.0291258309787171,0,0.0136107031925303,3654,1.0301015497318775,0.405274193321419,5.415860735009671,9,2,0.0,0.0,0.0,0.0,0.0,0.0,,,,0.0,37,0.08359621451104098,Outside Top-500,limited,low,low,1101
1148,FKBP8,Fkbp8,23770,homologene,0.1668448602617443,0.0314143007360673,0.3743427970557308,0.108442229805041,upstroke_downstroke_ratio_long_square,0.0458075984374837,0.0071037554286723,0.0458075984374837,3,0.0237935123852885,3654,1.1689550699470137,0.6151370897441877,3.67504835589942,9,4,0.0,0.0,0.0,0.0,0.0,0.0,,,,0.0,37,0.08115141955835962,Outside Top-500,limited,low,low,1102
1090,HPCAL1,Hpcal1,3241,homologene,0.203398902853913,0.3228180862250263,0.0763669821240799,0.1570116015461159,upstroke_downstroke_ratio_long_square,0.1419374512624622,1.5678367016483332e-17,0.1419374512624622,8,0.0482800497015016,3654,0.2897239918210115,0.1856154872062806,0.9090909090909092,6,0,0.0,0.0,0.0,0.0,0.0,0.0,,,,0.0,37,0.07983701366982124,Outside Top-500,limited,low,low,1103
1152,KCNQ1OT1,Kcnq1ot1,10984,same-symbol,0.1633069896265728,0.3424027339642482,0.0043375394321766,0.0385381027069966,upstroke_downstroke_ratio_long_square,-0.1373454119291134,1.6993614301164252e-16,0.1373454119291134,10,0.0445436116420287,3654,0.0,0.0,0.0,0,0,0.0,0.0,0.0,0.0,0.0,0.0,,,,0.0,37,0.06934805467928495,Outside Top-500,limited,low,low,1104
1051,MAPK1,Mapk1,5594,homologene,0.239388676079268,0.2724763406940063,0.2001840168243953,0.2335495843921342,tau,0.1115974360033156,3.3064120386394585e-11,0.1115974360033156,10,0.0413163901250364,3654,0.5884517594502388,0.4595701970274023,1.9342359767891684,8,2,0.0,0.0,0.0,0.0,0.0,0.0,,,,0.0,38,0.09453207150368031,Outside Top-500,limited,low,low,1105
1060,HNRNPA2B1,Hnrnpa2b1,3181,homologene,0.2303551743065882,0.2397476340694006,0.2189800210304942,0.2291286580734251,threshold_i_short_square,-0.0922732979953678,6.31739642305386e-08,0.0922732979953678,11,0.0415468817448505,3654,1.0034368406410927,0.7200539627732336,3.288201160541586,6,3,0.0,0.0,0.0,0.0,0.0,0.0,,,,0.0,38,0.09174553101997895,Outside Top-500,limited,low,low,1106
1071,RUNDC3A,Rundc3a,10900,homologene,0.2226352002402895,0.2195057833859095,0.226472134595163,0.2229617530416156,upstroke_downstroke_ratio_long_square,0.1031379755167048,7.385312520353554e-10,0.1031379755167048,8,0.0380734900557797,3654,0.6321115117215899,0.1928785590465066,2.707930367504836,8,2,0.0,0.0,0.0,0.0,0.0,0.0,,,,0.0,38,0.0891955835962145,Outside Top-500,limited,low,low,1107
1069,TUBB2A,Tubb2a,7280,homologene,0.2235475301972437,0.2802313354363827,0.1581230283911671,0.2105018465698147,upstroke_downstroke_ratio_long_square,0.0969148610555645,7.488272779860053e-09,0.0969148610555645,12,0.0470642366439121,3654,0.5505408119538183,0.2666575299738659,1.9342359767891684,7,2,0.0,0.0,0.0,0.0,0.0,0.0,,,,0.0,38,0.08767087276550996,Outside Top-500,limited,low,low,1108
1111,PPP3CB,Ppp3cb,5532,homologene,0.1892572873974189,0.0708464773922187,0.3585699263932702,0.1593844916663799,threshold_v_ramp,0.0611117407184588,0.0006047531533744,0.0611117407184588,5,0.0244588777420111,3654,1.1825248863299198,0.3909622522273945,5.029013539651838,8,3,0.0,0.0,0.0,0.0,0.0,0.0,,,,0.0,38,0.08588328075709778,Outside Top-500,limited,low,low,1109
1104,EIF4A2,Eif4a2,1974,homologene,0.1943749697055627,0.1092271293375394,0.3098054679284963,0.1839542386434811,adaptation,-0.0671528111154571,9.379962549474454e-05,0.0671528111154571,7,0.0282484682671568,3654,1.0205047607034146,0.8093649446275935,4.061895551257253,8,5,0.0,0.0,0.0,0.0,0.0,0.0,,,,0.0,38,0.08380651945320713,Outside Top-500,limited,low,low,1110
1096,BSG,Bsg,682,homologene,0.2003457402114363,0.1636435331230284,0.2471083070452155,0.2010912142012405,ri,0.0903579467427203,9.261511407984517e-08,0.0903579467427203,7,0.0340983982669208,3654,0.778803510356987,0.4560080541682294,2.9545454545454546,8,3,0.0,0.0,0.0,0.0,0.0,0.0,,,,0.0,38,0.08215036803364878,Outside Top-500,limited,low,low,1111
1100,SYT11,Syt11,23208,homologene,0.1976046897023332,0.1455047318611987,0.2652471083070452,0.1964553622866399,upstroke_downstroke_ratio_long_square,-0.0826549512356537,8.87697947227077e-07,0.0826549512356537,7,0.0348421295743809,3654,0.9072814712968114,0.5386960521309438,3.094777562862669,8,4,0.0,0.0,0.0,0.0,0.0,0.0,,,,0.0,38,0.08215036803364877,Outside Top-500,limited,low,low,1112
1124,USP22,Usp22,23326,homologene,0.1830784390031796,0.0768927444794952,0.3328075709779179,0.1599702707256774,vrest,0.0642378723178441,0.0004397983451966,0.0642378723178441,5,0.0250651400779138,3654,0.9493305376051596,0.4285676139954251,5.029013539651838,8,2,0.0,0.0,0.0,0.0,0.0,0.0,,,,0.0,38,0.08194006309148263,Outside Top-500,limited,low,low,1113
1094,SPIN1,Spin1,10927,homologene,0.2017493916696726,0.1807308096740273,0.228049421661409,0.203016148674336,upstroke_downstroke_ratio_long_square,-0.0768199030339895,5.01102594428312e-06,0.0768199030339895,10,0.0351360569276688,3654,0.6705572295918613,0.3173913908206763,2.707930367504836,8,2,0.0,0.0,0.0,0.0,0.0,0.0,,,,0.0,38,0.08175604626708725,Outside Top-500,limited,low,low,1114
1084,COX6C,Cox6c,1345,same-symbol,0.2087116120064239,0.3105941114616193,0.0975289169295478,0.1740457046167672,tau,-0.1330716870909679,2.002727934503999e-15,0.1330716870909679,9,0.0496678110808685,3654,0.3195585593778011,0.0469043151969981,1.9342359767891684,5,1,0.0,0.0,0.0,0.0,0.0,0.0,,,,0.0,38,0.08162460567823342,Outside Top-500,limited,low,low,1115
1098,SULT4A1,Sult4a1,25830,homologene,0.1998917569339535,0.1694269190325973,0.2384332281808622,0.2009900675299148,upstroke_downstroke_ratio_long_square,-0.0796269806013775,2.2064344134035248e-06,0.0796269806013775,9,0.0336320357011268,3654,0.9215902777156004,0.3805441838373329,3.409090909090909,7,4,0.0,0.0,0.0,0.0,0.0,0.0,,,,0.0,38,0.0815720294426919,Outside Top-500,limited,low,low,1116
1088,PEBP1,Pebp1,5037,homologene,0.2067931937976371,0.2919295478443743,0.1121188222923238,0.1809165473267768,upstroke_downstroke_ratio_long_square,0.1177324430448353,1.852798492856525e-12,0.1177324430448353,10,0.0409842598811342,3654,0.3147157691296643,0.189235253256565,1.1605415860735009,7,1,0.0,0.0,0.0,0.0,0.0,0.0,,,,0.0,38,0.08080967402733961,Outside Top-500,limited,low,low,1117
1089,FRRS1L,Frrs1l,23732,homologene,0.204905832835006,0.2920609884332282,0.1083070452155625,0.1778546110730321,upstroke_downstroke_ratio_long_square,0.101541154256368,1.3552361532782967e-09,0.101541154256368,12,0.0517244070362986,3654,0.5071062614907758,0.1766784452296819,1.7408123791102514,5,2,0.0,0.0,0.0,0.0,0.0,0.0,,,,0.0,38,0.08007360672975813,Outside Top-500,limited,low,low,1118
1132,ENTPD3,Entpd3,956,homologene,0.1798423299539541,0.1109358569926393,0.2719505783385909,0.1736924594437982,tau,0.0734985574729387,1.580800931572148e-05,0.0734985574729387,6,0.026871574885206,3654,1.1557817383106126,0.4543183185633139,4.318181818181818,6,3,0.0,0.0,0.0,0.0,0.0,0.0,,,,0.0,38,0.07657728706624603,Outside Top-500,limited,low,low,1119
1177,ATP6V1A,Atp6v1a,523,homologene,0.1456461659187432,0.0093322818086225,0.3705310199789695,0.0588039105611189,threshold_v_long_square,-0.0355377182709002,0.0561590872726315,0.0355377182709002,0,0.01328490655857,3654,1.0729373665346345,0.7700263194531918,3.8684719535783367,9,4,0.0,0.0,0.0,0.0,0.0,0.0,,,,0.0,38,0.0759726603575184,Outside Top-500,limited,low,low,1120
1186,SLC38A11,Slc38a11,151258,homologene,0.1408992818037365,0.0051261829652996,0.3710567823343849,0.0436131282615846,adaptation,-0.0279128111797854,0.120585474375548,0.0279128111797854,0,0.0113163525665415,3654,1.382498989701993,0.7905852208966869,4.7727272727272725,8,5,0.0,0.0,0.0,0.0,0.0,0.0,,,,0.0,38,0.0752365930599369,Outside Top-500,limited,low,low,1121
1139,PCSK1N,Pcsk1n,27344,homologene,0.1708034024144949,0.3201892744479495,0.025105152471083,0.0896571277401927,upstroke_downstroke_ratio_long_square,0.1405744257513595,3.2198855032156856e-17,0.1405744257513595,8,0.0469708463276314,3654,0.1366202738186572,0.0,0.5802707930367504,3,0,0.0,0.0,0.0,0.0,0.0,0.0,,,,0.0,38,0.0690588853838065,Outside Top-500,limited,low,low,1122
1067,TUBA1B,Tuba1b,10376,homologene,0.2244288486560259,0.2664300736067297,0.1752103049421661,0.2160585440161969,tau,0.1083821194053207,1.2198276281126908e-10,0.1083821194053207,10,0.0431183126196886,3654,0.6835761531890813,0.4562222567546568,2.127659574468085,7,3,0.0,0.0,0.0,0.0,0.0,0.0,,,,0.0,39,0.08832807570977916,Outside Top-500,limited,low,low,1123
1070,RPS24,Rps24,6229,homologene,0.2228176938935887,0.2712933753943217,0.1664037854889589,0.2124717502250413,fast_trough_v_long_square,0.1031241528810951,1.0103859315248495e-09,0.1031241528810951,11,0.0418352326636269,3654,0.4971376033986036,0.142506609652065,3.288201160541586,6,1,0.0,0.0,0.0,0.0,0.0,0.0,,,,0.0,39,0.08753943217665612,Outside Top-500,limited,low,low,1124
1075,NAP1L1,Nap1l1,4673,homologene,0.2167425022173052,0.2104363827549947,0.2245005257623554,0.2173547298036658,tau,0.0896710701634016,1.1788043630747013e-07,0.0896710701634016,10,0.0399693921008019,3654,0.7470566145003597,0.6277159742742917,2.3210831721470018,8,2,0.0,0.0,0.0,0.0,0.0,0.0,,,,0.0,39,0.08698738170347002,Outside Top-500,limited,low,low,1125
1141,TASP1,Tasp1,55617,homologene,0.1693067406626819,0.0563880126182965,0.3329390115667718,0.1370174046803919,adaptation,-0.0569021889659594,0.001020151231368,0.0569021889659594,4,0.0276682262812384,3654,0.8687019994708101,0.6076598153175343,3.481624758220503,9,3,0.0,0.0,0.0,0.0,0.0,0.0,,,,0.0,39,0.07786540483701367,Outside Top-500,limited,low,low,1126
1160,UBC,Ubc,7316,homologene,0.1564027206275583,0.0341745531019979,0.3412197686645635,0.1079862634953102,vrest,0.0511702362029154,0.0059492696097817,0.0511702362029154,2,0.0147044743307852,3654,1.1222480324913715,0.8937812203155939,2.9013539651837523,9,5,0.0,0.0,0.0,0.0,0.0,0.0,,,,0.0,39,0.07507886435331228,Outside Top-500,limited,low,low,1127
1142,PSAP,Psap,5660,homologene,0.1690817745019997,0.0767613038906414,0.2979758149316509,0.1512382626256662,ri,0.0587857133400826,0.0006228912726683,0.0587857133400826,6,0.0262935324007976,3654,1.087488773497055,0.5661364923037482,3.481624758220503,8,4,0.0,0.0,0.0,0.0,0.0,0.0,,,,0.0,39,0.07494742376445845,Outside Top-500,limited,low,low,1128
1123,RPS27A,Rps27a,6233,homologene,0.1831188989081967,0.3096740273396425,0.0523133543638275,0.1272795628900898,trough_v_long_square,0.1164695208285272,5.520704352099208e-12,0.1164695208285272,11,0.0481004413683167,3654,0.203641222884455,0.0936329588014981,0.7736943907156673,5,0,0.0,0.0,0.0,0.0,0.0,0.0,,,,0.0,39,0.072397476340694,Outside Top-500,limited,low,low,1129
1137,SNX3,Snx3,8724,homologene,0.171254426499028,0.2730021030494217,0.0632229232386961,0.131377284966223,fast_trough_v_long_square,0.1312019689310308,5.426167571275376e-15,0.1312019689310308,7,0.0383200422513907,3654,0.3046671579219114,0.0,1.1605415860735009,4,2,0.0,0.0,0.0,0.0,0.0,0.0,,,,0.0,39,0.06724500525762356,Outside Top-500,limited,low,low,1130
1157,NPTN,Nptn,27020,same-symbol,0.1579949101877247,0.1009463722397476,0.2338328075709779,0.15363780014998,threshold_v_short_square,0.0707323983328362,8.555246190539907e-05,0.0707323983328362,6,0.0304841295638643,3654,0.8517996188348664,0.2739547098211217,3.481624758220503,7,2,0.0,0.0,0.0,0.0,0.0,0.0,,,,0.0,39,0.0669558359621451,Outside Top-500,limited,low,low,1131
1166,YWHAB,Ywhab,7529,homologene,0.1502519115149534,0.0845162986330178,0.2393533123028391,0.1422295891205087,avg_isi,0.0657393555019496,0.0001373900937931,0.0657393555019496,5,0.0262017153790581,3654,0.4733040965324723,0.3532173116555988,1.7408123791102514,9,1,0.0,0.0,0.0,0.0,0.0,0.0,,,,0.0,39,0.06477392218717137,Outside Top-500,limited,low,low,1132
1165,NIPAL3,Nipal3,57185,homologene,0.1509534166907691,0.088459516298633,0.2351472134595162,0.1442255482277679,threshold_v_short_square,0.0691577517505213,0.0001234577109369,0.0691577517505213,5,0.0252762903075765,3654,0.8604336270723,0.2666575299738659,3.481624758220503,7,3,0.0,0.0,0.0,0.0,0.0,0.0,,,,0.0,39,0.06472134595162984,Outside Top-500,limited,low,low,1133
1102,MORF4L1,Morf4l1,10933,homologene,0.1965181186325215,0.1887486855941114,0.206098843322818,0.197233074760925,upstroke_downstroke_ratio_long_square,0.0921797200386074,3.97192075764937e-08,0.0921797200386074,8,0.0344717798374134,3654,0.7107564607960298,0.2666575299738659,3.094777562862669,7,3,0.0,0.0,0.0,0.0,0.0,0.0,,,,0.0,40,0.07896950578338588,Outside Top-500,limited,low,low,1134
1095,CDK5R1,Cdk5r1,8851,homologene,0.2006739423469409,0.2469768664563617,0.1469505783385909,0.1905082501153567,upstroke_downstroke_ratio_long_square,0.1071410265030665,1.5542159529934088e-10,0.1071410265030665,9,0.0373897906017174,3654,0.5763545498088753,0.3119219830415211,2.3210831721470018,6,3,0.0,0.0,0.0,0.0,0.0,0.0,,,,0.0,40,0.07878548895899051,Outside Top-500,limited,low,low,1135
1099,PDXK,Pdxk,8566,homologene,0.1997841167495763,0.2383017875920084,0.1547055730809674,0.1920068087741698,threshold_i_short_square,0.1048930050033601,6.625362682180184e-10,0.1048930050033601,9,0.0360494765847743,3654,0.523642966664607,0.2271591592816569,1.9342359767891684,7,2,0.0,0.0,0.0,0.0,0.0,0.0,,,,0.0,40,0.07860147213459516,Outside Top-500,limited,low,low,1136
1108,LCORL,Lcorl,254251,homologene,0.1921750271481577,0.1673238696109358,0.2234490010515247,0.1933606772760149,threshold_i_short_square,0.0918940003202495,7.167310998654923e-08,0.0918940003202495,7,0.0355208769373674,3654,0.5447763551358863,0.189235253256565,2.9013539651837523,8,2,0.0,0.0,0.0,0.0,0.0,0.0,,,,0.0,40,0.07815457413249209,Outside Top-500,limited,low,low,1137
1107,MTCH1,Mtch1,23787,homologene,0.1929797498593591,0.2204258675078864,0.1604889589905362,0.1880848691706128,tau,0.0980583257211478,6.3749509811812474e-09,0.0980583257211478,9,0.0387829347174107,3654,0.526410704693202,0.2848935253794322,2.127659574468085,7,1,0.0,0.0,0.0,0.0,0.0,0.0,,,,0.0,40,0.07618296529968452,Outside Top-500,limited,low,low,1138
1118,PCMT1,Pcmt1,5110,same-symbol,0.1862631730154676,0.1919032597266035,0.1794164037854889,0.1855548240678745,upstroke_downstroke_ratio_long_square,-0.0928004321810501,3.21102794168704e-08,0.0928004321810501,8,0.0321925271821323,3654,0.4602203838212274,0.2739547098211217,1.7408123791102514,8,1,0.0,0.0,0.0,0.0,0.0,0.0,,,,0.0,40,0.07426393270241848,Outside Top-500,limited,low,low,1139
1122,RPL32,Rpl32,6161,same-symbol,0.1835120213099915,0.2690588853838065,0.0896424815983175,0.155303271639337,fast_trough_v_long_square,0.129747544898336,1.0912354689503448e-14,0.129747544898336,7,0.0395295479152144,3654,0.2233117700721586,0.1923140932945253,0.6818181818181818,7,0,0.0,0.0,0.0,0.0,0.0,0.0,,,,0.0,40,0.0717402733964248,Outside Top-500,limited,low,low,1140
1121,BLCAP,Blcap,10904,homologene,0.1835172531136687,0.259726603575184,0.0988433228180862,0.1602255925925288,upstroke_downstroke_ratio_long_square,-0.0981103397189243,4.860659368125588e-09,0.0981103397189243,11,0.0471447671255753,3654,0.2431106160521849,0.1909092233929378,0.9671179883945842,7,0,0.0,0.0,0.0,0.0,0.0,0.0,,,,0.0,40,0.07171398527865405,Outside Top-500,limited,low,low,1141
1125,GPX4,Gpx4,2879,homologene,0.1830713079874894,0.2514458464773922,0.106335436382755,0.1635163716934935,fast_trough_v_long_square,0.1218267215204033,4.2349785593969497e-13,0.1218267215204033,7,0.0431933705058186,3654,0.2666540839727517,0.1856154872062806,1.1605415860735009,7,1,0.0,0.0,0.0,0.0,0.0,0.0,,,,0.0,40,0.07155625657202944,Outside Top-500,limited,low,low,1142
1126,RPS8,Rps8,6202,homologene,0.1823002492801447,0.2480283911671924,0.1083070452155625,0.1639000371473062,fast_trough_v_long_square,0.102437682489346,1.3046986744547815e-09,0.102437682489346,10,0.0416984651837315,3654,0.3830110978132844,0.0936329588014981,2.127659574468085,5,2,0.0,0.0,0.0,0.0,0.0,0.0,,,,0.0,40,0.07126708727655098,Outside Top-500,limited,low,low,1143
1176,FZD3,Fzd3,7976,homologene,0.146033711369266,0.0294426919032597,0.3236067297581493,0.0976107229872344,threshold_v_short_square,0.0481775626014317,0.0086486178929581,0.0481775626014317,2,0.0206442966969732,3654,1.093312025567104,0.5333150599477319,4.25531914893617,8,4,0.0,0.0,0.0,0.0,0.0,0.0,,,,0.0,40,0.0706098843322818,Outside Top-500,limited,low,low,1144
1135,COX7C,Cox7c,1350,same-symbol,0.1713960945590797,0.3013932702418507,0.0396950578338591,0.1093792635419812,tau,-0.121833042543509,3.952790201717466e-13,0.121833042543509,10,0.0480515322147477,3654,0.2023177342529598,0.0,0.6818181818181818,4,0,0.0,0.0,0.0,0.0,0.0,0.0,,,,0.0,40,0.06821766561514195,Outside Top-500,limited,low,low,1145
1179,PACSIN1,Pacsin1,29993,homologene,0.1439501075867039,0.0398264984227129,0.297844374342797,0.1089132613825209,threshold_v_ramp,0.0514609063660717,0.0043090848702833,0.0514609063660717,3,0.0189850509422242,3654,1.1251917349770229,0.6441252628717757,3.409090909090909,8,4,0.0,0.0,0.0,0.0,0.0,0.0,,,,0.0,40,0.06753417455310198,Outside Top-500,limited,low,low,1146
1143,PAIP2,Paip2,51247,homologene,0.1688107008769812,0.2697160883280757,0.0617770767613038,0.1290824213144538,threshold_i_long_square,0.0933312171177043,3.2493746059157375e-08,0.0933312171177043,12,0.0522098207418918,3654,0.2266262789581401,0.0936329588014981,1.1363636363636365,5,1,0.0,0.0,0.0,0.0,0.0,0.0,,,,0.0,40,0.06629863301787589,Outside Top-500,limited,low,low,1147
1182,ACTR2,Actr2,10097,homologene,0.1427213544824592,0.0695320715036803,0.2439537329127234,0.1302405789317492,latency,0.0640403591683647,0.0002824289603079,0.0640403591683647,4,0.0229774872008096,3654,0.8756825985323047,0.2414568443798775,4.448742746615087,6,3,0.0,0.0,0.0,0.0,0.0,0.0,,,,0.0,40,0.06269716088328074,Outside Top-500,limited,low,low,1148
1180,WSB1,Wsb1,26118,homologene,0.143818159946557,0.078732912723449,0.2323869610935857,0.1352645641912501,threshold_i_short_square,-0.0664084663463764,0.0001175359442498,0.0664084663463764,4,0.028588249331857,3654,0.7853460337660032,0.3821697899708718,3.67504835589942,7,3,0.0,0.0,0.0,0.0,0.0,0.0,,,,0.0,40,0.06222397476340694,Outside Top-500,limited,low,low,1149
1103,RPL3,Rpl3,6122,homologene,0.1943780742647136,0.2342271293375394,0.1478706624605678,0.1861056710081104,fast_trough_v_long_square,0.108408619007011,1.2950743081232352e-10,0.108408619007011,8,0.0455296837478641,3654,0.5200946205747374,0.3531037436645285,1.7408123791102514,7,2,0.0,0.0,0.0,0.0,0.0,0.0,,,,0.0,41,0.07641955835962144,Outside Top-500,limited,low,low,1150
1112,GDAP1,Gdap1,54332,homologene,0.1884434268487101,0.1745531019978969,0.2057045215562566,0.1894897420248332,threshold_i_short_square,0.088556642951963,2.141259874045935e-07,0.088556642951963,8,0.0436464816428817,3654,0.830713390368305,0.3821697899708718,2.707930367504836,7,4,0.0,0.0,0.0,0.0,0.0,0.0,,,,0.0,41,0.0760515247108307,Outside Top-500,limited,low,low,1151
1114,GPR137C,Gpr137c,283554,homologene,0.1875473878898599,0.2174027339642481,0.1523396424815983,0.1819864136869442,upstroke_downstroke_ratio_long_square,-0.0827643256768703,8.596755697508334e-07,0.0827643256768703,11,0.0476532233621609,3654,0.5068703730120397,0.3279788631939906,1.9342359767891684,7,2,0.0,0.0,0.0,0.0,0.0,0.0,,,,0.0,41,0.07394847528916929,Outside Top-500,limited,low,low,1152
1115,RPS12,Rps12,6206,homologene,0.1872384604754733,0.2465825446898002,0.1197423764458464,0.1718324180450849,trough_v_long_square,0.0937019825659225,3.5403580505535987e-08,0.0937019825659225,11,0.0402859584534405,3654,0.2930745368645102,0.1819721814163391,1.5473887814313343,7,1,0.0,0.0,0.0,0.0,0.0,0.0,,,,0.0,41,0.07326498422712932,Outside Top-500,limited,low,low,1153
1127,GNB1,Gnb1,2782,homologene,0.1818899381685997,0.1878286014721345,0.1746845425867507,0.1811373880038821,threshold_v_short_square,0.0821762068277282,4.006353955049655e-06,0.0821762068277282,10,0.0419170583743869,3654,0.6735443780022582,0.3662322427433084,2.127659574468085,7,3,0.0,0.0,0.0,0.0,0.0,0.0,,,,0.0,41,0.07250262881177705,Outside Top-500,limited,low,low,1154
1129,NAPB,Napb,63908,homologene,0.181732247468862,0.1867770767613038,0.1756046267087276,0.1811047178911033,fast_trough_v_long_square,-0.0863681077391016,3.4819242634969645e-07,0.0863681077391016,9,0.035602158090398,3654,0.5828883741696627,0.2215468788379384,3.288201160541586,6,1,0.0,0.0,0.0,0.0,0.0,0.0,,,,0.0,41,0.07247634069400628,Outside Top-500,limited,low,low,1155
1131,RPL21,Rpl21,6144,homologene,0.181017596397159,0.2595951629863302,0.094111461619348,0.1563038074326931,upstroke_downstroke_ratio_long_square,0.1240216466943325,1.1029986876152923e-13,0.1240216466943325,7,0.0393697902315081,3654,0.3482188116633827,0.0469043151969981,1.7408123791102514,5,1,0.0,0.0,0.0,0.0,0.0,0.0,,,,0.0,41,0.07074132492113563,Outside Top-500,limited,low,low,1156
1134,ATP6V0B,Atp6v0b,533,homologene,0.1732601512135393,0.1887486855941114,0.1547055730809674,0.1708814605892528,ri,0.0721373695080724,2.297943803391152e-05,0.0721373695080724,11,0.0366588678545372,3654,0.3644456400145741,0.2666575299738659,1.1605415860735009,8,1,0.0,0.0,0.0,0.0,0.0,0.0,,,,0.0,41,0.06869085173501577,Outside Top-500,limited,low,low,1157
1154,RPS6,Rps6,6194,homologene,0.1614136911554219,0.1240799158780231,0.2095162986330178,0.1612351224437766,fast_trough_v_long_square,0.0661279610524912,0.0001062644813581,0.0661279610524912,8,0.028496585996683,3654,0.6908596996097291,0.1968168693538523,3.288201160541586,7,3,0.0,0.0,0.0,0.0,0.0,0.0,,,,0.0,41,0.06671924290220818,Outside Top-500,limited,low,low,1158
1146,RPS28,Rps28,6234,homologene,0.1670116678095893,0.2927181913774974,0.0394321766561514,0.1074360993003125,fast_trough_v_long_square,0.1242538691827644,1.4006586878162821e-13,0.1242538691827644,9,0.0461578077575891,3654,0.1343299905661417,0.0883392226148409,0.5586592178770949,5,0,0.0,0.0,0.0,0.0,0.0,0.0,,,,0.0,41,0.06643007360672976,Outside Top-500,limited,low,low,1159
1189,CCDC3,Ccdc3,83643,homologene,0.1382850714699133,0.0371976866456361,0.2881177707676131,0.1035244635535625,threshold_i_short_square,0.0485363812961929,0.0054455232320835,0.0485363812961929,3,0.0172507667573415,3654,0.7973727579197414,0.4543183185633139,2.3210831721470018,9,3,0.0,0.0,0.0,0.0,0.0,0.0,,,,0.0,41,0.06506309148264984,Outside Top-500,limited,low,low,1160
1163,ACTG1,Actg1,71,homologene,0.1531980822381193,0.1054153522607781,0.2159568874868559,0.1508813155018478,upstroke_downstroke_ratio_long_square,0.0712220236696917,2.3910037584733624e-05,0.0712220236696917,6,0.0281099701459535,3654,0.799534604750843,0.8063416786543214,1.818181818181818,8,4,0.0,0.0,0.0,0.0,0.0,0.0,,,,0.0,41,0.0642744479495268,Outside Top-500,limited,low,low,1161
1208,ABI2,Abi2,10152,homologene,0.1184531393517826,0.0067034700315457,0.3040220820189274,0.0451442456548121,threshold_v_ramp,0.0309053926247238,0.0983089464840092,0.0309053926247238,0,0.0159233375568691,3654,0.869120224769002,0.7413523379106552,2.514506769825919,9,4,0.0,0.0,0.0,0.0,0.0,0.0,,,,0.0,41,0.062145110410094614,Outside Top-500,limited,low,low,1162
1187,RASSF8,Rassf8,11228,homologene,0.1392029712664899,0.0722923238696109,0.2309411146161935,0.1292101770474864,threshold_v_long_square,0.0570500729717653,0.0014441821358633,0.0570500729717653,6,0.027461798912858,3654,0.6983415476588198,0.5312187777042905,2.707930367504836,8,2,0.0,0.0,0.0,0.0,0.0,0.0,,,,0.0,41,0.06064668769716088,Outside Top-500,limited,low,low,1163
1199,WSB2,Wsb2,55884,homologene,0.1285270637779506,0.0379863301787592,0.2614353312302839,0.0996542463345483,threshold_i_ramp,0.0465170573873368,0.0070039363057,0.0465170573873368,4,0.0220353646100292,3654,0.6869320693532148,0.7413523379106552,1.7408123791102514,9,3,0.0,0.0,0.0,0.0,0.0,0.0,,,,0.0,41,0.05988433228180862,Outside Top-500,limited,low,low,1164
1200,TSPYL1,Tspyl1,7259,homologene,0.128247677856148,0.0537592008412197,0.2333070452155625,0.1119928582607613,threshold_v_short_square,0.0561039936803669,0.0020448254971282,0.0561039936803669,4,0.0214882100033048,3654,0.7265124429205441,0.516906836610266,2.707930367504836,8,2,0.0,0.0,0.0,0.0,0.0,0.0,,,,0.0,41,0.057413249211356446,Outside Top-500,limited,low,low,1165
1136,SYP,Syp,6855,homologene,0.1713932581722591,0.1629863301787592,0.181782334384858,0.172127962785586,ri,0.0933265415023182,3.3881483702160895e-08,0.0933265415023182,6,0.0319504272075799,3654,0.6153734704666156,0.3171491732930054,2.514506769825919,7,2,0.0,0.0,0.0,0.0,0.0,0.0,,,,0.0,42,0.06895373291272344,Outside Top-500,limited,low,low,1166
1133,STMN3,Stmn3,50861,homologene,0.1742689051473884,0.2526288117770767,0.0879337539432176,0.1490456298378886,peak_v_long_square,-0.0889914111435032,2.524293973835708e-07,0.0889914111435032,12,0.0445122915105268,3654,0.3827308719840013,0.0972762645914396,1.3636363636363635,5,2,0.0,0.0,0.0,0.0,0.0,0.0,,,,0.0,42,0.06811251314405886,Outside Top-500,limited,low,low,1167
1149,TPI1,Tpi1,7167,homologene,0.1652185600832605,0.1386698212407991,0.1988696109358569,0.1660638834867551,peak_v_long_square,-0.0816828880382879,2.404921848220232e-06,0.0816828880382879,7,0.0325231818184521,3654,0.6267940681388364,0.5312187777042905,1.7408123791102514,8,2,0.0,0.0,0.0,0.0,0.0,0.0,,,,0.0,42,0.0675078864353312,Outside Top-500,limited,low,low,1168
1144,SEC62,Sec62,7095,homologene,0.1686634992622041,0.1791535226077812,0.1560199789695057,0.1671871072468775,threshold_i_long_square,-0.0758282048993407,7.96482676290918e-06,0.0758282048993407,10,0.0398896180632368,3654,0.5275513154834399,0.3926021143567374,1.9342359767891684,7,1,0.0,0.0,0.0,0.0,0.0,0.0,,,,0.0,42,0.06703470031545737,Outside Top-500,limited,low,low,1169
1140,BAALC,Baalc,79870,homologene,0.1697045513069105,0.1942691903259726,0.1406414300736067,0.1652945756723023,vrest,0.0956438386903996,7.702519750472965e-08,0.0956438386903996,8,0.0366356629801733,3654,0.5272084616440662,0.3765011708595613,1.3636363636363635,7,2,0.0,0.0,0.0,0.0,0.0,0.0,,,,0.0,42,0.06698212407991586,Outside Top-500,limited,low,low,1170
1147,ADK,Adk,132,homologene,0.1668676310858074,0.1807308096740273,0.1502365930599369,0.164779795807586,upstroke_downstroke_ratio_long_square,-0.0947015124579942,1.6549011878454447e-08,0.0947015124579942,7,0.0271875845672196,3654,0.5389194454966048,0.3319175345011282,1.7408123791102514,7,3,0.0,0.0,0.0,0.0,0.0,0.0,,,,0.0,42,0.06619348054679283,Outside Top-500,limited,low,low,1171
1145,DSTN,Dstn,11034,homologene,0.1685471693314819,0.2120136698212408,0.1184279705573081,0.1584561410843289,tau,0.1067390693232411,2.3563544105877353e-10,0.1067390693232411,7,0.0358218312110873,3654,0.4379435292765056,0.0,2.707930367504836,4,2,0.0,0.0,0.0,0.0,0.0,0.0,,,,0.0,42,0.06608832807570977,Outside Top-500,limited,low,low,1172
1162,DNAJA1,Dnaja1,3301,homologene,0.1533802231813115,0.1121188222923238,0.2070189274447949,0.1523506427204377,upstroke_downstroke_ratio_long_square,-0.0679708599410108,5.585766482957575e-05,0.0679708599410108,7,0.0259675203031635,3654,0.6129077848327462,0.3352654747738737,2.127659574468085,8,2,0.0,0.0,0.0,0.0,0.0,0.0,,,,0.0,42,0.06382754994742373,Outside Top-500,limited,low,low,1173
1201,UPP1,Upp1,7378,homologene,0.125857633314371,0.0224763406940063,0.2849631966351209,0.0800308058988792,peak_v_long_square,0.0384905707265914,0.0339244415964116,0.0384905707265914,3,0.0169643790345085,3654,0.7656439061462074,0.6123553291336052,2.3210831721470018,9,4,0.0,0.0,0.0,0.0,0.0,0.0,,,,0.0,42,0.06148790746582543,Outside Top-500,limited,low,low,1174
1169,RPL13,Rpl13,6137,homologene,0.1492481421138434,0.279179810725552,0.0223449001051524,0.0789825612527084,fast_trough_v_long_square,0.1259581778888849,6.396288521537828e-14,0.1259581778888849,8,0.0372542972622531,3654,0.0994809437912474,0.0,0.5802707930367504,3,0,0.0,0.0,0.0,0.0,0.0,0.0,,,,0.0,42,0.06030494216614087,Outside Top-500,limited,low,low,1175
1207,MOAP1,Moap1,64112,homologene,0.1187730477543688,0.0128811777076761,0.2879863301787592,0.0609065111167442,upstroke_downstroke_ratio_long_square,-0.0345844836622604,0.0437279862734548,0.0345844836622604,1,0.018343087371773,3654,0.7194293078451031,0.516906836610266,2.514506769825919,9,1,0.0,0.0,0.0,0.0,0.0,0.0,,,,0.0,42,0.060173501577287056,Outside Top-500,limited,low,low,1176
1183,CCDC85B,Ccdc85b,11007,homologene,0.1422773126597579,0.2847003154574132,0.0099894847528916,0.0533292552020491,threshold_i_long_square,0.1071697752763361,1.880285407816776e-10,0.1071697752763361,11,0.0458260440507983,3654,0.0227272727272727,0.0,0.2272727272727272,1,0,0.0,0.0,0.0,0.0,0.0,0.0,,,,0.0,42,0.058937960042060956,Outside Top-500,limited,low,low,1177
1197,CCNI,Ccni,10983,homologene,0.1287174114628126,0.070583596214511,0.207807570977918,0.1211107166200568,threshold_i_short_square,0.0605835709926293,0.0004659904728939,0.0605835709926293,5,0.0275781088357257,3654,0.614044090643025,0.5312187777042905,2.127659574468085,8,1,0.0,0.0,0.0,0.0,0.0,0.0,,,,0.0,42,0.055678233438485804,Outside Top-500,limited,low,low,1178
1202,RAD9A,Rad9a,5883,homologene,0.122443193205027,0.0540220820189274,0.218322818086225,0.1086013498316545,ri,-0.0508152813375443,0.0032693209934008,0.0508152813375443,5,0.0246565355564244,3654,0.6169484919327468,0.3132105019858678,2.5,8,2,0.0,0.0,0.0,0.0,0.0,0.0,,,,0.0,42,0.054468980021030476,Outside Top-500,limited,low,low,1179
1205,TSPYL4,Tspyl4,23270,homologene,0.1188598825369135,0.0424553101997896,0.2287066246056782,0.0985383716751039,latency,-0.052900808249389,0.0030807534264595,0.052900808249389,3,0.0213757582171651,3654,0.8050814266988047,0.1856154872062806,4.25531914893617,6,3,0.0,0.0,0.0,0.0,0.0,0.0,,,,0.0,42,0.05423238696109356,Outside Top-500,limited,low,low,1180
1138,CALM1,Calm1,801,same-symbol,0.1712035476324343,0.2511829652996846,0.0834647739221871,0.1447927118740538,upstroke_downstroke_ratio_long_square,0.1211744956158856,4.0319819967295524e-13,0.1211744956158856,7,0.0368438076064367,3654,0.2746699802804581,0.214850938535149,1.1605415860735009,6,1,0.0,0.0,0.0,0.0,0.0,0.0,,,,0.0,43,0.06692954784437434,Outside Top-500,limited,low,low,1181
1161,YWHAZ,Ywhaz,7534,homologene,0.1559884469297487,0.1972923238696109,0.1084384858044164,0.1462671557843904,tau,0.0838745542480097,7.680729659738731e-07,0.0838745542480097,10,0.0413629956346334,3654,0.288791923956802,0.214850938535149,1.1605415860735009,7,1,0.0,0.0,0.0,0.0,0.0,0.0,,,,0.0,43,0.06114616193480547,Outside Top-500,limited,low,low,1182
1164,TESC,Tesc,54997,homologene,0.1518740703495756,0.1456361724500526,0.1595688748685594,0.1524434327152809,threshold_i_long_square,0.0753686518078793,9.050042521825738e-06,0.0753686518078793,8,0.0328132116196963,3654,0.4773304338487195,0.3173913908206763,2.3210831721470018,7,1,0.0,0.0,0.0,0.0,0.0,0.0,,,,0.0,43,0.061041009463722394,Outside Top-500,limited,low,low,1183
1171,NRN1,Nrn1,51299,homologene,0.1486156875281182,0.1564143007360673,0.1391955835962145,0.1475539896910642,upstroke_downstroke_ratio_long_square,0.0804852182343706,1.713164208347533e-06,0.0804852182343706,8,0.0318719639316494,3654,0.6111756808230167,0.1728488995798696,1.9342359767891684,6,4,0.0,0.0,0.0,0.0,0.0,0.0,,,,0.0,43,0.05912197686645636,Outside Top-500,limited,low,low,1184
1206,OCIAD1,Ociad1,54940,homologene,0.1188110326807945,0.0191903259726603,0.2733964248159832,0.0724331865375163,tau,0.0423230143610397,0.0149206939879804,0.0423230143610397,1,0.0186196447405996,3654,0.9245208334537598,0.4738821381214269,3.288201160541586,8,4,0.0,0.0,0.0,0.0,0.0,0.0,,,,0.0,43,0.0585173501577287,Outside Top-500,limited,low,low,1185
1173,RPL15,Rpl15,6138,homologene,0.1479701142317739,0.1673238696109359,0.125,0.1446218645342639,fast_trough_v_long_square,0.0783656284636189,4.001688073172948e-06,0.0783656284636189,9,0.0374826122566087,3654,0.4057321045224402,0.2722807396847489,1.3539651837524178,7,1,0.0,0.0,0.0,0.0,0.0,0.0,,,,0.0,43,0.058464773922187185,Outside Top-500,limited,low,low,1186
1167,MLLT11,Mllt11,10962,homologene,0.1495715522185574,0.2049158780231335,0.0874079915878023,0.1338330502620828,tau,0.0923915676110096,4.725186552627056e-08,0.0923915676110096,9,0.0377317565986358,3654,0.3092839573071541,0.2722807396847489,1.1605415860735009,6,1,0.0,0.0,0.0,0.0,0.0,0.0,,,,0.0,43,0.058464773922187165,Outside Top-500,limited,low,low,1187
1181,MAF,Maf,4094,homologene,0.1432285786946668,0.1232912723449001,0.1683753943217666,0.1440805906342172,f_i_curve_slope,-0.0660144706241633,0.0001185773529734,0.0660144706241633,8,0.0309968888106209,3654,0.5802859405585443,0.3245489918641669,2.247191011235955,7,2,0.0,0.0,0.0,0.0,0.0,0.0,,,,0.0,43,0.058333333333333334,Outside Top-500,limited,low,low,1188
1170,FTH1,Fth1,2495,homologene,0.1488715309306207,0.2020241850683491,0.0889852786540483,0.1340790006047333,trough_v_long_square,0.1035850636732948,9.729810150104392e-10,0.1035850636732948,7,0.0377344866793981,3654,0.2929443093636125,0.189235253256565,1.3539651837524178,6,1,0.0,0.0,0.0,0.0,0.0,0.0,,,,0.0,43,0.058201892744479476,Outside Top-500,limited,low,low,1189
1194,RPL41,Rpl41,6171,same-symbol,0.1323257878200475,0.2522344900105152,0.0166929547844374,0.0648886657038127,upstroke_downstroke_ratio_long_square,0.1303697468444419,5.3829619485055904e-15,0.1303697468444419,5,0.0406079719165607,3654,0.0662115406463901,0.0,0.2814258911819887,3,0,0.0,0.0,0.0,0.0,0.0,0.0,,,,0.0,43,0.05378548895899051,Outside Top-500,limited,low,low,1190
1204,GAPDH,Gapdh,2597,homologene,0.1199541004406666,0.0516561514195583,0.2159568874868559,0.1056196084073291,trough_v_long_square,0.0494670252166368,0.004320205005232,0.0494670252166368,5,0.0235504042171758,3654,0.6095450860440383,0.2884804925017817,2.5,8,2,0.0,0.0,0.0,0.0,0.0,0.0,,,,0.0,43,0.05352260778128284,Outside Top-500,limited,low,low,1191
1212,ARF1,Arf1,375,homologene,0.1144595321611778,0.0415352260778128,0.219111461619348,0.0953983442969511,threshold_v_short_square,0.0544427274990128,0.0028312368754871,0.0544427274990128,2,0.0210330904686824,3654,0.5689229088564168,0.3173913908206763,2.707930367504836,8,1,0.0,0.0,0.0,0.0,0.0,0.0,,,,0.0,43,0.05212933753943216,Outside Top-500,limited,low,low,1192
1209,GUK1,Guk1,2987,homologene,0.1178674472087975,0.0605941114616193,0.1965036803364879,0.1091190446664905,threshold_i_short_square,0.0542669850082951,0.0018109337927956,0.0542669850082951,5,0.0254378383466974,3654,0.516732483592197,0.1928785590465066,2.127659574468085,8,2,0.0,0.0,0.0,0.0,0.0,0.0,,,,0.0,43,0.05141955835962144,Outside Top-500,limited,low,low,1193
1150,PTMS,Ptms,5763,same-symbol,0.1647155604612311,0.2435594111461619,0.0784700315457413,0.138246572022244,f_i_curve_slope,-0.1012097176447723,2.3114954171463477e-09,0.1012097176447723,10,0.0429001342568495,3654,0.2275269183643201,0.1352435378118391,1.1605415860735009,6,1,0.0,0.0,0.0,0.0,0.0,0.0,,,,0.0,44,0.06440588853838064,Outside Top-500,limited,low,low,1194
1175,UQCRB,Uqcrb,7381,homologene,0.1468326804660527,0.1412986330178759,0.1536540483701367,0.1473468933923036,tau,-0.0816358026849309,1.52391280086063e-06,0.0816358026849309,7,0.0333879814652236,3654,0.5185991122742967,0.3749319033936144,1.9342359767891684,7,1,0.0,0.0,0.0,0.0,0.0,0.0,,,,0.0,44,0.058990536277602514,Outside Top-500,limited,low,low,1195
1172,EIF1,Eif1,10209,same-symbol,0.1482652030222743,0.2468454258675079,0.0456098843322818,0.1061065093279855,fast_trough_v_long_square,0.1130803708743855,1.9002783156479672e-11,0.1130803708743855,8,0.0383136612081718,3654,0.2370667215802201,0.0,0.7736943907156673,4,0,0.0,0.0,0.0,0.0,0.0,0.0,,,,0.0,44,0.05849106203995794,Outside Top-500,limited,low,low,1196
1184,RPLP1,Rplp1,6176,same-symbol,0.1420448979329607,0.2488170347003154,0.0336487907465825,0.0915007777825745,fast_trough_v_long_square,0.1205248583931249,7.628355064349869e-13,0.1205248583931249,7,0.0410260568523839,3654,0.0951001699219299,0.0883392226148409,0.2024291497975708,5,0,0.0,0.0,0.0,0.0,0.0,0.0,,,,0.0,44,0.056493165089379585,Outside Top-500,limited,low,low,1197
1178,ARL4C,Arl4c,10123,homologene,0.1441897905675609,0.1974237644584647,0.084384858044164,0.1290719812289717,upstroke_downstroke_ratio_long_square,0.0945040997769557,1.7739876923234217e-08,0.0945040997769557,8,0.0395452488292938,3654,0.3140924183456642,0.1895537975136264,1.11731843575419,6,1,0.0,0.0,0.0,0.0,0.0,0.0,,,,0.0,44,0.05636172450052575,Outside Top-500,limited,low,low,1198
1191,CTDSPL,Ctdspl,10217,homologene,0.1371425605212063,0.1481335436382755,0.1239484752891693,0.1355024976638655,avg_isi,0.0632802088002101,0.000244770018201,0.0632802088002101,10,0.0340706763824108,3654,0.494533802014629,0.0883392226148409,2.3210831721470018,5,3,0.0,0.0,0.0,0.0,0.0,0.0,,,,0.0,44,0.054416403785488954,Outside Top-500,limited,low,low,1199
1222,PLEKHB2,Plekhb2,55041,homologene,0.103627581079021,0.0149842271293375,0.2423764458464773,0.0602646141227602,threshold_v_short_square,0.038162440153062,0.0408646123623621,0.038162440153062,1,0.0203200368979488,3654,0.8579322986712953,0.3279788631939906,3.67504835589942,7,3,0.0,0.0,0.0,0.0,0.0,0.0,,,,0.0,44,0.051472134595162956,Outside Top-500,limited,low,low,1200
1219,TERF2IP,Terf2ip,54386,homologene,0.1085102345692964,0.0477129337539432,0.1937434279705573,0.0961460729516347,threshold_i_short_square,0.0517253108170056,0.0029903648595669,0.0517253108170056,4,0.0222577171152176,3654,0.6174993329975769,0.313561845170864,2.9013539651837523,7,2,0.0,0.0,0.0,0.0,0.0,0.0,,,,0.0,44,0.0482912723449001,Outside Top-500,limited,low,low,1201
1223,SCAMP5,Scamp5,192683,homologene,0.1013722604265727,0.0316771819137749,0.2030757097791798,0.0802051507133055,threshold_v_short_square,0.0475875402432614,0.0095317531916994,0.0475875402432614,3,0.0165134505270895,3654,0.7898882976496996,0.5443472767830704,2.727272727272727,7,2,0.0,0.0,0.0,0.0,0.0,0.0,,,,0.0,44,0.04695057833859094,Outside Top-500,limited,low,low,1202
1217,CNRIP1,Cnrip1,25927,homologene,0.1099393489636251,0.0758412197686645,0.1547055730809674,0.1083192474469373,upstroke_downstroke_ratio_long_square,0.0666442323154428,7.821862582483267e-05,0.0666442323154428,3,0.0224154754490699,3654,0.482111343345138,0.2271591592816569,2.127659574468085,7,2,0.0,0.0,0.0,0.0,0.0,0.0,,,,0.0,44,0.04610935856992639,Outside Top-500,limited,low,low,1203
1155,RPL31,Rpl31,6160,homologene,0.1602182663068772,0.2422450052576235,0.0712407991587802,0.1313686711768678,fast_trough_v_long_square,0.1178586558950498,2.465123840455543e-12,0.1178586558950498,7,0.0409310628970081,3654,0.2547338179521539,0.0883392226148409,1.3539651837524178,5,1,0.0,0.0,0.0,0.0,0.0,0.0,,,,0.0,45,0.06269716088328074,Outside Top-500,limited,low,low,1204
1185,COX4I1,Cox4i1,1327,homologene,0.1410616230267055,0.1967665615141955,0.0788643533123028,0.1245707334300576,tau,-0.0903895809657526,9.29471273737595e-08,0.0903895809657526,9,0.0430810653325011,3654,0.3181418274792899,0.0469043151969981,1.3539651837524178,5,1,0.0,0.0,0.0,0.0,0.0,0.0,,,,0.0,45,0.05512618296529966,Outside Top-500,limited,low,low,1205
1195,RPS18,Rps18,6222,homologene,0.1313343471903724,0.2453995793901156,0.0198475289169295,0.0697895067194751,fast_trough_v_long_square,0.1068734294985819,2.375302216936049e-10,0.1068734294985819,9,0.0436234201430555,3654,0.1034816247582205,0.0,0.5802707930367504,2,0,0.0,0.0,0.0,0.0,0.0,0.0,,,,0.0,45,0.053049421661409024,Outside Top-500,limited,low,low,1206
1196,STMN1,Stmn1,3925,homologene,0.1289934447179018,0.1338065194532071,0.1231598317560462,0.1283728492467123,threshold_i_short_square,0.0712753672863824,3.379083976010624e-05,0.0712753672863824,8,0.0291945292265023,3654,0.3855295025875786,0.3026230296125535,1.3539651837524178,7,1,0.0,0.0,0.0,0.0,0.0,0.0,,,,0.0,45,0.051393270241850655,Outside Top-500,limited,low,low,1207
1216,PRELID2,Prelid2,153768,homologene,0.1102998897810938,0.0910883280757097,0.134726603575184,0.11077915447855,upstroke_downstroke_ratio_long_square,0.0671601126088918,6.873610623293516e-05,0.0671601126088918,5,0.0253351254672341,3654,0.5195661697407473,0.2232208489743112,2.127659574468085,6,2,0.0,0.0,0.0,0.0,0.0,0.0,,,,0.0,45,0.04516298633017875,Outside Top-500,limited,low,low,1208
1236,TMEM232,Tmem232,642987,homologene,0.087854990577926,0.0080178759200841,0.2168769716088328,0.0417000317539834,ri,-0.0317029499181931,0.0719775582393653,0.0317029499181931,0,0.0139634699645593,3654,0.7557630442069782,0.0,5.029013539651838,3,2,0.0,0.0,0.0,0.0,0.0,0.0,,,,0.0,45,0.04497896950578338,Outside Top-500,limited,low,low,1209
1246,KLHDC3,Klhdc3,116138,homologene,0.0773968961034296,0.0176130389064143,0.1674553101997896,0.054308350128084,vrest,0.0414644476418058,0.0290618034776475,0.0414644476418058,1,0.0167753508021046,3654,0.5395245277848918,0.3204971135657509,2.3210831721470018,7,1,0.0,0.0,0.0,0.0,0.0,0.0,,,,0.0,45,0.03701366982124078,Outside Top-500,limited,low,low,1210
1247,YWHAG,Ywhag,7532,homologene,0.0770672469309317,0.0302313354363827,0.143664563617245,0.065902743592619,sag,0.0481808320985671,0.0082548753899396,0.0481808320985671,2,0.017649892861511,3654,0.40579275700208,0.2845421821944359,1.9342359767891684,7,1,0.0,0.0,0.0,0.0,0.0,0.0,,,,0.0,45,0.03477917981072554,Outside Top-500,limited,low,low,1211
1174,COX5B,Cox5b,1329,same-symbol,0.147586992715558,0.2305467928496319,0.0587539432176656,0.1163852790352035,threshold_i_long_square,0.0892337613974227,1.313021838221071e-07,0.0892337613974227,11,0.0463325613855374,3654,0.2243360798999391,0.0469043151969981,0.9671179883945842,5,0,0.0,0.0,0.0,0.0,0.0,0.0,,,,0.0,46,0.0578601472134595,Outside Top-500,limited,low,low,1212
1193,BAD,Bad,572,homologene,0.1323907636761851,0.1870399579390116,0.0716351209253417,0.1157524513988016,threshold_i_short_square,0.0983253129166141,7.701189905571963e-09,0.0983253129166141,7,0.0387772035163477,3654,0.2633710035251336,0.142506609652065,0.7736943907156673,6,0,0.0,0.0,0.0,0.0,0.0,0.0,,,,0.0,46,0.051735015772870666,Outside Top-500,limited,low,low,1213
1203,EID1,Eid1,23741,homologene,0.1217156043728882,0.1621976866456362,0.0758412197686645,0.1109110923165969,upstroke_downstroke_ratio_long_square,0.0826069856301936,8.990433757125217e-07,0.0826069856301936,8,0.0334283782448943,3654,0.3241026432408088,0.0,1.5473887814313343,4,1,0.0,0.0,0.0,0.0,0.0,0.0,,,,0.0,46,0.04760778128286014,Outside Top-500,limited,low,low,1214
1210,BNIP3,Bnip3,664,homologene,0.116110813759497,0.1142218717139852,0.1184279705573081,0.1163059089657291,threshold_i_ramp,0.0704507646585722,3.5145177734210626e-05,0.0704507646585722,7,0.0276428582835617,3654,0.328982864033827,0.2271591592816569,1.3539651837524178,7,1,0.0,0.0,0.0,0.0,0.0,0.0,,,,0.0,46,0.04652996845425866,Outside Top-500,limited,low,low,1215
1225,RPL35,Rpl35,11224,homologene,0.1002722088471545,0.1143533123028391,0.083596214511041,0.0977727161600627,trough_v_long_square,0.0748822439491454,1.2210927250713264e-05,0.0748822439491454,6,0.0310804264046284,3654,0.3393759600700946,0.3352654747738737,0.9363295880149812,6,0,0.0,0.0,0.0,0.0,0.0,0.0,,,,0.0,46,0.039589905362776026,Outside Top-500,limited,low,low,1216
1238,TOLLIP,Tollip,54472,homologene,0.0845438675117991,0.0542849631966351,0.1247371188222923,0.0822882124275551,upstroke_downstroke_ratio_long_square,-0.0503080116030694,0.0030363698476997,0.0503080116030694,5,0.0249675236475156,3654,0.50677699793545,0.0972762645914396,2.3210831721470018,5,1,0.0,0.0,0.0,0.0,0.0,0.0,,,,0.0,46,0.035804416403785476,Outside Top-500,limited,low,low,1217
1240,MNAT1,Mnat1,4331,homologene,0.0836752504009135,0.0508675078864353,0.1276288117770767,0.0805739386502039,tau,0.0564999573263052,0.0010045090171178,0.0564999573263052,3,0.0191087568587158,3654,0.4489802098380151,0.2704870756236782,2.127659574468085,6,1,0.0,0.0,0.0,0.0,0.0,0.0,,,,0.0,46,0.035699263932702396,Outside Top-500,limited,low,low,1218
1188,MT3,Mt3,4504,same-symbol,0.1384735161961483,0.2296267087276551,0.0433753943217665,0.0998005462804261,trough_v_long_square,0.1134183434253754,2.001483659735912e-11,0.1134183434253754,7,0.040925795406446,3654,0.1610642969510895,0.0883392226148409,0.5802707930367504,5,0,0.0,0.0,0.0,0.0,0.0,0.0,,,,0.0,47,0.05460042060988431,Outside Top-500,limited,low,low,1219
1190,RPLP2,Rplp2,6181,homologene,0.137728859773708,0.2267350157728707,0.0445583596214511,0.1005133840420416,fast_trough_v_long_square,0.1125595216272959,2.367313841502054e-11,0.1125595216272959,7,0.0398627938571934,3654,0.2113205668210701,0.0,0.9090909090909092,4,0,0.0,0.0,0.0,0.0,0.0,0.0,,,,0.0,47,0.05425867507886436,Outside Top-500,limited,low,low,1220
1192,RPS14,Rps14,6208,homologene,0.1347975045863015,0.2067560462670873,0.0571766561514195,0.1087272705655772,trough_v_long_square,0.1052271935061753,5.201406742496635e-10,0.1052271935061753,7,0.0362112420671324,3654,0.2581918441741267,0.0,1.1605415860735009,4,2,0.0,0.0,0.0,0.0,0.0,0.0,,,,0.0,47,0.052786540483701364,Outside Top-500,limited,low,low,1221
1214,RPL23,Rpl23,9349,homologene,0.1120022997053508,0.1603575184016824,0.0584910620399579,0.0968477235530423,trough_v_long_square,0.0926466516249244,5.0711681119695713e-08,0.0926466516249244,6,0.031919029879559,3654,0.1722677027043085,0.1909092233929378,0.5802707930367504,6,0,0.0,0.0,0.0,0.0,0.0,0.0,,,,0.0,47,0.04376971608832806,Outside Top-500,limited,low,low,1222
1221,GABARAPL1,Gabarapl1,23710,homologene,0.1055743333282821,0.1023922187171398,0.1094900105152471,0.1058816561261634,ri,0.0645326724088399,0.0001632012236935,0.0645326724088399,7,0.0331359304427005,3654,0.3744382418337215,0.2142838069977125,1.7408123791102514,6,1,0.0,0.0,0.0,0.0,0.0,0.0,,,,0.0,47,0.04237644584647738,Outside Top-500,limited,low,low,1223
1227,NDUFA5,Ndufa5,4698,homologene,0.09892270786016,0.1269716088328076,0.0667718191377497,0.092076735935921,threshold_i_ramp,0.0671314108593299,8.224064539406967e-05,0.0671314108593299,8,0.0312597577568552,3654,0.2038990904251819,0.0469043151969981,1.3539651837524178,5,1,0.0,0.0,0.0,0.0,0.0,0.0,,,,0.0,47,0.03874868559411145,Outside Top-500,limited,low,low,1224
1230,WBP2,Wbp2,23558,homologene,0.096775291553899,0.1117245005257623,0.0791272344900105,0.0940236712290117,fast_trough_v_long_square,0.0617406171188594,0.000303575958009,0.0617406171188594,8,0.0336430823645104,3654,0.372720200777857,0.0956022944550669,1.1605415860735009,5,1,0.0,0.0,0.0,0.0,0.0,0.0,,,,0.0,47,0.03817034700315456,Outside Top-500,limited,low,low,1225
1232,SOD1,Sod1,6647,homologene,0.0918889882286414,0.0728180862250262,0.1163249211356466,0.0920356351495164,vrest,0.0580271595674323,0.0015847100075049,0.0580271595674323,6,0.0278559130185671,3654,0.3798970040989825,0.1819721814163391,1.9342359767891684,6,1,0.0,0.0,0.0,0.0,0.0,0.0,,,,0.0,47,0.03782860147213456,Outside Top-500,limited,low,low,1226
1231,PIN1,Pin1,5300,homologene,0.0960379585625492,0.116062039957939,0.0726866456361724,0.0918485730440816,threshold_i_short_square,0.0802125999700128,2.8006534875545644e-06,0.0802125999700128,5,0.0298763197082746,3654,0.2967683161288187,0.0,1.5473887814313343,4,1,0.0,0.0,0.0,0.0,0.0,0.0,,,,0.0,47,0.03774973711882228,Outside Top-500,limited,low,low,1227
1243,CRYM,Crym,1428,homologene,0.0819059006806937,0.0524447949526813,0.1210567823343848,0.0796793456747619,fast_trough_v_long_square,-0.0537127714439549,0.0017713000624766,0.0537127714439549,4,0.0195613362125707,3654,0.4955560494310207,0.1441805797884378,1.7408123791102514,6,3,0.0,0.0,0.0,0.0,0.0,0.0,,,,0.0,47,0.03470031545741322,Outside Top-500,limited,low,low,1228
1249,MAP1LC3A,Map1lc3a,84557,homologene,0.0682365928195072,0.0298370136698212,0.1221083070452155,0.0603601460113113,vrest,0.047069954527975,0.0122532521021524,0.047069954527975,3,0.018655831851639,3654,0.5512582588479112,0.2739547098211217,1.5473887814313343,6,3,0.0,0.0,0.0,0.0,0.0,0.0,,,,0.0,47,0.03038906414300734,Outside Top-500,limited,low,low,1229
1198,RPL37,Rpl37,6167,homologene,0.1286854485155942,0.2104363827549947,0.0428496319663512,0.0949585254381182,fast_trough_v_long_square,0.1064450468729443,2.8064809699861565e-10,0.1064450468729443,7,0.0338137494930252,3654,0.1710169946254515,0.0,0.9671179883945842,4,0,0.0,0.0,0.0,0.0,0.0,0.0,,,,0.0,48,0.05065720294426919,Outside Top-500,limited,low,low,1230
1218,CALM3,Calm3,808,same-symbol,0.1089414164657616,0.1594374342797055,0.053496319663512,0.0923542957883244,fast_trough_v_long_square,0.094490176756886,2.3304932470195094e-08,0.094490176756886,5,0.0296448443301772,3654,0.2210242802031498,0.0,1.1605415860735009,4,1,0.0,0.0,0.0,0.0,0.0,0.0,,,,0.0,48,0.042586750788643504,Outside Top-500,limited,low,low,1231
1224,CFL1,Cfl1,1072,homologene,0.100743953049927,0.0956887486855941,0.1069926393270241,0.1011829618847562,trough_v_long_square,0.0529597573375694,0.0021873827476044,0.0529597573375694,8,0.0273574875863031,3654,0.3180686128434671,0.1984908394902251,0.9671179883945842,7,0,0.0,0.0,0.0,0.0,0.0,0.0,,,,0.0,48,0.04053627760252364,Outside Top-500,limited,low,low,1232
1228,LMO4,Lmo4,8543,homologene,0.098622893641334,0.1014721345951629,0.0951629863301787,0.0982669392897405,vrest,0.0710099693746618,9.329409022677912e-05,0.0710099693746618,6,0.0300108515449457,3654,0.4327147129913676,0.0938086303939962,1.5473887814313343,5,2,0.0,0.0,0.0,0.0,0.0,0.0,,,,0.0,48,0.03932702418506832,Outside Top-500,limited,low,low,1233
1234,CREG2,Creg2,200407,homologene,0.0889049386878999,0.069794952681388,0.1134332281808622,0.0889779005898676,threshold_i_short_square,0.0600789353921086,0.0005218719382787,0.0600789353921086,5,0.0235949409794998,3654,0.4591950260800832,0.0,2.5,4,2,0.0,0.0,0.0,0.0,0.0,0.0,,,,0.0,48,0.036645636172450036,Outside Top-500,limited,low,low,1234
1233,RPL34,Rpl34,6164,same-symbol,0.0913231795475724,0.1029179810725552,0.0775499474237644,0.0893380323330251,trough_v_long_square,0.0648224301997232,0.0001641235116763,0.0648224301997232,7,0.030955856783425,3654,0.2693955281380648,0.1895537975136264,0.9671179883945842,6,0,0.0,0.0,0.0,0.0,0.0,0.0,,,,0.0,48,0.03609358569926392,Outside Top-500,limited,low,low,1235
1235,PPDPF,Ppdpf,79144,homologene,0.0887908783181652,0.116062039957939,0.0577024185068349,0.0818355692985024,f_i_curve_slope,-0.0558919482780422,0.0012004533746397,0.0558919482780422,9,0.0284466479618407,3654,0.1908330373662207,0.142506609652065,0.5300353356890459,6,0,0.0,0.0,0.0,0.0,0.0,0.0,,,,0.0,48,0.03475289169295478,Outside Top-500,limited,low,low,1236
1244,ATP6V1E1,Atp6v1e1,529,homologene,0.0795558498522855,0.0498159831756046,0.1192166140904311,0.0770642124580629,threshold_i_short_square,0.0482894964578161,0.0056875935871082,0.0482894964578161,5,0.0240110471107438,3654,0.4466410082172987,0.0469043151969981,2.3210831721470018,5,2,0.0,0.0,0.0,0.0,0.0,0.0,,,,0.0,48,0.03380651945320714,Outside Top-500,limited,low,low,1237
1211,PFDN5,Pfdn5,5204,homologene,0.114825003983599,0.1926919032597266,0.034043112513144,0.0809927906856082,trough_v_long_square,0.093573625305925,3.698217337815016e-08,0.093573625305925,8,0.038106083756791,3654,0.1705094840202826,0.0,0.5802707930367504,4,0,0.0,0.0,0.0,0.0,0.0,0.0,,,,0.0,49,0.045347003154574114,Outside Top-500,limited,low,low,1238
1213,RPL38,Rpl38,6169,homologene,0.1125106209744919,0.2014984227129337,0.0232649842271293,0.0684679313708822,fast_trough_v_long_square,0.1108860723715892,4.7177381963715024e-11,0.1108860723715892,5,0.0300504616924957,3654,0.1000967117988394,0.0,0.7736943907156673,2,0,0.0,0.0,0.0,0.0,0.0,0.0,,,,0.0,49,0.0449526813880126,Outside Top-500,limited,low,low,1239
1215,SH3BGRL3,Sh3bgrl3,83442,homologene,0.1105206353146586,0.1763932702418507,0.0406151419558359,0.084641820106416,tau,0.0886871149067152,1.640014475226608e-07,0.0886871149067152,8,0.0377988436204354,3654,0.1912983226324853,0.0,0.7736943907156673,4,0,0.0,0.0,0.0,0.0,0.0,0.0,,,,0.0,49,0.04340168243953732,Outside Top-500,limited,low,low,1240
1229,SNRNP25,Snrnp25,79622,homologene,0.0983989499434084,0.14931650893796,0.0432439537329127,0.0803556855740351,threshold_i_short_square,0.0772291658780184,6.570836945797375e-06,0.0772291658780184,8,0.0344503955419118,3654,0.1802352958221951,0.0,1.1605415860735009,3,1,0.0,0.0,0.0,0.0,0.0,0.0,,,,0.0,49,0.03851209253417454,Outside Top-500,limited,low,low,1241
1237,SRP14,Srp14,6727,homologene,0.0875813320983145,0.0910883280757097,0.0833333333333333,0.0871245889878922,threshold_i_short_square,0.0606917117067437,0.0004548599796647,0.0606917117067437,7,0.0300039089901144,3654,0.3008948441235646,0.0936329588014981,1.5473887814313343,5,1,0.0,0.0,0.0,0.0,0.0,0.0,,,,0.0,49,0.0348843322818086,Outside Top-500,limited,low,low,1242
1239,FKBP1B,Fkbp1b,2281,homologene,0.0840120793883042,0.11198738170347,0.0523133543638275,0.0765404179720155,tau,0.0738123305419885,1.454644321226632e-05,0.0738123305419885,6,0.0287885416826035,3654,0.1941688147904331,0.0,1.3636363636363635,3,1,0.0,0.0,0.0,0.0,0.0,0.0,,,,0.0,49,0.0328601472134595,Outside Top-500,limited,low,low,1243
1251,SYNGR1,Syngr1,9145,homologene,0.064529393611069,0.0293112513144058,0.1136961093585699,0.0577284612204345,latency,-0.0464953394769662,0.0100121665800693,0.0464953394769662,3,0.0234488732871789,3654,0.4243152511467068,0.189235253256565,1.7408123791102514,6,1,0.0,0.0,0.0,0.0,0.0,0.0,,,,0.0,49,0.02860147213459514,Outside Top-500,limited,low,low,1244
1253,ENSA,Ensa,2029,homologene,0.055803028703635,0.0319400630914826,0.0880651945320715,0.0530359111312142,latency,0.0473639734443864,0.0085854865611026,0.0473639734443864,3,0.0176708457140162,3654,0.3468650502865812,0.0938086303939962,1.5473887814313343,5,1,0.0,0.0,0.0,0.0,0.0,0.0,,,,0.0,49,0.02400105152471082,Outside Top-500,limited,low,low,1245
1220,RPS4Y1,Rps4x,6192,homologene,0.108493833233688,0.1898002103049421,0.0258937960042061,0.0701045499749594,trough_v_long_square,0.0727693312232339,2.15721686168993e-05,0.0727693312232339,11,0.0370840289090837,3654,0.1085769354320591,0.0,0.9090909090909092,2,0,0.0,0.0,0.0,0.0,0.0,0.0,,,,0.0,50,0.04313880126182964,Outside Top-500,limited,low,low,1246
1241,NDUFA1,Ndufa1,4694,homologene,0.083481542095864,0.0874079915878023,0.078732912723449,0.0829571321407292,threshold_i_long_square,0.058243941367213,0.0006649087337363,0.058243941367213,7,0.0287180075668366,3654,0.2322422203301289,0.1894109248490631,1.1605415860735009,6,1,0.0,0.0,0.0,0.0,0.0,0.0,,,,0.0,50,0.03322818086225025,Outside Top-500,limited,low,low,1247
1245,ATP6V0E2,Atp6v0e2,155066,homologene,0.078997812548019,0.1065983175604626,0.047844374342797,0.0714151931291593,upstroke_downstroke_ratio_long_square,0.0744051729654548,9.96513113908288e-06,0.0744051729654548,5,0.0279184834217222,3654,0.2149552168605395,0.0,0.9671179883945842,4,0,0.0,0.0,0.0,0.0,0.0,0.0,,,,0.0,50,0.03088853838065192,Outside Top-500,limited,low,low,1248
1263,GABARAPL2,Gabarapl2,11345,homologene,0.0371281326270088,0.0038117770767613,0.0905625657202944,0.0185796747018161,vrest,0.0275392271862014,0.1632145122112029,0.0275392271862014,0,0.0111590365303727,3654,0.2996798398827923,0.1352435378118391,1.3539651837524178,6,1,0.0,0.0,0.0,0.0,0.0,0.0,,,,0.0,50,0.01887486855941114,Outside Top-500,limited,low,low,1249
1226,NUDT3,Nudt3,11165,homologene,0.0992240587742315,0.1898002103049421,0.0120925341745531,0.0479078858795697,fast_trough_v_long_square,0.0724392988995313,2.0925898395877728e-05,0.0724392988995313,11,0.0418908115987927,3654,0.0420696324951644,0.0,0.2272727272727272,2,0,0.0,0.0,0.0,0.0,0.0,0.0,,,,0.0,51,0.04037854889589904,Outside Top-500,limited,low,low,1250
1242,BRK1,Brk1,55845,homologene,0.0826495904583703,0.1462933753943217,0.0184016824395373,0.0518849133854373,upstroke_downstroke_ratio_long_square,0.082672589516744,8.838444535434164e-07,0.082672589516744,7,0.0347055119356349,3654,0.0935201280297284,0.0,0.4545454545454545,3,0,0.0,0.0,0.0,0.0,0.0,0.0,,,,0.0,51,0.0329390115667718,Outside Top-500,limited,low,low,1251
1250,RPL27,Rpl27,6155,homologene,0.068074301432278,0.069794952681388,0.0659831756046267,0.0678623063201703,trough_v_long_square,0.0650293057280685,0.0001562346836425,0.0650293057280685,3,0.026960998147297,3654,0.2668478592794939,0.0938086303939962,1.1363636363636365,5,1,0.0,0.0,0.0,0.0,0.0,0.0,,,,0.0,51,0.02715562565720294,Outside Top-500,limited,low,low,1252
1248,HOPX,Hopx,84525,homologene,0.0691110197944425,0.0930599369085173,0.0420609884332281,0.0625635111698991,threshold_v_short_square,0.0668046072065882,0.0002115933839965,0.0668046072065882,6,0.0291337138911218,3654,0.1423377051907899,0.0883392226148409,0.5802707930367504,5,0,0.0,0.0,0.0,0.0,0.0,0.0,,,,0.0,51,0.027024185068349083,Outside Top-500,limited,low,low,1253
1254,SCOC,Scoc,60592,homologene,0.053396423502234,0.0368033648790746,0.0751840168243953,0.0526025170905605,threshold_v_long_square,-0.0518258077891064,0.0040846863486529,0.0518258077891064,2,0.0169811538143794,3654,0.2505837440138448,0.1352435378118391,0.9671179883945842,6,0,0.0,0.0,0.0,0.0,0.0,0.0,,,,0.0,51,0.02239747634069398,Outside Top-500,limited,low,low,1254
1260,YPEL3,Ypel3,83719,homologene,0.0421621411075914,0.0178759200841219,0.0763669821240799,0.0369476666315428,upstroke_downstroke_ratio_long_square,-0.0408830949836974,0.0165732990400661,0.0408830949836974,1,0.0181697362702416,3654,0.2679082493918353,0.0936329588014981,1.3636363636363635,5,1,0.0,0.0,0.0,0.0,0.0,0.0,,,,0.0,51,0.01884858044164036,Outside Top-500,limited,low,low,1255
1252,NEAT1,Neat1,283131,same-symbol,0.0562586706551545,0.1118559411146162,0.0043375394321766,0.022026791761577,vrest,0.0708688213916824,9.549534754712487e-05,0.0708688213916824,7,0.0318573024012137,3654,0.0,0.0,0.0,0,0,0.0,0.0,0.0,0.0,0.0,0.0,,,,0.0,52,0.02323869610935856,Outside Top-500,limited,low,low,1256
1257,HINT1,Hint1,3094,homologene,0.0450120700897461,0.0266824395373291,0.0696635120925341,0.0431137153278053,latency,-0.0445590599293179,0.0137632928460996,0.0445590599293179,3,0.0215844609074457,3654,0.2355503324180309,0.0469043151969981,1.3539651837524178,5,1,0.0,0.0,0.0,0.0,0.0,0.0,,,,0.0,52,0.01926919032597264,Outside Top-500,limited,low,low,1257
1256,RNF11,Rnf11,26994,homologene,0.0474214471996389,0.0503417455310199,0.0439011566771819,0.0470112843683315,threshold_i_short_square,0.0532486500389075,0.0022196648979784,0.0532486500389075,4,0.0218124796105926,3654,0.1785607805772717,0.0,0.9671179883945842,4,0,0.0,0.0,0.0,0.0,0.0,0.0,,,,0.0,52,0.01884858044164036,Outside Top-500,limited,low,low,1258
1259,DYNLL2,Dynll2,140735,homologene,0.0442009284828008,0.0358832807570977,0.0548107255520504,0.044348490994446,threshold_i_ramp,0.0479118845496939,0.0054225185560312,0.0479118845496939,3,0.0194605917272533,3654,0.1810224247265733,0.0883392226148409,0.9671179883945842,5,0,0.0,0.0,0.0,0.0,0.0,0.0,,,,0.0,52,0.01813880126182962,Outside Top-500,limited,low,low,1259
1258,TMSB4X,Tmsb4x,7114,same-symbol,0.0444210180254018,0.0590168243953732,0.0278654048370136,0.0405527767726455,vrest,0.0550970770286093,0.0028501847899544,0.0550970770286093,5,0.0271506200753474,3654,0.1280547736272027,0.0,0.4545454545454545,4,0,0.0,0.0,0.0,0.0,0.0,0.0,,,,0.0,52,0.01737644584647736,Outside Top-500,limited,low,low,1260
1255,RPS15,Rps15,6209,homologene,0.0515620887465088,0.1018664563617244,0.0043375394321766,0.0210202229123547,fast_trough_v_long_square,0.0734501160841895,1.598100832288658e-05,0.0734501160841895,5,0.0263674199124996,3654,0.0,0.0,0.0,0,0,0.0,0.0,0.0,0.0,0.0,0.0,,,,0.0,53,0.0212407991587802,Outside Top-500,limited,low,low,1261
1261,NDUFB2,Ndufb2,4708,homologene,0.0407939446979486,0.0216876971608832,0.0669032597266035,0.0380917003561996,latency,-0.0381490807549988,0.0367856512734079,0.0381490807549988,3,0.0212556701676974,3654,0.193873800650963,0.1352435378118391,0.9090909090909092,6,0,0.0,0.0,0.0,0.0,0.0,0.0,,,,0.0,53,0.01771819137749734,Outside Top-500,limited,low,low,1262
1262,ARPP19,Arpp19,10776,homologene,0.0404800060825681,0.0377234490010515,0.0439011566771819,0.0406952459754065,threshold_i_short_square,0.0468736493995583,0.0072985334587514,0.0468736493995583,4,0.0243925187208413,3654,0.1785607805772717,0.0,0.9671179883945842,4,0,0.0,0.0,0.0,0.0,0.0,0.0,,,,0.0,53,0.01632492113564668,Outside Top-500,limited,low,low,1263
1264,TMA7,Tma7,51372,homologene,0.0319456825695187,0.0465299684542586,0.0159043112513144,0.0272034391357116,upstroke_downstroke_ratio_long_square,0.0557230688266428,0.0009952098733807,0.0557230688266428,2,0.0224863140652958,3654,0.058027079303675,0.0,0.5802707930367504,1,0,0.0,0.0,0.0,0.0,0.0,0.0,,,,0.0,53,0.0124868559411146,Outside Top-500,limited,low,low,1264
1265,TMEM178B,Tmem178b,100507421,homologene,0.0317772009210359,0.0600683491062039,0.0043375394321766,0.0161415251099118,threshold_v_short_square,0.0552567542215814,0.0024209197277742,0.0552567542215814,5,0.027170906665917,3654,0.0,0.0,0.0,0,0,0.0,0.0,0.0,0.0,0.0,0.0,,,,0.0,54,0.0128811777076761,Outside Top-500,limited,low,low,1265
1266,TOMM20,Tomm20,9804,homologene,0.0268319671739643,0.0191903259726603,0.0368033648790746,0.026575713892955,avg_isi,0.0425974381481713,0.0152544105855158,0.0425974381481713,1,0.0116963281043506,3654,0.1169268874373373,0.0883392226148409,0.3868471953578336,5,0,0.0,0.0,0.0,0.0,0.0,0.0,,,,0.0,54,0.011198738170346981,Outside Top-500,limited,low,low,1266
1268,POLR2K,Polr2k,5440,homologene,0.0190298900984395,0.0030231335436382,0.0439011566771819,0.0115203758339434,threshold_v_long_square,-0.0260387820547965,0.1755498686502283,0.0260387820547965,0,0.0104010661786349,3654,0.1785607805772717,0.0,0.9671179883945842,4,0,0.0,0.0,0.0,0.0,0.0,0.0,,,,0.0,54,0.009384858044164019,Outside Top-500,limited,low,low,1267
1267,TMEM160,Tmem160,54958,homologene,0.0229863157148431,0.0343059936908517,0.0106466876971608,0.0191113892997675,adaptation,0.0452973707071407,0.0096593640969206,0.0452973707071407,4,0.0221957602016299,3654,0.0380689515281913,0.0,0.1934235976789168,2,0,0.0,0.0,0.0,0.0,0.0,0.0,,,,0.0,54,0.0089905362776025,Outside Top-500,limited,low,low,1268
