gene,mouse_gene,max_abs_rho,best_feature,best_rho,best_q,significant_trait_fraction,significant_trait_count,n_traits_tested,matched_neuron_n,mean_mutation_percent,max_mutation_percent,cohort_recurrence_fraction,cohorts_with_mutation,cancer_mean_pctile,cancer_max_pctile,cancer_recurrence_pctile,cancer_score,bio_rho_pctile,bio_sigtrait_pctile,bioelectric_score,discovery_priority_score,rank
SLIT2,Slit2,0.6356815626731748,upstroke_downstroke_ratio_long_square,-0.6356815626731748,0.0,1.0,18,18,3654,5.239031014763667,20.0,1.0,10,0.9511041009463722,0.9645110410094637,0.7949526813880127,0.9035226077812828,0.9960567823343849,0.9759463722397477,0.9860015772870663,0.9447620925341745,1
FAM135B,Fam135b,0.6751511972515856,upstroke_downstroke_ratio_long_square,-0.6751511972515856,0.0,0.9444444444444444,17,18,3654,7.409203094068767,27.727272727272727,1.0,10,0.9842271293375394,0.9865930599369085,0.7949526813880127,0.9219242902208201,1.0,0.8990536277602523,0.9495268138801262,0.9357255520504731,2
CACNA2D3,Cacna2d3,0.6363976095010417,tau,0.6363976095010417,0.0,1.0,18,18,3654,4.292457109716592,18.636363636363637,1.0,10,0.8951104100946372,0.9518927444794952,0.7949526813880127,0.880651945320715,0.9968454258675079,0.9759463722397477,0.9863958990536278,0.9335239221871714,3
DSCAM,Dscam,0.5457330737790306,threshold_i_long_square,-0.5457330737790306,4.271425691849813e-280,0.9444444444444444,17,18,3654,7.597166981540914,34.31818181818182,1.0,10,0.9865930599369085,0.9936908517350158,0.7949526813880127,0.9250788643533122,0.9834384858044164,0.8990536277602523,0.9412460567823344,0.9331624605678233,4
NRXN1,Nrxn1,0.4229587494934733,upstroke_downstroke_ratio_long_square,0.4229587494934733,3.6386239031488266e-157,1.0,18,18,3654,6.1353800081093475,18.181818181818183,1.0,10,0.9708201892744479,0.9451892744479495,0.7949526813880127,0.9036540483701367,0.9369085173501577,0.9759463722397477,0.9564274447949527,0.9300407465825447,5
EGFR,Egfr,0.560686310138353,upstroke_downstroke_ratio_long_square,0.560686310138353,1.0993664888902867e-299,0.9444444444444444,17,18,3654,6.430149894313031,23.67758186397985,1.0,10,0.9763406940063092,0.9771293375394322,0.7949526813880127,0.9161409043112513,0.9850157728706624,0.8990536277602523,0.9420347003154574,0.9290878023133544,6
CNTNAP4,Cntnap4,0.5239542074449237,upstroke_downstroke_ratio_long_square,-0.5239542074449237,5.104145102287967e-255,1.0,18,18,3654,4.495815199288474,14.090909090909092,1.0,10,0.9108832807570978,0.8903785488958991,0.7949526813880127,0.8654048370136698,0.9763406940063092,0.9759463722397477,0.9761435331230284,0.9207741850683491,7
GRIN3A,Grin3a,0.5391915491858842,tau,0.5391915491858842,1.530606887118145e-272,1.0,18,18,3654,3.909145039749517,16.136363636363637,1.0,10,0.8682965299684543,0.9250788643533123,0.7949526813880127,0.862776025236593,0.9802839116719243,0.9759463722397477,0.978115141955836,0.9204455835962145,8
KCNT2,Kcnt2,0.5099500991012749,upstroke_downstroke_ratio_long_square,0.5099500991012749,2.049632802440964e-239,0.9444444444444444,17,18,3654,5.241482557237008,19.318181818181817,1.0,10,0.9518927444794952,0.9593848580441641,0.7949526813880127,0.9020767613038907,0.972397476340694,0.8990536277602523,0.9357255520504731,0.9189011566771819,9
KCNH7,Kcnh7,0.5085774135612029,tau,-0.5085774135612029,1.2907862782762213e-237,0.9444444444444444,17,18,3654,4.477263709549126,18.181818181818183,1.0,10,0.9069400630914827,0.9451892744479495,0.7949526813880127,0.8823606729758149,0.9708201892744479,0.8990536277602523,0.9349369085173501,0.9086487907465826,10
CACNA1E,Cacna1e,0.3791715830442334,tau,0.3791715830442334,6.441326196173042e-124,0.9444444444444444,17,18,3654,8.295324861511812,25.454545454545453,1.0,10,0.9905362776025236,0.9814668769716088,0.7949526813880127,0.9223186119873817,0.888801261829653,0.8990536277602523,0.8939274447949527,0.9081230283911672,11
CHL1,Chl1,0.3858786782795187,tau,0.3858786782795187,1.1871064820589616e-128,1.0,18,18,3654,4.6762623286331975,15.227272727272727,1.0,10,0.9235015772870663,0.9152208201892744,0.7949526813880127,0.8778916929547845,0.8974763406940063,0.9759463722397477,0.936711356466877,0.9073015247108307,12
CSMD3,Csmd3,0.4946869194149865,upstroke_downstroke_ratio_long_square,0.4946869194149865,3.46313796791945e-223,0.8888888888888888,16,18,3654,14.06046167362079,39.92932862190813,1.0,10,0.999211356466877,0.9976340694006309,0.7949526813880127,0.9305993690851735,0.9668769716088328,0.7917981072555205,0.8793375394321766,0.9049684542586751,13
TMEM132D,Tmem132d,0.4917811216760004,upstroke_downstroke_ratio_long_square,-0.4917811216760004,3.2733174702351134e-220,0.9444444444444444,17,18,3654,4.9381198202250225,14.318181818181818,1.0,10,0.9353312302839116,0.8966876971608833,0.7949526813880127,0.8756572029442692,0.9652996845425867,0.8990536277602523,0.9321766561514195,0.9039169295478444,14
LRRC4C,Lrrc4c,0.4414997810805423,tau,-0.4414997810805423,1.8607243126940732e-172,1.0,18,18,3654,3.617567501323756,14.090909090909092,1.0,10,0.8454258675078864,0.8903785488958991,0.7949526813880127,0.8435856992639327,0.9479495268138801,0.9759463722397477,0.961947949526814,0.9027668243953733,15
ITPR1,Itpr1,0.5042362228760511,threshold_i_long_square,0.5042362228760511,8.489756594029407e-233,0.9444444444444444,17,18,3654,4.599317224530113,14.318181818181818,1.0,10,0.9156151419558359,0.8966876971608833,0.7949526813880127,0.8690851735015772,0.9692429022082019,0.8990536277602523,0.9341482649842271,0.9016167192429021,16
GRID2,Grid2,0.4401766540553953,tau,0.4401766540553953,2.520702845406135e-171,0.9444444444444444,17,18,3654,4.56502941334332,16.363636363636363,1.0,10,0.9140378548895899,0.9298107255520505,0.7949526813880127,0.8796004206098843,0.9471608832807571,0.8990536277602523,0.9231072555205047,0.9013538380651944,17
SCN1A,Scn1a,0.3677991698256233,upstroke_downstroke_ratio_long_square,-0.3677991698256233,2.6591664203626435e-116,0.9444444444444444,17,18,3654,5.8062097347082595,20.227272727272727,1.0,10,0.9637223974763407,0.9664826498422713,0.7949526813880127,0.9083859095688749,0.8746056782334385,0.8990536277602523,0.8868296529968454,0.8976077812828601,18
HCN1,Hcn1,0.3934702290390164,tau,-0.3934702290390164,3.952314202787429e-134,0.9444444444444444,17,18,3654,4.960401963207909,14.318181818181818,1.0,10,0.9392744479495269,0.8966876971608833,0.7949526813880127,0.8769716088328076,0.9116719242902208,0.8990536277602523,0.9053627760252365,0.8911671924290221,19
SORCS1,Sorcs1,0.4721046811008995,upstroke_downstroke_ratio_long_square,0.4721046811008995,1.109413892670926e-200,0.9444444444444444,17,18,3654,4.484185356107863,12.190812720848056,1.0,10,0.9085173501577287,0.847397476340694,0.7949526813880127,0.8502891692954785,0.9582018927444795,0.8990536277602523,0.9286277602523659,0.8894584647739222,20
CACNA1A,Cacna1a,0.3907205556438083,upstroke_downstroke_ratio_long_square,-0.3907205556438083,2.5041355547275202e-132,0.9444444444444444,17,18,3654,4.905901129269749,14.090909090909092,1.0,10,0.9345425867507886,0.8903785488958991,0.7949526813880127,0.8732912723449001,0.9077287066246057,0.8990536277602523,0.9033911671924291,0.8883412197686646,21
DOCK4,Dock4,0.4890809225511095,upstroke_downstroke_ratio_long_square,-0.4890809225511095,1.7944087325016986e-217,0.9444444444444444,17,18,3654,4.350493777160885,11.818181818181818,1.0,10,0.9006309148264984,0.8395110410094637,0.7949526813880127,0.845031545741325,0.9637223974763407,0.8990536277602523,0.9313880126182965,0.8882097791798107,22
DCC,Dcc,0.3155695684316359,threshold_i_long_square,-0.3155695684316359,5.5216418587310435e-84,0.9444444444444444,17,18,3654,6.357035656529808,26.59090909090909,1.0,10,0.9739747634069401,0.9838328075709779,0.7949526813880127,0.9175867507886436,0.805993690851735,0.8990536277602523,0.8525236593059937,0.8850552050473186,23
TRHDE,Trhde,0.5181855805548544,tau,0.5181855805548544,3.615332265960773e-248,0.8888888888888888,16,18,3654,4.481744450257092,18.863636363636363,1.0,10,0.9077287066246057,0.9546529968454258,0.7949526813880127,0.8857781282860148,0.9755520504731862,0.7917981072555205,0.8836750788643533,0.884726603575184,24
COL19A1,Col19a1,0.365568778749281,upstroke_downstroke_ratio_long_square,-0.365568778749281,8.178289668326696e-115,0.9444444444444444,17,18,3654,4.651441811075943,15.227272727272727,1.0,10,0.9211356466876972,0.9152208201892744,0.7949526813880127,0.8771030494216614,0.8706624605678234,0.8990536277602523,0.8848580441640379,0.8809805467928497,25
RYR3,Ryr3,0.2781210245095473,f_i_curve_slope,-0.2781210245095473,1.7316541796007182e-64,0.9444444444444444,17,18,3654,9.882782742741975,28.181818181818183,1.0,10,0.9944794952681388,0.9873817034700315,0.7949526813880127,0.9256046267087276,0.7350157728706624,0.8990536277602523,0.8170347003154574,0.8713196635120926,26
EYA4,Eya4,0.5109291227027801,upstroke_downstroke_ratio_long_square,-0.5109291227027801,1.8913014846678044e-240,0.9444444444444444,17,18,3654,2.8970929901929643,12.045454545454545,1.0,10,0.7649842271293376,0.8442429022082019,0.7949526813880127,0.8013932702418507,0.9739747634069401,0.8990536277602523,0.9365141955835963,0.8689537329127235,27
RELN,Reln,0.335003159996817,tau,0.335003159996817,2.543349994077101e-95,0.8888888888888888,16,18,3654,8.36220648328288,26.818181818181817,1.0,10,0.9913249211356467,0.985410094637224,0.7949526813880127,0.9238958990536278,0.8359621451104101,0.7917981072555205,0.8138801261829653,0.8688880126182965,28
ATRNL1,Atrnl1,0.4046931435926444,tau,-0.4046931435926444,1.5348686786637769e-142,0.9444444444444444,17,18,3654,4.003767811433411,10.909090909090908,1.0,10,0.8761829652996845,0.8103312302839116,0.7949526813880127,0.8271556256572029,0.919558359621451,0.8990536277602523,0.9093059936908516,0.8682308096740272,29
FSTL5,Fstl5,0.3681660644582873,threshold_i_long_square,-0.3681660644582873,4.9718388800950033e-116,0.9444444444444444,17,18,3654,4.28510829094862,12.5,1.0,10,0.8935331230283912,0.8584384858044164,0.7949526813880127,0.84897476340694,0.8753943217665615,0.8990536277602523,0.887223974763407,0.8680993690851735,30
CEMIP,Cemip,0.5405973719193492,ri,-0.5405973719193492,6.105389000580452e-274,0.9444444444444444,17,18,3654,2.943965760149929,11.136363636363637,1.0,10,0.7705047318611987,0.818217665615142,0.7949526813880127,0.7945583596214512,0.9810725552050473,0.8990536277602523,0.9400630914826498,0.8673107255520505,31
UNC13C,Unc13c,0.3270461189444824,tau,0.3270461189444824,1.2057812245712134e-90,0.8888888888888888,16,18,3654,7.248389708966174,29.09090909090909,1.0,10,0.9834384858044164,0.9897476340694006,0.7949526813880127,0.9227129337539433,0.8264984227129337,0.7917981072555205,0.8091482649842271,0.8659305993690851,32
RGS12,Rgs12,0.4258406421046355,upstroke_downstroke_ratio_long_square,0.4258406421046355,1.614635001884037e-159,1.0,18,18,3654,2.776261626701783,10.058027079303676,1.0,10,0.7397476340694006,0.7843059936908517,0.7949526813880127,0.7730021030494217,0.9384858044164038,0.9759463722397477,0.9572160883280758,0.8651090956887488,33
ERBB4,Erbb4,0.5556159695656971,tau,-0.5556159695656971,7.341836954543195e-293,0.8333333333333334,15,18,3654,5.124047212465801,17.5,1.0,10,0.9463722397476341,0.9408517350157729,0.7949526813880127,0.8940588853838065,0.9842271293375394,0.6790220820189274,0.8316246056782335,0.86284174553102,34
GRM7,Grm7,0.4164116337244279,tau,0.4164116337244279,1.2379892664144936e-151,0.8888888888888888,16,18,3654,4.243781171605869,14.772727272727273,1.0,10,0.889589905362776,0.9057570977917981,0.7949526813880127,0.8634332281808623,0.9305993690851735,0.7917981072555205,0.861198738170347,0.8623159831756047,35
LAMA4,Lama4,0.4059399384169953,tau,0.4059399384169953,1.7245572415574654e-143,0.9444444444444444,17,18,3654,3.9380432913117263,9.864603481624759,1.0,10,0.8706624605678234,0.7748422712933754,0.7949526813880127,0.8134858044164037,0.9211356466876972,0.8990536277602523,0.9100946372239748,0.8617902208201893,36
SCN8A,Scn8a,0.3206763385294896,upstroke_downstroke_ratio_long_square,-0.3206763385294896,3.259429062514536e-87,1.0,18,18,3654,3.6836476611838336,11.136363636363637,1.0,10,0.8541009463722398,0.818217665615142,0.7949526813880127,0.8224237644584648,0.8178233438485805,0.9759463722397477,0.8968848580441641,0.8596543112513144,37
TRPM3,Trpm3,0.3515538127974993,tau,0.3515538127974993,1.7354624628218714e-105,0.9444444444444444,17,18,3654,3.8982648953024857,12.76595744680851,1.0,10,0.8675078864353313,0.8679022082018928,0.7949526813880127,0.843454258675079,0.8525236593059937,0.8990536277602523,0.875788643533123,0.8596214511041009,38
ADCY2,Adcy2,0.5098368369446821,tau,0.5098368369446821,5.94796809213841e-239,0.9444444444444444,17,18,3654,3.203360912942606,9.090909090909092,1.0,10,0.8020504731861199,0.7346214511041009,0.7949526813880127,0.7772082018927445,0.9716088328075709,0.8990536277602523,0.9353312302839116,0.8562697160883281,39
PDZRN4,Pdzrn4,0.3685272243220832,upstroke_downstroke_ratio_long_square,0.3685272243220832,8.642736187657936e-117,1.0,18,18,3654,3.1569831638107333,9.545454545454545,1.0,10,0.7981072555205048,0.7582807570977917,0.7949526813880127,0.7837802313354364,0.8761829652996845,0.9759463722397477,0.926064668769716,0.8549224500525763,40
NRXN3,Nrxn3,0.408175686604708,tau,0.408175686604708,3.459112159235447e-145,0.8888888888888888,16,18,3654,4.295978846223398,12.5,1.0,10,0.8958990536277602,0.8584384858044164,0.7949526813880127,0.8497634069400631,0.9242902208201893,0.7917981072555205,0.8580441640378549,0.8539037854889591,41
ALK,Alk,0.302434836548171,threshold_i_long_square,0.302434836548171,6.110862464121597e-77,0.9444444444444444,17,18,3654,4.234047707779475,14.772727272727273,1.0,10,0.888801261829653,0.9057570977917981,0.7949526813880127,0.8631703470031545,0.7862776025236593,0.8990536277602523,0.8426656151419558,0.8529179810725551,42
ANK1,Ank1,0.46270662041925,upstroke_downstroke_ratio_long_square,-0.46270662041925,8.802163319266859e-192,0.8333333333333334,15,18,3654,5.140284754596044,15.227272727272727,1.0,10,0.9479495268138801,0.9152208201892744,0.7949526813880127,0.8860410094637223,0.9550473186119873,0.6790220820189274,0.8170347003154574,0.8515378548895899,43
SLIT3,Slit3,0.2685615914953559,upstroke_downstroke_ratio_long_square,-0.2685615914953559,1.2138594035057628e-60,0.9444444444444444,17,18,3654,4.784249285878311,19.09090909090909,1.0,10,0.9290220820189274,0.957807570977918,0.7949526813880127,0.8939274447949527,0.7137223974763407,0.8990536277602523,0.8063880126182965,0.8501577287066246,44
FRAS1,Fras1,0.2411253833646492,tau,-0.2411253833646492,1.306086639342455e-48,0.9444444444444444,17,18,3654,6.800803371126439,24.318181818181817,1.0,10,0.9802839116719243,0.9791009463722398,0.7949526813880127,0.918112513144059,0.6561514195583596,0.8990536277602523,0.777602523659306,0.8478575184016826,45
TSHZ3,Tshz3,0.5270099820807524,upstroke_downstroke_ratio_long_square,-0.5270099820807524,1.6193759918510928e-258,0.8333333333333334,15,18,3654,4.755164298107287,13.346228239845262,1.0,10,0.9274447949526814,0.8793375394321766,0.7949526813880127,0.8672450052576236,0.9771293375394322,0.6790220820189274,0.8280757097791798,0.8476603575184016,46
PCDH11X,Pcdh11x,0.2708873968836726,tau,0.2708873968836726,1.7493211442041658e-61,0.9444444444444444,17,18,3654,5.2179085830739735,15.19434628975265,1.0,10,0.9495268138801262,0.9132492113564669,0.7949526813880127,0.8859095688748685,0.7192429022082019,0.8990536277602523,0.8091482649842271,0.8475289169295478,47
RIMBP2,Rimbp2,0.2987958710572863,threshold_i_long_square,0.2987958710572863,4.756350787216264e-75,0.9444444444444444,17,18,3654,4.19644311992951,12.5,1.0,10,0.88801261829653,0.8584384858044164,0.7949526813880127,0.8471345951629864,0.7831230283911672,0.8990536277602523,0.8410883280757098,0.8441114616193481,48
SCN3A,Scn3a,0.3012457678684675,tau,0.3012457678684675,2.0296235476830002e-76,0.8888888888888888,16,18,3654,5.571846118447005,17.5,1.0,10,0.9597791798107256,0.9408517350157729,0.7949526813880127,0.8985278654048371,0.7854889589905363,0.7917981072555205,0.7886435331230284,0.8435856992639328,49
KCND3,Kcnd3,0.4177341072160913,upstroke_downstroke_ratio_long_square,0.4177341072160913,5.842693464109752e-153,1.0,18,18,3654,2.5198843213385245,8.636363636363637,1.0,10,0.6916403785488959,0.7101735015772871,0.7949526813880127,0.732255520504732,0.9321766561514195,0.9759463722397477,0.9540615141955836,0.8431585173501578,50
CNTN5,Cntn5,0.3693182687439181,tau,-0.3693182687439181,3.848321369957541e-117,0.8333333333333334,15,18,3654,5.229819871271356,22.954545454545453,1.0,10,0.9503154574132492,0.9739747634069401,0.7949526813880127,0.9064143007360673,0.8777602523659306,0.6790220820189274,0.7783911671924291,0.8424027339642481,51
GALNT14,Galnt14,0.4725215963453826,threshold_i_long_square,-0.4725215963453826,1.3976403519128333e-200,0.9444444444444444,17,18,3654,2.655030917443183,9.545454545454545,1.0,10,0.7137223974763407,0.7582807570977917,0.7949526813880127,0.755651945320715,0.9589905362776026,0.8990536277602523,0.9290220820189274,0.8423370136698212,52
PDZD2,Pdzd2,0.2535660658302833,tau,0.2535660658302833,8.844962019792198e-54,0.9444444444444444,17,18,3654,4.972426805128485,17.954545454545453,1.0,10,0.9408517350157729,0.9428233438485805,0.7949526813880127,0.892875920084122,0.6829652996845426,0.8990536277602523,0.7910094637223974,0.8419426919032598,53
NAV3,Nav3,0.2323898113281806,threshold_i_long_square,0.2323898113281806,3.75981598199869e-45,0.9444444444444444,17,18,3654,6.911507439910761,21.731448763250885,1.0,10,0.9810725552050473,0.9700315457413249,0.7949526813880127,0.9153522607781283,0.6348580441640379,0.8990536277602523,0.7669558359621451,0.8411540483701367,54
RUNX1T1,Runx1t1,0.3866203254635166,tau,0.3866203254635166,3.676704954932276e-129,0.8888888888888888,16,18,3654,3.6684190700481523,12.5,1.0,10,0.8509463722397477,0.8584384858044164,0.7949526813880127,0.8347791798107256,0.9006309148264984,0.7917981072555205,0.8462145110410094,0.8404968454258674,55
TLL1,Tll1,0.2975145504445494,threshold_i_long_square,0.2975145504445494,2.131810717900048e-74,1.0,18,18,3654,5.165484988056524,24.318181818181817,0.9,9,0.9487381703470031,0.9791009463722398,0.47870662460567825,0.8021819137749736,0.7799684542586751,0.9759463722397477,0.8779574132492114,0.8400696635120926,56
DGKI,Dgki,0.4514742948172269,upstroke_downstroke_ratio_long_square,-0.4514742948172269,1.6852337007987698e-181,1.0,18,18,3654,3.580456554117737,11.136363636363637,0.9,9,0.8406940063091483,0.818217665615142,0.47870662460567825,0.7125394321766562,0.9534700315457413,0.9759463722397477,0.9647082018927444,0.8386238170347002,57
THSD7B,Thsd7b,0.3228465684758301,tau,0.3228465684758301,3.1379150227769283e-88,0.8333333333333334,15,18,3654,7.508581852497895,35.68181818181818,1.0,10,0.9858044164037855,0.9944794952681388,0.7949526813880127,0.9250788643533122,0.8201892744479495,0.6790220820189274,0.7496056782334385,0.8373422712933754,58
TRPS1,Trps1,0.3663503788247894,tau,-0.3663503788247894,3.7790159721732923e-115,0.8888888888888888,16,18,3654,4.492527340205171,11.04868913857678,1.0,10,0.9093059936908517,0.8146687697160884,0.7949526813880127,0.8396424815983176,0.8722397476340694,0.7917981072555205,0.8320189274447949,0.8358307045215563,59
LINGO2,Lingo2,0.4365573843691633,upstroke_downstroke_ratio_long_square,0.4365573843691633,1.881718708568087e-168,1.0,18,18,3654,2.7208889260575067,7.156673114119923,1.0,10,0.7294952681388013,0.6001577287066246,0.7949526813880127,0.7082018927444795,0.945583596214511,0.9759463722397477,0.9607649842271293,0.8344834384858044,60
PDE1C,Pde1c,0.2724476622441845,ri,0.2724476622441845,4.190614522915333e-62,0.9444444444444444,17,18,3654,3.780327542452885,15.681818181818182,1.0,10,0.8588328075709779,0.9207413249211357,0.7949526813880127,0.8581756046267087,0.722397476340694,0.8990536277602523,0.8107255520504731,0.8344505783385909,61
PTPRM,Ptprm,0.3934210891378464,threshold_i_short_square,0.3934210891378464,6.445808005356438e-133,0.9444444444444444,17,18,3654,2.9888183465213087,8.704061895551257,1.0,10,0.776813880126183,0.7180599369085173,0.7949526813880127,0.7632754994742377,0.9108832807570978,0.8990536277602523,0.9049684542586751,0.8341219768664564,62
HDAC9,Hdac9,0.4054545649405004,upstroke_downstroke_ratio_long_square,0.4054545649405004,2.4501549771841293e-143,0.8333333333333334,15,18,3654,4.165298352952372,16.136363636363637,1.0,10,0.8840694006309149,0.9250788643533123,0.7949526813880127,0.8680336487907466,0.9203470031545742,0.6790220820189274,0.7996845425867508,0.8338590956887487,63
NTRK3,Ntrk3,0.3895615470689569,avg_isi,-0.3895615470689569,2.201837007185899e-130,0.8888888888888888,16,18,3654,3.565658243853008,11.136363636363637,1.0,10,0.8359621451104101,0.818217665615142,0.7949526813880127,0.8163774973711883,0.9037854889589906,0.7917981072555205,0.8477917981072556,0.8320846477392219,64
BMPER,Bmper,0.314654463526209,threshold_i_long_square,-0.314654463526209,1.728743763853135e-83,0.9444444444444444,17,18,3654,3.052809988985043,12.272727272727273,1.0,10,0.7854889589905363,0.8505520504731862,0.7949526813880127,0.8103312302839116,0.804416403785489,0.8990536277602523,0.8517350157728707,0.8310331230283912,65
TENM4,Tenm4,0.3524073938617346,upstroke_downstroke_ratio_long_square,-0.3524073938617346,2.85162280503643e-106,0.8333333333333334,15,18,3654,5.44721823413495,17.045454545454547,1.0,10,0.9558359621451105,0.9353312302839116,0.7949526813880127,0.895373291272345,0.8541009463722398,0.6790220820189274,0.7665615141955836,0.8309674027339643,66
CHRM3,Chrm3,0.3888888500833277,tau,0.3888888500833277,8.689735910849011e-131,0.9444444444444444,17,18,3654,2.8538471334192996,9.090909090909092,1.0,10,0.7531545741324921,0.7346214511041009,0.7949526813880127,0.7609095688748685,0.9029968454258676,0.8990536277602523,0.90102523659306,0.8309674027339642,67
KIT,Kit,0.6334340322713206,upstroke_downstroke_ratio_long_square,0.6334340322713206,0.0,0.8888888888888888,16,18,3654,2.886956494920489,9.284332688588007,1.0,10,0.7618296529968455,0.7440851735015773,0.7949526813880127,0.7669558359621451,0.9952681388012619,0.7917981072555205,0.8935331230283912,0.8302444794952681,68
TRPM2,Trpm2,0.2634878469438468,ri,-0.2634878469438468,4.8725887037620674e-58,0.9444444444444444,17,18,3654,4.243839618238954,13.863636363636363,1.0,10,0.8903785488958991,0.8876182965299685,0.7949526813880127,0.8576498422712934,0.7050473186119873,0.8990536277602523,0.8020504731861198,0.8298501577287065,69
GRIA4,Gria4,0.3576177358003788,upstroke_downstroke_ratio_long_square,-0.3576177358003788,1.3376156804366466e-109,0.9444444444444444,17,18,3654,3.1343680937556413,9.318181818181818,1.0,10,0.7941640378548895,0.7503943217665615,0.7949526813880127,0.7798370136698213,0.8596214511041009,0.8990536277602523,0.8793375394321766,0.829587276550999,70
SORCS3,Sorcs3,0.6234767024613235,upstroke_downstroke_ratio_long_square,0.6234767024613235,0.0,0.7777777777777778,14,18,3654,4.250167215919356,16.818181818181817,1.0,10,0.8919558359621451,0.9333596214511041,0.7949526813880127,0.873422712933754,0.9944794952681388,0.5764984227129337,0.7854889589905363,0.8294558359621451,71
NELL1,Nell1,0.3897490783749138,tau,0.3897490783749138,2.095691616136636e-131,0.8888888888888888,16,18,3654,3.691986625590019,10.0,1.0,10,0.8548895899053628,0.7795741324921136,0.7949526813880127,0.8098054679284963,0.9045741324921136,0.7917981072555205,0.848186119873817,0.8289957939011566,72
PPARGC1A,Ppargc1a,0.5307439860290708,upstroke_downstroke_ratio_long_square,-0.5307439860290708,7.607724822344536e-263,0.9444444444444444,17,18,3654,2.591985763952086,7.7272727272727275,1.0,10,0.7050473186119873,0.6510252365930599,0.7949526813880127,0.7170084121976866,0.9779179810725552,0.8990536277602523,0.9384858044164037,0.8277471083070451,73
NETO1,Neto1,0.4120113680614053,tau,0.4120113680614053,3.745067689689442e-148,0.8888888888888888,16,18,3654,3.2664981688229986,10.0,1.0,10,0.8091482649842271,0.7795741324921136,0.7949526813880127,0.7945583596214512,0.9274447949526814,0.7917981072555205,0.8596214511041009,0.827089905362776,74
LRRC7,Lrrc7,0.3488487153808522,tau,0.3488487153808522,8.640530906387607e-104,0.8333333333333334,15,18,3654,5.689898501787229,14.664310954063604,1.0,10,0.9629337539432177,0.9037854889589906,0.7949526813880127,0.887223974763407,0.8485804416403786,0.6790220820189274,0.763801261829653,0.82551261829653,75
ARHGAP5,Arhgap5,0.3308850182058077,upstroke_downstroke_ratio_long_square,-0.3308850182058077,4.290507439311416e-93,0.9444444444444444,17,18,3654,2.977179170255099,10.058027079303676,1.0,10,0.7744479495268138,0.7843059936908517,0.7949526813880127,0.7845688748685594,0.833596214511041,0.8990536277602523,0.8663249211356467,0.825446898002103,76
DOCK9,Dock9,0.2905090136647819,upstroke_downstroke_ratio_long_square,-0.2905090136647819,3.906682296269805e-71,0.9444444444444444,17,18,3654,3.6268879974292303,10.909090909090908,1.0,10,0.8462145110410094,0.8103312302839116,0.7949526813880127,0.8171661409043112,0.7649842271293376,0.8990536277602523,0.8320189274447949,0.824592534174553,77
LRFN2,Lrfn2,0.316623048416241,upstroke_downstroke_ratio_long_square,0.316623048416241,5.922483011379934e-85,0.9444444444444444,17,18,3654,3.091898505404674,10.454545454545455,1.0,10,0.7894321766561514,0.7949526813880127,0.7949526813880127,0.793112513144059,0.8083596214511041,0.8990536277602523,0.8537066246056781,0.8234095688748686,78
CAMTA1,Camta1,0.3512818438538124,upstroke_downstroke_ratio_long_square,-0.3512818438538124,1.4656178526112095e-105,0.8888888888888888,16,18,3654,3.840203919092841,10.831721470019342,1.0,10,0.8643533123028391,0.805205047318612,0.7949526813880127,0.8215036803364879,0.8517350157728707,0.7917981072555205,0.8217665615141956,0.8216351209253417,79
IL1RAPL1,Il1rapl1,0.3725251503151451,ri,-0.3725251503151451,6.143280605106605e-119,0.9444444444444444,17,18,3654,2.852423887789123,8.51063829787234,1.0,10,0.751577287066246,0.7011041009463722,0.7949526813880127,0.7492113564668769,0.8809148264984227,0.8990536277602523,0.8899842271293374,0.8195977917981072,80
BRINP3,Brinp3,0.311099410853459,adaptation,0.311099410853459,2.893808499476705e-81,0.8333333333333334,15,18,3654,5.34268345066291,18.40909090909091,1.0,10,0.9542586750788643,0.9487381703470031,0.7949526813880127,0.89931650893796,0.7973186119873817,0.6790220820189274,0.7381703470031546,0.8187434279705573,81
ADCY1,Adcy1,0.2968902614074152,ri,-0.2968902614074152,5.083075097155371e-74,0.9444444444444444,17,18,3654,3.329593757710792,10.0,1.0,10,0.8146687697160884,0.7795741324921136,0.7949526813880127,0.7963985278654048,0.7791798107255521,0.8990536277602523,0.8391167192429022,0.8177576235541535,82
PLXNA4,Plxna4,0.252434833552552,tau,-0.252434833552552,2.6613716790491307e-53,0.8888888888888888,16,18,3654,5.667283133573666,17.272727272727273,1.0,10,0.9621451104100947,0.9380914826498423,0.7949526813880127,0.8983964248159833,0.6821766561514195,0.7917981072555205,0.73698738170347,0.8176919032597266,83
CACNA2D1,Cacna2d1,0.6150191178448696,upstroke_downstroke_ratio_long_square,0.6150191178448696,0.0,0.8333333333333334,15,18,3654,3.5292907844991404,9.772727272727273,1.0,10,0.832018927444795,0.7697160883280757,0.7949526813880127,0.7988958990536278,0.9921135646687698,0.6790220820189274,0.8355678233438486,0.8172318611987381,84
TRIO,Trio,0.269683147753134,upstroke_downstroke_ratio_long_square,-0.269683147753134,3.7328876593359806e-61,0.8888888888888888,16,18,3654,4.649722740980186,15.087040618955513,1.0,10,0.9203470031545742,0.9116719242902208,0.7949526813880127,0.8756572029442692,0.7168769716088328,0.7917981072555205,0.7543375394321766,0.8149973711882229,85
KCNT1,Kcnt1,0.3380732979659431,upstroke_downstroke_ratio_long_square,-0.3380732979659431,2.2007435341235523e-97,0.9444444444444444,17,18,3654,2.845952686803666,9.090909090909092,1.0,10,0.75,0.7346214511041009,0.7949526813880127,0.7598580441640378,0.8399053627760252,0.8990536277602523,0.8694794952681388,0.8146687697160884,86
BRINP2,Brinp2,0.2617183808011257,threshold_i_short_square,0.2617183808011257,8.188853012635316e-57,0.9444444444444444,17,18,3654,3.4523301305400467,12.954545454545455,1.0,10,0.8249211356466877,0.8698738170347003,0.7949526813880127,0.8299158780231335,0.6995268138801262,0.8990536277602523,0.7992902208201893,0.8146030494216614,87
MCC,Mcc,0.3729729044050329,tau,0.3729729044050329,1.2596352455259898e-119,0.9444444444444444,17,18,3654,2.5661340390019682,8.704061895551257,1.0,10,0.7026813880126183,0.7180599369085173,0.7949526813880127,0.7385646687697162,0.8817034700315457,0.8990536277602523,0.8903785488958991,0.8144716088328077,88
KCNQ5,Kcnq5,0.375715807714207,upstroke_downstroke_ratio_long_square,0.375715807714207,1.0761984405423209e-121,0.8333333333333334,15,18,3654,3.5662511020320897,14.772727272727273,1.0,10,0.8375394321766562,0.9057570977917981,0.7949526813880127,0.8460830704521557,0.8856466876971609,0.6790220820189274,0.7823343848580442,0.8142087276551,89
PI4KA,Pi4ka,0.2362921515738269,upstroke_downstroke_ratio_long_square,-0.2362921515738269,6.535249103797031e-47,1.0,18,18,3654,3.4433520825806583,11.798839458413926,1.0,10,0.8225552050473186,0.8367507886435331,0.7949526813880127,0.818086225026288,0.6435331230283912,0.9759463722397477,0.8097397476340694,0.8139129863301787,90
COL11A1,Col11a1,0.3928135024507043,upstroke_downstroke_ratio_long_square,-0.3928135024507043,7.547662124314575e-134,0.7222222222222222,13,18,3654,8.531005833090493,26.59090909090909,1.0,10,0.9921135646687698,0.9838328075709779,0.7949526813880127,0.9236330178759201,0.9100946372239748,0.4948738170347003,0.7024842271293376,0.8130586225026288,91
ARAP2,Arap2,0.3498550387899178,upstroke_downstroke_ratio_long_square,-0.3498550387899178,1.152244768683704e-104,0.9444444444444444,17,18,3654,4.040746767859314,14.318181818181818,0.9,9,0.8785488958990536,0.8966876971608833,0.47870662460567825,0.7513144058885383,0.8493690851735016,0.8990536277602523,0.874211356466877,0.8127628811777077,92
PDZRN3,Pdzrn3,0.3304169164108799,tau,-0.3304169164108799,1.3407838186197834e-92,1.0,18,18,3654,2.7283298625966355,7.420494699646643,1.0,10,0.7334384858044164,0.6320977917981072,0.7949526813880127,0.7201629863301787,0.832807570977918,0.9759463722397477,0.9043769716088328,0.8122699789695058,93
CNTNAP2,Cntnap2,0.2198624347238866,threshold_i_ramp,0.2198624347238866,2.1587274247882555e-40,0.8888888888888888,16,18,3654,6.751626070565997,23.181818181818183,1.0,10,0.9794952681388013,0.9755520504731862,0.7949526813880127,0.9166666666666666,0.613564668769716,0.7917981072555205,0.7026813880126183,0.8096740273396424,94
SDK1,Sdk1,0.2896010309411296,threshold_i_short_square,-0.2896010309411296,6.539656541127399e-70,0.8333333333333334,15,18,3654,6.247742662808309,16.363636363636363,1.0,10,0.973186119873817,0.9298107255520505,0.7949526813880127,0.89931650893796,0.7602523659305994,0.6790220820189274,0.7196372239747635,0.8094768664563617,95
TENM2,Tenm2,0.4328091858122943,upstroke_downstroke_ratio_long_square,-0.4328091858122943,2.727634704503614e-165,0.7222222222222222,13,18,3654,5.9943953858633865,16.818181818181817,1.0,10,0.9692429022082019,0.9333596214511041,0.7949526813880127,0.8991850683491062,0.943217665615142,0.4948738170347003,0.7190457413249212,0.8091154048370137,96
ADCY8,Adcy8,0.2412251845348263,upstroke_downstroke_ratio_long_square,-0.2412251845348263,7.11035011863921e-49,0.8888888888888888,16,18,3654,4.94616231751788,18.181818181818183,1.0,10,0.9369085173501577,0.9451892744479495,0.7949526813880127,0.8923501577287066,0.6569400630914827,0.7917981072555205,0.7243690851735016,0.8083596214511042,97
MYO16,Myo16,0.2633892452944121,upstroke_downstroke_ratio_long_square,-0.2633892452944121,2.6530023736933614e-58,0.8888888888888888,16,18,3654,4.675818565946632,13.636363636363637,1.0,10,0.9227129337539433,0.8848580441640379,0.7949526813880127,0.8675078864353313,0.7042586750788643,0.7917981072555205,0.7480283911671923,0.8077681388012619,98
TRPC3,Trpc3,0.4481945265150885,tau,-0.4481945265150885,2.582623305144525e-178,0.8888888888888888,16,18,3654,2.820476672881626,8.409090909090908,1.0,10,0.7436908517350158,0.6916403785488959,0.7949526813880127,0.743427970557308,0.9518927444794952,0.7917981072555205,0.8718454258675079,0.8076366982124079,99
KCNQ3,Kcnq3,0.4122669449519742,upstroke_downstroke_ratio_long_square,-0.4122669449519742,1.2533341755718165e-148,0.7777777777777778,14,18,3654,3.793188555308041,16.136363636363637,1.0,10,0.86198738170347,0.9250788643533123,0.7949526813880127,0.8606729758149316,0.9282334384858044,0.5764984227129337,0.7523659305993691,0.8065194532071503,100
DOCK10,Dock10,0.4161167596500858,upstroke_downstroke_ratio_long_square,0.4161167596500858,1.1363329511170398e-151,0.7777777777777778,14,18,3654,4.397372210400485,13.152804642166345,1.0,10,0.9014195583596214,0.8738170347003155,0.7949526813880127,0.8567297581493164,0.9298107255520505,0.5764984227129337,0.7531545741324921,0.8049421661409042,101
NEBL,Nebl,0.3753636327074886,upstroke_downstroke_ratio_long_square,-0.3753636327074886,1.8691703217658224e-121,0.7777777777777778,14,18,3654,4.103909154724795,18.863636363636363,1.0,10,0.8817034700315457,0.9546529968454258,0.7949526813880127,0.8771030494216614,0.8848580441640379,0.5764984227129337,0.7306782334384858,0.8038906414300736,102
RYR2,Ryr2,0.2480730949361023,tau,0.2480730949361023,1.832423395730793e-51,0.8333333333333334,15,18,3654,14.507904992401688,38.33922261484099,1.0,10,1.0,0.9952681388012619,0.7949526813880127,0.9300736067297581,0.6735015772870663,0.6790220820189274,0.6762618296529969,0.8031677181913774,103
GRIK3,Grik3,0.4198855817488403,tau,0.4198855817488403,2.1135290527513642e-154,0.8333333333333334,15,18,3654,3.4093703678207645,10.0,1.0,10,0.8194006309148265,0.7795741324921136,0.7949526813880127,0.7979758149316508,0.9329652996845426,0.6790220820189274,0.805993690851735,0.8019847528916929,104
ARPP21,Arpp21,0.4886513573492591,upstroke_downstroke_ratio_long_square,0.4886513573492591,4.766294734678931e-217,0.8888888888888888,16,18,3654,3.3927305789318596,12.727272727272727,0.9,9,0.8178233438485805,0.8643533123028391,0.47870662460567825,0.7202944269190326,0.9629337539432177,0.7917981072555205,0.8773659305993691,0.7988301787592008,105
LRP1B,Lrp1b,0.2870802918844312,tau,-0.2870802918844312,3.1610095286491576e-69,0.7777777777777778,14,18,3654,14.005902910200865,46.81818181818182,1.0,10,0.998422712933754,0.998422712933754,0.7949526813880127,0.9305993690851735,0.7563091482649842,0.5764984227129337,0.666403785488959,0.7985015772870663,106
CDH8,Cdh8,0.2851973681676573,tau,0.2851973681676573,2.667062638599332e-68,0.8333333333333334,15,18,3654,4.6781290769226604,15.454545454545455,1.0,10,0.9242902208201893,0.917981072555205,0.7949526813880127,0.879074658254469,0.751577287066246,0.6790220820189274,0.7152996845425867,0.7971871713985279,107
SOX5,Sox5,0.5865135274148124,tau,-0.5865135274148124,0.0,1.0,18,18,3654,2.0794702569297887,5.222437137330754,1.0,10,0.6001577287066246,0.4392744479495268,0.7949526813880127,0.6114616193480548,0.9889589905362776,0.9759463722397477,0.9824526813880126,0.7969571503680337,108
CDH4,Cdh4,0.4784248213234987,tau,0.4784248213234987,1.6789293728117666e-206,0.7777777777777778,14,18,3654,3.4837741068261527,12.272727272727273,1.0,10,0.8272870662460567,0.8505520504731862,0.7949526813880127,0.8242639327024185,0.9613564668769716,0.5764984227129337,0.7689274447949527,0.7965956887486856,109
RBFOX1,Rbfox1,0.4934190950003886,upstroke_downstroke_ratio_long_square,-0.4934190950003886,6.902948937070993e-222,0.8333333333333334,15,18,3654,2.892895664829738,9.318181818181818,1.0,10,0.7641955835962145,0.7503943217665615,0.7949526813880127,0.7698475289169296,0.9660883280757098,0.6790220820189274,0.8225552050473186,0.7962013669821242,110
TENM1,Tenm1,0.1925441882745779,adaptation,-0.1925441882745779,5.570815534020266e-31,0.8888888888888888,16,18,3654,7.648677568468813,22.727272727272727,1.0,10,0.9873817034700315,0.972397476340694,0.7949526813880127,0.9182439537329127,0.5496845425867508,0.7917981072555205,0.6707413249211356,0.7944926393270242,111
CUX2,Cux2,0.3186444643993179,upstroke_downstroke_ratio_long_square,-0.3186444643993179,4.512215432856712e-86,0.8333333333333334,15,18,3654,3.7995507273594455,12.727272727272727,1.0,10,0.862776025236593,0.8643533123028391,0.7949526813880127,0.8406940063091483,0.8146687697160884,0.6790220820189274,0.7468454258675079,0.7937697160883281,112
FREM1,Frem1,0.26324977997881,upstroke_downstroke_ratio_long_square,0.26324977997881,3.052915471977878e-58,0.8333333333333334,15,18,3654,5.010724760494342,18.40909090909091,1.0,10,0.942429022082019,0.9487381703470031,0.7949526813880127,0.895373291272345,0.7034700315457413,0.6790220820189274,0.6912460567823344,0.7933096740273398,113
KCNMA1,Kcnma1,0.5107688611986677,upstroke_downstroke_ratio_long_square,-0.5107688611986677,2.7120144586980223e-240,0.8333333333333334,15,18,3654,2.715160188755653,9.477756286266924,1.0,10,0.7271293375394322,0.7543375394321766,0.7949526813880127,0.7588065194532071,0.973186119873817,0.6790220820189274,0.8261041009463722,0.7924553101997897,114
SOX6,Sox6,0.6047096899960531,upstroke_downstroke_ratio_long_square,-0.6047096899960531,0.0,0.8888888888888888,16,18,3654,2.3293360851342495,7.350096711798839,1.0,10,0.6616719242902208,0.623422712933754,0.7949526813880127,0.6933491062039958,0.9905362776025236,0.7917981072555205,0.8911671924290221,0.792258149316509,115
SORCS2,Sorcs2,0.352215614264952,ri,0.352215614264952,1.1742893845092594e-105,1.0,18,18,3654,2.1834816167856315,6.963249516441006,1.0,10,0.6277602523659306,0.582018927444795,0.7949526813880127,0.6682439537329127,0.8533123028391167,0.9759463722397477,0.9146293375394322,0.7914366456361724,116
PCLO,Pclo,0.2254532160235375,upstroke_downstroke_ratio_long_square,-0.2254532160235375,1.0007382792639582e-42,0.8333333333333334,15,18,3654,12.46733620302412,49.09090909090909,1.0,10,0.9976340694006309,0.999211356466877,0.7949526813880127,0.9305993690851735,0.6222397476340694,0.6790220820189274,0.6506309148264984,0.7906151419558359,117
ANO4,Ano4,0.2772033887396309,upstroke_downstroke_ratio_long_square,-0.2772033887396309,1.1846047296321144e-64,0.8333333333333334,15,18,3654,4.142604126015607,18.181818181818183,1.0,10,0.8832807570977917,0.9451892744479495,0.7949526813880127,0.8744742376445847,0.7326498422712934,0.6790220820189274,0.7058359621451105,0.7901550998948476,118
KCNB2,Kcnb2,0.2910958070318895,threshold_i_long_square,-0.2910958070318895,3.8005158272976656e-71,0.8888888888888888,16,18,3654,5.263957685911506,22.045454545454547,0.9,9,0.9526813880126183,0.9708201892744479,0.47870662460567825,0.8007360672975814,0.7673501577287066,0.7917981072555205,0.7795741324921135,0.7901550998948474,119
GABRB2,Gabrb2,0.4751935705805923,tau,-0.4751935705805923,2.313482182402032e-203,0.9444444444444444,17,18,3654,2.5639828307022223,9.772727272727273,0.9,9,0.7018927444794952,0.7697160883280757,0.47870662460567825,0.6501051524710831,0.9605678233438486,0.8990536277602523,0.9298107255520505,0.7899579390115667,120
EPHB6,Ephb6,0.3982448690126545,upstroke_downstroke_ratio_long_square,-0.3982448690126545,7.098601709689965e-138,0.8333333333333334,15,18,3654,3.2313590240499557,9.090909090909092,1.0,10,0.805205047318612,0.7346214511041009,0.7949526813880127,0.7782597266035752,0.9148264984227129,0.6790220820189274,0.7969242902208202,0.7875920084121977,121
CUX1,Cux1,0.330151102503297,upstroke_downstroke_ratio_long_square,-0.330151102503297,1.1287754544535198e-92,0.8333333333333334,15,18,3654,3.3214727389689367,12.379110251450676,1.0,10,0.8115141955835962,0.8548895899053628,0.7949526813880127,0.8204521556256572,0.8296529968454258,0.6790220820189274,0.7543375394321766,0.787394847528917,122
MPDZ,Mpdz,0.292905775369232,tau,-0.292905775369232,3.985593692283583e-72,0.8888888888888888,16,18,3654,3.2198466882181216,9.864603481624759,1.0,10,0.8036277602523659,0.7748422712933754,0.7949526813880127,0.7911409043112513,0.7720820189274448,0.7917981072555205,0.7819400630914826,0.786540483701367,123
PCSK2,Pcsk2,0.4490072264982266,upstroke_downstroke_ratio_long_square,0.4490072264982266,2.6774341843995098e-179,1.0,18,18,3654,1.9222545160050064,5.454545454545454,1.0,10,0.5599369085173501,0.46490536277602523,0.7949526813880127,0.6065983175604627,0.9526813880126183,0.9759463722397477,0.964313880126183,0.7854560988433228,124
GRM5,Grm5,0.2961348766129328,adaptation,-0.2961348766129328,1.8991406517132888e-73,0.8888888888888888,16,18,3654,3.3279898546362654,9.284332688588007,1.0,10,0.8138801261829653,0.7440851735015773,0.7949526813880127,0.7843059936908517,0.7783911671924291,0.7917981072555205,0.7850946372239748,0.7847003154574133,125
FMN1,Fmn1,0.3805217930134761,threshold_i_long_square,0.3805217930134761,1.7823388282883614e-124,0.9444444444444444,17,18,3654,1.7207558254758275,8.51063829787234,1.0,10,0.5149842271293376,0.7011041009463722,0.7949526813880127,0.6703470031545741,0.8927444794952681,0.8990536277602523,0.8958990536277602,0.7831230283911672,126
UNC5D,Unc5d,0.3082445132877346,threshold_i_short_square,0.3082445132877346,1.869165495648416e-79,0.9444444444444444,17,18,3654,3.6829580947179386,11.363636363636363,0.9,9,0.8533123028391167,0.8268927444794952,0.47870662460567825,0.7196372239747634,0.7925867507886435,0.8990536277602523,0.8458201892744479,0.7827287066246056,127
SRRM4,Srrm4,0.4691347101841802,tau,-0.4691347101841802,1.5281649286883726e-197,0.8888888888888888,16,18,3654,2.195239280900907,7.543520309477756,1.0,10,0.6317034700315457,0.6431388012618297,0.7949526813880127,0.6899316508937959,0.9574132492113565,0.7917981072555205,0.8746056782334385,0.7822686645636172,128
GRM3,Grm3,0.3173152692120607,upstroke_downstroke_ratio_long_square,-0.3173152692120607,2.4568086717158844e-85,0.7777777777777778,14,18,3654,4.0341059763332,17.272727272727273,1.0,10,0.8777602523659306,0.9380914826498423,0.7949526813880127,0.8702681388012619,0.8115141955835962,0.5764984227129337,0.6940063091482649,0.7821372239747634,129
GRM8,Grm8,0.2037770974267598,threshold_i_long_square,-0.2037770974267598,8.586337018485001e-35,0.8888888888888888,16,18,3654,4.668786647902758,15.227272727272727,1.0,10,0.9219242902208202,0.9152208201892744,0.7949526813880127,0.8773659305993692,0.5788643533123028,0.7917981072555205,0.6853312302839116,0.7813485804416405,130
APLP1,Aplp1,0.3081880026611583,ri,0.3081880026611583,6.0776774900724436e-80,1.0,18,18,3654,2.0519308858438503,7.543520309477756,1.0,10,0.5946372239747634,0.6431388012618297,0.7949526813880127,0.6775762355415352,0.7917981072555205,0.9759463722397477,0.8838722397476341,0.7807242376445847,131
DLGAP2,Dlgap2,0.4638531400094459,upstroke_downstroke_ratio_long_square,-0.4638531400094459,7.633952630597928e-193,0.8333333333333334,15,18,3654,3.2898985097577826,7.350096711798839,1.0,10,0.8099369085173501,0.623422712933754,0.7949526813880127,0.742770767613039,0.9558359621451105,0.6790220820189274,0.817429022082019,0.780099894847529,132
PROX1,Prox1,0.660313511068533,upstroke_downstroke_ratio_long_square,0.660313511068533,0.0,0.8333333333333334,15,18,3654,2.6081870209632543,7.7369439071566735,1.0,10,0.7066246056782335,0.6597003154574133,0.7949526813880127,0.7204258675078865,0.998422712933754,0.6790220820189274,0.8387223974763407,0.7795741324921136,133
SORBS2,Sorbs2,0.3482110286077,upstroke_downstroke_ratio_long_square,-0.3482110286077,1.248565010001331e-103,0.8888888888888888,16,18,3654,2.5576239823487397,8.704061895551257,1.0,10,0.7011041009463722,0.7180599369085173,0.7949526813880127,0.7380389064143008,0.8477917981072555,0.7917981072555205,0.8197949526813879,0.7789169295478444,134
GABBR2,Gabbr2,0.2642511619467405,threshold_i_long_square,0.2642511619467405,1.9971010601032e-58,1.0,18,18,3654,2.5570860165305946,7.7272727272727275,1.0,10,0.7003154574132492,0.6510252365930599,0.7949526813880127,0.7154311251314406,0.7058359621451105,0.9759463722397477,0.8408911671924291,0.7781611461619349,135
PTPRN,Ptprn,0.3357448820814238,upstroke_downstroke_ratio_long_square,0.3357448820814238,5.526265294660537e-96,0.9444444444444444,17,18,3654,2.440209379747466,6.963249516441006,1.0,10,0.6829652996845426,0.582018927444795,0.7949526813880127,0.6866456361724501,0.8367507886435331,0.8990536277602523,0.8679022082018928,0.7772739221871714,136
OSBPL1A,Osbpl1a,0.3301963900288533,upstroke_downstroke_ratio_long_square,-0.3301963900288533,1.0692749692160163e-92,1.0,18,18,3654,1.965325668286456,6.963249516441006,1.0,10,0.5757097791798107,0.582018927444795,0.7949526813880127,0.650893796004206,0.830441640378549,0.9759463722397477,0.9031940063091484,0.7770439011566772,137
PCDH9,Pcdh9,0.289829226799456,upstroke_downstroke_ratio_long_square,-0.289829226799456,8.50475875668737e-71,0.8333333333333334,15,18,3654,3.9117832483169614,11.60541586073501,1.0,10,0.8690851735015773,0.8347791798107256,0.7949526813880127,0.8329390115667717,0.7626182965299685,0.6790220820189274,0.7208201892744479,0.7768796004206098,138
GRIN2A,Grin2a,0.2905209368221239,latency,0.2905209368221239,7.74865295186124e-70,0.7222222222222222,13,18,3654,6.738157357204062,26.818181818181817,1.0,10,0.9787066246056783,0.985410094637224,0.7949526813880127,0.919689800210305,0.7657728706624606,0.4948738170347003,0.6303233438485805,0.7750065720294428,139
DGKB,Dgkb,0.3859168264441014,upstroke_downstroke_ratio_long_square,0.3859168264441014,7.153708301872791e-129,0.7777777777777778,14,18,3654,3.5722439691878676,10.681818181818182,1.0,10,0.8383280757097792,0.8012618296529969,0.7949526813880127,0.8115141955835963,0.8982649842271293,0.5764984227129337,0.7373817034700315,0.774447949526814,140
OSBPL3,Osbpl3,0.3800124362322258,tau,-0.3800124362322258,1.7063590678932943e-124,0.9444444444444444,17,18,3654,2.038341050956347,6.769825918762089,1.0,10,0.5922712933753943,0.5662460567823344,0.7949526813880127,0.6511566771819138,0.8919558359621451,0.8990536277602523,0.8955047318611987,0.7733307045215563,141
NDST3,Ndst3,0.3641590564790435,threshold_i_long_square,0.3641590564790435,2.2891856396702848e-113,0.9444444444444444,17,18,3654,2.74445033970889,9.772727272727273,0.9,9,0.7358044164037855,0.7697160883280757,0.47870662460567825,0.6614090431125131,0.8675078864353313,0.8990536277602523,0.8832807570977919,0.7723449001051526,142
FRMPD4,Frmpd4,0.2794777105337847,upstroke_downstroke_ratio_long_square,0.2794777105337847,9.827241458088644e-66,0.8333333333333334,15,18,3654,4.078401059510973,11.363636363636363,1.0,10,0.8793375394321766,0.8268927444794952,0.7949526813880127,0.8337276550998949,0.7373817034700315,0.6790220820189274,0.7082018927444795,0.7709647739221872,143
PKD1,Pkd1,0.2029754958612197,upstroke_downstroke_ratio_long_square,-0.2029754958612197,9.684107488498979e-35,0.8888888888888888,16,18,3654,4.341361502482071,13.409090909090908,1.0,10,0.8990536277602523,0.8817034700315457,0.7949526813880127,0.8585699263932702,0.5741324921135647,0.7917981072555205,0.6829652996845426,0.7707676130389064,144
MAP3K5,Map3k5,0.2659286104394527,upstroke_downstroke_ratio_long_square,-0.2659286104394527,1.9172975072075202e-59,0.8888888888888888,16,18,3654,3.008572045527365,10.227272727272727,1.0,10,0.7799684542586751,0.7878548895899053,0.7949526813880127,0.7875920084121977,0.7089905362776026,0.7917981072555205,0.7503943217665615,0.7689931650893795,145
SEMA6D,Sema6d,0.3367038140339598,tau,0.3367038140339598,2.47249645105107e-96,0.9444444444444444,17,18,3654,2.72963986646008,10.251450676982591,0.9,9,0.7342271293375394,0.7906151419558359,0.47870662460567825,0.6678496319663512,0.8383280757097792,0.8990536277602523,0.8686908517350158,0.7682702418506835,146
ARHGAP21,Arhgap21,0.2745290069642077,upstroke_downstroke_ratio_long_square,-0.2745290069642077,2.18807915289192e-63,0.8333333333333334,15,18,3654,3.7023346464102054,11.992263056092844,1.0,10,0.8564668769716088,0.8418769716088328,0.7949526813880127,0.8310988433228181,0.7294952681388013,0.6790220820189274,0.7042586750788644,0.7676787592008413,147
MAGI2,Magi2,0.3753252364303683,upstroke_downstroke_ratio_long_square,-0.3753252364303683,1.965623803421714e-121,0.7777777777777778,14,18,3654,3.574231046283405,10.0,1.0,10,0.8391167192429022,0.7795741324921136,0.7949526813880127,0.8045478443743428,0.8840694006309149,0.5764984227129337,0.7302839116719243,0.7674158780231335,148
SETBP1,Setbp1,0.2018002558958772,avg_isi,-0.2018002558958772,7.189950694773637e-34,0.8888888888888888,16,18,3654,4.497630902972274,12.272727272727273,1.0,10,0.9116719242902208,0.8505520504731862,0.7949526813880127,0.8523922187171399,0.5709779179810726,0.7917981072555205,0.6813880126182965,0.7668901156677181,149
RALGAPA2,Ralgapa2,0.2714280399104534,upstroke_downstroke_ratio_long_square,-0.2714280399104534,5.87753648532404e-62,0.8888888888888888,16,18,3654,2.9631654109430707,9.477756286266924,1.0,10,0.7720820189274448,0.7543375394321766,0.7949526813880127,0.7737907465825447,0.7208201892744479,0.7917981072555205,0.7563091482649842,0.7650499474237644,150
TRERF1,Trerf1,0.2952916149565361,upstroke_downstroke_ratio_long_square,-0.2952916149565361,1.4677302514115274e-73,0.8333333333333334,15,18,3654,2.9907456588519983,11.590909090909092,1.0,10,0.777602523659306,0.8332018927444795,0.7949526813880127,0.801919032597266,0.7760252365930599,0.6790220820189274,0.7275236593059937,0.7647213459516299,151
LUZP2,Luzp2,0.3349530150202873,ri,-0.3349530150202873,4.361135922913521e-95,1.0,18,18,3654,2.2075144244342852,9.318181818181818,0.9,9,0.6356466876971609,0.7503943217665615,0.47870662460567825,0.6215825446898001,0.8351735015772871,0.9759463722397477,0.9055599369085174,0.7635712407991588,152
FHOD3,Fhod3,0.1731348528890088,upstroke_downstroke_ratio_long_square,-0.1731348528890088,1.578563900319032e-25,1.0,18,18,3654,3.3473630582530647,9.671179883945841,1.0,10,0.8162460567823344,0.7634069400630915,0.7949526813880127,0.7915352260778129,0.49369085173501576,0.9759463722397477,0.7348186119873817,0.7631769190325973,153
DGKG,Dgkg,0.4172470072350601,tau,0.4172470072350601,2.7367213852271177e-152,0.9444444444444444,17,18,3654,2.363638909084895,8.181818181818182,0.9,9,0.667192429022082,0.680993690851735,0.47870662460567825,0.6089642481598317,0.9313880126182965,0.8990536277602523,0.9152208201892744,0.762092534174553,154
GABRG2,Gabrg2,0.2330130164051375,tau,-0.2330130164051375,2.1537957553589386e-45,1.0,18,18,3654,2.7204231291381347,7.350096711798839,1.0,10,0.7287066246056783,0.623422712933754,0.7949526813880127,0.7156940063091483,0.63801261829653,0.9759463722397477,0.8069794952681388,0.7613367507886435,155
PTPRE,Ptpre,0.3688490221805608,tau,-0.3688490221805608,7.886445527818524e-117,0.9444444444444444,17,18,3654,2.0022464512617204,6.363636363636363,1.0,10,0.5843848580441641,0.5244479495268138,0.7949526813880127,0.6345951629863302,0.8769716088328076,0.8990536277602523,0.88801261829653,0.7613038906414301,156
HIVEP2,Hivep2,0.1895672365615866,upstroke_downstroke_ratio_long_square,-0.1895672365615866,2.1003576408709812e-30,0.8888888888888888,16,18,3654,4.093894273969152,13.346228239845262,1.0,10,0.8809148264984227,0.8793375394321766,0.7949526813880127,0.8517350157728707,0.5410094637223974,0.7917981072555205,0.666403785488959,0.7590694006309149,157
VPS13D,Vps13d,0.2032106096304523,upstroke_downstroke_ratio_long_square,-0.2032106096304523,8.107516828900693e-35,0.8333333333333334,15,18,3654,4.9759207522505875,16.363636363636363,1.0,10,0.9416403785488959,0.9298107255520505,0.7949526813880127,0.888801261829653,0.5780757097791798,0.6790220820189274,0.6285488958990536,0.7586750788643533,158
CSMD1,Csmd1,0.1730967689451711,upstroke_downstroke_ratio_long_square,-0.1730967689451711,1.6115333099448743e-25,0.8333333333333334,15,18,3654,11.184109270495167,39.77272727272727,1.0,10,0.9968454258675079,0.9968454258675079,0.7949526813880127,0.9295478443743428,0.4921135646687697,0.6790220820189274,0.5855678233438486,0.7575578338590957,159
DOCK3,Dock3,0.1483165118736178,threshold_i_long_square,0.1483165118736178,6.65088792357265e-19,0.8888888888888888,16,18,3654,5.635475195323278,20.681818181818183,1.0,10,0.9613564668769716,0.9676656151419558,0.7949526813880127,0.9079915878023134,0.415615141955836,0.7917981072555205,0.6037066246056783,0.7558491062039958,160
ARID5B,Arid5b,0.3134164032141802,threshold_i_long_square,0.3134164032141802,8.021210466702162e-83,0.8888888888888888,16,18,3654,2.812567060193725,15.087040618955513,0.9,9,0.7421135646687698,0.9116719242902208,0.47870662460567825,0.7108307045215563,0.8028391167192429,0.7917981072555205,0.7973186119873816,0.754074658254469,161
NCAM1,Ncam1,0.2838369834683162,tau,0.2838369834683162,1.2371302684800451e-67,0.8888888888888888,16,18,3654,2.9359741707691493,7.7272727272727275,1.0,10,0.7689274447949527,0.6510252365930599,0.7949526813880127,0.7383017875920084,0.7468454258675079,0.7917981072555205,0.7693217665615142,0.7538117770767613,162
KCNC1,Kcnc1,0.4111747943178607,tau,-0.4111747943178607,1.6553174885717837e-147,1.0,18,18,3654,1.3788967519844249,5.415860735009671,1.0,10,0.4148264984227129,0.45741324921135645,0.7949526813880127,0.5557308096740273,0.9258675078864353,0.9759463722397477,0.9509069400630915,0.7533188748685594,163
ASTN2,Astn2,0.2561064629505264,fast_trough_v_long_square,-0.2561064629505264,1.1671036232127832e-54,0.7777777777777778,14,18,3654,4.739208443954115,14.545454545454545,1.0,10,0.9258675078864353,0.9014195583596214,0.7949526813880127,0.8740799158780231,0.6876971608832808,0.5764984227129337,0.6320977917981072,0.7530888538380651,164
ITGA8,Itga8,0.2323969140729951,ri,0.2323969140729951,4.067402338660653e-45,0.8333333333333334,15,18,3654,3.959525274118419,13.181818181818182,1.0,10,0.8738170347003155,0.8761829652996845,0.7949526813880127,0.8483175604626708,0.6356466876971609,0.6790220820189274,0.6573343848580442,0.7528259726603574,165
EXOC4,Exoc4,0.2976583672623678,upstroke_downstroke_ratio_long_square,-0.2976583672623678,8.871857185996754e-75,0.9444444444444444,17,18,3654,2.1596524096932206,6.963249516441006,1.0,10,0.6190851735015773,0.582018927444795,0.7949526813880127,0.6653522607781284,0.7807570977917981,0.8990536277602523,0.8399053627760252,0.7526288117770767,166
CACNA1B,Cacna1b,0.2116502365799941,tau,0.2116502365799941,1.6763599741070554e-37,0.8333333333333334,15,18,3654,5.133925704623067,12.379110251450676,1.0,10,0.9471608832807571,0.8548895899053628,0.7949526813880127,0.8656677181913776,0.5962145110410094,0.6790220820189274,0.6376182965299684,0.751643007360673,167
PARM1,Parm1,0.3730458820161809,tau,-0.3730458820161809,1.1410566621457813e-119,0.9444444444444444,17,18,3654,1.3482532360535706,7.5,1.0,10,0.3998422712933754,0.6360410094637224,0.7949526813880127,0.6102786540483702,0.8824921135646687,0.8990536277602523,0.8907728706624605,0.7505257623554153,168
EPHA3,Epha3,0.2725671534523542,upstroke_downstroke_ratio_long_square,0.2725671534523542,1.7730629552068755e-62,0.8888888888888888,16,18,3654,4.2629265861105585,12.5,0.9,9,0.8927444794952681,0.8584384858044164,0.47870662460567825,0.7432965299684543,0.723186119873817,0.7917981072555205,0.7574921135646687,0.7503943217665615,169
CCDC136,Ccdc136,0.3612915595303824,upstroke_downstroke_ratio_long_square,-0.3612915595303824,5.457936036890066e-112,1.0,18,18,3654,2.1648900214056623,7.543520309477756,0.9,9,0.6198738170347003,0.6431388012618297,0.47870662460567825,0.5805730809674028,0.8643533123028391,0.9759463722397477,0.9201498422712934,0.7503614616193481,170
DLG2,Dlg2,0.2047060474692833,tau,0.2047060474692833,4.076167265008096e-35,0.8888888888888888,16,18,3654,3.498021870201402,11.136363636363637,1.0,10,0.8288643533123028,0.818217665615142,0.7949526813880127,0.8140115667718191,0.580441640378549,0.7917981072555205,0.6861198738170347,0.7500657202944269,171
FAT3,Fat3,0.2385489688628132,upstroke_downstroke_ratio_long_square,-0.2385489688628132,8.303067240827921e-48,0.7222222222222222,13,18,3654,10.613404335313197,31.136363636363637,1.0,10,0.9960567823343849,0.9913249211356467,0.7949526813880127,0.9274447949526814,0.6490536277602523,0.4948738170347003,0.5719637223974763,0.7497042586750788,172
CACNB2,Cacnb2,0.4226811097106607,upstroke_downstroke_ratio_long_square,0.4226811097106607,6.027215673976603e-157,0.8333333333333334,15,18,3654,2.3088098034882245,7.350096711798839,1.0,10,0.6569400630914827,0.623422712933754,0.7949526813880127,0.6917718191377498,0.9361198738170347,0.6790220820189274,0.807570977917981,0.7496713985278654,173
NCAM2,Ncam2,0.3135359217339574,upstroke_downstroke_ratio_long_square,0.3135359217339574,3.008628199474756e-83,0.8888888888888888,16,18,3654,3.395361658857906,10.831721470019342,0.9,9,0.8186119873817035,0.805205047318612,0.47870662460567825,0.7008412197686645,0.8036277602523659,0.7917981072555205,0.7977129337539433,0.749277076761304,174
PPFIA2,Ppfia2,0.2454910521730936,upstroke_downstroke_ratio_long_square,-0.2454910521730936,1.277859421066506e-50,0.8888888888888888,16,18,3654,4.287199494947936,16.363636363636363,0.9,9,0.8943217665615142,0.9298107255520505,0.47870662460567825,0.7676130389064143,0.667192429022082,0.7917981072555205,0.7294952681388012,0.7485541535226077,175
SPHKAP,Sphkap,0.2019378662841139,avg_isi,0.2019378662841139,6.515734329507852e-34,0.7777777777777778,14,18,3654,6.4021601470608855,28.863636363636363,1.0,10,0.9755520504731862,0.988564668769716,0.7949526813880127,0.919689800210305,0.5725552050473186,0.5764984227129337,0.5745268138801262,0.7471083070452156,176
CDH12,Cdh12,0.2708879803724888,threshold_i_short_square,-0.2708879803724888,6.236921554446726e-61,0.7777777777777778,14,18,3654,4.3304542151632655,12.045454545454545,1.0,10,0.8982649842271293,0.8442429022082019,0.7949526813880127,0.8458201892744479,0.7200315457413249,0.5764984227129337,0.6482649842271293,0.7470425867507886,177
RPH3A,Rph3a,0.3943588609406621,upstroke_downstroke_ratio_long_square,0.3943588609406621,5.582550769719035e-135,0.9444444444444444,17,18,3654,2.1422225786945175,7.954545454545454,0.9,9,0.6151419558359621,0.6703470031545742,0.47870662460567825,0.5880651945320715,0.9124605678233438,0.8990536277602523,0.9057570977917981,0.7469111461619349,178
SLC24A3,Slc24a3,0.3675126996166235,upstroke_downstroke_ratio_long_square,0.3675126996166235,4.0670794663227474e-116,1.0,18,18,3654,2.1230031265249196,7.2727272727272725,0.9,9,0.613564668769716,0.6108044164037855,0.47870662460567825,0.5676919032597265,0.8730283911671924,0.9759463722397477,0.92448738170347,0.7460896424815983,179
SYNJ2,Synj2,0.1755278497369127,threshold_i_long_square,0.1755278497369127,4.739892654031229e-26,0.9444444444444444,17,18,3654,2.9670181448043853,10.454545454545455,1.0,10,0.7728706624605678,0.7949526813880127,0.7949526813880127,0.7875920084121977,0.5031545741324921,0.8990536277602523,0.7011041009463722,0.7443480546792849,180
CNTN4,Cntn4,0.2267725415888003,adaptation,0.2267725415888003,8.382260006187853e-43,0.7777777777777778,14,18,3654,4.509856840764528,18.863636363636363,1.0,10,0.9124605678233438,0.9546529968454258,0.7949526813880127,0.8873554153522608,0.6253943217665615,0.5764984227129337,0.6009463722397477,0.7441508937960042,181
NPAS3,Npas3,0.339009245392957,adaptation,0.339009245392957,3.86087724432096e-97,1.0,18,18,3654,2.3682430240894847,7.045454545454546,0.9,9,0.668769716088328,0.5902996845425867,0.47870662460567825,0.5792586750788643,0.8414826498422713,0.9759463722397477,0.9087145110410095,0.743986593059937,182
GABRG3,Gabrg3,0.403611194143129,tau,-0.403611194143129,1.0125947587889573e-141,0.9444444444444444,17,18,3654,2.297909385468766,7.156673114119923,0.9,9,0.6545741324921136,0.6001577287066246,0.47870662460567825,0.5778128286014721,0.918769716088328,0.8990536277602523,0.9089116719242902,0.7433622502628812,183
PTPRO,Ptpro,0.3259594214025829,upstroke_downstroke_ratio_long_square,0.3259594214025829,3.088376836398509e-90,0.7777777777777778,14,18,3654,2.863220963355668,10.909090909090908,1.0,10,0.7547318611987381,0.8103312302839116,0.7949526813880127,0.7866719242902208,0.8225552050473186,0.5764984227129337,0.6995268138801262,0.7430993690851735,184
TRPC5,Trpc5,0.3432204607599384,upstroke_downstroke_ratio_long_square,0.3432204607599384,1.5731527298476263e-100,0.7222222222222222,13,18,3654,3.4232206576887654,11.590909090909092,1.0,10,0.8217665615141956,0.8332018927444795,0.7949526813880127,0.8166403785488959,0.8438485804416404,0.4948738170347003,0.6693611987381703,0.7430007886435331,185
NYAP2,Nyap2,0.3903183928162601,upstroke_downstroke_ratio_long_square,0.3903183928162601,4.8038533960559997e-132,0.6666666666666666,12,18,3654,3.5657152469056164,11.363636363636363,1.0,10,0.8367507886435331,0.8268927444794952,0.7949526813880127,0.8195320715036803,0.9061514195583596,0.42113564668769715,0.6636435331230284,0.7415878023133544,186
ATP8A2,Atp8a2,0.2616013638322342,upstroke_downstroke_ratio_long_square,-0.2616013638322342,1.648158343299229e-57,0.9444444444444444,17,18,3654,3.1563489678503958,9.864603481624759,0.9,9,0.7973186119873817,0.7748422712933754,0.47870662460567825,0.6836225026288117,0.6987381703470031,0.8990536277602523,0.7988958990536277,0.7412592008412198,187
ADARB2,Adarb2,0.6655244889157543,upstroke_downstroke_ratio_long_square,0.6655244889157543,0.0,0.8333333333333334,15,18,3654,2.1901013400669544,5.996131528046422,1.0,10,0.6285488958990536,0.5043375394321766,0.7949526813880127,0.6426130389064143,0.999211356466877,0.6790220820189274,0.8391167192429022,0.7408648790746583,188
ELAVL2,Elavl2,0.3888142052068263,upstroke_downstroke_ratio_long_square,-0.3888142052068263,5.858649258712933e-131,0.8888888888888888,16,18,3654,1.7885874330701756,6.818181818181818,1.0,10,0.5339116719242902,0.5749211356466877,0.7949526813880127,0.6345951629863302,0.9022082018927445,0.7917981072555205,0.8470031545741326,0.7407991587802314,189
GABRA2,Gabra2,0.2992498336215351,ri,0.2992498336215351,3.0492742753460856e-75,1.0,18,18,3654,2.4889475028525614,7.5,0.9,9,0.6869085173501577,0.6360410094637224,0.47870662460567825,0.600552050473186,0.7847003154574133,0.9759463722397477,0.8803233438485805,0.7404376971608833,190
MYH10,Myh10,0.2491201811449909,upstroke_downstroke_ratio_long_square,-0.2491201811449909,3.979770319272063e-52,0.8333333333333334,15,18,3654,2.993616967326232,11.798839458413926,1.0,10,0.7783911671924291,0.8367507886435331,0.7949526813880127,0.8033648790746583,0.6750788643533123,0.6790220820189274,0.6770504731861199,0.7402076761303891,191
GRID1,Grid1,0.1945609965596458,threshold_i_long_square,-0.1945609965596458,8.883322353279401e-32,0.8888888888888888,16,18,3654,3.4740108336880198,10.681818181818182,1.0,10,0.8264984227129337,0.8012618296529969,0.7949526813880127,0.807570977917981,0.5528391167192429,0.7917981072555205,0.6723186119873816,0.7399447949526814,192
MAGI1,Magi1,0.2987644994241542,tau,-0.2987644994241542,4.0190245165138165e-75,0.7222222222222222,13,18,3654,3.579639472307226,13.181818181818182,1.0,10,0.8399053627760252,0.8761829652996845,0.7949526813880127,0.8370136698212408,0.7823343848580442,0.4948738170347003,0.6386041009463722,0.7378088853838065,193
RAPGEF5,Rapgef5,0.5665115160140508,upstroke_downstroke_ratio_long_square,-0.5665115160140508,2.7392038787546467e-307,1.0,18,18,3654,1.7110791556613694,7.954545454545454,0.8,8,0.5118296529968455,0.6703470031545742,0.30165615141955837,0.4946109358569926,0.9858044164037855,0.9759463722397477,0.9808753943217665,0.7377431650893795,194
DPP6,Dpp6,0.2339479633513036,tau,0.2339479633513036,9.28282093010331e-46,0.8888888888888888,16,18,3654,3.181865896623445,8.181818181818182,1.0,10,0.8004731861198738,0.680993690851735,0.7949526813880127,0.7588065194532071,0.638801261829653,0.7917981072555205,0.7152996845425867,0.737053101997897,195
CLSTN2,Clstn2,0.2477456180667942,tau,-0.2477456180667942,2.4855749925289772e-51,0.8333333333333334,15,18,3654,3.119699123196195,10.681818181818182,1.0,10,0.7925867507886435,0.8012618296529969,0.7949526813880127,0.796267087276551,0.6711356466876972,0.6790220820189274,0.6750788643533123,0.7356729758149316,196
RASGRF2,Rasgrf2,0.2453287659477985,threshold_i_short_square,0.2453287659477985,7.280354646447384e-50,0.8888888888888888,16,18,3654,2.8886521923600705,7.93036750483559,1.0,10,0.7626182965299685,0.6660094637223974,0.7949526813880127,0.7411934805467929,0.666403785488959,0.7917981072555205,0.7291009463722398,0.7351472134595163,197
PRKG1,Prkg1,0.3545998178255332,upstroke_downstroke_ratio_long_square,-0.3545998178255332,1.1450207033662988e-107,0.8333333333333334,15,18,3654,2.2398094387903376,7.954545454545454,1.0,10,0.6419558359621451,0.6703470031545742,0.7949526813880127,0.7024185068349107,0.8564668769716088,0.6790220820189274,0.7677444794952681,0.7350814931650894,198
PRKD1,Prkd1,0.3535099575032849,upstroke_downstroke_ratio_long_square,0.3535099575032849,5.654278921854868e-107,0.9444444444444444,17,18,3654,2.534592474479861,7.156673114119923,0.9,9,0.6971608832807571,0.6001577287066246,0.47870662460567825,0.5920084121976866,0.8548895899053628,0.8990536277602523,0.8769716088328076,0.7344900105152471,199
MYT1L,Myt1l,0.1923834353449988,ri,0.1923834353449988,4.571529789646003e-31,0.8333333333333334,15,18,3654,4.1702501623015955,13.636363636363637,1.0,10,0.8848580441640379,0.8848580441640379,0.7949526813880127,0.8548895899053628,0.5488958990536278,0.6790220820189274,0.6139589905362777,0.7344242902208202,200
PCDH15,Pcdh15,0.1767647562155989,threshold_i_long_square,-0.1767647562155989,2.1253208959616003e-26,0.7777777777777778,14,18,3654,9.615675514081556,32.04545454545455,1.0,10,0.9929022082018928,0.9921135646687698,0.7949526813880127,0.9266561514195585,0.5078864353312302,0.5764984227129337,0.542192429022082,0.7344242902208202,201
XYLT1,Xylt1,0.384294507969051,upstroke_downstroke_ratio_long_square,-0.384294507969051,1.016946004601192e-127,0.7777777777777778,14,18,3654,2.8744116384640663,7.543520309477756,1.0,10,0.7586750788643533,0.6431388012618297,0.7949526813880127,0.7322555205047317,0.8958990536277602,0.5764984227129337,0.736198738170347,0.7342271293375393,202
ATP2A2,Atp2a2,0.262738785685041,tau,-0.262738785685041,8.529468175471641e-58,0.9444444444444444,17,18,3654,2.0606239359056273,7.2727272727272725,1.0,10,0.5962145110410094,0.6108044164037855,0.7949526813880127,0.6673238696109358,0.7011041009463722,0.8990536277602523,0.8000788643533123,0.7337013669821241,203
COL25A1,Col25a1,0.2392392412596224,tau,0.2392392412596224,7.486709600233146e-48,0.8888888888888888,16,18,3654,2.853200630138183,8.409090909090908,1.0,10,0.7523659305993691,0.6916403785488959,0.7949526813880127,0.7463196635120926,0.6498422712933754,0.7917981072555205,0.7208201892744479,0.7335699263932702,204
RASAL2,Rasal2,0.2368590503255712,tau,-0.2368590503255712,6.627700167036887e-47,0.8888888888888888,16,18,3654,2.710900979012046,8.704061895551257,1.0,10,0.7255520504731862,0.7180599369085173,0.7949526813880127,0.7461882229232387,0.6451104100946372,0.7917981072555205,0.7184542586750788,0.7323212407991588,205
PPIP5K2,Ppip5k2,0.2344391483069877,upstroke_downstroke_ratio_long_square,-0.2344391483069877,3.521092578245474e-46,0.9444444444444444,17,18,3654,2.1155111599552643,8.123791102514506,1.0,10,0.610410094637224,0.6754731861198738,0.7949526813880127,0.6936119873817034,0.6403785488958991,0.8990536277602523,0.7697160883280757,0.7316640378548895,206
RGS7,Rgs7,0.2202142265579019,adaptation,-0.2202142265579019,2.284128800850234e-40,0.8333333333333334,15,18,3654,2.9869205153927525,13.181818181818182,1.0,10,0.7760252365930599,0.8761829652996845,0.7949526813880127,0.8157202944269191,0.6159305993690851,0.6790220820189274,0.6474763406940063,0.7315983175604627,207
PLCH1,Plch1,0.1613383348193903,upstroke_downstroke_ratio_long_square,-0.1613383348193903,2.591996101713422e-22,0.8333333333333334,15,18,3654,4.702339325122143,20.0,1.0,10,0.9250788643533123,0.9645110410094637,0.7949526813880127,0.8948475289169296,0.45741324921135645,0.6790220820189274,0.568217665615142,0.7315325972660358,208
OPCML,Opcml,0.3303114933061309,upstroke_downstroke_ratio_long_square,-0.3303114933061309,9.21401481023475e-93,1.0,18,18,3654,1.8179991002024434,4.119850187265918,1.0,10,0.5386435331230284,0.3422712933753943,0.7949526813880127,0.5586225026288117,0.832018927444795,0.9759463722397477,0.9039826498422714,0.7313025762355416,209
LUZP1,Luzp1,0.3101844411506529,upstroke_downstroke_ratio_long_square,-0.3101844411506529,2.0097678415865102e-81,1.0,18,18,3654,1.9473625910873458,8.123791102514506,0.9,9,0.5678233438485805,0.6754731861198738,0.47870662460567825,0.5740010515247108,0.7949526813880127,0.9759463722397477,0.8854495268138802,0.7297252891692956,210
ETV6,Etv6,0.4295457848164508,upstroke_downstroke_ratio_long_square,-0.4295457848164508,1.3963559059256176e-162,0.9444444444444444,17,18,3654,1.467161141630077,4.6421663442940035,1.0,10,0.43769716088328076,0.3856466876971609,0.7949526813880127,0.5394321766561515,0.9400630914826499,0.8990536277602523,0.9195583596214512,0.7294952681388014,211
GRIA1,Gria1,0.3616766254923205,upstroke_downstroke_ratio_long_square,-0.3616766254923205,3.0977535316309643e-112,0.6111111111111112,11,18,3654,3.70620148058993,14.545454545454545,1.0,10,0.8572555205047319,0.9014195583596214,0.7949526813880127,0.8512092534174553,0.8651419558359621,0.34858044164037855,0.6068611987381703,0.7290352260778128,212
PDE1A,Pde1a,0.5726344658980922,tau,0.5726344658980922,0.0,0.7777777777777778,14,18,3654,2.4865347183913133,12.727272727272727,0.9,9,0.6861198738170347,0.8643533123028391,0.47870662460567825,0.6763932702418507,0.9865930599369085,0.5764984227129337,0.7815457413249212,0.7289695057833859,213
SLC35F3,Slc35f3,0.4137537536816432,upstroke_downstroke_ratio_long_square,-0.4137537536816432,8.498327358031387e-150,1.0,18,18,3654,1.756150980461817,6.136363636363637,0.9,9,0.5260252365930599,0.511435331230284,0.47870662460567825,0.5053890641430073,0.9290220820189274,0.9759463722397477,0.9524842271293376,0.7289366456361724,214
RAPGEF4,Rapgef4,0.1850997017359905,threshold_i_short_square,0.1850997017359905,1.611291613635595e-28,0.9444444444444444,17,18,3654,2.528316554801555,9.284332688588007,1.0,10,0.6963722397476341,0.7440851735015773,0.7949526813880127,0.745136698212408,0.5260252365930599,0.8990536277602523,0.712539432176656,0.7288380651945321,215
USP25,Usp25,0.3536328490484959,upstroke_downstroke_ratio_long_square,-0.3536328490484959,4.755471430743202e-107,0.8888888888888888,16,18,3654,2.2561464426465188,9.864603481624759,0.9,9,0.6466876971608833,0.7748422712933754,0.47870662460567825,0.6334121976866456,0.8556782334384858,0.7917981072555205,0.8237381703470031,0.7285751840168244,216
KCNC2,Kcnc2,0.658432341097691,upstroke_downstroke_ratio_long_square,-0.658432341097691,0.0,0.8888888888888888,16,18,3654,2.282518472840698,6.576402321083172,0.9,9,0.6529968454258676,0.5469242902208202,0.47870662460567825,0.5595425867507887,0.9976340694006309,0.7917981072555205,0.8947160883280757,0.7271293375394322,217
ERC2,Erc2,0.1816720066542437,tau,0.1816720066542437,7.880022324188742e-28,0.8333333333333334,15,18,3654,3.489572489209973,17.272727272727273,1.0,10,0.8280757097791798,0.9380914826498423,0.7949526813880127,0.8537066246056783,0.5212933753943217,0.6790220820189274,0.6001577287066246,0.7269321766561514,218
MAP1A,Map1a,0.2076608639767485,upstroke_downstroke_ratio_long_square,-0.2076608639767485,2.4834796807727568e-36,0.7777777777777778,14,18,3654,4.4494824388589675,15.454545454545455,1.0,10,0.9053627760252366,0.917981072555205,0.7949526813880127,0.8727655099894848,0.5851735015772871,0.5764984227129337,0.5808359621451105,0.7268007360672977,219
CNR1,Cnr1,0.4808006872349161,upstroke_downstroke_ratio_long_square,0.4808006872349161,3.6414166399396016e-209,1.0,18,18,3654,1.787810155622085,5.222437137330754,0.9,9,0.5331230283911672,0.4392744479495268,0.47870662460567825,0.483701366982124,0.9621451104100947,0.9759463722397477,0.9690457413249212,0.7263735541535226,220
RTN1,Rtn1,0.3374358186444959,upstroke_downstroke_ratio_long_square,0.3374358186444959,5.315255495956719e-97,0.8888888888888888,16,18,3654,2.243373252536674,5.454545454545454,1.0,10,0.6435331230283912,0.46490536277602523,0.7949526813880127,0.6344637223974763,0.8391167192429022,0.7917981072555205,0.8154574132492114,0.7249605678233438,221
ITSN1,Itsn1,0.165236089353278,upstroke_downstroke_ratio_long_square,-0.165236089353278,2.3825996346233376e-23,0.8888888888888888,16,18,3654,3.417413587846883,11.411992263056092,1.0,10,0.8209779179810726,0.8300473186119873,0.7949526813880127,0.8153259726603576,0.47003154574132494,0.7917981072555205,0.6309148264984227,0.7231203995793901,222
CDH9,Cdh9,0.232117727522653,tau,0.232117727522653,4.804088371231779e-45,0.7222222222222222,13,18,3654,4.96211027260563,15.0,1.0,10,0.9400630914826499,0.9089116719242902,0.7949526813880127,0.8813091482649842,0.6340694006309149,0.4948738170347003,0.5644716088328076,0.7228903785488958,223
FAT1,Fat1,0.1714040164969765,threshold_i_short_square,0.1714040164969765,1.4345482695532163e-24,0.7777777777777778,14,18,3654,6.525747189464061,19.922630560928432,1.0,10,0.9779179810725552,0.9625394321766562,0.7949526813880127,0.9118033648790748,0.49053627760252366,0.5764984227129337,0.5335173501577287,0.7226603575184017,224
PLCL2,Plcl2,0.1769945802952837,upstroke_downstroke_ratio_long_square,-0.1769945802952837,1.2384510704991895e-26,0.8888888888888888,16,18,3654,2.844851562403662,11.818181818181818,1.0,10,0.749211356466877,0.8395110410094637,0.7949526813880127,0.7945583596214512,0.5094637223974764,0.7917981072555205,0.6506309148264984,0.7225946372239748,225
TMEM132C,Tmem132c,0.5030157742531882,upstroke_downstroke_ratio_long_square,-0.5030157742531882,5.9616705894700835e-232,1.0,18,18,3654,1.6134731178498463,9.284332688588007,0.7,7,0.4865930599369085,0.7440851735015773,0.18651419558359622,0.472397476340694,0.9676656151419558,0.9759463722397477,0.9718059936908517,0.7221017350157729,226
TOX2,Tox2,0.3067153169159305,threshold_i_short_square,0.3067153169159305,1.1918679477659266e-78,0.9444444444444444,17,18,3654,2.0558216570961214,8.863636363636363,0.9,9,0.5954258675078864,0.7247634069400631,0.47870662460567825,0.5996319663512093,0.7894321766561514,0.8990536277602523,0.8442429022082019,0.7219374342797056,227
SIPA1L1,Sipa1l1,0.2197819211051312,threshold_i_long_square,0.2197819211051312,2.094947234947452e-40,0.7777777777777778,14,18,3654,3.9406796290606385,13.181818181818182,1.0,10,0.8714511041009464,0.8761829652996845,0.7949526813880127,0.8475289169295479,0.612776025236593,0.5764984227129337,0.5946372239747634,0.7210830704521556,228
SEZ6,Sez6,0.534233071473291,upstroke_downstroke_ratio_long_square,0.534233071473291,6.170469713341401e-267,0.8333333333333334,15,18,3654,1.8554279108317053,5.909090909090909,1.0,10,0.5465299684542587,0.4972397476340694,0.7949526813880127,0.612907465825447,0.9787066246056783,0.6790220820189274,0.8288643533123028,0.7208859095688749,229
ATP1A3,Atp1a3,0.2024724663905001,upstroke_downstroke_ratio_long_square,-0.2024724663905001,1.4277108681042475e-34,0.8888888888888888,16,18,3654,2.5239405806730586,10.227272727272727,1.0,10,0.694006309148265,0.7878548895899053,0.7949526813880127,0.7589379600420609,0.5733438485804416,0.7917981072555205,0.682570977917981,0.7207544689800209,230
GABRA1,Gabra1,0.5041651557819918,tau,-0.5041651557819918,7.00582134367851e-233,0.9444444444444444,17,18,3654,2.3530178777477824,6.590909090909091,0.8,8,0.6648264984227129,0.5563880126182965,0.30165615141955837,0.5076235541535226,0.9684542586750788,0.8990536277602523,0.9337539432176656,0.7206887486855941,231
ARHGAP20,Arhgap20,0.2154309235640009,upstroke_downstroke_ratio_long_square,-0.2154309235640009,4.739811386195488e-39,0.8888888888888888,16,18,3654,2.499702652010696,9.090909090909092,1.0,10,0.6876971608832808,0.7346214511041009,0.7949526813880127,0.7390904311251315,0.6056782334384858,0.7917981072555205,0.6987381703470031,0.7189143007360673,232
SLC8A1,Slc8a1,0.2733096075391165,upstroke_downstroke_ratio_long_square,-0.2733096075391165,8.099775749907469e-63,0.8333333333333334,15,18,3654,3.7862723635183975,12.727272727272727,0.9,9,0.860410094637224,0.8643533123028391,0.47870662460567825,0.7344900105152471,0.7271293375394322,0.6790220820189274,0.7030757097791798,0.7187828601472135,233
IL1RAPL2,Il1rapl2,0.2089820162910294,upstroke_downstroke_ratio_long_square,-0.2089820162910294,8.77399387924016e-37,0.8888888888888888,16,18,3654,2.728322485301082,8.51063829787234,1.0,10,0.7326498422712934,0.7011041009463722,0.7949526813880127,0.7429022082018927,0.5930599369085173,0.7917981072555205,0.6924290220820188,0.7176656151419558,234
TNIK,Tnik,0.1534077826771182,ri,0.1534077826771182,4.0582221846119455e-20,0.8888888888888888,16,18,3654,3.552229523504701,11.218568665377177,1.0,10,0.8343848580441641,0.8229495268138801,0.7949526813880127,0.817429022082019,0.4353312302839117,0.7917981072555205,0.613564668769716,0.7154968454258674,235
DAPK1,Dapk1,0.2285567124885933,tau,0.2285567124885933,1.0998626885797322e-43,0.8333333333333334,15,18,3654,2.872319276357026,9.864603481624759,1.0,10,0.7578864353312302,0.7748422712933754,0.7949526813880127,0.775893796004206,0.6293375394321766,0.6790220820189274,0.6541798107255521,0.7150368033648791,236
SPTBN4,Sptbn4,0.2191578893936549,upstroke_downstroke_ratio_long_square,-0.2191578893936549,2.146652510681825e-40,0.7777777777777778,14,18,3654,3.6351472643814895,12.727272727272727,1.0,10,0.8485804416403786,0.8643533123028391,0.7949526813880127,0.8359621451104101,0.611198738170347,0.5764984227129337,0.5938485804416404,0.7149053627760252,237
GCC2,Gcc2,0.2077917028252172,upstroke_downstroke_ratio_long_square,-0.2077917028252172,2.2435108263910632e-36,0.8888888888888888,16,18,3654,2.4598006924967093,9.284332688588007,1.0,10,0.6837539432176656,0.7440851735015773,0.7949526813880127,0.7409305993690851,0.5859621451104101,0.7917981072555205,0.6888801261829653,0.7149053627760252,238
PTPRT,Ptprt,0.2757896279265684,latency,0.2757896279265684,8.808361952264127e-63,0.7222222222222222,13,18,3654,6.926677123725861,28.863636363636363,0.9,9,0.9818611987381703,0.988564668769716,0.47870662460567825,0.8163774973711883,0.7310725552050473,0.4948738170347003,0.6129731861198738,0.714675341745531,239
ADAMTS17,Adamts17,0.3165378776951984,tau,-0.3165378776951984,1.0944259248094143e-84,0.8888888888888888,16,18,3654,2.72004860318303,8.181818181818182,0.9,9,0.7279179810725552,0.680993690851735,0.47870662460567825,0.6292060988433228,0.806782334384858,0.7917981072555205,0.7992902208201893,0.714248159831756,240
HSPA12A,Hspa12a,0.2364366272961157,upstroke_downstroke_ratio_long_square,-0.2364366272961157,5.742004842349905e-47,1.0,18,18,3654,1.897999668791463,5.996131528046422,1.0,10,0.555205047318612,0.5043375394321766,0.7949526813880127,0.6181650893796005,0.6443217665615142,0.9759463722397477,0.8101340694006309,0.7141495793901157,241
SORBS1,Sorbs1,0.1886123605321063,tau,-0.1886123605321063,6.30485835470008e-30,0.9444444444444444,17,18,3654,2.4325783776146777,7.7272727272727275,1.0,10,0.6805993690851735,0.6510252365930599,0.7949526813880127,0.7088590956887487,0.5386435331230284,0.8990536277602523,0.7188485804416404,0.7138538380651945,242
CIT,Cit,0.2939583123701051,latency,-0.2939583123701051,1.7835012204059306e-71,0.6666666666666666,12,18,3654,3.447185358171408,12.959381044487428,1.0,10,0.8233438485804416,0.8722397476340694,0.7949526813880127,0.8301787592008413,0.7736593059936908,0.42113564668769715,0.597397476340694,0.7137881177707677,243
PRICKLE2,Prickle2,0.4325292888038558,upstroke_downstroke_ratio_long_square,-0.4325292888038558,4.511083205011821e-165,0.8888888888888888,16,18,3654,1.6712930990566879,4.6421663442940035,1.0,10,0.500788643533123,0.3856466876971609,0.7949526813880127,0.5604626708727656,0.9416403785488959,0.7917981072555205,0.8667192429022081,0.7135909568874869,244
ROBO2,Robo2,0.2382024656574298,upstroke_downstroke_ratio_long_square,-0.2382024656574298,1.1410519757300477e-47,0.6666666666666666,12,18,3654,5.47743658964171,15.909090909090908,1.0,10,0.9574132492113565,0.9227129337539433,0.7949526813880127,0.8916929547844376,0.6482649842271293,0.42113564668769715,0.5347003154574133,0.7131966351209253,245
ABCC8,Abcc8,0.2084921849959556,threshold_i_long_square,0.2084921849959556,2.1657434350635616e-36,0.8333333333333334,15,18,3654,3.247564772353615,9.772727272727273,1.0,10,0.807570977917981,0.7697160883280757,0.7949526813880127,0.7907465825446898,0.5914826498422713,0.6790220820189274,0.6352523659305993,0.7129994742376445,246
SPOCK3,Spock3,0.189262783216503,threshold_i_short_square,0.189262783216503,8.660401036106546e-30,0.8888888888888888,16,18,3654,2.4112093260279024,10.909090909090908,1.0,10,0.6750788643533123,0.8103312302839116,0.7949526813880127,0.7601209253417456,0.5394321766561514,0.7917981072555205,0.6656151419558359,0.7128680336487907,247
KIDINS220,Kidins220,0.10680104982453,adaptation,-0.10680104982453,2.8123039081853875e-10,1.0,18,18,3654,3.3310806840898812,11.218568665377177,1.0,10,0.8154574132492114,0.8229495268138801,0.7949526813880127,0.8111198738170348,0.24921135646687698,0.9759463722397477,0.6125788643533123,0.7118493690851735,248
STXBP5L,Stxbp5l,0.2175077429854472,upstroke_downstroke_ratio_long_square,-0.2175077429854472,8.50927258552755e-40,0.6666666666666666,12,18,3654,5.02305330052345,25.0,1.0,10,0.943217665615142,0.9802839116719243,0.7949526813880127,0.9061514195583596,0.6080441640378549,0.42113564668769715,0.514589905362776,0.7103706624605679,249
ANO3,Ano3,0.3792771875044085,upstroke_downstroke_ratio_long_square,-0.3792771875044085,3.597864974859377e-124,0.6666666666666666,12,18,3654,3.074343783000254,8.636363636363637,1.0,10,0.7870662460567823,0.7101735015772871,0.7949526813880127,0.7640641430073606,0.889589905362776,0.42113564668769715,0.6553627760252366,0.7097134595162986,250
THSD7A,Thsd7a,0.1801528015216661,tau,0.1801528015216661,2.2350065820696034e-27,0.7777777777777778,14,18,3654,4.572805594643214,14.545454545454545,1.0,10,0.9148264984227129,0.9014195583596214,0.7949526813880127,0.8703995793901157,0.5189274447949527,0.5764984227129337,0.5477129337539433,0.7090562565720295,251
ESRRG,Esrrg,0.4428653833664013,upstroke_downstroke_ratio_long_square,-0.4428653833664013,6.677109633057595e-174,0.9444444444444444,17,18,3654,1.8858172906489543,5.2272727272727275,0.9,9,0.5528391167192429,0.44952681388012616,0.47870662460567825,0.4936908517350158,0.9487381703470031,0.8990536277602523,0.9238958990536277,0.7087933753943217,252
SLC6A1,Slc6a1,0.3971584533690068,tau,-0.3971584533690068,7.274204666661934e-137,0.8333333333333334,15,18,3654,2.197500034056033,9.318181818181818,0.9,9,0.6332807570977917,0.7503943217665615,0.47870662460567825,0.6207939011566772,0.9140378548895899,0.6790220820189274,0.7965299684542586,0.7086619348054679,253
BCL11B,Bcl11b,0.3029539638009405,threshold_i_short_square,0.3029539638009405,1.1256815065600684e-76,0.8888888888888888,16,18,3654,2.3780731021106547,9.090909090909092,0.9,9,0.6703470031545742,0.7346214511041009,0.47870662460567825,0.6278916929547845,0.7870662460567823,0.7917981072555205,0.7894321766561514,0.7086619348054679,254
DYNC2H1,Dync2h1,0.1616498274945189,upstroke_downstroke_ratio_long_square,-0.1616498274945189,2.1554485011227353e-22,0.7777777777777778,14,18,3654,5.883915196708521,16.634429400386846,1.0,10,0.9668769716088328,0.9321766561514195,0.7949526813880127,0.8980021030494217,0.4605678233438486,0.5764984227129337,0.5185331230283912,0.7082676130389065,255
CADPS,Cadps,0.1439011960483547,adaptation,-0.1439011960483547,9.630251903860812e-18,0.8888888888888888,16,18,3654,3.6143666762570144,11.218568665377177,1.0,10,0.8438485804416404,0.8229495268138801,0.7949526813880127,0.820583596214511,0.39826498422712936,0.7917981072555205,0.5950315457413249,0.7078075709779179,256
SHANK2,Shank2,0.2730966561679052,upstroke_downstroke_ratio_long_square,0.2730966561679052,1.0149933489565854e-62,0.6666666666666666,12,18,3654,3.790320636320074,12.954545454545455,1.0,10,0.861198738170347,0.8698738170347003,0.7949526813880127,0.8420084121976866,0.7247634069400631,0.42113564668769715,0.5729495268138801,0.7074789695057834,257
HTR2C,Htr2c,0.2787241787636987,upstroke_downstroke_ratio_long_square,0.2787241787636987,2.2551313197158327e-65,0.8888888888888888,16,18,3654,2.108032087722407,6.576402321083172,1.0,10,0.6072555205047319,0.5469242902208202,0.7949526813880127,0.6497108307045215,0.7365930599369085,0.7917981072555205,0.7641955835962144,0.7069532071503679,258
NELL2,Nell2,0.250160334102174,fast_trough_v_long_square,0.250160334102174,3.787811621261143e-52,0.7777777777777778,14,18,3654,2.9532523359519414,10.454545454545455,1.0,10,0.7712933753943217,0.7949526813880127,0.7949526813880127,0.7870662460567823,0.6766561514195584,0.5764984227129337,0.626577287066246,0.7068217665615142,259
ROBO1,Robo1,0.1279611144047478,ri,0.1279611144047478,2.3748679021024148e-14,0.8888888888888888,16,18,3654,4.494904335155093,12.379110251450676,1.0,10,0.9100946372239748,0.8548895899053628,0.7949526813880127,0.8533123028391167,0.32886435331230285,0.7917981072555205,0.5603312302839116,0.7068217665615142,260
SEMA5B,Sema5b,0.2897733453347099,threshold_i_short_square,-0.2897733453347099,5.5349690862323737e-70,0.8333333333333334,15,18,3654,3.147901754993544,10.681818181818182,0.9,9,0.7957413249211357,0.8012618296529969,0.47870662460567825,0.6919032597266036,0.7618296529968455,0.6790220820189274,0.7204258675078865,0.7061645636172451,261
DIP2A,Dip2a,0.3177452121947026,upstroke_downstroke_ratio_long_square,-0.3177452121947026,1.4280154643903638e-85,0.7222222222222222,13,18,3654,2.8314767638166893,8.897485493230175,1.0,10,0.7460567823343849,0.7275236593059937,0.7949526813880127,0.7561777076761304,0.8130914826498423,0.4948738170347003,0.6539826498422713,0.7050801787592008,262
DLGAP1,Dlgap1,0.3173826742821027,upstroke_downstroke_ratio_long_square,-0.3173826742821027,2.2668346694812116e-85,0.8333333333333334,15,18,3654,2.3970140557978086,6.363636363636363,1.0,10,0.6735015772870663,0.5244479495268138,0.7949526813880127,0.6643007360672976,0.8123028391167192,0.6790220820189274,0.7456624605678233,0.7049815983175605,263
NHS,Nhs,0.2214476162418872,tau,0.2214476162418872,5.201248364097525e-41,0.7777777777777778,14,18,3654,3.3143400062955353,11.411992263056092,1.0,10,0.8107255520504731,0.8300473186119873,0.7949526813880127,0.8119085173501577,0.6190851735015773,0.5764984227129337,0.5977917981072556,0.7048501577287066,264
SLC44A5,Slc44a5,0.3121512571588593,threshold_i_short_square,-0.3121512571588593,1.531969356752774e-81,0.6666666666666666,12,18,3654,3.1846471453739404,10.681818181818182,1.0,10,0.8012618296529969,0.8012618296529969,0.7949526813880127,0.7991587802313355,0.7996845425867508,0.42113564668769715,0.610410094637224,0.7047844374342798,265
PLCB1,Plcb1,0.1758329244710142,fast_trough_v_long_square,-0.1758329244710142,4.675735350394767e-26,0.7777777777777778,14,18,3654,3.9555233689700606,17.045454545454547,1.0,10,0.8722397476340694,0.9353312302839116,0.7949526813880127,0.8675078864353312,0.5039432176656151,0.5764984227129337,0.5402208201892744,0.7038643533123028,266
KIF26B,Kif26b,0.2249398369156205,tau,0.2249398369156205,2.5999845109103133e-42,0.7222222222222222,13,18,3654,3.9572039597606734,12.959381044487428,1.0,10,0.8730283911671924,0.8722397476340694,0.7949526813880127,0.8467402733964248,0.6214511041009464,0.4948738170347003,0.5581624605678234,0.7024513669821241,267
CLIP4,Clip4,0.2561979059293561,upstroke_downstroke_ratio_long_square,-0.2561979059293561,3.8292821163795134e-55,0.9444444444444444,17,18,3654,1.8201471901681987,5.909090909090909,1.0,10,0.5394321766561514,0.4972397476340694,0.7949526813880127,0.6105415352260778,0.6884858044164038,0.8990536277602523,0.7937697160883281,0.702155625657203,268
PLCXD3,Plcxd3,0.3996506680241856,upstroke_downstroke_ratio_long_square,-0.3996506680241856,6.2819831500196285e-139,0.9444444444444444,17,18,3654,1.6512421260365788,6.136363636363637,0.9,9,0.4944794952681388,0.511435331230284,0.47870662460567825,0.4948738170347003,0.9156151419558359,0.8990536277602523,0.9073343848580442,0.7011041009463722,269
SPARCL1,Sparcl1,0.2959530074500336,upstroke_downstroke_ratio_long_square,-0.2959530074500336,6.735222030885725e-74,0.9444444444444444,17,18,3654,1.5693410306883093,5.029013539651838,1.0,10,0.47082018927444796,0.4231072555205047,0.7949526813880127,0.5629600420609885,0.777602523659306,0.8990536277602523,0.8383280757097792,0.7006440588853838,270
DGKH,Dgkh,0.2738556622637364,upstroke_downstroke_ratio_long_square,-0.2738556622637364,4.50376219528874e-63,0.8888888888888888,16,18,3654,1.921647529045432,6.769825918762089,1.0,10,0.5591482649842271,0.5662460567823344,0.7949526813880127,0.6401156677181913,0.7279179810725552,0.7917981072555205,0.7598580441640379,0.6999868559411146,271
CNTN3,Cntn3,0.3130403890796933,tau,0.3130403890796933,9.497348471863464e-83,0.7222222222222222,13,18,3654,3.028929445953074,8.123791102514506,1.0,10,0.7831230283911672,0.6754731861198738,0.7949526813880127,0.7511829652996845,0.8012618296529969,0.4948738170347003,0.6480678233438486,0.6996253943217665,272
CDH13,Cdh13,0.28350878665453,tau,0.28350878665453,1.763273436134097e-67,0.8888888888888888,16,18,3654,2.422695989161631,9.090909090909092,0.9,9,0.6782334384858044,0.7346214511041009,0.47870662460567825,0.6305205047318613,0.7452681388012619,0.7917981072555205,0.7685331230283912,0.6995268138801263,273
ANO5,Ano5,0.2151041751362182,tau,0.2151041751362182,1.0209231132507324e-38,0.8333333333333334,15,18,3654,2.9745754014983046,8.51063829787234,1.0,10,0.7736593059936908,0.7011041009463722,0.7949526813880127,0.756572029442692,0.6033123028391167,0.6790220820189274,0.6411671924290221,0.698869610935857,274
MICAL2,Mical2,0.3182687218269096,upstroke_downstroke_ratio_long_square,-0.3182687218269096,7.297534620433381e-86,0.7777777777777778,14,18,3654,2.5021441420044512,7.350096711798839,1.0,10,0.6884858044164038,0.623422712933754,0.7949526813880127,0.7022870662460567,0.8138801261829653,0.5764984227129337,0.6951892744479495,0.6987381703470031,275
NF1,Nf1,0.1701444295574535,upstroke_downstroke_ratio_long_square,-0.1701444295574535,1.0935007053329251e-24,0.7222222222222222,13,18,3654,7.766497887985691,17.272727272727273,1.0,10,0.9881703470031545,0.9380914826498423,0.7949526813880127,0.9070715036803364,0.48580441640378547,0.4948738170347003,0.4903391167192429,0.6987053101997897,276
DLC1,Dlc1,0.1484794030939752,threshold_i_long_square,0.1484794030939752,6.085729959868219e-19,0.8888888888888888,16,18,3654,3.5625228764750316,9.284332688588007,1.0,10,0.8351735015772871,0.7440851735015773,0.7949526813880127,0.7914037854889591,0.41719242902208203,0.7917981072555205,0.6044952681388013,0.6979495268138802,277
GAP43,Gap43,0.3861563458817981,tau,0.3861563458817981,7.635634173379655e-129,0.9444444444444444,17,18,3654,1.2904299326707702,3.8636363636363638,1.0,10,0.38170347003154576,0.3103312302839117,0.7949526813880127,0.4956624605678234,0.8990536277602523,0.8990536277602523,0.8990536277602523,0.6973580441640379,278
MAGI3,Magi3,0.3165614312796214,upstroke_downstroke_ratio_long_square,0.3165614312796214,6.370349094635749e-85,0.8333333333333334,15,18,3654,2.0392675079332494,6.769825918762089,1.0,10,0.5930599369085173,0.5662460567823344,0.7949526813880127,0.6514195583596214,0.807570977917981,0.6790220820189274,0.7432965299684542,0.6973580441640378,279
KCNH5,Kcnh5,0.2408464814767673,upstroke_downstroke_ratio_long_square,-0.2408464814767673,1.0005545153591798e-48,0.6111111111111112,11,18,3654,4.641853305012531,20.0,1.0,10,0.919558359621451,0.9645110410094637,0.7949526813880127,0.8930073606729758,0.6537854889589906,0.34858044164037855,0.5011829652996845,0.6970951629863302,280
DMD,Dmd,0.2479814525441195,upstroke_downstroke_ratio_long_square,-0.2479814525441195,1.194154681068734e-51,0.5555555555555556,10,18,3654,8.093067776297696,19.922630560928432,1.0,10,0.9889589905362776,0.9625394321766562,0.7949526813880127,0.9154837013669822,0.6727129337539433,0.28430599369085174,0.4785094637223975,0.6969965825446899,281
APBA1,Apba1,0.2147445391820042,tau,-0.2147445391820042,1.3618346660864502e-38,0.9444444444444444,17,18,3654,2.1787326424761444,6.136363636363637,1.0,10,0.6246056782334385,0.511435331230284,0.7949526813880127,0.643664563617245,0.6009463722397477,0.8990536277602523,0.75,0.6968322818086226,282
PRKCA,Prkca,0.3813445087272319,tau,-0.3813445087272319,1.9858741187155385e-125,0.8888888888888888,16,18,3654,1.5639087450019815,4.6421663442940035,1.0,10,0.46845425867507884,0.3856466876971609,0.7949526813880127,0.5496845425867508,0.8935331230283912,0.7917981072555205,0.8426656151419558,0.6961750788643533,283
MAP1B,Map1b,0.1500115744026108,tau,0.1500115744026108,2.753246533016738e-19,0.8333333333333334,15,18,3654,3.695437199563103,12.76595744680851,1.0,10,0.8556782334384858,0.8679022082018928,0.7949526813880127,0.8395110410094637,0.4242902208201893,0.6790220820189274,0.5516561514195584,0.695583596214511,284
GPR158,Gpr158,0.1623354054705353,ri,-0.1623354054705353,2.151416730893173e-22,0.7777777777777778,14,18,3654,4.891635103788089,13.636363636363637,1.0,10,0.9337539432176656,0.8848580441640379,0.7949526813880127,0.8711882229232387,0.4629337539432177,0.5764984227129337,0.5197160883280757,0.6954521556256572,285
SORL1,Sorl1,0.1189061559982167,threshold_i_ramp,0.1189061559982167,1.4255045587266312e-12,0.8333333333333334,15,18,3654,4.815716446676347,22.954545454545453,1.0,10,0.9305993690851735,0.9739747634069401,0.7949526813880127,0.8998422712933754,0.30047318611987384,0.6790220820189274,0.48974763406940064,0.694794952681388,286
KCNB1,Kcnb1,0.1638317297029489,tau,0.1638317297029489,8.456526621908697e-23,0.8333333333333334,15,18,3654,3.3278638988279448,11.818181818181818,1.0,10,0.8130914826498423,0.8395110410094637,0.7949526813880127,0.8158517350157729,0.4668769716088328,0.6790220820189274,0.5729495268138801,0.6944006309148265,287
CDH10,Cdh10,0.1474480997880672,sag,0.1474480997880672,4.026234702438319e-18,0.7777777777777778,14,18,3654,5.584563492991535,16.25441696113074,1.0,10,0.9605678233438486,0.9274447949526814,0.7949526813880127,0.8943217665615143,0.41246056782334384,0.5764984227129337,0.4944794952681388,0.6944006309148265,288
TMEM108,Tmem108,0.2898685123370776,tau,-0.2898685123370776,1.316011431156974e-70,0.8888888888888888,16,18,3654,1.4924008093014673,7.045454545454546,1.0,10,0.44558359621451105,0.5902996845425867,0.7949526813880127,0.6102786540483701,0.7634069400630915,0.7917981072555205,0.777602523659306,0.6939405888538381,289
COL24A1,Col24a1,0.1687866240412355,threshold_i_short_square,-0.1687866240412355,7.346387886527547e-24,0.7777777777777778,14,18,3654,4.245271033804979,14.090909090909092,1.0,10,0.8911671924290221,0.8903785488958991,0.7949526813880127,0.858832807570978,0.4810725552050473,0.5764984227129337,0.5287854889589905,0.6938091482649842,290
MGAT4C,Mgat4c,0.3554464767312608,upstroke_downstroke_ratio_long_square,-0.3554464767312608,3.310610544872496e-108,0.8333333333333334,15,18,3654,2.617901357196006,7.954545454545454,0.9,9,0.7074132492113565,0.6703470031545742,0.47870662460567825,0.6188222923238696,0.8580441640378549,0.6790220820189274,0.7685331230283912,0.6936777076761305,291
SRGAP3,Srgap3,0.1546577516145112,upstroke_downstroke_ratio_long_square,-0.1546577516145112,1.3531988793778346e-20,0.8333333333333334,15,18,3654,3.142025390269769,13.636363636363637,1.0,10,0.7949526813880127,0.8848580441640379,0.7949526813880127,0.8249211356466878,0.44085173501577285,0.6790220820189274,0.5599369085173501,0.692429022082019,292
CACNG3,Cacng3,0.358963479505868,tau,0.358963479505868,2.875346727629904e-110,0.8888888888888888,16,18,3654,2.108365461508233,6.818181818181818,0.9,9,0.6080441640378549,0.5749211356466877,0.47870662460567825,0.5538906414300736,0.86198738170347,0.7917981072555205,0.8268927444794952,0.6903916929547844,293
KHDRBS2,Khdrbs2,0.2928023657049884,upstroke_downstroke_ratio_long_square,0.2928023657049884,2.730150616179321e-72,0.8888888888888888,16,18,3654,2.2058923226492912,8.181818181818182,0.9,9,0.6348580441640379,0.680993690851735,0.47870662460567825,0.5981861198738171,0.7712933753943217,0.7917981072555205,0.7815457413249212,0.6898659305993691,294
GRIA3,Gria3,0.367656044143592,upstroke_downstroke_ratio_long_square,-0.367656044143592,3.2880753505388966e-116,0.7777777777777778,14,18,3654,2.8995178820217706,8.704061895551257,0.9,9,0.7657728706624606,0.7180599369085173,0.47870662460567825,0.6541798107255521,0.8738170347003155,0.5764984227129337,0.7251577287066246,0.6896687697160884,295
PENK,Penk,0.360482849910655,threshold_i_short_square,-0.360482849910655,2.4218474271148706e-110,0.9444444444444444,17,18,3654,1.5965023607366653,8.636363636363637,0.8,8,0.4802839116719243,0.7101735015772871,0.30165615141955837,0.49737118822292326,0.863564668769716,0.8990536277602523,0.8813091482649842,0.6893401682439537,296
PTPRD,Ptprd,0.1750993478639682,fast_trough_v_long_square,0.1750993478639682,7.537913256563347e-26,0.6666666666666666,12,18,3654,6.499827583954081,21.59090909090909,1.0,10,0.9771293375394322,0.9688485804416404,0.7949526813880127,0.9136435331230284,0.501577287066246,0.42113564668769715,0.4613564668769716,0.6875,297
RARB,Rarb,0.3479986026176037,upstroke_downstroke_ratio_long_square,-0.3479986026176037,1.6851578553325433e-103,0.9444444444444444,17,18,3654,1.3275191128188266,3.8684719535783367,1.0,10,0.3919558359621451,0.3186119873817035,0.7949526813880127,0.5018401682439538,0.8470031545741324,0.8990536277602523,0.8730283911671923,0.687434279705573,298
DAB1,Dab1,0.2833758720309973,tau,-0.2833758720309973,2.0321159937530708e-67,0.8333333333333334,15,18,3654,3.0858943373556715,14.318181818181818,0.8,8,0.7886435331230284,0.8966876971608833,0.30165615141955837,0.66232912723449,0.7444794952681388,0.6790220820189274,0.7117507886435331,0.6870399579390116,299
PKP2,Pkp2,0.1749846883640752,upstroke_downstroke_ratio_long_square,0.1749846883640752,4.707963886658884e-26,0.8888888888888888,16,18,3654,2.4250851587319007,8.636363636363637,1.0,10,0.6790220820189274,0.7101735015772871,0.7949526813880127,0.728049421661409,0.5,0.7917981072555205,0.6458990536277602,0.6869742376445847,300
PLXNA2,Plxna2,0.2325961556679697,upstroke_downstroke_ratio_long_square,-0.2325961556679697,1.852699744471119e-45,0.6666666666666666,12,18,3654,3.8799680494225965,12.959381044487428,1.0,10,0.8659305993690851,0.8722397476340694,0.7949526813880127,0.8443743427970557,0.636435331230284,0.42113564668769715,0.5287854889589906,0.6865799158780231,301
CADM2,Cadm2,0.3294490704525354,tau,0.3294490704525354,4.856926589308788e-92,0.8333333333333334,15,18,3654,2.194361742201667,9.318181818181818,0.9,9,0.6293375394321766,0.7503943217665615,0.47870662460567825,0.6194794952681387,0.8280757097791798,0.6790220820189274,0.7535488958990536,0.6865141955835962,302
LRFN5,Lrfn5,0.2838024006566165,tau,0.2838024006566165,1.2758370761867188e-67,0.6666666666666666,12,18,3654,3.6172208335649367,8.8339222614841,1.0,10,0.8446372239747634,0.7227917981072555,0.7949526813880127,0.7874605678233438,0.7460567823343849,0.42113564668769715,0.583596214511041,0.6855283911671924,303
SERPINI1,Serpini1,0.2906482702284612,upstroke_downstroke_ratio_long_square,-0.2906482702284612,3.3412529027636718e-71,0.9444444444444444,17,18,3654,1.3898039553887618,4.7727272727272725,1.0,10,0.42034700315457413,0.3943217665615142,0.7949526813880127,0.536540483701367,0.7665615141955836,0.8990536277602523,0.8328075709779179,0.6846740273396424,304
NOL4,Nol4,0.1967039199006844,tau,-0.1967039199006844,1.7886005107687748e-32,0.7777777777777778,14,18,3654,3.2541807447393567,10.444874274661508,1.0,10,0.8083596214511041,0.792981072555205,0.7949526813880127,0.798764458464774,0.5599369085173501,0.5764984227129337,0.5682176656151419,0.6834910620399579,305
MCTP1,Mctp1,0.2732089123877793,threshold_i_short_square,0.2732089123877793,5.578729929112043e-62,0.8333333333333334,15,18,3654,2.649790524636642,10.681818181818182,0.9,9,0.7121451104100947,0.8012618296529969,0.47870662460567825,0.6640378548895899,0.7263406940063092,0.6790220820189274,0.7026813880126184,0.6833596214511042,306
NR2F2,Nr2f2,0.4326251050539651,upstroke_downstroke_ratio_long_square,0.4326251050539651,3.821806707047676e-165,1.0,18,18,3654,0.8107182756526499,2.7079303675048356,1.0,10,0.22712933753943218,0.19794952681388012,0.7949526813880127,0.40667718191377505,0.942429022082019,0.9759463722397477,0.9591876971608833,0.6829324395373292,307
KIF5C,Kif5c,0.1703891997734537,adaptation,-0.1703891997734537,1.8314756859930606e-24,0.8888888888888888,16,18,3654,2.330740411335961,8.704061895551257,1.0,10,0.6632492113564669,0.7180599369085173,0.7949526813880127,0.7254206098843322,0.48738170347003157,0.7917981072555205,0.639589905362776,0.6825052576235542,308
FSTL4,Fstl4,0.445920401396863,upstroke_downstroke_ratio_long_square,0.445920401396863,1.4082607216386867e-176,0.7777777777777778,14,18,3654,1.949846506636057,5.222437137330754,1.0,10,0.5701892744479495,0.4392744479495268,0.7949526813880127,0.6014721345951629,0.9503154574132492,0.5764984227129337,0.7634069400630914,0.6824395373291272,309
ZBTB16,Zbtb16,0.3842899186664068,upstroke_downstroke_ratio_long_square,0.3842899186664068,1.016946004601192e-127,0.7777777777777778,14,18,3654,1.8748490489238006,6.363636363636363,1.0,10,0.5504731861198738,0.5244479495268138,0.7949526813880127,0.6232912723449001,0.8951104100946372,0.5764984227129337,0.7358044164037855,0.6795478443743428,310
NAV2,Nav2,0.1660920665807189,avg_isi,0.1660920665807189,3.194643750470301e-23,0.7222222222222222,13,18,3654,4.621316043649944,15.087040618955513,1.0,10,0.917192429022082,0.9116719242902208,0.7949526813880127,0.8746056782334385,0.47318611987381703,0.4948738170347003,0.48402996845425866,0.6793178233438486,311
WASF3,Wasf3,0.2421607517698128,threshold_i_long_square,0.2421607517698128,4.9867628417445195e-49,0.9444444444444444,17,18,3654,1.7441807493818335,5.029013539651838,1.0,10,0.5205047318611987,0.4231072555205047,0.7949526813880127,0.5795215562565721,0.6585173501577287,0.8990536277602523,0.7787854889589905,0.6791535226077813,312
COL16A1,Col16a1,0.190001320519634,upstroke_downstroke_ratio_long_square,-0.190001320519634,1.5413806559225346e-30,0.8333333333333334,15,18,3654,2.841517350157145,8.51063829787234,1.0,10,0.7476340694006309,0.7011041009463722,0.7949526813880127,0.7478969505783386,0.5417981072555205,0.6790220820189274,0.610410094637224,0.6791535226077813,313
BCL11A,Bcl11a,0.2655905250404478,latency,0.2655905250404478,4.2081709082495705e-58,0.7222222222222222,13,18,3654,2.8432623457526507,8.863636363636363,1.0,10,0.748422712933754,0.7247634069400631,0.7949526813880127,0.7560462670872766,0.7082018927444795,0.4948738170347003,0.6015378548895899,0.6787920609884333,314
SLC24A2,Slc24a2,0.4736964808792656,upstroke_downstroke_ratio_long_square,-0.4736964808792656,3.2991039597335046e-202,0.8888888888888888,16,18,3654,1.8777301397857584,4.835589941972921,0.9,9,0.5512618296529969,0.4057570977917981,0.47870662460567825,0.47857518401682436,0.9597791798107256,0.7917981072555205,0.875788643533123,0.6771819137749737,315
TLE4,Tle4,0.3709792628623883,upstroke_downstroke_ratio_long_square,-0.3709792628623883,1.8936601816544505e-118,0.7222222222222222,13,18,3654,2.3668995857531288,6.382978723404255,1.0,10,0.667981072555205,0.5343059936908517,0.7949526813880127,0.6657465825446898,0.8793375394321766,0.4948738170347003,0.6871056782334385,0.6764261303890642,316
HECW1,Hecw1,0.1721611634104591,tau,0.1721611634104591,4.420184092078326e-25,0.6666666666666666,12,18,3654,5.809256949455267,16.363636363636363,1.0,10,0.9645110410094637,0.9298107255520505,0.7949526813880127,0.8964248159831757,0.4913249211356467,0.42113564668769715,0.4562302839116719,0.6763275499474238,317
MMP16,Mmp16,0.347638821413933,upstroke_downstroke_ratio_long_square,-0.347638821413933,2.814610553696211e-103,0.6111111111111112,11,18,3654,2.813279747271028,8.8339222614841,1.0,10,0.7429022082018928,0.7227917981072555,0.7949526813880127,0.7535488958990536,0.8462145110410094,0.34858044164037855,0.597397476340694,0.6754731861198737,318
DENND5B,Dennd5b,0.2666066737654928,upstroke_downstroke_ratio_long_square,-0.2666066737654928,9.487740211632824e-60,0.7777777777777778,14,18,3654,2.31940207419829,7.7369439071566735,1.0,10,0.6600946372239748,0.6597003154574133,0.7949526813880127,0.7049158780231335,0.7113564668769716,0.5764984227129337,0.6439274447949527,0.674421661409043,319
BDP1,Bdp1,0.2152323228602572,upstroke_downstroke_ratio_long_square,-0.2152323228602572,5.572179273621496e-39,0.7222222222222222,13,18,3654,3.3712866996819146,10.058027079303676,1.0,10,0.8170347003154574,0.7843059936908517,0.7949526813880127,0.798764458464774,0.6048895899053628,0.4948738170347003,0.5498817034700315,0.6743230809674028,320
SYTL2,Sytl2,0.313162651747651,upstroke_downstroke_ratio_long_square,-0.313162651747651,4.806741651422306e-83,0.8888888888888888,16,18,3654,1.811445559849496,7.350096711798839,0.9,9,0.5362776025236593,0.623422712933754,0.47870662460567825,0.5461356466876972,0.8020504731861199,0.7917981072555205,0.7969242902208202,0.6715299684542587,321
KIF21A,Kif21a,0.1655415679958918,tau,0.1655415679958918,2.926721976224425e-23,0.7777777777777778,14,18,3654,3.5324180554895124,11.411992263056092,1.0,10,0.832807570977918,0.8300473186119873,0.7949526813880127,0.8192691903259727,0.47082018927444796,0.5764984227129337,0.5236593059936908,0.6714642481598317,322
CACNA1C,Cacna1c,0.2081150612193857,tau,0.2081150612193857,2.8238029603585995e-36,0.7222222222222222,13,18,3654,5.876511159688859,18.863636363636363,0.9,9,0.9660883280757098,0.9546529968454258,0.47870662460567825,0.7998159831756047,0.5891167192429022,0.4948738170347003,0.5419952681388013,0.670905625657203,323
KCNJ3,Kcnj3,0.273014141418018,tau,-0.273014141418018,1.7873886926082685e-62,0.9444444444444444,17,18,3654,2.689673543547428,8.181818181818182,0.7,7,0.723186119873817,0.680993690851735,0.18651419558359622,0.5302313354363828,0.7239747634069401,0.8990536277602523,0.8115141955835963,0.6708727655099895,324
DYNC1I1,Dync1i1,0.2645988863345624,threshold_i_long_square,-0.2645988863345624,1.4010201234509785e-58,0.8333333333333334,15,18,3654,2.321239589225237,5.802707930367505,1.0,10,0.6608832807570978,0.4893533123028391,0.7949526813880127,0.6483964248159833,0.7066246056782335,0.6790220820189274,0.6928233438485805,0.6706098843322819,325
EFR3A,Efr3a,0.3069063355138788,upstroke_downstroke_ratio_long_square,-0.3069063355138788,1.1617641403752999e-79,0.7222222222222222,13,18,3654,2.065608637901927,8.51063829787234,1.0,10,0.5977917981072555,0.7011041009463722,0.7949526813880127,0.6979495268138801,0.7902208201892744,0.4948738170347003,0.6425473186119873,0.6702484227129337,326
WNK2,Wnk2,0.1968636307524111,upstroke_downstroke_ratio_long_square,-0.1968636307524111,1.0148932051317572e-32,0.7777777777777778,14,18,3654,2.8663095937392913,9.545454545454545,1.0,10,0.7563091482649842,0.7582807570977917,0.7949526813880127,0.7698475289169294,0.5607255520504731,0.5764984227129337,0.5686119873817035,0.6692297581493165,327
KCTD8,Kctd8,0.6091040511175504,upstroke_downstroke_ratio_long_square,-0.6091040511175504,0.0,0.8888888888888888,16,18,3654,2.002690714492405,6.769825918762089,0.7,7,0.5851735015772871,0.5662460567823344,0.18651419558359622,0.44597791798107256,0.9913249211356467,0.7917981072555205,0.8915615141955836,0.6687697160883281,328
ACSL3,Acsl3,0.3242134829868829,upstroke_downstroke_ratio_long_square,-0.3242134829868829,3.1085853009255768e-89,0.9444444444444444,17,18,3654,1.3874872902665625,6.382978723404255,0.9,9,0.4195583596214511,0.5343059936908517,0.47870662460567825,0.47752365930599366,0.8209779179810726,0.8990536277602523,0.8600157728706624,0.668769716088328,329
PLCB4,Plcb4,0.1186745463220601,upstroke_downstroke_ratio_long_square,0.1186745463220601,1.2302608450784298e-12,0.7777777777777778,14,18,3654,4.778752027611973,23.636363636363637,1.0,10,0.9282334384858044,0.9763406940063092,0.7949526813880127,0.8998422712933754,0.29889589905362773,0.5764984227129337,0.4376971608832807,0.668769716088328,330
XKR4,Xkr4,0.2843697549653003,upstroke_downstroke_ratio_long_square,-0.2843697549653003,4.230007993997546e-68,0.7777777777777778,14,18,3654,2.147442780942355,7.2727272727272725,1.0,10,0.6167192429022083,0.6108044164037855,0.7949526813880127,0.6741587802313355,0.749211356466877,0.5764984227129337,0.6628548895899053,0.6685068349106205,331
DNER,Dner,0.2869131590387009,upstroke_downstroke_ratio_long_square,0.2869131590387009,2.39511906327962e-69,0.6111111111111112,11,18,3654,3.046352726844483,9.772727272727273,1.0,10,0.7847003154574133,0.7697160883280757,0.7949526813880127,0.7831230283911671,0.7555205047318612,0.34858044164037855,0.5520504731861199,0.6675867507886435,332
CSMD2,Csmd2,0.1034089182413454,upstroke_downstroke_ratio_long_square,0.1034089182413454,6.671403897996001e-10,0.7777777777777778,14,18,3654,9.862015558091676,39.54545454545455,1.0,10,0.9936908517350158,0.9960567823343849,0.7949526813880127,0.9282334384858045,0.23422712933753942,0.5764984227129337,0.40536277602523657,0.6667981072555206,333
TMEM130,Tmem130,0.3409819301878657,ri,0.3409819301878657,1.0240044138694643e-98,0.9444444444444444,17,18,3654,1.4870549823530808,5.454545454545454,0.9,9,0.443217665615142,0.46490536277602523,0.47870662460567825,0.46227655099894854,0.8422712933753943,0.8990536277602523,0.8706624605678233,0.6664695057833859,334
RGS6,Rgs6,0.3452584715486758,tau,0.3452584715486758,1.519825833617909e-101,0.8333333333333334,15,18,3654,1.9990113899491384,7.7272727272727275,0.9,9,0.582807570977918,0.6510252365930599,0.47870662460567825,0.5708464773922187,0.8446372239747634,0.6790220820189274,0.7618296529968454,0.6663380651945321,335
SLC6A17,Slc6a17,0.1856427005051592,tau,-0.1856427005051592,5.076690246406453e-29,0.9444444444444444,17,18,3654,1.9783437440012421,5.609284332688588,1.0,10,0.5796529968454258,0.47397476340694006,0.7949526813880127,0.6161934805467929,0.527602523659306,0.8990536277602523,0.7133280757097792,0.664760778128286,336
NTN4,Ntn4,0.3653341563120466,upstroke_downstroke_ratio_long_square,-0.3653341563120466,1.1628660043826414e-114,0.8333333333333334,15,18,3654,1.85309865119947,7.5,0.9,9,0.5457413249211357,0.6360410094637224,0.47870662460567825,0.5534963196635121,0.8698738170347003,0.6790220820189274,0.774447949526814,0.663972134595163,337
FUT9,Fut9,0.4017415030369372,upstroke_downstroke_ratio_long_square,-0.4017415030369372,1.6571048682070482e-140,0.7777777777777778,14,18,3654,2.230555130076622,10.681818181818182,0.8,8,0.639589905362776,0.8012618296529969,0.30165615141955837,0.5808359621451105,0.917192429022082,0.5764984227129337,0.7468454258675079,0.6638406940063092,338
CLEC16A,Clec16a,0.2693017037070433,upstroke_downstroke_ratio_long_square,-0.2693017037070433,5.5786380207949616e-61,0.9444444444444444,17,18,3654,2.0708282410347367,5.681818181818182,0.9,9,0.5993690851735016,0.4830441640378549,0.47870662460567825,0.520373291272345,0.7152996845425867,0.8990536277602523,0.8071766561514195,0.6637749737118823,339
ZFYVE28,Zfyve28,0.2272776915575837,ri,-0.2272776915575837,3.686126877550496e-43,0.8888888888888888,16,18,3654,1.9645363259344826,5.681818181818182,1.0,10,0.5733438485804416,0.4830441640378549,0.7949526813880127,0.6171135646687698,0.6269716088328076,0.7917981072555205,0.709384858044164,0.6632492113564669,340
GABRD,Gabrd,0.5423882702847134,ri,-0.5423882702847134,5.40820672270978e-276,0.9444444444444444,17,18,3654,1.2688527986101892,3.6750483558994196,0.9,9,0.37697160883280756,0.2969242902208202,0.47870662460567825,0.38420084121976866,0.9826498422712934,0.8990536277602523,0.9408517350157728,0.6625262881177707,341
GNPTAB,Gnptab,0.2200872728783077,upstroke_downstroke_ratio_long_square,-0.2200872728783077,9.79713935256394e-41,0.7777777777777778,14,18,3654,2.0235425060946213,10.058027079303676,1.0,10,0.5906940063091483,0.7843059936908517,0.7949526813880127,0.7233175604626708,0.6151419558359621,0.5764984227129337,0.5958201892744479,0.6595688748685593,342
ADRA1A,Adra1a,0.3243098507492949,adaptation,-0.3243098507492949,1.4068704498948518e-88,0.9444444444444444,17,18,3654,1.6397849641218074,4.835589941972921,0.9,9,0.4913249211356467,0.4057570977917981,0.47870662460567825,0.458596214511041,0.8217665615141956,0.8990536277602523,0.860410094637224,0.6595031545741324,343
SLC4A8,Slc4a8,0.22634898915402,upstroke_downstroke_ratio_long_square,-0.22634898915402,4.589381544077782e-43,0.8333333333333334,15,18,3654,2.645023462352567,10.909090909090908,0.9,9,0.7113564668769716,0.8103312302839116,0.47870662460567825,0.6667981072555205,0.6230283911671924,0.6790220820189274,0.65102523659306,0.6589116719242902,344
SPTAN1,Sptan1,0.1488208533496262,threshold_i_long_square,0.1488208533496262,5.0492553575379855e-19,0.7777777777777778,14,18,3654,3.505672889483594,11.60541586073501,1.0,10,0.8296529968454258,0.8347791798107256,0.7949526813880127,0.819794952681388,0.4195583596214511,0.5764984227129337,0.49802839116719244,0.6589116719242902,345
OXR1,Oxr1,0.3592663716214839,upstroke_downstroke_ratio_long_square,-0.3592663716214839,1.16184826068053e-110,0.8333333333333334,15,18,3654,1.9211350533707041,7.156673114119923,0.9,9,0.5583596214511041,0.6001577287066246,0.47870662460567825,0.5457413249211357,0.862776025236593,0.6790220820189274,0.7708990536277602,0.6583201892744479,346
TOX3,Tox3,0.3651205795177332,threshold_i_long_square,0.3651205795177332,5.387933846373834e-114,1.0,18,18,3654,1.2510069252142908,4.061895551257253,0.9,9,0.37066246056782337,0.3312302839116719,0.47870662460567825,0.39353312302839116,0.8690851735015773,0.9759463722397477,0.9225157728706626,0.6580244479495269,347
PTPRN2,Ptprn2,0.1623971178088148,ri,0.1623971178088148,2.0777195544754005e-22,0.8333333333333334,15,18,3654,3.87374724963745,13.636363636363637,0.9,9,0.8651419558359621,0.8848580441640379,0.47870662460567825,0.7429022082018927,0.4637223974763407,0.6790220820189274,0.5713722397476341,0.6571372239747634,348
NTNG1,Ntng1,0.2347036745207394,upstroke_downstroke_ratio_long_square,-0.2347036745207394,2.776287924155808e-46,0.9444444444444444,17,18,3654,2.2402420325389594,6.007067137809187,0.9,9,0.6427444794952681,0.5078864353312302,0.47870662460567825,0.543112513144059,0.6419558359621451,0.8990536277602523,0.7705047318611987,0.6568086225026288,349
PRICKLE1,Prickle1,0.2602173815694758,ri,-0.2602173815694758,1.3364163053797725e-56,0.9444444444444444,17,18,3654,1.958462330424652,5.909090909090909,0.9,9,0.5725552050473186,0.4972397476340694,0.47870662460567825,0.516167192429022,0.694794952681388,0.8990536277602523,0.7969242902208202,0.6565457413249212,350
ABR,Abr,0.2546881119757193,upstroke_downstroke_ratio_long_square,-0.2546881119757193,1.7243549107449547e-54,0.8333333333333334,15,18,3654,1.7604340552435904,6.769825918762089,1.0,10,0.527602523659306,0.5662460567823344,0.7949526813880127,0.6296004206098843,0.6853312302839116,0.6790220820189274,0.6821766561514195,0.6558885383806519,351
CYFIP2,Cyfip2,0.1465613859378638,tau,-0.1465613859378638,1.8377544500016852e-18,0.8333333333333334,15,18,3654,2.6840688845873117,10.058027079303676,1.0,10,0.722397476340694,0.7843059936908517,0.7949526813880127,0.7672187171398527,0.4085173501577287,0.6790220820189274,0.5437697160883281,0.6554942166140905,352
GABBR1,Gabbr1,0.1415854840106937,threshold_i_long_square,-0.1415854840106937,2.480409730647039e-17,0.8888888888888888,16,18,3654,2.262181070752585,8.704061895551257,1.0,10,0.6482649842271293,0.7180599369085173,0.7949526813880127,0.7204258675078864,0.3864353312302839,0.7917981072555205,0.5891167192429022,0.6547712933753943,353
OSBPL8,Osbpl8,0.26321056814228,ri,-0.26321056814228,6.440668716905855e-58,0.9444444444444444,17,18,3654,1.7126833560428665,6.382978723404255,0.9,9,0.5126182965299685,0.5343059936908517,0.47870662460567825,0.5085436382754995,0.7026813880126183,0.8990536277602523,0.8008675078864353,0.6547055730809674,354
NIN,Nin,0.1352045838126543,upstroke_downstroke_ratio_long_square,-0.1352045838126543,4.996489433753514e-16,0.8333333333333334,15,18,3654,3.044220174925023,10.251450676982591,1.0,10,0.7839116719242902,0.7906151419558359,0.7949526813880127,0.7898264984227129,0.3588328075709779,0.6790220820189274,0.5189274447949527,0.6543769716088328,355
FMN2,Fmn2,0.1962213492741333,upstroke_downstroke_ratio_long_square,-0.1962213492741333,1.6404254440917474e-32,0.5,9,18,3654,6.112744553649974,21.59090909090909,1.0,10,0.9700315457413249,0.9688485804416404,0.7949526813880127,0.9112776025236592,0.5583596214511041,0.236198738170347,0.3972791798107255,0.6542783911671923,356
PHACTR1,Phactr1,0.2937378283674878,tau,-0.2937378283674878,1.5127971446331274e-72,0.8888888888888888,16,18,3654,1.359858920984398,4.448742746615087,1.0,10,0.4069400630914827,0.3702681388012618,0.7949526813880127,0.5240536277602524,0.7728706624605678,0.7917981072555205,0.7823343848580442,0.6531940063091484,357
SMARCA2,Smarca2,0.2205082275927281,upstroke_downstroke_ratio_long_square,-0.2205082275927281,6.891196094571676e-41,0.6666666666666666,12,18,3654,3.2067171357835114,9.671179883945841,1.0,10,0.8028391167192429,0.7634069400630915,0.7949526813880127,0.7870662460567823,0.6175078864353313,0.42113564668769715,0.5193217665615142,0.6531940063091483,358
HIVEP3,Hivep3,0.1421747822672605,trough_v_long_square,0.1421747822672605,2.7263849300929734e-17,0.7222222222222222,13,18,3654,4.445377473567503,14.090909090909092,1.0,10,0.9045741324921136,0.8903785488958991,0.7949526813880127,0.8633017875920084,0.39037854889589907,0.4948738170347003,0.44262618296529965,0.652963985278654,359
PTPRG,Ptprg,0.1345098729720371,threshold_i_short_square,0.1345098729720371,1.4810581406005138e-15,0.8333333333333334,15,18,3654,3.2228187464782962,9.671179883945841,1.0,10,0.804416403785489,0.7634069400630915,0.7949526813880127,0.7875920084121977,0.35331230283911674,0.6790220820189274,0.5161671924290221,0.6518796004206099,360
CDKL5,Cdkl5,0.2425174216348467,tau,-0.2425174216348467,3.581951250572494e-49,0.6666666666666666,12,18,3654,2.525847622909155,10.638297872340425,1.0,10,0.694794952681388,0.7973186119873817,0.7949526813880127,0.7623554153522608,0.6593059936908517,0.42113564668769715,0.5402208201892744,0.6512881177707677,361
PRMT8,Prmt8,0.3863021028837877,tau,-0.3863021028837877,6.114208086260633e-129,0.9444444444444444,17,18,3654,1.5508878706238094,5.222437137330754,0.8,8,0.46608832807570977,0.4392744479495268,0.30165615141955837,0.4023396424815983,0.8998422712933754,0.8990536277602523,0.8994479495268138,0.650893796004206,362
GABRB1,Gabrb1,0.1894178505671161,threshold_i_long_square,-0.1894178505671161,3.607366150683126e-30,0.8888888888888888,16,18,3654,2.210883720724177,5.609284332688588,1.0,10,0.636435331230284,0.47397476340694006,0.7949526813880127,0.6351209253417456,0.5402208201892744,0.7917981072555205,0.6660094637223974,0.6505651945320715,363
TMTC1,Tmtc1,0.3769847617074567,upstroke_downstroke_ratio_long_square,-0.3769847617074567,1.422014082485632e-122,0.7777777777777778,14,18,3654,2.621731665572029,8.480565371024735,0.8,8,0.7082018927444795,0.695583596214511,0.30165615141955837,0.5684805467928497,0.887223974763407,0.5764984227129337,0.7318611987381703,0.65017087276551,364
SV2C,Sv2c,0.2204270223628993,upstroke_downstroke_ratio_long_square,0.2204270223628993,7.362009988676491e-41,0.8888888888888888,16,18,3654,2.486249329747001,7.350096711798839,0.9,9,0.6853312302839116,0.623422712933754,0.47870662460567825,0.5958201892744479,0.6167192429022083,0.7917981072555205,0.7042586750788644,0.6500394321766562,365
SGCZ,Sgcz,0.2276588484466874,upstroke_downstroke_ratio_long_square,0.2276588484466874,1.4659023270411211e-43,0.7777777777777778,14,18,3654,2.011232136608213,8.636363636363637,1.0,10,0.5867507886435331,0.7101735015772871,0.7949526813880127,0.697292323869611,0.6277602523659306,0.5764984227129337,0.6021293375394321,0.6497108307045216,366
CAP2,Cap2,0.3102769312057351,threshold_i_short_square,0.3102769312057351,1.5443734098722335e-80,0.9444444444444444,17,18,3654,1.377277253571793,5.454545454545454,0.9,9,0.41246056782334384,0.46490536277602523,0.47870662460567825,0.4520241850683491,0.7957413249211357,0.8990536277602523,0.847397476340694,0.6497108307045215,367
PCDH7,Pcdh7,0.2819845111944999,upstroke_downstroke_ratio_long_square,-0.2819845111944999,6.168205142838949e-67,0.7777777777777778,14,18,3654,2.3744921574920714,5.2434456928838955,1.0,10,0.669558359621451,0.4518927444794953,0.7949526813880127,0.638801261829653,0.7429022082018928,0.5764984227129337,0.6597003154574133,0.6492507886435331,368
KALRN,Kalrn,0.1378526189283872,threshold_i_short_square,0.1378526189283872,2.755770823258736e-16,0.6666666666666666,12,18,3654,5.494495718960087,18.863636363636363,1.0,10,0.9582018927444795,0.9546529968454258,0.7949526813880127,0.902602523659306,0.37066246056782337,0.42113564668769715,0.39589905362776023,0.6492507886435331,369
CDK14,Cdk14,0.2563003568108918,upstroke_downstroke_ratio_long_square,0.2563003568108918,3.468171283689537e-55,0.9444444444444444,17,18,3654,1.3415571566861542,3.8636363636363638,1.0,10,0.39668769716088326,0.3103312302839117,0.7949526813880127,0.5006572029442692,0.6892744479495269,0.8990536277602523,0.7941640378548895,0.6474106203995793,370
BSN,Bsn,0.1307682508429844,upstroke_downstroke_ratio_long_square,-0.1307682508429844,4.452635425487357e-15,0.6666666666666666,12,18,3654,6.220603435895132,22.954545454545453,1.0,10,0.972397476340694,0.9739747634069401,0.7949526813880127,0.9137749737118822,0.34069400630914826,0.42113564668769715,0.3809148264984227,0.6473449001051524,371
KIF1A,Kif1a,0.1080432831843849,upstroke_downstroke_ratio_long_square,-0.1080432831843849,1.0878987323618473e-10,0.8333333333333334,15,18,3654,4.013522563455484,10.909090909090908,1.0,10,0.8769716088328076,0.8103312302839116,0.7949526813880127,0.8274185068349106,0.2555205047318612,0.6790220820189274,0.4672712933753943,0.6473449001051524,372
DYNC1H1,Dync1h1,0.1786892575755955,upstroke_downstroke_ratio_long_square,-0.1786892575755955,3.9727505181004536e-27,0.5555555555555556,10,18,3654,5.553438632122811,16.247582205029012,1.0,10,0.9589905362776026,0.9266561514195584,0.7949526813880127,0.8935331230283912,0.5165615141955836,0.28430599369085174,0.4004337539432177,0.6469834384858044,373
EPHA6,Epha6,0.2297478633794083,upstroke_downstroke_ratio_long_square,-0.2297478633794083,2.341204446858832e-44,0.4444444444444444,8,18,3654,4.422169353555093,18.863636363636363,1.0,10,0.9022082018927445,0.9546529968454258,0.7949526813880127,0.8839379600420609,0.6309148264984227,0.18848580441640378,0.40970031545741326,0.6468191377497371,374
RALYL,Ralyl,0.3764236842767827,tau,0.3764236842767827,5.31211088537103e-122,0.8888888888888888,16,18,3654,1.66284268606125,4.6421663442940035,0.9,9,0.49763406940063093,0.3856466876971609,0.47870662460567825,0.45399579390115674,0.886435331230284,0.7917981072555205,0.8391167192429022,0.6465562565720295,375
PDE4B,Pde4b,0.4338951208974184,upstroke_downstroke_ratio_long_square,0.4338951208974184,3.3503230425881924e-166,0.8888888888888888,16,18,3654,1.7209178148660034,5.415860735009671,0.8,8,0.5157728706624606,0.45741324921135645,0.30165615141955837,0.42494742376445843,0.944006309148265,0.7917981072555205,0.8679022082018928,0.6464248159831756,376
HECW2,Hecw2,0.1279356365298216,adaptation,-0.1279356365298216,2.9641435058016883e-14,0.8333333333333334,15,18,3654,5.092662104802004,17.954545454545453,0.9,9,0.945583596214511,0.9428233438485805,0.47870662460567825,0.7890378548895899,0.3280757097791798,0.6790220820189274,0.5035488958990536,0.6462933753943217,377
IQSEC1,Iqsec1,0.326000753348582,upstroke_downstroke_ratio_long_square,-0.326000753348582,2.943300366691622e-90,0.7222222222222222,13,18,3654,1.9647050220055065,6.189555125725338,1.0,10,0.5741324921135647,0.5181388012618297,0.7949526813880127,0.629074658254469,0.8233438485804416,0.4948738170347003,0.6591088328075709,0.64409174553102,378
NPAS2,Npas2,0.2766610850973654,tau,-0.2766610850973654,3.416339867610737e-64,0.8333333333333334,15,18,3654,1.5791688283109049,5.609284332688588,1.0,10,0.47318611987381703,0.47397476340694006,0.7949526813880127,0.5807045215562566,0.7318611987381703,0.6790220820189274,0.7054416403785488,0.6430730809674028,379
ASTN1,Astn1,0.109645712797493,threshold_i_short_square,0.109645712797493,1.018798075918212e-10,0.7222222222222222,13,18,3654,5.903214516095207,19.545454545454547,1.0,10,0.9684542586750788,0.9609621451104101,0.7949526813880127,0.9081230283911671,0.2610410094637224,0.4948738170347003,0.37795741324921134,0.6430402208201892,380
MYRIP,Myrip,0.2863270064459914,upstroke_downstroke_ratio_long_square,-0.2863270064459914,4.63338855914901e-69,0.8333333333333334,15,18,3654,2.154750274611187,7.2727272727272725,0.9,9,0.6182965299684543,0.6108044164037855,0.47870662460567825,0.5692691903259727,0.7539432176656151,0.6790220820189274,0.7164826498422713,0.642875920084122,381
CPNE4,Cpne4,0.2509038065196358,f_i_curve_slope,-0.2509038065196358,2.390063545718965e-52,0.8888888888888888,16,18,3654,2.2946022103191535,8.409090909090908,0.8,8,0.6537854889589906,0.6916403785488959,0.30165615141955837,0.5490273396424816,0.6798107255520505,0.7917981072555205,0.7358044164037855,0.6424158780231335,382
DSCAML1,Dscaml1,0.2056979361028998,latency,0.2056979361028998,9.176627692493715e-35,0.4444444444444444,8,18,3654,5.47735592438038,17.045454545454547,1.0,10,0.9566246056782335,0.9353312302839116,0.7949526813880127,0.8956361724500526,0.582018927444795,0.18848580441640378,0.3852523659305994,0.640444269190326,383
LAMP5,Lamp5,0.3066856171157245,upstroke_downstroke_ratio_long_square,0.3066856171157245,1.5185895242796595e-79,0.9444444444444444,17,18,3654,1.503979573292419,6.590909090909091,0.8,8,0.4503154574132492,0.5563880126182965,0.30165615141955837,0.43611987381703465,0.7886435331230284,0.8990536277602523,0.8438485804416404,0.6399842271293374,384
RPS6KA2,Rps6ka2,0.279732681730634,upstroke_downstroke_ratio_long_square,-0.279732681730634,7.439687614605179e-66,0.8333333333333334,15,18,3654,2.182841127798562,7.156673114119923,0.9,9,0.6269716088328076,0.6001577287066246,0.47870662460567825,0.5686119873817034,0.7389589905362776,0.6790220820189274,0.7089905362776026,0.638801261829653,385
GALNTL6,Galntl6,0.2080085924711271,upstroke_downstroke_ratio_long_square,-0.2080085924711271,1.892014520496433e-36,0.8888888888888888,16,18,3654,2.195067390023383,7.7272727272727275,0.9,9,0.6309148264984227,0.6510252365930599,0.47870662460567825,0.586882229232387,0.5875394321766562,0.7917981072555205,0.6896687697160884,0.6382754994742377,386
ENOX1,Enox1,0.3548932703498204,upstroke_downstroke_ratio_long_square,-0.3548932703498204,7.470850286777729e-108,0.8333333333333334,15,18,3654,1.9477260969040344,5.609284332688588,0.9,9,0.5686119873817035,0.47397476340694006,0.47870662460567825,0.5070977917981073,0.8572555205047319,0.6790220820189274,0.7681388012618297,0.6376182965299685,387
REV3L,Rev3l,0.1280752925331493,threshold_v_short_square,0.1280752925331493,1.6856060873318892e-13,0.7222222222222222,13,18,3654,4.118096724870352,14.893617021276595,1.0,10,0.8824921135646687,0.9077287066246057,0.7949526813880127,0.8617245005257623,0.3304416403785489,0.4948738170347003,0.4126577287066246,0.6371911146161935,388
LRRTM3,Lrrtm3,0.2215966275038676,upstroke_downstroke_ratio_long_square,-0.2215966275038676,2.7307998019467036e-41,0.8333333333333334,15,18,3654,1.8302464174016027,6.382978723404255,1.0,10,0.5417981072555205,0.5343059936908517,0.7949526813880127,0.6236855941114615,0.6198738170347003,0.6790220820189274,0.649447949526814,0.6365667718191377,389
SV2A,Sv2a,0.135178340799106,upstroke_downstroke_ratio_long_square,-0.135178340799106,5.046630402462299e-16,0.8888888888888888,16,18,3654,2.2155624554793656,7.7369439071566735,1.0,10,0.637223974763407,0.6597003154574133,0.7949526813880127,0.697292323869611,0.35725552050473186,0.7917981072555205,0.5745268138801262,0.6359095688748686,390
TLN2,Tln2,0.1773659170216128,tau,0.1773659170216128,1.4514480589132666e-26,0.6111111111111112,11,18,3654,3.970466757762883,12.272727272727273,1.0,10,0.8753943217665615,0.8505520504731862,0.7949526813880127,0.8402996845425869,0.5126182965299685,0.34858044164037855,0.4305993690851735,0.6354495268138802,391
SLC35F4,Slc35f4,0.2469466012206207,upstroke_downstroke_ratio_long_square,0.2469466012206207,3.1999060429282574e-51,0.8888888888888888,16,18,3654,1.7710443435542391,7.2727272727272725,0.9,9,0.5307570977917981,0.6108044164037855,0.47870662460567825,0.5400893796004206,0.669558359621451,0.7917981072555205,0.7306782334384858,0.6353838065194533,392
MYO5A,Myo5a,0.1872564535018309,upstroke_downstroke_ratio_long_square,-0.1872564535018309,1.0762294530588235e-29,0.6666666666666666,12,18,3654,3.0590618077297327,10.638297872340425,1.0,10,0.7862776025236593,0.7973186119873817,0.7949526813880127,0.7928496319663512,0.5347003154574133,0.42113564668769715,0.47791798107255523,0.6353838065194533,393
STRBP,Strbp,0.3127575527441888,upstroke_downstroke_ratio_long_square,-0.3127575527441888,7.990944446185755e-83,0.9444444444444444,17,18,3654,1.37869185028949,6.576402321083172,0.8,8,0.4140378548895899,0.5469242902208202,0.30165615141955837,0.4208727655099895,0.8004731861198738,0.8990536277602523,0.849763406940063,0.6353180862250263,394
GOT1,Got1,0.2844082042074025,upstroke_downstroke_ratio_long_square,-0.2844082042074025,4.0708211483304006e-68,1.0,18,18,3654,1.150841240849945,4.835589941972921,0.9,9,0.3383280757097792,0.4057570977917981,0.47870662460567825,0.4075972660357518,0.75,0.9759463722397477,0.8629731861198738,0.6352852260778128,395
CHSY3,Chsy3,0.3697777128200227,upstroke_downstroke_ratio_long_square,0.3697777128200227,1.2362778275551091e-117,0.6666666666666666,12,18,3654,1.8585067119271828,6.189555125725338,1.0,10,0.5481072555205048,0.5181388012618297,0.7949526813880127,0.6203995793901157,0.8785488958990536,0.42113564668769715,0.6498422712933754,0.6351209253417456,396
ATXN1,Atxn1,0.176502766293448,threshold_i_ramp,0.176502766293448,2.656398632673658e-26,0.8888888888888888,16,18,3654,1.9544766723593454,5.909090909090909,1.0,10,0.5709779179810726,0.4972397476340694,0.7949526813880127,0.6210567823343848,0.5063091482649842,0.7917981072555205,0.6490536277602523,0.6350552050473186,397
ZMAT4,Zmat4,0.4204079153329353,tau,-0.4204079153329353,8.251106338649884e-155,1.0,18,18,3654,1.1316935075531824,3.8636363636363638,0.8,8,0.32965299684542587,0.3103312302839117,0.30165615141955837,0.3138801261829653,0.9337539432176656,0.9759463722397477,0.9548501577287066,0.6343651419558359,398
USP11,Usp11,0.1535526446815938,tau,0.1535526446815938,3.720483365667458e-20,0.8888888888888888,16,18,3654,2.0632678650535894,6.769825918762089,1.0,10,0.5970031545741324,0.5662460567823344,0.7949526813880127,0.6527339642481599,0.43769716088328076,0.7917981072555205,0.6147476340694006,0.6337407991587802,399
FOCAD,Focad,0.1419596991259389,upstroke_downstroke_ratio_long_square,-0.1419596991259389,1.5520608383514808e-17,0.8333333333333334,15,18,3654,2.6760669366795393,8.317214700193423,1.0,10,0.7192429022082019,0.6861198738170347,0.7949526813880127,0.7334384858044164,0.388801261829653,0.6790220820189274,0.5339116719242902,0.6336750788643533,400
CNTN6,Cntn6,0.204324258278479,upstroke_downstroke_ratio_long_square,-0.204324258278479,3.4056692355384525e-35,0.5,9,18,3654,4.445293896098781,13.346228239845262,1.0,10,0.9037854889589906,0.8793375394321766,0.7949526813880127,0.8593585699263934,0.5796529968454258,0.236198738170347,0.4079258675078864,0.6336422187171399,401
CACNA1D,Cacna1d,0.1404456022510347,tau,-0.1404456022510347,4.71819852208739e-17,0.6666666666666666,12,18,3654,4.475264244813809,14.313346228239846,1.0,10,0.9061514195583596,0.8935331230283912,0.7949526813880127,0.8648790746582544,0.3832807570977918,0.42113564668769715,0.4022082018927445,0.6335436382754994,402
OSBPL6,Osbpl6,0.2604278236255153,upstroke_downstroke_ratio_long_square,-0.2604278236255153,5.453660769146903e-57,0.6111111111111112,11,18,3654,2.5229962924426887,9.284332688588007,1.0,10,0.693217665615142,0.7440851735015773,0.7949526813880127,0.7440851735015773,0.6963722397476341,0.34858044164037855,0.5224763406940063,0.6332807570977919,403
GARNL3,Garnl3,0.260880141712993,tau,0.260880141712993,5.74852127143006e-57,0.8888888888888888,16,18,3654,1.8120472364987283,6.576402321083172,0.9,9,0.5378548895899053,0.5469242902208202,0.47870662460567825,0.5211619348054679,0.6971608832807571,0.7917981072555205,0.7444794952681388,0.6328207150368034,404
STARD13,Stard13,0.2226498534085522,upstroke_downstroke_ratio_long_square,-0.2226498534085522,1.1098318936631823e-41,0.8888888888888888,16,18,3654,2.4276460232434918,8.409090909090908,0.8,8,0.6798107255520505,0.6916403785488959,0.30165615141955837,0.557702418506835,0.6206624605678234,0.7917981072555205,0.7062302839116719,0.6319663512092535,405
KCNAB1,Kcnab1,0.3911317964295805,upstroke_downstroke_ratio_long_square,-0.3911317964295805,1.2678154228383447e-132,0.9444444444444444,17,18,3654,1.3014790279315662,4.6421663442940035,0.8,8,0.3856466876971609,0.3856466876971609,0.30165615141955837,0.3576498422712933,0.9085173501577287,0.8990536277602523,0.9037854889589905,0.6307176656151419,406
RXFP1,Rxfp1,0.2617202427944161,upstroke_downstroke_ratio_long_square,0.2617202427944161,1.4643587242365192e-57,0.6666666666666666,12,18,3654,2.385143591960385,7.5,1.0,10,0.6711356466876972,0.6360410094637224,0.7949526813880127,0.7007097791798107,0.7003154574132492,0.42113564668769715,0.5607255520504731,0.6307176656151419,407
WWP1,Wwp1,0.1876044113145392,upstroke_downstroke_ratio_long_square,-0.1876044113145392,8.433137361316377e-30,0.8888888888888888,16,18,3654,2.0932424691826306,8.51063829787234,0.9,9,0.6041009463722398,0.7011041009463722,0.47870662460567825,0.5946372239747634,0.5362776025236593,0.7917981072555205,0.6640378548895899,0.6293375394321766,408
PTCHD4,Ptchd4,0.1689361768757458,trough_v_long_square,-0.1689361768757458,5.4796786158618096e-24,0.8333333333333334,15,18,3654,2.6626005540269424,6.189555125725338,1.0,10,0.7152996845425867,0.5181388012618297,0.7949526813880127,0.6761303890641429,0.48264984227129337,0.6790220820189274,0.5808359621451105,0.6284831756046267,409
GOLIM4,Golim4,0.3119692037099574,upstroke_downstroke_ratio_long_square,-0.3119692037099574,2.1433178224710816e-82,0.8888888888888888,16,18,3654,1.4182189682371358,5.609284332688588,0.9,9,0.42981072555205047,0.47397476340694006,0.47870662460567825,0.4608307045215563,0.7981072555205048,0.7917981072555205,0.7949526813880126,0.6278916929547844,410
UST,Ust,0.4900402964427147,upstroke_downstroke_ratio_long_square,0.4900402964427147,1.939013054795707e-218,1.0,18,18,3654,0.9707326426093996,3.481624758220503,0.8,8,0.27996845425867506,0.2744479495268139,0.30165615141955837,0.28535751840168244,0.9645110410094637,0.9759463722397477,0.9702287066246057,0.6277931125131441,411
DOK5,Dok5,0.3360354570073883,threshold_i_long_square,0.3360354570073883,1.1083919860255016e-95,0.9444444444444444,17,18,3654,1.5117309751057497,4.835589941972921,0.8,8,0.45425867507886436,0.4057570977917981,0.30165615141955837,0.387223974763407,0.8375394321766562,0.8990536277602523,0.8682965299684542,0.6277602523659306,412
MLIP,Mlip,0.4216447181070098,upstroke_downstroke_ratio_long_square,0.4216447181070098,4.0772868506525884e-156,0.5555555555555556,10,18,3654,1.8731137490106007,7.045454545454546,1.0,10,0.5496845425867508,0.5902996845425867,0.7949526813880127,0.6449789695057834,0.9345425867507886,0.28430599369085174,0.6094242902208202,0.6272016298633019,413
EPHA4,Epha4,0.1503377525254446,ri,-0.1503377525254446,2.271494821783105e-19,0.7777777777777778,14,18,3654,2.936937464654795,8.409090909090908,1.0,10,0.7697160883280757,0.6916403785488959,0.7949526813880127,0.7521030494216614,0.42665615141955837,0.5764984227129337,0.501577287066246,0.6268401682439537,414
LIMCH1,Limch1,0.2359553058579975,avg_isi,-0.2359553058579975,3.7070183003789626e-46,0.7222222222222222,13,18,3654,2.7261577476489656,12.045454545454545,0.9,9,0.7310725552050473,0.8442429022082019,0.47870662460567825,0.6846740273396424,0.6427444794952681,0.4948738170347003,0.5688091482649842,0.6267415878023133,415
NRG3,Nrg3,0.3076335770014688,upstroke_downstroke_ratio_long_square,-0.3076335770014688,4.7346821889919426e-80,0.7777777777777778,14,18,3654,2.726332969458465,7.954545454545454,0.8,8,0.7318611987381703,0.6703470031545742,0.30165615141955837,0.5679547844374343,0.7910094637223974,0.5764984227129337,0.6837539432176656,0.62585436382755,416
PDE2A,Pde2a,0.2599726080912771,tau,0.2599726080912771,1.436269501812865e-56,0.7777777777777778,14,18,3654,1.9253801294849118,5.802707930367505,1.0,10,0.5607255520504731,0.4893533123028391,0.7949526813880127,0.6150105152471084,0.692429022082019,0.5764984227129337,0.6344637223974763,0.6247371188222923,417
MAST3,Mast3,0.1527301117827739,avg_isi,0.1527301117827739,8.812458784134474e-20,0.8333333333333334,15,18,3654,2.3179696173242705,7.350096711798839,1.0,10,0.6593059936908517,0.623422712933754,0.7949526813880127,0.6925604626708727,0.43375394321766564,0.6790220820189274,0.5563880126182965,0.6244742376445847,418
ANKRD26,Ankrd26,0.1784498165916819,upstroke_downstroke_ratio_long_square,-0.1784498165916819,4.663721978826728e-27,0.6111111111111112,11,18,3654,3.171099019557226,12.18568665377176,1.0,10,0.7996845425867508,0.8462145110410094,0.7949526813880127,0.8136172450052577,0.5157728706624606,0.34858044164037855,0.43217665615141954,0.6228969505783386,419
TOX,Tox,0.2780829472577124,latency,0.2780829472577124,7.675596969936019e-64,0.9444444444444444,17,18,3654,1.6715012749245521,5.681818181818182,0.8,8,0.501577287066246,0.4830441640378549,0.30165615141955837,0.42875920084121977,0.7342271293375394,0.8990536277602523,0.8166403785488958,0.6226997896950578,420
L3MBTL4,L3mbtl4,0.1483570192519034,f_i_curve_slope,-0.1483570192519034,8.420086365121499e-19,0.8333333333333334,15,18,3654,2.094993965616586,8.409090909090908,1.0,10,0.6048895899053628,0.6916403785488959,0.7949526813880127,0.6971608832807571,0.416403785488959,0.6790220820189274,0.5477129337539433,0.6224369085173502,421
TTBK2,Ttbk2,0.1750822349480165,threshold_i_long_square,0.1750822349480165,6.317211108145467e-26,0.8333333333333334,15,18,3654,2.170941955592061,6.576402321083172,1.0,10,0.6222397476340694,0.5469242902208202,0.7949526813880127,0.6547055730809674,0.500788643533123,0.6790220820189274,0.5899053627760252,0.6223054679284963,422
GHR,Ghr,0.1987679364924859,upstroke_downstroke_ratio_long_square,0.1987679364924859,2.4140967782085856e-33,0.6111111111111112,11,18,3654,2.571915625465641,12.727272727272727,1.0,10,0.7034700315457413,0.8643533123028391,0.7949526813880127,0.7875920084121977,0.5638801261829653,0.34858044164037855,0.456230283911672,0.6219111461619349,423
SH3GL3,Sh3gl3,0.2794945258488947,threshold_i_long_square,-0.2794945258488947,1.753709165114985e-65,0.9444444444444444,17,18,3654,1.4027286933797312,4.448742746615087,0.9,9,0.42586750788643535,0.3702681388012618,0.47870662460567825,0.42494742376445843,0.7381703470031545,0.8990536277602523,0.8186119873817035,0.6217797055730809,424
CHGB,Chgb,0.1236055487718157,avg_isi,-0.1236055487718157,2.511716216512592e-13,0.7777777777777778,14,18,3654,2.7493847970653635,12.5,1.0,10,0.7365930599369085,0.8584384858044164,0.7949526813880127,0.7966614090431126,0.31703470031545744,0.5764984227129337,0.4467665615141956,0.6217139852786541,425
GAD1,Gad1,0.2913840108035083,tau,-0.2913840108035083,2.300144259400789e-71,0.7222222222222222,13,18,3654,1.8255594993018576,5.909090909090909,1.0,10,0.5410094637223974,0.4972397476340694,0.7949526813880127,0.6110672975814931,0.7681388012618297,0.4948738170347003,0.631506309148265,0.6212868033648791,426
ADAM23,Adam23,0.1753293965538105,tau,-0.1753293965538105,5.626717784864376e-26,0.6666666666666666,12,18,3654,3.0246993683346397,9.545454545454545,1.0,10,0.7815457413249212,0.7582807570977917,0.7949526813880127,0.7782597266035752,0.5023659305993691,0.42113564668769715,0.46175078864353314,0.6200052576235542,427
CDH22,Cdh22,0.2601670830916012,tau,0.2601670830916012,1.1853363016197117e-56,0.7777777777777778,14,18,3654,2.1137151158693146,4.835589941972921,1.0,10,0.6096214511041009,0.4057570977917981,0.7949526813880127,0.6034437434279706,0.694006309148265,0.5764984227129337,0.6352523659305993,0.6193480546792849,428
MEF2C,Mef2c,0.3300469544558959,tau,-0.3300469544558959,2.1877823972121272e-92,1.0,18,18,3654,1.1474860246471017,4.448742746615087,0.8,8,0.3359621451104101,0.3702681388012618,0.30165615141955837,0.33596214511041006,0.8288643533123028,0.9759463722397477,0.9024053627760252,0.6191837539432177,429
LMO7,Lmo7,0.1969448310556326,upstroke_downstroke_ratio_long_square,0.1969448310556326,9.571691128867228e-33,0.7777777777777778,14,18,3654,2.822361821551943,10.0,0.9,9,0.7444794952681388,0.7795741324921136,0.47870662460567825,0.6675867507886436,0.5615141955835962,0.5764984227129337,0.5690063091482649,0.6182965299684542,430
TACC1,Tacc1,0.2498167545907841,upstroke_downstroke_ratio_long_square,-0.2498167545907841,2.0323866668064185e-52,0.8888888888888888,16,18,3654,1.3338199136104056,3.8684719535783367,1.0,10,0.3943217665615142,0.3186119873817035,0.7949526813880127,0.5026288117770767,0.6758675078864353,0.7917981072555205,0.7338328075709779,0.6182308096740273,431
NLGN1,Nlgn1,0.1950558282819022,upstroke_downstroke_ratio_long_square,0.1950558282819022,3.8527144200062166e-32,0.7777777777777778,14,18,3654,2.243959070403694,6.769825918762089,1.0,10,0.6443217665615142,0.5662460567823344,0.7949526813880127,0.6685068349106205,0.555205047318612,0.5764984227129337,0.5658517350157728,0.6171792849631966,432
MTUS2,Mtus2,0.107346806006008,latency,0.107346806006008,4.097874985317927e-10,0.6666666666666666,12,18,3654,5.0377592046264965,18.40909090909091,1.0,10,0.944006309148265,0.9487381703470031,0.7949526813880127,0.8958990536277603,0.2531545741324921,0.42113564668769715,0.33714511041009465,0.6165220820189274,433
PLD5,Pld5,0.3573113947872777,upstroke_downstroke_ratio_long_square,0.3573113947872777,2.098271207196999e-109,0.6111111111111112,11,18,3654,2.0903762035413007,5.609284332688588,1.0,10,0.6033123028391167,0.47397476340694006,0.7949526813880127,0.6240799158780231,0.8588328075709779,0.34858044164037855,0.6037066246056783,0.6138932702418507,434
NR3C2,Nr3c2,0.2432758786683857,upstroke_downstroke_ratio_long_square,0.2432758786683857,1.0333691048382415e-49,0.8333333333333334,15,18,3654,2.4371005196618336,8.181818181818182,0.8,8,0.6821766561514195,0.680993690851735,0.30165615141955837,0.5549421661409043,0.6624605678233438,0.6790220820189274,0.6707413249211356,0.61284174553102,435
SPOCK1,Spock1,0.2648645965932279,threshold_i_long_square,0.2648645965932279,1.070216226489366e-58,0.9444444444444444,17,18,3654,1.3641368953209896,4.545454545454546,0.9,9,0.4077287066246057,0.3785488958990536,0.47870662460567825,0.42166140904311256,0.7074132492113565,0.8990536277602523,0.8032334384858044,0.6124474237644585,436
NFIB,Nfib,0.5412421041568266,upstroke_downstroke_ratio_long_square,0.5412421041568266,2.686901926711781e-275,0.8888888888888888,16,18,3654,1.2219696538329479,4.25531914893617,0.8,8,0.361198738170347,0.3497634069400631,0.30165615141955837,0.3375394321766561,0.9818611987381703,0.7917981072555205,0.8868296529968454,0.6121845425867507,437
SLC9A9,Slc9a9,0.3101333401778297,upstroke_downstroke_ratio_long_square,-0.3101333401778297,2.130053124421372e-81,0.7222222222222222,13,18,3654,2.1677484849678854,7.5,0.9,9,0.6206624605678234,0.6360410094637224,0.47870662460567825,0.5784700315457414,0.7941640378548895,0.4948738170347003,0.6445189274447949,0.6114944794952681,438
MAP7D2,Map7d2,0.2161794026666555,upstroke_downstroke_ratio_long_square,-0.2161794026666555,2.5591536128018607e-39,0.6666666666666666,12,18,3654,2.000823541449491,9.090909090909092,1.0,10,0.583596214511041,0.7346214511041009,0.7949526813880127,0.7043901156677181,0.6072555205047319,0.42113564668769715,0.5141955835962145,0.6092928496319663,439
GDA,Gda,0.2886518788595677,tau,0.2886518788595677,5.325760801425253e-70,1.0,18,18,3654,1.2579172785531223,4.545454545454546,0.8,8,0.37302839116719244,0.3785488958990536,0.30165615141955837,0.35107781282860145,0.7586750788643533,0.9759463722397477,0.8673107255520505,0.6091942691903259,440
ROCK2,Rock2,0.1384114019582557,upstroke_downstroke_ratio_long_square,-0.1384114019582557,9.80990681639234e-17,0.7777777777777778,14,18,3654,2.362989054888728,9.671179883945841,1.0,10,0.666403785488959,0.7634069400630915,0.7949526813880127,0.7415878023133544,0.3746056782334385,0.5764984227129337,0.4755520504731861,0.6085699263932702,441
TMEM132B,Tmem132b,0.1460155742996108,tau,0.1460155742996108,2.4588368798437657e-18,0.5,9,18,3654,4.801654972327941,19.318181818181817,1.0,10,0.9298107255520505,0.9593848580441641,0.7949526813880127,0.8947160883280757,0.40536277602523657,0.236198738170347,0.3207807570977918,0.6077484227129337,442
FRY,Fry,0.1363604817117242,tau,-0.1363604817117242,3.899497601111091e-16,0.6111111111111112,11,18,3654,4.63292016741758,12.572533849129593,1.0,10,0.918769716088328,0.861198738170347,0.7949526813880127,0.8583070452155624,0.3643533123028391,0.34858044164037855,0.35646687697160884,0.6073869610935856,443
BAIAP2,Baiap2,0.234235690919723,ri,0.234235690919723,7.980209587762607e-46,0.8888888888888888,16,18,3654,1.1252713475032579,4.448742746615087,1.0,10,0.3272870662460568,0.3702681388012618,0.7949526813880127,0.49750262881177704,0.639589905362776,0.7917981072555205,0.7156940063091483,0.6065983175604627,444
RAPGEF2,Rapgef2,0.2181702666698127,upstroke_downstroke_ratio_long_square,-0.2181702666698127,4.907290799152716e-40,0.5555555555555556,10,18,3654,2.8337887256687724,9.477756286266924,1.0,10,0.7468454258675079,0.7543375394321766,0.7949526813880127,0.7653785488958991,0.6096214511041009,0.28430599369085174,0.44696372239747634,0.6061711356466877,445
ITPK1,Itpk1,0.2295609717896478,tau,0.2295609717896478,4.535889261256056e-44,0.9444444444444444,17,18,3654,1.06760881512462,3.094777562862669,1.0,10,0.3107255520504732,0.23462145110410096,0.7949526813880127,0.44676656151419564,0.6301261829652997,0.8990536277602523,0.764589905362776,0.6056782334384858,446
MGAT5,Mgat5,0.2087380693936401,ri,-0.2087380693936401,1.829269333701917e-36,0.9444444444444444,17,18,3654,1.5936712559153299,5.222437137330754,0.9,9,0.47791798107255523,0.4392744479495268,0.47870662460567825,0.4652996845425868,0.5922712933753943,0.8990536277602523,0.7456624605678233,0.605481072555205,447
GALNT13,Galnt13,0.1382891410969242,tau,-0.1382891410969242,1.452288562924474e-16,0.6666666666666666,12,18,3654,3.1205423784882824,12.272727272727273,1.0,10,0.7933753943217665,0.8505520504731862,0.7949526813880127,0.8129600420609884,0.37381703470031546,0.42113564668769715,0.3974763406940063,0.6052181913774973,448
FGF13,Fgf13,0.3189471905276245,tau,-0.3189471905276245,5.063720183850733e-86,0.8333333333333334,15,18,3654,1.5517035147678264,5.222437137330754,0.9,9,0.4668769716088328,0.4392744479495268,0.47870662460567825,0.46161934805467925,0.8154574132492114,0.6790220820189274,0.7472397476340694,0.6044295478443743,449
SYT7,Syt7,0.2058205736162598,upstroke_downstroke_ratio_long_square,-0.2058205736162598,1.0552618550771728e-35,0.9444444444444444,17,18,3654,1.0245557184295904,3.8636363636363638,1.0,10,0.2973186119873817,0.3103312302839117,0.7949526813880127,0.46753417455310203,0.582807570977918,0.8990536277602523,0.7409305993690851,0.6042323869610936,450
PTPRR,Ptprr,0.2845543236508658,upstroke_downstroke_ratio_long_square,-0.2845543236508658,3.467414186130384e-68,0.6666666666666666,12,18,3654,2.420804486334037,8.636363636363637,0.9,9,0.6766561514195584,0.7101735015772871,0.47870662460567825,0.6218454258675079,0.750788643533123,0.42113564668769715,0.5859621451104101,0.6039037854889591,451
GALNT18,Galnt18,0.2853922508967187,latency,-0.2853922508967187,2.542667624415557e-67,0.7222222222222222,13,18,3654,1.686300581896997,5.2272727272727275,1.0,10,0.5055205047318612,0.44952681388012616,0.7949526813880127,0.5833333333333334,0.7523659305993691,0.4948738170347003,0.6236198738170347,0.603476603575184,452
CSRNP3,Csrnp3,0.3876258388057916,upstroke_downstroke_ratio_long_square,-0.3876258388057916,4.219181000319041e-130,0.7777777777777778,14,18,3654,1.741400034070463,4.835589941972921,0.9,9,0.5189274447949527,0.4057570977917981,0.47870662460567825,0.4677970557308096,0.9014195583596214,0.5764984227129337,0.7389589905362776,0.6033780231335436,453
PPFIBP1,Ppfibp1,0.2083815178611442,upstroke_downstroke_ratio_long_square,-0.2083815178611442,1.4158864873253129e-36,0.8888888888888888,16,18,3654,1.7338818569410321,6.576402321083172,0.9,9,0.5173501577287066,0.5469242902208202,0.47870662460567825,0.5143270241850684,0.5906940063091483,0.7917981072555205,0.6912460567823344,0.6027865404837014,454
MARK1,Mark1,0.203139843606622,upstroke_downstroke_ratio_long_square,-0.203139843606622,8.544042043780065e-35,0.8333333333333334,15,18,3654,2.5260719018494395,6.590909090909091,0.9,9,0.695583596214511,0.5563880126182965,0.47870662460567825,0.5768927444794952,0.5772870662460567,0.6790220820189274,0.6281545741324921,0.6025236593059937,455
RYR1,Ryr1,0.0791377928926561,upstroke_downstroke_ratio_long_square,-0.0791377928926561,2.5415570806456764e-06,0.6666666666666666,12,18,3654,10.471767433931458,32.95454545454545,1.0,10,0.9952681388012619,0.9929022082018928,0.7949526813880127,0.9277076761303892,0.1332807570977918,0.42113564668769715,0.2772082018927445,0.6024579390115669,456
SIRPA,Sirpa,0.25933053301154,upstroke_downstroke_ratio_long_square,-0.25933053301154,1.6595359939494788e-56,0.8333333333333334,15,18,3654,1.3234490326111574,4.448742746615087,1.0,10,0.39037854889589907,0.3702681388012618,0.7949526813880127,0.5185331230283912,0.6916403785488959,0.6790220820189274,0.6853312302839116,0.6019321766561514,457
PLD3,Pld3,0.2843270000861134,ri,0.2843270000861134,9.578453992400736e-68,0.9444444444444444,17,18,3654,1.1304756757249101,4.061895551257253,0.9,9,0.32886435331230285,0.3312302839116719,0.47870662460567825,0.37960042060988436,0.748422712933754,0.8990536277602523,0.8237381703470031,0.6016692954784437,458
OLFM3,Olfm3,0.1861552924138062,threshold_i_ramp,-0.1861552924138062,3.878174863126252e-29,1.0,18,18,3654,1.7804358168608214,6.136363636363637,0.8,8,0.5323343848580442,0.511435331230284,0.30165615141955837,0.4484752891692955,0.5299684542586751,0.9759463722397477,0.7529574132492114,0.6007163512092535,459
AHI1,Ahi1,0.2673951262599011,ri,0.2673951262599011,8.76560141430456e-60,0.8333333333333334,15,18,3654,1.6712215027684578,6.382978723404255,0.9,9,0.5,0.5343059936908517,0.47870662460567825,0.5043375394321766,0.7129337539432177,0.6790220820189274,0.6959779179810726,0.6001577287066246,460
HERC1,Herc1,0.1137521350889114,upstroke_downstroke_ratio_long_square,-0.1137521350889114,1.0259372260888055e-11,0.6111111111111112,11,18,3654,5.064355802662834,15.667311411992262,1.0,10,0.944794952681388,0.919558359621451,0.7949526813880127,0.8864353312302838,0.27917981072555204,0.34858044164037855,0.3138801261829653,0.6001577287066245,461
TENM3,Tenm3,0.1253445309925851,latency,-0.1253445309925851,2.1074091086093732e-13,0.5,9,18,3654,7.007113103218626,25.454545454545453,1.0,10,0.9826498422712934,0.9814668769716088,0.7949526813880127,0.919689800210305,0.3225552050473186,0.236198738170347,0.2793769716088328,0.5995333859095688,462
MACROD2,Macrod2,0.185366903062112,threshold_i_long_square,-0.185366903062112,6.282127173320278e-29,0.8333333333333334,15,18,3654,1.6436076646778475,5.909090909090909,1.0,10,0.49290220820189273,0.4972397476340694,0.7949526813880127,0.595031545741325,0.526813880126183,0.6790220820189274,0.6029179810725552,0.5989747634069401,463
ASIC2,Asic2,0.3647733133669699,tau,0.3647733133669699,4.181199306700198e-114,0.8333333333333334,15,18,3654,1.5989216264196813,5.681818181818182,0.8,8,0.4834384858044164,0.4830441640378549,0.30165615141955837,0.42271293375394325,0.8682965299684543,0.6790220820189274,0.7736593059936909,0.5981861198738171,464
KCNH1,Kcnh1,0.1034856755256685,latency,-0.1034856755256685,1.764558794511548e-09,0.7777777777777778,14,18,3654,3.6292476682506063,8.704061895551257,1.0,10,0.8470031545741324,0.7180599369085173,0.7949526813880127,0.7866719242902208,0.23501577287066247,0.5764984227129337,0.4057570977917981,0.5962145110410094,465
GAS7,Gas7,0.3121033803862959,upstroke_downstroke_ratio_long_square,0.3121033803862959,1.8197952556241708e-82,0.9444444444444444,17,18,3654,1.2823503619125396,4.25531914893617,0.8,8,0.3785488958990536,0.3497634069400631,0.30165615141955837,0.34332281808622506,0.7988958990536278,0.8990536277602523,0.84897476340694,0.5961487907465826,466
DACH1,Dach1,0.1535341348314394,ri,-0.1535341348314394,3.8034208185832994e-20,0.8333333333333334,15,18,3654,2.35471296544324,9.545454545454545,0.9,9,0.6656151419558359,0.7582807570977917,0.47870662460567825,0.6342008412197687,0.43690851735015773,0.6790220820189274,0.5579652996845426,0.5960830704521556,467
IGF1,Igf1,0.5943827663861873,upstroke_downstroke_ratio_long_square,0.5943827663861873,0.0,1.0,18,18,3654,0.8263515702883562,2.727272727272727,0.7,7,0.22949526813880125,0.20741324921135645,0.18651419558359622,0.207807570977918,0.9897476340694006,0.9759463722397477,0.9828470031545742,0.595327287066246,468
CORO6,Coro6,0.5081839445466508,upstroke_downstroke_ratio_long_square,-0.5081839445466508,1.6605979373614878e-237,1.0,18,18,3654,0.652819537608394,2.3210831721470018,0.8,8,0.18138801261829654,0.16758675078864355,0.30165615141955837,0.21687697160883282,0.9700315457413249,0.9759463722397477,0.9729889589905363,0.5949329652996845,469
CLVS1,Clvs1,0.1604476826666281,tau,-0.1604476826666281,6.53742256118568e-22,0.8888888888888888,16,18,3654,1.7065937839454268,8.636363636363637,0.9,9,0.5102523659305994,0.7101735015772871,0.47870662460567825,0.5663774973711883,0.4550473186119874,0.7917981072555205,0.623422712933754,0.5949001051524712,470
TSC22D1,Tsc22d1,0.2450745853991019,adaptation,-0.2450745853991019,6.01402658959786e-50,0.8888888888888888,16,18,3654,1.5467289344687276,5.222437137330754,0.9,9,0.4645110410094637,0.4392744479495268,0.47870662460567825,0.4608307045215563,0.6648264984227129,0.7917981072555205,0.7283123028391167,0.5945715036803365,471
AK5,Ak5,0.2991969092329074,latency,0.2991969092329074,4.874734953120298e-74,0.7222222222222222,13,18,3654,1.9650133354676247,7.045454545454546,0.9,9,0.5749211356466877,0.5902996845425867,0.47870662460567825,0.5479758149316508,0.7839116719242902,0.4948738170347003,0.6393927444794952,0.593684279705573,472
VPS13A,Vps13a,0.1559648177488619,upstroke_downstroke_ratio_long_square,-0.1559648177488619,6.315370750913671e-21,0.4444444444444444,8,18,3654,4.605953394464683,14.506769825918763,1.0,10,0.916403785488959,0.8990536277602523,0.7949526813880127,0.8701366982124079,0.444794952681388,0.18848580441640378,0.31664037854889593,0.5933885383806519,473
PRR16,Prr16,0.2266204259623671,upstroke_downstroke_ratio_long_square,-0.2266204259623671,3.629190381721187e-43,0.9444444444444444,17,18,3654,1.503152893488054,6.136363636363637,0.8,8,0.44952681388012616,0.511435331230284,0.30165615141955837,0.4208727655099895,0.6246056782334385,0.8990536277602523,0.7618296529968454,0.5913512092534174,474
CACNB4,Cacnb4,0.2474209364739329,upstroke_downstroke_ratio_long_square,-0.2474209364739329,2.031594923392495e-51,0.8888888888888888,16,18,3654,1.4655138819090254,5.222437137330754,0.9,9,0.4361198738170347,0.4392744479495268,0.47870662460567825,0.45136698212407994,0.6703470031545742,0.7917981072555205,0.7310725552050473,0.5912197686645636,475
PTK2B,Ptk2b,0.1935439059368886,avg_isi,0.1935439059368886,3.3081285812094627e-31,0.8333333333333334,15,18,3654,2.2627617714830564,6.818181818181818,0.9,9,0.6490536277602523,0.5749211356466877,0.47870662460567825,0.5675604626708727,0.5504731861198738,0.6790220820189274,0.6147476340694007,0.5911540483701367,476
SLCO3A1,Slco3a1,0.1736844692765327,adaptation,-0.1736844692765327,2.2031323651919915e-25,0.7777777777777778,14,18,3654,2.0255883988788734,6.576402321083172,1.0,10,0.5914826498422713,0.5469242902208202,0.7949526813880127,0.644453207150368,0.4960567823343849,0.5764984227129337,0.5362776025236593,0.5903654048370137,477
ZMYND8,Zmynd8,0.1800611307628287,upstroke_downstroke_ratio_long_square,-0.1800611307628287,1.572150471547e-27,0.7777777777777778,14,18,3654,2.5459652110986464,8.704061895551257,0.9,9,0.6995268138801262,0.7180599369085173,0.47870662460567825,0.6320977917981073,0.5181388012618297,0.5764984227129337,0.5473186119873816,0.5897082018927444,478
NEFM,Nefm,0.1367273286758065,upstroke_downstroke_ratio_long_square,-0.1367273286758065,2.3151748951015487e-16,0.7222222222222222,13,18,3654,2.671648309450454,9.090909090909092,1.0,10,0.7168769716088328,0.7346214511041009,0.7949526813880127,0.7488170347003155,0.3659305993690852,0.4948738170347003,0.43040220820189273,0.5896096214511041,479
EEPD1,Eepd1,0.3821718894959879,tau,-0.3821718894959879,5.232372410629393e-126,0.8888888888888888,16,18,3654,1.3658501006837258,3.6750483558994196,0.8,8,0.40930599369085174,0.2969242902208202,0.30165615141955837,0.33596214511041006,0.8943217665615142,0.7917981072555205,0.8430599369085173,0.5895110410094637,480
STOX2,Stox2,0.1373369466051933,upstroke_downstroke_ratio_long_square,-0.1373369466051933,1.7038654304545706e-16,0.8333333333333334,15,18,3654,2.1174657011535105,6.590909090909091,1.0,10,0.611198738170347,0.5563880126182965,0.7949526813880127,0.6541798107255521,0.36908517350157727,0.6790220820189274,0.5240536277602523,0.5891167192429022,481
GRIK1,Grik1,0.2030226895186084,fast_trough_v_long_square,-0.2030226895186084,1.7907869454385922e-34,0.6666666666666666,12,18,3654,3.0931823075895446,9.772727272727273,0.9,9,0.7902208201892744,0.7697160883280757,0.47870662460567825,0.6795478443743428,0.5757097791798107,0.42113564668769715,0.49842271293375395,0.5889852786540484,482
RPS6KC1,Rps6kc1,0.1761694167810524,upstroke_downstroke_ratio_long_square,-0.1761694167810524,2.145231162114242e-26,0.7222222222222222,13,18,3654,2.1219344007774743,7.350096711798839,1.0,10,0.612776025236593,0.623422712933754,0.7949526813880127,0.6770504731861199,0.5047318611987381,0.4948738170347003,0.4998028391167192,0.5884266561514195,483
PTPRS,Ptprs,0.1137481634313185,avg_isi,-0.1137481634313185,1.878092954394766e-11,0.7222222222222222,13,18,3654,3.323855009617538,9.671179883945841,1.0,10,0.8123028391167192,0.7634069400630915,0.7949526813880127,0.7902208201892744,0.278391167192429,0.4948738170347003,0.38663249211356465,0.5884266561514195,484
KLF12,Klf12,0.4070731648870101,upstroke_downstroke_ratio_long_square,-0.4070731648870101,1.3966445850909864e-144,0.8333333333333334,15,18,3654,1.0778162918306444,4.061895551257253,0.9,9,0.3146687697160883,0.3312302839116719,0.47870662460567825,0.3748685594111462,0.9219242902208202,0.6790220820189274,0.8004731861198738,0.58767087276551,485
MAP2,Map2,0.1315962007705068,tau,0.1315962007705068,4.097831362687746e-15,0.6111111111111112,11,18,3654,4.439691816820039,10.251450676982591,1.0,10,0.9029968454258676,0.7906151419558359,0.7949526813880127,0.8295215562565721,0.3422712933753943,0.34858044164037855,0.3454258675078864,0.5874737118822293,486
MDGA2,Mdga2,0.1094432275811373,avg_isi,-0.1094432275811373,1.073650803740278e-10,0.7222222222222222,13,18,3654,3.4107573752516367,9.864603481624759,1.0,10,0.8201892744479495,0.7748422712933754,0.7949526813880127,0.7966614090431126,0.26025236593059936,0.4948738170347003,0.3775630914826498,0.5871122502628812,487
HS3ST4,Hs3st4,0.2398887690021289,upstroke_downstroke_ratio_long_square,0.2398887690021289,2.4100815004276067e-48,0.7777777777777778,14,18,3654,1.7463052368083347,8.181818181818182,0.9,9,0.5220820189274448,0.680993690851735,0.47870662460567825,0.5605941114616194,0.6506309148264984,0.5764984227129337,0.613564668769716,0.5870793901156677,488
VIP,Vip,0.5345870044720813,upstroke_downstroke_ratio_long_square,0.5345870044720813,2.4913852276043945e-267,0.9444444444444444,17,18,3654,0.887912943528392,3.409090909090909,0.7,7,0.25236593059936907,0.26458990536277605,0.18651419558359622,0.23449001051524712,0.9794952681388013,0.8990536277602523,0.9392744479495267,0.586882229232387,489
DGKD,Dgkd,0.1765255794022912,tau,-0.1765255794022912,2.537305399698624e-26,0.6111111111111112,11,18,3654,2.6551663358883735,8.897485493230175,1.0,10,0.7145110410094637,0.7275236593059937,0.7949526813880127,0.7456624605678234,0.5070977917981072,0.34858044164037855,0.4278391167192429,0.5867507886435331,490
DAAM1,Daam1,0.1792241440738196,upstroke_downstroke_ratio_long_square,-0.1792241440738196,2.7666522084830036e-27,0.6666666666666666,12,18,3654,2.3103733646711664,7.7369439071566735,1.0,10,0.6577287066246057,0.6597003154574133,0.7949526813880127,0.7041272344900106,0.5173501577287066,0.42113564668769715,0.46924290220820186,0.5866850683491063,491
ANKS1B,Anks1b,0.1396326922144342,tau,0.1396326922144342,7.1979275422371e-17,0.6666666666666666,12,18,3654,3.0222624466799655,9.090909090909092,1.0,10,0.7807570977917981,0.7346214511041009,0.7949526813880127,0.7701104100946372,0.3801261829652997,0.42113564668769715,0.40063091482649843,0.5853706624605678,492
UNC5C,Unc5c,0.2406366112917909,tau,-0.2406366112917909,2.053758784903228e-48,0.7777777777777778,14,18,3654,2.3296662507908024,6.363636363636363,0.9,9,0.6624605678233438,0.5244479495268138,0.47870662460567825,0.555205047318612,0.6529968454258676,0.5764984227129337,0.6147476340694007,0.5849763406940063,493
CCSER1,Ccser1,0.2464011876242917,upstroke_downstroke_ratio_long_square,-0.2464011876242917,5.352668028430768e-51,0.5,9,18,3654,2.5167286752855675,7.93036750483559,1.0,10,0.6908517350157729,0.6660094637223974,0.7949526813880127,0.7172712933753943,0.667981072555205,0.236198738170347,0.452089905362776,0.5846805993690851,494
INPP4B,Inpp4b,0.167961498147249,upstroke_downstroke_ratio_long_square,-0.167961498147249,4.3407373233929445e-24,0.6666666666666666,12,18,3654,2.17553532947148,9.090909090909092,1.0,10,0.6238170347003155,0.7346214511041009,0.7949526813880127,0.7177970557308097,0.47712933753943215,0.42113564668769715,0.44913249211356465,0.5834647739221872,495
CDH2,Cdh2,0.1745414174687284,tau,0.1745414174687284,9.405613127683224e-26,0.6111111111111112,11,18,3654,2.9832701770124967,7.7369439071566735,1.0,10,0.7752365930599369,0.6597003154574133,0.7949526813880127,0.7432965299684543,0.49842271293375395,0.34858044164037855,0.4235015772870663,0.5833990536277602,496
NXPH1,Nxph1,0.4216708831783719,upstroke_downstroke_ratio_long_square,-0.4216708831783719,3.9501656211836654e-156,0.8888888888888888,16,18,3654,1.1867800974031824,3.288201160541586,0.8,8,0.35252365930599366,0.25197160883280756,0.30165615141955837,0.30205047318611983,0.9353312302839116,0.7917981072555205,0.863564668769716,0.5828075709779179,497
CELF4,Celf4,0.3204027973043258,upstroke_downstroke_ratio_long_square,0.3204027973043258,4.629301193135419e-87,0.7777777777777778,14,18,3654,1.6254386966413001,5.222437137330754,0.9,9,0.4881703470031546,0.4392744479495268,0.47870662460567825,0.4687171398527865,0.8170347003154574,0.5764984227129337,0.6967665615141956,0.582741850683491,498
SGK1,Sgk1,0.287621305103511,tau,-0.287621305103511,1.7138884143658978e-69,0.8333333333333334,15,18,3654,1.2128164967117443,5.996131528046422,0.9,9,0.35646687697160884,0.5043375394321766,0.47870662460567825,0.4465036803364879,0.7570977917981072,0.6790220820189274,0.7180599369085173,0.5822818086225026,499
BACH2,Bach2,0.1706086721340587,tau,-0.1706086721340587,1.1904941614762984e-24,0.7222222222222222,13,18,3654,2.597886535128244,6.189555125725338,1.0,10,0.7058359621451105,0.5181388012618297,0.7949526813880127,0.6729758149316508,0.4881703470031546,0.4948738170347003,0.49152208201892744,0.5822489484752891,500
