rank,gene,mouse_gene,entrez_id,ortholog_method,cbef_discovery_score,bioelectric_evidence_score,cancer_evidence_score,cross_domain_synergy,best_electrical_feature,best_rho,best_feature_q,best_abs_rho,sig_trait_count,mean_abs_rho,matched_neuron_n,mean_mutation_percent,median_mutation_percent,max_mutation_percent,cancer_cohort_breadth,cancer_cohort_gt1pct,importance,importance_percentile,top20_selection_frequency,top50_selection_frequency,top100_selection_frequency,top500_selection_frequency,sign_concordance_fraction,mean_geometric_abs_strength,trait_fingerprint_spearman,external_replication_score,pareto_front,consensus_evidence_percentile,evidence_tier,external_replication_flag,stability_flag,predictive_importance_flag,pareto_rank
4,CACNA2D3,Cacna2d3,55799,homologene,0.9397637387119522,0.98869610935857,0.880651945320715,0.9331115431917274,tau,0.6363976095010417,0.0,0.6363976095010417,18,0.3059708710428436,3654,4.292457109716592,1.3143267241743242,18.63636363636364,10,6,0.0309180447341651,0.9933333333333333,0.9766666666666668,1.0,1.0,1.0,1.0,0.2353648280233074,0.6,0.7347553796163152,1,0.9194873535257868,A — replicated,strong,high,high,1
3,DSCAM,Dscam,1826,homologene,0.9418259591294218,0.9555730809674028,0.9250788643533122,0.940202350852156,threshold_i_long_square,-0.5457330737790306,4.271425691849813e-280,0.5457330737790306,17,0.2972015302450682,3654,7.597166981540914,2.25706869478834,34.31818181818182,10,8,0.0316974780519143,0.9966666666666667,1.0,1.0,1.0,1.0,0.8333333333333334,0.2384640304743733,0.7714285714285715,0.6962105356177757,1,0.9147058295210314,A — replicated,strong,high,high,2
8,GRIN3A,Grin3a,116443,homologene,0.9263155488466268,0.978969505783386,0.862776025236593,0.9190383120564788,tau,0.5391915491858842,1.530606887118145e-272,0.5391915491858842,18,0.1953850155505952,3654,3.909145039749517,0.7530682747245996,16.136363636363637,10,4,0.0076621945018008,0.93,0.9133333333333332,0.9966666666666668,1.0,1.0,1.0,0.2046715141996885,0.942857142857143,0.7818414885112106,1,0.9107174039062379,A — replicated,strong,high,high,3
1,SLIT2,Slit2,9353,homologene,0.9500328143287892,0.9884332281808624,0.9035226077812828,0.945024744619761,upstroke_downstroke_ratio_long_square,-0.6356815626731748,0.0,0.6356815626731748,18,0.3062542681549173,3654,5.239031014763667,1.7196009174957432,20.0,10,8,0.0203701496892825,0.9766666666666667,1.0,1.0,1.0,1.0,0.8333333333333334,0.2364629325421083,0.7142857142857143,0.6833811956366187,1,0.9104007396530861,A — replicated,strong,high,high,4
26,CEMIP,Cemip,57214,homologene,0.8815205365530383,0.9539957939011569,0.7945583596214512,0.8706350171500495,ri,-0.5405973719193492,6.105389000580451e-274,0.5405973719193492,17,0.3159813356792425,3654,2.943965760149929,1.4677117487300002,11.136363636363637,10,6,0.0251848472268929,0.9833333333333333,0.02,0.8833333333333333,0.99,1.0,1.0,0.3324146447353992,0.6,0.8026902513147794,1,0.9049155476341442,A — replicated,strong,high,high,5
20,DOCK4,Dock4,9732,homologene,0.8983346044509796,0.942429022082019,0.845031545741325,0.8924025175230367,upstroke_downstroke_ratio_long_square,-0.4890809225511095,1.7944087325016986e-217,0.4890809225511095,17,0.2069411412626789,3654,4.350493777160885,1.8959029125517024,11.818181818181818,10,10,0.0082016460800812,0.9366666666666666,0.8533333333333334,1.0,1.0,1.0,1.0,0.1910764231069761,0.8999999999999998,0.7637534961748833,1,0.8975761461329789,A — replicated,strong,high,high,6
9,CNTNAP4,Cntnap4,85445,homologene,0.9260851487700068,0.9763406940063092,0.8654048370136698,0.9192007175619172,upstroke_downstroke_ratio_long_square,-0.5239542074449237,5.104145102287967e-255,0.5239542074449237,18,0.2064808308813483,3654,4.495815199288474,1.3417671643471287,14.090909090909092,10,6,0.0045671447625636,0.8366666666666667,0.9966666666666668,1.0,1.0,1.0,1.0,0.1693252670204413,1.0,0.768527686914309,1,0.8893879769201909,A — replicated,strong,high,high,7
2,FAM135B,Fam135b,51059,homologene,0.9451549272108742,0.964248159831756,0.92192429022082,0.9428487685464852,upstroke_downstroke_ratio_long_square,-0.6751511972515856,0.0,0.6751511972515856,17,0.2255907538171045,3654,7.409203094068767,2.3526709892434066,27.727272727272727,10,9,0.0046790228924157,0.8466666666666667,1.0,1.0,1.0,1.0,0.8,0.1861096698441607,0.7999999999999999,0.6502767688909126,1,0.876623177122031,A — replicated,strong,high,high,8
17,CHL1,Chl1,10752,homologene,0.9030633051770062,0.923764458464774,0.8778916929547845,0.900536031668417,tau,0.3858786782795187,1.1871064820589616e-128,0.3858786782795187,18,0.1764682172530464,3654,4.6762623286331975,1.6921604773229388,15.227272727272728,10,6,0.0032134342052107,0.7733333333333333,0.9766666666666668,1.0,1.0,1.0,1.0,0.2079046523150786,0.7714285714285715,0.7498189709062693,1,0.8649616911318322,A — replicated,strong,high,moderate,9
55,TRPS1,Trps1,7227,homologene,0.8429668439183251,0.8456887486855941,0.8396424815983176,0.8426601922519825,tau,-0.3663503788247894,3.7790159721732923e-115,0.3663503788247894,16,0.2086131407132102,3654,4.492527340205171,1.6353621851646103,11.04868913857678,10,8,0.0045953860656567,0.84,0.0,0.3266666666666666,0.9866666666666668,1.0,1.0,0.2375351735243954,0.8999999999999998,0.7962746214670767,1,0.861654503683531,A — replicated,strong,high,high,10
42,GALNT14,Galnt14,79623,homologene,0.8555048573354191,0.9390115667718192,0.755651945320715,0.8423573571292516,threshold_i_long_square,-0.4725215963453826,1.3976403519128333e-200,0.4725215963453826,17,0.2706400428587809,3654,2.655030917443183,1.185255815376457,9.545454545454543,10,5,0.009064539454049,0.9433333333333334,0.0,0.6333333333333333,0.7966666666666666,1.0,1.0,0.2699705743873467,0.8999999999999998,0.8189794020711426,1,0.8507285828327353,C — exploratory,strong,moderate,high,11
39,UNC13C,Unc13c,440279,homologene,0.8633911664754151,0.8154574132492113,0.9227129337539433,0.8674290184969496,tau,0.3270461189444824,1.2057812245712134e-90,0.3270461189444824,16,0.1235722992624267,3654,7.248389708966174,2.2729310981887583,29.09090909090909,10,9,0.0014153953376955,0.37333333333333335,0.0,0.9666666666666668,1.0,1.0,1.0,0.1392159284491295,0.8285714285714287,0.7131654356286765,1,0.7649338231930329,B — robust,strong,high,low,12
10,CSMD3,Csmd3,114788,homologene,0.9185859016896548,0.9087802313354364,0.9305993690851736,0.9196250920444892,upstroke_downstroke_ratio_long_square,0.4946869194149865,3.46313796791945e-223,0.4946869194149865,16,0.1641408382950338,3654,14.06046167362079,5.696677057960461,39.92932862190813,10,10,0.001341718828023,0.33666666666666667,1.0,1.0,1.0,1.0,0.8,0.1030049539555253,0.7,0.5721034677688678,1,0.749629946971229,B — robust,moderate,high,low,13
38,NRXN3,Nrxn3,9369,same-symbol,0.8665804108381358,0.8803890641430074,0.8497634069400631,0.8649406977238011,tau,0.408175686604708,3.459112159235447e-145,0.408175686604708,16,0.1711464466622781,3654,4.295978846223398,1.6477054260059258,12.5,10,9,0.0,0.0,0.0,1.0,1.0,1.0,1.0,0.2078671278456005,1.0,0.7955069894919203,1,0.7051318921149983,B — robust,strong,high,low,14
21,SCN1A,Scn1a,6323,homologene,0.8945604859529266,0.8832807570977917,0.9083859095688748,0.8957453845490704,upstroke_downstroke_ratio_long_square,-0.3677991698256233,2.6591664203626435e-116,0.3677991698256233,17,0.2221041759440044,3654,5.80620973470826,2.2645459692149927,20.227272727272727,10,9,0.0,0.0,0.3533333333333333,1.0,1.0,1.0,0.8,0.2271231381916634,1.0,0.7189861967341644,1,0.7021305726801662,B — robust,strong,high,low,15
64,COL11A1,Col11a1,1301,homologene,0.8397484296505179,0.7723449001051524,0.92363301787592,0.8446083417331361,upstroke_downstroke_ratio_long_square,-0.3928135024507043,7.547662124314575e-134,0.3928135024507043,13,0.1102798004815315,3654,8.531005833090493,2.9522530403077853,26.59090909090909,10,9,0.0,0.0,0.0,0.0,1.0,1.0,1.0,0.1756806610446332,1.0,0.7729764627312432,1,0.6937908761424632,B — robust,strong,high,low,16
209,ESRRG,Esrrg,2104,homologene,0.7281499160936722,0.9324395373291272,0.4938222923238696,0.6785716099110528,upstroke_downstroke_ratio_long_square,-0.4428653833664013,6.677109633057595e-174,0.4428653833664013,17,0.2502693629350804,3654,1.8858172906489543,0.8558452254239493,5.227272727272728,9,4,0.0106194105247519,0.95,0.0,0.0,0.0133333333333333,1.0,1.0,0.2234010180239009,1.0,0.8063807126167306,1,0.6391951751206122,C — exploratory,strong,low,high,17
295,GABRD,Gabrd,2563,homologene,0.6854578053774333,0.9550473186119874,0.3843322818086225,0.6058510668451048,ri,-0.5423882702847134,5.40820672270978e-276,0.5423882702847134,17,0.2987894545412383,3654,1.2688527986101892,0.850488011651414,3.67504835589942,9,5,0.016939520015988,0.97,0.0,0.0,0.0,1.0,1.0,0.3312376921927572,0.8999999999999998,0.86186638453493,1,0.634249196991108,C — exploratory,strong,low,high,18
111,LRP1B,Lrp1b,53353,homologene,0.8000795935040828,0.6963722397476341,0.9305993690851736,0.8050115321891839,tau,-0.2870802918844312,3.1610095286491576e-69,0.2870802918844312,14,0.1015455184760044,3654,14.005902910200865,4.234368831329684,46.81818181818182,10,10,0.0018286826358176,0.5633333333333334,0.0,0.0,0.0,1.0,0.8333333333333334,0.0517764320553638,0.3714285714285715,0.485529216724469,1,0.535166831778122,C — exploratory,moderate,low,moderate,19
257,PCDH15,Pcdh15,65217,homologene,0.7043494726384613,0.5323343848580442,0.9266561514195584,0.7023467322774793,threshold_i_long_square,-0.1767647562155989,2.1253208959616003e-26,0.1767647562155989,14,0.0792744547188831,3654,9.615675514081556,4.043603191727998,32.04545454545455,10,9,0.0025223822499455,0.7066666666666667,0.0,0.0,0.0,1.0,0.6,0.0728574374921156,0.7,0.461000206244481,1,0.52533148183775,C — exploratory,moderate,low,moderate,20
13,ITPR1,Itpr1,3708,homologene,0.9111414896170896,0.9458464773922186,0.8690851735015772,0.9066538203251956,threshold_i_long_square,0.5042362228760511,8.489756594029407e-233,0.5042362228760511,17,0.2693285281945354,3654,4.599317224530113,1.7291708155586067,14.318181818181818,10,7,0.0169143239154194,0.9666666666666667,0.9533333333333334,1.0,1.0,1.0,0.8333333333333334,0.266927732814776,0.7142857142857143,0.7047065558274861,2,0.8972609746775898,A — replicated,strong,high,high,22
14,GRID2,Grid2,2895,homologene,0.908009534360978,0.9313880126182966,0.8796004206098843,0.905123907346424,tau,0.4401766540553953,2.520702845406135e-171,0.4401766540553953,17,0.2091767707765753,3654,4.56502941334332,1.7739788485121637,16.363636363636363,10,7,0.0087646602795776,0.94,0.83,1.0,1.0,1.0,0.8333333333333334,0.1910616735044845,0.942857142857143,0.6973146000245678,2,0.8896606066505498,A — replicated,strong,high,high,23
11,KCNH7,Kcnh7,90134,homologene,0.917885994012611,0.9471608832807572,0.8823606729758149,0.914186804973675,tau,-0.5085774135612029,1.2907862782762213e-237,0.5085774135612029,17,0.2414526310476857,3654,4.477263709549126,1.6160881563928315,18.181818181818183,10,8,0.0108083930354559,0.9533333333333334,0.7666666666666667,1.0,1.0,1.0,0.6666666666666666,0.2437993756862183,0.7714285714285715,0.6249452772660671,2,0.8815600333711945,A — replicated,strong,high,high,24
33,ADCY2,Adcy2,108,homologene,0.8701268242838991,0.9476866456361724,0.7772082018927445,0.8582248154258044,tau,0.5098368369446821,5.9479680921384105e-239,0.5098368369446821,17,0.2653928348236094,3654,3.203360912942606,1.3338566976992838,9.090909090909092,10,5,0.0254164741302798,0.9866666666666667,0.2833333333333333,0.84,0.9866666666666668,1.0,1.0,0.2411605840805727,0.3999999999999999,0.6988124088564008,2,0.8794081179437303,A — replicated,strong,high,high,25
18,TRHDE,Trhde,29953,homologene,0.9015871333234416,0.9145636172450052,0.8857781282860148,0.900055803315421,tau,0.5181855805548544,3.615332265960773e-248,0.5181855805548544,16,0.1823952948482149,3654,4.481744450257092,1.869201941389691,18.863636363636363,10,7,0.008031279030606,0.9333333333333333,0.6733333333333333,1.0,1.0,1.0,0.6666666666666666,0.1502377032185831,0.4857142857142857,0.5023092493958654,2,0.8471968656520437,B — robust,moderate,high,high,26
16,LRRC4C,Lrrc4c,57689,homologene,0.9058307827826418,0.9574132492113564,0.8435856992639327,0.898699129475775,tau,-0.4414997810805423,1.8607243126940727e-172,0.4414997810805423,18,0.1847691868082393,3654,3.617567501323756,1.3143267241743242,14.090909090909092,10,6,0.002565566307277,0.7133333333333334,0.7366666666666667,0.9366666666666666,1.0,1.0,1.0,0.1747721263223779,0.6,0.6923404884256645,2,0.8413345540468574,A — replicated,strong,high,moderate,27
31,DCC,Dcc,1630,homologene,0.8732322773302917,0.8372765509989484,0.9175867507886436,0.8765123330236986,threshold_i_long_square,-0.3155695684316359,5.5216418587310435e-84,0.3155695684316359,17,0.1556842433305362,3654,6.357035656529808,1.993921909541446,26.59090909090909,10,8,0.0028568550389014,0.7466666666666667,0.0,0.9533333333333334,1.0,1.0,1.0,0.1214549535200129,0.7714285714285715,0.6893041817497234,2,0.8381668300407965,A — replicated,strong,high,moderate,28
57,LINGO2,Lingo2,158038,homologene,0.8425477296586066,0.9558359621451104,0.7082018927444795,0.8227544211636956,upstroke_downstroke_ratio_long_square,0.4365573843691633,1.881718708568087e-168,0.4365573843691633,18,0.2042230165564656,3654,2.7208889260575067,1.488899540072813,7.156673114119923,10,7,0.003884715136363,0.8166666666666667,0.0066666666666666,0.4066666666666667,1.0,1.0,1.0,0.1651701492625841,0.7142857142857143,0.7084762473409518,2,0.8378361537794415,A — replicated,strong,high,high,29
7,KCNT2,Kcnt2,343450,homologene,0.927393840059703,0.9482124079915878,0.9020767613038908,0.9248569500356338,upstroke_downstroke_ratio_long_square,0.5099500991012749,2.049632802440964e-239,0.5099500991012749,17,0.2033407100884637,3654,5.241482557237008,1.5721158408830422,19.318181818181817,10,8,0.0029486287113786,0.7566666666666667,1.0,1.0,1.0,1.0,0.6666666666666666,0.1505951159096851,0.7142857142857143,0.5482737239939225,2,0.8310459119912135,B — robust,moderate,high,moderate,30
37,RELN,Reln,5649,homologene,0.8672795827703921,0.8215036803364879,0.9238958990536278,0.8711968097510134,tau,0.335003159996817,2.543349994077101e-95,0.335003159996817,16,0.1473186287260617,3654,8.36220648328288,4.474198950227263,26.818181818181817,10,10,0.0027602833970525,0.7433333333333333,0.0,1.0,1.0,1.0,1.0,0.1351767501414551,0.6,0.6646237250990186,2,0.8306713275644935,A — replicated,strong,high,moderate,31
34,RGS12,Rgs12,6002,homologene,0.8700358283499658,0.9511041009463722,0.7730021030494217,0.8574412342840034,upstroke_downstroke_ratio_long_square,0.4258406421046355,1.614635001884037e-159,0.4258406421046355,18,0.1726705517514419,3654,2.776261626701783,1.5662158929400674,10.058027079303676,10,6,0.0023532596420645,0.6766666666666666,0.1466666666666666,0.7333333333333333,1.0,1.0,1.0,0.1492824958605824,0.942857142857143,0.7430691756738363,2,0.8287684092672594,B — robust,strong,high,moderate,32
25,EYA4,Eya4,2070,homologene,0.8820965160378115,0.9492639327024184,0.8013932702418507,0.8722005086853775,upstroke_downstroke_ratio_long_square,-0.5109291227027801,1.8913014846678044e-240,0.5109291227027801,17,0.213547379725413,3654,2.8970929901929643,0.5312187777042905,12.045454545454543,10,4,0.0051749330790204,0.8866666666666667,0.0133333333333333,0.8133333333333334,0.99,1.0,0.6666666666666666,0.1657109825671798,0.4857142857142857,0.513140544939883,2,0.8280928829101638,B — robust,moderate,high,high,33
44,CNTN5,Cntn5,53942,homologene,0.8541030007485484,0.8117770767613038,0.9064143007360672,0.8577915547416901,tau,-0.3693182687439181,3.848321369957541e-117,0.3693182687439181,15,0.1387124213584181,3654,5.229819871271356,1.2033366886447592,22.954545454545453,10,7,0.0037862807256505,0.7966666666666666,0.0,0.66,0.99,1.0,1.0,0.0929280967608791,0.3999999999999999,0.5950496677326154,2,0.8199815423793307,B — robust,moderate,high,moderate,34
5,EGFR,Egfr,1956,homologene,0.9383631780015992,0.9566246056782334,0.9161409043112512,0.9361639446872811,upstroke_downstroke_ratio_long_square,0.560686310138353,1.0993664888902867e-299,0.560686310138353,17,0.1523496219218413,3654,6.430149894313031,4.8091636427228615,23.67758186397985,10,8,0.0017176145860478,0.5133333333333333,0.9066666666666666,0.9966666666666668,1.0,1.0,0.8,0.1214704270237489,0.8999999999999998,0.6250292989166243,2,0.8022256284478884,B — robust,strong,high,moderate,35
24,ERBB4,Erbb4,2066,homologene,0.8878381497904082,0.8827549947423764,0.8940588853838065,0.8883889613600323,tau,-0.5556159695656971,7.341836954543195e-293,0.5556159695656971,15,0.220328382494129,3654,5.124047212465801,1.402936891423061,17.5,10,7,0.0034993254514682,0.7833333333333333,0.0,1.0,1.0,1.0,0.5,0.2236610778275816,-0.0857142857142857,0.3815627544793071,2,0.7883419935877647,B — robust,limited,high,moderate,36
15,CACNA1E,Cacna1e,777,homologene,0.905883725390042,0.8924815983175605,0.9223186119873816,0.9072774597577812,tau,0.3791715830442334,6.441326196173042e-124,0.3791715830442334,17,0.1865410280434663,3654,8.295324861511812,3.253678285770712,25.454545454545453,10,9,0.0021214002664737,0.6266666666666667,1.0,1.0,1.0,1.0,0.6666666666666666,0.1821710219915279,0.1428571428571428,0.4560911439654981,2,0.7795116041874215,B — robust,moderate,high,moderate,37
61,THSD7B,Thsd7b,80731,homologene,0.8409748662843265,0.7733964248159833,0.9250788643533122,0.8458443629673733,tau,0.3228465684758301,3.1379150227769283e-88,0.3228465684758301,15,0.1208585351918259,3654,7.508581852497895,2.376764279582905,35.68181818181818,10,9,0.0022424285430574,0.6466666666666666,0.0,0.0,1.0,1.0,0.8,0.1027138301876854,0.4999999999999999,0.5318996811313799,2,0.7754083273934683,B — robust,moderate,high,moderate,38
32,TSHZ3,Tshz3,57616,homologene,0.8731696476971942,0.8780231335436383,0.8672450052576236,0.8726174288119437,upstroke_downstroke_ratio_long_square,-0.5270099820807524,1.619375991851093e-258,0.5270099820807524,15,0.1491509981015212,3654,4.755164298107287,1.6822665003616089,13.346228239845262,10,7,0.0013008784327542,0.2966666666666667,0.0466666666666666,0.9233333333333332,0.99,1.0,1.0,0.1234375630838633,0.8999999999999998,0.7164062941587043,2,0.7496682199253265,B — robust,strong,high,low,39
97,SOX5,Sox5,6660,homologene,0.8130405701328594,0.9860672975814933,0.6114616193480548,0.7764935972468414,tau,-0.5865135274148124,0.0,0.5865135274148124,18,0.2844643910936121,3654,2.0794702569297887,1.7940117713663115,5.222437137330754,10,6,0.0262715673052781,0.99,0.0133333333333333,0.1266666666666666,0.5766666666666667,1.0,0.6666666666666666,0.2342443156536047,0.6,0.5839710209575233,2,0.7496333209107475,C — exploratory,moderate,low,high,40
105,GABRB2,Gabrb2,2561,homologene,0.8071180315268356,0.9403259726603576,0.6502365930599369,0.7819426812934834,tau,-0.4751935705805923,2.3134821824020317e-203,0.4751935705805923,17,0.1855846034207242,3654,2.5639828307022223,1.0350439872977149,9.772727272727272,9,5,0.0037880166852056,0.8,0.0,0.2266666666666666,0.4566666666666666,1.0,1.0,0.1667594365295901,0.8285714285714287,0.7324458912849989,2,0.715935024734392,C — exploratory,strong,low,high,41
68,KCNQ3,Kcnq3,3786,homologene,0.8334180014828735,0.8112513144058885,0.8606729758149316,0.835596842324988,upstroke_downstroke_ratio_long_square,-0.4122669449519742,1.2533341755718165e-148,0.4122669449519742,14,0.1153277015011634,3654,3.793188555308041,1.3579047858975464,16.136363636363637,10,6,0.0013398692547063,0.3333333333333333,0.0,0.0,0.7766666666666666,1.0,1.0,0.1184347463519731,1.0,0.7329043224463812,2,0.7029657225334403,C — exploratory,strong,moderate,low,42
98,PROX1,Prox1,5629,homologene,0.8130007651523523,0.8903785488958991,0.7204258675078865,0.8009068226071877,upstroke_downstroke_ratio_long_square,0.660313511068533,0.0,0.660313511068533,15,0.2019341273675926,3654,2.6081870209632543,1.2033366886447592,7.7369439071566735,10,7,0.0013083478646296,0.30666666666666664,0.0,0.0,0.7466666666666667,1.0,1.0,0.1872347802543717,0.8999999999999998,0.7610643461780602,2,0.6850404191830358,C — exploratory,strong,moderate,low,43
71,GRIA4,Gria4,2893,homologene,0.8308293477154725,0.8730283911671924,0.7798370136698213,0.8251180845289915,upstroke_downstroke_ratio_long_square,-0.3576177358003788,1.3376156804366466e-109,0.3576177358003788,17,0.1777306706110978,3654,3.1343680937556413,1.1851635283524478,9.318181818181818,10,6,0.0,0.0,0.0,0.0,1.0,1.0,1.0,0.1275810006452831,0.942857142857143,0.7278781290231268,2,0.6761487067720282,B — robust,strong,high,low,44
119,FMN1,Fmn1,342184,homologene,0.7920628351496632,0.8945846477392219,0.6703470031545741,0.7743914628145624,threshold_i_long_square,0.3805217930134761,1.7823388282883612e-124,0.3805217930134761,17,0.1965417082740447,3654,1.7207558254758275,0.9521741724620292,8.51063829787234,10,5,0.0032695228276083,0.7766666666666666,0.0,0.0066666666666666,0.24,1.0,1.0,0.175412976358659,1.0,0.7727890834510613,2,0.6708774802023048,C — exploratory,strong,low,moderate,45
48,RYR3,Ryr3,6263,homologene,0.8501683256872282,0.7894321766561513,0.9256046267087276,0.8548111342195276,f_i_curve_slope,-0.2781210245095473,1.7316541796007182e-64,0.2781210245095473,17,0.1499905943061866,3654,9.882782742741975,4.456736971942476,28.181818181818183,10,10,0.0011061831930945,0.19333333333333333,0.0,0.58,1.0,1.0,0.6666666666666666,0.1126886059778688,0.2571428571428572,0.4303105956130796,2,0.6677361464622584,B — robust,moderate,high,low,46
52,DGKI,Dgki,9162,homologene,0.8474495343490098,0.9610935856992638,0.7126708727655101,0.8276130765820632,upstroke_downstroke_ratio_long_square,-0.4514742948172269,1.6852337007987698e-181,0.4514742948172269,18,0.1726764224474679,3654,3.580456554117737,1.7246058851469024,11.136363636363637,9,7,0.0,0.0,0.2133333333333333,0.4833333333333333,0.9666666666666668,1.0,0.8333333333333334,0.1249022806946608,0.7142857142857143,0.6052887393434054,2,0.6491439728949693,B — robust,strong,high,low,47
141,ADARB2,Adarb2,105,homologene,0.7770092276459921,0.8906414300736069,0.6426130389064143,0.7565301024781204,upstroke_downstroke_ratio_long_square,0.6655244889157543,0.0,0.6655244889157543,15,0.2011992320422156,3654,2.1901013400669544,1.3417671643471287,5.996131528046422,10,6,0.0039397021896965,0.82,0.0,0.0,0.05,1.0,1.0,0.1737593187504432,0.8999999999999998,0.7516315231253102,2,0.6309771984210663,C — exploratory,strong,low,high,48
84,ARHGAP5,Arhgap5,394,homologene,0.8235248099822756,0.8556782334384857,0.7845688748685594,0.8193524936548062,upstroke_downstroke_ratio_long_square,-0.3308850182058077,4.290507439311416e-93,0.3308850182058077,17,0.1576087039773933,3654,2.977179170255099,1.3539362939826218,10.058027079303676,10,6,0.0,0.0,0.0,0.0633333333333333,0.7233333333333334,1.0,1.0,0.1535768371338604,0.8999999999999998,0.7375037859937023,2,0.6202168455268161,C — exploratory,strong,moderate,low,49
187,CNR1,Cnr1,1268,homologene,0.7412289266655817,0.9668769716088328,0.4838328075709779,0.6839640339588232,upstroke_downstroke_ratio_long_square,0.4808006872349161,3.6414166399396016e-209,0.4808006872349161,18,0.2071971616400433,3654,1.787810155622085,0.7826920527437563,5.222437137330754,9,4,0.0041142895972276,0.8233333333333334,0.0,0.0,0.0466666666666666,1.0,1.0,0.1889071679883798,0.942857142857143,0.7708064461632944,2,0.6183032450686211,C — exploratory,strong,low,high,50
189,SLC35F3,Slc35f3,148641,homologene,0.7403090388208627,0.944794952681388,0.5055205047318612,0.6910956672904339,upstroke_downstroke_ratio_long_square,-0.4137537536816432,8.498327358031388e-150,0.4137537536816432,18,0.2221498218507896,3654,1.756150980461817,0.6814774778449708,6.136363636363637,9,4,0.0031043842080086,0.7666666666666667,0.0,0.0,0.0566666666666666,1.0,1.0,0.1734034113595427,0.8285714285714287,0.7370966736659657,2,0.6021490928825097,C — exploratory,strong,low,moderate,51
168,RAPGEF5,Rapgef5,9771,homologene,0.7560993925116603,0.9850157728706624,0.4948738170347003,0.6981822937885851,upstroke_downstroke_ratio_long_square,-0.5665115160140508,2.7392038787546467e-307,0.5665115160140508,18,0.2481865621047829,3654,1.7110791556613694,0.5607555001205362,7.954545454545454,8,3,0.003665382303417,0.79,0.0,0.03,0.1033333333333333,1.0,0.8333333333333334,0.1692162829944613,0.7142857142857143,0.6363085409532658,2,0.6019062928383925,C — exploratory,strong,low,moderate,52
140,DGKG,Dgkg,1608,homologene,0.7773627010660563,0.9208727655099894,0.6090956887486856,0.7489323276226056,tau,0.4172470072350601,2.7367213852271177e-152,0.4172470072350601,17,0.1554711682049137,3654,2.363638909084895,0.9452609601842452,8.181818181818182,9,5,0.0014463818852958,0.39666666666666667,0.0,0.0,0.32,1.0,1.0,0.1689233604001973,0.942857142857143,0.7568177808515667,2,0.6006905803553817,C — exploratory,strong,low,low,53
192,TMEM132C,Tmem132c,92293,homologene,0.7376431944771882,0.9705573080967403,0.4726603575184017,0.6773064035110719,upstroke_downstroke_ratio_long_square,-0.5030157742531882,5.9616705894700835e-232,0.5030157742531882,18,0.2431325804068128,3654,1.6134731178498465,0.3909622522273945,9.284332688588009,7,3,0.0058135490425689,0.8966666666666666,0.0,0.0033333333333333,0.04,0.97,0.6666666666666666,0.1645909650975869,0.942857142857143,0.6037851041397395,2,0.5967338872843098,C — exploratory,strong,low,high,54
443,VIP,Vip,7432,homologene,0.6055836599184655,0.952944269190326,0.2347528916929548,0.4729761334514233,upstroke_downstroke_ratio_long_square,0.5345870044720813,2.4913852276043945e-267,0.5345870044720813,17,0.2517843416969032,3654,0.887912943528392,0.3857571180930132,3.409090909090909,7,3,0.0120155940943006,0.9566666666666667,0.0,0.0,0.0,0.89,1.0,0.2289179406504298,0.7,0.7502425584553009,2,0.5789212772010497,C — exploratory,strong,low,high,55
370,LAMP5,Lamp5,24141,homologene,0.6446324126378334,0.826235541535226,0.4363827549947423,0.6004622734941095,upstroke_downstroke_ratio_long_square,0.3066856171157245,1.5185895242796595e-79,0.3066856171157245,17,0.1558423901686315,3654,1.503979573292419,0.5700264386082602,6.590909090909091,8,4,0.004831421757965,0.8533333333333334,0.0,0.0,0.0,0.8533333333333334,1.0,0.2180457744850401,0.8285714285714287,0.7683463278538138,2,0.5768595915434231,C — exploratory,strong,low,high,56
441,IGF1,Igf1,3479,homologene,0.6072770280802551,0.9863301787592008,0.2080704521556256,0.4530189469207287,upstroke_downstroke_ratio_long_square,0.5943827663861873,0.0,0.5943827663861873,18,0.2622372050501764,3654,0.8263515702883562,0.2232208489743112,2.727272727272727,7,3,0.0051295900656652,0.8833333333333333,0.0,0.0,0.0,0.9833333333333332,0.8333333333333334,0.2403098825062828,0.6,0.663216917754398,2,0.5481901764005116,C — exploratory,strong,low,high,57
108,TRIO,Trio,7204,homologene,0.801949766280855,0.7426393270241851,0.8756572029442692,0.8064102404473869,upstroke_downstroke_ratio_long_square,-0.269683147753134,3.7328876593359806e-61,0.269683147753134,16,0.126324383023811,3654,4.649722740980186,2.18512649845158,15.087040618955513,10,8,0.0,0.0,0.0,0.0,0.2233333333333333,1.0,1.0,0.1235673083967153,0.8999999999999998,0.7164971158777007,2,0.5116253958358976,C — exploratory,strong,low,low,58
157,RPH3A,Rph3a,22895,homologene,0.7609051658413014,0.9085173501577288,0.5881966351209253,0.731017679889998,upstroke_downstroke_ratio_long_square,0.3943588609406621,5.582550769719035e-135,0.3943588609406621,17,0.1832054800115172,3654,2.142222578694517,0.832108543910473,7.954545454545454,9,5,0.0,0.0,0.0,0.0,0.1766666666666666,1.0,1.0,0.1743594166215038,0.942857142857143,0.7606230202064813,2,0.48680073443036037,C — exploratory,strong,low,low,59
148,FRMPD4,Frmpd4,9758,homologene,0.7698986540422379,0.7184542586750787,0.8337276550998949,0.7739477917674465,upstroke_downstroke_ratio_long_square,0.2794777105337847,9.827241458088644e-66,0.2794777105337847,15,0.1231441782337127,3654,4.078401059510973,2.182763786560555,11.363636363636363,10,8,0.0,0.0,0.0,0.0,0.0,1.0,1.0,0.1436558794084924,1.0,0.7505591155859447,2,0.46054820587218365,C — exploratory,strong,low,low,60
194,RTN1,Rtn1,6252,homologene,0.7372603763181507,0.8236067297581493,0.6344637223974763,0.7228752254393338,upstroke_downstroke_ratio_long_square,0.3374358186444959,5.315255495956719e-97,0.3374358186444959,16,0.1570330866959271,3654,2.243373252536674,1.1883821397914525,5.454545454545454,10,6,0.0,0.0,0.0,0.0,0.0,1.0,1.0,0.2370069303423735,1.0,0.8159048512396614,2,0.45479506067905734,C — exploratory,strong,low,low,61
245,MAP1A,Map1a,4130,homologene,0.7105218129317242,0.5830704521556256,0.8727655099894848,0.7133609048268653,upstroke_downstroke_ratio_long_square,-0.2076608639767485,2.4834796807727568e-36,0.2076608639767485,14,0.1079148082085343,3654,4.449482438858968,2.022084016616178,15.454545454545457,10,8,0.0,0.0,0.0,0.0,0.0,1.0,1.0,0.1707091891878524,1.0,0.7694964324314968,2,0.44506647891532136,C — exploratory,strong,low,low,62
230,PLCXD3,Plcxd3,345557,homologene,0.7171709459794612,0.9103575184016824,0.4950052576235542,0.6712911126523009,upstroke_downstroke_ratio_long_square,-0.3996506680241856,6.2819831500196285e-139,0.3996506680241856,17,0.1986253477465228,3654,1.6512421260365788,1.1334421838858215,6.136363636363637,9,5,0.0,0.0,0.0,0.0,0.0166666666666666,0.9933333333333332,1.0,0.1839981577608465,0.8999999999999998,0.7587987104325925,2,0.43616563062489916,C — exploratory,strong,low,low,63
149,PCLO,Pclo,27445,homologene,0.7688737862615581,0.6414300736067298,0.9305993690851736,0.7726023697935951,upstroke_downstroke_ratio_long_square,-0.2254532160235375,1.0007382792639582e-42,0.2254532160235375,15,0.0824689736050481,3654,12.46733620302412,5.308812340206332,49.09090909090909,10,10,0.0,0.0,0.0,0.0,0.0,1.0,0.6666666666666666,0.0863412523657802,0.942857142857143,0.5490103052274748,2,0.42420794958387564,C — exploratory,moderate,low,low,64
184,FAT3,Fat3,120114,homologene,0.7425306083288473,0.5977917981072555,0.9274447949526814,0.7445931047357196,upstroke_downstroke_ratio_long_square,-0.2385489688628132,8.303067240827921e-48,0.2385489688628132,13,0.0737486841222692,3654,10.613404335313197,4.311340620392525,31.13636363636364,10,10,0.0014052718624203,0.36666666666666664,0.0,0.0,0.0,1.0,0.2,0.1513331503695342,-0.3999999999999999,0.1959332052586739,2,0.4175672929970554,C — exploratory,limited,low,low,65
445,CORO6,Coro6,84940,homologene,0.6053483976461376,0.9721345951629864,0.2171398527865405,0.4594444067375225,upstroke_downstroke_ratio_long_square,-0.5081839445466508,1.6605979373614878e-237,0.5081839445466508,18,0.2849164954943133,3654,0.652819537608394,0.2271591592816569,2.3210831721470018,8,3,0.0,0.0,0.0,0.0,0.0,0.9066666666666666,0.6666666666666666,0.2207163587902559,0.942857142857143,0.6430728797246077,2,0.36646946553482695,C — exploratory,strong,low,low,66
123,RYR2,Ryr2,6262,homologene,0.787788130914695,0.6750788643533122,0.930073606729758,0.7923843980014462,tau,0.2480730949361023,1.8324233957307932e-51,0.2480730949361023,15,0.0892123883561382,3654,14.507904992401688,8.511301931465352,38.33922261484099,10,10,0.0,0.0,0.0,0.0,0.0,1.0,0.2,0.1285765618946229,-0.3999999999999999,0.180003593326236,2,0.35703121288186124,C — exploratory,limited,low,low,67
12,TMEM132D,Tmem132d,121256,homologene,0.9128335644033384,0.9434805467928497,0.8756572029442692,0.908936486580309,upstroke_downstroke_ratio_long_square,-0.4917811216760004,3.273317470235113e-220,0.4917811216760004,17,0.2522135180261173,3654,4.938119820225023,2.6286534483486483,14.318181818181818,10,8,0.0050136752077776,0.8733333333333333,1.0,1.0,1.0,1.0,0.8333333333333334,0.2126134402684378,0.3714285714285715,0.5981151224736208,3,0.8581172411088145,B — robust,moderate,high,high,68
41,TRPM3,Trpm3,80036,homologene,0.8569552725859987,0.8680336487907466,0.843454258675079,0.8556557004694254,tau,0.3515538127974993,1.7354624628218714e-105,0.3515538127974993,17,0.1963040199615502,3654,3.8982648953024857,1.664217087820946,12.76595744680851,10,8,0.0067697720101625,0.9133333333333333,0.0,0.6733333333333333,1.0,1.0,1.0,0.1650915395751791,0.3999999999999999,0.6455640777026254,3,0.8540770637003569,A — replicated,strong,high,high,69
40,SORCS3,Sorcs3,22986,homologene,0.8632195582178985,0.8548895899053628,0.873422712933754,0.8641064661683573,upstroke_downstroke_ratio_long_square,0.6234767024613235,0.0,0.6234767024613235,14,0.212319243243052,3654,4.250167215919356,1.227875279062563,16.818181818181817,10,7,0.0049403409773733,0.86,0.0,0.7533333333333333,0.99,1.0,0.75,0.2135792886431013,1.0,0.687005502050171,3,0.8530635609778574,A — replicated,strong,high,high,70
36,FSTL5,Fstl5,56884,homologene,0.8675209405637846,0.8827549947423764,0.84897476340694,0.8657001286864312,threshold_i_long_square,-0.3681660644582873,4.9718388800950033e-116,0.3681660644582873,17,0.181781427680427,3654,4.28510829094862,1.61619894354716,12.5,10,8,0.0048478672869651,0.8566666666666667,0.0,1.0,1.0,1.0,0.8,0.2136062752834042,0.7999999999999999,0.669524392698383,3,0.8515841635028731,A — replicated,strong,high,high,71
29,ATRNL1,Atrnl1,26033,homologene,0.874150708701147,0.9129863301787592,0.8271556256572029,0.8690119557034214,tau,-0.4046931435926444,1.5348686786637769e-142,0.4046931435926444,17,0.2140354105792246,3654,4.003767811433411,2.2645459692149927,10.909090909090908,10,7,0.0046234950605812,0.8433333333333334,0.0566666666666666,0.9933333333333332,1.0,1.0,0.8333333333333334,0.177164494320199,0.8285714285714287,0.6647294317384251,3,0.8496409441815441,A — replicated,strong,high,high,72
50,KCND3,Kcnd3,3752,homologene,0.8489313713934779,0.9468980021030494,0.732255520504732,0.8326891913522472,upstroke_downstroke_ratio_long_square,0.4177341072160913,5.842693464109752e-153,0.4177341072160913,18,0.2340245621819038,3654,2.5198843213385245,0.9817898098068208,8.636363636363637,10,5,0.0060856239880865,0.9033333333333333,0.0,0.4766666666666667,0.9533333333333334,1.0,0.8333333333333334,0.1896338917952402,0.7142857142857143,0.650600867113811,3,0.8372842112776517,A — replicated,strong,high,high,73
28,GRM7,Grm7,2917,homologene,0.8749152121195487,0.8843322818086224,0.8634332281808623,0.8738202772118343,tau,0.4164116337244279,1.2379892664144936e-151,0.4164116337244279,16,0.1849896627683954,3654,4.243781171605869,0.7956071313058053,14.772727272727272,10,5,0.0073820329822857,0.9266666666666666,0.0,0.9933333333333332,0.9966666666666668,1.0,0.6666666666666666,0.1464565990952265,0.5428571428571429,0.5110910479380872,3,0.8364379782521812,B — robust,moderate,high,high,74
43,KIT,Kit,3815,homologene,0.8541785862935471,0.926919032597266,0.7669558359621451,0.8431523951901334,upstroke_downstroke_ratio_long_square,0.6334340322713206,0.0,0.6334340322713206,16,0.1715322082123798,3654,2.886956494920489,1.550720509830798,9.284332688588009,10,7,0.0031194243358595,0.77,0.0,0.6133333333333333,0.9833333333333332,1.0,1.0,0.1377837757736372,0.6,0.666448643041546,3,0.8227313689868581,A — replicated,strong,high,moderate,75
19,SORCS1,Sorcs1,114815,homologene,0.8988663877291103,0.9390115667718192,0.8502891692954785,0.8935498671418712,upstroke_downstroke_ratio_long_square,0.4721046811008995,1.1094138926709262e-200,0.4721046811008995,17,0.237303245922766,3654,4.484185356107863,1.4789326603757518,12.190812720848056,10,9,0.0068248487319056,0.9166666666666666,0.6233333333333333,1.0,1.0,1.0,0.3333333333333333,0.160550342900487,0.3714285714285715,0.3366709543160552,3,0.8085276714100038,B — robust,limited,high,high,76
54,NTRK3,Ntrk3,4916,homologene,0.8437025267048222,0.8661934805467929,0.8163774973711883,0.8409166818942467,avg_isi,-0.3895615470689569,2.201837007185899e-130,0.3895615470689569,16,0.1666957430897448,3654,3.565658243853008,1.1883821397914525,11.136363636363637,10,6,0.0022948374053799,0.6566666666666666,0.0,0.1833333333333333,1.0,1.0,1.0,0.1507526957920234,0.6,0.6755268870544164,3,0.8029529063278129,B — robust,strong,high,moderate,77
27,COL19A1,Col19a1,1310,homologene,0.8790545839058892,0.880651945320715,0.8771030494216614,0.8788757060699296,upstroke_downstroke_ratio_long_square,-0.365568778749281,8.178289668326696e-115,0.365568778749281,17,0.163113105737179,3654,4.651441811075943,1.4196851043374386,15.227272727272728,10,6,0.0024363576363406,0.6966666666666667,0.0,0.99,1.0,1.0,0.8,0.1032222147954923,0.6,0.5522555503568447,3,0.8013354423531777,B — robust,moderate,high,moderate,78
73,CDH4,Cdh4,1002,homologene,0.8292496219086435,0.8333333333333334,0.8242639327024185,0.8287862273139852,tau,0.4784248213234987,1.6789293728117666e-206,0.4784248213234987,14,0.1696021239110009,3654,3.4837741068261527,1.062437555408581,12.272727272727272,10,6,0.0038808902034505,0.8133333333333334,0.0,0.0,0.7733333333333333,1.0,1.0,0.1405749951411672,0.7,0.6884024965988171,3,0.7865332858602472,C — exploratory,strong,moderate,high,79
87,BRINP3,Brinp3,339479,homologene,0.820631489590231,0.7573606729758149,0.89931650893796,0.8252920431141414,adaptation,0.311099410853459,2.8938084994767047e-81,0.311099410853459,15,0.1494836825599987,3654,5.34268345066291,1.9777390858497923,18.40909090909091,10,8,0.0023035712035469,0.6633333333333333,0.0,0.0,0.9333333333333332,1.0,0.6,0.1015334615192715,0.7,0.4810734230634901,3,0.7468834543287863,B — robust,moderate,high,moderate,80
63,TENM4,Tenm4,26011,homologene,0.8404281434931273,0.7960042060988434,0.895373291272345,0.844227994016635,upstroke_downstroke_ratio_long_square,-0.3524073938617346,2.85162280503643e-106,0.3524073938617346,15,0.1310337247939535,3654,5.44721823413495,1.7727940794230652,17.045454545454547,10,8,0.001116667975823,0.2,0.0,0.07,1.0,1.0,0.8,0.1610076529729353,0.7999999999999999,0.6327053570810548,3,0.7048165708904486,B — robust,strong,high,low,81
135,NDST3,Ndst3,9348,homologene,0.7792174420076142,0.8782860147213459,0.661540483701367,0.7622478304376504,threshold_i_long_square,0.3641590564790435,2.2891856396702848e-113,0.3641590564790435,17,0.2095969138466873,3654,2.74445033970889,0.9364929710257096,9.772727272727272,9,5,0.0050153957152494,0.8766666666666667,0.0,0.0,0.36,1.0,0.8333333333333334,0.2109000583686966,0.8285714285714287,0.6883443265723734,3,0.6929674983323506,C — exploratory,strong,low,high,82
6,NRXN1,Nrxn1,9378,homologene,0.9291151615264198,0.9500525762355416,0.9036540483701369,0.926562926454391,upstroke_downstroke_ratio_long_square,0.4229587494934733,3.6386239031488266e-157,0.4229587494934733,18,0.2203143770342936,3654,6.135380008109348,1.5936563331128717,18.181818181818183,10,8,0.0,0.0,0.9966666666666668,1.0,1.0,1.0,0.6666666666666666,0.1669962722347087,0.7142857142857143,0.559754533421439,3,0.6826922316054235,B — robust,moderate,high,low,83
22,HCN1,Hcn1,348980,homologene,0.8940056411988171,0.9079915878023134,0.8769716088328076,0.8923468179814674,tau,-0.3934702290390164,3.952314202787429e-134,0.3934702290390164,17,0.2197955271063799,3654,4.960401963207909,2.8805426171143917,14.318181818181818,10,7,0.0,0.0,0.3433333333333333,1.0,1.0,1.0,0.8,0.1760574974853797,0.6,0.6032402482397659,3,0.6776406889749774,B — robust,strong,high,low,84
107,SRRM4,Srrm4,84530,homologene,0.8054035732064774,0.902471083070452,0.6899316508937959,0.7890775400597264,tau,-0.4691347101841802,1.5281649286883726e-197,0.4691347101841802,16,0.1832931016272601,3654,2.195239280900907,1.033813673220532,7.543520309477756,10,6,0.002627433212638,0.72,0.0,0.0,0.3666666666666666,1.0,1.0,0.166393695130097,0.6571428571428573,0.6979041580196395,3,0.6753947117301108,C — exploratory,strong,low,moderate,85
30,ANK1,Ank1,286,homologene,0.8735196577679943,0.8633017875920084,0.8860410094637223,0.8745975001964384,upstroke_downstroke_ratio_long_square,-0.46270662041925,8.802163319266859e-192,0.46270662041925,15,0.1496212669254499,3654,5.140284754596044,2.402517001337423,15.227272727272728,10,9,0.0,0.0,0.0,1.0,1.0,1.0,0.75,0.168500256842944,0.7999999999999999,0.6154501797900608,3,0.6729585953691583,B — robust,strong,high,low,86
53,PPARGC1A,Ppargc1a,10891,homologene,0.8445336241223301,0.9518927444794952,0.7170084121976866,0.8261447241868347,upstroke_downstroke_ratio_long_square,-0.5307439860290708,7.607724822344536e-263,0.5307439860290708,17,0.2029268521276751,3654,2.591985763952086,0.9817898098068208,7.727272727272727,10,5,0.0,0.0,0.0,0.3066666666666666,1.0,1.0,0.8333333333333334,0.1743543255783836,0.942857142857143,0.6856194564762972,3,0.6709041226306958,B — robust,strong,high,low,87
66,SCN3A,Scn3a,6328,homologene,0.8372941776540479,0.7878548895899055,0.8985278654048371,0.8413736222344871,tau,0.3012457678684675,2.029623547683e-76,0.3012457678684675,16,0.1568508997098401,3654,5.571846118447005,2.220044213051038,17.5,10,9,0.0,0.0,0.0,0.0,1.0,1.0,1.0,0.1052000028383405,0.7,0.6636400019868384,3,0.6700045513963161,B — robust,strong,high,low,88
35,LAMA4,Lama4,3910,homologene,0.8684965478238351,0.91403785488959,0.8134858044164037,0.862297407888892,tau,0.4059399384169953,1.7245572415574654e-143,0.4059399384169953,17,0.1529911306410705,3654,3.9380432913117263,1.3801919650663277,9.86460348162476,10,9,0.0,0.0,0.03,1.0,1.0,1.0,0.8,0.1637882993611958,0.7,0.614651809552837,3,0.6684350937717661,B — robust,strong,high,low,89
83,IL1RAPL1,Il1rapl1,11141,homologene,0.8245352770357676,0.887223974763407,0.7492113564668769,0.8153025681441377,ri,-0.3725251503151451,6.143280605106605e-119,0.3725251503151451,17,0.2033053313699882,3654,2.852423887789123,0.9817898098068208,8.51063829787234,10,5,0.0,0.0,0.0,0.0133333333333333,0.99,1.0,1.0,0.1906860834073239,0.6,0.7034802583851267,3,0.6659831179230821,B — robust,strong,high,low,90
70,DOCK10,Dock10,55619,homologene,0.8323811053830137,0.812565720294427,0.8567297581493164,0.8343555794913039,upstroke_downstroke_ratio_long_square,0.4161167596500858,1.1363329511170398e-151,0.4161167596500858,14,0.1509100915067356,3654,4.397372210400485,1.7727940794230652,13.152804642166345,10,9,0.0008633286634191,0.023333333333333334,0.0,0.1966666666666666,1.0,1.0,1.0,0.1054595687069395,0.3999999999999999,0.6038216980948576,3,0.6592901019743869,B — robust,strong,high,low,91
62,TENM2,Tenm2,57451,homologene,0.840951247889634,0.7939011566771819,0.8991850683491062,0.844904767313575,upstroke_downstroke_ratio_long_square,-0.4328091858122943,2.727634704503614e-165,0.4328091858122943,13,0.1094459525197834,3654,5.9943953858633865,1.9897115429456984,16.818181818181817,10,10,0.0,0.0,0.0,0.09,1.0,1.0,0.75,0.1101040952421482,0.7999999999999999,0.5745728666695038,3,0.6535318183391583,B — robust,moderate,high,low,92
92,PDZD2,Pdzd2,23037,homologene,0.8166102991960407,0.7552576235541535,0.892875920084122,0.8211889828361448,tau,0.2535660658302833,8.844962019792198e-54,0.2535660658302833,17,0.1388382319186564,3654,4.972426805128485,2.1286308244756222,17.954545454545453,10,9,0.0013904644503065,0.36333333333333334,0.0,0.0,0.7366666666666667,1.0,0.8333333333333334,0.0884697834962163,0.3714285714285715,0.5112145627330658,3,0.6518696212742683,C — exploratory,moderate,moderate,low,93
80,RBFOX1,Rbfox1,54715,homologene,0.8249856772447764,0.8706624605678233,0.7698475289169296,0.8187046743416532,upstroke_downstroke_ratio_long_square,-0.4934190950003886,6.902948937070993e-222,0.4934190950003886,15,0.1582413998152031,3654,2.892895664829738,1.7246058851469024,9.318181818181818,10,6,0.0,0.0,0.0,0.0033333333333333,0.84,1.0,1.0,0.1339462377727431,0.7,0.6837623664409201,3,0.6328544711851346,B — robust,strong,moderate,low,94
186,GABRA1,Gabra1,2554,homologene,0.7420104437413038,0.9458464773922186,0.5078864353312302,0.6930963827443735,tau,-0.5041651557819918,7.00582134367851e-233,0.5041651557819918,17,0.1978349391528144,3654,2.3530178777477824,1.3596235629554352,6.590909090909091,8,5,0.0066900419283493,0.91,0.0,0.0066666666666666,0.0966666666666666,1.0,1.0,0.2159297791919268,0.4857142857142857,0.698293702577206,3,0.6317386563934644,C — exploratory,strong,low,high,95
144,PDE1A,Pde1a,5136,homologene,0.7721661333902674,0.8522607781282859,0.6765247108307045,0.7593256722089606,tau,0.5726344658980922,0.0,0.5726344658980922,14,0.2002028751477875,3654,2.4865347183913133,0.5333150599477319,12.727272727272728,9,4,0.01247791092461,0.96,0.0,0.0,0.2233333333333333,1.0,0.6,0.1953955046677924,0.0999999999999999,0.4267768532674547,3,0.6277791351119557,C — exploratory,moderate,low,high,96
91,FRAS1,Fras1,80144,homologene,0.8174258187411256,0.7368559411146162,0.918112513144059,0.8225063281956382,tau,-0.2411253833646492,1.306086639342455e-48,0.2411253833646492,17,0.1387895094061318,3654,6.800803371126439,3.1877212300508977,24.318181818181817,10,9,0.0,0.0,0.0,0.0,0.9133333333333332,1.0,0.6,0.1574202052456383,0.4999999999999999,0.4801941436719468,3,0.6096991862527911,B — robust,moderate,high,low,97
126,ANO4,Ano4,121601,homologene,0.7862767265873473,0.7155625657202944,0.8744742376445847,0.7910379441880506,upstroke_downstroke_ratio_long_square,-0.2772033887396309,1.1846047296321144e-64,0.2772033887396309,15,0.1069177894695572,3654,4.142604126015607,1.817273274253256,18.181818181818183,10,7,0.0038640603467929,0.81,0.0,0.0,0.0,1.0,0.8,0.1217960353624484,0.8999999999999998,0.6252572247537139,3,0.6050588056237186,C — exploratory,strong,low,high,98
78,TLL1,Tll1,7092,homologene,0.8262566289860427,0.8459516298633017,0.8023133543638276,0.8238436076010863,threshold_i_long_square,0.2975145504445494,2.131810717900048e-74,0.2975145504445494,18,0.1801434465805315,3654,5.165484988056524,1.6115127317211784,24.318181818181817,9,5,0.0,0.0,0.0,0.2366666666666666,0.66,1.0,1.0,0.1429499649621365,0.8285714285714287,0.7157792611877813,3,0.6048088490829822,C — exploratory,strong,low,low,99
94,KCNT1,Kcnt1,57582,homologene,0.8148493634776637,0.8604100946372238,0.7598580441640378,0.8085725271674988,upstroke_downstroke_ratio_long_square,-0.3380732979659431,2.2007435341235523e-97,0.3380732979659431,17,0.1523468951761548,3654,2.845952686803666,1.1883821397914525,9.090909090909092,10,7,0.0,0.0,0.0,0.0,0.6466666666666666,1.0,1.0,0.1244903942022857,0.8999999999999998,0.7171432759416,3,0.5968156162819056,C — exploratory,strong,low,low,100
77,PCDH11X,Pcdh11x,27328,homologene,0.8271584340509309,0.7797055730809674,0.8859095688748685,0.831112885291458,tau,0.2708873968836726,1.7493211442041658e-61,0.2708873968836726,17,0.1044684732017985,3654,5.2179085830739735,2.2233792550272296,15.19434628975265,10,8,0.0012191764488488,0.27666666666666667,0.0,0.0,0.7033333333333334,1.0,0.5,0.0831984576983292,0.2571428571428572,0.3346674918174019,3,0.5960565267546476,C — exploratory,limited,moderate,low,101
101,DLGAP2,Dlgap2,9228,homologene,0.8088952687774937,0.8638275499474238,0.742770767613039,0.8010155131829463,upstroke_downstroke_ratio_long_square,-0.4638531400094459,7.633952630597928e-193,0.4638531400094459,15,0.1678669857688663,3654,3.289898509757782,1.7470413576685475,7.350096711798839,10,7,0.0,0.0,0.0,0.0733333333333333,0.5733333333333334,1.0,1.0,0.1198968188586713,0.8999999999999998,0.7139277732010698,3,0.5787718848189731,C — exploratory,strong,low,low,102
112,PLXNA4,Plxna4,91584,homologene,0.7985714997498535,0.7187171398527865,0.8983964248159833,0.803550190652527,tau,-0.252434833552552,2.6613716790491307e-53,0.252434833552552,16,0.1427656064279858,3654,5.667283133573666,1.7116904508478985,17.272727272727273,10,7,0.0021992576860508,0.6366666666666667,0.0,0.0,0.0033333333333333,1.0,0.8333333333333334,0.124476537327032,0.6,0.5821335761289225,3,0.5678494281595385,C — exploratory,moderate,low,moderate,103
169,NCAM2,Ncam2,4685,homologene,0.7550820914071272,0.7999474237644585,0.7009726603575185,0.7488265979399474,upstroke_downstroke_ratio_long_square,0.3135359217339574,3.008628199474756e-83,0.3135359217339574,16,0.176990029929614,3654,3.395361658857906,1.284353150929656,10.831721470019342,9,5,0.0017509465951359,0.5266666666666666,0.0,0.0,0.07,1.0,1.0,0.1535805996937573,0.8857142857142858,0.7346492769284872,3,0.5664472055434262,C — exploratory,strong,low,moderate,104
290,RGS6,Rgs6,9628,homologene,0.6895029907074695,0.7896950578338591,0.5709779179810726,0.6714897169442876,tau,0.3452584715486758,1.519825833617909e-101,0.3452584715486758,15,0.1821294877435391,3654,1.9990113899491384,0.4864107447507337,7.727272727272727,9,4,0.0068491337988506,0.92,0.0,0.0,0.0,1.0,0.6666666666666666,0.1567917732673464,0.6571428571428573,0.5411828127157139,3,0.5643711577061291,C — exploratory,moderate,low,high,105
166,SEZ6,Sez6,124925,homologene,0.7569060349318832,0.879074658254469,0.612907465825447,0.7340241283923284,upstroke_downstroke_ratio_long_square,0.534233071473291,6.170469713341401e-267,0.534233071473291,15,0.1598004331461702,3654,1.855427910831705,0.6571633620871621,5.909090909090909,10,4,0.0016814385486973,0.5,0.0,0.0,0.0,1.0,1.0,0.1386818133346105,0.8999999999999998,0.7270772693342273,3,0.5438118786828287,C — exploratory,strong,low,moderate,106
132,GRIN2A,Grin2a,2903,homologene,0.7822236522242001,0.6732386961093585,0.919689800210305,0.7868740445069098,latency,0.2905209368221239,7.74865295186124e-70,0.2905209368221239,13,0.0803019141807358,3654,6.738157357204062,3.047008284459904,26.818181818181817,10,9,0.0015856280640974,0.4633333333333333,0.0,0.0,0.0,1.0,1.0,0.1410535718260459,0.3999999999999999,0.628737500278232,3,0.5369998659862457,C — exploratory,strong,low,low,107
179,ETV6,Etv6,2120,homologene,0.7471992378310782,0.9266561514195584,0.5394321766561515,0.7070135393131199,upstroke_downstroke_ratio_long_square,-0.4295457848164508,1.3963559059256176e-162,0.4295457848164508,17,0.1902170938346781,3654,1.467161141630077,0.5607555001205362,4.642166344294004,10,4,0.0016536830282338,0.48333333333333334,0.0,0.0,0.0,1.0,1.0,0.1738060251476655,0.7999999999999999,0.731664217603366,3,0.5362171758024818,C — exploratory,strong,low,low,108
233,CDH9,Cdh9,1007,homologene,0.7166176312624154,0.5872765509989485,0.8813091482649842,0.7194249071007208,tau,0.232117727522653,4.804088371231779e-45,0.232117727522653,13,0.0869025493012365,3654,4.96211027260563,2.121091110155434,15.0,10,7,0.0018767491195827,0.5766666666666667,0.0,0.0,0.0,1.0,0.75,0.1151475417798063,1.0,0.6181032792458645,3,0.5326711290352927,C — exploratory,strong,low,moderate,109
114,PCSK2,Pcsk2,5126,homologene,0.7972317355793305,0.9605678233438484,0.6065983175604627,0.7633340196421841,upstroke_downstroke_ratio_long_square,0.4490072264982266,2.6774341843995098e-179,0.4490072264982266,18,0.2106736781703937,3654,1.9222545160050064,1.3787865923263427,5.454545454545454,10,8,0.0015505012839786,0.45,0.0033333333333333,0.01,0.2766666666666666,1.0,0.3333333333333333,0.1954890689724933,0.2571428571428572,0.3382709197093167,3,0.5264207454560589,C — exploratory,limited,low,low,110
368,ZMAT4,Zmat4,79698,homologene,0.6456679306578209,0.94794952681388,0.3141430073606729,0.5457029550766966,tau,-0.4204079153329353,8.251106338649884e-155,0.4204079153329353,18,0.157180207635761,3654,1.1316935075531824,0.6571633620871621,3.863636363636364,8,4,0.002325836783437,0.6666666666666666,0.0,0.0,0.0,0.9866666666666668,0.8333333333333334,0.0886138793914698,0.7714285714285715,0.5913154298597432,3,0.5040149261401925,C — exploratory,moderate,low,moderate,111
113,CUX1,Cux1,1523,same-symbol,0.7982801645548936,0.7802313354363828,0.8204521556256572,0.8000890456977058,upstroke_downstroke_ratio_long_square,-0.330151102503297,1.1287754544535198e-92,0.330151102503297,15,0.1208870886235232,3654,3.3214727389689367,1.298938983099826,12.379110251450676,10,8,0.0,0.0,0.0,0.0,0.2,1.0,1.0,0.1488815840945137,0.7999999999999999,0.7142171088661596,3,0.5029801199856399,C — exploratory,strong,low,low,112
379,UST,Ust,10090,homologene,0.6409590635636925,0.968454258675079,0.2856203995793901,0.5259375365356024,upstroke_downstroke_ratio_long_square,0.4900402964427147,1.939013054795707e-218,0.4900402964427147,18,0.1860074216235682,3654,0.9707326426093996,0.5333150599477319,3.481624758220503,8,3,0.0018875490665831,0.5833333333333334,0.0,0.0,0.0,1.0,1.0,0.1173649729770887,0.4857142857142857,0.6292983382268194,3,0.4933412659629243,C — exploratory,strong,low,moderate,113
103,NAV3,Nav3,89795,homologene,0.8086779980888535,0.7234490010515247,0.9153522607781284,0.8137632817166129,threshold_i_long_square,0.2323898113281806,3.75981598199869e-45,0.2323898113281806,17,0.1429832050244214,3654,6.911507439910761,1.6560003443834996,21.731448763250885,10,9,0.0,0.0,0.0,0.0,0.2966666666666667,1.0,0.6,0.167620314144859,0.7,0.5273342199014014,3,0.4925604296795442,C — exploratory,moderate,low,low,114
381,CPNE4,Cpne4,131034,homologene,0.6400663413055014,0.7163512092534173,0.5492902208201893,0.6272835992719874,f_i_curve_slope,-0.2509038065196358,2.390063545718965e-52,0.2509038065196358,16,0.121683082550349,3654,2.294602210319153,0.9364929710257096,8.409090909090908,8,5,0.0015192587152821,0.44666666666666666,0.0,0.0,0.0,0.9766666666666668,1.0,0.122613214376535,1.0,0.7358292500635746,3,0.48962746936076956,C — exploratory,strong,low,low,115
162,ARID5B,Arid5b,84159,homologene,0.7590694302888604,0.7988958990536278,0.7109621451104102,0.7536476246304217,threshold_i_long_square,0.3134164032141802,8.021210466702162e-83,0.3134164032141802,16,0.1686969201805438,3654,2.812567060193725,0.7331885059741285,15.087040618955513,9,4,0.0,0.0,0.0,0.0,0.1333333333333333,1.0,1.0,0.1627656015297814,0.8999999999999998,0.7439359210708469,3,0.4774254597136437,C — exploratory,strong,low,low,116
275,NHS,Nhs,4810,homologene,0.6966762425448884,0.6051524710830704,0.8119085173501577,0.700948247424758,tau,0.2214476162418872,5.201248364097524e-41,0.2214476162418872,14,0.0869772964998913,3654,3.3143400062955357,1.3332876498693291,11.411992263056092,10,8,0.0011718914961051,0.25,0.0,0.0,0.0,1.0,1.0,0.1602012245385285,0.7714285714285715,0.7164265714626843,3,0.4766975119791825,C — exploratory,strong,low,low,117
437,NXPH1,Nxph1,30010,homologene,0.6089075959019712,0.8877497371188223,0.3023133543638275,0.5180527008558079,upstroke_downstroke_ratio_long_square,-0.4216708831783719,3.9501656211836654e-156,0.4216708831783719,16,0.1990078609352092,3654,1.1867800974031824,0.9364929710257096,3.288201160541586,8,5,0.0073753592891229,0.9233333333333333,0.0,0.0,0.0,0.9433333333333334,0.2,0.2219754130953254,0.0999999999999999,0.2653827891667278,3,0.47575584279654215,C — exploratory,limited,low,high,118
143,APLP1,Aplp1,333,homologene,0.7732190595442701,0.8533123028391167,0.6775762355415352,0.7603842041356509,ri,0.3081880026611583,6.0776774900724436e-80,0.3081880026611583,18,0.1717523523363099,3654,2.0519308858438503,0.7826920527437563,7.543520309477756,10,4,0.0,0.0,0.0,0.0,0.0,1.0,1.0,0.1700303257614937,0.942857142857143,0.7575926566044742,3,0.4576962389970253,C — exploratory,strong,low,low,119
183,USP25,Usp25,29761,homologene,0.742767070242654,0.8346477392218716,0.6335436382754994,0.7271765709819348,upstroke_downstroke_ratio_long_square,-0.3536328490484959,4.755471430743202e-107,0.3536328490484959,16,0.1475562784405615,3654,2.2561464426465188,0.9477642762428538,9.86460348162476,9,5,0.0,0.0,0.0,0.0,0.07,1.0,1.0,0.1800736783974722,0.7999999999999999,0.7360515748782306,3,0.45484859047512033,C — exploratory,strong,low,low,120
153,GRIA1,Gria1,2890,homologene,0.7635036446381035,0.693217665615142,0.8512092534174553,0.7681622820759011,upstroke_downstroke_ratio_long_square,-0.3616766254923205,3.0977535316309643e-112,0.3616766254923205,11,0.098040068588291,3654,3.70620148058993,1.7231164214476151,14.545454545454543,10,8,0.0,0.0,0.0,0.0,0.0,1.0,1.0,0.1358555012512897,0.7999999999999999,0.7050988508759028,3,0.44990515398169995,C — exploratory,strong,low,low,121
151,ARHGAP21,Arhgap21,57584,homologene,0.7658018974988628,0.7131966351209252,0.8310988433228181,0.769894082657301,upstroke_downstroke_ratio_long_square,-0.2745290069642077,2.18807915289192e-63,0.2745290069642077,15,0.1057799032468002,3654,3.702334646410205,1.6984094769112448,11.992263056092844,10,8,0.0,0.0,0.0,0.0,0.0,1.0,1.0,0.1348825583526997,0.7999999999999999,0.7044177908468898,3,0.44974265385812656,C — exploratory,strong,low,low,122
173,NCAM1,Ncam1,4684,homologene,0.7515120041676487,0.7623554153522608,0.7383017875920084,0.7502322080096416,tau,0.2838369834683162,1.2371302684800451e-67,0.2838369834683162,16,0.1153466063612711,3654,2.9359741707691493,1.3160002990909772,7.727272727272727,10,5,0.0,0.0,0.0,0.0,0.0,1.0,1.0,0.1468484901193091,0.942857142857143,0.741365371654945,3,0.4484045149198429,C — exploratory,strong,low,low,123
196,PPFIA2,Ppfia2,8499,homologene,0.7353128840938117,0.7089905362776024,0.7677444794952683,0.7377828747277339,upstroke_downstroke_ratio_long_square,-0.2454910521730936,1.277859421066506e-50,0.2454910521730936,16,0.1295455981930747,3654,4.287199494947936,1.40084060917962,16.363636363636363,9,6,0.0,0.0,0.0,0.0,0.0,1.0,1.0,0.1644944176556148,0.7999999999999999,0.7251460923589305,3,0.4403762216263602,C — exploratory,strong,low,low,124
210,LUZP1,Luzp1,7798,homologene,0.7263230984927972,0.8559411146161935,0.5741324921135648,0.7010161233788118,upstroke_downstroke_ratio_long_square,-0.3101844411506529,2.0097678415865102e-81,0.3101844411506529,18,0.1558514328625977,3654,1.9473625910873456,1.062437555408581,8.123791102514506,9,6,0.0,0.0,0.0,0.0,0.0233333333333333,1.0,1.0,0.1431756944991225,0.942857142857143,0.7387944147208144,3,0.4384402709567811,C — exploratory,strong,low,low,125
327,PTPRD,Ptprd,5789,same-symbol,0.6649856032238357,0.4745005257623554,0.9136435331230284,0.658425650188579,fast_trough_v_long_square,0.1750993478639682,7.537913256563347e-26,0.1750993478639682,12,0.0822268958864123,3654,6.499827583954081,2.2224394548696185,21.59090909090909,10,8,0.0017895695364689,0.5433333333333333,0.0,0.0,0.0,1.0,0.3333333333333333,0.15396549051198,,0.257775843358386,3,0.4378506471154206,C — exploratory,limited,low,moderate,126
359,RPS6KA2,Rps6ka2,6196,homologene,0.6506358337083831,0.7192429022082019,0.5687434279705573,0.6395816396249857,upstroke_downstroke_ratio_long_square,-0.279732681730634,7.43968761460518e-66,0.279732681730634,15,0.0909625876877062,3654,2.182841127798562,1.062437555408581,7.156673114119923,9,6,0.0010440561416432,0.15333333333333332,0.0,0.0,0.0,0.9933333333333332,1.0,0.1221132672917856,1.0,0.7354792871042499,3,0.4353597901232685,C — exploratory,strong,low,low,127
243,PPIP5K2,Ppip5k2,23262,homologene,0.7121509576172685,0.7273922187171399,0.6936119873817034,0.7103013180547971,upstroke_downstroke_ratio_long_square,-0.2344391483069877,3.521092578245474e-46,0.2344391483069877,17,0.130750336700295,3654,2.1155111599552643,0.9001503090483177,8.123791102514506,10,4,0.0,0.0,0.0,0.0,0.0,1.0,1.0,0.1389327274046378,1.0,0.7472529091832465,3,0.43365142305641796,C — exploratory,strong,low,low,128
446,IGSF11,Igsf11,152404,homologene,0.6052519966372314,0.9242902208201892,0.260515247108307,0.4907053039011941,tau,-0.5829946091397193,0.0,0.5829946091397193,16,0.2590378881485626,3654,1.235546123479041,0.8963804518882236,2.9545454545454546,7,5,0.0179183835158248,0.9733333333333334,0.0,0.0,0.0,0.95,,,,0.0,3,0.4316277602523659,C — exploratory,limited,low,high,129
276,RARB,Rarb,5915,homologene,0.6964633872296858,0.8646161934805469,0.5018401682439538,0.6587102063902794,upstroke_downstroke_ratio_long_square,-0.3479986026176037,1.6851578553325433e-103,0.3479986026176037,17,0.1368538034718672,3654,1.3275191128188266,0.6570006151557202,3.8684719535783367,10,3,0.0,0.0,0.0,0.0,0.0,1.0,1.0,0.1576440203728894,1.0,0.7603508142610226,3,0.4253614351971047,C — exploratory,strong,low,low,130
278,NR2F2,Nr2f2,7026,homologene,0.6960738656647916,0.953732912723449,0.406677181913775,0.6227852063470909,upstroke_downstroke_ratio_long_square,0.4326251050539651,3.821806707047676e-165,0.4326251050539651,18,0.161750048103744,3654,0.8107182756526499,0.5312187777042905,2.707930367504836,10,3,0.0,0.0,0.0,0.0,0.0,1.0,1.0,0.130923329896527,0.6,0.661646330927569,3,0.40441128511295854,C — exploratory,strong,low,low,132
228,CSMD1,Csmd1,64478,homologene,0.71931967520025,0.555993690851735,0.9295478443743428,0.7189038439297463,upstroke_downstroke_ratio_long_square,-0.1730967689451711,1.6115333099448743e-25,0.1730967689451711,15,0.0765366611039332,3654,11.184109270495169,3.499617949554992,39.77272727272727,10,9,0.0,0.0,0.0,0.0,0.0,1.0,0.25,0.0859668333012067,-1.0,0.1726767833108446,3,0.33164366370738446,C — exploratory,limited,low,low,133
79,GRIK3,Grik3,2899,homologene,0.8257305780931637,0.8485804416403786,0.7979758149316508,0.8228892206445781,tau,0.4198855817488403,2.113529052751364e-154,0.4198855817488403,15,0.1490170238070735,3654,3.4093703678207645,1.5662158929400674,10.0,10,7,0.0028663633442935,0.75,0.0,0.0066666666666666,0.9866666666666668,1.0,0.8333333333333334,0.1145007276859491,0.7714285714285715,0.6094362236658787,4,0.7985318293809149,A — replicated,strong,high,moderate,134
60,NELL1,Nell1,4745,homologene,0.8412988184302811,0.8672450052576236,0.8098054679284963,0.8380332614468838,tau,0.3897490783749138,2.095691616136636e-131,0.3897490783749138,16,0.1594134269720365,3654,3.691986625590019,1.1883821397914525,10.0,10,6,0.0066325992627553,0.9066666666666666,0.0,0.2666666666666666,1.0,1.0,0.5,0.1332324474190208,0.1428571428571428,0.3468341417647431,4,0.786110256323506,B — robust,limited,high,high,135
65,CHRM3,Chrm3,1131,homologene,0.8378800524741901,0.9019453207150367,0.7609095688748685,0.8284315452310973,tau,0.3888888500833277,8.689735910849011e-131,0.3888888500833277,17,0.1615995119442996,3654,2.8538471334193,1.2640212685003684,9.090909090909092,10,5,0.0030576353191309,0.7633333333333333,0.0,0.0533333333333333,0.99,1.0,0.6666666666666666,0.1424292087131191,0.4857142857142857,0.4968433032420405,4,0.7826063052330559,B — robust,moderate,high,moderate,136
51,CACNA2D1,Cacna2d1,781,homologene,0.8478177642373189,0.8882754994742377,0.7988958990536278,0.842401124025711,upstroke_downstroke_ratio_long_square,0.6150191178448696,0.0,0.6150191178448696,15,0.1586315280230129,3654,3.5292907844991404,1.5159104372661114,9.772727272727272,10,5,0.0027502856641409,0.74,0.0,0.46,1.0,1.0,0.25,0.2191391408226461,1.0,0.4658973985758523,4,0.7786137594207435,B — robust,moderate,high,moderate,137
58,ALK,Alk,238,homologene,0.8417995592092657,0.8243953732912722,0.8631703470031545,0.8435600988854455,threshold_i_long_square,0.302434836548171,6.1108624641215966e-77,0.302434836548171,17,0.1711968732512063,3654,4.234047707779475,1.5188747269146463,14.772727272727272,10,7,0.0027196175782812,0.7366666666666667,0.0,0.0133333333333333,1.0,1.0,0.5,0.1100998758467007,0.3714285714285715,0.3763556273784048,4,0.7601176028678998,B — robust,limited,high,moderate,138
59,PTPRM,Ptprm,5797,homologene,0.8415295782212189,0.9066771819137748,0.7632754994742377,0.8318921077201844,threshold_i_short_square,0.3934210891378464,6.445808005356438e-133,0.3934210891378464,17,0.1941885372378051,3654,2.9888183465213087,1.142316805425733,8.704061895551257,10,7,0.005407213719764,0.89,0.0,0.32,0.9866666666666668,1.0,0.1666666666666666,0.1548989222967636,0.0285714285714285,0.1891435313220202,4,0.7471525758753399,B — robust,limited,high,high,139
47,RUNX1T1,Runx1t1,862,homologene,0.851163342247719,0.8646161934805466,0.8347791798107256,0.8495667112385951,tau,0.3866203254635166,3.676704954932276e-129,0.3866203254635166,16,0.131899675293726,3654,3.668419070048152,1.0197258046984654,12.5,10,6,0.0015722936043044,0.46,0.0,0.5833333333333334,0.9966666666666668,1.0,0.8333333333333334,0.115895106873684,0.3714285714285715,0.5304122890972932,4,0.7372948658110464,B — robust,moderate,high,low,140
46,PDZRN4,Pdzrn4,29951,homologene,0.8524961351715461,0.9095688748685594,0.7837802313354364,0.844335302566458,upstroke_downstroke_ratio_long_square,0.3685272243220832,8.642736187657936e-117,0.3685272243220832,18,0.19211037264985,3654,3.1569831638107333,1.3160002990909772,9.545454545454543,10,5,0.0021145709974047,0.6233333333333333,0.0,0.6333333333333333,1.0,1.0,0.5,0.1313242120994586,0.2571428571428572,0.3683555198981925,4,0.7370075918871043,B — robust,limited,high,moderate,141
89,SOX6,Sox6,55553,homologene,0.8192739591891747,0.92534174553102,0.6933491062039958,0.8009899326440864,upstroke_downstroke_ratio_long_square,-0.6047096899960531,0.0,0.6047096899960531,16,0.163046572042329,3654,2.329336085134249,0.980798054650078,7.350096711798839,10,5,0.0034012554327155,0.78,0.0,0.0,0.7666666666666667,1.0,0.5,0.1665516978665628,0.3142857142857143,0.4044433313637369,4,0.713960169953084,C — exploratory,moderate,moderate,moderate,142
23,CACNA1A,Cacna1a,773,homologene,0.8907575657102733,0.9050998948475288,0.8732912723449001,0.8890533385408514,upstroke_downstroke_ratio_long_square,-0.3907205556438083,2.50413555472752e-132,0.3907205556438083,17,0.1624573944335482,3654,4.905901129269749,2.462342023037821,14.090909090909092,10,9,0.0,0.0,0.2666666666666666,1.0,1.0,1.0,0.8333333333333334,0.1199487064999137,0.6,0.5789640945499396,4,0.6714710523484737,B — robust,moderate,high,low,143
45,HDAC9,Hdac9,9734,homologene,0.8526849466025397,0.840168243953733,0.8680336487907466,0.8539872987329923,upstroke_downstroke_ratio_long_square,0.4054545649405004,2.4501549771841293e-143,0.4054545649405004,15,0.1321205131592063,3654,4.165298352952372,1.4677117487300002,16.136363636363637,10,6,0.0011353194763356,0.22666666666666666,0.0,0.6366666666666667,0.94,1.0,0.6,0.0907025240008812,0.7,0.4734917668006169,4,0.6696720652423526,B — robust,moderate,high,low,144
72,KCNQ5,Kcnq5,56479,homologene,0.8300810966901132,0.8170347003154573,0.8460830704521557,0.8314320344495147,upstroke_downstroke_ratio_long_square,0.375715807714207,1.0761984405423209e-121,0.375715807714207,15,0.1154768014726924,3654,3.5662511020320897,1.3292812730276309,14.772727272727272,10,7,0.0014395079015033,0.3933333333333333,0.0,0.0,0.7,1.0,0.6666666666666666,0.1482749123409989,0.5428571428571429,0.5123638672101278,4,0.653762994262215,C — exploratory,moderate,moderate,low,145
75,TRPC3,Trpc3,7222,homologene,0.8279987309892163,0.8985278654048369,0.743427970557308,0.8173070093099091,tau,-0.4481945265150885,2.5826233051445246e-178,0.4481945265150885,16,0.1936346633185291,3654,2.820476672881626,0.8045480145932509,8.409090909090908,10,4,0.0,0.0,0.0,0.03,0.98,1.0,0.8333333333333334,0.1466122473641807,0.7714285714285715,0.6319142874406407,4,0.6507740246805571,B — robust,strong,high,low,146
137,UNC5D,Unc5d,137970,homologene,0.7783868947543475,0.8270241850683492,0.7197686645636173,0.7715348943816214,threshold_i_short_square,0.3082445132877346,1.869165495648416e-79,0.3082445132877346,17,0.1875811230259333,3654,3.6829580947179386,1.6542066803224291,11.363636363636363,9,8,0.0023779495372886,0.69,0.0,0.0,0.3433333333333333,1.0,0.8333333333333334,0.1776548338774958,0.8285714285714287,0.6650726694285328,4,0.6490397704787665,C — exploratory,strong,low,moderate,147
163,GABRG3,Gabrg3,2567,homologene,0.7581256726134327,0.9124605678233436,0.5779442691903259,0.7261896143815693,tau,-0.403611194143129,1.0125947587889573e-141,0.403611194143129,17,0.1872329690347734,3654,2.297909385468766,0.7931807938620856,7.156673114119923,9,5,0.005007409348686,0.87,0.0,0.01,0.1866666666666666,1.0,1.0,0.1596053201674675,0.3999999999999999,0.6417237241172272,4,0.6377590455595127,C — exploratory,strong,low,high,148
88,MCC,Mcc,4163,homologene,0.8199307586061498,0.8877497371188222,0.7385646687697162,0.8097287141663962,tau,0.3729729044050329,1.2596352455259898e-119,0.3729729044050329,17,0.1315932073013457,3654,2.566134039001968,0.8861875153517538,8.704061895551257,10,5,0.0009635093075167,0.08,0.0,0.0366666666666666,0.7166666666666667,1.0,0.8333333333333334,0.1098745567755956,0.8285714285714287,0.6176264754572027,4,0.6081215096024815,C — exploratory,strong,moderate,low,149
96,DOCK9,Dock9,23348,homologene,0.8133331566710303,0.8101997896950578,0.8171661409043112,0.8136755099587273,upstroke_downstroke_ratio_long_square,-0.2905090136647819,3.906682296269805e-71,0.2905090136647819,17,0.1425772157261254,3654,3.6268879974292303,1.447744924376618,10.909090909090908,10,6,0.0,0.0,0.0,0.0,0.7866666666666666,1.0,0.8,0.1231896215899763,0.8999999999999998,0.6262327351129835,4,0.6080530664758038,C — exploratory,strong,moderate,low,150
121,SORCS2,Sorcs2,57537,homologene,0.790942612049214,0.8943217665615143,0.6682439537329127,0.7730621664500659,ri,0.352215614264952,1.1742893845092594e-105,0.352215614264952,18,0.2152013736645422,3654,2.1834816167856315,1.033813673220532,6.963249516441006,10,6,0.0025149287655874,0.7033333333333334,0.0,0.0,0.08,1.0,1.0,0.1807278854605642,0.5428571428571429,0.6850809483938236,4,0.6061960004043168,C — exploratory,strong,low,moderate,151
81,NEBL,Nebl,10529,same-symbol,0.824709456149046,0.7823343848580442,0.8771030494216614,0.8283645783267234,upstroke_downstroke_ratio_long_square,-0.3753636327074886,1.8691703217658224e-121,0.3753636327074886,14,0.121193219586575,3654,4.103909154724795,1.1322729846074964,18.863636363636363,10,7,0.0,0.0,0.0,0.0,0.73,1.0,0.75,0.1249676824109953,1.0,0.6249773776876968,4,0.6028829623934804,C — exploratory,strong,moderate,low,152
155,LUZP2,Luzp2,338645,homologene,0.7627238449902278,0.882229232386961,0.6217139852786541,0.7406039778428316,ri,-0.3349530150202873,4.361135922913521e-95,0.3349530150202873,18,0.1650115174120874,3654,2.207514424434285,0.3969816789804502,9.318181818181818,9,4,0.003802050004466,0.8033333333333333,0.0,0.0,0.17,1.0,0.6666666666666666,0.1207493428675837,0.6571428571428573,0.5159531114358801,4,0.5986459324869657,C — exploratory,moderate,low,high,153
67,LRRC7,Lrrc7,57554,same-symbol,0.8347605938294723,0.7923238696109358,0.887223974763407,0.8384323066867938,tau,0.3488487153808522,8.640530906387607e-104,0.3488487153808522,15,0.1275110246561231,3654,5.689898501787229,2.1689436747599258,14.664310954063604,10,8,0.0,0.0,0.0,0.1166666666666666,1.0,1.0,0.3333333333333333,0.1252518501910303,0.1428571428571428,0.2662477237051498,4,0.5891591136158986,C — exploratory,limited,high,low,154
85,KCNMA1,Kcnma1,3778,homologene,0.8225133975375496,0.8753943217665615,0.7588065194532071,0.815018354669872,upstroke_downstroke_ratio_long_square,-0.5107688611986677,2.7120144586980223e-240,0.5107688611986677,15,0.1578216051906192,3654,2.715160188755653,0.9001503090483177,9.477756286266924,10,4,0.0,0.0,0.0,0.02,0.7066666666666667,1.0,0.8,0.1369289960134016,0.7,0.5958502972093812,4,0.5873435610191633,C — exploratory,moderate,moderate,low,155
74,SLIT3,Slit3,6586,homologene,0.8286645030012523,0.7760252365930599,0.8939274447949527,0.832892704280709,upstroke_downstroke_ratio_long_square,-0.2685615914953559,1.2138594035057628e-60,0.2685615914953559,17,0.1209930134705614,3654,4.784249285878311,2.57377256800304,19.09090909090909,10,7,0.0,0.0,0.0,0.0,0.8433333333333334,1.0,0.5,0.1566155823911452,0.4285714285714286,0.4203451933880874,4,0.5867262416218867,B — robust,moderate,moderate,low,156
145,SEMA6D,Sema6d,80031,homologene,0.7717520072423416,0.8588328075709778,0.667981072555205,0.7574193422053993,tau,0.3367038140339598,2.47249645105107e-96,0.3367038140339598,17,0.140195435140629,3654,2.72963986646008,0.864215076105813,10.251450676982593,9,4,0.0018189046417678,0.5533333333333333,0.0,0.0533333333333333,0.23,1.0,0.8333333333333334,0.1100837723719141,0.8285714285714287,0.6177729263746257,4,0.5855840279668284,C — exploratory,strong,low,moderate,157
124,KCNB2,Kcnb2,9312,homologene,0.7868946760237951,0.7754994742376446,0.8008675078864353,0.7880814242830136,threshold_i_long_square,-0.2910958070318895,3.8005158272976656e-71,0.2910958070318895,16,0.1501263817767301,3654,5.263957685911506,2.4042047197557097,22.045454545454547,9,9,0.0020642193776109,0.6166666666666667,0.0,0.0,0.29,1.0,0.5,0.1343971389113731,0.4285714285714286,0.4047922829522469,4,0.5775651863485988,C — exploratory,moderate,low,moderate,158
182,NPAS3,Npas3,64067,homologene,0.7447339824247271,0.8859095688748685,0.5793901156677183,0.7164406797366747,adaptation,0.339009245392957,3.86087724432096e-97,0.339009245392957,18,0.1659302680403445,3654,2.3682430240894847,1.6028071824561778,7.045454545454546,9,6,0.0026064387443942,0.7166666666666667,0.0,0.0,0.0433333333333333,1.0,0.8333333333333334,0.2228963984363171,0.5428571428571429,0.6395989074768507,4,0.5729797184038874,C — exploratory,strong,low,moderate,159
273,IL1RAPL2,Il1rapl2,26280,homologene,0.696967270249021,0.6598317560462671,0.7429022082018927,0.700136035787692,upstroke_downstroke_ratio_long_square,-0.2089820162910294,8.77399387924016e-37,0.2089820162910294,16,0.1001905894238625,3654,2.728322485301082,1.2133805094629957,8.51063829787234,10,6,0.0035619422957116,0.7866666666666666,0.0,0.0,0.0,1.0,1.0,0.1075999923587763,0.7,0.6653199946511434,4,0.5709441251131939,C — exploratory,strong,low,moderate,160
270,TMEM108,Tmem108,66000,homologene,0.6986036248582059,0.7726077812828601,0.6102786540483701,0.6866629718199471,tau,-0.2898685123370776,1.316011431156974e-70,0.2898685123370776,16,0.161540028721648,3654,1.4924008093014671,0.3788218496981263,7.045454545454546,10,3,0.0050187455209363,0.88,0.0,0.0,0.0,0.99,0.8333333333333334,0.172305516499635,0.4285714285714286,0.5813281472640303,4,0.568842916519052,C — exploratory,moderate,low,high,161
206,SLC44A5,Slc44a5,204962,homologene,0.7290694220966603,0.6727129337539433,0.7991587802313355,0.733215144132092,threshold_i_short_square,-0.3121512571588593,1.531969356752774e-81,0.3121512571588593,12,0.1438058095906417,3654,3.1846471453739404,1.1883821397914525,10.681818181818182,10,6,0.0041363908411359,0.8266666666666667,0.0,0.0,0.0,1.0,0.6,0.1494372787251719,0.7,0.5146060951076203,4,0.562628895151913,C — exploratory,moderate,low,high,162
147,PTPRE,Ptpre,5791,homologene,0.7700240281563974,0.8845951629863301,0.6345951629863302,0.7492394888366666,tau,-0.3688490221805608,7.886445527818524e-117,0.3688490221805608,17,0.1692990001159401,3654,2.0022464512617204,1.04051339507687,6.363636363636363,10,5,0.0018868383275025,0.58,0.0,0.0,0.0133333333333333,1.0,1.0,0.1654760426093518,0.6571428571428573,0.6972618012551177,4,0.5619570921122223,C — exploratory,strong,low,moderate,163
165,KCNC2,Kcnc2,3747,homologene,0.7574673599512579,0.9277076761303892,0.5596740273396426,0.7205649806185391,upstroke_downstroke_ratio_long_square,-0.658432341097691,0.0,0.658432341097691,16,0.2006372801104722,3654,2.282518472840698,1.4402713085571957,6.576402321083172,9,6,0.0029863072615291,0.76,0.0,0.0166666666666666,0.1766666666666666,1.0,0.25,0.1807740579877156,0.3999999999999999,0.319041840591401,4,0.5486180421456198,C — exploratory,limited,low,moderate,164
106,SDK1,Sdk1,221935,homologene,0.8070913919748401,0.7331756046267087,0.89931650893796,0.8120079588226766,threshold_i_short_square,-0.2896010309411296,6.539656541127399e-70,0.2896010309411296,15,0.136576917115957,3654,6.247742662808309,3.663650563584425,16.363636363636363,10,9,0.0014683092400626,0.4066666666666667,0.0,0.0,0.2933333333333333,1.0,0.6666666666666666,0.0840454338100047,0.0857142857142857,0.3759746608098605,4,0.5416933548749058,C — exploratory,limited,low,low,165
301,THSD7A,Thsd7a,221981,homologene,0.6841242213402261,0.5389064143007362,0.8703995793901157,0.6848824105917717,tau,0.1801528015216661,2.2350065820696034e-27,0.1801528015216661,14,0.095119248411208,3654,4.572805594643214,1.56780922585432,14.545454545454543,10,6,0.0025634026627104,0.71,0.0,0.0,0.0,1.0,0.8333333333333334,0.1167886170696306,0.6,0.5767520319487414,4,0.5392116051279187,C — exploratory,moderate,low,moderate,166
139,NYAP2,Nyap2,57624,homologene,0.7780729725385284,0.7444794952681387,0.8195320715036803,0.7811048732078888,upstroke_downstroke_ratio_long_square,0.3903183928162601,4.8038533960559997e-132,0.3903183928162601,12,0.1127083802299486,3654,3.5657152469056164,1.5936563331128717,11.363636363636363,10,6,0.0018973626441363,0.5866666666666667,0.0,0.0,0.0,1.0,0.5,0.160958524306727,0.7999999999999999,0.4976709670147089,4,0.5296698400906389,C — exploratory,moderate,low,moderate,167
213,PTPRT,Ptprt,11122,homologene,0.7247784929238914,0.6514195583596214,0.8165089379600422,0.7293078168802349,latency,0.2757896279265684,8.808361952264127e-63,0.2757896279265684,13,0.094102273895249,3654,6.926677123725861,2.6286534483486483,28.863636363636363,9,8,0.0023427603761039,0.67,0.0,0.0,0.0,1.0,0.5,0.1214236892611034,0.7999999999999999,0.4699965824827724,4,0.5215850157604872,C — exploratory,moderate,low,moderate,168
118,MYO16,Myo16,23026,homologene,0.7936479906366037,0.7342271293375395,0.8675078864353313,0.798090110911725,upstroke_downstroke_ratio_long_square,-0.2633892452944121,2.6530023736933614e-58,0.2633892452944121,16,0.0849422216904238,3654,4.675818565946632,2.381638663829698,13.636363636363637,10,7,0.0011937561780305,0.26666666666666666,0.0,0.0,0.0733333333333333,1.0,0.8,0.0895978732441989,0.3999999999999999,0.5027185112709393,4,0.48889070540876195,C — exploratory,moderate,low,low,169
138,CACNB2,Cacnb2,783,homologene,0.7783524600627566,0.85068349106204,0.6917718191377498,0.767123761933131,upstroke_downstroke_ratio_long_square,0.4226811097106607,6.027215673976603e-157,0.4226811097106607,15,0.1491038452700519,3654,2.3088098034882245,0.9364929710257096,7.350096711798839,10,5,0.0011319768502214,0.21333333333333335,0.0,0.0,0.01,1.0,1.0,0.1201440364842263,0.7,0.6741008255389584,4,0.4879778938144163,C — exploratory,strong,low,low,170
364,RXFP1,Rxfp1,59350,homologene,0.6489756438791239,0.6072555205047317,0.7007097791798107,0.6523111846953045,upstroke_downstroke_ratio_long_square,0.2617202427944161,1.4643587242365192e-57,0.2617202427944161,12,0.0825247256867044,3654,2.385143591960385,1.037093397479218,7.5,10,5,0.0015659044756697,0.45666666666666667,0.0,0.0,0.0,1.0,1.0,0.0864679689035624,0.7999999999999999,0.6705275782324938,4,0.48703190891674053,C — exploratory,strong,low,low,171
128,MPDZ,Mpdz,8777,homologene,0.7844129595187894,0.7789169295478443,0.7911409043112513,0.7850051235666076,tau,-0.292905775369232,3.985593692283583e-72,0.292905775369232,16,0.1147494050244379,3654,3.2198466882181216,1.3763681172625817,9.86460348162476,10,7,0.0010203490024967,0.12333333333333334,0.0,0.0,0.0466666666666666,1.0,1.0,0.108724778279959,0.7714285714285715,0.6803930590816856,4,0.48409017858815623,C — exploratory,strong,low,low,172
115,CDH8,Cdh8,1006,homologene,0.7952260026317055,0.7279179810725552,0.879074658254469,0.7999339037999573,tau,0.2851973681676573,2.667062638599332e-68,0.2851973681676573,15,0.1162824584013889,3654,4.6781290769226604,1.4677117487300002,15.454545454545457,10,7,0.0019391041776753,0.6,0.0,0.0,0.0,1.0,0.2,0.1012236012374844,0.0999999999999999,0.1808565208662391,4,0.47756983203865266,C — exploratory,limited,low,moderate,173
266,KCTD8,Kctd8,386617,homologene,0.7012431344127188,0.9256046267087278,0.4462407991587802,0.6426838634410912,upstroke_downstroke_ratio_long_square,-0.6091040511175504,0.0,0.6091040511175504,16,0.1722285567726826,3654,2.002690714492405,0.6993721634680893,6.769825918762089,7,5,0.0013836775069349,0.36,0.0,0.0,0.01,1.0,0.8,0.1501984396245753,0.8999999999999998,0.6451389077372027,4,0.47739686672094217,C — exploratory,strong,low,low,174
167,TENM1,Tenm1,10178,homologene,0.7566248232874213,0.6293375394321767,0.9182439537329128,0.7601877336821115,adaptation,-0.1925441882745779,5.570815534020266e-31,0.1925441882745779,16,0.1200703189038089,3654,7.648677568468813,3.3581208971685346,22.727272727272727,10,9,0.0012866243990805,0.29,0.0,0.0,0.0,1.0,1.0,0.0768865927056245,0.1999999999999999,0.5438206148939372,4,0.47628042161180534,C — exploratory,moderate,low,low,175
175,GRM8,Grm8,2918,homologene,0.7505235828649344,0.6498422712933754,0.8773659305993692,0.7550824253656815,threshold_i_long_square,-0.2037770974267598,8.586337018485001e-35,0.2037770974267598,16,0.0920544250060772,3654,4.668786647902758,2.6560938885214527,15.227272727272728,10,7,0.0016524988588224,0.48,0.0,0.0,0.0,1.0,0.5,0.154512812734952,-0.1999999999999999,0.3331589689144664,4,0.4680734341614422,C — exploratory,limited,low,low,176
125,ADCY8,Adcy8,114,homologene,0.7867526990295599,0.7024185068349106,0.8923501577287066,0.7917090787440139,upstroke_downstroke_ratio_long_square,-0.2412251845348263,7.11035011863921e-49,0.2412251845348263,16,0.134464925510356,3654,4.94616231751788,1.8896140658213785,18.181818181818183,10,9,0.0009889932255039,0.1,0.0,0.0,0.0,1.0,0.8,0.1019661043408161,1.0,0.6313762730385712,4,0.46522898752043773,C — exploratory,strong,low,low,177
203,CNTN4,Cntn4,152330,homologene,0.7315527082397226,0.6088328075709778,0.8873554153522608,0.7350177472974568,adaptation,0.2267725415888003,8.382260006187853e-43,0.2267725415888003,14,0.1061209757363272,3654,4.509856840764528,1.8455455018786149,18.863636363636363,10,7,0.001514360841543,0.44,0.0,0.0,0.0,1.0,0.6,0.0717657355805881,0.3,0.3802360149064117,4,0.46328484756593,C — exploratory,limited,low,low,178
120,MAGI2,Magi2,9863,homologene,0.7920249740290537,0.7818086225026288,0.8045478443743428,0.793096741859254,upstroke_downstroke_ratio_long_square,-0.3753252364303683,1.9656238034217137e-121,0.3753252364303683,14,0.1161380236511548,3654,3.574231046283405,1.6984094769112448,10.0,10,7,0.0,0.0,0.0,0.0,0.0266666666666666,1.0,1.0,0.0911178976827524,0.7999999999999999,0.6737825283779267,4,0.457361132384313,C — exploratory,strong,low,low,179
134,PTPRN,Ptprn,5798,homologene,0.7799609637629327,0.8580441640378549,0.6866456361724501,0.7675755864277022,upstroke_downstroke_ratio_long_square,0.3357448820814238,5.526265294660537e-96,0.3357448820814238,17,0.1628911027046783,3654,2.440209379747466,0.9364929710257096,6.963249516441006,10,5,0.0,0.0,0.0,0.0,0.0366666666666666,1.0,1.0,0.1569194442935099,0.7,0.699843611005457,4,0.45624001557648575,C — exploratory,strong,low,low,180
373,NFIB,Nfib,4781,homologene,0.6430975634486753,0.918769716088328,0.3378023133543638,0.5571019076745019,upstroke_downstroke_ratio_long_square,0.5412421041568266,2.686901926711781e-275,0.5412421041568266,16,0.1472573272113392,3654,1.221969653832948,0.4545714653581494,4.25531914893617,8,4,0.0016011404019269,0.4666666666666667,0.0,0.0,0.0,0.9966666666666668,0.75,0.1810022979880164,0.3999999999999999,0.5442016085916115,4,0.453488060940194,C — exploratory,moderate,low,low,181
146,TRERF1,Trerf1,55809,homologene,0.7702205733320042,0.7444794952681387,0.801919032597266,0.7726656952614932,upstroke_downstroke_ratio_long_square,-0.2952916149565361,1.4677302514115274e-73,0.2952916149565361,15,0.1035916820042125,3654,2.9907456588519983,0.7530682747245996,11.590909090909092,10,4,0.0,0.0,0.0,0.0,0.0,1.0,1.0,0.1149328357630573,0.7999999999999999,0.6904529850341402,4,0.44737030257990895,C — exploratory,strong,low,low,182
212,SPHKAP,Sphkap,80309,homologene,0.7249752097903248,0.573080967402734,0.919689800210305,0.7259867219274391,avg_isi,0.2019378662841139,6.515734329507852e-34,0.2019378662841139,14,0.0726574109460269,3654,6.4021601470608855,2.370381047348548,28.863636363636363,10,9,0.0011320793616084,0.21666666666666667,0.0,0.0,0.0,1.0,0.75,0.1184329388003916,0.3999999999999999,0.5004030571602742,4,0.441968098287996,C — exploratory,moderate,low,low,183
390,SLC35F4,Slc35f4,341880,homologene,0.6327462503166174,0.7105678233438485,0.5402208201892745,0.619567213728197,upstroke_downstroke_ratio_long_square,0.2469466012206207,3.1999060429282574e-51,0.2469466012206207,16,0.1271991595408494,3654,1.7710443435542391,0.6571633620871621,7.272727272727272,9,4,0.0011462998579383,0.23666666666666666,0.0,0.0,0.0,0.8366666666666667,1.0,0.1149285459637136,0.8999999999999998,0.7104499821745995,4,0.43958105847487783,C — exploratory,strong,low,low,184
171,MAGI1,Magi1,9223,homologene,0.7538620844075259,0.6871713985278655,0.8370136698212408,0.7584008531627605,tau,-0.2987644994241542,4.0190245165138165e-75,0.2987644994241542,13,0.103159363873784,3654,3.579639472307226,1.520904910657322,13.181818181818182,10,6,0.0,0.0,0.0,0.0,0.0,1.0,1.0,0.1115827924966608,0.7,0.6681079547476626,4,0.43845860461935376,C — exploratory,strong,low,low,185
150,TRPC5,Trpc5,7224,homologene,0.7674418869715761,0.7276550998948474,0.8166403785488959,0.770864797633906,upstroke_downstroke_ratio_long_square,0.3432204607599384,1.5731527298476263e-100,0.3432204607599384,13,0.1083755454780393,3654,3.4232206576887654,0.940685535512592,11.590909090909092,10,5,0.0,0.0,0.0,0.0,0.0,1.0,0.75,0.1468519100757885,1.0,0.6402963370530521,4,0.4369183630993591,C — exploratory,strong,low,low,186
222,DLGAP1,Dlgap1,9229,homologene,0.7210348132245005,0.7681388012618297,0.6643007360672976,0.714335475165615,upstroke_downstroke_ratio_long_square,-0.3173826742821027,2.2668346694812122e-85,0.3173826742821027,15,0.133100055304427,3654,2.397014055797809,1.0366706901524294,6.363636363636363,10,5,0.0,0.0,0.0,0.0,0.0,1.0,1.0,0.1356970551118292,1.0,0.7449879385782805,4,0.4354854951814815,C — exploratory,strong,low,low,187
272,KIF26B,Kif26b,55083,homologene,0.6971693285496043,0.5793901156677181,0.8467402733964248,0.7004234040519133,tau,0.2249398369156205,2.5999845109103133e-42,0.2249398369156205,13,0.0767353895503885,3654,3.9572039597606734,2.0085004244971545,12.959381044487428,10,7,0.0010543292547155,0.16333333333333333,0.0,0.0,0.0,1.0,0.8,0.0899566760361794,0.7999999999999999,0.5829696732253257,4,0.4344866791245604,C — exploratory,moderate,low,low,188
221,ATP2A2,Atp2a2,488,homologene,0.7219892088141352,0.7673501577287065,0.6673238696109358,0.7155914173619485,tau,-0.262738785685041,8.529468175471641e-58,0.262738785685041,17,0.1415090320108651,3654,2.0606239359056278,0.7532117470599743,7.272727272727272,10,5,0.0,0.0,0.0,0.0,0.0,1.0,1.0,0.1337289800271611,0.8285714285714287,0.7093245717332985,4,0.4287997198145882,C — exploratory,strong,low,low,189
248,MYT1L,Myt1l,23040,homologene,0.7077469202015246,0.591745531019979,0.8548895899053628,0.7112503738782855,ri,0.1923834353449988,4.571529789646003e-31,0.1923834353449988,15,0.0838194551907036,3654,4.170250162301596,1.4946492395736162,13.636363636363637,10,6,0.0,0.0,0.0,0.0,0.0,1.0,1.0,0.1114939888992563,0.7,0.6680457922294795,4,0.4229361826309643,C — exploratory,strong,low,low,190
288,NTN4,Ntn4,59277,homologene,0.6903465107750184,0.8065194532071503,0.5536277602523659,0.6682152037173634,upstroke_downstroke_ratio_long_square,-0.3653341563120466,1.1628660043826414e-114,0.3653341563120466,15,0.1295079618038393,3654,1.85309865119947,0.8977041672424344,7.5,9,5,0.0,0.0,0.0,0.0,0.0,0.99,1.0,0.1472745944625859,1.0,0.75309221612381,4,0.42264788591666524,C — exploratory,strong,low,low,191
255,SPTBN4,Sptbn4,57731,homologene,0.7046192186224962,0.6006834910620399,0.8359621451104101,0.7086244842796732,upstroke_downstroke_ratio_long_square,-0.2191578893936549,2.146652510681825e-40,0.2191578893936549,14,0.0887773451906974,3654,3.6351472643814895,1.16043875028946,12.727272727272728,10,6,0.0,0.0,0.0,0.0,0.0,1.0,1.0,0.0865535008338093,0.7999999999999999,0.6705874505836665,4,0.4214466173512233,C — exploratory,strong,low,low,192
485,NPAS1,Npas1,4861,homologene,0.5873304621405818,0.8903785488958991,0.258937960042061,0.4801591456135294,tau,0.4271844290955588,2.4460110226644624e-160,0.4271844290955588,16,0.2035272775403073,3654,0.970437038881588,0.4995392438295136,3.863636363636364,7,2,0.0094225111210235,0.9466666666666667,0.0,0.0,0.0,0.66,,,,0.0,4,0.41919663512092536,C — exploratory,limited,low,high,193
287,PLCH1,Plch1,23007,homologene,0.6909368859502407,0.5325972660357519,0.8948475289169296,0.6903574055661351,upstroke_downstroke_ratio_long_square,-0.1613383348193903,2.591996101713422e-22,0.1613383348193903,15,0.0865928812968783,3654,4.702339325122143,1.897696576612773,20.0,10,8,0.0,0.0,0.0,0.0,0.0,1.0,1.0,0.0679857957100183,0.7142857142857143,0.6404471998541558,4,0.41357839896136744,C — exploratory,strong,low,low,194
310,ACSL3,Acsl3,2181,homologene,0.675819253869757,0.8475289169295479,0.4776550998948475,0.6362597814413191,upstroke_downstroke_ratio_long_square,-0.3242134829868829,3.1085853009255768e-89,0.3242134829868829,17,0.1193647136110301,3654,1.3874872902665625,0.516906836610266,6.382978723404255,9,3,0.0,0.0,0.0,0.0,0.0,0.9833333333333332,1.0,0.1315790195288971,1.0,0.7421053136702279,4,0.41345786609892465,C — exploratory,strong,low,low,195
154,KCNC1,Kcnc1,3746,homologene,0.7634766555568228,0.9426919032597266,0.5557308096740273,0.7237975785201811,tau,-0.4111747943178607,1.6553174885717837e-147,0.4111747943178607,18,0.2373931465825975,3654,1.3788967519844249,0.8623029425734512,5.415860735009671,10,5,0.0,0.0,0.0,0.0,0.0,1.0,0.6666666666666666,0.1947069384876971,0.6,0.5562948569413879,4,0.4109435139750284,C — exploratory,moderate,low,low,196
353,SLC4A8,Slc4a8,9498,homologene,0.6534603502935203,0.6424815983175605,0.6669295478443743,0.6545914465254351,upstroke_downstroke_ratio_long_square,-0.22634898915402,4.589381544077782e-43,0.22634898915402,15,0.1126862921443956,3654,2.645023462352567,0.686052902516624,10.909090909090908,9,4,0.0,0.0,0.0,0.0,0.0,0.98,1.0,0.1114531123165965,1.0,0.7280171786216176,4,0.40748566495671046,C — exploratory,strong,low,low,197
316,DYNC2H1,Dync2h1,79659,homologene,0.6737763556098857,0.500788643533123,0.8980021030494217,0.670603649763414,upstroke_downstroke_ratio_long_square,-0.1616498274945189,2.1554485011227357e-22,0.1616498274945189,14,0.0655698626246804,3654,5.883915196708521,2.3837349460731394,16.634429400386846,10,9,0.0,0.0,0.0,0.0,0.0,1.0,1.0,0.0676901411142936,0.6,0.6173830987800055,4,0.40323476907251,C — exploratory,strong,low,low,198
371,KIF21A,Kif21a,55605,homologene,0.6436972675906912,0.5068349106203995,0.8192691903259727,0.6443867059871048,tau,0.1655415679958918,2.926721976224425e-23,0.1655415679958918,14,0.0648325296208392,3654,3.5324180554895124,1.6813481609200938,11.411992263056092,10,7,0.0,0.0,0.0,0.0,0.0,1.0,1.0,0.0969693412733227,0.7999999999999999,0.6778785388913259,4,0.4007965279675396,C — exploratory,strong,low,low,200
356,NAV2,Nav2,89797,homologene,0.6517098948700029,0.4800210304942165,0.8746056782334385,0.6479422188295098,avg_isi,0.1660920665807189,3.194643750470301e-23,0.1660920665807189,13,0.0656172761944158,3654,4.621316043649944,2.4222661866835278,15.087040618955513,10,8,0.0,0.0,0.0,0.0,0.0,1.0,1.0,0.0796520327334573,0.7,0.6457564229134202,4,0.40007662632821506,C — exploratory,strong,low,low,201
457,USP11,Usp11,8237,homologene,0.5992858391486532,0.5562565720294427,0.6527339642481599,0.6025674712427399,tau,0.1535526446815938,3.720483365667458e-20,0.1535526446815938,16,0.0852942966301187,3654,2.0632678650535894,1.116104244871556,6.769825918762089,10,5,0.0009443849029619,0.06666666666666667,0.0,0.0,0.0,0.89,1.0,0.0984339115212046,0.942857142857143,0.7074751666362719,4,0.3966264739161082,C — exploratory,strong,low,low,202
405,SPTAN1,Sptan1,6709,homologene,0.6239689902349915,0.472397476340694,0.819794952681388,0.6223094622159673,threshold_i_long_square,0.1488208533496262,5.0492553575379855e-19,0.1488208533496262,14,0.0744920153065024,3654,3.505672889483594,1.933237329685837,11.60541586073501,10,8,0.0,0.0,0.0,0.0,0.0,0.9966666666666668,1.0,0.0901986919668335,0.7999999999999999,0.6731390843767835,4,0.3930663026797731,C — exploratory,strong,low,low,203
325,PRMT8,Prmt8,56341,homologene,0.6662191011265017,0.8998422712933754,0.402602523659306,0.6018959788186284,tau,-0.3863021028837877,6.114208086260633e-129,0.3863021028837877,17,0.1377345953316071,3654,1.5508878706238094,0.7125330482603252,5.222437137330754,8,4,0.0,0.0,0.0,0.0,0.0,1.0,0.8333333333333334,0.1663000944964931,0.8285714285714287,0.657124351861831,4,0.3919138293629025,C — exploratory,strong,low,low,204
456,SGK1,Sgk1,6446,homologene,0.5997281101698657,0.731335436382755,0.4466351209253417,0.571524357368782,tau,-0.287621305103511,1.7138884143658978e-69,0.287621305103511,15,0.1203525826746204,3654,1.2128164967117443,0.4395064295537355,5.996131528046422,9,3,0.000871362689013,0.02666666666666667,0.0,0.0,0.0,0.63,1.0,0.1380533159991559,0.7714285714285715,0.7009230354851235,4,0.3811120518919774,C — exploratory,strong,low,low,205
454,BSN,Bsn,8927,homologene,0.6015788409048778,0.3682965299684542,0.9137749737118822,0.5801208080995731,upstroke_downstroke_ratio_long_square,-0.1307682508429844,4.452635425487357e-15,0.1307682508429844,12,0.0562357459549236,3654,6.220603435895132,2.280728792906647,22.954545454545453,10,9,0.0,0.0,0.0,0.0,0.0,0.9666666666666668,0.75,0.0979248669164139,0.7999999999999999,0.5660474068414898,4,0.3696237821043652,C — exploratory,moderate,low,low,206
133,CNTNAP2,Cntnap2,26047,homologene,0.7807577131450355,0.6729758149316508,0.9166666666666666,0.7854263154622971,threshold_i_ramp,0.2198624347238866,2.1587274247882555e-40,0.2198624347238866,16,0.1094915245285509,3654,6.751626070565997,3.731379225645496,23.181818181818183,10,8,0.0,0.0,0.0,0.0,0.0,1.0,0.2,0.1564011609078053,0.0999999999999999,0.2194808126354637,4,0.36182465884675624,C — exploratory,limited,low,low,207
466,CSMD2,Csmd2,114784,homologene,0.5961529273803745,0.3496319663512092,0.9282334384858044,0.569684195261494,upstroke_downstroke_ratio_long_square,0.1034089182413454,6.671403897996e-10,0.1034089182413454,14,0.051872006521258,3654,9.862015558091676,4.388042806083411,39.54545454545455,10,9,0.0,0.0,0.0,0.0,0.0,0.9466666666666668,0.2,0.104351012309896,0.0,0.1630457086169272,4,0.28818222269078814,C — exploratory,limited,low,low,209
56,NETO1,Neto1,81832,homologene,0.8426912315615354,0.8824921135646688,0.7945583596214512,0.8373717729496324,tau,0.4120113680614053,3.745067689689442e-148,0.4120113680614053,16,0.1467537192772711,3654,3.2664981688229986,1.5811704417933738,10.0,10,6,0.0013555692929512,0.3466666666666667,0.0,0.0866666666666666,1.0,1.0,0.6666666666666666,0.1122797597725324,0.2571428571428572,0.4300244032693441,5,0.6907483086244262,B — robust,moderate,high,low,210
69,RIMBP2,Rimbp2,23504,homologene,0.8333078804654918,0.8220294426919033,0.8471345951629864,0.83448761473545,threshold_i_long_square,0.2987958710572863,4.756350787216264e-75,0.2987958710572863,17,0.1672529030780588,3654,4.19644311992951,1.8839703025978136,12.5,10,9,0.0,0.0,0.0,0.0066666666666666,1.0,1.0,0.6666666666666666,0.1674577446968161,0.7142857142857143,0.5600775641449142,5,0.6458483203999608,B — robust,moderate,high,low,211
49,SCN8A,Scn8a,6334,homologene,0.8491739978894353,0.8711882229232387,0.8224237644584648,0.8464549000675761,upstroke_downstroke_ratio_long_square,-0.3206763385294896,3.259429062514536e-87,0.3206763385294896,18,0.146624363878066,3654,3.6836476611838336,1.7116904508478985,11.136363636363637,10,8,0.0,0.0,0.0,0.5533333333333333,1.0,1.0,0.6666666666666666,0.1184744310338324,0.7142857142857143,0.5257892445808255,5,0.6438802463925057,B — robust,moderate,high,low,212
76,CAMTA1,Camta1,23261,homologene,0.8274281386703639,0.8322818086225027,0.8215036803364879,0.8268751833623346,upstroke_downstroke_ratio_long_square,-0.3512818438538124,1.4656178526112095e-105,0.3512818438538124,16,0.1108835784460534,3654,3.840203919092841,1.8679773251585745,10.831721470019342,10,7,0.0,0.0,0.0,0.0866666666666666,1.0,1.0,0.8,0.0860988860426581,0.7,0.5602692202298607,5,0.6428109418377703,B — robust,moderate,high,low,213
95,ARAP2,Arap2,116984,homologene,0.8141495494101807,0.8661934805467929,0.7514458464773922,0.8067821844851827,upstroke_downstroke_ratio_long_square,-0.3498550387899178,1.1522447686837041e-104,0.3498550387899178,17,0.1710114661974752,3654,4.040746767859314,1.0121320997346253,14.318181818181818,9,5,0.0012735029990377,0.2866666666666667,0.0,0.3433333333333333,0.6,1.0,0.6,0.1647721612854218,0.3,0.4453405128997953,5,0.5899293013181295,C — exploratory,moderate,low,low,214
86,ARPP21,Arpp21,10777,homologene,0.8215111183704181,0.9061514195583596,0.7204258675078865,0.8079696297069798,upstroke_downstroke_ratio_long_square,0.4886513573492591,4.766294734678931e-217,0.4886513573492591,16,0.1465273214513539,3654,3.39273057893186,0.8269971363681248,12.727272727272728,9,4,0.0014293851771301,0.38,0.0,0.29,0.6366666666666667,1.0,0.2,0.1960624475032342,0.3,0.2872437132522639,5,0.5860975333970353,C — exploratory,limited,low,low,215
231,PRKCA,Prkca,5578,homologene,0.7168388304614379,0.8598843322818087,0.5496845425867508,0.687506455146306,tau,-0.3813445087272319,1.9858741187155385e-125,0.3813445087272319,16,0.1970953244756406,3654,1.5639087450019815,0.7602429309688823,4.642166344294004,10,4,0.0049863292593731,0.8633333333333333,0.0,0.0,0.0,1.0,0.8,0.2201659581884331,0.4999999999999999,0.6141161707319033,5,0.5774036757867592,C — exploratory,strong,low,high,216
244,GAP43,Gap43,2596,homologene,0.7115666124922153,0.8990536277602524,0.4956624605678234,0.6675530940068174,tau,0.3861563458817981,7.635634173379655e-129,0.3861563458817981,17,0.1991793131220685,3654,1.2904299326707702,0.5312187777042905,3.863636363636364,10,4,0.004711086740926,0.85,0.0,0.0,0.0,1.0,0.8333333333333334,0.1737698674034101,0.7142857142857143,0.6394960500395299,5,0.5768424276735212,C — exploratory,strong,low,high,217
93,PDE1C,Pde1c,5137,homologene,0.8159958639420577,0.7818086225026288,0.8581756046267087,0.8191026109826337,ri,0.2724476622441845,4.190614522915333e-62,0.2724476622441845,17,0.1187748145957226,3654,3.780327542452885,1.455225857410502,15.681818181818182,10,6,0.0,0.0,0.0,0.0,0.6433333333333333,1.0,0.8,0.1574495184762156,0.6,0.5902146629333509,5,0.5747064446792044,C — exploratory,moderate,low,low,218
185,PRKD1,Prkd1,5587,homologene,0.7422312833127462,0.8698738170347003,0.5921398527865406,0.7176955858592092,upstroke_downstroke_ratio_long_square,0.3535099575032849,5.654278921854868e-107,0.3535099575032849,17,0.1702458114729603,3654,2.534592474479861,0.9728214895014674,7.156673114119923,9,5,0.0021443496359703,0.63,0.0,0.0,0.08,1.0,1.0,0.1135489356288535,0.7714285714285715,0.6837699692259118,5,0.5711567278094305,C — exploratory,strong,low,moderate,219
328,TOX3,Tox3,27324,homologene,0.6641889826150968,0.9045741324921136,0.393664563617245,0.5967401286380496,threshold_i_long_square,0.3651205795177332,5.387933846373834e-114,0.3651205795177332,18,0.2152837790691445,3654,1.2510069252142908,0.6151370897441877,4.061895551257253,9,3,0.0050065314542139,0.8666666666666667,0.0,0.0,0.0,1.0,0.6666666666666666,0.1644010869837913,0.8857142857142858,0.592223618031511,5,0.5514257961615072,C — exploratory,moderate,low,high,220
254,SLC24A2,Slc24a2,25769,homologene,0.7059401980742296,0.9040483701366984,0.4787066246056782,0.6578555645036406,upstroke_downstroke_ratio_long_square,-0.4736964808792656,3.2991039597335046e-202,0.4736964808792656,16,0.1664634614013848,3654,1.8777301397857584,0.6646406365138153,4.835589941972921,9,4,0.0024917934911073,0.7,0.0,0.0,0.0333333333333333,1.0,0.8333333333333334,0.1159807762201365,0.7714285714285715,0.6104722576398098,5,0.5453121171431039,C — exploratory,strong,low,moderate,221
99,EPHB6,Ephb6,2051,homologene,0.8101802058288206,0.8364879074658255,0.7782597266035752,0.8068487157897384,upstroke_downstroke_ratio_long_square,-0.3982448690126545,7.098601709689965e-138,0.3982448690126545,15,0.1235191042812499,3654,3.231359024049956,1.2033366886447592,9.090909090909092,10,6,0.0,0.0,0.0,0.0066666666666666,0.52,1.0,0.8,0.1029434847261002,0.6,0.5520604393082702,5,0.5373616146755341,C — exploratory,moderate,low,low,222
208,CLSTN2,Clstn2,64084,homologene,0.7283793245606007,0.673764458464774,0.796267087276551,0.732459188523298,tau,-0.2477456180667942,2.485574992528977e-51,0.2477456180667942,15,0.0944171754475055,3654,3.119699123196195,1.7470413576685475,10.681818181818182,10,6,0.0026809196920048,0.73,0.0,0.0,0.0,1.0,0.6666666666666666,0.0753932554978005,0.6571428571428573,0.4842038502770318,5,0.5368470792036714,C — exploratory,moderate,low,moderate,223
225,GRIA3,Gria3,2892,homologene,0.7203078178002549,0.7752365930599369,0.6543112513144059,0.7122120648162064,upstroke_downstroke_ratio_long_square,-0.367656044143592,3.2880753505388966e-116,0.367656044143592,14,0.1432270516790194,3654,2.89951788202177,1.5530408646461973,8.704061895551257,9,7,0.0021023249512185,0.62,0.0,0.0,0.0,1.0,0.8,0.1443785426688618,0.7999999999999999,0.6210649798682034,5,0.5341225648485093,C — exploratory,strong,low,moderate,224
268,PENK,Penk,5179,homologene,0.7001033142793833,0.8753943217665615,0.4976340694006309,0.6600197259710495,threshold_i_short_square,-0.360482849910655,2.4218474271148706e-110,0.360482849910655,17,0.1690121482407769,3654,1.5965023607366653,0.6617387867588151,8.636363636363637,8,4,0.0023024020646814,0.66,0.0,0.0,0.0033333333333333,0.9233333333333332,0.8333333333333334,0.1333038782527924,0.7714285714285715,0.622598429062669,5,0.5317920307126389,C — exploratory,strong,low,moderate,225
262,CDH13,Cdh13,1012,homologene,0.7018959952365434,0.7613038906414301,0.630651945320715,0.6929053179282483,tau,0.28350878665453,1.763273436134097e-67,0.28350878665453,16,0.1019280702388358,3654,2.422695989161631,0.7852042287134748,9.090909090909092,9,5,0.0017888070720147,0.54,0.0,0.0,0.0,1.0,0.8333333333333334,0.1482752788057499,0.942857142857143,0.6673641237354535,5,0.5198639919395197,C — exploratory,strong,low,moderate,226
174,SLC24A3,Slc24a3,57419,homologene,0.7508029330601654,0.9077287066246056,0.5678233438485804,0.7179342236604483,upstroke_downstroke_ratio_long_square,0.3675126996166235,4.0670794663227474e-116,0.3675126996166235,18,0.1838858219358518,3654,2.12300312652492,0.7669388115143734,7.272727272727272,9,4,0.0016416106249602,0.4766666666666667,0.0,0.0,0.08,1.0,0.8333333333333334,0.1535998189400884,0.2571428571428572,0.5339484446866334,5,0.5132334323652972,C — exploratory,moderate,low,low,227
227,COL25A1,Col25a1,84570,homologene,0.7193440963212316,0.6974237644584648,0.7463196635120926,0.7214576004284509,tau,0.2392392412596224,7.486709600233146e-48,0.2392392412596224,16,0.1219138846281048,3654,2.853200630138183,1.215822579964257,8.409090909090908,10,5,0.0022904536129453,0.6533333333333333,0.0,0.0,0.0,1.0,0.6666666666666666,0.1117967555167472,0.4285714285714286,0.4639720145760088,5,0.5122097551759799,C — exploratory,moderate,low,moderate,228
197,GABRA2,Gabra2,2555,homologene,0.7348909331982927,0.8485804416403786,0.6006834910620399,0.7139525629420419,ri,0.2992498336215351,3.0492742753460856e-75,0.2992498336215351,18,0.1812629164449221,3654,2.4889475028525614,0.8558452254239493,7.5,9,4,0.0026878247447498,0.7333333333333333,0.0,0.0,0.0333333333333333,1.0,0.5,0.1654831688165796,-0.0285714285714285,0.3408382181716057,5,0.5113537635081382,C — exploratory,limited,low,moderate,229
279,DAB1,Dab1,1600,homologene,0.6957862303529276,0.7231861198738171,0.6625920084121977,0.6922263673272038,tau,-0.2833758720309973,2.0321159937530708e-67,0.2833758720309973,15,0.1085099144272496,3654,3.0858943373556715,1.0197258046984654,14.318181818181818,8,6,0.0017684985080882,0.53,0.0,0.0,0.0,0.97,1.0,0.1080645070517718,0.5428571428571429,0.634216583507669,5,0.5099989423587368,C — exploratory,strong,low,moderate,230
362,SGCZ,Sgcz,137868,homologene,0.6495109353346975,0.6109358569926394,0.697292323869611,0.6526874316682296,upstroke_downstroke_ratio_long_square,0.2276588484466874,1.4659023270411213e-43,0.2276588484466874,14,0.0727080178669268,3654,2.011232136608213,0.810548386642838,8.636363636363637,10,5,0.0019582057512455,0.6033333333333334,0.0,0.0,0.0,0.8,0.75,0.1445682621580949,0.7999999999999999,0.5986977835106665,5,0.5020518595412501,C — exploratory,moderate,low,moderate,231
180,ANO3,Ano3,63982,homologene,0.7471887117686034,0.7334384858044164,0.7640641430073606,0.748594715520199,upstroke_downstroke_ratio_long_square,-0.3792771875044085,3.597864974859377e-124,0.3792771875044085,12,0.1193847297422913,3654,3.074343783000254,1.872985942051419,8.636363636363637,10,6,0.0017782103399962,0.5333333333333333,0.0,0.0,0.0,1.0,0.6666666666666666,0.2502179411418187,,0.4751525587992731,5,0.5011977041888767,C — exploratory,moderate,low,moderate,232
215,ADAMTS17,Adamts17,170691,homologene,0.7232838454110398,0.8020504731861199,0.6293375394321766,0.7104649683801205,tau,-0.3165378776951984,1.0944259248094143e-84,0.3165378776951984,16,0.1510546350498224,3654,2.72004860318303,0.9921652753812432,8.181818181818182,9,5,0.0016870870757952,0.5033333333333333,0.0,0.0,0.0,1.0,0.8333333333333334,0.1018064154825843,0.6,0.5662644908378089,5,0.5001971673578878,C — exploratory,moderate,low,moderate,233
104,PDZRN3,Pdzrn3,23024,homologene,0.8071991720559406,0.8798633017875921,0.7201629863301787,0.7960182051798084,tau,-0.3304169164108799,1.3407838186197834e-92,0.3304169164108799,18,0.1743339595131444,3654,2.7283298625966355,2.026370966607095,7.420494699646643,10,8,0.0,0.0,0.0,0.0966666666666666,0.4333333333333333,1.0,0.5,0.1861214058218983,0.4857142857142857,0.4524278412181859,5,0.49715749253385794,C — exploratory,moderate,low,low,234
178,CDH12,Cdh12,1010,homologene,0.748734547217478,0.6711356466876971,0.8458201892744479,0.7534321998097884,threshold_i_short_square,-0.2708879803724888,6.236921554446726e-61,0.2708879803724888,14,0.1109942732316778,3654,4.3304542151632655,1.3332876498693291,12.045454545454543,10,8,0.002217493948617,0.6433333333333333,0.0,0.0,0.0,1.0,0.4,0.1237144076385485,0.0999999999999999,0.286600085346984,5,0.48937785092849256,C — exploratory,limited,low,moderate,235
432,NLGN1,Nlgn1,22871,homologene,0.610223361137481,0.5633543638275499,0.6685068349106205,0.6136825259818317,upstroke_downstroke_ratio_long_square,0.1950558282819022,3.8527144200062166e-32,0.1950558282819022,14,0.0719013936858444,3654,2.243959070403694,1.062437555408581,6.769825918762089,10,6,0.0018344508483134,0.5666666666666667,0.0,0.0,0.0,0.87,0.8333333333333334,0.1330583532514161,0.8285714285714287,0.6338551329902771,5,0.48647659967902274,C — exploratory,strong,low,moderate,236
158,PARM1,Parm1,25849,homologene,0.760575783922818,0.8882754994742377,0.6102786540483702,0.7362714012124072,tau,-0.3730458820161809,1.1410566621457813e-119,0.3730458820161809,17,0.1461869995382299,3654,1.3482532360535706,0.3204971135657509,7.5,10,3,0.0013323369322839,0.32666666666666666,0.0,0.0,0.01,1.0,0.8333333333333334,0.133722388788003,0.6,0.5886056721516022,5,0.4847652984681753,C — exploratory,moderate,low,low,237
170,PRKG1,Prkg1,5592,homologene,0.7544559784935789,0.7975814931650893,0.7024185068349107,0.7484891458853499,upstroke_downstroke_ratio_long_square,-0.3545998178255332,1.1450207033662988e-107,0.3545998178255332,15,0.1279333976661539,3654,2.2398094387903376,0.8558452254239493,7.954545454545454,10,4,0.00133520532864,0.33,0.0,0.0,0.0,1.0,0.8,0.1361711678549132,0.6,0.5753198174984393,5,0.48106396349968783,C — exploratory,moderate,low,low,238
131,OSBPL3,Osbpl3,26031,homologene,0.7831132385035158,0.8945846477392219,0.6511566771819138,0.7632265500359802,tau,-0.3800124362322258,1.7063590678932943e-124,0.3800124362322258,17,0.1465213051648582,3654,2.038341050956347,0.832108543910473,6.769825918762089,10,5,0.0018033545104893,0.5466666666666666,0.0,0.0,0.02,1.0,0.5,0.0815127152011914,-0.0857142857142857,0.282058900640834,5,0.47889337844572727,C — exploratory,limited,low,moderate,239
232,MGAT4C,Mgat4c,25834,homologene,0.7166340104746031,0.79863301787592,0.6189537329127235,0.7030767295549288,upstroke_downstroke_ratio_long_square,-0.3554464767312608,3.3106105448724962e-108,0.3554464767312608,15,0.1187967503200575,3654,2.617901357196006,1.550828151865569,7.954545454545454,9,7,0.0023585970083345,0.68,0.0,0.0,0.0,1.0,0.3333333333333333,0.0929673242621413,-0.0857142857142857,0.2150771269834989,5,0.46253277555442845,C — exploratory,limited,low,moderate,240
367,KCNAB1,Kcnab1,7881,homologene,0.6466666997358147,0.9056256572029444,0.3579127234490011,0.5693285039366967,upstroke_downstroke_ratio_long_square,-0.3911317964295805,1.2678154228383447e-132,0.3911317964295805,17,0.1917712283710629,3654,1.3014790279315662,0.4726304800921226,4.642166344294004,8,4,0.001716070307887,0.51,0.0,0.0,0.0,1.0,0.6666666666666666,0.1265177293813164,0.7142857142857143,0.5314195534240643,5,0.46099158681520197,C — exploratory,moderate,low,moderate,241
117,BRINP2,Brinp2,57795,homologene,0.7943625859679005,0.7655099894847529,0.8299158780231335,0.7970626669583254,threshold_i_short_square,0.2617183808011257,8.188853012635316e-57,0.2617183808011257,17,0.1245819454018406,3654,3.4523301305400467,1.7865344969396584,12.954545454545457,10,6,0.0011316003915857,0.21,0.0,0.0,0.0,1.0,0.6,0.1396405946030882,0.6,0.4877484162221617,5,0.45863485674600957,C — exploratory,moderate,low,low,242
156,PTPRO,Ptpro,5800,homologene,0.7616637686310157,0.7413249211356466,0.7866719242902208,0.763661903091987,upstroke_downstroke_ratio_long_square,0.3259594214025829,3.088376836398509e-90,0.3259594214025829,14,0.0995688072219987,3654,2.863220963355668,1.0366706901524294,10.909090909090908,10,5,0.001073398400956,0.18,0.0,0.0,0.0,1.0,0.75,0.0984872754716475,0.7999999999999999,0.5664410928301533,5,0.45488758765120413,C — exploratory,moderate,low,low,243
216,FSTL4,Fstl4,23105,homologene,0.723170960378162,0.8259726603575185,0.6014721345951629,0.7048400805448581,upstroke_downstroke_ratio_long_square,0.445920401396863,1.4082607216386867e-176,0.445920401396863,14,0.13448269524692,3654,1.949846506636057,1.1883821397914525,5.222437137330754,10,6,0.0011352960229428,0.22333333333333333,0.0,0.0,0.0,1.0,0.75,0.1580271528338339,0.7999999999999999,0.6081190069836838,5,0.45177942705393975,C — exploratory,strong,low,low,244
406,AK5,Ak5,26289,homologene,0.6235237080945731,0.6866456361724501,0.5481072555205048,0.6134781619239699,latency,0.2991969092329074,4.874734953120298e-74,0.2991969092329074,13,0.0885332358867754,3654,1.965013335467625,0.7107393841992545,7.045454545454546,9,4,0.0013262373261212,0.32,0.0,0.0,0.0,0.86,1.0,0.1130370653897503,0.7999999999999999,0.6891259457728253,5,0.44877576749315606,C — exploratory,strong,low,low,245
109,CUX2,Cux2,23316,homologene,0.8016454274297742,0.7699789695057834,0.8406940063091483,0.804559944719849,upstroke_downstroke_ratio_long_square,-0.3186444643993179,4.512215432856712e-86,0.3186444643993179,15,0.1331126931544301,3654,3.7995507273594455,1.4402713085571957,12.727272727272728,10,6,0.0,0.0,0.0,0.0,0.0266666666666666,1.0,0.75,0.1369779592657942,0.7999999999999999,0.5933845714860561,5,0.44614484279353084,C — exploratory,moderate,low,low,246
110,DGKB,Dgkb,1607,homologene,0.8005133118745202,0.7915352260778127,0.8115141955835963,0.8014624584262299,upstroke_downstroke_ratio_long_square,0.3859168264441014,7.153708301872791e-129,0.3859168264441014,14,0.1153893242514164,3654,3.572243969187868,1.6909322024845914,10.681818181818182,10,7,0.0013080569678339,0.30333333333333334,0.0,0.0,0.11,1.0,0.2,0.1446230132180418,0.0,0.1912361092526293,5,0.4415237728494743,C — exploratory,limited,low,low,247
218,CNTN3,Cntn3,5067,homologene,0.7223889993281074,0.6990010515247108,0.7511829652996845,0.7246224414354898,tau,0.3130403890796933,9.497348471863464e-83,0.3130403890796933,13,0.1112085200758025,3654,3.028929445953074,1.3417671643471287,8.123791102514506,10,6,0.0011322560683584,0.22,0.0,0.0,0.0,1.0,0.6,0.1315940323314764,0.7,0.5021158226320335,5,0.4344599678912857,C — exploratory,moderate,low,low,248
181,EPHA3,Epha3,2042,homologene,0.7454517012624353,0.7471083070452155,0.7434279705573082,0.7452658669851524,upstroke_downstroke_ratio_long_square,0.2725671534523542,1.7730629552068755e-62,0.2725671534523542,16,0.1208918598365316,3654,4.262926586110559,1.387684965174028,12.5,9,6,0.0010449860037127,0.15666666666666668,0.0,0.0,0.0,1.0,0.8,0.046333544421179,0.6,0.5124334810948253,5,0.4319272850728032,C — exploratory,moderate,low,low,249
164,RALGAPA2,Ralgapa2,57186,homologene,0.7577863568167916,0.7447423764458465,0.7737907465825447,0.7591276305613504,upstroke_downstroke_ratio_long_square,-0.2714280399104534,5.87753648532404e-62,0.2714280399104534,16,0.1095404481367904,3654,2.9631654109430707,1.062437555408581,9.477756286266924,10,6,0.0,0.0,0.0,0.0,0.0,1.0,0.8,0.1158417340392272,1.0,0.6410892138274591,5,0.4319244673711701,C — exploratory,strong,low,low,250
384,CNTN6,Cntn6,27255,homologene,0.6368602327808603,0.4656940063091482,0.8593585699263934,0.6326121523375301,upstroke_downstroke_ratio_long_square,-0.204324258278479,3.4056692355384525e-35,0.204324258278479,9,0.0668406122865925,3654,4.445293896098781,1.7901616722038174,13.346228239845262,10,8,0.0015137473697084,0.43333333333333335,0.0,0.0,0.0,0.9966666666666668,0.6666666666666666,0.1322491849456582,,0.3925744294619607,5,0.43019206780616714,C — exploratory,limited,low,low,251
251,NELL2,Nell2,4753,homologene,0.7072537959966709,0.6432702418506835,0.7870662460567823,0.711545005219948,fast_trough_v_long_square,0.250160334102174,3.787811621261143e-52,0.250160334102174,14,0.0928991411356471,3654,2.9532523359519414,1.1663190331946294,10.454545454545457,10,5,0.0009418064112379,0.06,0.0,0.0,0.0,1.0,1.0,0.1698499843869704,0.3999999999999999,0.6488949890708793,5,0.4278462953956691,C — exploratory,strong,low,low,252
217,RASGRF2,Rasgrf2,5924,homologene,0.7227201641775796,0.7076761303890641,0.7411934805467929,0.7242409365556164,threshold_i_short_square,0.2453287659477985,7.280354646447384e-50,0.2453287659477985,16,0.1182262107288348,3654,2.8886521923600705,1.4248835674826976,7.93036750483559,10,7,0.0,0.0,0.0,0.0,0.0,1.0,1.0,0.0744025518344257,0.8857142857142858,0.6792246434269552,5,0.4256188508725624,C — exploratory,strong,low,low,253
223,DPP6,Dpp6,1804,homologene,0.7208344612970263,0.6900630914826499,0.7588065194532071,0.7236189416060567,tau,0.2339479633513036,9.28282093010331e-46,0.2339479633513036,16,0.0803452608971472,3654,3.181865896623445,1.3417671643471287,8.181818181818182,10,6,0.0,0.0,0.0,0.0,0.0,1.0,0.8333333333333334,0.1372329579798746,0.942857142857143,0.6596344991573408,5,0.4217008220186395,C — exploratory,strong,low,low,254
258,DAPK1,Dapk1,1612,homologene,0.7038011685483776,0.6458990536277601,0.775893796004206,0.7079188290720675,tau,0.2285567124885933,1.0998626885797322e-43,0.2285567124885933,15,0.1040226933918615,3654,2.872319276357026,1.093668772349911,9.86460348162476,10,5,0.0,0.0,0.0,0.0,0.0,1.0,1.0,0.1003258248071504,0.7714285714285715,0.6745137916507196,5,0.41926132825653717,C — exploratory,strong,low,low,255
334,CDKL5,Cdkl5,6792,homologene,0.6607680444697366,0.5799158780231335,0.7623554153522608,0.6649075199301757,tau,-0.2425174216348467,3.581951250572494e-49,0.2425174216348467,12,0.0751462141984866,3654,2.525847622909155,0.9259171743044692,10.638297872340424,10,5,0.0011263781449753,0.20666666666666667,0.0,0.0,0.0,0.9766666666666668,0.8333333333333334,0.0907943982927111,0.5428571428571429,0.5471275073763264,5,0.41921309348367747,C — exploratory,moderate,low,low,256
176,EXOC4,Exoc4,60412,homologene,0.7501293905409119,0.8209779179810726,0.6653522607781284,0.7390801808854216,upstroke_downstroke_ratio_long_square,-0.2976583672623678,8.871857185996754e-75,0.2976583672623678,17,0.1280432452054149,3654,2.1596524096932206,0.7576436993962526,6.963249516441006,10,4,0.0,0.0,0.0,0.0,0.0,1.0,0.8333333333333334,0.0969540410080547,0.8285714285714287,0.608582114419924,5,0.41898245863582495,C — exploratory,strong,low,low,257
235,RGS7,Rgs7,6000,homologene,0.7157064493258661,0.6359095688748685,0.8157202944269191,0.7202252014137681,adaptation,-0.2202142265579019,2.284128800850234e-40,0.2202142265579019,15,0.1004696474839923,3654,2.9869205153927525,1.0408632546393122,13.181818181818182,10,5,0.0,0.0,0.0,0.0,0.0,1.0,0.8,0.1388472647065526,0.8999999999999998,0.6371930852945868,5,0.4177645897192749,C — exploratory,strong,low,low,258
237,SEMA5B,Sema5b,54437,homologene,0.715034294251099,0.7339642481598317,0.6920347003154573,0.7126911873438236,threshold_i_short_square,-0.2897733453347099,5.5349690862323737e-70,0.2897733453347099,15,0.1146632908003914,3654,3.147901754993544,1.062437555408581,10.681818181818182,9,6,0.0,0.0,0.0,0.0,0.0,1.0,1.0,0.1028575946255941,0.7,0.6620003162379159,5,0.417599852942641,C — exploratory,strong,low,low,259
142,OSBPL1A,Osbpl1a,114876,homologene,0.7749639739606107,0.8796004206098843,0.650893796004206,0.756654780423453,upstroke_downstroke_ratio_long_square,-0.3301963900288533,1.0692749692160163e-92,0.3301963900288533,18,0.1638411760454265,3654,1.965325668286456,1.3417671643471287,6.963249516441006,10,6,0.0,0.0,0.0,0.0,0.0433333333333333,1.0,0.6666666666666666,0.1769229554118071,0.3714285714285715,0.4981317830739792,5,0.4143918666042805,C — exploratory,moderate,low,low,260
305,ITSN1,Itsn1,6453,homologene,0.683401688417138,0.5791272344900105,0.8153259726603576,0.6871517123275404,upstroke_downstroke_ratio_long_square,-0.165236089353278,2.3825996346233376e-23,0.165236089353278,16,0.0981407443372534,3654,3.417413587846883,1.4444638730440782,11.411992263056092,10,6,0.0,0.0,0.0,0.0,0.0,1.0,1.0,0.101495150575165,0.7,0.6610466054026156,5,0.41109996251059666,C — exploratory,strong,low,low,261
207,ATP8A2,Atp8a2,51761,homologene,0.7287752572848696,0.7660357518401683,0.6837539432176657,0.7237264441530544,upstroke_downstroke_ratio_long_square,-0.2616013638322342,1.648158343299229e-57,0.2616013638322342,17,0.1189990597830133,3654,3.156348967850396,1.5662158929400674,9.86460348162476,9,6,0.0,0.0,0.0,0.0,0.0,1.0,0.8333333333333334,0.1080114815294521,0.7714285714285715,0.6048937513563308,5,0.410936689282833,C — exploratory,strong,low,low,262
116,GRM3,Grm3,2913,homologene,0.7944270421584254,0.7334384858044164,0.8702681388012619,0.7989293748299816,upstroke_downstroke_ratio_long_square,-0.3173152692120607,2.4568086717158844e-85,0.3173152692120607,14,0.0971486529176237,3654,4.0341059763332,2.0753805511826986,17.272727272727273,10,7,0.0,0.0,0.0,0.0,0.0033333333333333,1.0,0.75,0.1571060968028458,-0.1999999999999999,0.447474267761992,5,0.4109028451402007,C — exploratory,moderate,low,low,263
198,GABRG2,Gabrg2,2566,homologene,0.7346661232156668,0.7502628811777076,0.7156940063091483,0.7327746223874828,tau,-0.2330130164051375,2.1537957553589386e-45,0.2330130164051375,18,0.1150117086647965,3654,2.7204231291381347,1.2336789785725637,7.350096711798839,10,5,0.0009264386544629,0.05333333333333334,0.0,0.0,0.0,1.0,0.8333333333333334,0.1062942703029902,0.3714285714285715,0.5236917034978075,5,0.4085963848635993,C — exploratory,moderate,low,low,264
311,IQSEC1,Iqsec1,9922,homologene,0.6757927557398348,0.7145110410094637,0.629074658254469,0.67043328448256,upstroke_downstroke_ratio_long_square,-0.326000753348582,2.943300366691622e-90,0.326000753348582,13,0.093205940715663,3654,1.9647050220055065,1.227875279062563,6.189555125725338,10,7,0.0,0.0,0.0,0.0,0.0,1.0,1.0,0.0963967720377711,0.7999999999999999,0.6774777404264398,5,0.40421268793807447,C — exploratory,strong,low,low,265
199,VPS13D,Vps13d,55187,homologene,0.7342786232067315,0.6125131440588854,0.888801261829653,0.7378363336992733,upstroke_downstroke_ratio_long_square,-0.2032106096304523,8.107516828900693e-35,0.2032106096304523,15,0.0804238835625395,3654,4.975920752250588,1.8698837611496013,16.363636363636363,10,8,0.0,0.0,0.0,0.0,0.0,1.0,0.75,0.0850962223486028,0.6000000000000001,0.5170673556440221,5,0.40367635230651205,C — exploratory,moderate,low,low,266
338,CLEC16A,Clec16a,23274,homologene,0.6591972553765394,0.7773396424815983,0.5205047318611987,0.6360888005420032,upstroke_downstroke_ratio_long_square,-0.2693017037070433,5.5786380207949616e-61,0.2693017037070433,17,0.1543815559168414,3654,2.0708282410347367,0.6788782462723413,5.681818181818182,9,4,0.0,0.0,0.0,0.0,0.0,1.0,1.0,0.1402468691479169,0.7999999999999999,0.7081728084035419,5,0.40120343654926777,C — exploratory,strong,low,low,267
177,ASTN2,Astn2,23245,homologene,0.7495367363215453,0.6506309148264985,0.8740799158780231,0.7541242704615646,fast_trough_v_long_square,-0.2561064629505264,1.1671036232127832e-54,0.2561064629505264,14,0.1130214852254077,3654,4.739208443954115,1.970261811423139,14.545454545454543,10,8,0.0011895949309954,0.2633333333333333,0.0,0.0,0.0,1.0,0.25,0.09126582990643,0.1999999999999999,0.216386080934501,5,0.40088604899447117,C — exploratory,limited,low,low,268
340,EPHA6,Epha6,285220,homologene,0.6576665131362917,0.4834384858044164,0.8839379600420609,0.6537045425479149,upstroke_downstroke_ratio_long_square,-0.2297478633794083,2.341204446858832e-44,0.2297478633794083,8,0.0627498831604762,3654,4.422169353555093,1.0049574434903426,18.863636363636363,10,5,0.0010417959868714,0.15,0.0,0.0,0.0,1.0,0.6666666666666666,0.074618818674027,0.6571428571428573,0.4836617445003904,5,0.4002076380693735,C — exploratory,moderate,low,low,269
204,CACNA1B,Cacna1b,774,homologene,0.730673237623813,0.6238170347003155,0.8656677181913776,0.7348593532084445,tau,0.2116502365799941,1.6763599741070554e-37,0.2116502365799941,15,0.1068115420796642,3654,5.133925704623067,3.3681381309542235,12.379110251450676,10,8,0.0,0.0,0.0,0.0,0.0,1.0,0.8,0.0941385303961647,0.3999999999999999,0.5058969712773154,5,0.39907634483380167,C — exploratory,moderate,low,low,270
377,STRBP,Strbp,55342,homologene,0.6412898702309812,0.8341219768664564,0.4211356466876972,0.5926875215019087,upstroke_downstroke_ratio_long_square,-0.3127575527441888,7.990944446185755e-83,0.3127575527441888,17,0.1509615418964032,3654,1.37869185028949,0.4395064295537355,6.576402321083172,8,3,0.0,0.0,0.0,0.0,0.0,0.9366666666666666,1.0,0.1033385582771404,1.0,0.7223369907939983,5,0.39551892286963036,C — exploratory,strong,low,low,271
382,SV2C,Sv2c,22987,homologene,0.6395110512197627,0.6756046267087276,0.5959516298633017,0.6345294937433986,upstroke_downstroke_ratio_long_square,0.2204270223628993,7.362009988676491e-41,0.2204270223628993,16,0.1032288144953562,3654,2.486249329747001,1.04247438966243,7.350096711798839,9,5,0.0,0.0,0.0,0.0,0.0,1.0,1.0,0.1132641145555556,0.8285714285714287,0.6949991659031747,5,0.3933110844950408,C — exploratory,strong,low,low,272
369,ROBO1,Robo1,6091,homologene,0.6448159056203092,0.483701366982124,0.8533123028391167,0.6424549224233129,ri,0.1279611144047478,2.3748679021024148e-14,0.1279611144047478,16,0.0648072196082072,3654,4.494904335155093,1.742032740775703,12.379110251450676,10,9,0.0,0.0,0.0,0.0,0.0,1.0,1.0,0.0696972522614537,0.6,0.6187880765830176,5,0.39116034928085164,C — exploratory,strong,low,low,273
374,CSRNP3,Csrnp3,80034,homologene,0.6426533210276094,0.7933753943217665,0.4679284963196635,0.6092970993546616,upstroke_downstroke_ratio_long_square,-0.3876258388057916,4.219181000319041e-130,0.3876258388057916,14,0.1100412727057084,3654,1.741400034070463,0.9410683956973628,4.835589941972921,9,5,0.0,0.0,0.0,0.0,0.0,1.0,1.0,0.1194303650918503,0.7999999999999999,0.6936012555642953,5,0.3909810292411451,C — exploratory,strong,low,low,274
289,FAT1,Fat1,2195,homologene,0.6899154472562186,0.5184016824395373,0.9118033648790748,0.6875175622537534,threshold_i_short_square,0.1714040164969765,1.4345482695532163e-24,0.1714040164969765,14,0.0701902481911124,3654,6.525747189464061,2.601261304567745,19.922630560928432,10,9,0.0,0.0,0.0,0.0,0.0,1.0,0.8333333333333334,0.0749011165874736,0.3714285714285715,0.5017164958969459,5,0.3863843086431116,C — exploratory,moderate,low,low,275
428,AHI1,Ahi1,54806,homologene,0.6112850600767787,0.7016298633017876,0.5044689800210305,0.5949373929180681,ri,0.2673951262599011,8.765601414304561e-60,0.2673951262599011,15,0.1105723089506147,3654,1.6712215027684578,0.8077762609412984,6.382978723404255,9,5,0.0,0.0,0.0,0.0,0.0,0.7966666666666666,1.0,0.1635686831901162,0.7999999999999999,0.7244980782330814,5,0.3861193843111799,C — exploratory,strong,low,low,276
433,GABBR1,Gabbr1,2550,homologene,0.6101909312620902,0.5228706624605678,0.7204258675078864,0.6137503976353724,threshold_i_long_square,-0.1415854840106937,2.480409730647039e-17,0.1415854840106937,16,0.0794532303056245,3654,2.262181070752585,1.0773921042618877,8.704061895551257,10,6,0.0,0.0,0.0,0.0,0.0,0.7333333333333333,1.0,0.0827392783919071,0.8857142857142858,0.6850603520171922,5,0.38567137639712923,C — exploratory,strong,low,low,277
413,SH3GL3,Sh3gl3,6457,homologene,0.6211172020037067,0.7917981072555205,0.4250788643533123,0.5801522560753158,threshold_i_long_square,-0.2794945258488947,1.753709165114985e-65,0.2794945258488947,17,0.1606509781464972,3654,1.4027286933797312,0.5312187777042905,4.448742746615087,9,4,0.0,0.0,0.0,0.0,0.0,0.9966666666666668,1.0,0.1510669785615989,0.7,0.6957468849931193,5,0.3825247713203904,C — exploratory,strong,low,low,278
332,GPR158,Gpr158,57512,homologene,0.662985739014865,0.5018401682439537,0.8711882229232387,0.6612089264097614,ri,-0.1623354054705353,2.151416730893173e-22,0.1623354054705353,14,0.0772000857793064,3654,4.891635103788089,1.6477054260059258,13.636363636363637,10,7,0.0,0.0,0.0,0.0,0.0,1.0,0.6,0.0993912027384557,0.8999999999999998,0.519573841916919,5,0.3785204466168223,C — exploratory,moderate,low,low,279
259,STXBP5L,Stxbp5l,9515,homologene,0.7035335996268264,0.5460042060988434,0.9061514195583596,0.7033935501846048,upstroke_downstroke_ratio_long_square,-0.2175077429854472,8.50927258552755e-40,0.2175077429854472,12,0.0747778742709071,3654,5.02305330052345,2.0974346706443576,25.0,10,7,0.0,0.0,0.0,0.0,0.0,1.0,0.75,0.1009435828168137,-0.1999999999999999,0.4081605079717696,5,0.3720632267257945,C — exploratory,moderate,low,low,281
395,SORL1,Sorl1,6653,homologene,0.6308631425165301,0.4266561514195583,0.8998422712933754,0.6196153971252374,threshold_i_ramp,0.1189061559982167,1.4255045587266312e-12,0.1189061559982167,15,0.0667998179394487,3654,4.815716446676347,1.4190798679726973,22.954545454545453,10,6,0.0,0.0,0.0,0.0,0.0,0.93,0.6666666666666666,0.1047390132757845,0.7714285714285715,0.5276030235787634,5,0.37082028925833943,C — exploratory,moderate,low,low,282
127,FREM1,Frem1,158326,homologene,0.7845257438646744,0.6961093585699264,0.895373291272345,0.7894794028144344,upstroke_downstroke_ratio_long_square,0.26324977997881,3.052915471977878e-58,0.26324977997881,15,0.0973495595080953,3654,5.010724760494342,1.9410135636876296,18.40909090909091,10,8,0.0,0.0,0.0,0.0,0.0,1.0,0.4,0.0755395816451292,0.0999999999999999,0.2528777071515904,5,0.36887207139877237,C — exploratory,limited,low,low,283
357,CDH10,Cdh10,1008,homologene,0.6511038838883365,0.4647739221871714,0.8943217665615143,0.6447150030378965,sag,0.1474480997880672,4.026234702438319e-18,0.1474480997880672,14,0.0726956810905696,3654,5.584563492991535,2.1689436747599258,16.25441696113074,10,7,0.0009902609974434,0.10333333333333333,0.0,0.0,0.0,1.0,0.5,0.1158741997151773,0.0,0.3061119398006241,5,0.3537081923765286,C — exploratory,limited,low,low,284
261,DOCK3,Dock3,1795,homologene,0.7020365552570902,0.5420609884332283,0.9079915878023134,0.7015602736566391,threshold_i_long_square,0.1483165118736178,6.65088792357265e-19,0.1483165118736178,16,0.0840789697741748,3654,5.635475195323278,1.9777390858497923,20.681818181818183,10,7,0.0,0.0,0.0,0.0,0.0,1.0,0.4,0.0715731787594317,0.3999999999999999,0.3101012251316022,5,0.3520307602734288,C — exploratory,limited,low,low,285
375,DSCAML1,Dscaml1,57453,homologene,0.6425078210690871,0.4492639327024185,0.8956361724500526,0.6343319549774015,latency,0.2056979361028998,9.176627692493715e-35,0.2056979361028998,8,0.0656230981895567,3654,5.47735592438038,3.006932501575569,17.045454545454547,10,8,0.0011148959471364,0.19666666666666666,0.0,0.0,0.0,1.0,0.3333333333333333,0.0710199604679641,,0.1997139723275748,5,0.3482561488293425,C — exploratory,limited,low,low,287
242,ROBO2,Robo2,6092,homologene,0.7126470219358869,0.5725552050473186,0.8916929547844376,0.7145232274502019,upstroke_downstroke_ratio_long_square,-0.2382024656574298,1.1410519757300477e-47,0.2382024656574298,12,0.0703760292917901,3654,5.47743658964171,1.9989305264342905,15.909090909090908,10,9,0.0,0.0,0.0,0.0,0.0,1.0,0.3333333333333333,0.0561467625082395,0.4285714285714286,0.2750170194700534,5,0.3478530358603619,C — exploratory,limited,low,low,288
252,DMD,Dmd,1756,homologene,0.7062272990425887,0.543769716088328,0.9154837013669822,0.7055581566219865,upstroke_downstroke_ratio_long_square,-0.2479814525441195,1.194154681068734e-51,0.2479814525441195,10,0.0643745833344385,3654,8.093067776297696,4.029399672024234,19.922630560928432,10,9,0.0,0.0,0.0,0.0,0.0,1.0,0.2,0.1271000307034289,0.0,0.1789700214924003,5,0.32764468778954214,C — exploratory,limited,low,low,289
461,CBLN2,Cbln2,147381,homologene,0.5968990553773561,0.9298107255520504,0.2400105152471082,0.4724027427122277,upstroke_downstroke_ratio_long_square,0.4345671379019555,9.195806950539418e-167,0.4345671379019555,17,0.2049162706423233,3654,0.9717439767441156,0.2848935253794322,3.288201160541586,7,4,0.0,0.0,0.0,0.0,0.0,0.9233333333333332,,,,0.0,5,0.23396424815983172,C — exploratory,limited,low,low,291
90,LRFN2,Lrfn2,57497,homologene,0.8182061265617557,0.8388538380651945,0.793112513144059,0.8156625991599872,upstroke_downstroke_ratio_long_square,0.316623048416241,5.922483011379934e-85,0.316623048416241,17,0.1768834984173844,3654,3.091898505404674,1.1729943987169549,10.454545454545457,10,6,0.0,0.0,0.0,0.0,0.7266666666666667,1.0,0.6,0.1484760712314018,0.4999999999999999,0.4739332498619812,6,0.5665132535475802,C — exploratory,moderate,moderate,low,296
100,ADCY1,Adcy1,107,homologene,0.8091775220752929,0.8196635120925343,0.7963985278654048,0.8079472844038043,ri,-0.2968902614074152,5.083075097155371e-74,0.2968902614074152,17,0.164539738220301,3654,3.329593757710792,1.8181050617058103,10.0,10,6,0.0,0.0,0.0,0.0,0.4333333333333333,1.0,0.6666666666666666,0.1315322626728847,0.7142857142857143,0.5349297267281622,6,0.5168650200038869,C — exploratory,moderate,low,low,297
82,BMPER,Bmper,168667,homologene,0.8245524564943184,0.8362250262881177,0.8103312302839116,0.8231763203264819,threshold_i_long_square,-0.314654463526209,1.728743763853135e-83,0.314654463526209,17,0.1546264175260303,3654,3.052809988985043,0.7905852208966869,12.272727272727272,10,5,0.0,0.0,0.0,0.0,0.67,1.0,0.4,0.11594373127094,-0.1999999999999999,0.261160611889658,6,0.5155433736923374,C — exploratory,limited,low,low,298
102,TRPM2,Trpm2,7226,homologene,0.8087564307424738,0.7691903259726603,0.8576498422712934,0.81221669629912,ri,-0.2634878469438468,4.8725887037620674e-58,0.2634878469438468,17,0.1549390106338316,3654,4.243839618238954,2.250819695200033,13.863636363636363,10,7,0.0,0.0,0.0,0.0,0.2333333333333333,1.0,0.6666666666666666,0.1298794913852413,0.8857142857142858,0.5680585011125261,6,0.48564640053796265,C — exploratory,moderate,low,low,299
400,ASIC2,Asic2,40,homologene,0.6273773515501246,0.8057308096740273,0.4229758149316509,0.583784759853673,tau,0.3647733133669699,4.181199306700198e-114,0.3647733133669699,15,0.1428433831488304,3654,1.5989216264196813,0.5802629029461854,5.681818181818182,8,4,0.0018169582433613,0.55,0.0,0.0,0.0,0.9066666666666666,0.8333333333333334,0.1327094091667071,0.6,0.587896586416695,6,0.4733206422044747,C — exploratory,moderate,low,moderate,300
322,KCNJ3,Kcnj3,3760,homologene,0.66684802140963,0.7828601472134595,0.5304942166140905,0.6444398967432073,tau,-0.273014141418018,1.7873886926082685e-62,0.273014141418018,17,0.1504557825899545,3654,2.689673543547428,0.6646406365138153,8.181818181818182,7,4,0.001416269503617,0.37666666666666665,0.0,0.0,0.0,0.9966666666666668,1.0,0.1412386726851398,0.4857142857142857,0.646009928022455,6,0.4672061917033344,C — exploratory,strong,low,low,301
202,OPCML,Opcml,4978,homologene,0.7319505951893159,0.8803890641430074,0.5586225026288117,0.7012882020243919,upstroke_downstroke_ratio_long_square,-0.3303114933061309,9.21401481023475e-93,0.3303114933061309,18,0.1253915137150615,3654,1.8179991002024436,0.9410683956973628,4.119850187265918,10,5,0.0013177378820562,0.31666666666666665,0.0,0.0,0.0366666666666666,1.0,0.6666666666666666,0.1063850438387308,0.6571428571428573,0.505898102115683,6,0.45964860044416705,C — exploratory,moderate,low,low,302
474,GRIK1,Grik1,2897,homologene,0.5927043142948399,0.5233964248159831,0.6796792849631966,0.5964408669526434,fast_trough_v_long_square,-0.2030226895186084,1.7907869454385922e-34,0.2030226895186084,12,0.0901840731459115,3654,3.0931823075895446,1.2542473806834562,9.772727272727272,9,6,0.0015654860165409,0.4533333333333333,0.0,0.0,0.0,0.7033333333333334,0.5,0.1518847537661076,1.0,0.5313193276362753,6,0.4375456741497577,C — exploratory,moderate,low,low,303
321,RALYL,Ralyl,138046,homologene,0.6683982958837622,0.8551524710830704,0.4541272344900105,0.6231757591243849,tau,0.3764236842767827,5.31211088537103e-122,0.3764236842767827,16,0.1306315566890529,3654,1.66284268606125,0.9090525308529052,4.642166344294004,9,5,0.0020440243971962,0.61,0.0,0.0,0.0,1.0,0.3333333333333333,0.1653317330533969,-0.2571428571428572,0.2657322131373778,6,0.4370023837420917,C — exploratory,limited,low,moderate,304
323,ADRA1A,Adra1a,148,homologene,0.6666479368117952,0.8475289169295479,0.4587276550998949,0.6235262245426773,adaptation,-0.3243098507492949,1.4068704498948518e-88,0.3243098507492949,17,0.1531747975530423,3654,1.6397849641218074,0.7645569116740365,4.835589941972921,9,5,0.0016715994374322,0.49,0.0,0.0,0.0,1.0,0.5,0.1051673653705252,0.3714285714285715,0.372902870045082,6,0.43383188841490494,C — exploratory,limited,low,low,305
336,PLD5,Pld5,200150,homologene,0.6594883661800083,0.6887486855941115,0.6240799158780231,0.65561743552675,upstroke_downstroke_ratio_long_square,0.3573113947872777,2.0982712071969991e-109,0.3573113947872777,11,0.0933051344822077,3654,2.0903762035413007,1.6336844381084934,5.609284332688588,10,6,0.001679592831219,0.49666666666666665,0.0,0.0,0.0,1.0,0.6666666666666666,0.0625003643235131,,0.3437502550264592,6,0.4306491046330521,C — exploratory,limited,low,low,306
401,FGF13,Fgf13,2258,homologene,0.6273573933916187,0.7699789695057834,0.4617507886435331,0.5962704054438979,tau,-0.3189471905276245,5.063720183850733e-86,0.3189471905276245,15,0.1359762596447945,3654,1.5517035147678264,0.6993721634680893,5.222437137330754,9,5,0.0023744371609631,0.6866666666666666,0.0,0.0,0.0,0.9633333333333334,0.3333333333333333,0.0938982553392322,0.0285714285714285,0.2214430644517483,6,0.4279678978535463,C — exploratory,limited,low,moderate,307
299,SERPINI1,Serpini1,5274,homologene,0.6848021258988937,0.8112513144058885,0.536540483701367,0.6597493256038275,upstroke_downstroke_ratio_long_square,-0.2906482702284612,3.341252902763672e-71,0.2906482702284612,17,0.1352559722939227,3654,1.3898039553887618,0.5312187777042905,4.7727272727272725,10,3,0.0016592356536002,0.4866666666666667,0.0,0.0,0.0,1.0,0.4,0.1310231693681295,0.0999999999999999,0.2917162185576907,6,0.42523493666632256,C — exploratory,limited,low,low,308
240,MMP16,Mmp16,4325,homologene,0.7130950427941922,0.6803364879074657,0.7535488958990536,0.7160075483558191,upstroke_downstroke_ratio_long_square,-0.347638821413933,2.814610553696211e-103,0.347638821413933,11,0.0968460780820473,3654,2.813279747271028,1.0366706901524294,8.8339222614841,10,5,0.00102329650829,0.13333333333333333,0.0,0.0,0.0,1.0,0.75,0.0777921266090942,0.7999999999999999,0.551954488626366,6,0.42383464115324376,C — exploratory,moderate,low,low,309
293,MCTP1,Mctp1,79772,homologene,0.689035278872743,0.7095162986330178,0.6641692954784438,0.6864684553521484,threshold_i_short_square,0.2732089123877793,5.578729929112043e-62,0.2732089123877793,15,0.1264531239875032,3654,2.649790524636642,0.8074220622278424,10.681818181818182,9,5,0.0011463240266663,0.24,0.0,0.0,0.0,0.9933333333333332,0.8,0.089460584623973,0.3999999999999999,0.5026224092367811,6,0.4232616006696485,C — exploratory,moderate,low,low,310
453,GAS7,Gas7,8522,homologene,0.6020026569028681,0.832807570977918,0.3435856992639327,0.5349212761021431,upstroke_downstroke_ratio_long_square,0.3121033803862959,1.8197952556241708e-82,0.3121033803862959,17,0.1356689944017171,3654,1.2823503619125396,0.9787017724066368,4.25531914893617,8,5,0.0014962089749089,0.42,0.0,0.0,0.0,0.8066666666666666,0.6,0.1846763728062174,0.4999999999999999,0.4992734609643522,6,0.41913334624124055,C — exploratory,moderate,low,low,311
426,EEPD1,Eepd1,80820,homologene,0.6124349349792401,0.8604100946372238,0.3362250262881177,0.5378581659582408,tau,-0.3821718894959879,5.232372410629393e-126,0.3821718894959879,16,0.1328670954712069,3654,1.3658501006837258,0.8869894242560818,3.67504835589942,8,5,0.0013029956564105,0.3,0.0,0.0,0.0,0.97,0.8333333333333334,0.1056239985561302,0.7142857142857143,0.5917939418464341,6,0.4176858125543551,C — exploratory,moderate,low,low,312
249,CACNG3,Cacng3,10368,homologene,0.7077361599481204,0.8388538380651944,0.5540220820189274,0.6817210205607915,tau,0.358963479505868,2.875346727629904e-110,0.358963479505868,16,0.1165268151696597,3654,2.108365461508233,1.1883821397914525,6.818181818181818,9,6,0.0014142136401491,0.37,0.0,0.0,0.0,1.0,0.3333333333333333,0.1760597350945143,0.1428571428571428,0.3018132431375886,6,0.4129378326443421,C — exploratory,limited,low,low,313
246,GRID1,Grid1,2894,homologene,0.7103573582850347,0.6327549947423764,0.807570977917981,0.7148388418983596,threshold_i_long_square,-0.1945609965596458,8.883322353279401e-32,0.1945609965596458,16,0.1179682845826638,3654,3.47401083368802,1.5415535547706145,10.681818181818182,10,6,0.0,0.0,0.0,0.0,0.0,1.0,1.0,0.0720461548021309,0.6,0.6204323083614917,6,0.41215165620436983,C — exploratory,strong,low,low,314
190,PRICKLE2,Prickle2,166336,homologene,0.7389503988082229,0.8919558359621451,0.5604626708727656,0.7070416890989486,upstroke_downstroke_ratio_long_square,-0.4325292888038558,4.511083205011821e-165,0.4325292888038558,16,0.1736388945919891,3654,1.671293099056688,1.0647320923710222,4.642166344294004,10,7,0.0009498439897427,0.07666666666666666,0.0,0.0,0.0033333333333333,1.0,0.6666666666666666,0.1520963742224466,0.6,0.5264674619557126,6,0.41177719375812466,C — exploratory,moderate,low,low,315
226,MICAL2,Mical2,9645,homologene,0.7202505869214795,0.7350157728706624,0.7022870662460567,0.7184650797178075,upstroke_downstroke_ratio_long_square,-0.3182687218269096,7.297534620433381e-86,0.3182687218269096,14,0.1369018655039165,3654,2.5021441420044512,1.40084060917962,7.350096711798839,10,6,0.0,0.0,0.0,0.0,0.0,1.0,0.75,0.1705404690808249,0.7999999999999999,0.6168783283565775,6,0.41083623349465925,C — exploratory,strong,low,low,316
304,DENND5B,Dennd5b,160518,homologene,0.6838254687711203,0.6666666666666666,0.7049158780231335,0.6855245573151183,upstroke_downstroke_ratio_long_square,-0.2666066737654928,9.487740211632824e-60,0.2666066737654928,14,0.0951760071366923,3654,2.31940207419829,0.8965629809261764,7.7369439071566735,10,5,0.0,0.0,0.0,0.0,0.0,1.0,1.0,0.0983131532113847,0.7999999999999999,0.6788192072479694,6,0.41008035038755386,C — exploratory,strong,low,low,317
265,SPARCL1,Sparcl1,8404,homologene,0.7013227584803476,0.8188748685594112,0.5629600420609885,0.6789652645363329,upstroke_downstroke_ratio_long_square,-0.2959530074500336,6.735222030885725e-74,0.2959530074500336,17,0.1614116124302407,3654,1.569341030688309,0.7700263194531918,5.029013539651838,10,4,0.0,0.0,0.0,0.0,0.0,1.0,0.8333333333333334,0.1777302621194419,0.8285714285714287,0.6651254691978952,6,0.4093920759636589,C — exploratory,strong,low,low,318
315,PDE4B,Pde4b,5142,homologene,0.6741919760217749,0.8935331230283912,0.4252103049421661,0.6163923196462041,upstroke_downstroke_ratio_long_square,0.4338951208974184,3.3503230425881924e-166,0.4338951208974184,16,0.2019384166635261,3654,1.7209178148660034,0.7678366359327224,5.415860735009671,8,5,0.0015149461317578,0.44333333333333336,0.0,0.0,0.0,1.0,0.3333333333333333,0.1552241591133328,0.0857142857142857,0.2757997685221901,6,0.40757530596521613,C — exploratory,limited,low,low,319
281,EFR3A,Efr3a,23167,homologene,0.6947674615091488,0.6921661409043113,0.6979495268138801,0.6950518185867537,upstroke_downstroke_ratio_long_square,-0.3069063355138788,1.1617641403752999e-79,0.3069063355138788,13,0.1083578299917437,3654,2.065608637901927,0.7956071313058053,8.51063829787234,10,5,0.0,0.0,0.0,0.0,0.0,1.0,0.75,0.1372899398925604,1.0,0.6336029579247924,6,0.40474372512859674,C — exploratory,strong,low,low,320
296,ANO5,Ano5,203859,homologene,0.6854192538249504,0.6282860147213459,0.756572029442692,0.6894516844770123,tau,0.2151041751362182,1.0209231132507324e-38,0.2151041751362182,15,0.0745035800324366,3654,2.974575401498305,1.455225857410502,8.51063829787234,10,7,0.0,0.0,0.0,0.0,0.0,1.0,0.8,0.0989365212891874,1.0,0.6292555649024312,6,0.40282272181329387,C — exploratory,strong,low,low,321
286,CLIP4,Clip4,79745,homologene,0.6913531849722867,0.7589379600420609,0.6105415352260778,0.6807078281211606,upstroke_downstroke_ratio_long_square,-0.2561979059293561,3.8292821163795134e-55,0.2561979059293561,17,0.1568602789900026,3654,1.8201471901681987,0.5786356771395198,5.909090909090909,10,4,0.0,0.0,0.0,0.0,0.0,1.0,0.8333333333333334,0.1215926126091273,0.8857142857142858,0.6372576859692463,6,0.401347436247477,C — exploratory,strong,low,low,322
282,GCC2,Gcc2,9648,homologene,0.6936058610074164,0.6553627760252366,0.7409305993690851,0.6968345100844002,upstroke_downstroke_ratio_long_square,-0.2077917028252172,2.2435108263910632e-36,0.2077917028252172,16,0.1080034799632271,3654,2.4598006924967093,1.1752071114975826,9.284332688588009,10,5,0.0,0.0,0.0,0.0,0.0,1.0,0.8,0.0873118050643017,0.8999999999999998,0.6011182635450113,6,0.39948232778786663,C — exploratory,strong,low,low,323
219,TOX2,Tox2,84969,homologene,0.7222318253492916,0.8257097791798107,0.5997634069400631,0.7037261614467736,threshold_i_short_square,0.3067153169159305,1.1918679477659266e-78,0.3067153169159305,17,0.1538430921846087,3654,2.0558216570961214,1.0945857979792262,8.863636363636363,9,5,0.0,0.0,0.0,0.0,0.0,0.9966666666666668,0.8,0.1006582792769177,0.7,0.5704607954938424,6,0.3991867963227433,C — exploratory,moderate,low,low,324
294,PLXNA2,Plxna2,5362,homologene,0.6878826329395684,0.564931650893796,0.8443743427970557,0.6906618502919535,upstroke_downstroke_ratio_long_square,-0.2325961556679697,1.852699744471119e-45,0.2325961556679697,12,0.0793383921851678,3654,3.879968049422597,1.819698394620063,12.959381044487428,10,8,0.0013503411937024,0.34,0.0,0.0,0.0,1.0,0.3333333333333333,0.0801764162393067,0.2,0.2461234913675147,6,0.3990858970116733,C — exploratory,limited,low,low,325
308,CHSY3,Chsy3,337876,homologene,0.6781072595361586,0.7260778128286014,0.6203995793901157,0.671161954883737,upstroke_downstroke_ratio_long_square,0.3697777128200227,1.2362778275551091e-117,0.3697777128200227,12,0.1069081573496322,3654,1.8585067119271828,0.7831079464700337,6.189555125725338,10,5,0.0011470989887207,0.24333333333333335,0.0,0.0,0.0,1.0,0.25,0.1272367100256602,1.0,0.4015656970179622,6,0.39827528451400257,C — exploratory,moderate,low,low,326
442,RORA,Rora,6095,homologene,0.6059819004504754,0.8596214511041009,0.3243953732912723,0.5280693340084236,tau,-0.4433212558230759,4.980205438823259e-174,0.4433212558230759,15,0.1844817813860936,3654,1.097953086497596,0.5312187777042905,4.25531914893617,8,4,0.0038133541556821,0.8066666666666666,0.0,0.0,0.0,0.88,,,,0.0,6,0.398136698212408,C — exploratory,limited,low,high,327
236,BCL11B,Bcl11b,64919,homologene,0.7154508582505205,0.7886435331230284,0.6280231335436383,0.7037658580244216,threshold_i_short_square,0.3029539638009405,1.1256815065600684e-76,0.3029539638009405,16,0.1751051491802153,3654,2.3780731021106547,1.062437555408581,9.090909090909092,9,6,0.0,0.0,0.0,0.0,0.0,1.0,0.8,0.1020022358014129,0.7,0.571401565060989,6,0.3976136463455311,C — exploratory,moderate,low,low,328
392,PTPRR,Ptprr,5801,homologene,0.6325169674412083,0.6411671924290221,0.6219768664563617,0.6314991379421085,upstroke_downstroke_ratio_long_square,-0.2845543236508658,3.467414186130384e-68,0.2845543236508658,12,0.0935592393024947,3654,2.420804486334037,0.7602429309688823,8.636363636363637,9,4,0.001052728412418,0.16,0.0,0.0,0.0,0.9666666666666668,0.8,0.0973790951109668,0.6,0.5481653665776769,6,0.3942618850926121,C — exploratory,moderate,low,low,329
220,SLC8A1,Slc8a1,6546,homologene,0.7220970047972769,0.711882229232387,0.7346214511041009,0.723162468781337,upstroke_downstroke_ratio_long_square,-0.2733096075391165,8.099775749907469e-63,0.2733096075391165,15,0.1134168184937479,3654,3.7862723635183975,1.1364655490943791,12.727272727272728,9,7,0.0009027470666528,0.04,0.0,0.0,0.0,1.0,0.8333333333333334,0.127896512605263,0.0857142857142857,0.4816704159665412,6,0.39363481926060584,C — exploratory,moderate,low,low,330
297,TMTC1,Tmtc1,83857,homologene,0.685363645395319,0.7839116719242902,0.5687434279705573,0.6677159661984665,upstroke_downstroke_ratio_long_square,-0.3769847617074567,1.422014082485632e-122,0.3769847617074567,14,0.0981447272319403,3654,2.621731665572029,1.0049574434903426,8.480565371024735,8,5,0.0,0.0,0.0,0.0,0.0033333333333333,0.9933333333333332,0.8,0.1208286619188164,0.7999999999999999,0.6045800633431715,6,0.3921136993142705,C — exploratory,strong,low,low,331
397,GABRB1,Gabrb1,2560,homologene,0.6291883428939067,0.6243427970557308,0.6351209253417456,0.6297088017460845,threshold_i_long_square,-0.1894178505671161,3.607366150683126e-30,0.1894178505671161,16,0.1090006528645359,3654,2.210883720724177,1.242847126410784,5.609284332688588,10,5,0.0012240934683086,0.28,0.0,0.0,0.0,1.0,0.6,0.1228855520994494,0.3,0.4160198864696146,6,0.39109672177341814,C — exploratory,moderate,low,low,332
188,PKD1,Pkd1,5310,homologene,0.7411302941718659,0.647739221871714,0.8585699263932702,0.7457408504597502,upstroke_downstroke_ratio_long_square,-0.2029754958612197,9.684107488498979e-35,0.2029754958612197,16,0.0953762458432989,3654,4.341361502482071,1.7489200009047114,13.409090909090908,10,8,0.0,0.0,0.0,0.0,0.0,1.0,0.5,0.0732667419436097,0.7714285714285715,0.4305724336462411,6,0.38737631638224507,C — exploratory,moderate,low,low,334
263,FUT9,Fut9,10690,homologene,0.7018306539358189,0.8038906414300735,0.5810988433228181,0.6834763506464975,upstroke_downstroke_ratio_long_square,-0.4017415030369372,1.6571048682070482e-140,0.4017415030369372,14,0.1121366744799678,3654,2.230555130076622,0.5312187777042905,10.681818181818182,8,4,0.0008079794534907,0.006666666666666667,0.0,0.0,0.0,0.9833333333333332,0.8,0.0851963291106582,0.6,0.5396374303774608,6,0.38625871635940384,C — exploratory,moderate,low,low,335
159,ELAVL2,Elavl2,1993,homologene,0.7601764837491172,0.8661934805467929,0.6345951629863302,0.7414055522892237,upstroke_downstroke_ratio_long_square,-0.3888142052068263,5.858649258712933e-131,0.3888142052068263,16,0.140813800112471,3654,1.7885874330701756,0.8454661012422957,6.818181818181818,10,5,0.0009110566851558,0.043333333333333335,0.0,0.0,0.0,1.0,0.6,0.1062535182714854,0.1999999999999999,0.3843774627900398,6,0.3856998879312993,C — exploratory,limited,low,low,336
326,PCDH7,Pcdh7,5099,homologene,0.665603858384049,0.6876971608832808,0.638801261829653,0.6627984717309702,upstroke_downstroke_ratio_long_square,-0.2819845111944999,6.168205142838949e-67,0.2819845111944999,14,0.113696871463155,3654,2.3744921574920714,1.396661733428731,5.243445692883896,10,5,0.0014834260080077,0.41333333333333333,0.0,0.0,0.0,1.0,0.2,0.1318467427050486,0.0,0.182292719893534,6,0.38442489518796025,C — exploratory,limited,low,low,337
350,CAP2,Cap2,10486,homologene,0.6540944023741444,0.8296529968454259,0.4521556256572029,0.6124804240684081,threshold_i_short_square,0.3102769312057351,1.5443734098722335e-80,0.3102769312057351,17,0.1829465742949116,3654,1.377277253571793,0.4817587587361183,5.454545454545454,9,4,0.0,0.0,0.0,0.0,0.0,0.97,0.8333333333333334,0.2066954119646135,0.6,0.6396867883752294,6,0.3842990821755716,C — exploratory,strong,low,low,338
312,TMEM130,Tmem130,222865,homologene,0.6757299577079536,0.8614616193480548,0.4624079915878023,0.6311471597279907,ri,0.3409819301878657,1.0240044138694643e-98,0.3409819301878657,17,0.1534605079677318,3654,1.4870549823530808,0.69498292644162,5.454545454545454,9,5,0.0,0.0,0.0,0.0,0.0,1.0,0.6666666666666666,0.2134734371326541,0.7142857142857143,0.5922885488500008,6,0.38323163195717164,C — exploratory,moderate,low,low,339
447,PTCHD4,Ptchd4,442213,homologene,0.6047514308830172,0.5475814931650894,0.6761303890641429,0.6084706139313847,trough_v_long_square,-0.1689361768757458,5.4796786158618096e-24,0.1689361768757458,15,0.090255245821326,3654,2.6626005540269424,1.2882213015327904,6.189555125725338,10,9,0.0016414887367787,0.47333333333333333,0.0,0.0,0.0,0.9466666666666668,0.3333333333333333,0.0843627971520418,-0.5428571428571429,0.2090539580064292,6,0.381219834713799,C — exploratory,limited,low,low,340
291,BCL11A,Bcl11a,53335,homologene,0.6894516770611504,0.6359095688748685,0.7560462670872766,0.6933808879345635,latency,0.2655905250404478,4.2081709082495705e-58,0.2655905250404478,13,0.1038040897002383,3654,2.8432623457526507,1.0593112309935857,8.863636363636363,10,5,0.0009141570042475,0.04666666666666667,0.0,0.0,0.0,1.0,0.8,0.1533719592240392,-0.0999999999999999,0.4673603714568275,6,0.3811965748171279,C — exploratory,moderate,low,low,341
309,PLCB1,Plcb1,23236,homologene,0.6771157796594909,0.5289169295478443,0.8675078864353312,0.6773770055529752,fast_trough_v_long_square,-0.1758329244710142,4.675735350394767e-26,0.1758329244710142,14,0.0749319473936721,3654,3.9555233689700606,1.183369864291377,17.045454545454547,10,6,0.0,0.0,0.0,0.0,0.0,0.99,0.8,0.0952798095550767,0.3999999999999999,0.5066958666885537,6,0.3806241365343458,C — exploratory,moderate,low,low,342
383,DOK5,Dok5,55816,homologene,0.6370625757289139,0.8580441640378549,0.3874868559411146,0.5766115116624454,threshold_i_long_square,0.3360354570073883,1.1083919860255016e-95,0.3360354570073883,17,0.179057664393955,3654,1.5117309751057495,0.7483727609085287,4.835589941972921,8,4,0.0,0.0,0.0,0.0,0.0,1.0,0.8333333333333334,0.1805228186997186,0.7142857142857143,0.6442231159469459,6,0.3779508271851831,C — exploratory,strong,low,low,343
424,CELF4,Celf4,56853,homologene,0.6135147500752083,0.7373817034700316,0.4688485804416404,0.5879799017955996,upstroke_downstroke_ratio_long_square,0.3204027973043258,4.629301193135419e-87,0.3204027973043258,14,0.1611011373481841,3654,1.6254386966413,0.8454661012422957,5.222437137330754,9,5,0.0,0.0,0.0,0.0,0.0,0.9033333333333332,0.8333333333333334,0.1670911005714467,0.942857142857143,0.6805351989714413,6,0.3773530965766227,C — exploratory,strong,low,low,344
396,GOT1,Got1,2805,homologene,0.6303202286246161,0.8257097791798108,0.4077287066246056,0.5802289033754463,upstroke_downstroke_ratio_long_square,-0.2844082042074025,4.0708211483304006e-68,0.2844082042074025,18,0.1666201873107054,3654,1.150841240849945,0.3909622522273945,4.835589941972921,9,4,0.0,0.0,0.0,0.0,0.0,0.8666666666666667,0.8333333333333334,0.1432817102124396,0.8857142857142858,0.6524400542915649,6,0.37717570801919625,C — exploratory,strong,low,low,345
239,MAGI3,Magi3,260425,homologene,0.7134241217536821,0.7649842271293376,0.6514195583596214,0.7059218705980637,upstroke_downstroke_ratio_long_square,0.3165614312796214,6.370349094635749e-85,0.3165614312796214,15,0.1409908312174462,3654,2.0392675079332494,1.0913548979584515,6.769825918762089,10,5,0.0013280699092367,0.3233333333333333,0.0,0.0,0.0,1.0,0.2,0.0715910538007306,0.0,0.1401137376605114,6,0.37597017129656074,C — exploratory,limited,low,low,346
238,ZBTB16,Zbtb16,7704,homologene,0.7136176044727931,0.7893007360672976,0.6232912723449001,0.7014016396089705,upstroke_downstroke_ratio_long_square,0.3842899186664068,1.016946004601192e-127,0.3842899186664068,14,0.1085874652993769,3654,1.8748490489238008,0.7061639595276015,6.363636363636363,10,4,0.0009857849112291,0.09333333333333334,0.0,0.0,0.0,1.0,0.6666666666666666,0.074182110213012,0.0857142857142857,0.3690703342919655,6,0.3749991352074993,C — exploratory,limited,low,low,347
172,CCDC136,Ccdc136,64753,homologene,0.7537256302469564,0.9016824395373292,0.5807045215562566,0.7236097495523419,upstroke_downstroke_ratio_long_square,-0.3612915595303824,5.457936036890066e-112,0.3612915595303824,18,0.1519881598508309,3654,2.1648900214056623,0.993958939442314,7.543520309477756,9,5,0.0,0.0,0.0,0.0,0.0866666666666666,1.0,0.3333333333333333,0.1219153292295813,0.2571428571428572,0.2867693018892783,6,0.37116458592990614,C — exploratory,limited,low,low,349
451,PLD3,Pld3,23646,homologene,0.6025666891600812,0.7988958990536278,0.3797318611987381,0.5507869158319516,ri,0.2843270000861134,9.578453992400736e-68,0.2843270000861134,17,0.1451146096916439,3654,1.13047567572491,0.4705341978486813,4.061895551257253,9,3,0.0,0.0,0.0,0.0,0.0,0.8533333333333334,1.0,0.1471004294093399,0.6,0.672970300586538,6,0.37031961216778075,C — exploratory,strong,low,low,350
475,ALCAM,Alcam,214,homologene,0.5921981035462454,0.6561514195583595,0.5159043112513144,0.5818172790351175,avg_isi,-0.2608874460916913,1.4514234836345679e-56,0.2608874460916913,14,0.0807866398386124,3654,1.353348144354885,0.6076598153175343,4.25531914893617,10,4,0.0022154219687269,0.64,0.0,0.0,0.0,0.8366666666666667,,,,0.0,6,0.3624111461619348,C — exploratory,limited,low,moderate,352
386,DYNC1H1,Dync1h1,1778,homologene,0.6361001742621128,0.439931650893796,0.8935331230283912,0.6269716914998391,upstroke_downstroke_ratio_long_square,-0.1786892575755955,3.9727505181004536e-27,0.1786892575755955,10,0.0516219967064316,3654,5.553438632122811,3.1279707561011483,16.247582205029012,10,9,0.0,0.0,0.0,0.0,0.0,1.0,0.6666666666666666,0.0381964379048071,0.6571428571428573,0.4581660779619365,6,0.35832617037682474,C — exploratory,moderate,low,low,353
264,KCNH5,Kcnh5,27133,homologene,0.7017045362253121,0.5525762355415352,0.8930073606729758,0.7024632699803991,upstroke_downstroke_ratio_long_square,-0.2408464814767673,1.0005545153591798e-48,0.2408464814767673,11,0.0794133124582253,3654,4.641853305012531,1.7196009174957432,20.0,10,7,0.0,0.0,0.0,0.0,0.0,1.0,0.3333333333333333,0.1428784486305906,-0.4857142857142857,0.2500149140414134,6,0.3391197020511849,C — exploratory,limited,low,low,357
439,KALRN,Kalrn,8997,homologene,0.6082418626314124,0.3869610935856992,0.902602523659306,0.5909924361854533,threshold_i_short_square,0.1378526189283872,2.755770823258736e-16,0.1378526189283872,12,0.0593447521684515,3654,5.494495718960087,1.8821367913947251,18.863636363636363,10,8,0.0,0.0,0.0,0.0,0.0,0.9966666666666668,0.6666666666666666,0.1355944598478265,,0.3949161218934785,6,0.3368959478276967,C — exploratory,limited,low,low,358
298,MLIP,Mlip,90523,homologene,0.6848342310882616,0.7177970557308097,0.6449789695057834,0.6804145834118659,upstroke_downstroke_ratio_long_square,0.4216447181070098,4.0772868506525884e-156,0.4216447181070098,10,0.093856431604037,3654,1.873113749010601,0.6617387867588151,7.045454545454546,10,4,0.0008988643796374,0.03333333333333333,0.0,0.0,0.0,1.0,0.3333333333333333,0.1224567804629669,0.1428571428571428,0.2642911748955054,6,0.3320801066930864,C — exploratory,limited,low,low,359
431,PLCB4,Plcb4,5332,homologene,0.6102598800114155,0.3922187171398527,0.8998422712933754,0.5940833117290024,upstroke_downstroke_ratio_long_square,0.1186745463220601,1.2302608450784298e-12,0.1186745463220601,14,0.0750221428019706,3654,4.778752027611973,1.6539942727362495,23.63636363636364,10,8,0.0,0.0,0.0,0.0,0.0,0.72,0.6,0.0761501982722145,0.0999999999999999,0.3433051387905502,6,0.3270732254447556,C — exploratory,limited,low,low,360
348,HECW1,Hecw1,23072,homologene,0.6543123914029116,0.4687171398527865,0.8964248159831757,0.6482049643752311,tau,0.1721611634104591,4.420184092078326e-25,0.1721611634104591,12,0.0614791933258616,3654,5.809256949455267,1.9897115429456984,16.363636363636363,10,8,0.0,0.0,0.0,0.0,0.0,1.0,0.4,0.1275459620221811,-0.6,0.2692821734155268,6,0.3268848258502978,C — exploratory,limited,low,low,361
317,NF1,Nf1,4763,homologene,0.6717797571977298,0.4907991587802313,0.9070715036803364,0.6672255472925394,upstroke_downstroke_ratio_long_square,-0.1701444295574535,1.0935007053329251e-24,0.1701444295574535,13,0.0574115003052882,3654,7.766497887985691,5.918185925181072,17.272727272727273,10,9,0.0,0.0,0.0,0.0,0.0,1.0,0.3333333333333333,0.0631360929609975,,0.1941952650726982,6,0.31841318550665315,C — exploratory,limited,low,low,362
500,ASTN1,Astn1,460,homologene,0.5815951244690521,0.3393796004206098,0.9081230283911672,0.5551562217143463,threshold_i_short_square,0.109645712797493,1.018798075918212e-10,0.109645712797493,13,0.0569097625829231,3654,5.903214516095207,2.1492133700881486,19.545454545454547,10,8,0.0,0.0,0.0,0.0,0.0,0.1366666666666666,0.5,0.0433472906151888,0.3999999999999999,0.3353431034306322,6,0.31656914644848183,C — exploratory,limited,low,low,363
360,FMN2,Fmn2,56776,homologene,0.6504086913414768,0.4514984227129337,0.9112776025236592,0.6414362011868803,upstroke_downstroke_ratio_long_square,-0.1962213492741333,1.6404254440917474e-32,0.1962213492741333,9,0.0540554924793601,3654,6.112744553649974,2.4306392612701373,21.59090909090909,10,8,0.0,0.0,0.0,0.0,0.0,1.0,0.3333333333333333,0.0771480282961564,,0.2040036198073094,6,0.3133559290087805,C — exploratory,limited,low,low,364
129,GRM5,Grm5,2915,homologene,0.7833661003110723,0.782597266035752,0.7843059936908517,0.7834511640159292,adaptation,-0.2961348766129328,1.8991406517132888e-73,0.2961348766129328,16,0.1810239351136032,3654,3.3279898546362654,0.5954725184706753,9.284332688588009,10,4,0.0,0.0,0.0,0.0,0.14,1.0,0.6666666666666666,0.1311227356866482,0.7142857142857143,0.5346430578377966,7,0.44830926351288014,C — exploratory,moderate,low,low,372
436,SPOCK1,Spock1,6695,homologene,0.6090597007509976,0.7718191377497371,0.4217928496319663,0.5705679569621386,threshold_i_long_square,0.2648645965932279,1.070216226489366e-58,0.2648645965932279,17,0.1387687052352033,3654,1.3641368953209896,0.5682327745471896,4.545454545454546,9,4,0.0017864979588717,0.5366666666666666,0.0,0.0,0.0,0.87,0.5,0.1048434463392738,0.3714285714285715,0.3726761267232059,7,0.4205909561543152,C — exploratory,limited,low,moderate,373
136,PCDH9,Pcdh9,5101,homologene,0.7790677043736476,0.7355415352260778,0.8329390115667717,0.7827267973677119,upstroke_downstroke_ratio_long_square,-0.289829226799456,8.50475875668737e-71,0.289829226799456,15,0.1271169346875035,3654,3.9117832483169614,2.557589744311385,11.60541586073501,10,8,0.0,0.0,0.0,0.0,0.02,1.0,0.75,0.1340873791134796,0.3999999999999999,0.5113611653794358,7,0.419968342434457,C — exploratory,moderate,low,low,374
122,SORBS2,Sorbs2,8470,homologene,0.7880156434324213,0.8293901156677181,0.7380389064143008,0.782382370684714,upstroke_downstroke_ratio_long_square,-0.3482110286077,1.248565010001331e-103,0.3482110286077,16,0.1373143663156251,3654,2.55762398234874,1.0913548979584515,8.704061895551257,10,5,0.0,0.0,0.0,0.0,0.0666666666666666,1.0,0.6,0.1477092052275677,0.3,0.4333964436592974,7,0.41349842648159657,C — exploratory,moderate,low,low,375
130,PI4KA,Pi4ka,5297,homologene,0.7831136749117782,0.7547318611987383,0.818086225026288,0.7857707930657261,upstroke_downstroke_ratio_long_square,-0.2362921515738269,6.535249103797031e-47,0.2362921515738269,18,0.0996127505579323,3654,3.4433520825806583,1.08776756983631,11.798839458413926,10,5,0.0,0.0,0.0,0.0,0.0133333333333333,1.0,0.6666666666666666,0.0784438340674093,0.6,0.4749106838471865,7,0.4122124206811092,C — exploratory,moderate,low,low,376
160,GABBR2,Gabbr2,9568,homologene,0.7596746200486095,0.796267087276551,0.7154311251314406,0.7547676848907867,threshold_i_long_square,0.2642511619467405,1.9971010601032e-58,0.2642511619467405,18,0.1402123902389674,3654,2.557086016530594,1.1883821397914525,7.727272727272727,10,6,0.0,0.0,0.0,0.0,0.0,1.0,0.8333333333333334,0.0969037119697895,0.4285714285714286,0.5285468840931384,7,0.4080490193002261,C — exploratory,moderate,low,low,377
201,CIT,Cit,11113,homologene,0.7327020008347047,0.6548370136698213,0.8301787592008413,0.7373138948149537,latency,-0.2939583123701051,1.7835012204059308e-71,0.2939583123701051,12,0.0930040571124784,3654,3.447185358171408,1.7727940794230652,12.959381044487428,10,7,0.0,0.0,0.0,0.0,0.0,1.0,1.0,0.0630348110535551,0.3,0.5541243677374886,7,0.4078280281216302,C — exploratory,moderate,low,low,378
152,XYLT1,Xylt1,64131,homologene,0.7636670310848127,0.7895636172450052,0.7322555205047317,0.7603698557395211,upstroke_downstroke_ratio_long_square,-0.384294507969051,1.016946004601192e-127,0.384294507969051,14,0.1114728516329952,3654,2.8744116384640663,1.5436170374076936,7.543520309477756,10,6,0.0,0.0,0.0,0.0,0.0466666666666666,1.0,0.8,0.1483345683221416,-0.0999999999999999,0.4638341978254992,7,0.4064640004483806,C — exploratory,moderate,low,low,379
211,HIVEP2,Hivep2,3097,homologene,0.7252052602407013,0.6248685594111462,0.8517350157728707,0.7295357649259039,upstroke_downstroke_ratio_long_square,-0.1895672365615866,2.100357640870981e-30,0.1895672365615866,16,0.0877723234510216,3654,4.093894273969152,1.5204858619377646,13.346228239845262,10,7,0.0,0.0,0.0,0.0,0.0,1.0,0.6666666666666666,0.1101157750709253,0.8285714285714287,0.5427953282639335,7,0.40387978068959,C — exploratory,moderate,low,low,380
247,SIPA1L1,Sipa1l1,26037,homologene,0.7100932434436238,0.6014721345951629,0.8475289169295479,0.7139783097522933,threshold_i_long_square,0.2197819211051312,2.094947234947452e-40,0.2197819211051312,14,0.1020045124376175,3654,3.9406796290606394,1.2863833346723317,13.181818181818182,10,7,0.0,0.0,0.0,0.0,0.0,1.0,0.6,0.1401803517997852,0.8999999999999998,0.5481262462598496,7,0.3994254595569121,C — exploratory,moderate,low,low,381
195,SETBP1,Setbp1,26040,homologene,0.7363515993449187,0.6440588853838065,0.8523922187171399,0.740939121856034,avg_isi,-0.2018002558958772,7.189950694773637e-34,0.2018002558958772,16,0.0907422796302265,3654,4.497630902972274,1.6921604773229388,12.272727272727272,10,6,0.0,0.0,0.0,0.0,0.0,1.0,0.8,0.0686229730885562,0.3999999999999999,0.4880360811619894,7,0.3968974370525872,C — exploratory,moderate,low,low,382
280,ABCC8,Abcc8,6833,homologene,0.6957278199646459,0.6198738170347003,0.7907465825446898,0.7001164920419469,threshold_i_long_square,0.2084921849959556,2.1657434350635616e-36,0.2084921849959556,15,0.0894109370285512,3654,3.247564772353615,1.278972158746444,9.772727272727272,10,7,0.0,0.0,0.0,0.0,0.0,1.0,0.6,0.1242468346934611,1.0,0.5569727842854227,7,0.3935186367729626,C — exploratory,moderate,low,low,383
411,TOX,Tox,9760,homologene,0.6213822644453362,0.7886435331230284,0.4290220820189274,0.5816747291667437,latency,0.2780829472577124,7.675596969936019e-64,0.2780829472577124,17,0.1137471439271404,3654,1.671501274924552,0.5386960521309438,5.681818181818182,8,4,0.001212058716922,0.2733333333333333,0.0,0.0,0.0,0.97,0.6666666666666666,0.1219687743974322,0.4285714285714286,0.4710924277924883,7,0.3924182752535555,C — exploratory,moderate,low,low,384
320,NOL4,Nol4,8715,homologene,0.6684357893770878,0.5654574132492113,0.798764458464774,0.672061964761359,tau,-0.1967039199006844,1.7886005107687748e-32,0.1967039199006844,14,0.0919414433880767,3654,3.2541807447393567,1.507204888001111,10.444874274661508,10,6,0.0,0.0,0.0,0.0,0.0,1.0,1.0,0.0911474683581008,0.3999999999999999,0.5938032278506705,7,0.3916050199129312,C — exploratory,moderate,low,low,385
241,TLE4,Tle4,7091,homologene,0.7126933433029885,0.751577287066246,0.6657465825446898,0.707361301162682,upstroke_downstroke_ratio_long_square,-0.3709792628623883,1.8936601816544505e-118,0.3709792628623883,13,0.1120924134976812,3654,2.3668995857531288,1.2033366886447592,6.382978723404255,10,6,0.0,0.0,0.0,0.0,0.0,1.0,1.0,0.1284370115374136,,0.5399059080761895,7,0.39144595553742506,C — exploratory,moderate,low,low,386
313,DYNC1I1,Dync1i1,1780,homologene,0.6755594083702084,0.6979495268138801,0.6483964248159833,0.6727168630918413,threshold_i_long_square,-0.2645988863345624,1.4010201234509785e-58,0.2645988863345624,15,0.1336220118543835,3654,2.321239589225237,1.928661905014184,5.802707930367505,10,8,0.0,0.0,0.0,0.0,0.0,1.0,0.8333333333333334,0.1037333311460858,0.7714285714285715,0.6018990460879744,7,0.3896489995435675,C — exploratory,strong,low,low,387
283,HSPA12A,Hspa12a,259217,homologene,0.6928800540503084,0.7552576235541535,0.6181650893796005,0.6832817108403956,upstroke_downstroke_ratio_long_square,-0.2364366272961157,5.742004842349905e-47,0.2364366272961157,18,0.1410511501914386,3654,1.897999668791463,1.1883821397914525,5.996131528046422,10,6,0.0,0.0,0.0,0.0,0.0,1.0,0.8333333333333334,0.106707996862181,0.6,0.5696955978035267,7,0.38862366214745614,C — exploratory,moderate,low,low,388
343,GNPTAB,Gnptab,79158,homologene,0.6564766038253167,0.6027865404837013,0.7233175604626708,0.6603075722285818,upstroke_downstroke_ratio_long_square,-0.2200872728783077,9.79713935256394e-41,0.2200872728783077,14,0.0819592841728664,3654,2.0235425060946213,0.8241052908944726,10.058027079303676,10,4,0.0,0.0,0.0,0.0,0.0,0.7366666666666667,0.75,0.0991289719616431,1.0,0.6068902803731502,7,0.38659887626390443,C — exploratory,strong,low,low,389
333,PHACTR1,Phactr1,221692,homologene,0.6621311107649113,0.7797055730809673,0.5240536277602524,0.6392241658119376,tau,-0.2937378283674878,1.5127971446331274e-72,0.2937378283674878,16,0.1308677777011683,3654,1.359858920984398,0.7700263194531918,4.448742746615087,10,4,0.0,0.0,0.0,0.0,0.0,1.0,0.8333333333333334,0.1742685368714742,0.6571428571428573,0.6284165472386034,7,0.38643514961596465,C — exploratory,strong,low,low,390
331,ENOX1,Enox1,55068,homologene,0.663929952984038,0.7981072555205048,0.507229232386961,0.6362572833218727,upstroke_downstroke_ratio_long_square,-0.3548932703498204,7.470850286777729e-108,0.3548932703498204,15,0.1310759074321947,3654,1.9477260969040344,0.9364929710257096,5.609284332688588,9,5,0.0,0.0,0.0,0.0,0.0,1.0,0.75,0.1242183735527336,1.0,0.6244528614869136,7,0.38595786987887587,C — exploratory,strong,low,low,391
337,ABR,Abr,29,homologene,0.65927316497694,0.6837539432176656,0.6296004206098843,0.6561187165776551,upstroke_downstroke_ratio_long_square,-0.2546881119757193,1.7243549107449547e-54,0.2546881119757193,15,0.1071266261720394,3654,1.7604340552435904,0.8790128591074711,6.769825918762089,10,5,0.0,0.0,0.0,0.0,0.0,1.0,0.8,0.1011044780141316,0.8999999999999998,0.6107731346098921,7,0.38482549968748836,C — exploratory,strong,low,low,392
469,UNC5C,Unc5c,8633,homologene,0.594804653370989,0.6274973711882229,0.5553364879074658,0.5903153278433783,tau,-0.2406366112917909,2.053758784903228e-48,0.2406366112917909,14,0.1024905232399102,3654,2.3296662507908024,0.7999725899215977,6.363636363636363,9,4,0.0013144116379859,0.31333333333333335,0.0,0.0,0.0,0.8333333333333334,0.75,0.1244141059838424,0.0,0.4245898741886897,7,0.3841514133235424,C — exploratory,moderate,low,low,393
347,SRGAP3,Srgap3,9901,homologene,0.6547598550179626,0.5218191377497371,0.8249211356466878,0.656094227771201,upstroke_downstroke_ratio_long_square,-0.1546577516145112,1.3531988793778346e-20,0.1546577516145112,15,0.0869881658821022,3654,3.142025390269769,1.5936563331128717,13.636363636363637,10,6,0.0,0.0,0.0,0.0,0.0,0.92,0.8,0.0955079400713582,0.7,0.5668555580499508,7,0.38271916628927516,C — exploratory,moderate,low,low,394
399,GALNT18,Galnt18,374378,homologene,0.6274594685431294,0.6640378548895899,0.5833333333333334,0.6223788358807366,latency,-0.2853922508967187,2.542667624415557e-67,0.2853922508967187,13,0.1034649402754699,3654,1.686300581896997,1.046942172299312,5.227272727272728,10,5,0.0015142551675877,0.43666666666666665,0.0,0.0,0.0,1.0,0.3333333333333333,0.1060582549891418,,0.2242407784923992,7,0.3816557266763978,C — exploratory,limited,low,low,395
365,OSBPL8,Osbpl8,114882,homologene,0.6487160274243748,0.7681388012618297,0.5086750788643534,0.6250864462701388,ri,-0.26321056814228,6.440668716905855e-58,0.26321056814228,17,0.1376936589121597,3654,1.7126833560428665,1.0277023698470762,6.382978723404255,9,5,0.0,0.0,0.0,0.0,0.0,0.9966666666666668,0.8333333333333334,0.1291377816669539,0.8285714285714287,0.6311107328811535,7,0.38158492260146726,C — exploratory,strong,low,low,396
344,WNK2,Wnk2,65268,homologene,0.6564552553243637,0.566508937960042,0.7698475289169294,0.6603979906070978,upstroke_downstroke_ratio_long_square,-0.1968636307524111,1.0148932051317572e-32,0.1968636307524111,14,0.0891955600333695,3654,2.8663095937392917,1.335886881441959,9.545454545454543,10,5,0.0,0.0,0.0,0.0,0.0,1.0,0.75,0.1014551657271869,0.7999999999999999,0.5685186160090309,7,0.38097501657720045,C — exploratory,moderate,low,low,397
444,GDA,Gda,9615,homologene,0.6055114011593176,0.8320189274447949,0.3513406940063091,0.5406682045347583,tau,0.2886518788595677,5.325760801425253e-70,0.2886518788595677,18,0.1385291927967223,3654,1.2579172785531223,0.4430937576758769,4.545454545454546,8,3,0.0013137861691092,0.31,0.0,0.0,0.0,0.9333333333333332,0.5,0.1708456618332332,0.3142857142857143,0.4074491061404062,7,0.38016174551830206,C — exploratory,moderate,low,low,398
306,SYTL2,Sytl2,54843,homologene,0.6829594191104096,0.7991587802313354,0.546267087276551,0.6607224372975787,upstroke_downstroke_ratio_long_square,-0.313162651747651,4.806741651422306e-83,0.313162651747651,16,0.1783204626236114,3654,1.811445559849496,0.5682327745471896,7.350096711798839,9,4,0.0,0.0,0.0,0.0,0.0,0.99,0.8,0.1928465624706469,0.3,0.5549925937294529,7,0.38008369224746785,C — exploratory,moderate,low,low,399
351,NPAS2,Npas2,4862,homologene,0.653747080494371,0.7147739221871715,0.5807045215562566,0.6442611648272697,tau,-0.2766610850973654,3.416339867610737e-64,0.2766610850973654,15,0.1054313176602004,3654,1.5791688283109049,0.7107393841992545,5.609284332688588,10,3,0.0,0.0,0.0,0.0,0.0,1.0,0.8,0.1562038286684906,0.6,0.5893426800679434,7,0.3769642247622743,C — exploratory,moderate,low,low,400
427,LMO7,Lmo7,4008,homologene,0.6119310929838945,0.5670347003154573,0.6677181913774973,0.615320554299073,upstroke_downstroke_ratio_long_square,0.1969448310556326,9.571691128867228e-33,0.1969448310556326,14,0.0843038170599536,3654,2.822361821551943,0.9817898098068208,10.0,9,5,0.0,0.0,0.0,0.0,0.0,0.93,0.8,0.1348422661055874,0.8999999999999998,0.6343895862739112,7,0.37382849559337317,C — exploratory,strong,low,low,401
300,OXR1,Oxr1,55074,homologene,0.6843137406905448,0.8020504731861199,0.5458727655099895,0.6616777991414726,upstroke_downstroke_ratio_long_square,-0.3592663716214839,1.16184826068053e-110,0.3592663716214839,15,0.1120995923193112,3654,1.921135053370704,1.0666301198954635,7.156673114119923,9,6,0.0,0.0,0.0,0.0,0.0,1.0,0.6666666666666666,0.1198608730085378,0.6571428571428573,0.5153311825345479,7,0.37265088424613146,C — exploratory,moderate,low,low,402
434,WWP1,Wwp1,11059,homologene,0.6098467515694621,0.6222397476340694,0.5947686645636173,0.6083491626843237,upstroke_downstroke_ratio_long_square,-0.1876044113145392,8.433137361316377e-30,0.1876044113145392,16,0.1091000821608075,3654,2.0932424691826306,0.889085706499523,8.51063829787234,9,5,0.0,0.0,0.0,0.0,0.0,0.7266666666666667,0.8,0.1057698085967521,1.0,0.6340388660177265,7,0.37020945564308266,C — exploratory,strong,low,low,403
430,SIRPA,Sirpa,140885,homologene,0.6105223803044386,0.6879600420609885,0.5185331230283912,0.5972688415852845,upstroke_downstroke_ratio_long_square,-0.25933053301154,1.6595359939494788e-56,0.25933053301154,15,0.1004388061861827,3654,1.3234490326111574,0.6814774778449708,4.448742746615087,10,4,0.0,0.0,0.0,0.0,0.0,0.9,1.0,0.0696785502717751,0.7,0.6387749851902426,7,0.3690536300559244,C — exploratory,strong,low,low,404
471,TSC22D1,Tsc22d1,8848,homologene,0.5938814216798022,0.7074132492113564,0.46096214511041,0.5710435437302412,adaptation,-0.2450745853991019,6.01402658959786e-50,0.2450745853991019,16,0.1194224448789668,3654,1.5467289344687276,0.9962083114525015,5.222437137330754,9,5,0.0,0.0,0.0,0.0,0.0,0.6633333333333333,0.8333333333333334,0.1435221685622585,0.942857142857143,0.6640369465650096,7,0.3664824681773552,C — exploratory,strong,low,low,405
193,SLC6A1,Slc6a1,6529,homologene,0.7375998716110812,0.8359621451104101,0.620925341745531,0.720465183502304,tau,-0.3971584533690068,7.274204666661934e-137,0.3971584533690068,15,0.171128103521734,3654,2.197500034056033,1.0103575056150842,9.318181818181818,9,5,0.0,0.0,0.0,0.0,0.0066666666666666,1.0,0.4,0.2318629462992749,-0.1999999999999999,0.3423040624094924,7,0.36117164318642003,C — exploratory,limited,low,low,407
380,CDK14,Cdk14,5218,homologene,0.6403144408657822,0.7594637223974764,0.5006572029442692,0.6166287237821179,upstroke_downstroke_ratio_long_square,0.2563003568108918,3.468171283689537e-55,0.2563003568108918,17,0.1502085088308977,3654,1.3415571566861542,0.7931807938620856,3.863636363636364,10,5,0.0010060212648324,0.11333333333333333,0.0,0.0,0.0,1.0,0.4,0.1579052680804633,0.6,0.4105336876563243,7,0.35679758926628063,C — exploratory,moderate,low,low,408
191,ITGA8,Itga8,8516,homologene,0.7378356375713534,0.6498422712933755,0.8483175604626708,0.7424773466369983,ri,0.2323969140729951,4.067402338660653e-45,0.2323969140729951,15,0.1026947246880899,3654,3.959525274118419,1.3292812730276309,13.181818181818182,10,7,0.0,0.0,0.0,0.0,0.0,1.0,0.4,0.1349541974079465,-0.1999999999999999,0.2744679381855626,7,0.35452555398832175,C — exploratory,limited,low,low,409
458,CALN1,Caln1,83698,homologene,0.5990659723790711,0.7715562565720294,0.4015509989484753,0.5566140364484573,upstroke_downstroke_ratio_long_square,0.3917686486356924,4.378395026883644e-133,0.3917686486356924,13,0.1257578278799698,3654,1.506117594540871,1.0283932793505326,3.481624758220503,9,5,0.0018982970675309,0.59,0.0,0.0,0.0,0.8333333333333334,,,,0.0,7,0.3526214511041009,C — exploratory,limited,low,moderate,410
410,MEF2C,Mef2c,4208,homologene,0.6215908110791095,0.878286014721346,0.3362250262881177,0.5434167262683132,tau,-0.3300469544558959,2.1877823972121272e-92,0.3300469544558959,18,0.2028176527795115,3654,1.1474860246471017,0.585069615878345,4.448742746615087,8,4,0.0,0.0,0.0,0.0,0.0,0.96,0.6666666666666666,0.2019841250855079,0.3714285714285715,0.5156746018455699,7,0.34603712857100677,C — exploratory,moderate,low,low,411
330,COL24A1,Col24a1,255631,homologene,0.6639729053222096,0.5126182965299684,0.858832807570978,0.6635159461694081,threshold_i_short_square,-0.1687866240412355,7.346387886527547e-24,0.1687866240412355,14,0.0722047433956489,3654,4.245271033804979,1.9989305264342905,14.090909090909092,10,8,0.0,0.0,0.0,0.0,0.0,1.0,0.6,0.0402754580390646,-0.3,0.2981928206273452,7,0.33392878494565836,C — exploratory,limited,low,low,414
271,ERC2,Erc2,26059,homologene,0.6974777304794046,0.57465825446898,0.8537066246056783,0.7004209867818809,tau,0.1816720066542437,7.880022324188742e-28,0.1816720066542437,15,0.070196295585521,3654,3.489572489209973,0.9580531282933444,17.272727272727273,10,5,0.0,0.0,0.0,0.0,0.0,0.9966666666666668,0.3333333333333333,0.11656230533575,-0.0857142857142857,0.231593613735025,7,0.3319916985619366,C — exploratory,limited,low,low,415
499,TMEFF2,Tmeff2,23671,homologene,0.5817099128650187,0.8073080967402734,0.3293901156677182,0.5156736442409715,tau,0.3656489247756159,1.1006376776806712e-114,0.3656489247756159,15,0.1252674542723195,3654,1.264497685367521,0.5386960521309438,3.863636363636364,8,4,0.0017252011667465,0.5166666666666667,0.0,0.0,0.0,0.6733333333333333,,,,0.0,7,0.33067297581493166,C — exploratory,limited,low,moderate,417
376,SLC9A9,Slc9a9,285195,homologene,0.6421189473660996,0.6950578338590957,0.5786014721345952,0.6341620344119914,upstroke_downstroke_ratio_long_square,-0.3101333401778297,2.130053124421372e-81,0.3101333401778297,13,0.0973997316935965,3654,2.1677484849678854,0.6545641305145324,7.5,9,4,0.0009783390938239,0.09,0.0,0.0,0.0,0.9966666666666668,0.25,0.1322005720990436,0.3999999999999999,0.2850404004693305,7,0.3297399412926043,C — exploratory,limited,low,low,418
459,CACNA1D,Cacna1d,776,homologene,0.5983643785652407,0.3966876971608832,0.8648790746582544,0.5857361935622714,tau,-0.1404456022510347,4.71819852208739e-17,0.1404456022510347,12,0.0635831413076201,3654,4.475264244813809,2.2154687883793844,14.313346228239846,10,8,0.0,0.0,0.0,0.0,0.0,0.8733333333333333,0.5,0.0785327400695348,0.3999999999999999,0.3599729180486744,7,0.3243079379735624,C — exploratory,limited,low,low,419
492,TMEM132B,Tmem132b,114795,homologene,0.5825863903266962,0.3500262881177707,0.8947160883280757,0.5596196487943645,tau,0.1460155742996108,2.4588368798437657e-18,0.1460155742996108,9,0.0567155826775955,3654,4.801654972327941,1.5204858619377646,19.318181818181817,10,8,0.0,0.0,0.0,0.0,0.0,0.1733333333333333,0.6666666666666666,0.0965978144183026,,0.3676184700928118,7,0.32247216930773165,C — exploratory,limited,low,low,420
476,PITPNC1,Pitpnc1,26207,same-symbol,0.5921282090767851,0.8809148264984227,0.2769453207150368,0.4939283745111599,tau,0.4108916874775438,2.683322422575176e-147,0.4108916874775438,16,0.1381099327506788,3654,0.8352291065455997,0.9364929710257096,1.7408123791102514,9,5,0.0014685550417774,0.41,0.0,0.0,0.0,0.7133333333333334,,,,0.0,7,0.3135720294426919,C — exploratory,limited,low,low,422
419,NR3C2,Nr3c2,4306,homologene,0.6168531228042834,0.6682439537329127,0.555205047318612,0.6091078853147923,upstroke_downstroke_ratio_long_square,0.2432758786683857,1.0333691048382415e-49,0.2432758786683857,15,0.1020649182204113,3654,2.4371005196618336,1.0080468079643805,8.181818181818182,8,5,0.0008996343859618,0.03666666666666667,0.0,0.0,0.0,0.96,0.4,0.0741039736037878,0.3,0.2918727815226515,7,0.31039768984816857,C — exploratory,limited,low,low,423
464,CHRNA7,Chrna7,1139,homologene,0.596240796137852,0.7150368033648791,0.4574132492113564,0.5718979869984079,upstroke_downstroke_ratio_long_square,0.3260711848465227,2.698234585800281e-90,0.3260711848465227,13,0.0962374790962047,3654,1.0472018550640905,0.5661364923037482,3.481624758220503,10,4,0.0013714035102623,0.35333333333333333,0.0,0.0,0.0,0.8766666666666667,,,,0.0,7,0.30515667718191375,C — exploratory,limited,low,low,424
422,HIVEP3,Hivep3,59269,homologene,0.6144416684230997,0.4248159831756046,0.8633017875920084,0.6055942516843733,trough_v_long_square,0.1421747822672605,2.7263849300929734e-17,0.1421747822672605,13,0.073038552968234,3654,4.445377473567503,2.2801057544330408,14.090909090909092,10,9,0.0,0.0,0.0,0.0,0.0,1.0,0.3333333333333333,0.0713551691415643,-0.3142857142857143,0.199948618399095,7,0.2976132778333416,C — exploratory,limited,low,low,427
408,KLF12,Klf12,11278,homologene,0.6221300871593997,0.8412197686645637,0.375,0.5616559563017305,upstroke_downstroke_ratio_long_square,-0.4070731648870101,1.3966445850909864e-144,0.4070731648870101,15,0.1321534482309082,3654,1.0778162918306444,0.516906836610266,4.061895551257253,9,3,0.0,0.0,0.0,0.0,0.0,0.98,0.2,0.1203206158761579,0.3,0.2342244311133106,7,0.2900888399555749,C — exploratory,limited,low,low,430
455,MAML3,Maml3,55534,homologene,0.6005556951875526,0.5862250262881177,0.6181650893796005,0.6019832603751976,upstroke_downstroke_ratio_long_square,0.2464548970331157,5.120050914913873e-51,0.2464548970331157,12,0.0833134214457784,3654,1.7546157884622424,0.6545641305145324,6.382978723404255,10,4,0.0009710021765203,0.08333333333333333,0.0,0.0,0.0,0.92,,,,0.0,7,0.2575446898002103,C — exploratory,limited,low,low,434
414,FGF12,Fgf12,2257,homologene,0.6207160437037704,0.8764458464773922,0.3363564668769716,0.5429532469100192,upstroke_downstroke_ratio_long_square,-0.5144820979527358,2.3683535905427886e-244,0.5144820979527358,15,0.142936721099478,3654,1.1271088893941088,0.405274193321419,4.545454545454546,8,4,0.0,0.0,0.0,0.0,0.0,0.8966666666666666,,,,0.0,7,0.24256046267087275,C — exploratory,limited,low,low,439
479,SCN3B,Scn3b,55800,homologene,0.5910298479729186,0.8935331230283912,0.2628811777076761,0.4846576520622792,tau,0.3795425667348083,3.593385909733413e-124,0.3795425667348083,17,0.180887204349468,3654,0.8871116461435029,0.4275198289561951,3.094777562862669,8,3,0.0,0.0,0.0,0.0,0.0,0.7633333333333333,,,,0.0,7,0.23128286014721344,C — exploratory,limited,low,low,441
161,MAP3K5,Map3k5,4217,homologene,0.7596027191302761,0.7368559411146162,0.7875920084121977,0.7618017134221481,upstroke_downstroke_ratio_long_square,-0.2659286104394527,1.9172975072075202e-59,0.2659286104394527,16,0.1169626414521567,3654,3.008572045527365,1.1684153154380703,10.227272727272728,10,7,0.0,0.0,0.0,0.0,0.0,1.0,0.75,0.1793694588395243,-0.1999999999999999,0.463058621187667,8,0.3975013141428962,C — exploratory,moderate,low,low,447
200,MYH10,Myh10,4628,homologene,0.7331316869527004,0.6766561514195585,0.8033648790746583,0.7372935556888431,upstroke_downstroke_ratio_long_square,-0.2491201811449909,3.979770319272063e-52,0.2491201811449909,15,0.0988939499554576,3654,2.993616967326232,1.3577564925446826,11.798839458413926,10,8,0.0,0.0,0.0,0.0,0.0,1.0,0.8,0.1099302003874043,0.3,0.496951140271183,8,0.39539443415307995,C — exploratory,moderate,low,low,448
260,SYNJ2,Synj2,8871,homologene,0.7032086715838373,0.6356466876971608,0.7875920084121977,0.7075522958792289,threshold_i_long_square,0.1755278497369127,4.739892654031229e-26,0.1755278497369127,17,0.1012285628524191,3654,2.9670181448043853,1.1883821397914525,10.454545454545457,10,6,0.0,0.0,0.0,0.0,0.0,1.0,0.6,0.1389979874101187,0.8999999999999998,0.5472985911870831,8,0.3941074574592883,C — exploratory,moderate,low,low,449
229,RASAL2,Rasal2,9462,homologene,0.7172480475092916,0.6937434279705572,0.7461882229232387,0.7194881344970366,tau,-0.2368590503255712,6.627700167036886e-47,0.2368590503255712,16,0.1021206219289768,3654,2.710900979012046,0.8664955070603337,8.704061895551257,10,5,0.0,0.0,0.0,0.0,0.0,1.0,0.6,0.1228512169621278,0.7,0.4959958518734895,8,0.3871855005534571,C — exploratory,moderate,low,low,450
284,RAPGEF4,Rapgef4,11069,homologene,0.6926917740526681,0.6503680336487907,0.745136698212408,0.6961415726818476,threshold_i_short_square,0.1850997017359905,1.611291613635595e-28,0.1850997017359905,17,0.0939881743515892,3654,2.528316554801555,0.5829733336349037,9.284332688588009,10,4,0.0,0.0,0.0,0.0,0.0,1.0,0.8,0.0632993752514709,0.4999999999999999,0.5043095626760297,8,0.37996285890744563,C — exploratory,moderate,low,low,451
319,BDP1,Bdp1,55814,homologene,0.6700802987354482,0.5683491062039958,0.798764458464774,0.6737782024048959,upstroke_downstroke_ratio_long_square,-0.2152323228602572,5.572179273621496e-39,0.2152323228602572,13,0.0794191520365567,3654,3.371286699681914,1.4677117487300002,10.058027079303676,10,7,0.0,0.0,0.0,0.0,0.0,1.0,1.0,0.1115357711951495,,0.5280750398366046,8,0.37903772090107485,C — exploratory,moderate,low,low,452
361,PRICKLE1,Prickle1,144165,homologene,0.649659817131107,0.7631440588853837,0.5162986330178759,0.6277023453821381,ri,-0.2602173815694758,1.3364163053797725e-56,0.2602173815694758,17,0.1619183513722779,3654,1.958462330424652,1.0366706901524294,5.909090909090909,9,5,0.0,0.0,0.0,0.0,0.0,1.0,0.8,0.1908338416069627,0.6,0.6135836891248739,8,0.3786052762056267,C — exploratory,strong,low,low,453
253,CADM2,Cadm2,253559,homologene,0.70617719964719,0.7786540483701367,0.6196109358569927,0.6945952516534046,tau,0.3294490704525354,4.856926589308788e-92,0.3294490704525354,15,0.1290084186928316,3654,2.194361742201667,0.7931807938620856,9.318181818181818,9,5,0.0,0.0,0.0,0.0,0.0,0.99,0.6,0.1282343341948218,0.6,0.4797640339363753,8,0.3756058036327009,C — exploratory,moderate,low,low,454
250,HTR2C,Htr2c,3358,homologene,0.7073645511810077,0.7552576235541535,0.6497108307045215,0.7004991491752804,upstroke_downstroke_ratio_long_square,0.2787241787636987,2.255131319715833e-65,0.2787241787636987,16,0.142376818458732,3654,2.108032087722407,1.0366706901524294,6.576402321083172,10,5,0.0,0.0,0.0,0.0,0.0,1.0,0.6666666666666666,0.0610181431527567,0.6,0.4627127002069297,8,0.3735362308931209,C — exploratory,moderate,low,low,455
363,KIF5C,Kif5c,3800,homologene,0.649302462920208,0.5883280757097792,0.7254206098843322,0.6532880769564554,adaptation,-0.1703891997734537,1.8314756859930606e-24,0.1703891997734537,16,0.0911308091956381,3654,2.330740411335961,1.3654236038582048,8.704061895551257,10,7,0.0,0.0,0.0,0.0,0.0,1.0,0.8,0.0761197293877038,0.7,0.5532838105713926,8,0.3734064992331008,C — exploratory,moderate,low,low,456
402,MYO5A,Myo5a,4644,homologene,0.6266044973292635,0.4968454258675079,0.7928496319663512,0.6276334225033102,upstroke_downstroke_ratio_long_square,-0.1872564535018309,1.0762294530588236e-29,0.1872564535018309,12,0.0589202289589985,3654,3.0590618077297327,1.062437555408581,10.638297872340424,10,6,0.0,0.0,0.0,0.0,0.0,0.9366666666666666,0.75,0.0533118376394733,1.0,0.5748182863476314,8,0.3729026688362981,C — exploratory,moderate,low,low,457
378,GOLIM4,Golim4,27333,homologene,0.6409643718987303,0.7965299684542587,0.46096214511041,0.6059456765283522,upstroke_downstroke_ratio_long_square,-0.3119692037099574,2.1433178224710816e-82,0.3119692037099574,16,0.1424174951925266,3654,1.4182189682371358,0.5607555001205362,5.609284332688588,9,4,0.0,0.0,0.0,0.0,0.0,0.9833333333333332,0.8,0.1112402045966813,0.7999999999999999,0.597868143217677,8,0.37107205135646915,C — exploratory,moderate,low,low,458
403,GALNTL6,Galntl6,442117,homologene,0.6249901895748169,0.6564143007360673,0.5870136698212408,0.6207448490307612,upstroke_downstroke_ratio_long_square,-0.2080085924711271,1.892014520496433e-36,0.2080085924711271,16,0.0841318306565742,3654,2.195067390023383,0.5228827355618663,7.727272727272727,9,4,0.0,0.0,0.0,0.0,0.0,0.9433333333333334,0.8,0.153795553409673,0.7,0.6076568873867711,8,0.37021697158881584,C — exploratory,strong,low,low,459
358,NRG3,Nrg3,10718,homologene,0.6509592933375549,0.7202944269190326,0.568217665615142,0.6397530912934529,upstroke_downstroke_ratio_long_square,-0.3076335770014688,4.734682188991943e-80,0.3076335770014688,14,0.1027647390752215,3654,2.726332969458465,0.585069615878345,7.954545454545454,8,4,0.0,0.0,0.0,0.0,0.0,0.9966666666666668,0.8,0.0692702842045323,0.7,0.5484891989431726,8,0.3674002582954694,C — exploratory,moderate,low,low,460
345,MYRIP,Myrip,25924,homologene,0.6563207634214648,0.7292323869610936,0.5694006309148265,0.6443798423439172,upstroke_downstroke_ratio_long_square,-0.2863270064459914,4.63338855914901e-69,0.2863270064459914,15,0.0918727663122387,3654,2.154750274611187,0.8532459938513195,7.272727272727272,9,4,0.0,0.0,0.0,0.0,0.0,1.0,0.8,0.0978864956347876,0.4999999999999999,0.5285205469443514,8,0.36543071296405427,C — exploratory,moderate,low,low,461
354,ZFYVE28,Zfyve28,57732,homologene,0.6524486493072725,0.6816508937960042,0.6171135646687698,0.6485799973250063,ri,-0.2272776915575837,3.686126877550496e-43,0.2272776915575837,16,0.1216427347096538,3654,1.9645363259344824,0.6788782462723413,5.681818181818182,10,4,0.0,0.0,0.0,0.0,0.0,1.0,0.6,0.1544576471149962,0.7,0.5181203529804974,8,0.36337696228905425,C — exploratory,moderate,low,low,462
435,CCSER1,Ccser1,401145,homologene,0.6094885980385695,0.5240536277602523,0.7172712933753943,0.6130975643253394,upstroke_downstroke_ratio_long_square,-0.2464011876242917,5.352668028430768e-51,0.2464011876242917,9,0.0560164372088945,3654,2.5167286752855675,1.1734408844544195,7.93036750483559,10,5,0.0,0.0,0.0,0.0,0.0,0.9866666666666668,0.8333333333333334,0.0599655783308293,0.7714285714285715,0.5712616191172948,8,0.36251730805058824,C — exploratory,moderate,low,low,463
467,FOCAD,Focad,54914,homologene,0.5954513571521237,0.4871188222923239,0.7334384858044164,0.5977220854451613,upstroke_downstroke_ratio_long_square,-0.1419596991259389,1.5520608383514808e-17,0.1419596991259389,15,0.0644982436084335,3654,2.6760669366795398,1.2771784946853733,8.317214700193423,10,7,0.0,0.0,0.0,0.0,0.0,0.9,1.0,0.0590514597821782,0.4999999999999999,0.5913360218475248,8,0.362378665988853,C — exploratory,moderate,low,low,464
391,LRRTM3,Lrrtm3,347731,homologene,0.6325672064226884,0.6398527865404837,0.6236855941114615,0.6317174727022957,upstroke_downstroke_ratio_long_square,-0.2215966275038676,2.7307998019467036e-41,0.2215966275038676,15,0.1290352117193826,3654,1.8302464174016029,0.5312187777042905,6.382978723404255,10,4,0.0,0.0,0.0,0.0,0.0,0.9966666666666668,1.0,0.1118551647255175,0.0999999999999999,0.5482986153078623,8,0.3623673991919615,C — exploratory,moderate,low,low,465
482,MGAT5,Mgat5,4249,homologene,0.5890118689882753,0.6942691903259727,0.4654311251314406,0.5684491977279164,ri,-0.2087380693936401,1.829269333701917e-36,0.2087380693936401,17,0.1130192080735973,3654,1.59367125591533,0.9410683956973628,5.222437137330754,9,5,0.0,0.0,0.0,0.0,0.0,0.6366666666666667,0.8333333333333334,0.1449131687772179,0.7714285714285715,0.6307249324297668,8,0.35808504957743603,C — exploratory,strong,low,low,466
421,ANKRD26,Ankrd26,22852,homologene,0.6146045102558138,0.4608307045215563,0.8136172450052577,0.6123232873463662,upstroke_downstroke_ratio_long_square,-0.1784498165916819,4.663721978826728e-27,0.1784498165916819,11,0.052913887967367,3654,3.171099019557226,1.402936891423061,12.18568665377176,10,7,0.0,0.0,0.0,0.0,0.0,0.76,1.0,0.0497464476721227,,0.4848225133704859,8,0.35185409257946,C — exploratory,moderate,low,low,467
341,CADPS,Cadps,8618,homologene,0.6575814456872883,0.529968454258675,0.820583596214511,0.6594569129790279,adaptation,-0.1439011960483547,9.630251903860812e-18,0.1439011960483547,16,0.0834713160292091,3654,3.6143666762570144,1.7111214030179442,11.218568665377177,10,7,0.0,0.0,0.0,0.0,0.0,1.0,0.75,0.0825125821621079,-0.3999999999999999,0.3952588075134756,8,0.3491621715973323,C — exploratory,limited,low,low,468
394,KIDINS220,Kidins220,57498,homologene,0.6309414265998107,0.4907991587802313,0.8111198738170348,0.6309492465637216,adaptation,-0.10680104982453,2.8123039081853875e-10,0.10680104982453,18,0.0725668438895061,3654,3.331080684089881,1.4402713085571957,11.218568665377177,10,6,0.0,0.0,0.0,0.0,0.0,0.9966666666666668,0.6666666666666666,0.0451131255628559,0.4857142857142857,0.4287220450368563,8,0.3461282155268245,C — exploratory,moderate,low,low,469
349,MAP1B,Map1b,4131,homologene,0.6541892238264768,0.5099894847528917,0.8395110410094637,0.6543254566718157,tau,0.1500115744026108,2.753246533016738e-19,0.1500115744026108,15,0.0752709705090435,3654,3.695437199563103,1.3417671643471287,12.76595744680851,10,6,0.0,0.0,0.0,0.0,0.0,1.0,0.6666666666666666,0.0545655233446433,0.0857142857142857,0.3553387234841074,8,0.34096784984929257,C — exploratory,limited,low,low,470
224,SHANK2,Shank2,22941,homologene,0.7205189793971656,0.6240799158780231,0.8420084121976866,0.7249003649143241,upstroke_downstroke_ratio_long_square,0.2730966561679052,1.0149933489565854e-62,0.2730966561679052,12,0.0933442069893455,3654,3.790320636320074,1.5851768186350723,12.954545454545457,10,7,0.0,0.0,0.0,0.0,0.0,1.0,0.3333333333333333,0.1264324585545612,,0.2385027209881928,8,0.3409182098127805,C — exploratory,limited,low,low,471
277,KHDRBS2,Khdrbs2,202559,homologene,0.6964579619461477,0.7789169295478443,0.5983175604626709,0.6826709874384148,upstroke_downstroke_ratio_long_square,0.2928023657049884,2.730150616179321e-72,0.2928023657049884,16,0.123797374056528,3654,2.2058923226492912,1.062437555408581,8.181818181818182,9,6,0.0,0.0,0.0,0.0,0.0,1.0,0.3333333333333333,0.158537385533876,0.2571428571428572,0.3124047413022846,8,0.33792784626256,C — exploratory,limited,low,low,472
335,KCNB1,Kcnb1,3745,homologene,0.660369585691293,0.5383806519453207,0.8158517350157729,0.6627509253018911,tau,0.1638317297029489,8.456526621908697e-23,0.1638317297029489,15,0.0859734119646905,3654,3.3278638988279448,1.083997712676216,11.818181818181818,10,5,0.0,0.0,0.0,0.0,0.0,1.0,0.5,0.1128430182283741,0.1428571428571428,0.3325615413312904,8,0.33735878565847677,C — exploratory,limited,low,low,473
214,DLG2,Dlg2,1740,homologene,0.7235334906033452,0.6511566771819138,0.8140115667718191,0.7280446875067363,tau,0.2047060474692833,4.0761672650080956e-35,0.2047060474692833,16,0.0832928168650332,3654,3.498021870201402,0.8550396579123902,11.136363636363637,10,5,0.0,0.0,0.0,0.0,0.0,1.0,0.3333333333333333,0.0924380403418956,0.0285714285714285,0.2204209139536126,8,0.33711783158146913,C — exploratory,limited,low,low,474
318,TNIK,Tnik,23043,homologene,0.6703774284345919,0.5546792849631966,0.817429022082019,0.6733579623622338,ri,0.1534077826771182,4.0582221846119455e-20,0.1534077826771182,16,0.0784174441172403,3654,3.552229523504701,1.8896140658213785,11.218568665377177,10,8,0.0,0.0,0.0,0.0,0.0,1.0,0.4,0.0873664178763752,-0.1999999999999999,0.2411564925134627,8,0.32265295991173565,C — exploratory,limited,low,low,477
404,TLN2,Tln2,83660,homologene,0.6243968139923244,0.4582018927444795,0.8402996845425869,0.6205053633370161,tau,0.1773659170216128,1.4514480589132666e-26,0.1773659170216128,11,0.060388176324926,3654,3.970466757762883,2.2645459692149927,12.272727272727272,10,8,0.0,0.0,0.0,0.0,0.0,1.0,0.4,0.0947120913407674,0.3,0.3062984639385372,8,0.32096000824512066,C — exploratory,limited,low,low,478
491,KIF1A,Kif1a,547,homologene,0.5836254443728064,0.3982649842271293,0.8274185068349106,0.5740486203918973,upstroke_downstroke_ratio_long_square,-0.1080432831843849,1.0878987323618472e-10,0.1080432831843849,15,0.0644343634622927,3654,4.013522563455484,2.1051500689842357,10.909090909090908,10,7,0.0,0.0,0.0,0.0,0.0,0.5133333333333333,0.5,0.0764184283798075,0.3999999999999999,0.3584928998658653,8,0.3168352781855811,C — exploratory,limited,low,low,479
484,REV3L,Rev3l,5980,homologene,0.587442506136929,0.380651945320715,0.8617245005257623,0.572727777792952,threshold_v_short_square,0.1280752925331493,1.6856060873318894e-13,0.1280752925331493,13,0.0576070250747338,3654,4.118096724870352,1.4967455218170571,14.893617021276595,10,6,0.0,0.0,0.0,0.0,0.0,0.5366666666666666,0.5,0.0849054334960738,-0.3999999999999999,0.2844338034472517,8,0.3053620498587458,C — exploratory,limited,low,low,481
449,SH3KBP1,Sh3kbp1,30011,homologene,0.6030124442875422,0.7179284963196636,0.4684542586750789,0.5799281520370796,upstroke_downstroke_ratio_long_square,-0.3626601601682322,6.980776726737051e-113,0.3626601601682322,12,0.1052365427313057,3654,1.5963807740370732,0.8546805761382965,7.350096711798839,8,5,0.0009480589159898,0.07333333333333333,0.0,0.0,0.0,0.67,,,,0.0,8,0.25194321766561517,C — exploratory,limited,low,low,493
425,SLC2A13,Slc2a13,114134,homologene,0.6124467643007498,0.7158254468980022,0.4907991587802313,0.5927280381178393,tau,-0.3270032114760033,1.2623094026273144e-90,0.3270032114760033,13,0.1145222901162562,3654,1.1671078490889408,0.6935852818399479,4.061895551257253,10,4,0.0008629302070992,0.02,0.0,0.0,0.0,0.9366666666666666,,,,0.0,8,0.2453249211356467,C — exploratory,limited,low,low,495
415,CPNE5,Cpne5,57699,homologene,0.6206496885100026,0.804416403785489,0.41062039957939,0.57472583476873,tau,0.4029483982713503,3.1765560675628e-141,0.4029483982713503,14,0.1401521267058908,3654,1.2908255723868602,0.6271236903417281,4.448742746615087,9,4,0.0,0.0,0.0,0.0,0.0,0.97,,,,0.0,8,0.24300736067297582,C — exploratory,limited,low,low,496
292,PLCL2,Plcl2,23228,homologene,0.6892461158461054,0.6054153522607781,0.7945583596214512,0.6935689073062365,upstroke_downstroke_ratio_long_square,-0.1769945802952837,1.2384510704991895e-26,0.1769945802952837,16,0.1051794304223294,3654,2.844851562403662,1.16043875028946,11.818181818181818,10,6,0.0,0.0,0.0,0.0,0.0,1.0,0.6666666666666666,0.1213834587836668,0.3714285714285715,0.459254135434281,9,0.37184556946330205,C — exploratory,moderate,low,low,508
234,FHOD3,Fhod3,80206,homologene,0.7162925332014775,0.655888538380652,0.7915352260778129,0.7205268090147483,upstroke_downstroke_ratio_long_square,-0.1731348528890088,1.578563900319032e-25,0.1731348528890088,18,0.1093226384792114,3654,3.3473630582530647,1.5061365494491992,9.67117988394584,10,7,0.0,0.0,0.0,0.0,0.0,1.0,0.5,0.1464734067227619,0.3714285714285715,0.4018170989916476,9,0.3698481726900225,C — exploratory,moderate,low,low,509
256,LRFN5,Lrfn5,145581,homologene,0.7044786177456617,0.63801261829653,0.7874605678233438,0.7088087038702642,tau,0.2838024006566165,1.2758370761867188e-67,0.2838024006566165,12,0.0971967493068007,3654,3.6172208335649367,2.0974346706443576,8.8339222614841,10,7,0.0,0.0,0.0,0.0,0.0,1.0,0.6,0.1300876482590727,0.3,0.4210613537813509,9,0.36930690798024496,C — exploratory,moderate,low,low,510
205,DIP2A,Dip2a,23181,homologene,0.7291305172192339,0.7071503680336488,0.7561777076761304,0.7312532695872317,upstroke_downstroke_ratio_long_square,-0.3177452121947026,1.4280154643903638e-85,0.3177452121947026,13,0.1063043319010422,3654,2.8314767638166893,1.447744924376618,8.897485493230175,10,7,0.0,0.0,0.0,0.0,0.0,1.0,0.6666666666666666,0.1184434056744835,,0.3829103839721385,9,0.3692476919363835,C — exploratory,limited,low,low,511
274,ATP1A3,Atp1a3,478,homologene,0.6968981672974645,0.6469505783385909,0.7589379600420609,0.7007106051518855,upstroke_downstroke_ratio_long_square,-0.2024724663905001,1.4277108681042475e-34,0.2024724663905001,16,0.0870837327513017,3654,2.5239405806730586,0.8790128591074711,10.227272727272728,10,5,0.0,0.0,0.0,0.0,0.0,1.0,0.5,0.1415745633569221,0.5428571428571429,0.4326736229212741,9,0.3677124322603852,C — exploratory,moderate,low,low,512
352,OSBPL6,Osbpl6,114880,homologene,0.6535105971487646,0.581230283911672,0.7440851735015773,0.6576357933148009,upstroke_downstroke_ratio_long_square,-0.2604278236255153,5.453660769146903e-57,0.2604278236255153,11,0.062726044944716,3654,2.5229962924426887,0.810548386642838,9.284332688588009,10,5,0.0,0.0,0.0,0.0,0.0,1.0,1.0,0.0829059895312301,,0.5080341926718611,9,0.3666699300170221,C — exploratory,moderate,low,low,513
267,DGKH,Dgkh,160851,homologene,0.7001170691389715,0.75,0.6401156677181913,0.6928829271880232,upstroke_downstroke_ratio_long_square,-0.2738556622637364,4.50376219528874e-63,0.2738556622637364,16,0.12577658458018,3654,1.921647529045432,0.7573410812138821,6.769825918762089,10,4,0.0,0.0,0.0,0.0,0.0,1.0,0.6,0.1525067063523676,0.3,0.4367546944466574,9,0.3653740724329697,C — exploratory,moderate,low,low,514
269,ARHGAP20,Arhgap20,57569,homologene,0.6998004858844911,0.667981072555205,0.7390904311251315,0.7026367617042637,upstroke_downstroke_ratio_long_square,-0.2154309235640009,4.7398113861954875e-39,0.2154309235640009,16,0.0978673371277693,3654,2.499702652010696,0.9001503090483177,9.090909090909092,10,4,0.0,0.0,0.0,0.0,0.0,1.0,0.6,0.1262576234047041,0.3,0.4183803363832928,9,0.3650903680127259,C — exploratory,moderate,low,low,515
388,LIMCH1,Limch1,22998,homologene,0.6340156525802614,0.5930599369085173,0.6848054679284964,0.6372838359822739,avg_isi,-0.2359553058579975,3.7070183003789626e-46,0.2359553058579975,13,0.0801260173318033,3654,2.7261577476489656,0.6696625469229337,12.045454545454543,9,4,0.0,0.0,0.0,0.0,0.0,0.8566666666666667,0.6,0.132875979667534,0.8999999999999998,0.5430131857672738,9,0.3641757181208575,C — exploratory,moderate,low,low,516
417,CYFIP2,Cyfip2,26999,homologene,0.6173989625472711,0.5,0.7672187171398527,0.6193620577416139,tau,-0.1465613859378638,1.837754450001685e-18,0.1465613859378638,15,0.0694024063970169,3654,2.684068884587312,1.0689246568579045,10.058027079303676,10,6,0.0,0.0,0.0,0.0,0.0,0.92,0.6666666666666666,0.1168299717742359,0.7714285714285715,0.5360666945276795,9,0.3606570823335064,C — exploratory,moderate,low,low,517
372,NTNG1,Ntng1,22854,homologene,0.6436070497648477,0.7281808622502629,0.5432439537329127,0.6289513897285499,upstroke_downstroke_ratio_long_square,-0.2347036745207394,2.776287924155808e-46,0.2347036745207394,17,0.114296850571605,3654,2.24024203253896,1.0366706901524294,6.007067137809187,9,5,0.0,0.0,0.0,0.0,0.0,0.9833333333333332,0.6666666666666666,0.1466890403495965,0.6,0.5226823282447175,9,0.3588214288455786,C — exploratory,moderate,low,low,518
463,HS3ST4,Hs3st4,9951,homologene,0.5965464946983113,0.6261829652996845,0.5607255520504731,0.5925510854789382,upstroke_downstroke_ratio_long_square,0.2398887690021289,2.4100815004276067e-48,0.2398887690021289,14,0.0762001349535113,3654,1.7463052368083347,0.5138511849235381,8.181818181818182,9,4,0.0,0.0,0.0,0.0,0.0,0.62,0.75,0.1282131710997287,0.7999999999999999,0.5872492197698101,9,0.3548315474239936,C — exploratory,moderate,low,low,519
420,MAP7D2,Map7d2,256714,homologene,0.6158261841103112,0.5452155625657203,0.7043901156677181,0.6197132023601787,upstroke_downstroke_ratio_long_square,-0.2161794026666555,2.5591536128018607e-39,0.2161794026666555,12,0.0660885706607703,3654,2.000823541449491,0.5954725184706753,9.090909090909092,10,4,0.0,0.0,0.0,0.0,0.0,0.6766666666666666,1.0,0.0992322599051788,,0.5194625819336252,9,0.35381365203341275,C — exploratory,moderate,low,low,520
429,ATXN1,Atxn1,6310,homologene,0.6108495281436709,0.6025236593059936,0.6210567823343848,0.6117200381946953,threshold_i_ramp,0.176502766293448,2.656398632673658e-26,0.176502766293448,16,0.09525943122453,3654,1.9544766723593452,1.0666301198954635,5.909090909090909,10,6,0.0,0.0,0.0,0.0,0.0,0.99,0.6666666666666666,0.1048454957795075,0.8285714285714287,0.539106132759941,9,0.35253731488006385,C — exploratory,moderate,low,low,521
389,GARNL3,Garnl3,84253,homologene,0.6339188952704985,0.7292323869610935,0.5212933753943217,0.6165581987499692,tau,0.260880141712993,5.74852127143006e-57,0.260880141712993,16,0.0984418392881558,3654,1.8120472364987283,0.8063416786543214,6.576402321083172,9,4,0.0,0.0,0.0,0.0,0.0,0.98,0.8333333333333334,0.0997119102904164,0.2571428571428572,0.4962269086318629,9,0.34935053419745565,C — exploratory,moderate,low,low,522
440,ADAM23,Adam23,8745,homologene,0.608061510991932,0.4755520504731861,0.7782597266035752,0.6083609198387347,tau,-0.1753293965538105,5.626717784864376e-26,0.1753293965538105,12,0.0678435220901179,3654,3.02469936833464,1.1883821397914525,9.545454545454543,10,6,0.0,0.0,0.0,0.0,0.0,0.9866666666666668,0.75,0.101487803436243,0.3999999999999999,0.4885414624053701,9,0.3484706478964263,C — exploratory,moderate,low,low,523
468,HECW2,Hecw2,57520,homologene,0.5953205045393862,0.445583596214511,0.7891692954784437,0.5929931641270049,adaptation,-0.1279356365298216,2.9641435058016883e-14,0.1279356365298216,15,0.0736567857374078,3654,5.092662104802004,2.999455227148915,17.954545454545453,9,8,0.0,0.0,0.0,0.0,0.0,0.7133333333333334,0.5,0.1174546379940023,1.0,0.5072182465958017,9,0.3483942276577513,C — exploratory,moderate,low,low,524
329,CACNA1C,Cacna1c,775,homologene,0.6640097281441242,0.556782334384858,0.7999474237644585,0.6673803967668877,tau,0.2081150612193857,2.8238029603585995e-36,0.2081150612193857,13,0.0801265800652616,3654,5.876511159688859,2.6469551470352606,18.863636363636363,9,8,0.0,0.0,0.0,0.0,0.0,1.0,0.6,0.0750660969747624,0.3,0.3825462678823337,9,0.34785520520633006,C — exploratory,limited,low,low,525
448,PTPRG,Ptprg,5793,homologene,0.6039790618547843,0.4616193480546793,0.7875920084121977,0.6029657614295476,threshold_i_short_square,0.1345098729720371,1.4810581406005138e-15,0.1345098729720371,15,0.0669730113305141,3654,3.222818746478296,1.8896140658213785,9.67117988394584,10,8,0.0,0.0,0.0,0.0,0.0,0.9666666666666668,0.6666666666666666,0.059836371286678,0.7142857142857143,0.4847426027578174,9,0.3467907918449389,C — exploratory,moderate,low,low,526
472,ITPK1,Itpk1,3705,homologene,0.5938172342118483,0.7200315457413248,0.4467665615141956,0.5671737104914181,tau,0.2295609717896478,4.535889261256056e-44,0.2295609717896478,17,0.1168699465206742,3654,1.06760881512462,0.5661364923037482,3.094777562862669,10,4,0.0,0.0,0.0,0.0,0.0,0.8533333333333334,0.8,0.1067319997589198,0.6,0.554712399831244,9,0.3443021014173529,C — exploratory,moderate,low,low,527
412,ST8SIA1,St8sia1,6489,homologene,0.62132836069413,0.7923238696109358,0.4249474237644584,0.5802551052582423,upstroke_downstroke_ratio_long_square,-0.430002138971648,5.910090222824385e-163,0.430002138971648,13,0.1292912072441252,3654,0.9166481269369852,0.5661364923037482,2.9013539651837523,10,4,0.0,0.0,0.0,0.0,0.0,1.0,,,,0.0,9,0.24345425867507883,C — exploratory,limited,low,low,532
498,LDHB,Ldhb,3945,homologene,0.581726189846743,0.7957413249211357,0.3412197686645635,0.5210783729981732,threshold_i_long_square,0.282853852429496,4.2883385577035824e-67,0.282853852429496,17,0.1555434715254267,3654,0.8761953644643716,0.4738821381214269,3.67504835589942,9,3,0.0,0.0,0.0,0.0,0.0,0.4366666666666666,,,,0.0,9,0.22739221871713983,C — exploratory,limited,low,low,535
398,PTPRN2,Ptprn2,5799,homologene,0.6277852597608786,0.536540483701367,0.7430336487907466,0.6314013250925111,ri,0.1623971178088148,2.0777195544754005e-22,0.1623971178088148,15,0.0800475149270595,3654,3.87374724963745,1.550828151865569,13.636363636363637,9,7,0.0,0.0,0.0,0.0,0.0,1.0,0.8,0.0852949482386326,0.3999999999999999,0.4997064637670428,10,0.35585611925183125,C — exploratory,moderate,low,low,551
355,DLC1,Dlc1,10395,homologene,0.6523634382652183,0.5428496319663513,0.7914037854889591,0.6554488947961227,threshold_i_long_square,0.1484794030939752,6.08572995986822e-19,0.1484794030939752,16,0.0906634502017003,3654,3.562522876475032,1.2863833346723317,9.284332688588009,10,6,0.0,0.0,0.0,0.0,0.0,1.0,0.75,0.0744549563574491,0.1999999999999999,0.4296184694502144,10,0.3527743773811049,C — exploratory,moderate,low,low,552
450,TTBK2,Ttbk2,146057,homologene,0.6026526788874222,0.5607255520504731,0.6547055730809674,0.6058961494318534,threshold_i_long_square,0.1750822349480165,6.317211108145467e-26,0.1750822349480165,15,0.1005550227999661,3654,2.170941955592061,1.0773921042618877,6.576402321083172,10,6,0.0,0.0,0.0,0.0,0.0,0.9133333333333332,0.75,0.0437507003593307,0.7999999999999999,0.5281254902515315,10,0.3487113230765944,C — exploratory,moderate,low,low,553
494,DGKD,Dgkd,8527,homologene,0.5822540907542344,0.4550473186119874,0.7456624605678234,0.5825046809005099,tau,-0.1765255794022912,2.537305399698624e-26,0.1765255794022912,11,0.0630532414843572,3654,2.655166335888373,1.3686667702639703,8.897485493230175,10,6,0.0,0.0,0.0,0.0,0.0,0.3433333333333333,1.0,0.0486148320827152,0.1999999999999999,0.5240303824579007,10,0.3449480323275423,C — exploratory,moderate,low,low,554
302,XKR4,Xkr4,114786,homologene,0.6840509617638125,0.6921661409043113,0.6741587802313355,0.6831031263795249,upstroke_downstroke_ratio_long_square,-0.2843697549653003,4.230007993997546e-68,0.2843697549653003,14,0.0888128470337492,3654,2.147442780942355,1.0220203416609066,7.272727272727272,10,6,0.0,0.0,0.0,0.0,0.0,1.0,0.4,0.1084676061280856,0.4999999999999999,0.3559273242896599,10,0.34445044908506134,C — exploratory,limited,low,low,555
339,COL16A1,Col16a1,1307,homologene,0.6588819958035681,0.5878023133543638,0.7478969505783386,0.6630351104584294,upstroke_downstroke_ratio_long_square,-0.190001320519634,1.5413806559225346e-30,0.190001320519634,15,0.0863828841015743,3654,2.841517350157145,1.0098512120254133,8.51063829787234,10,6,0.0,0.0,0.0,0.0,0.0,1.0,0.5,0.1128370747068391,0.3999999999999999,0.3839859522947874,10,0.34393704324549795,C — exploratory,limited,low,low,556
496,DAAM1,Daam1,23002,homologene,0.582179640161,0.4860672975814932,0.7041272344900106,0.5850241208891218,upstroke_downstroke_ratio_long_square,-0.1792241440738196,2.766652208483004e-27,0.1792241440738196,12,0.0579211795492809,3654,2.3103733646711664,1.1757569328887092,7.7369439071566735,10,5,0.0,0.0,0.0,0.0,0.0,0.32,1.0,0.1105598299727895,,0.5273918809809527,10,0.3435172826104913,C — exploratory,moderate,low,low,557
416,TACC1,Tacc1,6867,homologene,0.6177266216917643,0.7152996845425866,0.5026288117770767,0.599608397628117,upstroke_downstroke_ratio_long_square,-0.2498167545907841,2.0323866668064185e-52,0.2498167545907841,16,0.1115473656005645,3654,1.3338199136104056,0.6571633620871621,3.8684719535783367,10,4,0.0,0.0,0.0,0.0,0.0,1.0,0.6,0.116907694209747,0.7,0.4918353859468229,10,0.34195277645329725,C — exploratory,moderate,low,low,558
387,SLC6A17,Slc6a17,388662,homologene,0.6356627299047377,0.6516824395373292,0.6161934805467929,0.6336895696078102,tau,-0.1856427005051592,5.076690246406453e-29,0.1856427005051592,17,0.1116766902408152,3654,1.978343744001242,1.1883821397914525,5.609284332688588,10,6,0.0,0.0,0.0,0.0,0.0,1.0,0.5,0.0666809080170852,0.7714285714285715,0.4259623498976739,10,0.3387676539963592,C — exploratory,moderate,low,low,559
324,WASF3,Wasf3,10810,homologene,0.6662445953515096,0.7389589905362777,0.5795215562565721,0.654402524601922,threshold_i_long_square,0.2421607517698128,4.98676284174452e-49,0.2421607517698128,17,0.1456212724211265,3654,1.7441807493818335,0.4738821381214269,5.029013539651838,10,4,0.0,0.0,0.0,0.0,0.0,1.0,0.5,0.1048050219546901,0.3714285714285715,0.3726492296539974,10,0.33822595528936944,C — exploratory,limited,low,low,560
460,EPHA4,Epha4,2043,homologene,0.5979038179613042,0.4773922187171398,0.7521030494216614,0.5992062612050492,ri,-0.1503377525254446,2.271494821783105e-19,0.1503377525254446,14,0.0669756712287968,3654,2.936937464654795,1.4677117487300002,8.409090909090908,10,7,0.0,0.0,0.0,0.0,0.0,0.9566666666666668,0.6,0.1525675580302373,0.3999999999999999,0.4567972906211661,10,0.33725851175199345,C — exploratory,moderate,low,low,561
488,MACROD2,Macrod2,140733,homologene,0.5854036345974672,0.5775499474237645,0.595031545741325,0.5862255862365473,threshold_i_long_square,-0.185366903062112,6.282127173320277e-29,0.185366903062112,15,0.0918556572889719,3654,1.6436076646778477,0.5682327745471896,5.909090909090909,10,4,0.0,0.0,0.0,0.0,0.0,0.4266666666666667,0.75,0.1137576191238705,0.3999999999999999,0.4971303333867094,10,0.3339423653103598,C — exploratory,moderate,low,low,562
307,SORBS1,Sorbs1,10580,homologene,0.6815151228013682,0.6593059936908517,0.7088590956887487,0.6836337107471142,tau,-0.1886123605321063,6.3048583547000796e-30,0.1886123605321063,17,0.1070592788038217,3654,2.4325783776146777,0.9817898098068208,7.727272727272727,10,5,0.0,0.0,0.0,0.0,0.0,1.0,0.5,0.1064490131900112,-0.2571428571428572,0.2995143092330078,10,0.3335358797225217,C — exploratory,limited,low,low,563
486,SYT7,Syt7,9066,homologene,0.5869263873477826,0.6884858044164038,0.467534174553102,0.567354071334076,upstroke_downstroke_ratio_long_square,-0.2058205736162598,1.0552618550771728e-35,0.2058205736162598,17,0.1281632936554041,3654,1.0245557184295904,0.4705341978486813,3.863636363636364,10,4,0.0,0.0,0.0,0.0,0.0,0.5033333333333333,0.6666666666666666,0.1257173101844285,0.6,0.5080021171290999,10,0.33280441921972115,C — exploratory,moderate,low,low,564
407,STARD13,Stard13,90627,homologene,0.6233842061467674,0.6779705573080967,0.5579652996845427,0.6150480023426697,upstroke_downstroke_ratio_long_square,-0.2226498534085522,1.1098318936631823e-41,0.2226498534085522,16,0.0977725961552091,3654,2.427646023243492,0.8642444978993482,8.409090909090908,8,5,0.0,0.0,0.0,0.0,0.0,0.9733333333333334,0.5,0.0568513611251181,0.7714285714285715,0.419081667073297,10,0.3310035048131873,C — exploratory,moderate,low,low,565
314,APBA1,Apba1,320,homologene,0.6747031058630865,0.7003154574132493,0.643664563617245,0.6713927638054423,tau,-0.2147445391820042,1.3618346660864502e-38,0.2147445391820042,17,0.0922571092165385,3654,2.1787326424761444,1.1883821397914525,6.136363636363637,10,6,0.0,0.0,0.0,0.0,0.0,1.0,0.6,0.055633133611797,0.0,0.3089431935282579,10,0.33058464291175044,C — exploratory,limited,low,low,566
497,PTK2B,Ptk2b,2185,homologene,0.5819046188944266,0.5935856992639327,0.5676919032597266,0.580494440423763,avg_isi,0.1935439059368886,3.3081285812094627e-31,0.1935439059368886,15,0.0882969452236838,3654,2.2627617714830564,0.8558452254239493,6.818181818181818,9,4,0.0,0.0,0.0,0.0,0.0,0.5633333333333334,0.75,0.1554645793375151,0.1999999999999999,0.4863252055362606,10,0.32952056161198395,C — exploratory,moderate,low,low,567
303,SPOCK3,Spock3,50859,homologene,0.684038949976604,0.6230283911671924,0.7601209253417456,0.6881692504087823,threshold_i_short_square,0.189262783216503,8.660401036106546e-30,0.189262783216503,16,0.0807086532488266,3654,2.4112093260279024,0.7831079464700337,10.909090909090908,10,5,0.0,0.0,0.0,0.0,0.0,1.0,0.2,0.1262959849123347,0.3,0.2384071894386343,10,0.3243113011895145,C — exploratory,limited,low,low,568
473,PPFIBP1,Ppfibp1,8496,homologene,0.5928028617692048,0.6585173501577287,0.5144584647739222,0.5820479576367711,upstroke_downstroke_ratio_long_square,-0.2083815178611442,1.4158864873253129e-36,0.2083815178611442,16,0.1051086270616716,3654,1.733881856941032,0.908636637126628,6.576402321083172,9,5,0.0,0.0,0.0,0.0,0.0,0.6033333333333334,0.6,0.1318603522998843,0.3999999999999999,0.442302246609919,10,0.32305561230831403,C — exploratory,moderate,low,low,569
285,DNER,Dner,92737,homologene,0.692530802969493,0.620136698212408,0.7831230283911671,0.6968811441850039,upstroke_downstroke_ratio_long_square,0.2869131590387009,2.39511906327962e-69,0.2869131590387009,11,0.0919906659776388,3654,3.046352726844483,1.2203980046359102,9.772727272727272,10,5,0.0,0.0,0.0,0.0,0.0,1.0,0.2,0.1686952941898662,-0.7,0.2080867059329063,10,0.3222692865072963,C — exploratory,limited,low,low,570
346,SMARCA2,Smarca2,6595,homologene,0.6558788532392648,0.5523133543638276,0.7870662460567823,0.6593232882783431,upstroke_downstroke_ratio_long_square,-0.2205082275927281,6.891196094571675e-41,0.2205082275927281,12,0.0730383872644994,3654,3.206717135783512,1.646430446320636,9.67117988394584,10,7,0.0,0.0,0.0,0.0,0.0,1.0,0.4,0.0690811662329455,0.1999999999999999,0.2683568163630619,10,0.3215472833567343,C — exploratory,limited,low,low,571
342,PKP2,Pkp2,5318,homologene,0.6565027762142027,0.5991062039957938,0.728049421661409,0.660438434173012,upstroke_downstroke_ratio_long_square,0.1749846883640752,4.707963886658884e-26,0.1749846883640752,16,0.0984195793950081,3654,2.4250851587319007,1.062437555408581,8.636363636363637,10,6,0.0,0.0,0.0,0.0,0.0,0.98,0.4,0.1032918890377863,0.0999999999999999,0.2723043223264504,10,0.31989198959673065,C — exploratory,limited,low,low,572
483,MAN1A2,Man1a2,10905,homologene,0.588437706711185,0.7631440588853838,0.388801261829653,0.5447121928619189,threshold_i_long_square,0.2842528311710644,9.272160725452978e-68,0.2842528311710644,16,0.165624993954688,3654,1.4758656519816593,0.5711584027128666,5.029013539651838,8,4,0.0,0.0,0.0,0.0,0.0,0.7633333333333333,,,,0.0,10,0.23038906414300736,C — exploratory,limited,low,low,579
478,CACNB4,Cacnb4,785,homologene,0.5914796987351453,0.7113564668769716,0.4514984227129338,0.5667242034549063,upstroke_downstroke_ratio_long_square,-0.2474209364739329,2.031594923392495e-51,0.2474209364739329,16,0.132410231226262,3654,1.4655138819090254,0.3319175345011282,5.222437137330754,9,4,0.0,0.0,0.0,0.0,0.0,0.66,0.6,0.1805721810093095,0.3999999999999999,0.4764005267065167,11,0.3278510832592844,C — exploratory,moderate,low,low,592
470,MAST3,Mast3,23031,homologene,0.5940270283087936,0.5157728706624606,0.6925604626708727,0.5976653728794047,avg_isi,0.1527301117827739,8.812458784134474e-20,0.1527301117827739,15,0.0774817407815044,3654,2.3179696173242705,0.8687905007774661,7.350096711798839,10,4,0.0,0.0,0.0,0.0,0.0,0.8533333333333334,0.5,0.1217644071600548,0.5428571428571429,0.418806513583467,11,0.32542796938336005,C — exploratory,moderate,low,low,593
438,NIN,Nin,51199,homologene,0.6084412089286916,0.4676656151419558,0.7898264984227129,0.6077620383343098,upstroke_downstroke_ratio_long_square,-0.1352045838126543,4.996489433753515e-16,0.1352045838126543,15,0.0666137294581538,3654,3.044220174925023,1.930874617794812,10.251450676982593,10,6,0.0,0.0,0.0,0.0,0.0,0.8,0.5,0.0922534650513143,0.3999999999999999,0.3695774255359201,11,0.3254139078201178,C — exploratory,limited,low,low,594
366,GAD1,Gad1,2571,homologene,0.647260570246503,0.6771819137749736,0.6110672975814931,0.6432757744712114,tau,-0.2913840108035083,2.300144259400789e-71,0.2913840108035083,13,0.0985759558266669,3654,1.8255594993018576,1.062437555408581,5.909090909090909,10,6,0.0,0.0,0.0,0.0,0.0,1.0,0.4,0.2124428223077015,-0.7999999999999999,0.328709975615391,11,0.32339183739437155,C — exploratory,limited,low,low,595
481,L3MBTL4,L3mbtl4,91133,homologene,0.5893268660598505,0.5039432176656152,0.6971608832807571,0.5927305448102933,f_i_curve_slope,-0.1483570192519034,8.420086365121499e-19,0.1483570192519034,15,0.0847395487010044,3654,2.094993965616586,0.7061639595276015,8.409090909090908,10,4,0.0,0.0,0.0,0.0,0.0,0.5366666666666666,0.5,0.09545541512898,0.4857142857142857,0.3889616477331431,11,0.31801314973590306,C — exploratory,limited,low,low,596
418,RAPGEF2,Rapgef2,9693,homologene,0.6172848698038831,0.5011829652996845,0.7653785488958991,0.6193502165273024,upstroke_downstroke_ratio_long_square,-0.2181702666698127,4.907290799152716e-40,0.2181702666698127,10,0.0525042588717316,3654,2.8337887256687724,1.4677117487300002,9.477756286266924,10,6,0.0,0.0,0.0,0.0,0.0,0.83,0.5,0.0557254624839552,0.2571428571428572,0.3154363951673401,11,0.31639958187258477,C — exploratory,limited,low,low,597
465,MARK1,Mark1,4139,homologene,0.596202527002894,0.61198738170347,0.5770241850683491,0.5942487023120517,upstroke_downstroke_ratio_long_square,-0.203139843606622,8.544042043780064e-35,0.203139843606622,15,0.0848349927756845,3654,2.5260719018494395,1.1135344350924616,6.590909090909091,9,6,0.0,0.0,0.0,0.0,0.0,0.8333333333333334,0.5,0.1249696348555268,0.3999999999999999,0.3924787443988687,11,0.31629806223413753,C — exploratory,limited,low,low,598
480,SV2A,Sv2a,9900,homologene,0.589607864539103,0.5043375394321766,0.697292323869611,0.593018292201298,upstroke_downstroke_ratio_long_square,-0.135178340799106,5.0466304024623e-16,0.135178340799106,16,0.0864358384812771,3654,2.2155624554793656,0.7800928211711267,7.7369439071566735,10,4,0.0,0.0,0.0,0.0,0.0,0.58,0.4,0.1252075915148143,0.3,0.32764531406037,11,0.30585503547243154,C — exploratory,limited,low,low,599
452,BAIAP2,Baiap2,10458,homologene,0.6021205541806507,0.6905888538380651,0.497502628811777,0.586148249346997,ri,0.234235690919723,7.980209587762607e-46,0.234235690919723,16,0.1534094611987132,3654,1.125271347503258,0.4595701970274023,4.448742746615087,10,3,0.0,0.0,0.0,0.0,0.0,0.8833333333333333,0.4,0.1995588583633008,-0.1999999999999999,0.3196912008543106,11,0.3015565367008305,C — exploratory,limited,low,low,600
409,GHR,Ghr,2690,homologene,0.6217724592074108,0.4923764458464774,0.7875920084121977,0.6227292781611339,upstroke_downstroke_ratio_long_square,0.1987679364924859,2.4140967782085856e-33,0.1987679364924859,11,0.0503450628703145,3654,2.571915625465641,0.6696625469229337,12.727272727272728,10,4,0.0,0.0,0.0,0.0,0.0,0.71,0.3333333333333333,0.0950320156173019,,0.2165224109321113,11,0.2992981730381573,C — exploratory,limited,low,low,601
385,PDE2A,Pde2a,5138,homologene,0.6367088444080754,0.6545741324921136,0.6150105152471084,0.6344840222506819,tau,0.2599726080912771,1.436269501812865e-56,0.2599726080912771,14,0.0932510949929052,3654,1.925380129484912,1.3501499133255463,5.802707930367505,10,6,0.0,0.0,0.0,0.0,0.0,1.0,,,,0.0,11,0.2539169295478444,C — exploratory,limited,low,low,602
423,OLFM1,Olfm1,10439,homologene,0.6142984766134136,0.7323869610935857,0.4760778128286014,0.5904855481564475,upstroke_downstroke_ratio_long_square,0.3783552637640968,1.5804874415160914e-123,0.3783552637640968,12,0.1022403347471538,3654,1.522912945602472,0.7532117470599743,5.802707930367505,9,5,0.0,0.0,0.0,0.0,0.0,0.8033333333333333,,,,0.0,11,0.2416929547844374,C — exploratory,limited,low,low,603
487,DGKZ,Dgkz,8525,homologene,0.5866529460108343,0.5425867507886436,0.6414300736067298,0.5899419119679462,tau,-0.2152311667413183,9.233599438532875e-39,0.2152311667413183,12,0.0847774408689933,3654,1.856980801745316,0.6326864993979114,6.963249516441006,10,4,0.0,0.0,0.0,0.0,0.0,0.53,,,,0.0,11,0.2368033648790747,C — exploratory,limited,low,low,604
477,TTLL11,Ttll11,158135,homologene,0.5915871018228694,0.7365930599369085,0.4238958990536277,0.5587833009124544,upstroke_downstroke_ratio_long_square,-0.3196905857788821,1.1649128285271485e-86,0.3196905857788821,14,0.1078002744913742,3654,1.147327758747248,0.4817587587361183,5.415860735009671,9,4,0.0,0.0,0.0,0.0,0.0,0.6033333333333334,,,,0.0,11,0.23209779179810724,C — exploratory,limited,low,low,607
393,CDH22,Cdh22,64405,homologene,0.6321791302927877,0.655888538380652,0.6034437434279706,0.6291198891085233,tau,0.2601670830916012,1.1853363016197117e-56,0.2601670830916012,14,0.1021268957130216,3654,2.1137151158693146,1.215822579964257,4.835589941972921,10,5,0.0,0.0,0.0,0.0,0.0,1.0,0.4,0.1260163071610698,0.3,0.3282114150127489,12,0.31750873936427426,C — exploratory,limited,low,low,626
493,DCLK2,Dclk2,166614,homologene,0.5823047656962383,0.7187171398527865,0.4241587802313354,0.5521323984075849,upstroke_downstroke_ratio_long_square,-0.2523595885823353,1.7025350819873063e-53,0.2523595885823353,16,0.0973603639919689,3654,1.5061179053120854,0.5518245512097237,6.189555125725338,8,3,0.0,0.0,0.0,0.0,0.0,0.5533333333333333,,,,0.0,12,0.22857518401682436,C — exploratory,limited,low,low,636
462,BACH1,Bach1,571,homologene,0.5965480890006869,0.6401156677181914,0.5441640378548896,0.5901931263914465,upstroke_downstroke_ratio_long_square,-0.2669072419857439,6.944941136892643e-60,0.2669072419857439,13,0.0777488214618988,3654,1.769065054854591,1.4677117487300002,7.350096711798839,9,6,0.0,0.0,0.0,0.0,0.0,0.64,,,,0.0,13,0.2368559411146162,C — exploratory,limited,low,low,649
490,SOBP,Sobp,55084,homologene,0.5842650859706721,0.5728180862250263,0.5983175604626708,0.5854290050373773,fast_trough_v_long_square,0.2195136089935654,3.53530701857831e-40,0.2195136089935654,13,0.0872748597713884,3654,1.5974614682223158,0.6788782462723413,6.189555125725338,10,4,0.0,0.0,0.0,0.0,0.0,0.3566666666666667,,,,0.0,13,0.23422712933753945,C — exploratory,limited,low,low,650
495,NGEF,Ngef,25791,homologene,0.582195547280254,0.6096214511041009,0.5490273396424816,0.5785316270427,upstroke_downstroke_ratio_long_square,0.2802101972576556,4.3947440854040506e-66,0.2802101972576556,11,0.0831540169327555,3654,2.084777082226577,1.0599950896876,6.769825918762089,9,5,0.0,0.0,0.0,0.0,0.0,0.5666666666666667,,,,0.0,13,0.2317297581493165,C — exploratory,limited,low,low,653
489,CCDC30,Ccdc30,728621,same-symbol,0.584444861199527,0.6445846477392219,0.5126182965299685,0.5748268296569409,upstroke_downstroke_ratio_long_square,-0.2503846218208372,1.1705184054027546e-52,0.2503846218208372,14,0.086173917923621,3654,1.7545271735856147,0.6201590001533059,6.382978723404255,9,4,0.0,0.0,0.0,0.0,0.0,0.5366666666666666,,,,0.0,13,0.23144058885383806,C — exploratory,limited,low,low,654
