rank,gene,mouse_gene,model_mode,parameter,normalized_counterfactual_value,best_feature,best_rho,best_q
1,CACNA2D3,Cacna2d3,conductance-aware,vRestShift_mV,0.9004523138336996,tau,0.6363976095010417,0.0
1,CACNA2D3,Cacna2d3,conductance-aware,inputResistanceMultiplier,1.184644843049496,tau,0.6363976095010417,0.0
1,CACNA2D3,Cacna2d3,conductance-aware,tauMultiplier,1.210361751187637,tau,0.6363976095010417,0.0
1,CACNA2D3,Cacna2d3,conductance-aware,fiGainMultiplier,0.8766541669331331,tau,0.6363976095010417,0.0
1,CACNA2D3,Cacna2d3,conductance-aware,adaptationMultiplier,1.1752731256427689,tau,0.6363976095010417,0.0
1,CACNA2D3,Cacna2d3,conductance-aware,latencyMultiplier,1.0256371220073508,tau,0.6363976095010417,0.0
1,CACNA2D3,Cacna2d3,conductance-aware,sagMultiplier,1.1599900662689395,tau,0.6363976095010417,0.0
1,CACNA2D3,Cacna2d3,conductance-aware,thresholdCurrentMultiplier,0.8233350428526354,tau,0.6363976095010417,0.0
1,CACNA2D3,Cacna2d3,conductance-aware,thresholdVoltageShift_mV,-0.7184147665873065,tau,0.6363976095010417,0.0
1,CACNA2D3,Cacna2d3,conductance-aware,spikeKineticsMultiplier,1.0724150674988149,tau,0.6363976095010417,0.0
2,SLIT2,Slit2,phenotype-constrained,vRestShift_mV,-0.5756083927769295,upstroke_downstroke_ratio_long_square,-0.6356815626731748,0.0
2,SLIT2,Slit2,phenotype-constrained,inputResistanceMultiplier,0.8819652635862348,upstroke_downstroke_ratio_long_square,-0.6356815626731748,0.0
2,SLIT2,Slit2,phenotype-constrained,tauMultiplier,0.9041325364632764,upstroke_downstroke_ratio_long_square,-0.6356815626731748,0.0
2,SLIT2,Slit2,phenotype-constrained,fiGainMultiplier,1.2173260957704968,upstroke_downstroke_ratio_long_square,-0.6356815626731748,0.0
2,SLIT2,Slit2,phenotype-constrained,adaptationMultiplier,0.9019582719237401,upstroke_downstroke_ratio_long_square,-0.6356815626731748,0.0
2,SLIT2,Slit2,phenotype-constrained,latencyMultiplier,0.9716267414735302,upstroke_downstroke_ratio_long_square,-0.6356815626731748,0.0
2,SLIT2,Slit2,phenotype-constrained,sagMultiplier,0.9390364381739478,upstroke_downstroke_ratio_long_square,-0.6356815626731748,0.0
2,SLIT2,Slit2,phenotype-constrained,thresholdCurrentMultiplier,1.1656250343350394,upstroke_downstroke_ratio_long_square,-0.6356815626731748,0.0
2,SLIT2,Slit2,phenotype-constrained,thresholdVoltageShift_mV,0.49917297621267565,upstroke_downstroke_ratio_long_square,-0.6356815626731748,0.0
2,SLIT2,Slit2,phenotype-constrained,spikeKineticsMultiplier,0.8263767721849391,upstroke_downstroke_ratio_long_square,-0.6356815626731748,0.0
3,SYNPR,Synpr,phenotype-constrained,vRestShift_mV,0.6627509239006736,threshold_i_long_square,-0.6234356616415038,0.0
3,SYNPR,Synpr,phenotype-constrained,inputResistanceMultiplier,1.2042304793005143,threshold_i_long_square,-0.6234356616415038,0.0
3,SYNPR,Synpr,phenotype-constrained,tauMultiplier,1.1882936256652852,threshold_i_long_square,-0.6234356616415038,0.0
3,SYNPR,Synpr,phenotype-constrained,fiGainMultiplier,0.8845064134870915,threshold_i_long_square,-0.6234356616415038,0.0
3,SYNPR,Synpr,phenotype-constrained,adaptationMultiplier,1.1981344203731519,threshold_i_long_square,-0.6234356616415038,0.0
3,SYNPR,Synpr,phenotype-constrained,latencyMultiplier,0.9779051173320855,threshold_i_long_square,-0.6234356616415038,0.0
3,SYNPR,Synpr,phenotype-constrained,sagMultiplier,1.1377325128926061,threshold_i_long_square,-0.6234356616415038,0.0
3,SYNPR,Synpr,phenotype-constrained,thresholdCurrentMultiplier,0.8039626375639861,threshold_i_long_square,-0.6234356616415038,0.0
3,SYNPR,Synpr,phenotype-constrained,thresholdVoltageShift_mV,-0.8459869705936824,threshold_i_long_square,-0.6234356616415038,0.0
3,SYNPR,Synpr,phenotype-constrained,spikeKineticsMultiplier,1.082825927234769,threshold_i_long_square,-0.6234356616415038,0.0
4,IGF1,Igf1,phenotype-constrained,vRestShift_mV,0.3821464580622408,upstroke_downstroke_ratio_long_square,0.5943827663861873,0.0
4,IGF1,Igf1,phenotype-constrained,inputResistanceMultiplier,1.1133992500112808,upstroke_downstroke_ratio_long_square,0.5943827663861873,0.0
4,IGF1,Igf1,phenotype-constrained,tauMultiplier,1.0497195945453681,upstroke_downstroke_ratio_long_square,0.5943827663861873,0.0
4,IGF1,Igf1,phenotype-constrained,fiGainMultiplier,0.8527424633346721,upstroke_downstroke_ratio_long_square,0.5943827663861873,0.0
4,IGF1,Igf1,phenotype-constrained,adaptationMultiplier,1.096500960851084,upstroke_downstroke_ratio_long_square,0.5943827663861873,0.0
4,IGF1,Igf1,phenotype-constrained,latencyMultiplier,0.9664685285233012,upstroke_downstroke_ratio_long_square,0.5943827663861873,0.0
4,IGF1,Igf1,phenotype-constrained,sagMultiplier,1.0345661095677934,upstroke_downstroke_ratio_long_square,0.5943827663861873,0.0
4,IGF1,Igf1,phenotype-constrained,thresholdCurrentMultiplier,0.8691463413396364,upstroke_downstroke_ratio_long_square,0.5943827663861873,0.0
4,IGF1,Igf1,phenotype-constrained,thresholdVoltageShift_mV,-0.40494110002124584,upstroke_downstroke_ratio_long_square,0.5943827663861873,0.0
4,IGF1,Igf1,phenotype-constrained,spikeKineticsMultiplier,1.1952015472106365,upstroke_downstroke_ratio_long_square,0.5943827663861873,0.0
5,SOX5,Sox5,phenotype-constrained,vRestShift_mV,-0.5815958923946084,tau,-0.5865135274148124,0.0
5,SOX5,Sox5,phenotype-constrained,inputResistanceMultiplier,0.8647700757786372,tau,-0.5865135274148124,0.0
5,SOX5,Sox5,phenotype-constrained,tauMultiplier,0.8386565118212687,tau,-0.5865135274148124,0.0
5,SOX5,Sox5,phenotype-constrained,fiGainMultiplier,1.1624916967214578,tau,-0.5865135274148124,0.0
5,SOX5,Sox5,phenotype-constrained,adaptationMultiplier,0.8540919422548371,tau,-0.5865135274148124,0.0
5,SOX5,Sox5,phenotype-constrained,latencyMultiplier,0.9585579585386578,tau,-0.5865135274148124,0.0
5,SOX5,Sox5,phenotype-constrained,sagMultiplier,0.8650844851260996,tau,-0.5865135274148124,0.0
5,SOX5,Sox5,phenotype-constrained,thresholdCurrentMultiplier,1.1917815776216942,tau,-0.5865135274148124,0.0
5,SOX5,Sox5,phenotype-constrained,thresholdVoltageShift_mV,0.7149539652138255,tau,-0.5865135274148124,0.0
5,SOX5,Sox5,phenotype-constrained,spikeKineticsMultiplier,0.9305526786186304,tau,-0.5865135274148124,0.0
6,PVALB,Pvalb,phenotype-constrained,vRestShift_mV,-0.4855862344436616,upstroke_downstroke_ratio_long_square,-0.5862391490630879,0.0
6,PVALB,Pvalb,phenotype-constrained,inputResistanceMultiplier,0.8619169494349547,upstroke_downstroke_ratio_long_square,-0.5862391490630879,0.0
6,PVALB,Pvalb,phenotype-constrained,tauMultiplier,0.8703253545025771,upstroke_downstroke_ratio_long_square,-0.5862391490630879,0.0
6,PVALB,Pvalb,phenotype-constrained,fiGainMultiplier,1.2381121168595504,upstroke_downstroke_ratio_long_square,-0.5862391490630879,0.0
6,PVALB,Pvalb,phenotype-constrained,adaptationMultiplier,0.8696379219232498,upstroke_downstroke_ratio_long_square,-0.5862391490630879,0.0
6,PVALB,Pvalb,phenotype-constrained,latencyMultiplier,0.9518708431214785,upstroke_downstroke_ratio_long_square,-0.5862391490630879,0.0
6,PVALB,Pvalb,phenotype-constrained,sagMultiplier,0.9087369774942304,upstroke_downstroke_ratio_long_square,-0.5862391490630879,0.0
6,PVALB,Pvalb,phenotype-constrained,thresholdCurrentMultiplier,1.1973570851223412,upstroke_downstroke_ratio_long_square,-0.5862391490630879,0.0
6,PVALB,Pvalb,phenotype-constrained,thresholdVoltageShift_mV,0.5867832601783596,upstroke_downstroke_ratio_long_square,-0.5862391490630879,0.0
6,PVALB,Pvalb,phenotype-constrained,spikeKineticsMultiplier,0.8387255474199237,upstroke_downstroke_ratio_long_square,-0.5862391490630879,0.0
7,RAPGEF5,Rapgef5,phenotype-constrained,vRestShift_mV,-0.2820912466577776,upstroke_downstroke_ratio_long_square,-0.5665115160140508,2.7392038787546467e-307
7,RAPGEF5,Rapgef5,phenotype-constrained,inputResistanceMultiplier,0.9063194686018758,upstroke_downstroke_ratio_long_square,-0.5665115160140508,2.7392038787546467e-307
7,RAPGEF5,Rapgef5,phenotype-constrained,tauMultiplier,0.9422003461241722,upstroke_downstroke_ratio_long_square,-0.5665115160140508,2.7392038787546467e-307
7,RAPGEF5,Rapgef5,phenotype-constrained,fiGainMultiplier,1.193099250826077,upstroke_downstroke_ratio_long_square,-0.5665115160140508,2.7392038787546467e-307
7,RAPGEF5,Rapgef5,phenotype-constrained,adaptationMultiplier,0.9050310075097224,upstroke_downstroke_ratio_long_square,-0.5665115160140508,2.7392038787546467e-307
7,RAPGEF5,Rapgef5,phenotype-constrained,latencyMultiplier,1.014558003870863,upstroke_downstroke_ratio_long_square,-0.5665115160140508,2.7392038787546467e-307
7,RAPGEF5,Rapgef5,phenotype-constrained,sagMultiplier,0.971454643051827,upstroke_downstroke_ratio_long_square,-0.5665115160140508,2.7392038787546467e-307
7,RAPGEF5,Rapgef5,phenotype-constrained,thresholdCurrentMultiplier,1.1325623554137398,upstroke_downstroke_ratio_long_square,-0.5665115160140508,2.7392038787546467e-307
7,RAPGEF5,Rapgef5,phenotype-constrained,thresholdVoltageShift_mV,0.4435100602646772,upstroke_downstroke_ratio_long_square,-0.5665115160140508,2.7392038787546467e-307
7,RAPGEF5,Rapgef5,phenotype-constrained,spikeKineticsMultiplier,0.8437040860543441,upstroke_downstroke_ratio_long_square,-0.5665115160140508,2.7392038787546467e-307
8,GRIN3A,Grin3a,phenotype-constrained,vRestShift_mV,0.3543611852556728,tau,0.5391915491858842,1.530606887118145e-272
8,GRIN3A,Grin3a,phenotype-constrained,inputResistanceMultiplier,1.0902263946297934,tau,0.5391915491858842,1.530606887118145e-272
8,GRIN3A,Grin3a,phenotype-constrained,tauMultiplier,1.1755750883514053,tau,0.5391915491858842,1.530606887118145e-272
8,GRIN3A,Grin3a,phenotype-constrained,fiGainMultiplier,0.9338798488199764,tau,0.5391915491858842,1.530606887118145e-272
8,GRIN3A,Grin3a,phenotype-constrained,adaptationMultiplier,1.1003107661894997,tau,0.5391915491858842,1.530606887118145e-272
8,GRIN3A,Grin3a,phenotype-constrained,latencyMultiplier,1.086990269102068,tau,0.5391915491858842,1.530606887118145e-272
8,GRIN3A,Grin3a,phenotype-constrained,sagMultiplier,1.0950856323548532,tau,0.5391915491858842,1.530606887118145e-272
8,GRIN3A,Grin3a,phenotype-constrained,thresholdCurrentMultiplier,0.9059802068130729,tau,0.5391915491858842,1.530606887118145e-272
8,GRIN3A,Grin3a,phenotype-constrained,thresholdVoltageShift_mV,-0.6269984496590433,tau,0.5391915491858842,1.530606887118145e-272
8,GRIN3A,Grin3a,phenotype-constrained,spikeKineticsMultiplier,0.9580437198707662,tau,0.5391915491858842,1.530606887118145e-272
9,CNTNAP4,Cntnap4,phenotype-constrained,vRestShift_mV,-0.2695218969093024,upstroke_downstroke_ratio_long_square,-0.5239542074449237,5.104145102287967e-255
9,CNTNAP4,Cntnap4,phenotype-constrained,inputResistanceMultiplier,0.9488170615038589,upstroke_downstroke_ratio_long_square,-0.5239542074449237,5.104145102287967e-255
9,CNTNAP4,Cntnap4,phenotype-constrained,tauMultiplier,0.9611680498737633,upstroke_downstroke_ratio_long_square,-0.5239542074449237,5.104145102287967e-255
9,CNTNAP4,Cntnap4,phenotype-constrained,fiGainMultiplier,1.183448268281275,upstroke_downstroke_ratio_long_square,-0.5239542074449237,5.104145102287967e-255
9,CNTNAP4,Cntnap4,phenotype-constrained,adaptationMultiplier,0.9435102819500955,upstroke_downstroke_ratio_long_square,-0.5239542074449237,5.104145102287967e-255
9,CNTNAP4,Cntnap4,phenotype-constrained,latencyMultiplier,0.9708929383570741,upstroke_downstroke_ratio_long_square,-0.5239542074449237,5.104145102287967e-255
9,CNTNAP4,Cntnap4,phenotype-constrained,sagMultiplier,0.9451576328700367,upstroke_downstroke_ratio_long_square,-0.5239542074449237,5.104145102287967e-255
9,CNTNAP4,Cntnap4,phenotype-constrained,thresholdCurrentMultiplier,1.0807996306804533,upstroke_downstroke_ratio_long_square,-0.5239542074449237,5.104145102287967e-255
9,CNTNAP4,Cntnap4,phenotype-constrained,thresholdVoltageShift_mV,0.4013893779317985,upstroke_downstroke_ratio_long_square,-0.5239542074449237,5.104145102287967e-255
9,CNTNAP4,Cntnap4,phenotype-constrained,spikeKineticsMultiplier,0.854544874556196,upstroke_downstroke_ratio_long_square,-0.5239542074449237,5.104145102287967e-255
10,CORO6,Coro6,phenotype-constrained,vRestShift_mV,-0.4446083671761096,upstroke_downstroke_ratio_long_square,-0.5081839445466508,1.6605979373614878e-237
10,CORO6,Coro6,phenotype-constrained,inputResistanceMultiplier,0.8691246581337506,upstroke_downstroke_ratio_long_square,-0.5081839445466508,1.6605979373614878e-237
10,CORO6,Coro6,phenotype-constrained,tauMultiplier,0.9192207020305796,upstroke_downstroke_ratio_long_square,-0.5081839445466508,1.6605979373614878e-237
10,CORO6,Coro6,phenotype-constrained,fiGainMultiplier,1.1390503271331627,upstroke_downstroke_ratio_long_square,-0.5081839445466508,1.6605979373614878e-237
10,CORO6,Coro6,phenotype-constrained,adaptationMultiplier,0.8924588001162995,upstroke_downstroke_ratio_long_square,-0.5081839445466508,1.6605979373614878e-237
10,CORO6,Coro6,phenotype-constrained,latencyMultiplier,1.06120845620662,upstroke_downstroke_ratio_long_square,-0.5081839445466508,1.6605979373614878e-237
10,CORO6,Coro6,phenotype-constrained,sagMultiplier,0.9355481397185681,upstroke_downstroke_ratio_long_square,-0.5081839445466508,1.6605979373614878e-237
10,CORO6,Coro6,phenotype-constrained,thresholdCurrentMultiplier,1.1789326179383133,upstroke_downstroke_ratio_long_square,-0.5081839445466508,1.6605979373614878e-237
10,CORO6,Coro6,phenotype-constrained,thresholdVoltageShift_mV,0.510397926643332,upstroke_downstroke_ratio_long_square,-0.5081839445466508,1.6605979373614878e-237
10,CORO6,Coro6,phenotype-constrained,spikeKineticsMultiplier,0.8585973725400676,upstroke_downstroke_ratio_long_square,-0.5081839445466508,1.6605979373614878e-237
11,TMEM132C,Tmem132c,phenotype-constrained,vRestShift_mV,-0.3774499243885428,upstroke_downstroke_ratio_long_square,-0.5030157742531882,5.9616705894700835e-232
11,TMEM132C,Tmem132c,phenotype-constrained,inputResistanceMultiplier,0.9171735727058818,upstroke_downstroke_ratio_long_square,-0.5030157742531882,5.9616705894700835e-232
11,TMEM132C,Tmem132c,phenotype-constrained,tauMultiplier,0.9446030214656435,upstroke_downstroke_ratio_long_square,-0.5030157742531882,5.9616705894700835e-232
11,TMEM132C,Tmem132c,phenotype-constrained,fiGainMultiplier,1.2024627875967295,upstroke_downstroke_ratio_long_square,-0.5030157742531882,5.9616705894700835e-232
11,TMEM132C,Tmem132c,phenotype-constrained,adaptationMultiplier,0.8913183029374568,upstroke_downstroke_ratio_long_square,-0.5030157742531882,5.9616705894700835e-232
11,TMEM132C,Tmem132c,phenotype-constrained,latencyMultiplier,1.0212042004728163,upstroke_downstroke_ratio_long_square,-0.5030157742531882,5.9616705894700835e-232
11,TMEM132C,Tmem132c,phenotype-constrained,sagMultiplier,0.9523081924947082,upstroke_downstroke_ratio_long_square,-0.5030157742531882,5.9616705894700835e-232
11,TMEM132C,Tmem132c,phenotype-constrained,thresholdCurrentMultiplier,1.1161811866759612,upstroke_downstroke_ratio_long_square,-0.5030157742531882,5.9616705894700835e-232
11,TMEM132C,Tmem132c,phenotype-constrained,thresholdVoltageShift_mV,0.4571695533319473,upstroke_downstroke_ratio_long_square,-0.5030157742531882,5.9616705894700835e-232
11,TMEM132C,Tmem132c,phenotype-constrained,spikeKineticsMultiplier,0.8599296182945675,upstroke_downstroke_ratio_long_square,-0.5030157742531882,5.9616705894700835e-232
12,UST,Ust,phenotype-constrained,vRestShift_mV,0.1570421238969052,upstroke_downstroke_ratio_long_square,0.4900402964427147,1.939013054795707e-218
12,UST,Ust,phenotype-constrained,inputResistanceMultiplier,1.0506009472163533,upstroke_downstroke_ratio_long_square,0.4900402964427147,1.939013054795707e-218
12,UST,Ust,phenotype-constrained,tauMultiplier,1.0221323170202345,upstroke_downstroke_ratio_long_square,0.4900402964427147,1.939013054795707e-218
12,UST,Ust,phenotype-constrained,fiGainMultiplier,0.853711563053984,upstroke_downstroke_ratio_long_square,0.4900402964427147,1.939013054795707e-218
12,UST,Ust,phenotype-constrained,adaptationMultiplier,1.0781947024195333,upstroke_downstroke_ratio_long_square,0.4900402964427147,1.939013054795707e-218
12,UST,Ust,phenotype-constrained,latencyMultiplier,0.9867787102369268,upstroke_downstroke_ratio_long_square,0.4900402964427147,1.939013054795707e-218
12,UST,Ust,phenotype-constrained,sagMultiplier,1.0391871916780016,upstroke_downstroke_ratio_long_square,0.4900402964427147,1.939013054795707e-218
12,UST,Ust,phenotype-constrained,thresholdCurrentMultiplier,0.9378596465341789,upstroke_downstroke_ratio_long_square,0.4900402964427147,1.939013054795707e-218
12,UST,Ust,phenotype-constrained,thresholdVoltageShift_mV,-0.3157295076153498,upstroke_downstroke_ratio_long_square,0.4900402964427147,1.939013054795707e-218
12,UST,Ust,phenotype-constrained,spikeKineticsMultiplier,1.1583679663777322,upstroke_downstroke_ratio_long_square,0.4900402964427147,1.939013054795707e-218
13,CNR1,Cnr1,phenotype-constrained,vRestShift_mV,0.1941012398655672,upstroke_downstroke_ratio_long_square,0.4808006872349161,3.6414166399396016e-209
13,CNR1,Cnr1,phenotype-constrained,inputResistanceMultiplier,1.101924915337913,upstroke_downstroke_ratio_long_square,0.4808006872349161,3.6414166399396016e-209
13,CNR1,Cnr1,phenotype-constrained,tauMultiplier,1.0412194065948022,upstroke_downstroke_ratio_long_square,0.4808006872349161,3.6414166399396016e-209
13,CNR1,Cnr1,phenotype-constrained,fiGainMultiplier,0.9129086249362429,upstroke_downstroke_ratio_long_square,0.4808006872349161,3.6414166399396016e-209
13,CNR1,Cnr1,phenotype-constrained,adaptationMultiplier,1.085331060110197,upstroke_downstroke_ratio_long_square,0.4808006872349161,3.6414166399396016e-209
13,CNR1,Cnr1,phenotype-constrained,latencyMultiplier,0.9273171591996918,upstroke_downstroke_ratio_long_square,0.4808006872349161,3.6414166399396016e-209
13,CNR1,Cnr1,phenotype-constrained,sagMultiplier,1.0421744346256931,upstroke_downstroke_ratio_long_square,0.4808006872349161,3.6414166399396016e-209
13,CNR1,Cnr1,phenotype-constrained,thresholdCurrentMultiplier,0.9031241450917331,upstroke_downstroke_ratio_long_square,0.4808006872349161,3.6414166399396016e-209
13,CNR1,Cnr1,phenotype-constrained,thresholdVoltageShift_mV,-0.3202526474940639,upstroke_downstroke_ratio_long_square,0.4808006872349161,3.6414166399396016e-209
13,CNR1,Cnr1,phenotype-constrained,spikeKineticsMultiplier,1.155161552134464,upstroke_downstroke_ratio_long_square,0.4808006872349161,3.6414166399396016e-209
14,FAM135B,Fam135b,phenotype-constrained,vRestShift_mV,-0.1865193289756236,upstroke_downstroke_ratio_long_square,-0.6751511972515856,0.0
14,FAM135B,Fam135b,phenotype-constrained,inputResistanceMultiplier,0.9374388220197329,upstroke_downstroke_ratio_long_square,-0.6751511972515856,0.0
14,FAM135B,Fam135b,phenotype-constrained,tauMultiplier,0.9845301574106236,upstroke_downstroke_ratio_long_square,-0.6751511972515856,0.0
14,FAM135B,Fam135b,phenotype-constrained,fiGainMultiplier,1.1918679324820411,upstroke_downstroke_ratio_long_square,-0.6751511972515856,0.0
14,FAM135B,Fam135b,phenotype-constrained,adaptationMultiplier,0.9328478282288354,upstroke_downstroke_ratio_long_square,-0.6751511972515856,0.0
14,FAM135B,Fam135b,phenotype-constrained,latencyMultiplier,1.0064757637002617,upstroke_downstroke_ratio_long_square,-0.6751511972515856,0.0
14,FAM135B,Fam135b,phenotype-constrained,sagMultiplier,0.9772355493901426,upstroke_downstroke_ratio_long_square,-0.6751511972515856,0.0
14,FAM135B,Fam135b,phenotype-constrained,thresholdCurrentMultiplier,1.1006379777423974,upstroke_downstroke_ratio_long_square,-0.6751511972515856,0.0
14,FAM135B,Fam135b,phenotype-constrained,thresholdVoltageShift_mV,0.3059378310892998,upstroke_downstroke_ratio_long_square,-0.6751511972515856,0.0
14,FAM135B,Fam135b,phenotype-constrained,spikeKineticsMultiplier,0.8166494392127731,upstroke_downstroke_ratio_long_square,-0.6751511972515856,0.0
15,SST,Sst,phenotype-constrained,vRestShift_mV,0.547032561304674,tau,0.6201606394708873,0.0
15,SST,Sst,phenotype-constrained,inputResistanceMultiplier,1.1069008693100402,tau,0.6201606394708873,0.0
15,SST,Sst,phenotype-constrained,tauMultiplier,1.2044803051026491,tau,0.6201606394708873,0.0
15,SST,Sst,phenotype-constrained,fiGainMultiplier,0.9570125440692239,tau,0.6201606394708873,0.0
15,SST,Sst,phenotype-constrained,adaptationMultiplier,1.10348075531751,tau,0.6201606394708873,0.0
15,SST,Sst,phenotype-constrained,latencyMultiplier,1.094272039261202,tau,0.6201606394708873,0.0
15,SST,Sst,phenotype-constrained,sagMultiplier,1.1228733833204403,tau,0.6201606394708873,0.0
15,SST,Sst,phenotype-constrained,thresholdCurrentMultiplier,0.9032628751717457,tau,0.6201606394708873,0.0
15,SST,Sst,phenotype-constrained,thresholdVoltageShift_mV,-0.6622976549820441,tau,0.6201606394708873,0.0
15,SST,Sst,phenotype-constrained,spikeKineticsMultiplier,0.9352785503452107,tau,0.6201606394708873,0.0
16,DGKI,Dgki,phenotype-constrained,vRestShift_mV,-0.173572524891944,upstroke_downstroke_ratio_long_square,-0.4514742948172269,1.6852337007987698e-181
16,DGKI,Dgki,phenotype-constrained,inputResistanceMultiplier,0.9379557803636719,upstroke_downstroke_ratio_long_square,-0.4514742948172269,1.6852337007987698e-181
16,DGKI,Dgki,phenotype-constrained,tauMultiplier,0.977258388297443,upstroke_downstroke_ratio_long_square,-0.4514742948172269,1.6852337007987698e-181
16,DGKI,Dgki,phenotype-constrained,fiGainMultiplier,1.115836092382748,upstroke_downstroke_ratio_long_square,-0.4514742948172269,1.6852337007987698e-181
16,DGKI,Dgki,phenotype-constrained,adaptationMultiplier,0.9435516808807174,upstroke_downstroke_ratio_long_square,-0.4514742948172269,1.6852337007987698e-181
16,DGKI,Dgki,phenotype-constrained,latencyMultiplier,1.0224231633064857,upstroke_downstroke_ratio_long_square,-0.4514742948172269,1.6852337007987698e-181
16,DGKI,Dgki,phenotype-constrained,sagMultiplier,0.9529349865071397,upstroke_downstroke_ratio_long_square,-0.4514742948172269,1.6852337007987698e-181
16,DGKI,Dgki,phenotype-constrained,thresholdCurrentMultiplier,1.0816838891373226,upstroke_downstroke_ratio_long_square,-0.4514742948172269,1.6852337007987698e-181
16,DGKI,Dgki,phenotype-constrained,thresholdVoltageShift_mV,0.3073432533950562,upstroke_downstroke_ratio_long_square,-0.4514742948172269,1.6852337007987698e-181
16,DGKI,Dgki,phenotype-constrained,spikeKineticsMultiplier,0.8733295626810842,upstroke_downstroke_ratio_long_square,-0.4514742948172269,1.6852337007987698e-181
17,PCSK2,Pcsk2,phenotype-constrained,vRestShift_mV,0.4005207038278052,upstroke_downstroke_ratio_long_square,0.4490072264982266,2.6774341843995098e-179
17,PCSK2,Pcsk2,phenotype-constrained,inputResistanceMultiplier,1.0835731512705806,upstroke_downstroke_ratio_long_square,0.4490072264982266,2.6774341843995098e-179
17,PCSK2,Pcsk2,phenotype-constrained,tauMultiplier,1.0509420647005001,upstroke_downstroke_ratio_long_square,0.4490072264982266,2.6774341843995098e-179
17,PCSK2,Pcsk2,phenotype-constrained,fiGainMultiplier,0.8819446651652114,upstroke_downstroke_ratio_long_square,0.4490072264982266,2.6774341843995098e-179
17,PCSK2,Pcsk2,phenotype-constrained,adaptationMultiplier,1.0788886318794477,upstroke_downstroke_ratio_long_square,0.4490072264982266,2.6774341843995098e-179
17,PCSK2,Pcsk2,phenotype-constrained,latencyMultiplier,0.9854370714583187,upstroke_downstroke_ratio_long_square,0.4490072264982266,2.6774341843995098e-179
17,PCSK2,Pcsk2,phenotype-constrained,sagMultiplier,1.0406792908827638,upstroke_downstroke_ratio_long_square,0.4490072264982266,2.6774341843995098e-179
17,PCSK2,Pcsk2,phenotype-constrained,thresholdCurrentMultiplier,0.8982405075553098,upstroke_downstroke_ratio_long_square,0.4490072264982266,2.6774341843995098e-179
17,PCSK2,Pcsk2,phenotype-constrained,thresholdVoltageShift_mV,-0.1699591919412207,upstroke_downstroke_ratio_long_square,0.4490072264982266,2.6774341843995098e-179
17,PCSK2,Pcsk2,phenotype-constrained,spikeKineticsMultiplier,1.1441959553713381,upstroke_downstroke_ratio_long_square,0.4490072264982266,2.6774341843995098e-179
18,LRRC4C,Lrrc4c,phenotype-constrained,vRestShift_mV,-0.472813308133046,tau,-0.4414997810805423,1.8607243126940732e-172
18,LRRC4C,Lrrc4c,phenotype-constrained,inputResistanceMultiplier,0.9252133838076445,tau,-0.4414997810805423,1.8607243126940732e-172
18,LRRC4C,Lrrc4c,phenotype-constrained,tauMultiplier,0.8759467878763423,tau,-0.4414997810805423,1.8607243126940732e-172
18,LRRC4C,Lrrc4c,phenotype-constrained,fiGainMultiplier,1.1117014370656735,tau,-0.4414997810805423,1.8607243126940732e-172
18,LRRC4C,Lrrc4c,phenotype-constrained,adaptationMultiplier,0.9200183376675504,tau,-0.4414997810805423,1.8607243126940732e-172
18,LRRC4C,Lrrc4c,phenotype-constrained,latencyMultiplier,0.9125879090271043,tau,-0.4414997810805423,1.8607243126940732e-172
18,LRRC4C,Lrrc4c,phenotype-constrained,sagMultiplier,0.9305267777479883,tau,-0.4414997810805423,1.8607243126940732e-172
18,LRRC4C,Lrrc4c,phenotype-constrained,thresholdCurrentMultiplier,1.084910029995806,tau,-0.4414997810805423,1.8607243126940732e-172
18,LRRC4C,Lrrc4c,phenotype-constrained,thresholdVoltageShift_mV,0.6956112423885059,tau,-0.4414997810805423,1.8607243126940732e-172
18,LRRC4C,Lrrc4c,phenotype-constrained,spikeKineticsMultiplier,0.973614822922943,tau,-0.4414997810805423,1.8607243126940732e-172
19,EGFR,Egfr,phenotype-constrained,vRestShift_mV,-0.22444792991311,upstroke_downstroke_ratio_long_square,0.560686310138353,1.0993664888902867e-299
19,EGFR,Egfr,phenotype-constrained,inputResistanceMultiplier,0.9917493450499313,upstroke_downstroke_ratio_long_square,0.560686310138353,1.0993664888902867e-299
19,EGFR,Egfr,phenotype-constrained,tauMultiplier,0.9258159685557543,upstroke_downstroke_ratio_long_square,0.560686310138353,1.0993664888902867e-299
19,EGFR,Egfr,phenotype-constrained,fiGainMultiplier,0.8949827952914927,upstroke_downstroke_ratio_long_square,0.560686310138353,1.0993664888902867e-299
19,EGFR,Egfr,phenotype-constrained,adaptationMultiplier,0.9816317821205034,upstroke_downstroke_ratio_long_square,0.560686310138353,1.0993664888902867e-299
19,EGFR,Egfr,phenotype-constrained,latencyMultiplier,0.9650586577496801,upstroke_downstroke_ratio_long_square,0.560686310138353,1.0993664888902867e-299
19,EGFR,Egfr,phenotype-constrained,sagMultiplier,0.9639634656617868,upstroke_downstroke_ratio_long_square,0.560686310138353,1.0993664888902867e-299
19,EGFR,Egfr,phenotype-constrained,thresholdCurrentMultiplier,0.9800056306876579,upstroke_downstroke_ratio_long_square,0.560686310138353,1.0993664888902867e-299
19,EGFR,Egfr,phenotype-constrained,thresholdVoltageShift_mV,0.1404711930242085,upstroke_downstroke_ratio_long_square,0.560686310138353,1.0993664888902867e-299
19,EGFR,Egfr,phenotype-constrained,spikeKineticsMultiplier,1.1831801941396982,upstroke_downstroke_ratio_long_square,0.560686310138353,1.0993664888902867e-299
20,LINGO2,Lingo2,phenotype-constrained,vRestShift_mV,0.2873175054440092,upstroke_downstroke_ratio_long_square,0.4365573843691633,1.881718708568087e-168
20,LINGO2,Lingo2,phenotype-constrained,inputResistanceMultiplier,1.084460343760075,upstroke_downstroke_ratio_long_square,0.4365573843691633,1.881718708568087e-168
20,LINGO2,Lingo2,phenotype-constrained,tauMultiplier,1.0661587418175613,upstroke_downstroke_ratio_long_square,0.4365573843691633,1.881718708568087e-168
20,LINGO2,Lingo2,phenotype-constrained,fiGainMultiplier,0.8701660585196032,upstroke_downstroke_ratio_long_square,0.4365573843691633,1.881718708568087e-168
20,LINGO2,Lingo2,phenotype-constrained,adaptationMultiplier,1.0783482317610746,upstroke_downstroke_ratio_long_square,0.4365573843691633,1.881718708568087e-168
20,LINGO2,Lingo2,phenotype-constrained,latencyMultiplier,1.0143369353368514,upstroke_downstroke_ratio_long_square,0.4365573843691633,1.881718708568087e-168
20,LINGO2,Lingo2,phenotype-constrained,sagMultiplier,1.1113101544557398,upstroke_downstroke_ratio_long_square,0.4365573843691633,1.881718708568087e-168
20,LINGO2,Lingo2,phenotype-constrained,thresholdCurrentMultiplier,0.9161196902392628,upstroke_downstroke_ratio_long_square,0.4365573843691633,1.881718708568087e-168
20,LINGO2,Lingo2,phenotype-constrained,thresholdVoltageShift_mV,-0.2507035467330438,upstroke_downstroke_ratio_long_square,0.4365573843691633,1.881718708568087e-168
20,LINGO2,Lingo2,phenotype-constrained,spikeKineticsMultiplier,1.1399304084351563,upstroke_downstroke_ratio_long_square,0.4365573843691633,1.881718708568087e-168
21,DSCAM,Dscam,phenotype-constrained,vRestShift_mV,0.5947771509534177,threshold_i_long_square,-0.5457330737790306,4.271425691849813e-280
21,DSCAM,Dscam,phenotype-constrained,inputResistanceMultiplier,1.175519581106017,threshold_i_long_square,-0.5457330737790306,4.271425691849813e-280
21,DSCAM,Dscam,phenotype-constrained,tauMultiplier,1.1689807710390154,threshold_i_long_square,-0.5457330737790306,4.271425691849813e-280
21,DSCAM,Dscam,phenotype-constrained,fiGainMultiplier,0.8616701059023314,threshold_i_long_square,-0.5457330737790306,4.271425691849813e-280
21,DSCAM,Dscam,phenotype-constrained,adaptationMultiplier,1.1967260606131844,threshold_i_long_square,-0.5457330737790306,4.271425691849813e-280
21,DSCAM,Dscam,phenotype-constrained,latencyMultiplier,0.9680181222166404,threshold_i_long_square,-0.5457330737790306,4.271425691849813e-280
21,DSCAM,Dscam,phenotype-constrained,sagMultiplier,1.12502791352053,threshold_i_long_square,-0.5457330737790306,4.271425691849813e-280
21,DSCAM,Dscam,phenotype-constrained,thresholdCurrentMultiplier,0.8261271556676615,threshold_i_long_square,-0.5457330737790306,4.271425691849813e-280
21,DSCAM,Dscam,phenotype-constrained,thresholdVoltageShift_mV,-0.7959987886594684,threshold_i_long_square,-0.5457330737790306,4.271425691849813e-280
21,DSCAM,Dscam,phenotype-constrained,spikeKineticsMultiplier,1.0827248408635373,threshold_i_long_square,-0.5457330737790306,4.271425691849813e-280
22,GABRD,Gabrd,phenotype-constrained,vRestShift_mV,-0.7584001190253196,ri,-0.5423882702847134,5.40820672270978e-276
22,GABRD,Gabrd,phenotype-constrained,inputResistanceMultiplier,0.8498320977357323,ri,-0.5423882702847134,5.40820672270978e-276
22,GABRD,Gabrd,phenotype-constrained,tauMultiplier,0.8616852308731887,ri,-0.5423882702847134,5.40820672270978e-276
22,GABRD,Gabrd,phenotype-constrained,fiGainMultiplier,1.1482884237450908,ri,-0.5423882702847134,5.40820672270978e-276
22,GABRD,Gabrd,phenotype-constrained,adaptationMultiplier,0.8734928822096226,ri,-0.5423882702847134,5.40820672270978e-276
22,GABRD,Gabrd,phenotype-constrained,latencyMultiplier,0.9924622479690205,ri,-0.5423882702847134,5.40820672270978e-276
22,GABRD,Gabrd,phenotype-constrained,sagMultiplier,0.9147799450488249,ri,-0.5423882702847134,5.40820672270978e-276
22,GABRD,Gabrd,phenotype-constrained,thresholdCurrentMultiplier,1.2032607296132116,ri,-0.5423882702847134,5.40820672270978e-276
22,GABRD,Gabrd,phenotype-constrained,thresholdVoltageShift_mV,0.559150193260467,ri,-0.5423882702847134,5.40820672270978e-276
22,GABRD,Gabrd,phenotype-constrained,spikeKineticsMultiplier,0.8885556892825939,ri,-0.5423882702847134,5.40820672270978e-276
23,CEMIP,Cemip,phenotype-constrained,vRestShift_mV,-0.6337785098708432,ri,-0.5405973719193492,6.105389000580452e-274
23,CEMIP,Cemip,phenotype-constrained,inputResistanceMultiplier,0.8502888092877426,ri,-0.5405973719193492,6.105389000580452e-274
23,CEMIP,Cemip,phenotype-constrained,tauMultiplier,0.8602983040612554,ri,-0.5405973719193492,6.105389000580452e-274
23,CEMIP,Cemip,phenotype-constrained,fiGainMultiplier,1.1895512163513702,ri,-0.5405973719193492,6.105389000580452e-274
23,CEMIP,Cemip,phenotype-constrained,adaptationMultiplier,0.855592635020435,ri,-0.5405973719193492,6.105389000580452e-274
23,CEMIP,Cemip,phenotype-constrained,latencyMultiplier,0.9935195281975185,ri,-0.5405973719193492,6.105389000580452e-274
23,CEMIP,Cemip,phenotype-constrained,sagMultiplier,0.8874069325488368,ri,-0.5405973719193492,6.105389000580452e-274
23,CEMIP,Cemip,phenotype-constrained,thresholdCurrentMultiplier,1.2080321617835192,ri,-0.5405973719193492,6.105389000580452e-274
23,CEMIP,Cemip,phenotype-constrained,thresholdVoltageShift_mV,0.7107048156617053,ri,-0.5405973719193492,6.105389000580452e-274
23,CEMIP,Cemip,phenotype-constrained,spikeKineticsMultiplier,0.8794484011023033,ri,-0.5405973719193492,6.105389000580452e-274
24,NR2F2,Nr2f2,phenotype-constrained,vRestShift_mV,0.1632886986371252,upstroke_downstroke_ratio_long_square,0.4326251050539651,3.821806707047676e-165
24,NR2F2,Nr2f2,phenotype-constrained,inputResistanceMultiplier,1.0659024230088912,upstroke_downstroke_ratio_long_square,0.4326251050539651,3.821806707047676e-165
24,NR2F2,Nr2f2,phenotype-constrained,tauMultiplier,1.0206029415726114,upstroke_downstroke_ratio_long_square,0.4326251050539651,3.821806707047676e-165
24,NR2F2,Nr2f2,phenotype-constrained,fiGainMultiplier,0.9056036799880851,upstroke_downstroke_ratio_long_square,0.4326251050539651,3.821806707047676e-165
24,NR2F2,Nr2f2,phenotype-constrained,adaptationMultiplier,1.0493846482245746,upstroke_downstroke_ratio_long_square,0.4326251050539651,3.821806707047676e-165
24,NR2F2,Nr2f2,phenotype-constrained,latencyMultiplier,0.9826082058560053,upstroke_downstroke_ratio_long_square,0.4326251050539651,3.821806707047676e-165
24,NR2F2,Nr2f2,phenotype-constrained,sagMultiplier,1.042216512435636,upstroke_downstroke_ratio_long_square,0.4326251050539651,3.821806707047676e-165
24,NR2F2,Nr2f2,phenotype-constrained,thresholdCurrentMultiplier,0.929759934053622,upstroke_downstroke_ratio_long_square,0.4326251050539651,3.821806707047676e-165
24,NR2F2,Nr2f2,phenotype-constrained,thresholdVoltageShift_mV,-0.1601792481291288,upstroke_downstroke_ratio_long_square,0.4326251050539651,3.821806707047676e-165
24,NR2F2,Nr2f2,phenotype-constrained,spikeKineticsMultiplier,1.1385864438878592,upstroke_downstroke_ratio_long_square,0.4326251050539651,3.821806707047676e-165
25,VIP,Vip,phenotype-constrained,vRestShift_mV,0.2015525994488352,upstroke_downstroke_ratio_long_square,0.5345870044720813,2.4913852276043945e-267
25,VIP,Vip,phenotype-constrained,inputResistanceMultiplier,1.1004649105061801,upstroke_downstroke_ratio_long_square,0.5345870044720813,2.4913852276043945e-267
25,VIP,Vip,phenotype-constrained,tauMultiplier,0.9988772637575258,upstroke_downstroke_ratio_long_square,0.5345870044720813,2.4913852276043945e-267
25,VIP,Vip,phenotype-constrained,fiGainMultiplier,0.8932033109435461,upstroke_downstroke_ratio_long_square,0.5345870044720813,2.4913852276043945e-267
25,VIP,Vip,phenotype-constrained,adaptationMultiplier,1.1043294034870166,upstroke_downstroke_ratio_long_square,0.5345870044720813,2.4913852276043945e-267
25,VIP,Vip,phenotype-constrained,latencyMultiplier,0.8872632131196807,upstroke_downstroke_ratio_long_square,0.5345870044720813,2.4913852276043945e-267
25,VIP,Vip,phenotype-constrained,sagMultiplier,1.0275631132005998,upstroke_downstroke_ratio_long_square,0.5345870044720813,2.4913852276043945e-267
25,VIP,Vip,phenotype-constrained,thresholdCurrentMultiplier,0.8781453073037284,upstroke_downstroke_ratio_long_square,0.5345870044720813,2.4913852276043945e-267
25,VIP,Vip,phenotype-constrained,thresholdVoltageShift_mV,-0.2658580720230168,upstroke_downstroke_ratio_long_square,0.5345870044720813,2.4913852276043945e-267
25,VIP,Vip,phenotype-constrained,spikeKineticsMultiplier,1.1739523130130658,upstroke_downstroke_ratio_long_square,0.5345870044720813,2.4913852276043945e-267
26,PPARGC1A,Ppargc1a,phenotype-constrained,vRestShift_mV,-0.2380043951073484,upstroke_downstroke_ratio_long_square,-0.5307439860290708,7.607724822344536e-263
26,PPARGC1A,Ppargc1a,phenotype-constrained,inputResistanceMultiplier,0.9315186519804134,upstroke_downstroke_ratio_long_square,-0.5307439860290708,7.607724822344536e-263
26,PPARGC1A,Ppargc1a,phenotype-constrained,tauMultiplier,0.9421777574207115,upstroke_downstroke_ratio_long_square,-0.5307439860290708,7.607724822344536e-263
26,PPARGC1A,Ppargc1a,phenotype-constrained,fiGainMultiplier,1.1590010502581283,upstroke_downstroke_ratio_long_square,-0.5307439860290708,7.607724822344536e-263
26,PPARGC1A,Ppargc1a,phenotype-constrained,adaptationMultiplier,0.9464196581144456,upstroke_downstroke_ratio_long_square,-0.5307439860290708,7.607724822344536e-263
26,PPARGC1A,Ppargc1a,phenotype-constrained,latencyMultiplier,0.9557243622983695,upstroke_downstroke_ratio_long_square,-0.5307439860290708,7.607724822344536e-263
26,PPARGC1A,Ppargc1a,phenotype-constrained,sagMultiplier,0.9931964167637912,upstroke_downstroke_ratio_long_square,-0.5307439860290708,7.607724822344536e-263
26,PPARGC1A,Ppargc1a,phenotype-constrained,thresholdCurrentMultiplier,1.1013699505833459,upstroke_downstroke_ratio_long_square,-0.5307439860290708,7.607724822344536e-263
26,PPARGC1A,Ppargc1a,phenotype-constrained,thresholdVoltageShift_mV,0.2502513914485953,upstroke_downstroke_ratio_long_square,-0.5307439860290708,7.607724822344536e-263
26,PPARGC1A,Ppargc1a,phenotype-constrained,spikeKineticsMultiplier,0.8528059950019652,upstroke_downstroke_ratio_long_square,-0.5307439860290708,7.607724822344536e-263
27,RGS12,Rgs12,phenotype-constrained,vRestShift_mV,0.3471458591966752,upstroke_downstroke_ratio_long_square,0.4258406421046355,1.614635001884037e-159
27,RGS12,Rgs12,phenotype-constrained,inputResistanceMultiplier,1.0746420559191097,upstroke_downstroke_ratio_long_square,0.4258406421046355,1.614635001884037e-159
27,RGS12,Rgs12,phenotype-constrained,tauMultiplier,1.0201131877588232,upstroke_downstroke_ratio_long_square,0.4258406421046355,1.614635001884037e-159
27,RGS12,Rgs12,phenotype-constrained,fiGainMultiplier,0.9240137447096165,upstroke_downstroke_ratio_long_square,0.4258406421046355,1.614635001884037e-159
27,RGS12,Rgs12,phenotype-constrained,adaptationMultiplier,1.0664162589625836,upstroke_downstroke_ratio_long_square,0.4258406421046355,1.614635001884037e-159
27,RGS12,Rgs12,phenotype-constrained,latencyMultiplier,0.9502801812901377,upstroke_downstroke_ratio_long_square,0.4258406421046355,1.614635001884037e-159
27,RGS12,Rgs12,phenotype-constrained,sagMultiplier,1.0236216967881566,upstroke_downstroke_ratio_long_square,0.4258406421046355,1.614635001884037e-159
27,RGS12,Rgs12,phenotype-constrained,thresholdCurrentMultiplier,0.922739310728843,upstroke_downstroke_ratio_long_square,0.4258406421046355,1.614635001884037e-159
27,RGS12,Rgs12,phenotype-constrained,thresholdVoltageShift_mV,-0.12593747379682652,upstroke_downstroke_ratio_long_square,0.4258406421046355,1.614635001884037e-159
27,RGS12,Rgs12,phenotype-constrained,spikeKineticsMultiplier,1.1362713913822975,upstroke_downstroke_ratio_long_square,0.4258406421046355,1.614635001884037e-159
28,NRXN1,Nrxn1,phenotype-constrained,vRestShift_mV,0.2131105456368328,upstroke_downstroke_ratio_long_square,0.4229587494934733,3.6386239031488266e-157
28,NRXN1,Nrxn1,phenotype-constrained,inputResistanceMultiplier,1.1049996789232714,upstroke_downstroke_ratio_long_square,0.4229587494934733,3.6386239031488266e-157
28,NRXN1,Nrxn1,phenotype-constrained,tauMultiplier,1.0605414394950012,upstroke_downstroke_ratio_long_square,0.4229587494934733,3.6386239031488266e-157
28,NRXN1,Nrxn1,phenotype-constrained,fiGainMultiplier,0.8850283543754133,upstroke_downstroke_ratio_long_square,0.4229587494934733,3.6386239031488266e-157
28,NRXN1,Nrxn1,phenotype-constrained,adaptationMultiplier,1.096456066471825,upstroke_downstroke_ratio_long_square,0.4229587494934733,3.6386239031488266e-157
28,NRXN1,Nrxn1,phenotype-constrained,latencyMultiplier,0.9715761572589721,upstroke_downstroke_ratio_long_square,0.4229587494934733,3.6386239031488266e-157
28,NRXN1,Nrxn1,phenotype-constrained,sagMultiplier,1.067235225417661,upstroke_downstroke_ratio_long_square,0.4229587494934733,3.6386239031488266e-157
28,NRXN1,Nrxn1,phenotype-constrained,thresholdCurrentMultiplier,0.8816975919222768,upstroke_downstroke_ratio_long_square,0.4229587494934733,3.6386239031488266e-157
28,NRXN1,Nrxn1,phenotype-constrained,thresholdVoltageShift_mV,-0.273618693244959,upstroke_downstroke_ratio_long_square,0.4229587494934733,3.6386239031488266e-157
28,NRXN1,Nrxn1,phenotype-constrained,spikeKineticsMultiplier,1.1352894322904312,upstroke_downstroke_ratio_long_square,0.4229587494934733,3.6386239031488266e-157
29,EYA4,Eya4,phenotype-constrained,vRestShift_mV,-0.3444441280545072,upstroke_downstroke_ratio_long_square,-0.5109291227027801,1.8913014846678044e-240
29,EYA4,Eya4,phenotype-constrained,inputResistanceMultiplier,0.9158204935738438,upstroke_downstroke_ratio_long_square,-0.5109291227027801,1.8913014846678044e-240
29,EYA4,Eya4,phenotype-constrained,tauMultiplier,0.9603173170942683,upstroke_downstroke_ratio_long_square,-0.5109291227027801,1.8913014846678044e-240
29,EYA4,Eya4,phenotype-constrained,fiGainMultiplier,1.1515857191605894,upstroke_downstroke_ratio_long_square,-0.5109291227027801,1.8913014846678044e-240
29,EYA4,Eya4,phenotype-constrained,adaptationMultiplier,0.9402111465833414,upstroke_downstroke_ratio_long_square,-0.5109291227027801,1.8913014846678044e-240
29,EYA4,Eya4,phenotype-constrained,latencyMultiplier,1.026413371820697,upstroke_downstroke_ratio_long_square,-0.5109291227027801,1.8913014846678044e-240
29,EYA4,Eya4,phenotype-constrained,sagMultiplier,0.9841154141503156,upstroke_downstroke_ratio_long_square,-0.5109291227027801,1.8913014846678044e-240
29,EYA4,Eya4,phenotype-constrained,thresholdCurrentMultiplier,1.1206726266465035,upstroke_downstroke_ratio_long_square,-0.5109291227027801,1.8913014846678044e-240
29,EYA4,Eya4,phenotype-constrained,thresholdVoltageShift_mV,0.32090616247211967,upstroke_downstroke_ratio_long_square,-0.5109291227027801,1.8913014846678044e-240
29,EYA4,Eya4,phenotype-constrained,spikeKineticsMultiplier,0.8578905628022123,upstroke_downstroke_ratio_long_square,-0.5109291227027801,1.8913014846678044e-240
30,KCNT2,Kcnt2,conductance-aware,vRestShift_mV,0.2114651993052784,upstroke_downstroke_ratio_long_square,0.5099500991012749,2.049632802440964e-239
30,KCNT2,Kcnt2,conductance-aware,inputResistanceMultiplier,1.0745009330624637,upstroke_downstroke_ratio_long_square,0.5099500991012749,2.049632802440964e-239
30,KCNT2,Kcnt2,conductance-aware,tauMultiplier,1.0183906325131187,upstroke_downstroke_ratio_long_square,0.5099500991012749,2.049632802440964e-239
30,KCNT2,Kcnt2,conductance-aware,fiGainMultiplier,0.8654583270746488,upstroke_downstroke_ratio_long_square,0.5099500991012749,2.049632802440964e-239
30,KCNT2,Kcnt2,conductance-aware,adaptationMultiplier,1.0747580501051102,upstroke_downstroke_ratio_long_square,0.5099500991012749,2.049632802440964e-239
30,KCNT2,Kcnt2,conductance-aware,latencyMultiplier,0.97198077014136,upstroke_downstroke_ratio_long_square,0.5099500991012749,2.049632802440964e-239
30,KCNT2,Kcnt2,conductance-aware,sagMultiplier,1.0288097651300612,upstroke_downstroke_ratio_long_square,0.5099500991012749,2.049632802440964e-239
30,KCNT2,Kcnt2,conductance-aware,thresholdCurrentMultiplier,0.9041009619381166,upstroke_downstroke_ratio_long_square,0.5099500991012749,2.049632802440964e-239
30,KCNT2,Kcnt2,conductance-aware,thresholdVoltageShift_mV,-0.025557641603760298,upstroke_downstroke_ratio_long_square,0.5099500991012749,2.049632802440964e-239
30,KCNT2,Kcnt2,conductance-aware,spikeKineticsMultiplier,1.1653075338441903,upstroke_downstroke_ratio_long_square,0.5099500991012749,2.049632802440964e-239
31,ZMAT4,Zmat4,phenotype-constrained,vRestShift_mV,-0.3620818009099616,tau,-0.4204079153329353,8.251106338649884e-155
31,ZMAT4,Zmat4,phenotype-constrained,inputResistanceMultiplier,0.9430933467028507,tau,-0.4204079153329353,8.251106338649884e-155
31,ZMAT4,Zmat4,phenotype-constrained,tauMultiplier,0.8815069661203533,tau,-0.4204079153329353,8.251106338649884e-155
31,ZMAT4,Zmat4,phenotype-constrained,fiGainMultiplier,1.0384695715180916,tau,-0.4204079153329353,8.251106338649884e-155
31,ZMAT4,Zmat4,phenotype-constrained,adaptationMultiplier,0.9199413964182904,tau,-0.4204079153329353,8.251106338649884e-155
31,ZMAT4,Zmat4,phenotype-constrained,latencyMultiplier,0.9430609999627274,tau,-0.4204079153329353,8.251106338649884e-155
31,ZMAT4,Zmat4,phenotype-constrained,sagMultiplier,0.8967266778771154,tau,-0.4204079153329353,8.251106338649884e-155
31,ZMAT4,Zmat4,phenotype-constrained,thresholdCurrentMultiplier,1.0657014685648825,tau,-0.4204079153329353,8.251106338649884e-155
31,ZMAT4,Zmat4,phenotype-constrained,thresholdVoltageShift_mV,0.5527007714413114,tau,-0.4204079153329353,8.251106338649884e-155
31,ZMAT4,Zmat4,phenotype-constrained,spikeKineticsMultiplier,1.0647347431008478,tau,-0.4204079153329353,8.251106338649884e-155
32,ADCY2,Adcy2,phenotype-constrained,vRestShift_mV,0.7234913260608552,tau,0.5098368369446821,5.94796809213841e-239
32,ADCY2,Adcy2,phenotype-constrained,inputResistanceMultiplier,1.1567870488076666,tau,0.5098368369446821,5.94796809213841e-239
32,ADCY2,Adcy2,phenotype-constrained,tauMultiplier,1.1652679389435716,tau,0.5098368369446821,5.94796809213841e-239
32,ADCY2,Adcy2,phenotype-constrained,fiGainMultiplier,0.879750769158705,tau,0.5098368369446821,5.94796809213841e-239
32,ADCY2,Adcy2,phenotype-constrained,adaptationMultiplier,1.1653273366480204,tau,0.5098368369446821,5.94796809213841e-239
32,ADCY2,Adcy2,phenotype-constrained,latencyMultiplier,0.9996372494221799,tau,0.5098368369446821,5.94796809213841e-239
32,ADCY2,Adcy2,phenotype-constrained,sagMultiplier,1.117130020484546,tau,0.5098368369446821,5.94796809213841e-239
32,ADCY2,Adcy2,phenotype-constrained,thresholdCurrentMultiplier,0.8375362113773731,tau,0.5098368369446821,5.94796809213841e-239
32,ADCY2,Adcy2,phenotype-constrained,thresholdVoltageShift_mV,-0.7572956026730198,tau,0.5098368369446821,5.94796809213841e-239
32,ADCY2,Adcy2,phenotype-constrained,spikeKineticsMultiplier,1.0522574181619104,tau,0.5098368369446821,5.94796809213841e-239
33,KCNH7,Kcnh7,conductance-aware,vRestShift_mV,-0.7007084125391244,tau,-0.5085774135612029,1.2907862782762213e-237
33,KCNH7,Kcnh7,conductance-aware,inputResistanceMultiplier,0.8752811068163282,tau,-0.5085774135612029,1.2907862782762213e-237
33,KCNH7,Kcnh7,conductance-aware,tauMultiplier,0.8584960290828908,tau,-0.5085774135612029,1.2907862782762213e-237
33,KCNH7,Kcnh7,conductance-aware,fiGainMultiplier,1.1361129849629026,tau,-0.5085774135612029,1.2907862782762213e-237
33,KCNH7,Kcnh7,conductance-aware,adaptationMultiplier,0.8690641759294067,tau,-0.5085774135612029,1.2907862782762213e-237
33,KCNH7,Kcnh7,conductance-aware,latencyMultiplier,0.9836314777858625,tau,-0.5085774135612029,1.2907862782762213e-237
33,KCNH7,Kcnh7,conductance-aware,sagMultiplier,0.8861976283263246,tau,-0.5085774135612029,1.2907862782762213e-237
33,KCNH7,Kcnh7,conductance-aware,thresholdCurrentMultiplier,1.1735611000121162,tau,-0.5085774135612029,1.2907862782762213e-237
33,KCNH7,Kcnh7,conductance-aware,thresholdVoltageShift_mV,0.8142100460802699,tau,-0.5085774135612029,1.2907862782762213e-237
33,KCNH7,Kcnh7,conductance-aware,spikeKineticsMultiplier,0.959176492200298,tau,-0.5085774135612029,1.2907862782762213e-237
34,KCND3,Kcnd3,conductance-aware,vRestShift_mV,0.6015190689139652,upstroke_downstroke_ratio_long_square,0.4177341072160913,5.842693464109752e-153
34,KCND3,Kcnd3,conductance-aware,inputResistanceMultiplier,1.1132451007033335,upstroke_downstroke_ratio_long_square,0.4177341072160913,5.842693464109752e-153
34,KCND3,Kcnd3,conductance-aware,tauMultiplier,1.1090240106531257,upstroke_downstroke_ratio_long_square,0.4177341072160913,5.842693464109752e-153
34,KCND3,Kcnd3,conductance-aware,fiGainMultiplier,0.8722509272141695,upstroke_downstroke_ratio_long_square,0.4177341072160913,5.842693464109752e-153
34,KCND3,Kcnd3,conductance-aware,adaptationMultiplier,1.0867689437133883,upstroke_downstroke_ratio_long_square,0.4177341072160913,5.842693464109752e-153
34,KCND3,Kcnd3,conductance-aware,latencyMultiplier,1.0368900697626078,upstroke_downstroke_ratio_long_square,0.4177341072160913,5.842693464109752e-153
34,KCND3,Kcnd3,conductance-aware,sagMultiplier,1.0507802748147186,upstroke_downstroke_ratio_long_square,0.4177341072160913,5.842693464109752e-153
34,KCND3,Kcnd3,conductance-aware,thresholdCurrentMultiplier,0.8880937680879145,upstroke_downstroke_ratio_long_square,0.4177341072160913,5.842693464109752e-153
34,KCND3,Kcnd3,conductance-aware,thresholdVoltageShift_mV,-0.3773529256163646,upstroke_downstroke_ratio_long_square,0.4177341072160913,5.842693464109752e-153
34,KCND3,Kcnd3,conductance-aware,spikeKineticsMultiplier,1.1335113817566411,upstroke_downstroke_ratio_long_square,0.4177341072160913,5.842693464109752e-153
35,ITPR1,Itpr1,phenotype-constrained,vRestShift_mV,-0.5433079829995116,threshold_i_long_square,0.5042362228760511,8.489756594029407e-233
35,ITPR1,Itpr1,phenotype-constrained,inputResistanceMultiplier,0.8676897596967214,threshold_i_long_square,0.5042362228760511,8.489756594029407e-233
35,ITPR1,Itpr1,phenotype-constrained,tauMultiplier,0.8901357733385239,threshold_i_long_square,0.5042362228760511,8.489756594029407e-233
35,ITPR1,Itpr1,phenotype-constrained,fiGainMultiplier,1.1457446782654488,threshold_i_long_square,0.5042362228760511,8.489756594029407e-233
35,ITPR1,Itpr1,phenotype-constrained,adaptationMultiplier,0.8626715625042749,threshold_i_long_square,0.5042362228760511,8.489756594029407e-233
35,ITPR1,Itpr1,phenotype-constrained,latencyMultiplier,1.0383835931577683,threshold_i_long_square,0.5042362228760511,8.489756594029407e-233
35,ITPR1,Itpr1,phenotype-constrained,sagMultiplier,0.9392754063932041,threshold_i_long_square,0.5042362228760511,8.489756594029407e-233
35,ITPR1,Itpr1,phenotype-constrained,thresholdCurrentMultiplier,1.1930137612041376,threshold_i_long_square,0.5042362228760511,8.489756594029407e-233
35,ITPR1,Itpr1,phenotype-constrained,thresholdVoltageShift_mV,0.57750623479107,threshold_i_long_square,0.5042362228760511,8.489756594029407e-233
35,ITPR1,Itpr1,phenotype-constrained,spikeKineticsMultiplier,0.9095628798386498,threshold_i_long_square,0.5042362228760511,8.489756594029407e-233
36,GABRA1,Gabra1,phenotype-constrained,vRestShift_mV,-0.7796415603945032,tau,-0.5041651557819918,7.00582134367851e-233
36,GABRA1,Gabra1,phenotype-constrained,inputResistanceMultiplier,0.8998091291313274,tau,-0.5041651557819918,7.00582134367851e-233
36,GABRA1,Gabra1,phenotype-constrained,tauMultiplier,0.8596331532444211,tau,-0.5041651557819918,7.00582134367851e-233
36,GABRA1,Gabra1,phenotype-constrained,fiGainMultiplier,1.088106579048735,tau,-0.5041651557819918,7.00582134367851e-233
36,GABRA1,Gabra1,phenotype-constrained,adaptationMultiplier,0.8980973929414978,tau,-0.5041651557819918,7.00582134367851e-233
36,GABRA1,Gabra1,phenotype-constrained,latencyMultiplier,0.934183176567348,tau,-0.5041651557819918,7.00582134367851e-233
36,GABRA1,Gabra1,phenotype-constrained,sagMultiplier,0.930900443254087,tau,-0.5041651557819918,7.00582134367851e-233
36,GABRA1,Gabra1,phenotype-constrained,thresholdCurrentMultiplier,1.1114607750333294,tau,-0.5041651557819918,7.00582134367851e-233
36,GABRA1,Gabra1,phenotype-constrained,thresholdVoltageShift_mV,0.6091586150034807,tau,-0.5041651557819918,7.00582134367851e-233
36,GABRA1,Gabra1,phenotype-constrained,spikeKineticsMultiplier,0.9751909103416123,tau,-0.5041651557819918,7.00582134367851e-233
37,SLC35F3,Slc35f3,phenotype-constrained,vRestShift_mV,-0.3285736155375512,upstroke_downstroke_ratio_long_square,-0.4137537536816432,8.498327358031387e-150
37,SLC35F3,Slc35f3,phenotype-constrained,inputResistanceMultiplier,0.9185107908112632,upstroke_downstroke_ratio_long_square,-0.4137537536816432,8.498327358031387e-150
37,SLC35F3,Slc35f3,phenotype-constrained,tauMultiplier,0.915183157369204,upstroke_downstroke_ratio_long_square,-0.4137537536816432,8.498327358031387e-150
37,SLC35F3,Slc35f3,phenotype-constrained,fiGainMultiplier,1.177036494995432,upstroke_downstroke_ratio_long_square,-0.4137537536816432,8.498327358031387e-150
37,SLC35F3,Slc35f3,phenotype-constrained,adaptationMultiplier,0.9092015716205464,upstroke_downstroke_ratio_long_square,-0.4137537536816432,8.498327358031387e-150
37,SLC35F3,Slc35f3,phenotype-constrained,latencyMultiplier,0.9640916998992898,upstroke_downstroke_ratio_long_square,-0.4137537536816432,8.498327358031387e-150
37,SLC35F3,Slc35f3,phenotype-constrained,sagMultiplier,0.9496008276329144,upstroke_downstroke_ratio_long_square,-0.4137537536816432,8.498327358031387e-150
37,SLC35F3,Slc35f3,phenotype-constrained,thresholdCurrentMultiplier,1.1117891226753838,upstroke_downstroke_ratio_long_square,-0.4137537536816432,8.498327358031387e-150
37,SLC35F3,Slc35f3,phenotype-constrained,thresholdVoltageShift_mV,0.5056630857975206,upstroke_downstroke_ratio_long_square,-0.4137537536816432,8.498327358031387e-150
37,SLC35F3,Slc35f3,phenotype-constrained,spikeKineticsMultiplier,0.8832684306506497,upstroke_downstroke_ratio_long_square,-0.4137537536816432,8.498327358031387e-150
38,TMEM132D,Tmem132d,phenotype-constrained,vRestShift_mV,-0.2279878520718044,upstroke_downstroke_ratio_long_square,-0.4917811216760004,3.2733174702351134e-220
38,TMEM132D,Tmem132d,phenotype-constrained,inputResistanceMultiplier,0.9108841940026594,upstroke_downstroke_ratio_long_square,-0.4917811216760004,3.2733174702351134e-220
38,TMEM132D,Tmem132d,phenotype-constrained,tauMultiplier,0.9436751024058572,upstroke_downstroke_ratio_long_square,-0.4917811216760004,3.2733174702351134e-220
38,TMEM132D,Tmem132d,phenotype-constrained,fiGainMultiplier,1.1716954557259927,upstroke_downstroke_ratio_long_square,-0.4917811216760004,3.2733174702351134e-220
38,TMEM132D,Tmem132d,phenotype-constrained,adaptationMultiplier,0.8841822806508606,upstroke_downstroke_ratio_long_square,-0.4917811216760004,3.2733174702351134e-220
38,TMEM132D,Tmem132d,phenotype-constrained,latencyMultiplier,1.030746528831026,upstroke_downstroke_ratio_long_square,-0.4917811216760004,3.2733174702351134e-220
38,TMEM132D,Tmem132d,phenotype-constrained,sagMultiplier,0.9493913118879133,upstroke_downstroke_ratio_long_square,-0.4917811216760004,3.2733174702351134e-220
38,TMEM132D,Tmem132d,phenotype-constrained,thresholdCurrentMultiplier,1.1421313693436763,upstroke_downstroke_ratio_long_square,-0.4917811216760004,3.2733174702351134e-220
38,TMEM132D,Tmem132d,phenotype-constrained,thresholdVoltageShift_mV,0.570762599845125,upstroke_downstroke_ratio_long_square,-0.4917811216760004,3.2733174702351134e-220
38,TMEM132D,Tmem132d,phenotype-constrained,spikeKineticsMultiplier,0.8628328111514955,upstroke_downstroke_ratio_long_square,-0.4917811216760004,3.2733174702351134e-220
39,KCNC1,Kcnc1,conductance-aware,vRestShift_mV,-0.50262869899969,tau,-0.4111747943178607,1.6553174885717837e-147
39,KCNC1,Kcnc1,conductance-aware,inputResistanceMultiplier,0.8957625684321979,tau,-0.4111747943178607,1.6553174885717837e-147
39,KCNC1,Kcnc1,conductance-aware,tauMultiplier,0.883952069094901,tau,-0.4111747943178607,1.6553174885717837e-147
39,KCNC1,Kcnc1,conductance-aware,fiGainMultiplier,1.1492293026713054,tau,-0.4111747943178607,1.6553174885717837e-147
39,KCNC1,Kcnc1,conductance-aware,adaptationMultiplier,0.9002082460549102,tau,-0.4111747943178607,1.6553174885717837e-147
39,KCNC1,Kcnc1,conductance-aware,latencyMultiplier,0.9711026301161938,tau,-0.4111747943178607,1.6553174885717837e-147
39,KCNC1,Kcnc1,conductance-aware,sagMultiplier,0.9368484264383723,tau,-0.4111747943178607,1.6553174885717837e-147
39,KCNC1,Kcnc1,conductance-aware,thresholdCurrentMultiplier,1.1453911516206223,tau,-0.4111747943178607,1.6553174885717837e-147
39,KCNC1,Kcnc1,conductance-aware,thresholdVoltageShift_mV,0.6514561943121603,tau,-0.4111747943178607,1.6553174885717837e-147
39,KCNC1,Kcnc1,conductance-aware,spikeKineticsMultiplier,0.8978377883106121,tau,-0.4111747943178607,1.6553174885717837e-147
40,DOCK4,Dock4,phenotype-constrained,vRestShift_mV,-0.12435045401253,upstroke_downstroke_ratio_long_square,-0.4890809225511095,1.7944087325016986e-217
40,DOCK4,Dock4,phenotype-constrained,inputResistanceMultiplier,0.9375547239036033,upstroke_downstroke_ratio_long_square,-0.4890809225511095,1.7944087325016986e-217
40,DOCK4,Dock4,phenotype-constrained,tauMultiplier,0.9469423364658197,upstroke_downstroke_ratio_long_square,-0.4890809225511095,1.7944087325016986e-217
40,DOCK4,Dock4,phenotype-constrained,fiGainMultiplier,1.1929380803486769,upstroke_downstroke_ratio_long_square,-0.4890809225511095,1.7944087325016986e-217
40,DOCK4,Dock4,phenotype-constrained,adaptationMultiplier,0.9176075865370084,upstroke_downstroke_ratio_long_square,-0.4890809225511095,1.7944087325016986e-217
40,DOCK4,Dock4,phenotype-constrained,latencyMultiplier,0.9695587226788016,upstroke_downstroke_ratio_long_square,-0.4890809225511095,1.7944087325016986e-217
40,DOCK4,Dock4,phenotype-constrained,sagMultiplier,0.948496855580337,upstroke_downstroke_ratio_long_square,-0.4890809225511095,1.7944087325016986e-217
40,DOCK4,Dock4,phenotype-constrained,thresholdCurrentMultiplier,1.0953913033160585,upstroke_downstroke_ratio_long_square,-0.4890809225511095,1.7944087325016986e-217
40,DOCK4,Dock4,phenotype-constrained,thresholdVoltageShift_mV,0.40052301659724354,upstroke_downstroke_ratio_long_square,-0.4890809225511095,1.7944087325016986e-217
40,DOCK4,Dock4,phenotype-constrained,spikeKineticsMultiplier,0.863532040442487,upstroke_downstroke_ratio_long_square,-0.4890809225511095,1.7944087325016986e-217
41,GABRB2,Gabrb2,phenotype-constrained,vRestShift_mV,-0.729485888518614,tau,-0.4751935705805923,2.313482182402032e-203
41,GABRB2,Gabrb2,phenotype-constrained,inputResistanceMultiplier,0.899447791360182,tau,-0.4751935705805923,2.313482182402032e-203
41,GABRB2,Gabrb2,phenotype-constrained,tauMultiplier,0.8671371971549081,tau,-0.4751935705805923,2.313482182402032e-203
41,GABRB2,Gabrb2,phenotype-constrained,fiGainMultiplier,1.0802490083531306,tau,-0.4751935705805923,2.313482182402032e-203
41,GABRB2,Gabrb2,phenotype-constrained,adaptationMultiplier,0.8981659773912275,tau,-0.4751935705805923,2.313482182402032e-203
41,GABRB2,Gabrb2,phenotype-constrained,latencyMultiplier,0.9681036851240921,tau,-0.4751935705805923,2.313482182402032e-203
41,GABRB2,Gabrb2,phenotype-constrained,sagMultiplier,0.9333074150350693,tau,-0.4751935705805923,2.313482182402032e-203
41,GABRB2,Gabrb2,phenotype-constrained,thresholdCurrentMultiplier,1.1159053027446184,tau,-0.4751935705805923,2.313482182402032e-203
41,GABRB2,Gabrb2,phenotype-constrained,thresholdVoltageShift_mV,0.6399581164262125,tau,-0.4751935705805923,2.313482182402032e-203
41,GABRB2,Gabrb2,phenotype-constrained,spikeKineticsMultiplier,0.9814468658520703,tau,-0.4751935705805923,2.313482182402032e-203
42,GALNT14,Galnt14,phenotype-constrained,vRestShift_mV,0.615023841796696,threshold_i_long_square,-0.4725215963453826,1.3976403519128333e-200
42,GALNT14,Galnt14,phenotype-constrained,inputResistanceMultiplier,1.1455022715050376,threshold_i_long_square,-0.4725215963453826,1.3976403519128333e-200
42,GALNT14,Galnt14,phenotype-constrained,tauMultiplier,1.1351896617543107,threshold_i_long_square,-0.4725215963453826,1.3976403519128333e-200
42,GALNT14,Galnt14,phenotype-constrained,fiGainMultiplier,0.8753241942422162,threshold_i_long_square,-0.4725215963453826,1.3976403519128333e-200
42,GALNT14,Galnt14,phenotype-constrained,adaptationMultiplier,1.1484716489239635,threshold_i_long_square,-0.4725215963453826,1.3976403519128333e-200
42,GALNT14,Galnt14,phenotype-constrained,latencyMultiplier,0.9980274026679857,threshold_i_long_square,-0.4725215963453826,1.3976403519128333e-200
42,GALNT14,Galnt14,phenotype-constrained,sagMultiplier,1.059565873262922,threshold_i_long_square,-0.4725215963453826,1.3976403519128333e-200
42,GALNT14,Galnt14,phenotype-constrained,thresholdCurrentMultiplier,0.8475693969942432,threshold_i_long_square,-0.4725215963453826,1.3976403519128333e-200
42,GALNT14,Galnt14,phenotype-constrained,thresholdVoltageShift_mV,-0.6069016232731227,threshold_i_long_square,-0.4725215963453826,1.3976403519128333e-200
42,GALNT14,Galnt14,phenotype-constrained,spikeKineticsMultiplier,1.1282375034884113,threshold_i_long_square,-0.4725215963453826,1.3976403519128333e-200
43,SORCS1,Sorcs1,phenotype-constrained,vRestShift_mV,0.511793783691588,upstroke_downstroke_ratio_long_square,0.4721046811008995,1.109413892670926e-200
43,SORCS1,Sorcs1,phenotype-constrained,inputResistanceMultiplier,1.1086180128449383,upstroke_downstroke_ratio_long_square,0.4721046811008995,1.109413892670926e-200
43,SORCS1,Sorcs1,phenotype-constrained,tauMultiplier,1.0445136771362316,upstroke_downstroke_ratio_long_square,0.4721046811008995,1.109413892670926e-200
43,SORCS1,Sorcs1,phenotype-constrained,fiGainMultiplier,0.8903617705236948,upstroke_downstroke_ratio_long_square,0.4721046811008995,1.109413892670926e-200
43,SORCS1,Sorcs1,phenotype-constrained,adaptationMultiplier,1.097008870120709,upstroke_downstroke_ratio_long_square,0.4721046811008995,1.109413892670926e-200
43,SORCS1,Sorcs1,phenotype-constrained,latencyMultiplier,0.9397863855826896,upstroke_downstroke_ratio_long_square,0.4721046811008995,1.109413892670926e-200
43,SORCS1,Sorcs1,phenotype-constrained,sagMultiplier,1.0242513245512683,upstroke_downstroke_ratio_long_square,0.4721046811008995,1.109413892670926e-200
43,SORCS1,Sorcs1,phenotype-constrained,thresholdCurrentMultiplier,0.8771485860366283,upstroke_downstroke_ratio_long_square,0.4721046811008995,1.109413892670926e-200
43,SORCS1,Sorcs1,phenotype-constrained,thresholdVoltageShift_mV,-0.2557662532888614,upstroke_downstroke_ratio_long_square,0.4721046811008995,1.109413892670926e-200
43,SORCS1,Sorcs1,phenotype-constrained,spikeKineticsMultiplier,1.1521518920618299,upstroke_downstroke_ratio_long_square,0.4721046811008995,1.109413892670926e-200
44,TMSB10,Tmsb10,phenotype-constrained,vRestShift_mV,0.624630641944016,tau,0.4016840527805982,2.8553884251126226e-140
44,TMSB10,Tmsb10,phenotype-constrained,inputResistanceMultiplier,1.1209734479080637,tau,0.4016840527805982,2.8553884251126226e-140
44,TMSB10,Tmsb10,phenotype-constrained,tauMultiplier,1.128066624758878,tau,0.4016840527805982,2.8553884251126226e-140
44,TMSB10,Tmsb10,phenotype-constrained,fiGainMultiplier,0.8934738132653106,tau,0.4016840527805982,2.8553884251126226e-140
44,TMSB10,Tmsb10,phenotype-constrained,adaptationMultiplier,1.1099185223179215,tau,0.4016840527805982,2.8553884251126226e-140
44,TMSB10,Tmsb10,phenotype-constrained,latencyMultiplier,1.0143192416333537,tau,0.4016840527805982,2.8553884251126226e-140
44,TMSB10,Tmsb10,phenotype-constrained,sagMultiplier,1.0723127587892254,tau,0.4016840527805982,2.8553884251126226e-140
44,TMSB10,Tmsb10,phenotype-constrained,thresholdCurrentMultiplier,0.874631978016884,tau,0.4016840527805982,2.8553884251126226e-140
44,TMSB10,Tmsb10,phenotype-constrained,thresholdVoltageShift_mV,-0.5253994277117784,tau,0.4016840527805982,2.8553884251126226e-140
44,TMSB10,Tmsb10,phenotype-constrained,spikeKineticsMultiplier,1.0811295837870447,tau,0.4016840527805982,2.8553884251126226e-140
45,ARL15,Arl15,phenotype-constrained,vRestShift_mV,-0.2678487293673424,upstroke_downstroke_ratio_long_square,-0.4479584031659469,2.248473306089044e-178
45,ARL15,Arl15,phenotype-constrained,inputResistanceMultiplier,0.9556333781138474,upstroke_downstroke_ratio_long_square,-0.4479584031659469,2.248473306089044e-178
45,ARL15,Arl15,phenotype-constrained,tauMultiplier,0.9760978020519036,upstroke_downstroke_ratio_long_square,-0.4479584031659469,2.248473306089044e-178
45,ARL15,Arl15,phenotype-constrained,fiGainMultiplier,1.1277671990782643,upstroke_downstroke_ratio_long_square,-0.4479584031659469,2.248473306089044e-178
45,ARL15,Arl15,phenotype-constrained,adaptationMultiplier,0.9486790984560729,upstroke_downstroke_ratio_long_square,-0.4479584031659469,2.248473306089044e-178
45,ARL15,Arl15,phenotype-constrained,latencyMultiplier,1.0047513596994022,upstroke_downstroke_ratio_long_square,-0.4479584031659469,2.248473306089044e-178
45,ARL15,Arl15,phenotype-constrained,sagMultiplier,0.971638138017859,upstroke_downstroke_ratio_long_square,-0.4479584031659469,2.248473306089044e-178
45,ARL15,Arl15,phenotype-constrained,thresholdCurrentMultiplier,1.0708327820011188,upstroke_downstroke_ratio_long_square,-0.4479584031659469,2.248473306089044e-178
45,ARL15,Arl15,phenotype-constrained,thresholdVoltageShift_mV,0.25290077182686177,upstroke_downstroke_ratio_long_square,-0.4479584031659469,2.248473306089044e-178
45,ARL15,Arl15,phenotype-constrained,spikeKineticsMultiplier,0.8742512082920276,upstroke_downstroke_ratio_long_square,-0.4479584031659469,2.248473306089044e-178
46,ESRRG,Esrrg,phenotype-constrained,vRestShift_mV,-0.4387225532112316,upstroke_downstroke_ratio_long_square,-0.4428653833664013,6.677109633057595e-174
46,ESRRG,Esrrg,phenotype-constrained,inputResistanceMultiplier,0.8844423226792191,upstroke_downstroke_ratio_long_square,-0.4428653833664013,6.677109633057595e-174
46,ESRRG,Esrrg,phenotype-constrained,tauMultiplier,0.9016362008032194,upstroke_downstroke_ratio_long_square,-0.4428653833664013,6.677109633057595e-174
46,ESRRG,Esrrg,phenotype-constrained,fiGainMultiplier,1.1500187101424377,upstroke_downstroke_ratio_long_square,-0.4428653833664013,6.677109633057595e-174
46,ESRRG,Esrrg,phenotype-constrained,adaptationMultiplier,0.8894425501281653,upstroke_downstroke_ratio_long_square,-0.4428653833664013,6.677109633057595e-174
46,ESRRG,Esrrg,phenotype-constrained,latencyMultiplier,0.9977028496670926,upstroke_downstroke_ratio_long_square,-0.4428653833664013,6.677109633057595e-174
46,ESRRG,Esrrg,phenotype-constrained,sagMultiplier,0.9260134768877128,upstroke_downstroke_ratio_long_square,-0.4428653833664013,6.677109633057595e-174
46,ESRRG,Esrrg,phenotype-constrained,thresholdCurrentMultiplier,1.1451326814152052,upstroke_downstroke_ratio_long_square,-0.4428653833664013,6.677109633057595e-174
46,ESRRG,Esrrg,phenotype-constrained,thresholdVoltageShift_mV,0.5232813746208543,upstroke_downstroke_ratio_long_square,-0.4428653833664013,6.677109633057595e-174
46,ESRRG,Esrrg,phenotype-constrained,spikeKineticsMultiplier,0.8755880028942548,upstroke_downstroke_ratio_long_square,-0.4428653833664013,6.677109633057595e-174
47,GRID2,Grid2,phenotype-constrained,vRestShift_mV,0.5049683314066492,tau,0.4401766540553953,2.520702845406135e-171
47,GRID2,Grid2,phenotype-constrained,inputResistanceMultiplier,1.1306740071780463,tau,0.4401766540553953,2.520702845406135e-171
47,GRID2,Grid2,phenotype-constrained,tauMultiplier,1.1411687952933944,tau,0.4401766540553953,2.520702845406135e-171
47,GRID2,Grid2,phenotype-constrained,fiGainMultiplier,0.8966979997626943,tau,0.4401766540553953,2.520702845406135e-171
47,GRID2,Grid2,phenotype-constrained,adaptationMultiplier,1.1647888493978482,tau,0.4401766540553953,2.520702845406135e-171
47,GRID2,Grid2,phenotype-constrained,latencyMultiplier,0.9779323760004218,tau,0.4401766540553953,2.520702845406135e-171
47,GRID2,Grid2,phenotype-constrained,sagMultiplier,1.0943741429221787,tau,0.4401766540553953,2.520702845406135e-171
47,GRID2,Grid2,phenotype-constrained,thresholdCurrentMultiplier,0.8712232733151931,tau,0.4401766540553953,2.520702845406135e-171
47,GRID2,Grid2,phenotype-constrained,thresholdVoltageShift_mV,-0.620539114353042,tau,0.4401766540553953,2.520702845406135e-171
47,GRID2,Grid2,phenotype-constrained,spikeKineticsMultiplier,1.0216522094660163,tau,0.4401766540553953,2.520702845406135e-171
48,CBLN2,Cbln2,phenotype-constrained,vRestShift_mV,0.174723753461172,upstroke_downstroke_ratio_long_square,0.4345671379019555,9.195806950539418e-167
48,CBLN2,Cbln2,phenotype-constrained,inputResistanceMultiplier,1.0742800622948039,upstroke_downstroke_ratio_long_square,0.4345671379019555,9.195806950539418e-167
48,CBLN2,Cbln2,phenotype-constrained,tauMultiplier,1.0052356714520663,upstroke_downstroke_ratio_long_square,0.4345671379019555,9.195806950539418e-167
48,CBLN2,Cbln2,phenotype-constrained,fiGainMultiplier,0.8976951486524121,upstroke_downstroke_ratio_long_square,0.4345671379019555,9.195806950539418e-167
48,CBLN2,Cbln2,phenotype-constrained,adaptationMultiplier,1.0866008504513462,upstroke_downstroke_ratio_long_square,0.4345671379019555,9.195806950539418e-167
48,CBLN2,Cbln2,phenotype-constrained,latencyMultiplier,0.9159481265537875,upstroke_downstroke_ratio_long_square,0.4345671379019555,9.195806950539418e-167
48,CBLN2,Cbln2,phenotype-constrained,sagMultiplier,1.0590773773515303,upstroke_downstroke_ratio_long_square,0.4345671379019555,9.195806950539418e-167
48,CBLN2,Cbln2,phenotype-constrained,thresholdCurrentMultiplier,0.9168105014081491,upstroke_downstroke_ratio_long_square,0.4345671379019555,9.195806950539418e-167
48,CBLN2,Cbln2,phenotype-constrained,thresholdVoltageShift_mV,-0.2088093410694732,upstroke_downstroke_ratio_long_square,0.4345671379019555,9.195806950539418e-167
48,CBLN2,Cbln2,phenotype-constrained,spikeKineticsMultiplier,1.1392499888452976,upstroke_downstroke_ratio_long_square,0.4345671379019555,9.195806950539418e-167
49,CPLX1,Cplx1,phenotype-constrained,vRestShift_mV,-0.3908884503188828,upstroke_downstroke_ratio_long_square,-0.3900323316749616,7.675681825308728e-132
49,CPLX1,Cplx1,phenotype-constrained,inputResistanceMultiplier,0.912063856707745,upstroke_downstroke_ratio_long_square,-0.3900323316749616,7.675681825308728e-132
49,CPLX1,Cplx1,phenotype-constrained,tauMultiplier,0.9269543759238861,upstroke_downstroke_ratio_long_square,-0.3900323316749616,7.675681825308728e-132
49,CPLX1,Cplx1,phenotype-constrained,fiGainMultiplier,1.117097923862546,upstroke_downstroke_ratio_long_square,-0.3900323316749616,7.675681825308728e-132
49,CPLX1,Cplx1,phenotype-constrained,adaptationMultiplier,0.9229237373543536,upstroke_downstroke_ratio_long_square,-0.3900323316749616,7.675681825308728e-132
49,CPLX1,Cplx1,phenotype-constrained,latencyMultiplier,0.9815452168310803,upstroke_downstroke_ratio_long_square,-0.3900323316749616,7.675681825308728e-132
49,CPLX1,Cplx1,phenotype-constrained,sagMultiplier,0.9725117253533277,upstroke_downstroke_ratio_long_square,-0.3900323316749616,7.675681825308728e-132
49,CPLX1,Cplx1,phenotype-constrained,thresholdCurrentMultiplier,1.130608692302684,upstroke_downstroke_ratio_long_square,-0.3900323316749616,7.675681825308728e-132
49,CPLX1,Cplx1,phenotype-constrained,thresholdVoltageShift_mV,0.2075213490750402,upstroke_downstroke_ratio_long_square,-0.3900323316749616,7.675681825308728e-132
49,CPLX1,Cplx1,phenotype-constrained,spikeKineticsMultiplier,0.8895765646714626,upstroke_downstroke_ratio_long_square,-0.3900323316749616,7.675681825308728e-132
50,KCNC2,Kcnc2,conductance-aware,vRestShift_mV,-0.1703157968289968,upstroke_downstroke_ratio_long_square,-0.658432341097691,0.0
50,KCNC2,Kcnc2,conductance-aware,inputResistanceMultiplier,0.9643446925685031,upstroke_downstroke_ratio_long_square,-0.658432341097691,0.0
50,KCNC2,Kcnc2,conductance-aware,tauMultiplier,1.009035038834315,upstroke_downstroke_ratio_long_square,-0.658432341097691,0.0
50,KCNC2,Kcnc2,conductance-aware,fiGainMultiplier,1.1900225937478854,upstroke_downstroke_ratio_long_square,-0.658432341097691,0.0
50,KCNC2,Kcnc2,conductance-aware,adaptationMultiplier,0.9515405590531156,upstroke_downstroke_ratio_long_square,-0.658432341097691,0.0
50,KCNC2,Kcnc2,conductance-aware,latencyMultiplier,1.003572256638477,upstroke_downstroke_ratio_long_square,-0.658432341097691,0.0
50,KCNC2,Kcnc2,conductance-aware,sagMultiplier,0.9652607426979941,upstroke_downstroke_ratio_long_square,-0.658432341097691,0.0
50,KCNC2,Kcnc2,conductance-aware,thresholdCurrentMultiplier,1.0589735543726555,upstroke_downstroke_ratio_long_square,-0.658432341097691,0.0
50,KCNC2,Kcnc2,conductance-aware,thresholdVoltageShift_mV,0.2342638173095769,upstroke_downstroke_ratio_long_square,-0.658432341097691,0.0
50,KCNC2,Kcnc2,conductance-aware,spikeKineticsMultiplier,0.8207557619077531,upstroke_downstroke_ratio_long_square,-0.658432341097691,0.0
51,KIT,Kit,phenotype-constrained,vRestShift_mV,-0.014045191793996,upstroke_downstroke_ratio_long_square,0.6334340322713206,0.0
51,KIT,Kit,phenotype-constrained,inputResistanceMultiplier,1.0216303072709445,upstroke_downstroke_ratio_long_square,0.6334340322713206,0.0
51,KIT,Kit,phenotype-constrained,tauMultiplier,0.9463073734540343,upstroke_downstroke_ratio_long_square,0.6334340322713206,0.0
51,KIT,Kit,phenotype-constrained,fiGainMultiplier,0.8874009732525353,upstroke_downstroke_ratio_long_square,0.6334340322713206,0.0
51,KIT,Kit,phenotype-constrained,adaptationMultiplier,1.0134323210088467,upstroke_downstroke_ratio_long_square,0.6334340322713206,0.0
51,KIT,Kit,phenotype-constrained,latencyMultiplier,0.9758335046722448,upstroke_downstroke_ratio_long_square,0.6334340322713206,0.0
51,KIT,Kit,phenotype-constrained,sagMultiplier,0.9793661713591612,upstroke_downstroke_ratio_long_square,0.6334340322713206,0.0
51,KIT,Kit,phenotype-constrained,thresholdCurrentMultiplier,0.9579550073535197,upstroke_downstroke_ratio_long_square,0.6334340322713206,0.0
51,KIT,Kit,phenotype-constrained,thresholdVoltageShift_mV,0.10942030990047989,upstroke_downstroke_ratio_long_square,0.6334340322713206,0.0
51,KIT,Kit,phenotype-constrained,spikeKineticsMultiplier,1.2092861292541264,upstroke_downstroke_ratio_long_square,0.6334340322713206,0.0
52,ETV6,Etv6,phenotype-constrained,vRestShift_mV,-0.2044544056368596,upstroke_downstroke_ratio_long_square,-0.4295457848164508,1.3963559059256176e-162
52,ETV6,Etv6,phenotype-constrained,inputResistanceMultiplier,0.9173838531869052,upstroke_downstroke_ratio_long_square,-0.4295457848164508,1.3963559059256176e-162
52,ETV6,Etv6,phenotype-constrained,tauMultiplier,0.9507646144961491,upstroke_downstroke_ratio_long_square,-0.4295457848164508,1.3963559059256176e-162
52,ETV6,Etv6,phenotype-constrained,fiGainMultiplier,1.1425751081631865,upstroke_downstroke_ratio_long_square,-0.4295457848164508,1.3963559059256176e-162
52,ETV6,Etv6,phenotype-constrained,adaptationMultiplier,0.9291285186178838,upstroke_downstroke_ratio_long_square,-0.4295457848164508,1.3963559059256176e-162
52,ETV6,Etv6,phenotype-constrained,latencyMultiplier,1.0010850428352263,upstroke_downstroke_ratio_long_square,-0.4295457848164508,1.3963559059256176e-162
52,ETV6,Etv6,phenotype-constrained,sagMultiplier,0.9717087080893008,upstroke_downstroke_ratio_long_square,-0.4295457848164508,1.3963559059256176e-162
52,ETV6,Etv6,phenotype-constrained,thresholdCurrentMultiplier,1.1067921138863224,upstroke_downstroke_ratio_long_square,-0.4295457848164508,1.3963559059256176e-162
52,ETV6,Etv6,phenotype-constrained,thresholdVoltageShift_mV,0.31625545366740837,upstroke_downstroke_ratio_long_square,-0.4295457848164508,1.3963559059256176e-162
52,ETV6,Etv6,phenotype-constrained,spikeKineticsMultiplier,0.8790937467026895,upstroke_downstroke_ratio_long_square,-0.4295457848164508,1.3963559059256176e-162
53,KCTD8,Kctd8,phenotype-constrained,vRestShift_mV,0.0260342751008352,upstroke_downstroke_ratio_long_square,-0.6091040511175504,0.0
53,KCTD8,Kctd8,phenotype-constrained,inputResistanceMultiplier,0.9896814063933087,upstroke_downstroke_ratio_long_square,-0.6091040511175504,0.0
53,KCTD8,Kctd8,phenotype-constrained,tauMultiplier,1.0501661682908812,upstroke_downstroke_ratio_long_square,-0.6091040511175504,0.0
53,KCTD8,Kctd8,phenotype-constrained,fiGainMultiplier,1.1491246718694228,upstroke_downstroke_ratio_long_square,-0.6091040511175504,0.0
53,KCTD8,Kctd8,phenotype-constrained,adaptationMultiplier,0.9826527770615214,upstroke_downstroke_ratio_long_square,-0.6091040511175504,0.0
53,KCTD8,Kctd8,phenotype-constrained,latencyMultiplier,1.0427078850248603,upstroke_downstroke_ratio_long_square,-0.6091040511175504,0.0
53,KCTD8,Kctd8,phenotype-constrained,sagMultiplier,1.0882489325249636,upstroke_downstroke_ratio_long_square,-0.6091040511175504,0.0
53,KCTD8,Kctd8,phenotype-constrained,thresholdCurrentMultiplier,1.029337869985547,upstroke_downstroke_ratio_long_square,-0.6091040511175504,0.0
53,KCTD8,Kctd8,phenotype-constrained,thresholdVoltageShift_mV,-0.0003475321477596,upstroke_downstroke_ratio_long_square,-0.6091040511175504,0.0
53,KCTD8,Kctd8,phenotype-constrained,spikeKineticsMultiplier,0.8329920211310773,upstroke_downstroke_ratio_long_square,-0.6091040511175504,0.0
54,SOX6,Sox6,phenotype-constrained,vRestShift_mV,0.2348342858200568,upstroke_downstroke_ratio_long_square,-0.6047096899960531,0.0
54,SOX6,Sox6,phenotype-constrained,inputResistanceMultiplier,0.9848434897367861,upstroke_downstroke_ratio_long_square,-0.6047096899960531,0.0
54,SOX6,Sox6,phenotype-constrained,tauMultiplier,1.0525773957023306,upstroke_downstroke_ratio_long_square,-0.6047096899960531,0.0
54,SOX6,Sox6,phenotype-constrained,fiGainMultiplier,1.1313463383130622,upstroke_downstroke_ratio_long_square,-0.6047096899960531,0.0
54,SOX6,Sox6,phenotype-constrained,adaptationMultiplier,0.978217526583357,upstroke_downstroke_ratio_long_square,-0.6047096899960531,0.0
54,SOX6,Sox6,phenotype-constrained,latencyMultiplier,1.0433455833464236,upstroke_downstroke_ratio_long_square,-0.6047096899960531,0.0
54,SOX6,Sox6,phenotype-constrained,sagMultiplier,0.9887010300435298,upstroke_downstroke_ratio_long_square,-0.6047096899960531,0.0
54,SOX6,Sox6,phenotype-constrained,thresholdCurrentMultiplier,1.042231061220098,upstroke_downstroke_ratio_long_square,-0.6047096899960531,0.0
54,SOX6,Sox6,phenotype-constrained,thresholdVoltageShift_mV,0.024949424745579298,upstroke_downstroke_ratio_long_square,-0.6047096899960531,0.0
54,SOX6,Sox6,phenotype-constrained,spikeKineticsMultiplier,0.8340908856186909,upstroke_downstroke_ratio_long_square,-0.6047096899960531,0.0
55,IGSF11,Igsf11,phenotype-constrained,vRestShift_mV,-0.699147980396094,tau,-0.5829946091397193,0.0
55,IGSF11,Igsf11,phenotype-constrained,inputResistanceMultiplier,0.857071875726545,tau,-0.5829946091397193,0.0
55,IGSF11,Igsf11,phenotype-constrained,tauMultiplier,0.839542328424229,tau,-0.5829946091397193,0.0
55,IGSF11,Igsf11,phenotype-constrained,fiGainMultiplier,1.1144881680062675,tau,-0.5829946091397193,0.0
55,IGSF11,Igsf11,phenotype-constrained,adaptationMultiplier,0.8493386300606991,tau,-0.5829946091397193,0.0
55,IGSF11,Igsf11,phenotype-constrained,latencyMultiplier,0.9962351885474033,tau,-0.5829946091397193,0.0
55,IGSF11,Igsf11,phenotype-constrained,sagMultiplier,0.8779393964805501,tau,-0.5829946091397193,0.0
55,IGSF11,Igsf11,phenotype-constrained,thresholdCurrentMultiplier,1.2013248706858775,tau,-0.5829946091397193,0.0
55,IGSF11,Igsf11,phenotype-constrained,thresholdVoltageShift_mV,0.7891540285180321,tau,-0.5829946091397193,0.0
55,IGSF11,Igsf11,phenotype-constrained,spikeKineticsMultiplier,0.9641626445954263,tau,-0.5829946091397193,0.0
56,CHL1,Chl1,phenotype-constrained,vRestShift_mV,0.3507166151600232,tau,0.3858786782795187,1.1871064820589616e-128
56,CHL1,Chl1,phenotype-constrained,inputResistanceMultiplier,1.110420910794084,tau,0.3858786782795187,1.1871064820589616e-128
56,CHL1,Chl1,phenotype-constrained,tauMultiplier,1.1227304311973303,tau,0.3858786782795187,1.1871064820589616e-128
56,CHL1,Chl1,phenotype-constrained,fiGainMultiplier,0.9248199409194362,tau,0.3858786782795187,1.1871064820589616e-128
56,CHL1,Chl1,phenotype-constrained,adaptationMultiplier,1.0851452424106294,tau,0.3858786782795187,1.1871064820589616e-128
56,CHL1,Chl1,phenotype-constrained,latencyMultiplier,1.0377355190292932,tau,0.3858786782795187,1.1871064820589616e-128
56,CHL1,Chl1,phenotype-constrained,sagMultiplier,1.0823458307366949,tau,0.3858786782795187,1.1871064820589616e-128
56,CHL1,Chl1,phenotype-constrained,thresholdCurrentMultiplier,0.8985632247004106,tau,0.3858786782795187,1.1871064820589616e-128
56,CHL1,Chl1,phenotype-constrained,thresholdVoltageShift_mV,-0.4923022488423615,tau,0.3858786782795187,1.1871064820589616e-128
56,CHL1,Chl1,phenotype-constrained,spikeKineticsMultiplier,1.0512110879176995,tau,0.3858786782795187,1.1871064820589616e-128
57,DGKG,Dgkg,phenotype-constrained,vRestShift_mV,0.4001934836307372,tau,0.4172470072350601,2.7367213852271177e-152
57,DGKG,Dgkg,phenotype-constrained,inputResistanceMultiplier,1.0838036632665435,tau,0.4172470072350601,2.7367213852271177e-152
57,DGKG,Dgkg,phenotype-constrained,tauMultiplier,1.133345753846773,tau,0.4172470072350601,2.7367213852271177e-152
57,DGKG,Dgkg,phenotype-constrained,fiGainMultiplier,0.9520234267734281,tau,0.4172470072350601,2.7367213852271177e-152
57,DGKG,Dgkg,phenotype-constrained,adaptationMultiplier,1.0669960818604751,tau,0.4172470072350601,2.7367213852271177e-152
57,DGKG,Dgkg,phenotype-constrained,latencyMultiplier,1.0787244412788741,tau,0.4172470072350601,2.7367213852271177e-152
57,DGKG,Dgkg,phenotype-constrained,sagMultiplier,1.0822067411947494,tau,0.4172470072350601,2.7367213852271177e-152
57,DGKG,Dgkg,phenotype-constrained,thresholdCurrentMultiplier,0.9236185858965036,tau,0.4172470072350601,2.7367213852271177e-152
57,DGKG,Dgkg,phenotype-constrained,thresholdVoltageShift_mV,-0.3510508628193723,tau,0.4172470072350601,2.7367213852271177e-152
57,DGKG,Dgkg,phenotype-constrained,spikeKineticsMultiplier,0.9795397536655212,tau,0.4172470072350601,2.7367213852271177e-152
58,NFIB,Nfib,phenotype-constrained,vRestShift_mV,-0.053880613740172,upstroke_downstroke_ratio_long_square,0.5412421041568266,2.686901926711781e-275
58,NFIB,Nfib,phenotype-constrained,inputResistanceMultiplier,0.9828504526190625,upstroke_downstroke_ratio_long_square,0.5412421041568266,2.686901926711781e-275
58,NFIB,Nfib,phenotype-constrained,tauMultiplier,0.9222427748555226,upstroke_downstroke_ratio_long_square,0.5412421041568266,2.686901926711781e-275
58,NFIB,Nfib,phenotype-constrained,fiGainMultiplier,0.9075293731088081,upstroke_downstroke_ratio_long_square,0.5412421041568266,2.686901926711781e-275
58,NFIB,Nfib,phenotype-constrained,adaptationMultiplier,0.9794300438864427,upstroke_downstroke_ratio_long_square,0.5412421041568266,2.686901926711781e-275
58,NFIB,Nfib,phenotype-constrained,latencyMultiplier,0.9660803128946952,upstroke_downstroke_ratio_long_square,0.5412421041568266,2.686901926711781e-275
58,NFIB,Nfib,phenotype-constrained,sagMultiplier,0.962658992368984,upstroke_downstroke_ratio_long_square,0.5412421041568266,2.686901926711781e-275
58,NFIB,Nfib,phenotype-constrained,thresholdCurrentMultiplier,1.0042506261856634,upstroke_downstroke_ratio_long_square,0.5412421041568266,2.686901926711781e-275
58,NFIB,Nfib,phenotype-constrained,thresholdVoltageShift_mV,0.29152440148782693,upstroke_downstroke_ratio_long_square,0.5412421041568266,2.686901926711781e-275
58,NFIB,Nfib,phenotype-constrained,spikeKineticsMultiplier,1.1762984852356944,upstroke_downstroke_ratio_long_square,0.5412421041568266,2.686901926711781e-275
59,TRHDE,Trhde,phenotype-constrained,vRestShift_mV,0.3471631424546404,tau,0.5181855805548544,3.615332265960773e-248
59,TRHDE,Trhde,phenotype-constrained,inputResistanceMultiplier,1.1120758985879442,tau,0.5181855805548544,3.615332265960773e-248
59,TRHDE,Trhde,phenotype-constrained,tauMultiplier,1.1681901539173072,tau,0.5181855805548544,3.615332265960773e-248
59,TRHDE,Trhde,phenotype-constrained,fiGainMultiplier,0.9615822281272356,tau,0.5181855805548544,3.615332265960773e-248
59,TRHDE,Trhde,phenotype-constrained,adaptationMultiplier,1.1053019915596727,tau,0.5181855805548544,3.615332265960773e-248
59,TRHDE,Trhde,phenotype-constrained,latencyMultiplier,1.030456957740373,tau,0.5181855805548544,3.615332265960773e-248
59,TRHDE,Trhde,phenotype-constrained,sagMultiplier,1.0845224083916654,tau,0.5181855805548544,3.615332265960773e-248
59,TRHDE,Trhde,phenotype-constrained,thresholdCurrentMultiplier,0.8814256854280847,tau,0.5181855805548544,3.615332265960773e-248
59,TRHDE,Trhde,phenotype-constrained,thresholdVoltageShift_mV,-0.5722430776434516,tau,0.5181855805548544,3.615332265960773e-248
59,TRHDE,Trhde,phenotype-constrained,spikeKineticsMultiplier,0.9596500063614113,tau,0.5181855805548544,3.615332265960773e-248
60,LAMA4,Lama4,phenotype-constrained,vRestShift_mV,0.4059253476908948,tau,0.4059399384169953,1.7245572415574654e-143
60,LAMA4,Lama4,phenotype-constrained,inputResistanceMultiplier,1.069907662509643,tau,0.4059399384169953,1.7245572415574654e-143
60,LAMA4,Lama4,phenotype-constrained,tauMultiplier,1.129507821361851,tau,0.4059399384169953,1.7245572415574654e-143
60,LAMA4,Lama4,phenotype-constrained,fiGainMultiplier,0.9449487367583024,tau,0.4059399384169953,1.7245572415574654e-143
60,LAMA4,Lama4,phenotype-constrained,adaptationMultiplier,1.0778012247256392,tau,0.4059399384169953,1.7245572415574654e-143
60,LAMA4,Lama4,phenotype-constrained,latencyMultiplier,1.0756216198143207,tau,0.4059399384169953,1.7245572415574654e-143
60,LAMA4,Lama4,phenotype-constrained,sagMultiplier,1.08069616569843,tau,0.4059399384169953,1.7245572415574654e-143
60,LAMA4,Lama4,phenotype-constrained,thresholdCurrentMultiplier,0.9297939917787884,tau,0.4059399384169953,1.7245572415574654e-143
60,LAMA4,Lama4,phenotype-constrained,thresholdVoltageShift_mV,-0.6211622430492258,tau,0.4059399384169953,1.7245572415574654e-143
60,LAMA4,Lama4,phenotype-constrained,spikeKineticsMultiplier,0.9919290633162106,tau,0.4059399384169953,1.7245572415574654e-143
61,ATRNL1,Atrnl1,phenotype-constrained,vRestShift_mV,-0.3672266016376996,tau,-0.4046931435926444,1.5348686786637769e-142
61,ATRNL1,Atrnl1,phenotype-constrained,inputResistanceMultiplier,0.8945377227230938,tau,-0.4046931435926444,1.5348686786637769e-142
61,ATRNL1,Atrnl1,phenotype-constrained,tauMultiplier,0.885672581888148,tau,-0.4046931435926444,1.5348686786637769e-142
61,ATRNL1,Atrnl1,phenotype-constrained,fiGainMultiplier,1.1179994578593078,tau,-0.4046931435926444,1.5348686786637769e-142
61,ATRNL1,Atrnl1,phenotype-constrained,adaptationMultiplier,0.8948680234888499,tau,-0.4046931435926444,1.5348686786637769e-142
61,ATRNL1,Atrnl1,phenotype-constrained,latencyMultiplier,0.9828027573749254,tau,-0.4046931435926444,1.5348686786637769e-142
61,ATRNL1,Atrnl1,phenotype-constrained,sagMultiplier,0.9127857866432314,tau,-0.4046931435926444,1.5348686786637769e-142
61,ATRNL1,Atrnl1,phenotype-constrained,thresholdCurrentMultiplier,1.1486217320585879,tau,-0.4046931435926444,1.5348686786637769e-142
61,ATRNL1,Atrnl1,phenotype-constrained,thresholdVoltageShift_mV,0.6223190539744082,tau,-0.4046931435926444,1.5348686786637769e-142
61,ATRNL1,Atrnl1,phenotype-constrained,spikeKineticsMultiplier,0.9338089284713201,tau,-0.4046931435926444,1.5348686786637769e-142
62,GABRG3,Gabrg3,phenotype-constrained,vRestShift_mV,-0.6806100243539565,tau,-0.403611194143129,1.0125947587889573e-141
62,GABRG3,Gabrg3,phenotype-constrained,inputResistanceMultiplier,0.897590496173374,tau,-0.403611194143129,1.0125947587889573e-141
62,GABRG3,Gabrg3,phenotype-constrained,tauMultiplier,0.8859601044370807,tau,-0.403611194143129,1.0125947587889573e-141
62,GABRG3,Gabrg3,phenotype-constrained,fiGainMultiplier,1.0830995024307897,tau,-0.403611194143129,1.0125947587889573e-141
62,GABRG3,Gabrg3,phenotype-constrained,adaptationMultiplier,0.9049864755960245,tau,-0.403611194143129,1.0125947587889573e-141
62,GABRG3,Gabrg3,phenotype-constrained,latencyMultiplier,0.9949367049657245,tau,-0.403611194143129,1.0125947587889573e-141
62,GABRG3,Gabrg3,phenotype-constrained,sagMultiplier,0.9494927771401953,tau,-0.403611194143129,1.0125947587889573e-141
62,GABRG3,Gabrg3,phenotype-constrained,thresholdCurrentMultiplier,1.1226308509408438,tau,-0.403611194143129,1.0125947587889573e-141
62,GABRG3,Gabrg3,phenotype-constrained,thresholdVoltageShift_mV,0.72871148347749,tau,-0.403611194143129,1.0125947587889573e-141
62,GABRG3,Gabrg3,phenotype-constrained,spikeKineticsMultiplier,0.9602809111184374,tau,-0.403611194143129,1.0125947587889573e-141
63,PLCXD3,Plcxd3,phenotype-constrained,vRestShift_mV,-0.127144194329988,upstroke_downstroke_ratio_long_square,-0.3996506680241856,6.2819831500196285e-139
63,PLCXD3,Plcxd3,phenotype-constrained,inputResistanceMultiplier,0.9322815872858468,upstroke_downstroke_ratio_long_square,-0.3996506680241856,6.2819831500196285e-139
63,PLCXD3,Plcxd3,phenotype-constrained,tauMultiplier,0.9300849251961322,upstroke_downstroke_ratio_long_square,-0.3996506680241856,6.2819831500196285e-139
63,PLCXD3,Plcxd3,phenotype-constrained,fiGainMultiplier,1.165821980921719,upstroke_downstroke_ratio_long_square,-0.3996506680241856,6.2819831500196285e-139
63,PLCXD3,Plcxd3,phenotype-constrained,adaptationMultiplier,0.9166234139284084,upstroke_downstroke_ratio_long_square,-0.3996506680241856,6.2819831500196285e-139
63,PLCXD3,Plcxd3,phenotype-constrained,latencyMultiplier,0.9696029745929301,upstroke_downstroke_ratio_long_square,-0.3996506680241856,6.2819831500196285e-139
63,PLCXD3,Plcxd3,phenotype-constrained,sagMultiplier,0.930887904840058,upstroke_downstroke_ratio_long_square,-0.3996506680241856,6.2819831500196285e-139
63,PLCXD3,Plcxd3,phenotype-constrained,thresholdCurrentMultiplier,1.0952489893142672,upstroke_downstroke_ratio_long_square,-0.3996506680241856,6.2819831500196285e-139
63,PLCXD3,Plcxd3,phenotype-constrained,thresholdVoltageShift_mV,0.5391413424706155,upstroke_downstroke_ratio_long_square,-0.3996506680241856,6.2819831500196285e-139
63,PLCXD3,Plcxd3,phenotype-constrained,spikeKineticsMultiplier,0.8870133904883957,upstroke_downstroke_ratio_long_square,-0.3996506680241856,6.2819831500196285e-139
64,PDZRN4,Pdzrn4,phenotype-constrained,vRestShift_mV,0.2406200141951564,upstroke_downstroke_ratio_long_square,0.3685272243220832,8.642736187657936e-117
64,PDZRN4,Pdzrn4,phenotype-constrained,inputResistanceMultiplier,1.0921028094342962,upstroke_downstroke_ratio_long_square,0.3685272243220832,8.642736187657936e-117
64,PDZRN4,Pdzrn4,phenotype-constrained,tauMultiplier,1.059751715588421,upstroke_downstroke_ratio_long_square,0.3685272243220832,8.642736187657936e-117
64,PDZRN4,Pdzrn4,phenotype-constrained,fiGainMultiplier,0.8928263386012409,upstroke_downstroke_ratio_long_square,0.3685272243220832,8.642736187657936e-117
64,PDZRN4,Pdzrn4,phenotype-constrained,adaptationMultiplier,1.0905827582834202,upstroke_downstroke_ratio_long_square,0.3685272243220832,8.642736187657936e-117
64,PDZRN4,Pdzrn4,phenotype-constrained,latencyMultiplier,0.9777667326145811,upstroke_downstroke_ratio_long_square,0.3685272243220832,8.642736187657936e-117
64,PDZRN4,Pdzrn4,phenotype-constrained,sagMultiplier,1.0305632561446838,upstroke_downstroke_ratio_long_square,0.3685272243220832,8.642736187657936e-117
64,PDZRN4,Pdzrn4,phenotype-constrained,thresholdCurrentMultiplier,0.8892635374123247,upstroke_downstroke_ratio_long_square,0.3685272243220832,8.642736187657936e-117
64,PDZRN4,Pdzrn4,phenotype-constrained,thresholdVoltageShift_mV,-0.2524506273529674,upstroke_downstroke_ratio_long_square,0.3685272243220832,8.642736187657936e-117
64,PDZRN4,Pdzrn4,phenotype-constrained,spikeKineticsMultiplier,1.1169013142927229,upstroke_downstroke_ratio_long_square,0.3685272243220832,8.642736187657936e-117
65,CSMD3,Csmd3,phenotype-constrained,vRestShift_mV,-0.0559612728280848,upstroke_downstroke_ratio_long_square,0.4946869194149865,3.46313796791945e-223
65,CSMD3,Csmd3,phenotype-constrained,inputResistanceMultiplier,1.0318222209613048,upstroke_downstroke_ratio_long_square,0.4946869194149865,3.46313796791945e-223
65,CSMD3,Csmd3,phenotype-constrained,tauMultiplier,0.9611976889750075,upstroke_downstroke_ratio_long_square,0.4946869194149865,3.46313796791945e-223
65,CSMD3,Csmd3,phenotype-constrained,fiGainMultiplier,0.9089911194177369,upstroke_downstroke_ratio_long_square,0.4946869194149865,3.46313796791945e-223
65,CSMD3,Csmd3,phenotype-constrained,adaptationMultiplier,1.0350562060480621,upstroke_downstroke_ratio_long_square,0.4946869194149865,3.46313796791945e-223
65,CSMD3,Csmd3,phenotype-constrained,latencyMultiplier,0.9512926762724921,upstroke_downstroke_ratio_long_square,0.4946869194149865,3.46313796791945e-223
65,CSMD3,Csmd3,phenotype-constrained,sagMultiplier,0.9629111710817304,upstroke_downstroke_ratio_long_square,0.4946869194149865,3.46313796791945e-223
65,CSMD3,Csmd3,phenotype-constrained,thresholdCurrentMultiplier,0.9406312319692884,upstroke_downstroke_ratio_long_square,0.4946869194149865,3.46313796791945e-223
65,CSMD3,Csmd3,phenotype-constrained,thresholdVoltageShift_mV,0.14530445979315332,upstroke_downstroke_ratio_long_square,0.4946869194149865,3.46313796791945e-223
65,CSMD3,Csmd3,phenotype-constrained,spikeKineticsMultiplier,1.1599838421317523,upstroke_downstroke_ratio_long_square,0.4946869194149865,3.46313796791945e-223
66,RPH3A,Rph3a,phenotype-constrained,vRestShift_mV,0.4350351257177904,upstroke_downstroke_ratio_long_square,0.3943588609406621,5.582550769719035e-135
66,RPH3A,Rph3a,phenotype-constrained,inputResistanceMultiplier,1.0635739611268353,upstroke_downstroke_ratio_long_square,0.3943588609406621,5.582550769719035e-135
66,RPH3A,Rph3a,phenotype-constrained,tauMultiplier,1.0599000969583074,upstroke_downstroke_ratio_long_square,0.3943588609406621,5.582550769719035e-135
66,RPH3A,Rph3a,phenotype-constrained,fiGainMultiplier,0.8768599792101204,upstroke_downstroke_ratio_long_square,0.3943588609406621,5.582550769719035e-135
66,RPH3A,Rph3a,phenotype-constrained,adaptationMultiplier,1.060162277957528,upstroke_downstroke_ratio_long_square,0.3943588609406621,5.582550769719035e-135
66,RPH3A,Rph3a,phenotype-constrained,latencyMultiplier,1.0411164312412784,upstroke_downstroke_ratio_long_square,0.3943588609406621,5.582550769719035e-135
66,RPH3A,Rph3a,phenotype-constrained,sagMultiplier,1.0524619118796266,upstroke_downstroke_ratio_long_square,0.3943588609406621,5.582550769719035e-135
66,RPH3A,Rph3a,phenotype-constrained,thresholdCurrentMultiplier,0.9240803461221484,upstroke_downstroke_ratio_long_square,0.3943588609406621,5.582550769719035e-135
66,RPH3A,Rph3a,phenotype-constrained,thresholdVoltageShift_mV,-0.21766668230076602,upstroke_downstroke_ratio_long_square,0.3943588609406621,5.582550769719035e-135
66,RPH3A,Rph3a,phenotype-constrained,spikeKineticsMultiplier,1.125590355297375,upstroke_downstroke_ratio_long_square,0.3943588609406621,5.582550769719035e-135
67,HCN1,Hcn1,conductance-aware,vRestShift_mV,-0.5158180360554516,tau,-0.3934702290390164,3.952314202787429e-134
67,HCN1,Hcn1,conductance-aware,inputResistanceMultiplier,0.899407867648718,tau,-0.3934702290390164,3.952314202787429e-134
67,HCN1,Hcn1,conductance-aware,tauMultiplier,0.8886595557620838,tau,-0.3934702290390164,3.952314202787429e-134
67,HCN1,Hcn1,conductance-aware,fiGainMultiplier,1.1321160871502363,tau,-0.3934702290390164,3.952314202787429e-134
67,HCN1,Hcn1,conductance-aware,adaptationMultiplier,0.8880208464716592,tau,-0.3934702290390164,3.952314202787429e-134
67,HCN1,Hcn1,conductance-aware,latencyMultiplier,0.9893612321645783,tau,-0.3934702290390164,3.952314202787429e-134
67,HCN1,Hcn1,conductance-aware,sagMultiplier,0.9686008655415586,tau,-0.3934702290390164,3.952314202787429e-134
67,HCN1,Hcn1,conductance-aware,thresholdCurrentMultiplier,1.1387965244022018,tau,-0.3934702290390164,3.952314202787429e-134
67,HCN1,Hcn1,conductance-aware,thresholdVoltageShift_mV,0.6366571200800979,tau,-0.3934702290390164,3.952314202787429e-134
67,HCN1,Hcn1,conductance-aware,spikeKineticsMultiplier,0.9189264716966768,tau,-0.3934702290390164,3.952314202787429e-134
68,SLC24A3,Slc24a3,phenotype-constrained,vRestShift_mV,0.2061858125153396,upstroke_downstroke_ratio_long_square,0.3675126996166235,4.0670794663227474e-116
68,SLC24A3,Slc24a3,phenotype-constrained,inputResistanceMultiplier,1.0799385973383389,upstroke_downstroke_ratio_long_square,0.3675126996166235,4.0670794663227474e-116
68,SLC24A3,Slc24a3,phenotype-constrained,tauMultiplier,1.0508749523678445,upstroke_downstroke_ratio_long_square,0.3675126996166235,4.0670794663227474e-116
68,SLC24A3,Slc24a3,phenotype-constrained,fiGainMultiplier,0.8892229728559634,upstroke_downstroke_ratio_long_square,0.3675126996166235,4.0670794663227474e-116
68,SLC24A3,Slc24a3,phenotype-constrained,adaptationMultiplier,1.0568724523140447,upstroke_downstroke_ratio_long_square,0.3675126996166235,4.0670794663227474e-116
68,SLC24A3,Slc24a3,phenotype-constrained,latencyMultiplier,1.0257862466563694,upstroke_downstroke_ratio_long_square,0.3675126996166235,4.0670794663227474e-116
68,SLC24A3,Slc24a3,phenotype-constrained,sagMultiplier,1.0439846879814487,upstroke_downstroke_ratio_long_square,0.3675126996166235,4.0670794663227474e-116
68,SLC24A3,Slc24a3,phenotype-constrained,thresholdCurrentMultiplier,0.8971998279506809,upstroke_downstroke_ratio_long_square,0.3675126996166235,4.0670794663227474e-116
68,SLC24A3,Slc24a3,phenotype-constrained,thresholdVoltageShift_mV,-0.2195254605766056,upstroke_downstroke_ratio_long_square,0.3675126996166235,4.0670794663227474e-116
68,SLC24A3,Slc24a3,phenotype-constrained,spikeKineticsMultiplier,1.116561428825604,upstroke_downstroke_ratio_long_square,0.3675126996166235,4.0670794663227474e-116
69,PTPRM,Ptprm,phenotype-constrained,vRestShift_mV,-0.32749820836255,threshold_i_short_square,0.3934210891378464,6.445808005356438e-133
69,PTPRM,Ptprm,phenotype-constrained,inputResistanceMultiplier,0.9230883806018659,threshold_i_short_square,0.3934210891378464,6.445808005356438e-133
69,PTPRM,Ptprm,phenotype-constrained,tauMultiplier,0.9745810947906698,threshold_i_short_square,0.3934210891378464,6.445808005356438e-133
69,PTPRM,Ptprm,phenotype-constrained,fiGainMultiplier,1.0771870533204904,threshold_i_short_square,0.3934210891378464,6.445808005356438e-133
69,PTPRM,Ptprm,phenotype-constrained,adaptationMultiplier,0.9137086419088383,threshold_i_short_square,0.3934210891378464,6.445808005356438e-133
69,PTPRM,Ptprm,phenotype-constrained,latencyMultiplier,1.0963684237693623,threshold_i_short_square,0.3934210891378464,6.445808005356438e-133
69,PTPRM,Ptprm,phenotype-constrained,sagMultiplier,0.96535802674071,threshold_i_short_square,0.3934210891378464,6.445808005356438e-133
69,PTPRM,Ptprm,phenotype-constrained,thresholdCurrentMultiplier,1.120497009547376,threshold_i_short_square,0.3934210891378464,6.445808005356438e-133
69,PTPRM,Ptprm,phenotype-constrained,thresholdVoltageShift_mV,0.2552163307729512,threshold_i_short_square,0.3934210891378464,6.445808005356438e-133
69,PTPRM,Ptprm,phenotype-constrained,spikeKineticsMultiplier,0.9224028119520117,threshold_i_short_square,0.3934210891378464,6.445808005356438e-133
70,ARPP21,Arpp21,phenotype-constrained,vRestShift_mV,-0.0117571768139168,upstroke_downstroke_ratio_long_square,0.4886513573492591,4.766294734678931e-217
70,ARPP21,Arpp21,phenotype-constrained,inputResistanceMultiplier,1.0211327121019103,upstroke_downstroke_ratio_long_square,0.4886513573492591,4.766294734678931e-217
70,ARPP21,Arpp21,phenotype-constrained,tauMultiplier,0.9793443775293291,upstroke_downstroke_ratio_long_square,0.4886513573492591,4.766294734678931e-217
70,ARPP21,Arpp21,phenotype-constrained,fiGainMultiplier,0.8933611551309312,upstroke_downstroke_ratio_long_square,0.4886513573492591,4.766294734678931e-217
70,ARPP21,Arpp21,phenotype-constrained,adaptationMultiplier,1.0472022696968193,upstroke_downstroke_ratio_long_square,0.4886513573492591,4.766294734678931e-217
70,ARPP21,Arpp21,phenotype-constrained,latencyMultiplier,0.9869761266642268,upstroke_downstroke_ratio_long_square,0.4886513573492591,4.766294734678931e-217
70,ARPP21,Arpp21,phenotype-constrained,sagMultiplier,1.0264328600932788,upstroke_downstroke_ratio_long_square,0.4886513573492591,4.766294734678931e-217
70,ARPP21,Arpp21,phenotype-constrained,thresholdCurrentMultiplier,0.9527081260212521,upstroke_downstroke_ratio_long_square,0.4886513573492591,4.766294734678931e-217
70,ARPP21,Arpp21,phenotype-constrained,thresholdVoltageShift_mV,0.018558796074190198,upstroke_downstroke_ratio_long_square,0.4886513573492591,4.766294734678931e-217
70,ARPP21,Arpp21,phenotype-constrained,spikeKineticsMultiplier,1.1578853961578783,upstroke_downstroke_ratio_long_square,0.4886513573492591,4.766294734678931e-217
71,KCNAB1,Kcnab1,conductance-aware,vRestShift_mV,-0.3250252779548248,upstroke_downstroke_ratio_long_square,-0.3911317964295805,1.2678154228383447e-132
71,KCNAB1,Kcnab1,conductance-aware,inputResistanceMultiplier,0.9277380019281893,upstroke_downstroke_ratio_long_square,-0.3911317964295805,1.2678154228383447e-132
71,KCNAB1,Kcnab1,conductance-aware,tauMultiplier,0.9571798554965628,upstroke_downstroke_ratio_long_square,-0.3911317964295805,1.2678154228383447e-132
71,KCNAB1,Kcnab1,conductance-aware,fiGainMultiplier,1.1352284810815103,upstroke_downstroke_ratio_long_square,-0.3911317964295805,1.2678154228383447e-132
71,KCNAB1,Kcnab1,conductance-aware,adaptationMultiplier,0.9221531129628777,upstroke_downstroke_ratio_long_square,-0.3911317964295805,1.2678154228383447e-132
71,KCNAB1,Kcnab1,conductance-aware,latencyMultiplier,1.032628999838627,upstroke_downstroke_ratio_long_square,-0.3911317964295805,1.2678154228383447e-132
71,KCNAB1,Kcnab1,conductance-aware,sagMultiplier,1.0237968458969176,upstroke_downstroke_ratio_long_square,-0.3911317964295805,1.2678154228383447e-132
71,KCNAB1,Kcnab1,conductance-aware,thresholdCurrentMultiplier,1.10690547409667,upstroke_downstroke_ratio_long_square,-0.3911317964295805,1.2678154228383447e-132
71,KCNAB1,Kcnab1,conductance-aware,thresholdVoltageShift_mV,0.472737332535525,upstroke_downstroke_ratio_long_square,-0.3911317964295805,1.2678154228383447e-132
71,KCNAB1,Kcnab1,conductance-aware,spikeKineticsMultiplier,0.8892831956326427,upstroke_downstroke_ratio_long_square,-0.3911317964295805,1.2678154228383447e-132
72,CACNA1A,Cacna1a,conductance-aware,vRestShift_mV,-0.2160220043211292,upstroke_downstroke_ratio_long_square,-0.3907205556438083,2.5041355547275202e-132
72,CACNA1A,Cacna1a,conductance-aware,inputResistanceMultiplier,0.9403158246272709,upstroke_downstroke_ratio_long_square,-0.3907205556438083,2.5041355547275202e-132
72,CACNA1A,Cacna1a,conductance-aware,tauMultiplier,0.9706090334494223,upstroke_downstroke_ratio_long_square,-0.3907205556438083,2.5041355547275202e-132
72,CACNA1A,Cacna1a,conductance-aware,fiGainMultiplier,1.0907869455170032,upstroke_downstroke_ratio_long_square,-0.3907205556438083,2.5041355547275202e-132
72,CACNA1A,Cacna1a,conductance-aware,adaptationMultiplier,0.9362615284215626,upstroke_downstroke_ratio_long_square,-0.3907205556438083,2.5041355547275202e-132
72,CACNA1A,Cacna1a,conductance-aware,latencyMultiplier,1.0320025010322982,upstroke_downstroke_ratio_long_square,-0.3907205556438083,2.5041355547275202e-132
72,CACNA1A,Cacna1a,conductance-aware,sagMultiplier,0.97217229223219,upstroke_downstroke_ratio_long_square,-0.3907205556438083,2.5041355547275202e-132
72,CACNA1A,Cacna1a,conductance-aware,thresholdCurrentMultiplier,1.0816285234888978,upstroke_downstroke_ratio_long_square,-0.3907205556438083,2.5041355547275202e-132
72,CACNA1A,Cacna1a,conductance-aware,thresholdVoltageShift_mV,0.2717751002211069,upstroke_downstroke_ratio_long_square,-0.3907205556438083,2.5041355547275202e-132
72,CACNA1A,Cacna1a,conductance-aware,spikeKineticsMultiplier,0.889392915256725,upstroke_downstroke_ratio_long_square,-0.3907205556438083,2.5041355547275202e-132
73,TOX3,Tox3,phenotype-constrained,vRestShift_mV,-0.2828257059567608,threshold_i_long_square,0.3651205795177332,5.387933846373834e-114
73,TOX3,Tox3,phenotype-constrained,inputResistanceMultiplier,0.9009978303864739,threshold_i_long_square,0.3651205795177332,5.387933846373834e-114
73,TOX3,Tox3,phenotype-constrained,tauMultiplier,0.941539615127012,threshold_i_long_square,0.3651205795177332,5.387933846373834e-114
73,TOX3,Tox3,phenotype-constrained,fiGainMultiplier,1.0816943442972204,threshold_i_long_square,0.3651205795177332,5.387933846373834e-114
73,TOX3,Tox3,phenotype-constrained,adaptationMultiplier,0.9017200645684608,threshold_i_long_square,0.3651205795177332,5.387933846373834e-114
73,TOX3,Tox3,phenotype-constrained,latencyMultiplier,1.0777251481893861,threshold_i_long_square,0.3651205795177332,5.387933846373834e-114
73,TOX3,Tox3,phenotype-constrained,sagMultiplier,0.9252537888757405,threshold_i_long_square,0.3651205795177332,5.387933846373834e-114
73,TOX3,Tox3,phenotype-constrained,thresholdCurrentMultiplier,1.1363168547372047,threshold_i_long_square,0.3651205795177332,5.387933846373834e-114
73,TOX3,Tox3,phenotype-constrained,thresholdVoltageShift_mV,0.3667636424762145,threshold_i_long_square,0.3651205795177332,5.387933846373834e-114
73,TOX3,Tox3,phenotype-constrained,spikeKineticsMultiplier,0.9056359044210099,threshold_i_long_square,0.3651205795177332,5.387933846373834e-114
74,SLC24A2,Slc24a2,phenotype-constrained,vRestShift_mV,-0.480400445663376,upstroke_downstroke_ratio_long_square,-0.4736964808792656,3.2991039597335046e-202
74,SLC24A2,Slc24a2,phenotype-constrained,inputResistanceMultiplier,0.9507203478899207,upstroke_downstroke_ratio_long_square,-0.4736964808792656,3.2991039597335046e-202
74,SLC24A2,Slc24a2,phenotype-constrained,tauMultiplier,0.9772688759722242,upstroke_downstroke_ratio_long_square,-0.4736964808792656,3.2991039597335046e-202
74,SLC24A2,Slc24a2,phenotype-constrained,fiGainMultiplier,1.1307748225540333,upstroke_downstroke_ratio_long_square,-0.4736964808792656,3.2991039597335046e-202
74,SLC24A2,Slc24a2,phenotype-constrained,adaptationMultiplier,0.9631458486198535,upstroke_downstroke_ratio_long_square,-0.4736964808792656,3.2991039597335046e-202
74,SLC24A2,Slc24a2,phenotype-constrained,latencyMultiplier,0.9787560393095751,upstroke_downstroke_ratio_long_square,-0.4736964808792656,3.2991039597335046e-202
74,SLC24A2,Slc24a2,phenotype-constrained,sagMultiplier,0.9981404537335553,upstroke_downstroke_ratio_long_square,-0.4736964808792656,3.2991039597335046e-202
74,SLC24A2,Slc24a2,phenotype-constrained,thresholdCurrentMultiplier,1.066080147024765,upstroke_downstroke_ratio_long_square,-0.4736964808792656,3.2991039597335046e-202
74,SLC24A2,Slc24a2,phenotype-constrained,thresholdVoltageShift_mV,0.0012570281567943,upstroke_downstroke_ratio_long_square,-0.4736964808792656,3.2991039597335046e-202
74,SLC24A2,Slc24a2,phenotype-constrained,spikeKineticsMultiplier,0.867526739275534,upstroke_downstroke_ratio_long_square,-0.4736964808792656,3.2991039597335046e-202
75,TAC1,Tac1,phenotype-constrained,vRestShift_mV,-0.4241236827345548,f_i_curve_slope,0.3627466508252739,6.1777470167274525e-112
75,TAC1,Tac1,phenotype-constrained,inputResistanceMultiplier,0.9133461036367636,f_i_curve_slope,0.3627466508252739,6.1777470167274525e-112
75,TAC1,Tac1,phenotype-constrained,tauMultiplier,0.9039216503896916,f_i_curve_slope,0.3627466508252739,6.1777470167274525e-112
75,TAC1,Tac1,phenotype-constrained,fiGainMultiplier,1.1773144947352943,f_i_curve_slope,0.3627466508252739,6.1777470167274525e-112
75,TAC1,Tac1,phenotype-constrained,adaptationMultiplier,0.8953310346634525,f_i_curve_slope,0.3627466508252739,6.1777470167274525e-112
75,TAC1,Tac1,phenotype-constrained,latencyMultiplier,0.9635812833727928,f_i_curve_slope,0.3627466508252739,6.1777470167274525e-112
75,TAC1,Tac1,phenotype-constrained,sagMultiplier,0.9034478105982201,f_i_curve_slope,0.3627466508252739,6.1777470167274525e-112
75,TAC1,Tac1,phenotype-constrained,thresholdCurrentMultiplier,1.1240411952352098,f_i_curve_slope,0.3627466508252739,6.1777470167274525e-112
75,TAC1,Tac1,phenotype-constrained,thresholdVoltageShift_mV,0.3467111798375298,f_i_curve_slope,0.3627466508252739,6.1777470167274525e-112
75,TAC1,Tac1,phenotype-constrained,spikeKineticsMultiplier,0.8972393533258738,f_i_curve_slope,0.3627466508252739,6.1777470167274525e-112
76,SRRM4,Srrm4,phenotype-constrained,vRestShift_mV,-0.475127382961996,tau,-0.4691347101841802,1.5281649286883726e-197
76,SRRM4,Srrm4,phenotype-constrained,inputResistanceMultiplier,0.9211267893692487,tau,-0.4691347101841802,1.5281649286883726e-197
76,SRRM4,Srrm4,phenotype-constrained,tauMultiplier,0.8687147894489101,tau,-0.4691347101841802,1.5281649286883726e-197
76,SRRM4,Srrm4,phenotype-constrained,fiGainMultiplier,1.0941953854745947,tau,-0.4691347101841802,1.5281649286883726e-197
76,SRRM4,Srrm4,phenotype-constrained,adaptationMultiplier,0.9152833888644918,tau,-0.4691347101841802,1.5281649286883726e-197
76,SRRM4,Srrm4,phenotype-constrained,latencyMultiplier,0.9114757553805016,tau,-0.4691347101841802,1.5281649286883726e-197
76,SRRM4,Srrm4,phenotype-constrained,sagMultiplier,0.9226866740111885,tau,-0.4691347101841802,1.5281649286883726e-197
76,SRRM4,Srrm4,phenotype-constrained,thresholdCurrentMultiplier,1.0989061909379918,tau,-0.4691347101841802,1.5281649286883726e-197
76,SRRM4,Srrm4,phenotype-constrained,thresholdVoltageShift_mV,0.618734392237974,tau,-0.4691347101841802,1.5281649286883726e-197
76,SRRM4,Srrm4,phenotype-constrained,spikeKineticsMultiplier,0.9777868271037222,tau,-0.4691347101841802,1.5281649286883726e-197
77,STXBP6,Stxbp6,phenotype-constrained,vRestShift_mV,0.4212988059118608,tau,0.4666642186352343,3.0758509496963894e-195
77,STXBP6,Stxbp6,phenotype-constrained,inputResistanceMultiplier,1.0586293651397571,tau,0.4666642186352343,3.0758509496963894e-195
77,STXBP6,Stxbp6,phenotype-constrained,tauMultiplier,1.150272954085613,tau,0.4666642186352343,3.0758509496963894e-195
77,STXBP6,Stxbp6,phenotype-constrained,fiGainMultiplier,0.9972698741459585,tau,0.4666642186352343,3.0758509496963894e-195
77,STXBP6,Stxbp6,phenotype-constrained,adaptationMultiplier,1.0764113810569822,tau,0.4666642186352343,3.0758509496963894e-195
77,STXBP6,Stxbp6,phenotype-constrained,latencyMultiplier,1.1024978923002304,tau,0.4666642186352343,3.0758509496963894e-195
77,STXBP6,Stxbp6,phenotype-constrained,sagMultiplier,1.086105658581243,tau,0.4666642186352343,3.0758509496963894e-195
77,STXBP6,Stxbp6,phenotype-constrained,thresholdCurrentMultiplier,0.9485030575650051,tau,0.4666642186352343,3.0758509496963894e-195
77,STXBP6,Stxbp6,phenotype-constrained,thresholdVoltageShift_mV,-0.3866081524824504,tau,0.4666642186352343,3.0758509496963894e-195
77,STXBP6,Stxbp6,phenotype-constrained,spikeKineticsMultiplier,0.9216879062134713,tau,0.4666642186352343,3.0758509496963894e-195
78,CHRM3,Chrm3,phenotype-constrained,vRestShift_mV,0.255039563328108,tau,0.3888888500833277,8.689735910849011e-131
78,CHRM3,Chrm3,phenotype-constrained,inputResistanceMultiplier,1.103663157158908,tau,0.3888888500833277,8.689735910849011e-131
78,CHRM3,Chrm3,phenotype-constrained,tauMultiplier,1.1237447725758503,tau,0.3888888500833277,8.689735910849011e-131
78,CHRM3,Chrm3,phenotype-constrained,fiGainMultiplier,0.9486047927956986,tau,0.3888888500833277,8.689735910849011e-131
78,CHRM3,Chrm3,phenotype-constrained,adaptationMultiplier,1.1254891817180122,tau,0.3888888500833277,8.689735910849011e-131
78,CHRM3,Chrm3,phenotype-constrained,latencyMultiplier,0.9801895266636678,tau,0.3888888500833277,8.689735910849011e-131
78,CHRM3,Chrm3,phenotype-constrained,sagMultiplier,1.1199761111297384,tau,0.3888888500833277,8.689735910849011e-131
78,CHRM3,Chrm3,phenotype-constrained,thresholdCurrentMultiplier,0.9053122901367187,tau,0.3888888500833277,8.689735910849011e-131
78,CHRM3,Chrm3,phenotype-constrained,thresholdVoltageShift_mV,-0.6359721502256925,tau,0.3888888500833277,8.689735910849011e-131
78,CHRM3,Chrm3,phenotype-constrained,spikeKineticsMultiplier,0.9888483670058926,tau,0.3888888500833277,8.689735910849011e-131
79,CCDC136,Ccdc136,phenotype-constrained,vRestShift_mV,-0.1658953882394828,upstroke_downstroke_ratio_long_square,-0.3612915595303824,5.457936036890066e-112
79,CCDC136,Ccdc136,phenotype-constrained,inputResistanceMultiplier,0.9417527288497716,upstroke_downstroke_ratio_long_square,-0.3612915595303824,5.457936036890066e-112
79,CCDC136,Ccdc136,phenotype-constrained,tauMultiplier,0.9669783511302809,upstroke_downstroke_ratio_long_square,-0.3612915595303824,5.457936036890066e-112
79,CCDC136,Ccdc136,phenotype-constrained,fiGainMultiplier,1.1128979818371987,upstroke_downstroke_ratio_long_square,-0.3612915595303824,5.457936036890066e-112
79,CCDC136,Ccdc136,phenotype-constrained,adaptationMultiplier,0.9428610434324373,upstroke_downstroke_ratio_long_square,-0.3612915595303824,5.457936036890066e-112
79,CCDC136,Ccdc136,phenotype-constrained,latencyMultiplier,1.0152827920299738,upstroke_downstroke_ratio_long_square,-0.3612915595303824,5.457936036890066e-112
79,CCDC136,Ccdc136,phenotype-constrained,sagMultiplier,0.9699353243809312,upstroke_downstroke_ratio_long_square,-0.3612915595303824,5.457936036890066e-112
79,CCDC136,Ccdc136,phenotype-constrained,thresholdCurrentMultiplier,1.0681518164616626,upstroke_downstroke_ratio_long_square,-0.3612915595303824,5.457936036890066e-112
79,CCDC136,Ccdc136,phenotype-constrained,thresholdVoltageShift_mV,0.2809060689251694,upstroke_downstroke_ratio_long_square,-0.3612915595303824,5.457936036890066e-112
79,CCDC136,Ccdc136,phenotype-constrained,spikeKineticsMultiplier,0.8972798619596797,upstroke_downstroke_ratio_long_square,-0.3612915595303824,5.457936036890066e-112
80,PRMT8,Prmt8,phenotype-constrained,vRestShift_mV,-0.4002066660637396,tau,-0.3863021028837877,6.114208086260633e-129
80,PRMT8,Prmt8,phenotype-constrained,inputResistanceMultiplier,0.9257475107598699,tau,-0.3863021028837877,6.114208086260633e-129
80,PRMT8,Prmt8,phenotype-constrained,tauMultiplier,0.890572619128214,tau,-0.3863021028837877,6.114208086260633e-129
80,PRMT8,Prmt8,phenotype-constrained,fiGainMultiplier,1.0317155425974738,tau,-0.3863021028837877,6.114208086260633e-129
80,PRMT8,Prmt8,phenotype-constrained,adaptationMultiplier,0.9227195161647984,tau,-0.3863021028837877,6.114208086260633e-129
80,PRMT8,Prmt8,phenotype-constrained,latencyMultiplier,0.9767349969738998,tau,-0.3863021028837877,6.114208086260633e-129
80,PRMT8,Prmt8,phenotype-constrained,sagMultiplier,0.939512007592133,tau,-0.3863021028837877,6.114208086260633e-129
80,PRMT8,Prmt8,phenotype-constrained,thresholdCurrentMultiplier,1.0936766123724042,tau,-0.3863021028837877,6.114208086260633e-129
80,PRMT8,Prmt8,phenotype-constrained,thresholdVoltageShift_mV,0.5309481394847105,tau,-0.3863021028837877,6.114208086260633e-129
80,PRMT8,Prmt8,phenotype-constrained,spikeKineticsMultiplier,1.028277239096472,tau,-0.3863021028837877,6.114208086260633e-129
81,GAP43,Gap43,phenotype-constrained,vRestShift_mV,0.5184325519840148,tau,0.3861563458817981,7.635634173379655e-129
81,GAP43,Gap43,phenotype-constrained,inputResistanceMultiplier,1.1044242671034628,tau,0.3861563458817981,7.635634173379655e-129
81,GAP43,Gap43,phenotype-constrained,tauMultiplier,1.122823958852767,tau,0.3861563458817981,7.635634173379655e-129
81,GAP43,Gap43,phenotype-constrained,fiGainMultiplier,0.9037083094905016,tau,0.3861563458817981,7.635634173379655e-129
81,GAP43,Gap43,phenotype-constrained,adaptationMultiplier,1.07619688440273,tau,0.3861563458817981,7.635634173379655e-129
81,GAP43,Gap43,phenotype-constrained,latencyMultiplier,1.0617462343179245,tau,0.3861563458817981,7.635634173379655e-129
81,GAP43,Gap43,phenotype-constrained,sagMultiplier,1.0528763409233137,tau,0.3861563458817981,7.635634173379655e-129
81,GAP43,Gap43,phenotype-constrained,thresholdCurrentMultiplier,0.893794742285953,tau,0.3861563458817981,7.635634173379655e-129
81,GAP43,Gap43,phenotype-constrained,thresholdVoltageShift_mV,-0.43034622775478487,tau,0.3861563458817981,7.635634173379655e-129
81,GAP43,Gap43,phenotype-constrained,spikeKineticsMultiplier,1.0853769454353333,tau,0.3861563458817981,7.635634173379655e-129
82,TRPC3,Trpc3,conductance-aware,vRestShift_mV,-0.3011551567493412,tau,-0.4481945265150885,2.582623305144525e-178
82,TRPC3,Trpc3,conductance-aware,inputResistanceMultiplier,0.9034242113330153,tau,-0.4481945265150885,2.582623305144525e-178
82,TRPC3,Trpc3,conductance-aware,tauMultiplier,0.8741892811484323,tau,-0.4481945265150885,2.582623305144525e-178
82,TRPC3,Trpc3,conductance-aware,fiGainMultiplier,1.1192677283412906,tau,-0.4481945265150885,2.582623305144525e-178
82,TRPC3,Trpc3,conductance-aware,adaptationMultiplier,0.8964257843785274,tau,-0.4481945265150885,2.582623305144525e-178
82,TRPC3,Trpc3,conductance-aware,latencyMultiplier,0.9541072183295698,tau,-0.4481945265150885,2.582623305144525e-178
82,TRPC3,Trpc3,conductance-aware,sagMultiplier,0.9165388209678893,tau,-0.4481945265150885,2.582623305144525e-178
82,TRPC3,Trpc3,conductance-aware,thresholdCurrentMultiplier,1.1262389705205127,tau,-0.4481945265150885,2.582623305144525e-178
82,TRPC3,Trpc3,conductance-aware,thresholdVoltageShift_mV,0.6279574440188265,tau,-0.4481945265150885,2.582623305144525e-178
82,TRPC3,Trpc3,conductance-aware,spikeKineticsMultiplier,0.9510322635586613,tau,-0.4481945265150885,2.582623305144525e-178
83,SHISA6,Shisa6,phenotype-constrained,vRestShift_mV,0.5801550106480268,tau,0.4400366221815711,3.20518622043161e-171
83,SHISA6,Shisa6,phenotype-constrained,inputResistanceMultiplier,1.1263211148980157,tau,0.4400366221815711,3.20518622043161e-171
83,SHISA6,Shisa6,phenotype-constrained,tauMultiplier,1.141120856298923,tau,0.4400366221815711,3.20518622043161e-171
83,SHISA6,Shisa6,phenotype-constrained,fiGainMultiplier,0.8916249062109757,tau,0.4400366221815711,3.20518622043161e-171
83,SHISA6,Shisa6,phenotype-constrained,adaptationMultiplier,1.1193172620027183,tau,0.4400366221815711,3.20518622043161e-171
83,SHISA6,Shisa6,phenotype-constrained,latencyMultiplier,1.0012035808610384,tau,0.4400366221815711,3.20518622043161e-171
83,SHISA6,Shisa6,phenotype-constrained,sagMultiplier,1.1046455247648252,tau,0.4400366221815711,3.20518622043161e-171
83,SHISA6,Shisa6,phenotype-constrained,thresholdCurrentMultiplier,0.8637385363105132,tau,0.4400366221815711,3.20518622043161e-171
83,SHISA6,Shisa6,phenotype-constrained,thresholdVoltageShift_mV,-0.6684062861243079,tau,0.4400366221815711,3.20518622043161e-171
83,SHISA6,Shisa6,phenotype-constrained,spikeKineticsMultiplier,1.048108191404641,tau,0.4400366221815711,3.20518622043161e-171
84,FMN1,Fmn1,phenotype-constrained,vRestShift_mV,-0.2839362514622796,threshold_i_long_square,0.3805217930134761,1.7823388282883614e-124
84,FMN1,Fmn1,phenotype-constrained,inputResistanceMultiplier,0.8969564450555731,threshold_i_long_square,0.3805217930134761,1.7823388282883614e-124
84,FMN1,Fmn1,phenotype-constrained,tauMultiplier,0.9373735157729362,threshold_i_long_square,0.3805217930134761,1.7823388282883614e-124
84,FMN1,Fmn1,phenotype-constrained,fiGainMultiplier,1.0829019322134332,threshold_i_long_square,0.3805217930134761,1.7823388282883614e-124
84,FMN1,Fmn1,phenotype-constrained,adaptationMultiplier,0.9239661564445361,threshold_i_long_square,0.3805217930134761,1.7823388282883614e-124
84,FMN1,Fmn1,phenotype-constrained,latencyMultiplier,1.0349222970996301,threshold_i_long_square,0.3805217930134761,1.7823388282883614e-124
84,FMN1,Fmn1,phenotype-constrained,sagMultiplier,0.9498457420631253,threshold_i_long_square,0.3805217930134761,1.7823388282883614e-124
84,FMN1,Fmn1,phenotype-constrained,thresholdCurrentMultiplier,1.1424586237047556,threshold_i_long_square,0.3805217930134761,1.7823388282883614e-124
84,FMN1,Fmn1,phenotype-constrained,thresholdVoltageShift_mV,0.3145626181526364,threshold_i_long_square,0.3805217930134761,1.7823388282883614e-124
84,FMN1,Fmn1,phenotype-constrained,spikeKineticsMultiplier,0.9068562630279683,threshold_i_long_square,0.3805217930134761,1.7823388282883614e-124
85,OSBPL3,Osbpl3,phenotype-constrained,vRestShift_mV,-0.5151826919786135,tau,-0.3800124362322258,1.7063590678932943e-124
85,OSBPL3,Osbpl3,phenotype-constrained,inputResistanceMultiplier,0.9234911023625464,tau,-0.3800124362322258,1.7063590678932943e-124
85,OSBPL3,Osbpl3,phenotype-constrained,tauMultiplier,0.8922546269904748,tau,-0.3800124362322258,1.7063590678932943e-124
85,OSBPL3,Osbpl3,phenotype-constrained,fiGainMultiplier,1.0541835814116551,tau,-0.3800124362322258,1.7063590678932943e-124
85,OSBPL3,Osbpl3,phenotype-constrained,adaptationMultiplier,0.9440476413507672,tau,-0.3800124362322258,1.7063590678932943e-124
85,OSBPL3,Osbpl3,phenotype-constrained,latencyMultiplier,0.947205031293584,tau,-0.3800124362322258,1.7063590678932943e-124
85,OSBPL3,Osbpl3,phenotype-constrained,sagMultiplier,0.933209219593198,tau,-0.3800124362322258,1.7063590678932943e-124
85,OSBPL3,Osbpl3,phenotype-constrained,thresholdCurrentMultiplier,1.0906363687761749,tau,-0.3800124362322258,1.7063590678932943e-124
85,OSBPL3,Osbpl3,phenotype-constrained,thresholdVoltageShift_mV,0.3378348583493634,tau,-0.3800124362322258,1.7063590678932943e-124
85,OSBPL3,Osbpl3,phenotype-constrained,spikeKineticsMultiplier,0.9765767427139395,tau,-0.3800124362322258,1.7063590678932943e-124
86,SORCS2,Sorcs2,phenotype-constrained,vRestShift_mV,0.5509926068821296,ri,0.352215614264952,1.1742893845092594e-105
86,SORCS2,Sorcs2,phenotype-constrained,inputResistanceMultiplier,1.1114491276506946,ri,0.352215614264952,1.1742893845092594e-105
86,SORCS2,Sorcs2,phenotype-constrained,tauMultiplier,1.086647646881371,ri,0.352215614264952,1.1742893845092594e-105
86,SORCS2,Sorcs2,phenotype-constrained,fiGainMultiplier,0.8938589446166504,ri,0.352215614264952,1.1742893845092594e-105
86,SORCS2,Sorcs2,phenotype-constrained,adaptationMultiplier,1.119157753006949,ri,0.352215614264952,1.1742893845092594e-105
86,SORCS2,Sorcs2,phenotype-constrained,latencyMultiplier,0.9646798658504614,ri,0.352215614264952,1.1742893845092594e-105
86,SORCS2,Sorcs2,phenotype-constrained,sagMultiplier,1.064318130085287,ri,0.352215614264952,1.1742893845092594e-105
86,SORCS2,Sorcs2,phenotype-constrained,thresholdCurrentMultiplier,0.8915180381866069,ri,0.352215614264952,1.1742893845092594e-105
86,SORCS2,Sorcs2,phenotype-constrained,thresholdVoltageShift_mV,-0.3516427301323032,ri,0.352215614264952,1.1742893845092594e-105
86,SORCS2,Sorcs2,phenotype-constrained,spikeKineticsMultiplier,1.1037497272547085,ri,0.352215614264952,1.1742893845092594e-105
87,PDE4B,Pde4b,phenotype-constrained,vRestShift_mV,0.5087221975968292,upstroke_downstroke_ratio_long_square,0.4338951208974184,3.3503230425881924e-166
87,PDE4B,Pde4b,phenotype-constrained,inputResistanceMultiplier,1.0696283039228969,upstroke_downstroke_ratio_long_square,0.4338951208974184,3.3503230425881924e-166
87,PDE4B,Pde4b,phenotype-constrained,tauMultiplier,1.030381851829974,upstroke_downstroke_ratio_long_square,0.4338951208974184,3.3503230425881924e-166
87,PDE4B,Pde4b,phenotype-constrained,fiGainMultiplier,0.8618277682000016,upstroke_downstroke_ratio_long_square,0.4338951208974184,3.3503230425881924e-166
87,PDE4B,Pde4b,phenotype-constrained,adaptationMultiplier,1.0756500834259946,upstroke_downstroke_ratio_long_square,0.4338951208974184,3.3503230425881924e-166
87,PDE4B,Pde4b,phenotype-constrained,latencyMultiplier,0.9633176628515518,upstroke_downstroke_ratio_long_square,0.4338951208974184,3.3503230425881924e-166
87,PDE4B,Pde4b,phenotype-constrained,sagMultiplier,1.015253361445747,upstroke_downstroke_ratio_long_square,0.4338951208974184,3.3503230425881924e-166
87,PDE4B,Pde4b,phenotype-constrained,thresholdCurrentMultiplier,0.9105860469512432,upstroke_downstroke_ratio_long_square,0.4338951208974184,3.3503230425881924e-166
87,PDE4B,Pde4b,phenotype-constrained,thresholdVoltageShift_mV,-0.0671899337972403,upstroke_downstroke_ratio_long_square,0.4338951208974184,3.3503230425881924e-166
87,PDE4B,Pde4b,phenotype-constrained,spikeKineticsMultiplier,1.1390203333864548,upstroke_downstroke_ratio_long_square,0.4338951208974184,3.3503230425881924e-166
88,SCN3B,Scn3b,conductance-aware,vRestShift_mV,0.4667710588597044,tau,0.3795425667348083,3.5933859097334133e-124
88,SCN3B,Scn3b,conductance-aware,inputResistanceMultiplier,1.0961107697274863,tau,0.3795425667348083,3.5933859097334133e-124
88,SCN3B,Scn3b,conductance-aware,tauMultiplier,1.120598334645523,tau,0.3795425667348083,3.5933859097334133e-124
88,SCN3B,Scn3b,conductance-aware,fiGainMultiplier,0.9138250001457318,tau,0.3795425667348083,3.5933859097334133e-124
88,SCN3B,Scn3b,conductance-aware,adaptationMultiplier,1.0785753763056056,tau,0.3795425667348083,3.5933859097334133e-124
88,SCN3B,Scn3b,conductance-aware,latencyMultiplier,1.0645388702673557,tau,0.3795425667348083,3.5933859097334133e-124
88,SCN3B,Scn3b,conductance-aware,sagMultiplier,1.0604005552674558,tau,0.3795425667348083,3.5933859097334133e-124
88,SCN3B,Scn3b,conductance-aware,thresholdCurrentMultiplier,0.8989341460350795,tau,0.3795425667348083,3.5933859097334133e-124
88,SCN3B,Scn3b,conductance-aware,thresholdVoltageShift_mV,-0.26897990188649246,tau,0.3795425667348083,3.5933859097334133e-124
88,SCN3B,Scn3b,conductance-aware,spikeKineticsMultiplier,1.064877656520034,tau,0.3795425667348083,3.5933859097334133e-124
89,CACNA1E,Cacna1e,conductance-aware,vRestShift_mV,0.3682505256709016,tau,0.3791715830442334,6.441326196173042e-124
89,CACNA1E,Cacna1e,conductance-aware,inputResistanceMultiplier,1.0801781507481185,tau,0.3791715830442334,6.441326196173042e-124
89,CACNA1E,Cacna1e,conductance-aware,tauMultiplier,1.1204736244737161,tau,0.3791715830442334,6.441326196173042e-124
89,CACNA1E,Cacna1e,conductance-aware,fiGainMultiplier,0.8736893608268267,tau,0.3791715830442334,6.441326196173042e-124
89,CACNA1E,Cacna1e,conductance-aware,adaptationMultiplier,1.0928083504689616,tau,0.3791715830442334,6.441326196173042e-124
89,CACNA1E,Cacna1e,conductance-aware,latencyMultiplier,1.0823756198889556,tau,0.3791715830442334,6.441326196173042e-124
89,CACNA1E,Cacna1e,conductance-aware,sagMultiplier,1.0731685266437885,tau,0.3791715830442334,6.441326196173042e-124
89,CACNA1E,Cacna1e,conductance-aware,thresholdCurrentMultiplier,0.909513984946487,tau,0.3791715830442334,6.441326196173042e-124
89,CACNA1E,Cacna1e,conductance-aware,thresholdVoltageShift_mV,-0.42403847653592913,tau,0.3791715830442334,6.441326196173042e-124
89,CACNA1E,Cacna1e,conductance-aware,spikeKineticsMultiplier,1.0511438736606193,tau,0.3791715830442334,6.441326196173042e-124
90,PRICKLE2,Prickle2,phenotype-constrained,vRestShift_mV,-0.2259647374618204,upstroke_downstroke_ratio_long_square,-0.4325292888038558,4.511083205011821e-165
90,PRICKLE2,Prickle2,phenotype-constrained,inputResistanceMultiplier,0.93790464764735,upstroke_downstroke_ratio_long_square,-0.4325292888038558,4.511083205011821e-165
90,PRICKLE2,Prickle2,phenotype-constrained,tauMultiplier,0.9776690831222137,upstroke_downstroke_ratio_long_square,-0.4325292888038558,4.511083205011821e-165
90,PRICKLE2,Prickle2,phenotype-constrained,fiGainMultiplier,1.1173279199090582,upstroke_downstroke_ratio_long_square,-0.4325292888038558,4.511083205011821e-165
90,PRICKLE2,Prickle2,phenotype-constrained,adaptationMultiplier,0.9442878762858705,upstroke_downstroke_ratio_long_square,-0.4325292888038558,4.511083205011821e-165
90,PRICKLE2,Prickle2,phenotype-constrained,latencyMultiplier,1.0400334059490333,upstroke_downstroke_ratio_long_square,-0.4325292888038558,4.511083205011821e-165
90,PRICKLE2,Prickle2,phenotype-constrained,sagMultiplier,0.9957977125576903,upstroke_downstroke_ratio_long_square,-0.4325292888038558,4.511083205011821e-165
90,PRICKLE2,Prickle2,phenotype-constrained,thresholdCurrentMultiplier,1.0926726136041065,upstroke_downstroke_ratio_long_square,-0.4325292888038558,4.511083205011821e-165
90,PRICKLE2,Prickle2,phenotype-constrained,thresholdVoltageShift_mV,0.284346903307449,upstroke_downstroke_ratio_long_square,-0.4325292888038558,4.511083205011821e-165
90,PRICKLE2,Prickle2,phenotype-constrained,spikeKineticsMultiplier,0.8783072648163942,upstroke_downstroke_ratio_long_square,-0.4325292888038558,4.511083205011821e-165
91,ADARB2,Adarb2,phenotype-constrained,vRestShift_mV,0.0388870220681964,upstroke_downstroke_ratio_long_square,0.6655244889157543,0.0
91,ADARB2,Adarb2,phenotype-constrained,inputResistanceMultiplier,1.0408776352537983,upstroke_downstroke_ratio_long_square,0.6655244889157543,0.0
91,ADARB2,Adarb2,phenotype-constrained,tauMultiplier,0.9614752903644826,upstroke_downstroke_ratio_long_square,0.6655244889157543,0.0
91,ADARB2,Adarb2,phenotype-constrained,fiGainMultiplier,0.868651788122933,upstroke_downstroke_ratio_long_square,0.6655244889157543,0.0
91,ADARB2,Adarb2,phenotype-constrained,adaptationMultiplier,1.043889401299515,upstroke_downstroke_ratio_long_square,0.6655244889157543,0.0
91,ADARB2,Adarb2,phenotype-constrained,latencyMultiplier,0.9467496358410874,upstroke_downstroke_ratio_long_square,0.6655244889157543,0.0
91,ADARB2,Adarb2,phenotype-constrained,sagMultiplier,1.0034967075582997,upstroke_downstroke_ratio_long_square,0.6655244889157543,0.0
91,ADARB2,Adarb2,phenotype-constrained,thresholdCurrentMultiplier,0.9393055517366646,upstroke_downstroke_ratio_long_square,0.6655244889157543,0.0
91,ADARB2,Adarb2,phenotype-constrained,thresholdVoltageShift_mV,0.0041185274004132,upstroke_downstroke_ratio_long_square,0.6655244889157543,0.0
91,ADARB2,Adarb2,phenotype-constrained,spikeKineticsMultiplier,1.2209843121386423,upstroke_downstroke_ratio_long_square,0.6655244889157543,0.0
92,PROX1,Prox1,phenotype-constrained,vRestShift_mV,-0.0473385929260016,upstroke_downstroke_ratio_long_square,0.660313511068533,0.0
92,PROX1,Prox1,phenotype-constrained,inputResistanceMultiplier,1.037326597562507,upstroke_downstroke_ratio_long_square,0.660313511068533,0.0
92,PROX1,Prox1,phenotype-constrained,tauMultiplier,0.9538034117865635,upstroke_downstroke_ratio_long_square,0.660313511068533,0.0
92,PROX1,Prox1,phenotype-constrained,fiGainMultiplier,0.8689637025081411,upstroke_downstroke_ratio_long_square,0.660313511068533,0.0
92,PROX1,Prox1,phenotype-constrained,adaptationMultiplier,1.0368200254524371,upstroke_downstroke_ratio_long_square,0.660313511068533,0.0
92,PROX1,Prox1,phenotype-constrained,latencyMultiplier,0.9389520692239861,upstroke_downstroke_ratio_long_square,0.660313511068533,0.0
92,PROX1,Prox1,phenotype-constrained,sagMultiplier,0.9897559230948729,upstroke_downstroke_ratio_long_square,0.660313511068533,0.0
92,PROX1,Prox1,phenotype-constrained,thresholdCurrentMultiplier,0.9377959819265194,upstroke_downstroke_ratio_long_square,0.660313511068533,0.0
92,PROX1,Prox1,phenotype-constrained,thresholdVoltageShift_mV,-0.0245585396741574,upstroke_downstroke_ratio_long_square,0.660313511068533,0.0
92,PROX1,Prox1,phenotype-constrained,spikeKineticsMultiplier,1.2190770466740755,upstroke_downstroke_ratio_long_square,0.660313511068533,0.0
93,NPAS1,Npas1,phenotype-constrained,vRestShift_mV,0.3051157800068184,tau,0.4271844290955588,2.4460110226644624e-160
93,NPAS1,Npas1,phenotype-constrained,inputResistanceMultiplier,1.117271417637067,tau,0.4271844290955588,2.4460110226644624e-160
93,NPAS1,Npas1,phenotype-constrained,tauMultiplier,1.1367295557415575,tau,0.4271844290955588,2.4460110226644624e-160
93,NPAS1,Npas1,phenotype-constrained,fiGainMultiplier,0.9039387462790776,tau,0.4271844290955588,2.4460110226644624e-160
93,NPAS1,Npas1,phenotype-constrained,adaptationMultiplier,1.1505976474734767,tau,0.4271844290955588,2.4460110226644624e-160
93,NPAS1,Npas1,phenotype-constrained,latencyMultiplier,1.001392348773836,tau,0.4271844290955588,2.4460110226644624e-160
93,NPAS1,Npas1,phenotype-constrained,sagMultiplier,1.1215484857957878,tau,0.4271844290955588,2.4460110226644624e-160
93,NPAS1,Npas1,phenotype-constrained,thresholdCurrentMultiplier,0.8790658819973342,tau,0.4271844290955588,2.4460110226644624e-160
93,NPAS1,Npas1,phenotype-constrained,thresholdVoltageShift_mV,-0.5693829321251074,tau,0.4271844290955588,2.4460110226644624e-160
93,NPAS1,Npas1,phenotype-constrained,spikeKineticsMultiplier,1.0570900856151038,tau,0.4271844290955588,2.4460110226644624e-160
94,CPLX2,Cplx2,phenotype-constrained,vRestShift_mV,0.5478572984306304,upstroke_downstroke_ratio_long_square,0.3742964462358537,1.00341881455456e-120
94,CPLX2,Cplx2,phenotype-constrained,inputResistanceMultiplier,1.0910329287397238,upstroke_downstroke_ratio_long_square,0.3742964462358537,1.00341881455456e-120
94,CPLX2,Cplx2,phenotype-constrained,tauMultiplier,1.0785829735198116,upstroke_downstroke_ratio_long_square,0.3742964462358537,1.00341881455456e-120
94,CPLX2,Cplx2,phenotype-constrained,fiGainMultiplier,0.8724177194363385,upstroke_downstroke_ratio_long_square,0.3742964462358537,1.00341881455456e-120
94,CPLX2,Cplx2,phenotype-constrained,adaptationMultiplier,1.1094608469894498,upstroke_downstroke_ratio_long_square,0.3742964462358537,1.00341881455456e-120
94,CPLX2,Cplx2,phenotype-constrained,latencyMultiplier,0.9836636121016428,upstroke_downstroke_ratio_long_square,0.3742964462358537,1.00341881455456e-120
94,CPLX2,Cplx2,phenotype-constrained,sagMultiplier,1.0704612074681932,upstroke_downstroke_ratio_long_square,0.3742964462358537,1.00341881455456e-120
94,CPLX2,Cplx2,phenotype-constrained,thresholdCurrentMultiplier,0.9022105531691039,upstroke_downstroke_ratio_long_square,0.3742964462358537,1.00341881455456e-120
94,CPLX2,Cplx2,phenotype-constrained,thresholdVoltageShift_mV,-0.4615925664481797,upstroke_downstroke_ratio_long_square,0.3742964462358537,1.00341881455456e-120
94,CPLX2,Cplx2,phenotype-constrained,spikeKineticsMultiplier,1.1188360835881412,upstroke_downstroke_ratio_long_square,0.3742964462358537,1.00341881455456e-120
95,CACNA2D1,Cacna2d1,conductance-aware,vRestShift_mV,-0.10748701568043,upstroke_downstroke_ratio_long_square,0.6150191178448696,0.0
95,CACNA2D1,Cacna2d1,conductance-aware,inputResistanceMultiplier,1.0037603426356527,upstroke_downstroke_ratio_long_square,0.6150191178448696,0.0
95,CACNA2D1,Cacna2d1,conductance-aware,tauMultiplier,0.9418777058127862,upstroke_downstroke_ratio_long_square,0.6150191178448696,0.0
95,CACNA2D1,Cacna2d1,conductance-aware,fiGainMultiplier,0.8723799321981273,upstroke_downstroke_ratio_long_square,0.6150191178448696,0.0
95,CACNA2D1,Cacna2d1,conductance-aware,adaptationMultiplier,1.002946222805507,upstroke_downstroke_ratio_long_square,0.6150191178448696,0.0
95,CACNA2D1,Cacna2d1,conductance-aware,latencyMultiplier,0.9775026910182635,upstroke_downstroke_ratio_long_square,0.6150191178448696,0.0
95,CACNA2D1,Cacna2d1,conductance-aware,sagMultiplier,0.9808307923233321,upstroke_downstroke_ratio_long_square,0.6150191178448696,0.0
95,CACNA2D1,Cacna2d1,conductance-aware,thresholdCurrentMultiplier,0.977827850474472,upstroke_downstroke_ratio_long_square,0.6150191178448696,0.0
95,CACNA2D1,Cacna2d1,conductance-aware,thresholdVoltageShift_mV,0.12198633889965449,upstroke_downstroke_ratio_long_square,0.6150191178448696,0.0
95,CACNA2D1,Cacna2d1,conductance-aware,spikeKineticsMultiplier,1.202623878738118,upstroke_downstroke_ratio_long_square,0.6150191178448696,0.0
96,PARM1,Parm1,phenotype-constrained,vRestShift_mV,-0.3504467262415176,tau,-0.3730458820161809,1.1410566621457813e-119
96,PARM1,Parm1,phenotype-constrained,inputResistanceMultiplier,0.9274470856850474,tau,-0.3730458820161809,1.1410566621457813e-119
96,PARM1,Parm1,phenotype-constrained,tauMultiplier,0.8941213590845756,tau,-0.3730458820161809,1.1410566621457813e-119
96,PARM1,Parm1,phenotype-constrained,fiGainMultiplier,1.0657115202250376,tau,-0.3730458820161809,1.1410566621457813e-119
96,PARM1,Parm1,phenotype-constrained,adaptationMultiplier,0.910633417336579,tau,-0.3730458820161809,1.1410566621457813e-119
96,PARM1,Parm1,phenotype-constrained,latencyMultiplier,0.9819783648352907,tau,-0.3730458820161809,1.1410566621457813e-119
96,PARM1,Parm1,phenotype-constrained,sagMultiplier,0.9005758105971683,tau,-0.3730458820161809,1.1410566621457813e-119
96,PARM1,Parm1,phenotype-constrained,thresholdCurrentMultiplier,1.0816918244650577,tau,-0.3730458820161809,1.1410566621457813e-119
96,PARM1,Parm1,phenotype-constrained,thresholdVoltageShift_mV,0.5813455655939418,tau,-0.3730458820161809,1.1410566621457813e-119
96,PARM1,Parm1,phenotype-constrained,spikeKineticsMultiplier,1.0217679452798267,tau,-0.3730458820161809,1.1410566621457813e-119
97,NXPH1,Nxph1,phenotype-constrained,vRestShift_mV,-0.2861362693225576,upstroke_downstroke_ratio_long_square,-0.4216708831783719,3.9501656211836654e-156
97,NXPH1,Nxph1,phenotype-constrained,inputResistanceMultiplier,0.9403362001452299,upstroke_downstroke_ratio_long_square,-0.4216708831783719,3.9501656211836654e-156
97,NXPH1,Nxph1,phenotype-constrained,tauMultiplier,1.0075365905432534,upstroke_downstroke_ratio_long_square,-0.4216708831783719,3.9501656211836654e-156
97,NXPH1,Nxph1,phenotype-constrained,fiGainMultiplier,1.0926080446613033,upstroke_downstroke_ratio_long_square,-0.4216708831783719,3.9501656211836654e-156
97,NXPH1,Nxph1,phenotype-constrained,adaptationMultiplier,0.927679876314067,upstroke_downstroke_ratio_long_square,-0.4216708831783719,3.9501656211836654e-156
97,NXPH1,Nxph1,phenotype-constrained,latencyMultiplier,1.1070997404981358,upstroke_downstroke_ratio_long_square,-0.4216708831783719,3.9501656211836654e-156
97,NXPH1,Nxph1,phenotype-constrained,sagMultiplier,0.9693037727742851,upstroke_downstroke_ratio_long_square,-0.4216708831783719,3.9501656211836654e-156
97,NXPH1,Nxph1,phenotype-constrained,thresholdCurrentMultiplier,1.090498562436395,upstroke_downstroke_ratio_long_square,-0.4216708831783719,3.9501656211836654e-156
97,NXPH1,Nxph1,phenotype-constrained,thresholdVoltageShift_mV,0.1812363008797572,upstroke_downstroke_ratio_long_square,-0.4216708831783719,3.9501656211836654e-156
97,NXPH1,Nxph1,phenotype-constrained,spikeKineticsMultiplier,0.8811730348998857,upstroke_downstroke_ratio_long_square,-0.4216708831783719,3.9501656211836654e-156
98,MCC,Mcc,phenotype-constrained,vRestShift_mV,0.402355865819628,tau,0.3729729044050329,1.2596352455259898e-119
98,MCC,Mcc,phenotype-constrained,inputResistanceMultiplier,1.0555067159062261,tau,0.3729729044050329,1.2596352455259898e-119
98,MCC,Mcc,phenotype-constrained,tauMultiplier,1.1183919238660343,tau,0.3729729044050329,1.2596352455259898e-119
98,MCC,Mcc,phenotype-constrained,fiGainMultiplier,0.9725131403020036,tau,0.3729729044050329,1.2596352455259898e-119
98,MCC,Mcc,phenotype-constrained,adaptationMultiplier,1.072219393893226,tau,0.3729729044050329,1.2596352455259898e-119
98,MCC,Mcc,phenotype-constrained,latencyMultiplier,1.0442331963274556,tau,0.3729729044050329,1.2596352455259898e-119
98,MCC,Mcc,phenotype-constrained,sagMultiplier,1.0891111064571062,tau,0.3729729044050329,1.2596352455259898e-119
98,MCC,Mcc,phenotype-constrained,thresholdCurrentMultiplier,0.9511770025749823,tau,0.3729729044050329,1.2596352455259898e-119
98,MCC,Mcc,phenotype-constrained,thresholdVoltageShift_mV,-0.40346613765248907,tau,0.3729729044050329,1.2596352455259898e-119
98,MCC,Mcc,phenotype-constrained,spikeKineticsMultiplier,0.950725107932671,tau,0.3729729044050329,1.2596352455259898e-119
99,VWC2,Vwc2,phenotype-constrained,vRestShift_mV,-0.1948151809720232,upstroke_downstroke_ratio_long_square,-0.3411576429043658,2.910866854301624e-99
99,VWC2,Vwc2,phenotype-constrained,inputResistanceMultiplier,0.940350629557462,upstroke_downstroke_ratio_long_square,-0.3411576429043658,2.910866854301624e-99
99,VWC2,Vwc2,phenotype-constrained,tauMultiplier,0.9446769243069232,upstroke_downstroke_ratio_long_square,-0.3411576429043658,2.910866854301624e-99
99,VWC2,Vwc2,phenotype-constrained,fiGainMultiplier,1.0933512054102925,upstroke_downstroke_ratio_long_square,-0.3411576429043658,2.910866854301624e-99
99,VWC2,Vwc2,phenotype-constrained,adaptationMultiplier,0.9605900635271534,upstroke_downstroke_ratio_long_square,-0.3411576429043658,2.910866854301624e-99
99,VWC2,Vwc2,phenotype-constrained,latencyMultiplier,0.9641001085738411,upstroke_downstroke_ratio_long_square,-0.3411576429043658,2.910866854301624e-99
99,VWC2,Vwc2,phenotype-constrained,sagMultiplier,0.9705465456842423,upstroke_downstroke_ratio_long_square,-0.3411576429043658,2.910866854301624e-99
99,VWC2,Vwc2,phenotype-constrained,thresholdCurrentMultiplier,1.0809092052338878,upstroke_downstroke_ratio_long_square,-0.3411576429043658,2.910866854301624e-99
99,VWC2,Vwc2,phenotype-constrained,thresholdVoltageShift_mV,0.3410235826962909,upstroke_downstroke_ratio_long_square,-0.3411576429043658,2.910866854301624e-99
99,VWC2,Vwc2,phenotype-constrained,spikeKineticsMultiplier,0.9027159903949494,upstroke_downstroke_ratio_long_square,-0.3411576429043658,2.910866854301624e-99
100,IL1RAPL1,Il1rapl1,phenotype-constrained,vRestShift_mV,-0.5488105324776824,ri,-0.3725251503151451,6.143280605106605e-119
100,IL1RAPL1,Il1rapl1,phenotype-constrained,inputResistanceMultiplier,0.8942610491963264,ri,-0.3725251503151451,6.143280605106605e-119
100,IL1RAPL1,Il1rapl1,phenotype-constrained,tauMultiplier,0.900332638368666,ri,-0.3725251503151451,6.143280605106605e-119
100,IL1RAPL1,Il1rapl1,phenotype-constrained,fiGainMultiplier,1.0715097524479342,ri,-0.3725251503151451,6.143280605106605e-119
100,IL1RAPL1,Il1rapl1,phenotype-constrained,adaptationMultiplier,0.9207440569541716,ri,-0.3725251503151451,6.143280605106605e-119
100,IL1RAPL1,Il1rapl1,phenotype-constrained,latencyMultiplier,0.9887824914521458,ri,-0.3725251503151451,6.143280605106605e-119
100,IL1RAPL1,Il1rapl1,phenotype-constrained,sagMultiplier,0.9197223255154852,ri,-0.3725251503151451,6.143280605106605e-119
100,IL1RAPL1,Il1rapl1,phenotype-constrained,thresholdCurrentMultiplier,1.1305438320842078,ri,-0.3725251503151451,6.143280605106605e-119
100,IL1RAPL1,Il1rapl1,phenotype-constrained,thresholdVoltageShift_mV,0.5306438697621708,ri,-0.3725251503151451,6.143280605106605e-119
100,IL1RAPL1,Il1rapl1,phenotype-constrained,spikeKineticsMultiplier,0.9199067805184997,ri,-0.3725251503151451,6.143280605106605e-119
101,MIAT,Miat,phenotype-constrained,vRestShift_mV,0.3645627916785208,avg_isi,0.3716802059437746,7.29517626094193e-118
101,MIAT,Miat,phenotype-constrained,inputResistanceMultiplier,1.0756104646198121,avg_isi,0.3716802059437746,7.29517626094193e-118
101,MIAT,Miat,phenotype-constrained,tauMultiplier,1.097221799000363,avg_isi,0.3716802059437746,7.29517626094193e-118
101,MIAT,Miat,phenotype-constrained,fiGainMultiplier,0.8703821621744741,avg_isi,0.3716802059437746,7.29517626094193e-118
101,MIAT,Miat,phenotype-constrained,adaptationMultiplier,1.0837150025224473,avg_isi,0.3716802059437746,7.29517626094193e-118
101,MIAT,Miat,phenotype-constrained,latencyMultiplier,1.0592835593251466,avg_isi,0.3716802059437746,7.29517626094193e-118
101,MIAT,Miat,phenotype-constrained,sagMultiplier,1.056972958709537,avg_isi,0.3716802059437746,7.29517626094193e-118
101,MIAT,Miat,phenotype-constrained,thresholdCurrentMultiplier,0.9112535239992978,avg_isi,0.3716802059437746,7.29517626094193e-118
101,MIAT,Miat,phenotype-constrained,thresholdVoltageShift_mV,-0.29614083634676824,avg_isi,0.3716802059437746,7.29517626094193e-118
101,MIAT,Miat,phenotype-constrained,spikeKineticsMultiplier,1.1127795809181114,avg_isi,0.3716802059437746,7.29517626094193e-118
102,NPAS3,Npas3,phenotype-constrained,vRestShift_mV,0.2585227962339208,adaptation,0.339009245392957,3.86087724432096e-97
102,NPAS3,Npas3,phenotype-constrained,inputResistanceMultiplier,1.100721286012279,adaptation,0.339009245392957,3.86087724432096e-97
102,NPAS3,Npas3,phenotype-constrained,tauMultiplier,1.096463324753801,adaptation,0.339009245392957,3.86087724432096e-97
102,NPAS3,Npas3,phenotype-constrained,fiGainMultiplier,0.950386328992737,adaptation,0.339009245392957,3.86087724432096e-97
102,NPAS3,Npas3,phenotype-constrained,adaptationMultiplier,1.1259794013358757,adaptation,0.339009245392957,3.86087724432096e-97
102,NPAS3,Npas3,phenotype-constrained,latencyMultiplier,0.9324798172422906,adaptation,0.339009245392957,3.86087724432096e-97
102,NPAS3,Npas3,phenotype-constrained,sagMultiplier,1.1111718973983435,adaptation,0.339009245392957,3.86087724432096e-97
102,NPAS3,Npas3,phenotype-constrained,thresholdCurrentMultiplier,0.9185906348497535,adaptation,0.339009245392957,3.86087724432096e-97
102,NPAS3,Npas3,phenotype-constrained,thresholdVoltageShift_mV,-0.4986365824494183,adaptation,0.339009245392957,3.86087724432096e-97
102,NPAS3,Npas3,phenotype-constrained,spikeKineticsMultiplier,1.027100184417654,adaptation,0.339009245392957,3.86087724432096e-97
103,PTPRE,Ptpre,phenotype-constrained,vRestShift_mV,-0.2567003381231296,tau,-0.3688490221805608,7.886445527818524e-117
103,PTPRE,Ptpre,phenotype-constrained,inputResistanceMultiplier,0.9339706184154392,tau,-0.3688490221805608,7.886445527818524e-117
103,PTPRE,Ptpre,phenotype-constrained,tauMultiplier,0.8952478186807568,tau,-0.3688490221805608,7.886445527818524e-117
103,PTPRE,Ptpre,phenotype-constrained,fiGainMultiplier,1.0892125642899062,tau,-0.3688490221805608,7.886445527818524e-117
103,PTPRE,Ptpre,phenotype-constrained,adaptationMultiplier,0.933512123732362,tau,-0.3688490221805608,7.886445527818524e-117
103,PTPRE,Ptpre,phenotype-constrained,latencyMultiplier,0.9098707623207715,tau,-0.3688490221805608,7.886445527818524e-117
103,PTPRE,Ptpre,phenotype-constrained,sagMultiplier,0.9132305984290757,tau,-0.3688490221805608,7.886445527818524e-117
103,PTPRE,Ptpre,phenotype-constrained,thresholdCurrentMultiplier,1.0753301439865455,tau,-0.3688490221805608,7.886445527818524e-117
103,PTPRE,Ptpre,phenotype-constrained,thresholdVoltageShift_mV,0.405084330500871,tau,-0.3688490221805608,7.886445527818524e-117
103,PTPRE,Ptpre,phenotype-constrained,spikeKineticsMultiplier,0.9474978693111582,tau,-0.3688490221805608,7.886445527818524e-117
104,GRM7,Grm7,phenotype-constrained,vRestShift_mV,0.4433140111488636,tau,0.4164116337244279,1.2379892664144936e-151
104,GRM7,Grm7,phenotype-constrained,inputResistanceMultiplier,1.127532319743209,tau,0.4164116337244279,1.2379892664144936e-151
104,GRM7,Grm7,phenotype-constrained,tauMultiplier,1.133061759328139,tau,0.4164116337244279,1.2379892664144936e-151
104,GRM7,Grm7,phenotype-constrained,fiGainMultiplier,0.949737390264745,tau,0.4164116337244279,1.2379892664144936e-151
104,GRM7,Grm7,phenotype-constrained,adaptationMultiplier,1.106249636132929,tau,0.4164116337244279,1.2379892664144936e-151
104,GRM7,Grm7,phenotype-constrained,latencyMultiplier,0.9839588790603899,tau,0.4164116337244279,1.2379892664144936e-151
104,GRM7,Grm7,phenotype-constrained,sagMultiplier,1.1032450453058371,tau,0.4164116337244279,1.2379892664144936e-151
104,GRM7,Grm7,phenotype-constrained,thresholdCurrentMultiplier,0.8713643538448382,tau,0.4164116337244279,1.2379892664144936e-151
104,GRM7,Grm7,phenotype-constrained,thresholdVoltageShift_mV,-0.5654224137983418,tau,0.4164116337244279,1.2379892664144936e-151
104,GRM7,Grm7,phenotype-constrained,spikeKineticsMultiplier,1.020645975188431,tau,0.4164116337244279,1.2379892664144936e-151
105,SCN1A,Scn1a,conductance-aware,vRestShift_mV,-0.560593525395128,upstroke_downstroke_ratio_long_square,-0.3677991698256233,2.6591664203626435e-116
105,SCN1A,Scn1a,conductance-aware,inputResistanceMultiplier,0.9021002962269375,upstroke_downstroke_ratio_long_square,-0.3677991698256233,2.6591664203626435e-116
105,SCN1A,Scn1a,conductance-aware,tauMultiplier,0.9088978675919422,upstroke_downstroke_ratio_long_square,-0.3677991698256233,2.6591664203626435e-116
105,SCN1A,Scn1a,conductance-aware,fiGainMultiplier,1.1318444259338811,upstroke_downstroke_ratio_long_square,-0.3677991698256233,2.6591664203626435e-116
105,SCN1A,Scn1a,conductance-aware,adaptationMultiplier,0.9075338003816034,upstroke_downstroke_ratio_long_square,-0.3677991698256233,2.6591664203626435e-116
105,SCN1A,Scn1a,conductance-aware,latencyMultiplier,0.9928691317340034,upstroke_downstroke_ratio_long_square,-0.3677991698256233,2.6591664203626435e-116
105,SCN1A,Scn1a,conductance-aware,sagMultiplier,0.9443862935737694,upstroke_downstroke_ratio_long_square,-0.3677991698256233,2.6591664203626435e-116
105,SCN1A,Scn1a,conductance-aware,thresholdCurrentMultiplier,1.128313710228209,upstroke_downstroke_ratio_long_square,-0.3677991698256233,2.6591664203626435e-116
105,SCN1A,Scn1a,conductance-aware,thresholdVoltageShift_mV,0.5160754760642223,upstroke_downstroke_ratio_long_square,-0.3677991698256233,2.6591664203626435e-116
105,SCN1A,Scn1a,conductance-aware,spikeKineticsMultiplier,0.8955298264976195,upstroke_downstroke_ratio_long_square,-0.3677991698256233,2.6591664203626435e-116
106,ERBB4,Erbb4,phenotype-constrained,vRestShift_mV,-0.7674311658089704,tau,-0.5556159695656971,7.341836954543195e-293
106,ERBB4,Erbb4,phenotype-constrained,inputResistanceMultiplier,0.8934305385195075,tau,-0.5556159695656971,7.341836954543195e-293
106,ERBB4,Erbb4,phenotype-constrained,tauMultiplier,0.8464663832229886,tau,-0.5556159695656971,7.341836954543195e-293
106,ERBB4,Erbb4,phenotype-constrained,fiGainMultiplier,1.1150993607818676,tau,-0.5556159695656971,7.341836954543195e-293
106,ERBB4,Erbb4,phenotype-constrained,adaptationMultiplier,0.8846331624558893,tau,-0.5556159695656971,7.341836954543195e-293
106,ERBB4,Erbb4,phenotype-constrained,latencyMultiplier,0.9320767179220253,tau,-0.5556159695656971,7.341836954543195e-293
106,ERBB4,Erbb4,phenotype-constrained,sagMultiplier,0.9004046819474206,tau,-0.5556159695656971,7.341836954543195e-293
106,ERBB4,Erbb4,phenotype-constrained,thresholdCurrentMultiplier,1.1338298204342525,tau,-0.5556159695656971,7.341836954543195e-293
106,ERBB4,Erbb4,phenotype-constrained,thresholdVoltageShift_mV,0.8293401528422826,tau,-0.5556159695656971,7.341836954543195e-293
106,ERBB4,Erbb4,phenotype-constrained,spikeKineticsMultiplier,0.9828237383456607,tau,-0.5556159695656971,7.341836954543195e-293
107,FSTL5,Fstl5,phenotype-constrained,vRestShift_mV,0.265344955802124,threshold_i_long_square,-0.3681660644582873,4.9718388800950033e-116
107,FSTL5,Fstl5,phenotype-constrained,inputResistanceMultiplier,1.1089099686151627,threshold_i_long_square,-0.3681660644582873,4.9718388800950033e-116
107,FSTL5,Fstl5,phenotype-constrained,tauMultiplier,1.1106657423992554,threshold_i_long_square,-0.3681660644582873,4.9718388800950033e-116
107,FSTL5,Fstl5,phenotype-constrained,fiGainMultiplier,0.9301827365366175,threshold_i_long_square,-0.3681660644582873,4.9718388800950033e-116
107,FSTL5,Fstl5,phenotype-constrained,adaptationMultiplier,1.1108111702113126,threshold_i_long_square,-0.3681660644582873,4.9718388800950033e-116
107,FSTL5,Fstl5,phenotype-constrained,latencyMultiplier,1.0027610029855791,threshold_i_long_square,-0.3681660644582873,4.9718388800950033e-116
107,FSTL5,Fstl5,phenotype-constrained,sagMultiplier,1.0952069214349636,threshold_i_long_square,-0.3681660644582873,4.9718388800950033e-116
107,FSTL5,Fstl5,phenotype-constrained,thresholdCurrentMultiplier,0.8790986809682325,threshold_i_long_square,-0.3681660644582873,4.9718388800950033e-116
107,FSTL5,Fstl5,phenotype-constrained,thresholdVoltageShift_mV,-0.34396128022393047,threshold_i_long_square,-0.3681660644582873,4.9718388800950033e-116
107,FSTL5,Fstl5,phenotype-constrained,spikeKineticsMultiplier,1.0489199719190934,threshold_i_long_square,-0.3681660644582873,4.9718388800950033e-116
108,NETO1,Neto1,phenotype-constrained,vRestShift_mV,0.2777404001776324,tau,0.4120113680614053,3.745067689689442e-148
108,NETO1,Neto1,phenotype-constrained,inputResistanceMultiplier,1.0537907355549936,tau,0.4120113680614053,3.745067689689442e-148
108,NETO1,Neto1,phenotype-constrained,tauMultiplier,1.1315670143103818,tau,0.4120113680614053,3.745067689689442e-148
108,NETO1,Neto1,phenotype-constrained,fiGainMultiplier,1.0103741801177992,tau,0.4120113680614053,3.745067689689442e-148
108,NETO1,Neto1,phenotype-constrained,adaptationMultiplier,1.0624735672326193,tau,0.4120113680614053,3.745067689689442e-148
108,NETO1,Neto1,phenotype-constrained,latencyMultiplier,1.070857267394336,tau,0.4120113680614053,3.745067689689442e-148
108,NETO1,Neto1,phenotype-constrained,sagMultiplier,1.0855773136871758,tau,0.4120113680614053,3.745067689689442e-148
108,NETO1,Neto1,phenotype-constrained,thresholdCurrentMultiplier,0.9585244673725777,tau,0.4120113680614053,3.745067689689442e-148
108,NETO1,Neto1,phenotype-constrained,thresholdVoltageShift_mV,-0.4411785452069481,tau,0.4120113680614053,3.745067689689442e-148
108,NETO1,Neto1,phenotype-constrained,spikeKineticsMultiplier,0.9302762176837952,tau,0.4120113680614053,3.745067689689442e-148
109,LUZP2,Luzp2,phenotype-constrained,vRestShift_mV,-0.2546711601286648,ri,-0.3349530150202873,4.361135922913521e-95
109,LUZP2,Luzp2,phenotype-constrained,inputResistanceMultiplier,0.9043978602574616,ri,-0.3349530150202873,4.361135922913521e-95
109,LUZP2,Luzp2,phenotype-constrained,tauMultiplier,0.9373780637123971,ri,-0.3349530150202873,4.361135922913521e-95
109,LUZP2,Luzp2,phenotype-constrained,fiGainMultiplier,1.0775080458221211,ri,-0.3349530150202873,4.361135922913521e-95
109,LUZP2,Luzp2,phenotype-constrained,adaptationMultiplier,0.9408798541536372,ri,-0.3349530150202873,4.361135922913521e-95
109,LUZP2,Luzp2,phenotype-constrained,latencyMultiplier,1.0409915839885868,ri,-0.3349530150202873,4.361135922913521e-95
109,LUZP2,Luzp2,phenotype-constrained,sagMultiplier,0.9606134350106811,ri,-0.3349530150202873,4.361135922913521e-95
109,LUZP2,Luzp2,phenotype-constrained,thresholdCurrentMultiplier,1.1217915663492648,ri,-0.3349530150202873,4.361135922913521e-95
109,LUZP2,Luzp2,phenotype-constrained,thresholdVoltageShift_mV,0.2533221549890913,ri,-0.3349530150202873,4.361135922913521e-95
109,LUZP2,Luzp2,phenotype-constrained,spikeKineticsMultiplier,0.9278107720238871,ri,-0.3349530150202873,4.361135922913521e-95
110,PITPNC1,Pitpnc1,phenotype-constrained,vRestShift_mV,0.6117951267944184,tau,0.4108916874775438,2.683322422575176e-147
110,PITPNC1,Pitpnc1,phenotype-constrained,inputResistanceMultiplier,1.0755717437192993,tau,0.4108916874775438,2.683322422575176e-147
110,PITPNC1,Pitpnc1,phenotype-constrained,tauMultiplier,1.131186980056923,tau,0.4108916874775438,2.683322422575176e-147
110,PITPNC1,Pitpnc1,phenotype-constrained,fiGainMultiplier,0.9858029209518256,tau,0.4108916874775438,2.683322422575176e-147
110,PITPNC1,Pitpnc1,phenotype-constrained,adaptationMultiplier,1.086497642092606,tau,0.4108916874775438,2.683322422575176e-147
110,PITPNC1,Pitpnc1,phenotype-constrained,latencyMultiplier,1.0418344079543125,tau,0.4108916874775438,2.683322422575176e-147
110,PITPNC1,Pitpnc1,phenotype-constrained,sagMultiplier,1.0706954826602801,tau,0.4108916874775438,2.683322422575176e-147
110,PITPNC1,Pitpnc1,phenotype-constrained,thresholdCurrentMultiplier,0.9390346823664948,tau,0.4108916874775438,2.683322422575176e-147
110,PITPNC1,Pitpnc1,phenotype-constrained,thresholdVoltageShift_mV,-0.40472438597812377,tau,0.4108916874775438,2.683322422575176e-147
110,PITPNC1,Pitpnc1,phenotype-constrained,spikeKineticsMultiplier,0.9366486790772007,tau,0.4108916874775438,2.683322422575176e-147
111,COL19A1,Col19a1,phenotype-constrained,vRestShift_mV,-0.0986086107936532,upstroke_downstroke_ratio_long_square,-0.365568778749281,8.178289668326696e-115
111,COL19A1,Col19a1,phenotype-constrained,inputResistanceMultiplier,0.9649882202779142,upstroke_downstroke_ratio_long_square,-0.365568778749281,8.178289668326696e-115
111,COL19A1,Col19a1,phenotype-constrained,tauMultiplier,1.0106924893049742,upstroke_downstroke_ratio_long_square,-0.365568778749281,8.178289668326696e-115
111,COL19A1,Col19a1,phenotype-constrained,fiGainMultiplier,1.1262225102849412,upstroke_downstroke_ratio_long_square,-0.365568778749281,8.178289668326696e-115
111,COL19A1,Col19a1,phenotype-constrained,adaptationMultiplier,0.9499425590292753,upstroke_downstroke_ratio_long_square,-0.365568778749281,8.178289668326696e-115
111,COL19A1,Col19a1,phenotype-constrained,latencyMultiplier,1.0714731828694406,upstroke_downstroke_ratio_long_square,-0.365568778749281,8.178289668326696e-115
111,COL19A1,Col19a1,phenotype-constrained,sagMultiplier,1.023308942941365,upstroke_downstroke_ratio_long_square,-0.365568778749281,8.178289668326696e-115
111,COL19A1,Col19a1,phenotype-constrained,thresholdCurrentMultiplier,1.0784497952170586,upstroke_downstroke_ratio_long_square,-0.365568778749281,8.178289668326696e-115
111,COL19A1,Col19a1,phenotype-constrained,thresholdVoltageShift_mV,0.2458188479497809,upstroke_downstroke_ratio_long_square,-0.365568778749281,8.178289668326696e-115
111,COL19A1,Col19a1,phenotype-constrained,spikeKineticsMultiplier,0.8961292415348335,upstroke_downstroke_ratio_long_square,-0.365568778749281,8.178289668326696e-115
112,NRXN3,Nrxn3,phenotype-constrained,vRestShift_mV,0.507661667673716,tau,0.408175686604708,3.459112159235447e-145
112,NRXN3,Nrxn3,phenotype-constrained,inputResistanceMultiplier,1.1198957618894432,tau,0.408175686604708,3.459112159235447e-145
112,NRXN3,Nrxn3,phenotype-constrained,tauMultiplier,1.1302656640046225,tau,0.408175686604708,3.459112159235447e-145
112,NRXN3,Nrxn3,phenotype-constrained,fiGainMultiplier,0.9544612115017567,tau,0.408175686604708,3.459112159235447e-145
112,NRXN3,Nrxn3,phenotype-constrained,adaptationMultiplier,1.1357533168695275,tau,0.408175686604708,3.459112159235447e-145
112,NRXN3,Nrxn3,phenotype-constrained,latencyMultiplier,0.9871479561510074,tau,0.408175686604708,3.459112159235447e-145
112,NRXN3,Nrxn3,phenotype-constrained,sagMultiplier,1.0911682458467395,tau,0.408175686604708,3.459112159235447e-145
112,NRXN3,Nrxn3,phenotype-constrained,thresholdCurrentMultiplier,0.8891358099670965,tau,0.408175686604708,3.459112159235447e-145
112,NRXN3,Nrxn3,phenotype-constrained,thresholdVoltageShift_mV,-0.47331133908740336,tau,0.408175686604708,3.459112159235447e-145
112,NRXN3,Nrxn3,phenotype-constrained,spikeKineticsMultiplier,0.9963361566390203,tau,0.408175686604708,3.459112159235447e-145
113,OPCML,Opcml,phenotype-constrained,vRestShift_mV,0.1591727463699428,upstroke_downstroke_ratio_long_square,-0.3303114933061309,9.21401481023475e-93
113,OPCML,Opcml,phenotype-constrained,inputResistanceMultiplier,0.981657658751199,upstroke_downstroke_ratio_long_square,-0.3303114933061309,9.21401481023475e-93
113,OPCML,Opcml,phenotype-constrained,tauMultiplier,1.0248734110889755,upstroke_downstroke_ratio_long_square,-0.3303114933061309,9.21401481023475e-93
113,OPCML,Opcml,phenotype-constrained,fiGainMultiplier,1.1101604897214525,upstroke_downstroke_ratio_long_square,-0.3303114933061309,9.21401481023475e-93
113,OPCML,Opcml,phenotype-constrained,adaptationMultiplier,0.9446533878932638,upstroke_downstroke_ratio_long_square,-0.3303114933061309,9.21401481023475e-93
113,OPCML,Opcml,phenotype-constrained,latencyMultiplier,1.0673117593886505,upstroke_downstroke_ratio_long_square,-0.3303114933061309,9.21401481023475e-93
113,OPCML,Opcml,phenotype-constrained,sagMultiplier,0.9815317162278433,upstroke_downstroke_ratio_long_square,-0.3303114933061309,9.21401481023475e-93
113,OPCML,Opcml,phenotype-constrained,thresholdCurrentMultiplier,1.021546150439517,upstroke_downstroke_ratio_long_square,-0.3303114933061309,9.21401481023475e-93
113,OPCML,Opcml,phenotype-constrained,thresholdVoltageShift_mV,0.3220027754781306,upstroke_downstroke_ratio_long_square,-0.3303114933061309,9.21401481023475e-93
113,OPCML,Opcml,phenotype-constrained,spikeKineticsMultiplier,0.9056580721409488,upstroke_downstroke_ratio_long_square,-0.3303114933061309,9.21401481023475e-93
114,PDZRN3,Pdzrn3,phenotype-constrained,vRestShift_mV,-0.2700674947499576,tau,-0.3304169164108799,1.3407838186197834e-92
114,PDZRN3,Pdzrn3,phenotype-constrained,inputResistanceMultiplier,0.9098708783540577,tau,-0.3304169164108799,1.3407838186197834e-92
114,PDZRN3,Pdzrn3,phenotype-constrained,tauMultiplier,0.9056294294081503,tau,-0.3304169164108799,1.3407838186197834e-92
114,PDZRN3,Pdzrn3,phenotype-constrained,fiGainMultiplier,1.0939654628254094,tau,-0.3304169164108799,1.3407838186197834e-92
114,PDZRN3,Pdzrn3,phenotype-constrained,adaptationMultiplier,0.9239053640293277,tau,-0.3304169164108799,1.3407838186197834e-92
114,PDZRN3,Pdzrn3,phenotype-constrained,latencyMultiplier,0.9677847745361244,tau,-0.3304169164108799,1.3407838186197834e-92
114,PDZRN3,Pdzrn3,phenotype-constrained,sagMultiplier,0.9407262427768331,tau,-0.3304169164108799,1.3407838186197834e-92
114,PDZRN3,Pdzrn3,phenotype-constrained,thresholdCurrentMultiplier,1.111339539373938,tau,-0.3304169164108799,1.3407838186197834e-92
114,PDZRN3,Pdzrn3,phenotype-constrained,thresholdVoltageShift_mV,0.5199329551375983,tau,-0.3304169164108799,1.3407838186197834e-92
114,PDZRN3,Pdzrn3,phenotype-constrained,spikeKineticsMultiplier,0.9431819052209783,tau,-0.3304169164108799,1.3407838186197834e-92
115,OSBPL1A,Osbpl1a,phenotype-constrained,vRestShift_mV,-0.2804395962563092,upstroke_downstroke_ratio_long_square,-0.3301963900288533,1.0692749692160163e-92
115,OSBPL1A,Osbpl1a,phenotype-constrained,inputResistanceMultiplier,0.9248935291546448,upstroke_downstroke_ratio_long_square,-0.3301963900288533,1.0692749692160163e-92
115,OSBPL1A,Osbpl1a,phenotype-constrained,tauMultiplier,0.9450769376439057,upstroke_downstroke_ratio_long_square,-0.3301963900288533,1.0692749692160163e-92
115,OSBPL1A,Osbpl1a,phenotype-constrained,fiGainMultiplier,1.0890079809827122,upstroke_downstroke_ratio_long_square,-0.3301963900288533,1.0692749692160163e-92
115,OSBPL1A,Osbpl1a,phenotype-constrained,adaptationMultiplier,0.9500386628998476,upstroke_downstroke_ratio_long_square,-0.3301963900288533,1.0692749692160163e-92
115,OSBPL1A,Osbpl1a,phenotype-constrained,latencyMultiplier,0.9855306939029777,upstroke_downstroke_ratio_long_square,-0.3301963900288533,1.0692749692160163e-92
115,OSBPL1A,Osbpl1a,phenotype-constrained,sagMultiplier,0.9711829534718748,upstroke_downstroke_ratio_long_square,-0.3301963900288533,1.0692749692160163e-92
115,OSBPL1A,Osbpl1a,phenotype-constrained,thresholdCurrentMultiplier,1.10280866717905,upstroke_downstroke_ratio_long_square,-0.3301963900288533,1.0692749692160163e-92
115,OSBPL1A,Osbpl1a,phenotype-constrained,thresholdVoltageShift_mV,0.22629437813990433,upstroke_downstroke_ratio_long_square,-0.3301963900288533,1.0692749692160163e-92
115,OSBPL1A,Osbpl1a,phenotype-constrained,spikeKineticsMultiplier,0.9056893459445622,upstroke_downstroke_ratio_long_square,-0.3301963900288533,1.0692749692160163e-92
116,TIMP2,Timp2,phenotype-constrained,vRestShift_mV,0.4652529586547788,tau,0.4079749042733526,4.694742347895695e-145
116,TIMP2,Timp2,phenotype-constrained,inputResistanceMultiplier,1.1244628909252061,tau,0.4079749042733526,4.694742347895695e-145
116,TIMP2,Timp2,phenotype-constrained,tauMultiplier,1.1301975848424861,tau,0.4079749042733526,4.694742347895695e-145
116,TIMP2,Timp2,phenotype-constrained,fiGainMultiplier,0.9225328938629594,tau,0.4079749042733526,4.694742347895695e-145
116,TIMP2,Timp2,phenotype-constrained,adaptationMultiplier,1.1113171028190147,tau,0.4079749042733526,4.694742347895695e-145
116,TIMP2,Timp2,phenotype-constrained,latencyMultiplier,0.9990538888265789,tau,0.4079749042733526,4.694742347895695e-145
116,TIMP2,Timp2,phenotype-constrained,sagMultiplier,1.0928085134252374,tau,0.4079749042733526,4.694742347895695e-145
116,TIMP2,Timp2,phenotype-constrained,thresholdCurrentMultiplier,0.8856678527365541,tau,0.4079749042733526,4.694742347895695e-145
116,TIMP2,Timp2,phenotype-constrained,thresholdVoltageShift_mV,-0.3659606956562244,tau,0.4079749042733526,4.694742347895695e-145
116,TIMP2,Timp2,phenotype-constrained,spikeKineticsMultiplier,1.0407155978343148,tau,0.4079749042733526,4.694742347895695e-145
117,SEZ6,Sez6,phenotype-constrained,vRestShift_mV,0.015275153001026,upstroke_downstroke_ratio_long_square,0.534233071473291,6.170469713341401e-267
117,SEZ6,Sez6,phenotype-constrained,inputResistanceMultiplier,1.0109424944052188,upstroke_downstroke_ratio_long_square,0.534233071473291,6.170469713341401e-267
117,SEZ6,Sez6,phenotype-constrained,tauMultiplier,0.937751625405624,upstroke_downstroke_ratio_long_square,0.534233071473291,6.170469713341401e-267
117,SEZ6,Sez6,phenotype-constrained,fiGainMultiplier,0.9091740351308301,upstroke_downstroke_ratio_long_square,0.534233071473291,6.170469713341401e-267
117,SEZ6,Sez6,phenotype-constrained,adaptationMultiplier,1.0096940639524,upstroke_downstroke_ratio_long_square,0.534233071473291,6.170469713341401e-267
117,SEZ6,Sez6,phenotype-constrained,latencyMultiplier,0.9481743371462336,upstroke_downstroke_ratio_long_square,0.534233071473291,6.170469713341401e-267
117,SEZ6,Sez6,phenotype-constrained,sagMultiplier,0.9756715051825988,upstroke_downstroke_ratio_long_square,0.534233071473291,6.170469713341401e-267
117,SEZ6,Sez6,phenotype-constrained,thresholdCurrentMultiplier,0.9638008989811003,upstroke_downstroke_ratio_long_square,0.534233071473291,6.170469713341401e-267
117,SEZ6,Sez6,phenotype-constrained,thresholdVoltageShift_mV,0.150109732027326,upstroke_downstroke_ratio_long_square,0.534233071473291,6.170469713341401e-267
117,SEZ6,Sez6,phenotype-constrained,spikeKineticsMultiplier,1.1738276694917267,upstroke_downstroke_ratio_long_square,0.534233071473291,6.170469713341401e-267
118,NDST3,Ndst3,phenotype-constrained,vRestShift_mV,-0.6672667491651012,threshold_i_long_square,0.3641590564790435,2.2891856396702848e-113
118,NDST3,Ndst3,phenotype-constrained,inputResistanceMultiplier,0.9014509832104336,threshold_i_long_square,0.3641590564790435,2.2891856396702848e-113
118,NDST3,Ndst3,phenotype-constrained,tauMultiplier,0.922227287081342,threshold_i_long_square,0.3641590564790435,2.2891856396702848e-113
118,NDST3,Ndst3,phenotype-constrained,fiGainMultiplier,1.0924608142763588,threshold_i_long_square,0.3641590564790435,2.2891856396702848e-113
118,NDST3,Ndst3,phenotype-constrained,adaptationMultiplier,0.9053240125398268,threshold_i_long_square,0.3641590564790435,2.2891856396702848e-113
118,NDST3,Ndst3,phenotype-constrained,latencyMultiplier,1.0781775191772462,threshold_i_long_square,0.3641590564790435,2.2891856396702848e-113
118,NDST3,Ndst3,phenotype-constrained,sagMultiplier,0.9291358989327692,threshold_i_long_square,0.3641590564790435,2.2891856396702848e-113
118,NDST3,Ndst3,phenotype-constrained,thresholdCurrentMultiplier,1.135934510884209,threshold_i_long_square,0.3641590564790435,2.2891856396702848e-113
118,NDST3,Ndst3,phenotype-constrained,thresholdVoltageShift_mV,0.4851717324904995,threshold_i_long_square,0.3641590564790435,2.2891856396702848e-113
118,NDST3,Ndst3,phenotype-constrained,spikeKineticsMultiplier,0.9450887273172363,threshold_i_long_square,0.3641590564790435,2.2891856396702848e-113
119,MEF2C,Mef2c,phenotype-constrained,vRestShift_mV,-0.5690760756033548,tau,-0.3300469544558959,2.1877823972121272e-92
119,MEF2C,Mef2c,phenotype-constrained,inputResistanceMultiplier,0.9132197908110963,tau,-0.3300469544558959,2.1877823972121272e-92
119,MEF2C,Mef2c,phenotype-constrained,tauMultiplier,0.9057299495165979,tau,-0.3300469544558959,2.1877823972121272e-92
119,MEF2C,Mef2c,phenotype-constrained,fiGainMultiplier,1.1331022373523134,tau,-0.3300469544558959,2.1877823972121272e-92
119,MEF2C,Mef2c,phenotype-constrained,adaptationMultiplier,0.9150037772137671,tau,-0.3300469544558959,2.1877823972121272e-92
119,MEF2C,Mef2c,phenotype-constrained,latencyMultiplier,0.9740525263764884,tau,-0.3300469544558959,2.1877823972121272e-92
119,MEF2C,Mef2c,phenotype-constrained,sagMultiplier,0.9761641720651915,tau,-0.3300469544558959,2.1877823972121272e-92
119,MEF2C,Mef2c,phenotype-constrained,thresholdCurrentMultiplier,1.1194239143111777,tau,-0.3300469544558959,2.1877823972121272e-92
119,MEF2C,Mef2c,phenotype-constrained,thresholdVoltageShift_mV,0.43605029119194,tau,-0.3300469544558959,2.1877823972121272e-92
119,MEF2C,Mef2c,phenotype-constrained,spikeKineticsMultiplier,0.9117314519312371,tau,-0.3300469544558959,2.1877823972121272e-92
120,TSHZ3,Tshz3,phenotype-constrained,vRestShift_mV,-0.0361456979589984,upstroke_downstroke_ratio_long_square,-0.5270099820807524,1.6193759918510928e-258
120,TSHZ3,Tshz3,phenotype-constrained,inputResistanceMultiplier,0.9874841164881926,upstroke_downstroke_ratio_long_square,-0.5270099820807524,1.6193759918510928e-258
120,TSHZ3,Tshz3,phenotype-constrained,tauMultiplier,1.0453496401277171,upstroke_downstroke_ratio_long_square,-0.5270099820807524,1.6193759918510928e-258
120,TSHZ3,Tshz3,phenotype-constrained,fiGainMultiplier,1.11592777665725,upstroke_downstroke_ratio_long_square,-0.5270099820807524,1.6193759918510928e-258
120,TSHZ3,Tshz3,phenotype-constrained,adaptationMultiplier,0.9955767924228143,upstroke_downstroke_ratio_long_square,-0.5270099820807524,1.6193759918510928e-258
120,TSHZ3,Tshz3,phenotype-constrained,latencyMultiplier,1.028105047056709,upstroke_downstroke_ratio_long_square,-0.5270099820807524,1.6193759918510928e-258
120,TSHZ3,Tshz3,phenotype-constrained,sagMultiplier,1.0454461700201039,upstroke_downstroke_ratio_long_square,-0.5270099820807524,1.6193759918510928e-258
120,TSHZ3,Tshz3,phenotype-constrained,thresholdCurrentMultiplier,1.0377980361660348,upstroke_downstroke_ratio_long_square,-0.5270099820807524,1.6193759918510928e-258
120,TSHZ3,Tshz3,phenotype-constrained,thresholdVoltageShift_mV,-0.0293255750948226,upstroke_downstroke_ratio_long_square,-0.5270099820807524,1.6193759918510928e-258
120,TSHZ3,Tshz3,phenotype-constrained,spikeKineticsMultiplier,0.8537618445596605,upstroke_downstroke_ratio_long_square,-0.5270099820807524,1.6193759918510928e-258
121,FGF12,Fgf12,phenotype-constrained,vRestShift_mV,-0.0032528421162832,upstroke_downstroke_ratio_long_square,-0.5144820979527358,2.3683535905427886e-244
121,FGF12,Fgf12,phenotype-constrained,inputResistanceMultiplier,0.9874989731574321,upstroke_downstroke_ratio_long_square,-0.5144820979527358,2.3683535905427886e-244
121,FGF12,Fgf12,phenotype-constrained,tauMultiplier,1.017543666507979,upstroke_downstroke_ratio_long_square,-0.5144820979527358,2.3683535905427886e-244
121,FGF12,Fgf12,phenotype-constrained,fiGainMultiplier,1.161359170368908,upstroke_downstroke_ratio_long_square,-0.5144820979527358,2.3683535905427886e-244
121,FGF12,Fgf12,phenotype-constrained,adaptationMultiplier,0.9735000520163681,upstroke_downstroke_ratio_long_square,-0.5144820979527358,2.3683535905427886e-244
121,FGF12,Fgf12,phenotype-constrained,latencyMultiplier,0.9755691830950453,upstroke_downstroke_ratio_long_square,-0.5144820979527358,2.3683535905427886e-244
121,FGF12,Fgf12,phenotype-constrained,sagMultiplier,1.0109284477329512,upstroke_downstroke_ratio_long_square,-0.5144820979527358,2.3683535905427886e-244
121,FGF12,Fgf12,phenotype-constrained,thresholdCurrentMultiplier,1.0314045138751904,upstroke_downstroke_ratio_long_square,-0.5144820979527358,2.3683535905427886e-244
121,FGF12,Fgf12,phenotype-constrained,thresholdVoltageShift_mV,0.2154031368015336,upstroke_downstroke_ratio_long_square,-0.5144820979527358,2.3683535905427886e-244
121,FGF12,Fgf12,phenotype-constrained,spikeKineticsMultiplier,0.8569766307843748,upstroke_downstroke_ratio_long_square,-0.5144820979527358,2.3683535905427886e-244
122,KCNMA1,Kcnma1,conductance-aware,vRestShift_mV,-0.194618112130322,upstroke_downstroke_ratio_long_square,-0.5107688611986677,2.7120144586980223e-240
122,KCNMA1,Kcnma1,conductance-aware,inputResistanceMultiplier,0.9649001637814965,upstroke_downstroke_ratio_long_square,-0.5107688611986677,2.7120144586980223e-240
122,KCNMA1,Kcnma1,conductance-aware,tauMultiplier,1.0045092325594518,upstroke_downstroke_ratio_long_square,-0.5107688611986677,2.7120144586980223e-240
122,KCNMA1,Kcnma1,conductance-aware,fiGainMultiplier,1.1373099025349067,upstroke_downstroke_ratio_long_square,-0.5107688611986677,2.7120144586980223e-240
122,KCNMA1,Kcnma1,conductance-aware,adaptationMultiplier,0.9506116500918732,upstroke_downstroke_ratio_long_square,-0.5107688611986677,2.7120144586980223e-240
122,KCNMA1,Kcnma1,conductance-aware,latencyMultiplier,1.0128498361236586,upstroke_downstroke_ratio_long_square,-0.5107688611986677,2.7120144586980223e-240
122,KCNMA1,Kcnma1,conductance-aware,sagMultiplier,0.99653464854709,upstroke_downstroke_ratio_long_square,-0.5107688611986677,2.7120144586980223e-240
122,KCNMA1,Kcnma1,conductance-aware,thresholdCurrentMultiplier,1.0593791451520247,upstroke_downstroke_ratio_long_square,-0.5107688611986677,2.7120144586980223e-240
122,KCNMA1,Kcnma1,conductance-aware,thresholdVoltageShift_mV,0.10796887914898351,upstroke_downstroke_ratio_long_square,-0.5107688611986677,2.7120144586980223e-240
122,KCNMA1,Kcnma1,conductance-aware,spikeKineticsMultiplier,0.8579318098433389,upstroke_downstroke_ratio_long_square,-0.5107688611986677,2.7120144586980223e-240
123,PENK,Penk,phenotype-constrained,vRestShift_mV,0.1637933179623092,threshold_i_short_square,-0.360482849910655,2.4218474271148706e-110
123,PENK,Penk,phenotype-constrained,inputResistanceMultiplier,1.0654342973259399,threshold_i_short_square,-0.360482849910655,2.4218474271148706e-110
123,PENK,Penk,phenotype-constrained,tauMultiplier,1.014053115102361,threshold_i_short_square,-0.360482849910655,2.4218474271148706e-110
123,PENK,Penk,phenotype-constrained,fiGainMultiplier,0.8863567939942075,threshold_i_short_square,-0.360482849910655,2.4218474271148706e-110
123,PENK,Penk,phenotype-constrained,adaptationMultiplier,1.0775954747944538,threshold_i_short_square,-0.360482849910655,2.4218474271148706e-110
123,PENK,Penk,phenotype-constrained,latencyMultiplier,0.9387196216822954,threshold_i_short_square,-0.360482849910655,2.4218474271148706e-110
123,PENK,Penk,phenotype-constrained,sagMultiplier,1.0295458932492478,threshold_i_short_square,-0.360482849910655,2.4218474271148706e-110
123,PENK,Penk,phenotype-constrained,thresholdCurrentMultiplier,0.8970147564455393,threshold_i_short_square,-0.360482849910655,2.4218474271148706e-110
123,PENK,Penk,phenotype-constrained,thresholdVoltageShift_mV,-0.1328547683798364,threshold_i_short_square,-0.360482849910655,2.4218474271148706e-110
123,PENK,Penk,phenotype-constrained,spikeKineticsMultiplier,1.0802333960411843,threshold_i_short_square,-0.360482849910655,2.4218474271148706e-110
124,GRIA4,Gria4,phenotype-constrained,vRestShift_mV,-0.3133943110617164,upstroke_downstroke_ratio_long_square,-0.3576177358003788,1.3376156804366466e-109
124,GRIA4,Gria4,phenotype-constrained,inputResistanceMultiplier,0.9318697394882455,upstroke_downstroke_ratio_long_square,-0.3576177358003788,1.3376156804366466e-109
124,GRIA4,Gria4,phenotype-constrained,tauMultiplier,0.9481518272200462,upstroke_downstroke_ratio_long_square,-0.3576177358003788,1.3376156804366466e-109
124,GRIA4,Gria4,phenotype-constrained,fiGainMultiplier,1.1216944483997773,upstroke_downstroke_ratio_long_square,-0.3576177358003788,1.3376156804366466e-109
124,GRIA4,Gria4,phenotype-constrained,adaptationMultiplier,0.9244784038039091,upstroke_downstroke_ratio_long_square,-0.3576177358003788,1.3376156804366466e-109
124,GRIA4,Gria4,phenotype-constrained,latencyMultiplier,1.0251338682306528,upstroke_downstroke_ratio_long_square,-0.3576177358003788,1.3376156804366466e-109
124,GRIA4,Gria4,phenotype-constrained,sagMultiplier,0.9596020532055185,upstroke_downstroke_ratio_long_square,-0.3576177358003788,1.3376156804366466e-109
124,GRIA4,Gria4,phenotype-constrained,thresholdCurrentMultiplier,1.0847163876046415,upstroke_downstroke_ratio_long_square,-0.3576177358003788,1.3376156804366466e-109
124,GRIA4,Gria4,phenotype-constrained,thresholdVoltageShift_mV,0.4412897539958136,upstroke_downstroke_ratio_long_square,-0.3576177358003788,1.3376156804366466e-109
124,GRIA4,Gria4,phenotype-constrained,spikeKineticsMultiplier,0.8982693415503539,upstroke_downstroke_ratio_long_square,-0.3576177358003788,1.3376156804366466e-109
125,SCN8A,Scn8a,conductance-aware,vRestShift_mV,-0.2079043349800732,upstroke_downstroke_ratio_long_square,-0.3206763385294896,3.259429062514536e-87
125,SCN8A,Scn8a,conductance-aware,inputResistanceMultiplier,0.93906412856182,upstroke_downstroke_ratio_long_square,-0.3206763385294896,3.259429062514536e-87
125,SCN8A,Scn8a,conductance-aware,tauMultiplier,0.9459547415021087,upstroke_downstroke_ratio_long_square,-0.3206763385294896,3.259429062514536e-87
125,SCN8A,Scn8a,conductance-aware,fiGainMultiplier,1.094864171347248,upstroke_downstroke_ratio_long_square,-0.3206763385294896,3.259429062514536e-87
125,SCN8A,Scn8a,conductance-aware,adaptationMultiplier,0.9467684708199701,upstroke_downstroke_ratio_long_square,-0.3206763385294896,3.259429062514536e-87
125,SCN8A,Scn8a,conductance-aware,latencyMultiplier,0.9870668661494474,upstroke_downstroke_ratio_long_square,-0.3206763385294896,3.259429062514536e-87
125,SCN8A,Scn8a,conductance-aware,sagMultiplier,0.9747493985210484,upstroke_downstroke_ratio_long_square,-0.3206763385294896,3.259429062514536e-87
125,SCN8A,Scn8a,conductance-aware,thresholdCurrentMultiplier,1.0825247621542273,upstroke_downstroke_ratio_long_square,-0.3206763385294896,3.259429062514536e-87
125,SCN8A,Scn8a,conductance-aware,thresholdVoltageShift_mV,0.2988748599050742,upstroke_downstroke_ratio_long_square,-0.3206763385294896,3.259429062514536e-87
125,SCN8A,Scn8a,conductance-aware,spikeKineticsMultiplier,0.9082797060027217,upstroke_downstroke_ratio_long_square,-0.3206763385294896,3.259429062514536e-87
126,RBFOX1,Rbfox1,phenotype-constrained,vRestShift_mV,-0.12130455188167,upstroke_downstroke_ratio_long_square,-0.4934190950003886,6.902948937070993e-222
126,RBFOX1,Rbfox1,phenotype-constrained,inputResistanceMultiplier,0.9550258485457117,upstroke_downstroke_ratio_long_square,-0.4934190950003886,6.902948937070993e-222
126,RBFOX1,Rbfox1,phenotype-constrained,tauMultiplier,1.0106143588694447,upstroke_downstroke_ratio_long_square,-0.4934190950003886,6.902948937070993e-222
126,RBFOX1,Rbfox1,phenotype-constrained,fiGainMultiplier,1.1071770236553968,upstroke_downstroke_ratio_long_square,-0.4934190950003886,6.902948937070993e-222
126,RBFOX1,Rbfox1,phenotype-constrained,adaptationMultiplier,0.9603688821870883,upstroke_downstroke_ratio_long_square,-0.4934190950003886,6.902948937070993e-222
126,RBFOX1,Rbfox1,phenotype-constrained,latencyMultiplier,1.0535946248061832,upstroke_downstroke_ratio_long_square,-0.4934190950003886,6.902948937070993e-222
126,RBFOX1,Rbfox1,phenotype-constrained,sagMultiplier,0.9919122488756253,upstroke_downstroke_ratio_long_square,-0.4934190950003886,6.902948937070993e-222
126,RBFOX1,Rbfox1,phenotype-constrained,thresholdCurrentMultiplier,1.0663637227405511,upstroke_downstroke_ratio_long_square,-0.4934190950003886,6.902948937070993e-222
126,RBFOX1,Rbfox1,phenotype-constrained,thresholdVoltageShift_mV,0.1337247420016326,upstroke_downstroke_ratio_long_square,-0.4934190950003886,6.902948937070993e-222
126,RBFOX1,Rbfox1,phenotype-constrained,spikeKineticsMultiplier,0.8624089261684472,upstroke_downstroke_ratio_long_square,-0.4934190950003886,6.902948937070993e-222
127,PRKD1,Prkd1,phenotype-constrained,vRestShift_mV,0.2532440117301572,upstroke_downstroke_ratio_long_square,0.3535099575032849,5.654278921854868e-107
127,PRKD1,Prkd1,phenotype-constrained,inputResistanceMultiplier,1.0688836595815259,upstroke_downstroke_ratio_long_square,0.3535099575032849,5.654278921854868e-107
127,PRKD1,Prkd1,phenotype-constrained,tauMultiplier,1.0395999570539225,upstroke_downstroke_ratio_long_square,0.3535099575032849,5.654278921854868e-107
127,PRKD1,Prkd1,phenotype-constrained,fiGainMultiplier,0.9078618828686249,upstroke_downstroke_ratio_long_square,0.3535099575032849,5.654278921854868e-107
127,PRKD1,Prkd1,phenotype-constrained,adaptationMultiplier,1.0873335565035833,upstroke_downstroke_ratio_long_square,0.3535099575032849,5.654278921854868e-107
127,PRKD1,Prkd1,phenotype-constrained,latencyMultiplier,0.9619848087601915,upstroke_downstroke_ratio_long_square,0.3535099575032849,5.654278921854868e-107
127,PRKD1,Prkd1,phenotype-constrained,sagMultiplier,1.041660058497019,upstroke_downstroke_ratio_long_square,0.3535099575032849,5.654278921854868e-107
127,PRKD1,Prkd1,phenotype-constrained,thresholdCurrentMultiplier,0.922215284629497,upstroke_downstroke_ratio_long_square,0.3535099575032849,5.654278921854868e-107
127,PRKD1,Prkd1,phenotype-constrained,thresholdVoltageShift_mV,-0.2100086783478345,upstroke_downstroke_ratio_long_square,0.3535099575032849,5.654278921854868e-107
127,PRKD1,Prkd1,phenotype-constrained,spikeKineticsMultiplier,1.1118807904521826,upstroke_downstroke_ratio_long_square,0.3535099575032849,5.654278921854868e-107
128,TRPM3,Trpm3,conductance-aware,vRestShift_mV,0.775766773315166,tau,0.3515538127974993,1.7354624628218714e-105
128,TRPM3,Trpm3,conductance-aware,inputResistanceMultiplier,1.1032739250770118,tau,0.3515538127974993,1.7354624628218714e-105
128,TRPM3,Trpm3,conductance-aware,tauMultiplier,1.1112284819558624,tau,0.3515538127974993,1.7354624628218714e-105
128,TRPM3,Trpm3,conductance-aware,fiGainMultiplier,0.8888077252196854,tau,0.3515538127974993,1.7354624628218714e-105
128,TRPM3,Trpm3,conductance-aware,adaptationMultiplier,1.1201342429903751,tau,0.3515538127974993,1.7354624628218714e-105
128,TRPM3,Trpm3,conductance-aware,latencyMultiplier,1.0096862914267764,tau,0.3515538127974993,1.7354624628218714e-105
128,TRPM3,Trpm3,conductance-aware,sagMultiplier,1.03580404480476,tau,0.3515538127974993,1.7354624628218714e-105
128,TRPM3,Trpm3,conductance-aware,thresholdCurrentMultiplier,0.894315164933136,tau,0.3515538127974993,1.7354624628218714e-105
128,TRPM3,Trpm3,conductance-aware,thresholdVoltageShift_mV,-0.39452175367927056,tau,0.3515538127974993,1.7354624628218714e-105
128,TRPM3,Trpm3,conductance-aware,spikeKineticsMultiplier,1.0582720704722781,tau,0.3515538127974993,1.7354624628218714e-105
129,NELL1,Nell1,phenotype-constrained,vRestShift_mV,0.5571488802013952,tau,0.3897490783749138,2.095691616136636e-131
129,NELL1,Nell1,phenotype-constrained,inputResistanceMultiplier,1.1144817746245563,tau,0.3897490783749138,2.095691616136636e-131
129,NELL1,Nell1,phenotype-constrained,tauMultiplier,1.1240348131131694,tau,0.3897490783749138,2.095691616136636e-131
129,NELL1,Nell1,phenotype-constrained,fiGainMultiplier,0.9529864948977521,tau,0.3897490783749138,2.095691616136636e-131
129,NELL1,Nell1,phenotype-constrained,adaptationMultiplier,1.0953179390249799,tau,0.3897490783749138,2.095691616136636e-131
129,NELL1,Nell1,phenotype-constrained,latencyMultiplier,0.9844974584612729,tau,0.3897490783749138,2.095691616136636e-131
129,NELL1,Nell1,phenotype-constrained,sagMultiplier,1.0303592055926856,tau,0.3897490783749138,2.095691616136636e-131
129,NELL1,Nell1,phenotype-constrained,thresholdCurrentMultiplier,0.8959293914390437,tau,0.3897490783749138,2.095691616136636e-131
129,NELL1,Nell1,phenotype-constrained,thresholdVoltageShift_mV,-0.4333049744003853,tau,0.3897490783749138,2.095691616136636e-131
129,NELL1,Nell1,phenotype-constrained,spikeKineticsMultiplier,1.0159580736721143,tau,0.3897490783749138,2.095691616136636e-131
130,NTRK3,Ntrk3,phenotype-constrained,vRestShift_mV,-0.1992709392451984,avg_isi,-0.3895615470689569,2.201837007185899e-130
130,NTRK3,Ntrk3,phenotype-constrained,inputResistanceMultiplier,0.9559864557673529,avg_isi,-0.3895615470689569,2.201837007185899e-130
130,NTRK3,Ntrk3,phenotype-constrained,tauMultiplier,0.9035137580396032,avg_isi,-0.3895615470689569,2.201837007185899e-130
130,NTRK3,Ntrk3,phenotype-constrained,fiGainMultiplier,1.1328867625865024,avg_isi,-0.3895615470689569,2.201837007185899e-130
130,NTRK3,Ntrk3,phenotype-constrained,adaptationMultiplier,0.9408264671497347,avg_isi,-0.3895615470689569,2.201837007185899e-130
130,NTRK3,Ntrk3,phenotype-constrained,latencyMultiplier,0.8949902082036936,avg_isi,-0.3895615470689569,2.201837007185899e-130
130,NTRK3,Ntrk3,phenotype-constrained,sagMultiplier,0.9255156410391359,avg_isi,-0.3895615470689569,2.201837007185899e-130
130,NTRK3,Ntrk3,phenotype-constrained,thresholdCurrentMultiplier,1.0635689360415337,avg_isi,-0.3895615470689569,2.201837007185899e-130
130,NTRK3,Ntrk3,phenotype-constrained,thresholdVoltageShift_mV,0.4508928839354232,avg_isi,-0.3895615470689569,2.201837007185899e-130
130,NTRK3,Ntrk3,phenotype-constrained,spikeKineticsMultiplier,0.9589275175462574,avg_isi,-0.3895615470689569,2.201837007185899e-130
131,ELAVL2,Elavl2,phenotype-constrained,vRestShift_mV,-0.037191998225928,upstroke_downstroke_ratio_long_square,-0.3888142052068263,5.858649258712933e-131
131,ELAVL2,Elavl2,phenotype-constrained,inputResistanceMultiplier,0.9723151766618576,upstroke_downstroke_ratio_long_square,-0.3888142052068263,5.858649258712933e-131
131,ELAVL2,Elavl2,phenotype-constrained,tauMultiplier,1.0134806549715132,upstroke_downstroke_ratio_long_square,-0.3888142052068263,5.858649258712933e-131
131,ELAVL2,Elavl2,phenotype-constrained,fiGainMultiplier,1.113285912714066,upstroke_downstroke_ratio_long_square,-0.3888142052068263,5.858649258712933e-131
131,ELAVL2,Elavl2,phenotype-constrained,adaptationMultiplier,0.9620708741360328,upstroke_downstroke_ratio_long_square,-0.3888142052068263,5.858649258712933e-131
131,ELAVL2,Elavl2,phenotype-constrained,latencyMultiplier,1.034637408909235,upstroke_downstroke_ratio_long_square,-0.3888142052068263,5.858649258712933e-131
131,ELAVL2,Elavl2,phenotype-constrained,sagMultiplier,0.9678670758163959,upstroke_downstroke_ratio_long_square,-0.3888142052068263,5.858649258712933e-131
131,ELAVL2,Elavl2,phenotype-constrained,thresholdCurrentMultiplier,1.0517427465602864,upstroke_downstroke_ratio_long_square,-0.3888142052068263,5.858649258712933e-131
131,ELAVL2,Elavl2,phenotype-constrained,thresholdVoltageShift_mV,0.1371473907669474,upstroke_downstroke_ratio_long_square,-0.3888142052068263,5.858649258712933e-131
131,ELAVL2,Elavl2,phenotype-constrained,spikeKineticsMultiplier,0.8899017091055581,upstroke_downstroke_ratio_long_square,-0.3888142052068263,5.858649258712933e-131
132,ARAP2,Arap2,phenotype-constrained,vRestShift_mV,-0.235226581802204,upstroke_downstroke_ratio_long_square,-0.3498550387899178,1.152244768683704e-104
132,ARAP2,Arap2,phenotype-constrained,inputResistanceMultiplier,0.9213578100556196,upstroke_downstroke_ratio_long_square,-0.3498550387899178,1.152244768683704e-104
132,ARAP2,Arap2,phenotype-constrained,tauMultiplier,0.9317544360159566,upstroke_downstroke_ratio_long_square,-0.3498550387899178,1.152244768683704e-104
132,ARAP2,Arap2,phenotype-constrained,fiGainMultiplier,1.119825852192439,upstroke_downstroke_ratio_long_square,-0.3498550387899178,1.152244768683704e-104
132,ARAP2,Arap2,phenotype-constrained,adaptationMultiplier,0.9356924867318398,upstroke_downstroke_ratio_long_square,-0.3498550387899178,1.152244768683704e-104
132,ARAP2,Arap2,phenotype-constrained,latencyMultiplier,0.989557091156147,upstroke_downstroke_ratio_long_square,-0.3498550387899178,1.152244768683704e-104
132,ARAP2,Arap2,phenotype-constrained,sagMultiplier,0.9542854092562032,upstroke_downstroke_ratio_long_square,-0.3498550387899178,1.152244768683704e-104
132,ARAP2,Arap2,phenotype-constrained,thresholdCurrentMultiplier,1.086913806031583,upstroke_downstroke_ratio_long_square,-0.3498550387899178,1.152244768683704e-104
132,ARAP2,Arap2,phenotype-constrained,thresholdVoltageShift_mV,0.3535137858829734,upstroke_downstroke_ratio_long_square,-0.3498550387899178,1.152244768683704e-104
132,ARAP2,Arap2,phenotype-constrained,spikeKineticsMultiplier,0.90036367707732,upstroke_downstroke_ratio_long_square,-0.3498550387899178,1.152244768683704e-104
133,RARB,Rarb,phenotype-constrained,vRestShift_mV,-0.0481897610406144,upstroke_downstroke_ratio_long_square,-0.3479986026176037,1.6851578553325433e-103
133,RARB,Rarb,phenotype-constrained,inputResistanceMultiplier,0.9473646744274191,upstroke_downstroke_ratio_long_square,-0.3479986026176037,1.6851578553325433e-103
133,RARB,Rarb,phenotype-constrained,tauMultiplier,0.9679505733402392,upstroke_downstroke_ratio_long_square,-0.3479986026176037,1.6851578553325433e-103
133,RARB,Rarb,phenotype-constrained,fiGainMultiplier,1.0886199563514698,upstroke_downstroke_ratio_long_square,-0.3479986026176037,1.6851578553325433e-103
133,RARB,Rarb,phenotype-constrained,adaptationMultiplier,0.9572182416379477,upstroke_downstroke_ratio_long_square,-0.3479986026176037,1.6851578553325433e-103
133,RARB,Rarb,phenotype-constrained,latencyMultiplier,0.977184960484004,upstroke_downstroke_ratio_long_square,-0.3479986026176037,1.6851578553325433e-103
133,RARB,Rarb,phenotype-constrained,sagMultiplier,0.9811769538952807,upstroke_downstroke_ratio_long_square,-0.3479986026176037,1.6851578553325433e-103
133,RARB,Rarb,phenotype-constrained,thresholdCurrentMultiplier,1.0646948402700458,upstroke_downstroke_ratio_long_square,-0.3479986026176037,1.6851578553325433e-103
133,RARB,Rarb,phenotype-constrained,thresholdVoltageShift_mV,0.40387073748142077,upstroke_downstroke_ratio_long_square,-0.3479986026176037,1.6851578553325433e-103
133,RARB,Rarb,phenotype-constrained,spikeKineticsMultiplier,0.9008652570465443,upstroke_downstroke_ratio_long_square,-0.3479986026176037,1.6851578553325433e-103
134,RUNX1T1,Runx1t1,phenotype-constrained,vRestShift_mV,0.3586778384443388,tau,0.3866203254635166,3.676704954932276e-129
134,RUNX1T1,Runx1t1,phenotype-constrained,inputResistanceMultiplier,1.055031747314977,tau,0.3866203254635166,3.676704954932276e-129
134,RUNX1T1,Runx1t1,phenotype-constrained,tauMultiplier,1.122980259947824,tau,0.3866203254635166,3.676704954932276e-129
134,RUNX1T1,Runx1t1,phenotype-constrained,fiGainMultiplier,1.012595044348782,tau,0.3866203254635166,3.676704954932276e-129
134,RUNX1T1,Runx1t1,phenotype-constrained,adaptationMultiplier,1.0755641725680394,tau,0.3866203254635166,3.676704954932276e-129
134,RUNX1T1,Runx1t1,phenotype-constrained,latencyMultiplier,1.0295082377119653,tau,0.3866203254635166,3.676704954932276e-129
134,RUNX1T1,Runx1t1,phenotype-constrained,sagMultiplier,1.0695251466841407,tau,0.3866203254635166,3.676704954932276e-129
134,RUNX1T1,Runx1t1,phenotype-constrained,thresholdCurrentMultiplier,0.9554061281919971,tau,0.3866203254635166,3.676704954932276e-129
134,RUNX1T1,Runx1t1,phenotype-constrained,thresholdVoltageShift_mV,-0.3027177482584221,tau,0.3866203254635166,3.676704954932276e-129
134,RUNX1T1,Runx1t1,phenotype-constrained,spikeKineticsMultiplier,0.8999107236073742,tau,0.3866203254635166,3.676704954932276e-129
135,DLGAP2,Dlgap2,phenotype-constrained,vRestShift_mV,-0.1725658450804524,upstroke_downstroke_ratio_long_square,-0.4638531400094459,7.633952630597928e-193
135,DLGAP2,Dlgap2,phenotype-constrained,inputResistanceMultiplier,0.9541637886979328,upstroke_downstroke_ratio_long_square,-0.4638531400094459,7.633952630597928e-193
135,DLGAP2,Dlgap2,phenotype-constrained,tauMultiplier,1.0023747709769253,upstroke_downstroke_ratio_long_square,-0.4638531400094459,7.633952630597928e-193
135,DLGAP2,Dlgap2,phenotype-constrained,fiGainMultiplier,1.1035647614188635,upstroke_downstroke_ratio_long_square,-0.4638531400094459,7.633952630597928e-193
135,DLGAP2,Dlgap2,phenotype-constrained,adaptationMultiplier,0.9415154705323342,upstroke_downstroke_ratio_long_square,-0.4638531400094459,7.633952630597928e-193
135,DLGAP2,Dlgap2,phenotype-constrained,latencyMultiplier,1.063192053411531,upstroke_downstroke_ratio_long_square,-0.4638531400094459,7.633952630597928e-193
135,DLGAP2,Dlgap2,phenotype-constrained,sagMultiplier,0.9906969850070441,upstroke_downstroke_ratio_long_square,-0.4638531400094459,7.633952630597928e-193
135,DLGAP2,Dlgap2,phenotype-constrained,thresholdCurrentMultiplier,1.071395816535567,upstroke_downstroke_ratio_long_square,-0.4638531400094459,7.633952630597928e-193
135,DLGAP2,Dlgap2,phenotype-constrained,thresholdVoltageShift_mV,0.2893514942404143,upstroke_downstroke_ratio_long_square,-0.4638531400094459,7.633952630597928e-193
135,DLGAP2,Dlgap2,phenotype-constrained,spikeKineticsMultiplier,0.8700923339370844,upstroke_downstroke_ratio_long_square,-0.4638531400094459,7.633952630597928e-193
136,ANK1,Ank1,phenotype-constrained,vRestShift_mV,-0.0654901252808004,upstroke_downstroke_ratio_long_square,-0.46270662041925,8.802163319266859e-192
136,ANK1,Ank1,phenotype-constrained,inputResistanceMultiplier,0.9564144367881503,upstroke_downstroke_ratio_long_square,-0.46270662041925,8.802163319266859e-192
136,ANK1,Ank1,phenotype-constrained,tauMultiplier,1.0008860683657574,upstroke_downstroke_ratio_long_square,-0.46270662041925,8.802163319266859e-192
136,ANK1,Ank1,phenotype-constrained,fiGainMultiplier,1.1105952214423949,upstroke_downstroke_ratio_long_square,-0.46270662041925,8.802163319266859e-192
136,ANK1,Ank1,phenotype-constrained,adaptationMultiplier,0.9623805261518309,upstroke_downstroke_ratio_long_square,-0.46270662041925,8.802163319266859e-192
136,ANK1,Ank1,phenotype-constrained,latencyMultiplier,1.0215618207043136,upstroke_downstroke_ratio_long_square,-0.46270662041925,8.802163319266859e-192
136,ANK1,Ank1,phenotype-constrained,sagMultiplier,0.9905067997441096,upstroke_downstroke_ratio_long_square,-0.46270662041925,8.802163319266859e-192
136,ANK1,Ank1,phenotype-constrained,thresholdCurrentMultiplier,1.0711728632216038,upstroke_downstroke_ratio_long_square,-0.46270662041925,8.802163319266859e-192
136,ANK1,Ank1,phenotype-constrained,thresholdVoltageShift_mV,0.1846909060221264,upstroke_downstroke_ratio_long_square,-0.46270662041925,8.802163319266859e-192
136,ANK1,Ank1,phenotype-constrained,spikeKineticsMultiplier,0.8703916587832449,upstroke_downstroke_ratio_long_square,-0.46270662041925,8.802163319266859e-192
137,TMEM130,Tmem130,phenotype-constrained,vRestShift_mV,0.2891875228030912,ri,0.3409819301878657,1.0240044138694643e-98
137,TMEM130,Tmem130,phenotype-constrained,inputResistanceMultiplier,1.10770973175839,ri,0.3409819301878657,1.0240044138694643e-98
137,TMEM130,Tmem130,phenotype-constrained,tauMultiplier,1.1037212819084397,ri,0.3409819301878657,1.0240044138694643e-98
137,TMEM130,Tmem130,phenotype-constrained,fiGainMultiplier,0.942514557810647,ri,0.3409819301878657,1.0240044138694643e-98
137,TMEM130,Tmem130,phenotype-constrained,adaptationMultiplier,1.076957220195784,ri,0.3409819301878657,1.0240044138694643e-98
137,TMEM130,Tmem130,phenotype-constrained,latencyMultiplier,1.0220861993822168,ri,0.3409819301878657,1.0240044138694643e-98
137,TMEM130,Tmem130,phenotype-constrained,sagMultiplier,1.0624932550973474,ri,0.3409819301878657,1.0240044138694643e-98
137,TMEM130,Tmem130,phenotype-constrained,thresholdCurrentMultiplier,0.8919845231012583,ri,0.3409819301878657,1.0240044138694643e-98
137,TMEM130,Tmem130,phenotype-constrained,thresholdVoltageShift_mV,-0.2383871440975995,ri,0.3409819301878657,1.0240044138694643e-98
137,TMEM130,Tmem130,phenotype-constrained,spikeKineticsMultiplier,1.0323721408549076,ri,0.3409819301878657,1.0240044138694643e-98
138,EEPD1,Eepd1,phenotype-constrained,vRestShift_mV,-0.1848122331039,tau,-0.3821718894959879,5.232372410629393e-126
138,EEPD1,Eepd1,phenotype-constrained,inputResistanceMultiplier,0.9288371689477088,tau,-0.3821718894959879,5.232372410629393e-126
138,EEPD1,Eepd1,phenotype-constrained,tauMultiplier,0.8916767795359619,tau,-0.3821718894959879,5.232372410629393e-126
138,EEPD1,Eepd1,phenotype-constrained,fiGainMultiplier,1.0221854476844654,tau,-0.3821718894959879,5.232372410629393e-126
138,EEPD1,Eepd1,phenotype-constrained,adaptationMultiplier,0.9198587919124774,tau,-0.3821718894959879,5.232372410629393e-126
138,EEPD1,Eepd1,phenotype-constrained,latencyMultiplier,0.9613881389161639,tau,-0.3821718894959879,5.232372410629393e-126
138,EEPD1,Eepd1,phenotype-constrained,sagMultiplier,0.9234324020071711,tau,-0.3821718894959879,5.232372410629393e-126
138,EEPD1,Eepd1,phenotype-constrained,thresholdCurrentMultiplier,1.0852299528726004,tau,-0.3821718894959879,5.232372410629393e-126
138,EEPD1,Eepd1,phenotype-constrained,thresholdVoltageShift_mV,0.4650455784497901,tau,-0.3821718894959879,5.232372410629393e-126
138,EEPD1,Eepd1,phenotype-constrained,spikeKineticsMultiplier,1.020721016451585,tau,-0.3821718894959879,5.232372410629393e-126
139,KCNT1,Kcnt1,conductance-aware,vRestShift_mV,-0.1529773883005684,upstroke_downstroke_ratio_long_square,-0.3380732979659431,2.2007435341235523e-97
139,KCNT1,Kcnt1,conductance-aware,inputResistanceMultiplier,0.9481945168380006,upstroke_downstroke_ratio_long_square,-0.3380732979659431,2.2007435341235523e-97
139,KCNT1,Kcnt1,conductance-aware,tauMultiplier,1.0001921648312118,upstroke_downstroke_ratio_long_square,-0.3380732979659431,2.2007435341235523e-97
139,KCNT1,Kcnt1,conductance-aware,fiGainMultiplier,1.087257622970793,upstroke_downstroke_ratio_long_square,-0.3380732979659431,2.2007435341235523e-97
139,KCNT1,Kcnt1,conductance-aware,adaptationMultiplier,0.9523873727034062,upstroke_downstroke_ratio_long_square,-0.3380732979659431,2.2007435341235523e-97
139,KCNT1,Kcnt1,conductance-aware,latencyMultiplier,1.078957733620073,upstroke_downstroke_ratio_long_square,-0.3380732979659431,2.2007435341235523e-97
139,KCNT1,Kcnt1,conductance-aware,sagMultiplier,0.9749941723401744,upstroke_downstroke_ratio_long_square,-0.3380732979659431,2.2007435341235523e-97
139,KCNT1,Kcnt1,conductance-aware,thresholdCurrentMultiplier,1.0721022323425882,upstroke_downstroke_ratio_long_square,-0.3380732979659431,2.2007435341235523e-97
139,KCNT1,Kcnt1,conductance-aware,thresholdVoltageShift_mV,0.18422491306242392,upstroke_downstroke_ratio_long_square,-0.3380732979659431,2.2007435341235523e-97
139,KCNT1,Kcnt1,conductance-aware,spikeKineticsMultiplier,0.9035516632095498,upstroke_downstroke_ratio_long_square,-0.3380732979659431,2.2007435341235523e-97
140,PRKCA,Prkca,phenotype-constrained,vRestShift_mV,-0.399852153388346,tau,-0.3813445087272319,1.9858741187155385e-125
140,PRKCA,Prkca,phenotype-constrained,inputResistanceMultiplier,0.9093809323570741,tau,-0.3813445087272319,1.9858741187155385e-125
140,PRKCA,Prkca,phenotype-constrained,tauMultiplier,0.8918981338722738,tau,-0.3813445087272319,1.9858741187155385e-125
140,PRKCA,Prkca,phenotype-constrained,fiGainMultiplier,1.101355702794659,tau,-0.3813445087272319,1.9858741187155385e-125
140,PRKCA,Prkca,phenotype-constrained,adaptationMultiplier,0.9003778454554185,tau,-0.3813445087272319,1.9858741187155385e-125
140,PRKCA,Prkca,phenotype-constrained,latencyMultiplier,0.9908384789457808,tau,-0.3813445087272319,1.9858741187155385e-125
140,PRKCA,Prkca,phenotype-constrained,sagMultiplier,0.9003064939888187,tau,-0.3813445087272319,1.9858741187155385e-125
140,PRKCA,Prkca,phenotype-constrained,thresholdCurrentMultiplier,1.1223146969717444,tau,-0.3813445087272319,1.9858741187155385e-125
140,PRKCA,Prkca,phenotype-constrained,thresholdVoltageShift_mV,0.781709317652568,tau,-0.3813445087272319,1.9858741187155385e-125
140,PRKCA,Prkca,phenotype-constrained,spikeKineticsMultiplier,0.9456385368104109,tau,-0.3813445087272319,1.9858741187155385e-125
141,RORA,Rora,phenotype-constrained,vRestShift_mV,-0.6213591780470616,tau,-0.4433212558230759,4.980205438823259e-174
141,RORA,Rora,phenotype-constrained,inputResistanceMultiplier,0.8902855108011325,tau,-0.4433212558230759,4.980205438823259e-174
141,RORA,Rora,phenotype-constrained,tauMultiplier,0.8754682641461067,tau,-0.4433212558230759,4.980205438823259e-174
141,RORA,Rora,phenotype-constrained,fiGainMultiplier,1.0857348005998613,tau,-0.4433212558230759,4.980205438823259e-174
141,RORA,Rora,phenotype-constrained,adaptationMultiplier,0.8897317705607021,tau,-0.4433212558230759,4.980205438823259e-174
141,RORA,Rora,phenotype-constrained,latencyMultiplier,1.000487923939454,tau,-0.4433212558230759,4.980205438823259e-174
141,RORA,Rora,phenotype-constrained,sagMultiplier,0.9229013465229584,tau,-0.4433212558230759,4.980205438823259e-174
141,RORA,Rora,phenotype-constrained,thresholdCurrentMultiplier,1.1168004267693838,tau,-0.4433212558230759,4.980205438823259e-174
141,RORA,Rora,phenotype-constrained,thresholdVoltageShift_mV,0.690877806034034,tau,-0.4433212558230759,4.980205438823259e-174
141,RORA,Rora,phenotype-constrained,spikeKineticsMultiplier,0.9708139302757832,tau,-0.4433212558230759,4.980205438823259e-174
142,SEMA6D,Sema6d,phenotype-constrained,vRestShift_mV,0.2930770118028904,tau,0.3367038140339598,2.47249645105107e-96
142,SEMA6D,Sema6d,phenotype-constrained,inputResistanceMultiplier,1.0545296464031026,tau,0.3367038140339598,2.47249645105107e-96
142,SEMA6D,Sema6d,phenotype-constrained,tauMultiplier,1.1062889704115417,tau,0.3367038140339598,2.47249645105107e-96
142,SEMA6D,Sema6d,phenotype-constrained,fiGainMultiplier,0.9563824399441665,tau,0.3367038140339598,2.47249645105107e-96
142,SEMA6D,Sema6d,phenotype-constrained,adaptationMultiplier,1.0617574047922453,tau,0.3367038140339598,2.47249645105107e-96
142,SEMA6D,Sema6d,phenotype-constrained,latencyMultiplier,1.0767526728110048,tau,0.3367038140339598,2.47249645105107e-96
142,SEMA6D,Sema6d,phenotype-constrained,sagMultiplier,1.0594077462848615,tau,0.3367038140339598,2.47249645105107e-96
142,SEMA6D,Sema6d,phenotype-constrained,thresholdCurrentMultiplier,0.9332103483177858,tau,0.3367038140339598,2.47249645105107e-96
142,SEMA6D,Sema6d,phenotype-constrained,thresholdVoltageShift_mV,-0.3503625878542848,tau,0.3367038140339598,2.47249645105107e-96
142,SEMA6D,Sema6d,phenotype-constrained,spikeKineticsMultiplier,0.9780701750856219,tau,0.3367038140339598,2.47249645105107e-96
143,DOK5,Dok5,phenotype-constrained,vRestShift_mV,-0.395988325093926,threshold_i_long_square,0.3360354570073883,1.1083919860255016e-95
143,DOK5,Dok5,phenotype-constrained,inputResistanceMultiplier,0.9081665818876052,threshold_i_long_square,0.3360354570073883,1.1083919860255016e-95
143,DOK5,Dok5,phenotype-constrained,tauMultiplier,0.9283140500810546,threshold_i_long_square,0.3360354570073883,1.1083919860255016e-95
143,DOK5,Dok5,phenotype-constrained,fiGainMultiplier,1.0800000146587145,threshold_i_long_square,0.3360354570073883,1.1083919860255016e-95
143,DOK5,Dok5,phenotype-constrained,adaptationMultiplier,0.9253335535856676,threshold_i_long_square,0.3360354570073883,1.1083919860255016e-95
143,DOK5,Dok5,phenotype-constrained,latencyMultiplier,1.0271740172585355,threshold_i_long_square,0.3360354570073883,1.1083919860255016e-95
143,DOK5,Dok5,phenotype-constrained,sagMultiplier,0.9551126166376042,threshold_i_long_square,0.3360354570073883,1.1083919860255016e-95
143,DOK5,Dok5,phenotype-constrained,thresholdCurrentMultiplier,1.1248080624584325,threshold_i_long_square,0.3360354570073883,1.1083919860255016e-95
143,DOK5,Dok5,phenotype-constrained,thresholdVoltageShift_mV,0.30057252325589817,threshold_i_long_square,0.3360354570073883,1.1083919860255016e-95
143,DOK5,Dok5,phenotype-constrained,spikeKineticsMultiplier,0.9307129030411401,threshold_i_long_square,0.3360354570073883,1.1083919860255016e-95
144,PTPRN,Ptprn,phenotype-constrained,vRestShift_mV,0.267172758701804,upstroke_downstroke_ratio_long_square,0.3357448820814238,5.526265294660537e-96
144,PTPRN,Ptprn,phenotype-constrained,inputResistanceMultiplier,1.0815103029471522,upstroke_downstroke_ratio_long_square,0.3357448820814238,5.526265294660537e-96
144,PTPRN,Ptprn,phenotype-constrained,tauMultiplier,1.0498145862159782,upstroke_downstroke_ratio_long_square,0.3357448820814238,5.526265294660537e-96
144,PTPRN,Ptprn,phenotype-constrained,fiGainMultiplier,0.91404143907933,upstroke_downstroke_ratio_long_square,0.3357448820814238,5.526265294660537e-96
144,PTPRN,Ptprn,phenotype-constrained,adaptationMultiplier,1.058058164646013,upstroke_downstroke_ratio_long_square,0.3357448820814238,5.526265294660537e-96
144,PTPRN,Ptprn,phenotype-constrained,latencyMultiplier,1.0095080145007547,upstroke_downstroke_ratio_long_square,0.3357448820814238,5.526265294660537e-96
144,PTPRN,Ptprn,phenotype-constrained,sagMultiplier,1.0418944646954218,upstroke_downstroke_ratio_long_square,0.3357448820814238,5.526265294660537e-96
144,PTPRN,Ptprn,phenotype-constrained,thresholdCurrentMultiplier,0.9130582262855829,upstroke_downstroke_ratio_long_square,0.3357448820814238,5.526265294660537e-96
144,PTPRN,Ptprn,phenotype-constrained,thresholdVoltageShift_mV,-0.1316990267196006,upstroke_downstroke_ratio_long_square,0.3357448820814238,5.526265294660537e-96
144,PTPRN,Ptprn,phenotype-constrained,spikeKineticsMultiplier,1.105970759432398,upstroke_downstroke_ratio_long_square,0.3357448820814238,5.526265294660537e-96
145,LUZP1,Luzp1,phenotype-constrained,vRestShift_mV,-0.2118386345860524,upstroke_downstroke_ratio_long_square,-0.3101844411506529,2.0097678415865102e-81
145,LUZP1,Luzp1,phenotype-constrained,inputResistanceMultiplier,0.9339958181641826,upstroke_downstroke_ratio_long_square,-0.3101844411506529,2.0097678415865102e-81
145,LUZP1,Luzp1,phenotype-constrained,tauMultiplier,0.9408717374561264,upstroke_downstroke_ratio_long_square,-0.3101844411506529,2.0097678415865102e-81
145,LUZP1,Luzp1,phenotype-constrained,fiGainMultiplier,1.098109564477022,upstroke_downstroke_ratio_long_square,-0.3101844411506529,2.0097678415865102e-81
145,LUZP1,Luzp1,phenotype-constrained,adaptationMultiplier,0.9382324434953819,upstroke_downstroke_ratio_long_square,-0.3101844411506529,2.0097678415865102e-81
145,LUZP1,Luzp1,phenotype-constrained,latencyMultiplier,0.9813595730597152,upstroke_downstroke_ratio_long_square,-0.3101844411506529,2.0097678415865102e-81
145,LUZP1,Luzp1,phenotype-constrained,sagMultiplier,0.974812237976711,upstroke_downstroke_ratio_long_square,-0.3101844411506529,2.0097678415865102e-81
145,LUZP1,Luzp1,phenotype-constrained,thresholdCurrentMultiplier,1.0938656028057343,upstroke_downstroke_ratio_long_square,-0.3101844411506529,2.0097678415865102e-81
145,LUZP1,Luzp1,phenotype-constrained,thresholdVoltageShift_mV,0.3270266227476999,upstroke_downstroke_ratio_long_square,-0.3101844411506529,2.0097678415865102e-81
145,LUZP1,Luzp1,phenotype-constrained,spikeKineticsMultiplier,0.9111430832177024,upstroke_downstroke_ratio_long_square,-0.3101844411506529,2.0097678415865102e-81
146,ARHGAP5,Arhgap5,phenotype-constrained,vRestShift_mV,-0.1473968635122436,upstroke_downstroke_ratio_long_square,-0.3308850182058077,4.290507439311416e-93
146,ARHGAP5,Arhgap5,phenotype-constrained,inputResistanceMultiplier,0.9336270187202181,upstroke_downstroke_ratio_long_square,-0.3308850182058077,4.290507439311416e-93
146,ARHGAP5,Arhgap5,phenotype-constrained,tauMultiplier,0.9421673136551031,upstroke_downstroke_ratio_long_square,-0.3308850182058077,4.290507439311416e-93
146,ARHGAP5,Arhgap5,phenotype-constrained,fiGainMultiplier,1.1055743081189175,upstroke_downstroke_ratio_long_square,-0.3308850182058077,4.290507439311416e-93
146,ARHGAP5,Arhgap5,phenotype-constrained,adaptationMultiplier,0.9412526841196176,upstroke_downstroke_ratio_long_square,-0.3308850182058077,4.290507439311416e-93
146,ARHGAP5,Arhgap5,phenotype-constrained,latencyMultiplier,0.9860927218824963,upstroke_downstroke_ratio_long_square,-0.3308850182058077,4.290507439311416e-93
146,ARHGAP5,Arhgap5,phenotype-constrained,sagMultiplier,0.9573471916526641,upstroke_downstroke_ratio_long_square,-0.3308850182058077,4.290507439311416e-93
146,ARHGAP5,Arhgap5,phenotype-constrained,thresholdCurrentMultiplier,1.0889873158271266,upstroke_downstroke_ratio_long_square,-0.3308850182058077,4.290507439311416e-93
146,ARHGAP5,Arhgap5,phenotype-constrained,thresholdVoltageShift_mV,0.3202466562308076,upstroke_downstroke_ratio_long_square,-0.3308850182058077,4.290507439311416e-93
146,ARHGAP5,Arhgap5,phenotype-constrained,spikeKineticsMultiplier,0.9055022603091382,upstroke_downstroke_ratio_long_square,-0.3308850182058077,4.290507439311416e-93
147,RALYL,Ralyl,phenotype-constrained,vRestShift_mV,0.24240873896568,tau,0.3764236842767827,5.31211088537103e-122
147,RALYL,Ralyl,phenotype-constrained,inputResistanceMultiplier,1.0591824613547298,tau,0.3764236842767827,5.31211088537103e-122
147,RALYL,Ralyl,phenotype-constrained,tauMultiplier,1.1195503206703166,tau,0.3764236842767827,5.31211088537103e-122
147,RALYL,Ralyl,phenotype-constrained,fiGainMultiplier,0.9895648405566476,tau,0.3764236842767827,5.31211088537103e-122
147,RALYL,Ralyl,phenotype-constrained,adaptationMultiplier,1.0638748335709416,tau,0.3764236842767827,5.31211088537103e-122
147,RALYL,Ralyl,phenotype-constrained,latencyMultiplier,1.0375234487620666,tau,0.3764236842767827,5.31211088537103e-122
147,RALYL,Ralyl,phenotype-constrained,sagMultiplier,1.038540472177289,tau,0.3764236842767827,5.31211088537103e-122
147,RALYL,Ralyl,phenotype-constrained,thresholdCurrentMultiplier,0.9447690111362961,tau,0.3764236842767827,5.31211088537103e-122
147,RALYL,Ralyl,phenotype-constrained,thresholdVoltageShift_mV,-0.3356430736693392,tau,0.3764236842767827,5.31211088537103e-122
147,RALYL,Ralyl,phenotype-constrained,spikeKineticsMultiplier,0.9455749690897572,tau,0.3764236842767827,5.31211088537103e-122
148,SORCS3,Sorcs3,phenotype-constrained,vRestShift_mV,0.1094966368908412,upstroke_downstroke_ratio_long_square,0.6234767024613235,0.0
148,SORCS3,Sorcs3,phenotype-constrained,inputResistanceMultiplier,1.0724679337296246,upstroke_downstroke_ratio_long_square,0.6234767024613235,0.0
148,SORCS3,Sorcs3,phenotype-constrained,tauMultiplier,0.9936839174313432,upstroke_downstroke_ratio_long_square,0.6234767024613235,0.0
148,SORCS3,Sorcs3,phenotype-constrained,fiGainMultiplier,0.8648416644999639,upstroke_downstroke_ratio_long_square,0.6234767024613235,0.0
148,SORCS3,Sorcs3,phenotype-constrained,adaptationMultiplier,1.0674862670922016,upstroke_downstroke_ratio_long_square,0.6234767024613235,0.0
148,SORCS3,Sorcs3,phenotype-constrained,latencyMultiplier,0.944522795940204,upstroke_downstroke_ratio_long_square,0.6234767024613235,0.0
148,SORCS3,Sorcs3,phenotype-constrained,sagMultiplier,1.0027113648420576,upstroke_downstroke_ratio_long_square,0.6234767024613235,0.0
148,SORCS3,Sorcs3,phenotype-constrained,thresholdCurrentMultiplier,0.9055183554277357,upstroke_downstroke_ratio_long_square,0.6234767024613235,0.0
148,SORCS3,Sorcs3,phenotype-constrained,thresholdVoltageShift_mV,-0.044596833209844,upstroke_downstroke_ratio_long_square,0.6234767024613235,0.0
148,SORCS3,Sorcs3,phenotype-constrained,spikeKineticsMultiplier,1.2056791410848615,upstroke_downstroke_ratio_long_square,0.6234767024613235,0.0
149,SCN1B,Scn1b,conductance-aware,vRestShift_mV,-0.2767516743075024,threshold_i_long_square,0.3302484502606452,2.7300349774057103e-92
149,SCN1B,Scn1b,conductance-aware,inputResistanceMultiplier,0.9117428778723311,threshold_i_long_square,0.3302484502606452,2.7300349774057103e-92
149,SCN1B,Scn1b,conductance-aware,tauMultiplier,0.9219761112565735,threshold_i_long_square,0.3302484502606452,2.7300349774057103e-92
149,SCN1B,Scn1b,conductance-aware,fiGainMultiplier,1.090161651444812,threshold_i_long_square,0.3302484502606452,2.7300349774057103e-92
149,SCN1B,Scn1b,conductance-aware,adaptationMultiplier,0.9206989041151604,threshold_i_long_square,0.3302484502606452,2.7300349774057103e-92
149,SCN1B,Scn1b,conductance-aware,latencyMultiplier,0.9925618136448361,threshold_i_long_square,0.3302484502606452,2.7300349774057103e-92
149,SCN1B,Scn1b,conductance-aware,sagMultiplier,0.9797905072330159,threshold_i_long_square,0.3302484502606452,2.7300349774057103e-92
149,SCN1B,Scn1b,conductance-aware,thresholdCurrentMultiplier,1.1225321229938092,threshold_i_long_square,0.3302484502606452,2.7300349774057103e-92
149,SCN1B,Scn1b,conductance-aware,thresholdVoltageShift_mV,0.36288410041634345,threshold_i_long_square,0.3302484502606452,2.7300349774057103e-92
149,SCN1B,Scn1b,conductance-aware,spikeKineticsMultiplier,0.9217542556781287,threshold_i_long_square,0.3302484502606452,2.7300349774057103e-92
150,APLP1,Aplp1,phenotype-constrained,vRestShift_mV,0.2459309745101372,ri,0.3081880026611583,6.0776774900724436e-80
150,APLP1,Aplp1,phenotype-constrained,inputResistanceMultiplier,1.0968653180655905,ri,0.3081880026611583,6.0776774900724436e-80
150,APLP1,Aplp1,phenotype-constrained,tauMultiplier,1.083758907094147,ri,0.3081880026611583,6.0776774900724436e-80
150,APLP1,Aplp1,phenotype-constrained,fiGainMultiplier,0.9140952879015117,ri,0.3081880026611583,6.0776774900724436e-80
150,APLP1,Aplp1,phenotype-constrained,adaptationMultiplier,1.0649577680109727,ri,0.3081880026611583,6.0776774900724436e-80
150,APLP1,Aplp1,phenotype-constrained,latencyMultiplier,1.0343928320287108,ri,0.3081880026611583,6.0776774900724436e-80
150,APLP1,Aplp1,phenotype-constrained,sagMultiplier,1.0686377824780768,ri,0.3081880026611583,6.0776774900724436e-80
150,APLP1,Aplp1,phenotype-constrained,thresholdCurrentMultiplier,0.9026779221328245,ri,0.3081880026611583,6.0776774900724436e-80
150,APLP1,Aplp1,phenotype-constrained,thresholdVoltageShift_mV,-0.22231517787940322,ri,0.3081880026611583,6.0776774900724436e-80
150,APLP1,Aplp1,phenotype-constrained,spikeKineticsMultiplier,1.085234835421737,ri,0.3081880026611583,6.0776774900724436e-80
151,PDE1A,Pde1a,phenotype-constrained,vRestShift_mV,0.7914706428573248,tau,0.5726344658980922,0.0
151,PDE1A,Pde1a,phenotype-constrained,inputResistanceMultiplier,1.131345850227346,tau,0.5726344658980922,0.0
151,PDE1A,Pde1a,phenotype-constrained,tauMultiplier,1.1874288505073465,tau,0.5726344658980922,0.0
151,PDE1A,Pde1a,phenotype-constrained,fiGainMultiplier,0.9205788086294048,tau,0.5726344658980922,0.0
151,PDE1A,Pde1a,phenotype-constrained,adaptationMultiplier,1.1125223148130057,tau,0.5726344658980922,0.0
151,PDE1A,Pde1a,phenotype-constrained,latencyMultiplier,1.0648422276790577,tau,0.5726344658980922,0.0
151,PDE1A,Pde1a,phenotype-constrained,sagMultiplier,1.0877425568838748,tau,0.5726344658980922,0.0
151,PDE1A,Pde1a,phenotype-constrained,thresholdCurrentMultiplier,0.8929216696802661,tau,0.5726344658980922,0.0
151,PDE1A,Pde1a,phenotype-constrained,thresholdVoltageShift_mV,-0.6099642749061112,tau,0.5726344658980922,0.0
151,PDE1A,Pde1a,phenotype-constrained,spikeKineticsMultiplier,1.0092053477279033,tau,0.5726344658980922,0.0
152,CACNB2,Cacnb2,conductance-aware,vRestShift_mV,0.2660806676219424,upstroke_downstroke_ratio_long_square,0.4226811097106607,6.027215673976603e-157
152,CACNB2,Cacnb2,conductance-aware,inputResistanceMultiplier,1.0526313709428332,upstroke_downstroke_ratio_long_square,0.4226811097106607,6.027215673976603e-157
152,CACNB2,Cacnb2,conductance-aware,tauMultiplier,1.018335451768529,upstroke_downstroke_ratio_long_square,0.4226811097106607,6.027215673976603e-157
152,CACNB2,Cacnb2,conductance-aware,fiGainMultiplier,0.9001091759460331,upstroke_downstroke_ratio_long_square,0.4226811097106607,6.027215673976603e-157
152,CACNB2,Cacnb2,conductance-aware,adaptationMultiplier,1.0400615558109338,upstroke_downstroke_ratio_long_square,0.4226811097106607,6.027215673976603e-157
152,CACNB2,Cacnb2,conductance-aware,latencyMultiplier,0.993404539656299,upstroke_downstroke_ratio_long_square,0.4226811097106607,6.027215673976603e-157
152,CACNB2,Cacnb2,conductance-aware,sagMultiplier,0.9899712320498156,upstroke_downstroke_ratio_long_square,0.4226811097106607,6.027215673976603e-157
152,CACNB2,Cacnb2,conductance-aware,thresholdCurrentMultiplier,0.9358596269668384,upstroke_downstroke_ratio_long_square,0.4226811097106607,6.027215673976603e-157
152,CACNB2,Cacnb2,conductance-aware,thresholdVoltageShift_mV,0.0176146494901179,upstroke_downstroke_ratio_long_square,0.4226811097106607,6.027215673976603e-157
152,CACNB2,Cacnb2,conductance-aware,spikeKineticsMultiplier,1.1351948757749604,upstroke_downstroke_ratio_long_square,0.4226811097106607,6.027215673976603e-157
153,VWC2L,Vwc2l,phenotype-constrained,vRestShift_mV,0.60750714831099,threshold_i_ramp,-0.326875612882831,3.38947993143843e-90
153,VWC2L,Vwc2l,phenotype-constrained,inputResistanceMultiplier,1.1001105174485073,threshold_i_ramp,-0.326875612882831,3.38947993143843e-90
153,VWC2L,Vwc2l,phenotype-constrained,tauMultiplier,1.0463910962339102,threshold_i_ramp,-0.326875612882831,3.38947993143843e-90
153,VWC2L,Vwc2l,phenotype-constrained,fiGainMultiplier,0.9403886379165889,threshold_i_ramp,-0.326875612882831,3.38947993143843e-90
153,VWC2L,Vwc2l,phenotype-constrained,adaptationMultiplier,1.0664065264662865,threshold_i_ramp,-0.326875612882831,3.38947993143843e-90
153,VWC2L,Vwc2l,phenotype-constrained,latencyMultiplier,0.9527325398322104,threshold_i_ramp,-0.326875612882831,3.38947993143843e-90
153,VWC2L,Vwc2l,phenotype-constrained,sagMultiplier,1.0159148360365007,threshold_i_ramp,-0.326875612882831,3.38947993143843e-90
153,VWC2L,Vwc2l,phenotype-constrained,thresholdCurrentMultiplier,0.8928893988053394,threshold_i_ramp,-0.326875612882831,3.38947993143843e-90
153,VWC2L,Vwc2l,phenotype-constrained,thresholdVoltageShift_mV,-0.1620398085410982,threshold_i_ramp,-0.326875612882831,3.38947993143843e-90
153,VWC2L,Vwc2l,phenotype-constrained,spikeKineticsMultiplier,1.0967705855997234,threshold_i_ramp,-0.326875612882831,3.38947993143843e-90
154,GRIK3,Grik3,phenotype-constrained,vRestShift_mV,0.3436961474532828,tau,0.4198855817488403,2.1135290527513642e-154
154,GRIK3,Grik3,phenotype-constrained,inputResistanceMultiplier,1.0530199819565067,tau,0.4198855817488403,2.1135290527513642e-154
154,GRIK3,Grik3,phenotype-constrained,tauMultiplier,1.1342432341766397,tau,0.4198855817488403,2.1135290527513642e-154
154,GRIK3,Grik3,phenotype-constrained,fiGainMultiplier,1.018948629364303,tau,0.4198855817488403,2.1135290527513642e-154
154,GRIK3,Grik3,phenotype-constrained,adaptationMultiplier,1.060213267872685,tau,0.4198855817488403,2.1135290527513642e-154
154,GRIK3,Grik3,phenotype-constrained,latencyMultiplier,1.0745904971934421,tau,0.4198855817488403,2.1135290527513642e-154
154,GRIK3,Grik3,phenotype-constrained,sagMultiplier,1.0776784055679438,tau,0.4198855817488403,2.1135290527513642e-154
154,GRIK3,Grik3,phenotype-constrained,thresholdCurrentMultiplier,0.9584158155393548,tau,0.4198855817488403,2.1135290527513642e-154
154,GRIK3,Grik3,phenotype-constrained,thresholdVoltageShift_mV,-0.4251240719758038,tau,0.4198855817488403,2.1135290527513642e-154
154,GRIK3,Grik3,phenotype-constrained,spikeKineticsMultiplier,0.8986289499004025,tau,0.4198855817488403,2.1135290527513642e-154
155,GABRA2,Gabra2,phenotype-constrained,vRestShift_mV,0.5159652375989984,ri,0.2992498336215351,3.0492742753460856e-75
155,GABRA2,Gabra2,phenotype-constrained,inputResistanceMultiplier,1.093928067583763,ri,0.2992498336215351,3.0492742753460856e-75
155,GABRA2,Gabra2,phenotype-constrained,tauMultiplier,1.0831742323724236,ri,0.2992498336215351,3.0492742753460856e-75
155,GABRA2,Gabra2,phenotype-constrained,fiGainMultiplier,0.9058202072022645,ri,0.2992498336215351,3.0492742753460856e-75
155,GABRA2,Gabra2,phenotype-constrained,adaptationMultiplier,1.084983109605987,ri,0.2992498336215351,3.0492742753460856e-75
155,GABRA2,Gabra2,phenotype-constrained,latencyMultiplier,1.0159284637883768,ri,0.2992498336215351,3.0492742753460856e-75
155,GABRA2,Gabra2,phenotype-constrained,sagMultiplier,1.04374881698372,ri,0.2992498336215351,3.0492742753460856e-75
155,GABRA2,Gabra2,phenotype-constrained,thresholdCurrentMultiplier,0.9076104094236858,ri,0.2992498336215351,3.0492742753460856e-75
155,GABRA2,Gabra2,phenotype-constrained,thresholdVoltageShift_mV,-0.1375801975984722,ri,0.2992498336215351,3.0492742753460856e-75
155,GABRA2,Gabra2,phenotype-constrained,spikeKineticsMultiplier,1.0884483568101906,ri,0.2992498336215351,3.0492742753460856e-75
156,ADRA1A,Adra1a,phenotype-constrained,vRestShift_mV,-0.221338716457518,adaptation,-0.3243098507492949,1.4068704498948518e-88
156,ADRA1A,Adra1a,phenotype-constrained,inputResistanceMultiplier,0.9289182928619775,adaptation,-0.3243098507492949,1.4068704498948518e-88
156,ADRA1A,Adra1a,phenotype-constrained,tauMultiplier,0.91140546007835,adaptation,-0.3243098507492949,1.4068704498948518e-88
156,ADRA1A,Adra1a,phenotype-constrained,fiGainMultiplier,1.0572997814958203,adaptation,-0.3243098507492949,1.4068704498948518e-88
156,ADRA1A,Adra1a,phenotype-constrained,adaptationMultiplier,0.892696655090225,adaptation,-0.3243098507492949,1.4068704498948518e-88
156,ADRA1A,Adra1a,phenotype-constrained,latencyMultiplier,1.032540939526182,adaptation,-0.3243098507492949,1.4068704498948518e-88
156,ADRA1A,Adra1a,phenotype-constrained,sagMultiplier,0.8994785010823159,adaptation,-0.3243098507492949,1.4068704498948518e-88
156,ADRA1A,Adra1a,phenotype-constrained,thresholdCurrentMultiplier,1.083602993422444,adaptation,-0.3243098507492949,1.4068704498948518e-88
156,ADRA1A,Adra1a,phenotype-constrained,thresholdVoltageShift_mV,0.8003578493197918,adaptation,-0.3243098507492949,1.4068704498948518e-88
156,ADRA1A,Adra1a,phenotype-constrained,spikeKineticsMultiplier,1.0111177198517654,adaptation,-0.3243098507492949,1.4068704498948518e-88
157,ACSL3,Acsl3,phenotype-constrained,vRestShift_mV,-0.0596877267162332,upstroke_downstroke_ratio_long_square,-0.3242134829868829,3.1085853009255768e-89
157,ACSL3,Acsl3,phenotype-constrained,inputResistanceMultiplier,0.9701244269642016,upstroke_downstroke_ratio_long_square,-0.3242134829868829,3.1085853009255768e-89
157,ACSL3,Acsl3,phenotype-constrained,tauMultiplier,0.9777151132051327,upstroke_downstroke_ratio_long_square,-0.3242134829868829,3.1085853009255768e-89
157,ACSL3,Acsl3,phenotype-constrained,fiGainMultiplier,1.1144963717255603,upstroke_downstroke_ratio_long_square,-0.3242134829868829,3.1085853009255768e-89
157,ACSL3,Acsl3,phenotype-constrained,adaptationMultiplier,0.9637940900736298,upstroke_downstroke_ratio_long_square,-0.3242134829868829,3.1085853009255768e-89
157,ACSL3,Acsl3,phenotype-constrained,latencyMultiplier,0.9808014007309275,upstroke_downstroke_ratio_long_square,-0.3242134829868829,3.1085853009255768e-89
157,ACSL3,Acsl3,phenotype-constrained,sagMultiplier,0.9658542937692838,upstroke_downstroke_ratio_long_square,-0.3242134829868829,3.1085853009255768e-89
157,ACSL3,Acsl3,phenotype-constrained,thresholdCurrentMultiplier,1.0536158910169522,upstroke_downstroke_ratio_long_square,-0.3242134829868829,3.1085853009255768e-89
157,ACSL3,Acsl3,phenotype-constrained,thresholdVoltageShift_mV,0.2527474061464716,upstroke_downstroke_ratio_long_square,-0.3242134829868829,3.1085853009255768e-89
157,ACSL3,Acsl3,phenotype-constrained,spikeKineticsMultiplier,0.9073164022364453,upstroke_downstroke_ratio_long_square,-0.3242134829868829,3.1085853009255768e-89
158,TLL1,Tll1,phenotype-constrained,vRestShift_mV,-0.25850654697947,threshold_i_long_square,0.2975145504445494,2.131810717900048e-74
158,TLL1,Tll1,phenotype-constrained,inputResistanceMultiplier,0.9186968786464855,threshold_i_long_square,0.2975145504445494,2.131810717900048e-74
158,TLL1,Tll1,phenotype-constrained,tauMultiplier,0.9154992862372914,threshold_i_long_square,0.2975145504445494,2.131810717900048e-74
158,TLL1,Tll1,phenotype-constrained,fiGainMultiplier,1.1391017729496902,threshold_i_long_square,0.2975145504445494,2.131810717900048e-74
158,TLL1,Tll1,phenotype-constrained,adaptationMultiplier,0.911921257721212,threshold_i_long_square,0.2975145504445494,2.131810717900048e-74
158,TLL1,Tll1,phenotype-constrained,latencyMultiplier,0.9829289586407032,threshold_i_long_square,0.2975145504445494,2.131810717900048e-74
158,TLL1,Tll1,phenotype-constrained,sagMultiplier,0.9278880567900275,threshold_i_long_square,0.2975145504445494,2.131810717900048e-74
158,TLL1,Tll1,phenotype-constrained,thresholdCurrentMultiplier,1.10974481517531,threshold_i_long_square,0.2975145504445494,2.131810717900048e-74
158,TLL1,Tll1,phenotype-constrained,thresholdVoltageShift_mV,0.48685988092447585,threshold_i_long_square,0.2975145504445494,2.131810717900048e-74
158,TLL1,Tll1,phenotype-constrained,spikeKineticsMultiplier,0.9239269531620014,threshold_i_long_square,0.2975145504445494,2.131810717900048e-74
159,TRPS1,Trps1,conductance-aware,vRestShift_mV,-0.328519149385794,tau,-0.3663503788247894,3.7790159721732923e-115
159,TRPS1,Trps1,conductance-aware,inputResistanceMultiplier,0.9005415511617021,tau,-0.3663503788247894,3.7790159721732923e-115
159,TRPS1,Trps1,conductance-aware,tauMultiplier,0.8959191417630411,tau,-0.3663503788247894,3.7790159721732923e-115
159,TRPS1,Trps1,conductance-aware,fiGainMultiplier,1.127437644405238,tau,-0.3663503788247894,3.7790159721732923e-115
159,TRPS1,Trps1,conductance-aware,adaptationMultiplier,0.8876468941622333,tau,-0.3663503788247894,3.7790159721732923e-115
159,TRPS1,Trps1,conductance-aware,latencyMultiplier,0.997685244729861,tau,-0.3663503788247894,3.7790159721732923e-115
159,TRPS1,Trps1,conductance-aware,sagMultiplier,0.9183387939267013,tau,-0.3663503788247894,3.7790159721732923e-115
159,TRPS1,Trps1,conductance-aware,thresholdCurrentMultiplier,1.1298228598068243,tau,-0.3663503788247894,3.7790159721732923e-115
159,TRPS1,Trps1,conductance-aware,thresholdVoltageShift_mV,0.6607402735380871,tau,-0.3663503788247894,3.7790159721732923e-115
159,TRPS1,Trps1,conductance-aware,spikeKineticsMultiplier,0.9220189226463331,tau,-0.3663503788247894,3.7790159721732923e-115
160,GNG2,Gng2,phenotype-constrained,vRestShift_mV,0.4687258865060404,tau,0.2948459444250981,4.20958029698822e-73
160,GNG2,Gng2,phenotype-constrained,inputResistanceMultiplier,1.0822690680675466,tau,0.2948459444250981,4.20958029698822e-73
160,GNG2,Gng2,phenotype-constrained,tauMultiplier,1.0924837604795616,tau,0.2948459444250981,4.20958029698822e-73
160,GNG2,Gng2,phenotype-constrained,fiGainMultiplier,0.8961519504798052,tau,0.2948459444250981,4.20958029698822e-73
160,GNG2,Gng2,phenotype-constrained,adaptationMultiplier,1.0873772029701856,tau,0.2948459444250981,4.20958029698822e-73
160,GNG2,Gng2,phenotype-constrained,latencyMultiplier,1.019686460498473,tau,0.2948459444250981,4.20958029698822e-73
160,GNG2,Gng2,phenotype-constrained,sagMultiplier,1.0498252515456528,tau,0.2948459444250981,4.20958029698822e-73
160,GNG2,Gng2,phenotype-constrained,thresholdCurrentMultiplier,0.9179678817976431,tau,0.2948459444250981,4.20958029698822e-73
160,GNG2,Gng2,phenotype-constrained,thresholdVoltageShift_mV,-0.2485076222994762,tau,0.2948459444250981,4.20958029698822e-73
160,GNG2,Gng2,phenotype-constrained,spikeKineticsMultiplier,1.0818644664328518,tau,0.2948459444250981,4.20958029698822e-73
161,LHFPL3,Lhfpl3,phenotype-constrained,vRestShift_mV,0.6014329745474964,tau,0.4079795952717658,4.694742347895695e-145
161,LHFPL3,Lhfpl3,phenotype-constrained,inputResistanceMultiplier,1.077391708602024,tau,0.4079795952717658,4.694742347895695e-145
161,LHFPL3,Lhfpl3,phenotype-constrained,tauMultiplier,1.1301991753701284,tau,0.4079795952717658,4.694742347895695e-145
161,LHFPL3,Lhfpl3,phenotype-constrained,fiGainMultiplier,0.9085868363048536,tau,0.4079795952717658,4.694742347895695e-145
161,LHFPL3,Lhfpl3,phenotype-constrained,adaptationMultiplier,1.122140399156457,tau,0.4079795952717658,4.694742347895695e-145
161,LHFPL3,Lhfpl3,phenotype-constrained,latencyMultiplier,1.0395007865178212,tau,0.4079795952717658,4.694742347895695e-145
161,LHFPL3,Lhfpl3,phenotype-constrained,sagMultiplier,1.079940522780202,tau,0.4079795952717658,4.694742347895695e-145
161,LHFPL3,Lhfpl3,phenotype-constrained,thresholdCurrentMultiplier,0.9232336552967642,tau,0.4079795952717658,4.694742347895695e-145
161,LHFPL3,Lhfpl3,phenotype-constrained,thresholdVoltageShift_mV,-0.4833803933562663,tau,0.4079795952717658,4.694742347895695e-145
161,LHFPL3,Lhfpl3,phenotype-constrained,spikeKineticsMultiplier,1.005800014501905,tau,0.4079795952717658,4.694742347895695e-145
162,KLF12,Klf12,phenotype-constrained,vRestShift_mV,-0.1945002930351288,upstroke_downstroke_ratio_long_square,-0.4070731648870101,1.3966445850909864e-144
162,KLF12,Klf12,phenotype-constrained,inputResistanceMultiplier,0.9638934365209757,upstroke_downstroke_ratio_long_square,-0.4070731648870101,1.3966445850909864e-144
162,KLF12,Klf12,phenotype-constrained,tauMultiplier,0.9841547783203574,upstroke_downstroke_ratio_long_square,-0.4070731648870101,1.3966445850909864e-144
162,KLF12,Klf12,phenotype-constrained,fiGainMultiplier,1.1009404583464768,upstroke_downstroke_ratio_long_square,-0.4070731648870101,1.3966445850909864e-144
162,KLF12,Klf12,phenotype-constrained,adaptationMultiplier,0.9661235003119157,upstroke_downstroke_ratio_long_square,-0.4070731648870101,1.3966445850909864e-144
162,KLF12,Klf12,phenotype-constrained,latencyMultiplier,1.0049917863904183,upstroke_downstroke_ratio_long_square,-0.4070731648870101,1.3966445850909864e-144
162,KLF12,Klf12,phenotype-constrained,sagMultiplier,1.0052255465865385,upstroke_downstroke_ratio_long_square,-0.4070731648870101,1.3966445850909864e-144
162,KLF12,Klf12,phenotype-constrained,thresholdCurrentMultiplier,1.0574826156933306,upstroke_downstroke_ratio_long_square,-0.4070731648870101,1.3966445850909864e-144
162,KLF12,Klf12,phenotype-constrained,thresholdVoltageShift_mV,0.23216586585954063,upstroke_downstroke_ratio_long_square,-0.4070731648870101,1.3966445850909864e-144
162,KLF12,Klf12,phenotype-constrained,spikeKineticsMultiplier,0.8850404317132169,upstroke_downstroke_ratio_long_square,-0.4070731648870101,1.3966445850909864e-144
163,HDAC9,Hdac9,phenotype-constrained,vRestShift_mV,-0.0135159636528644,upstroke_downstroke_ratio_long_square,0.4054545649405004,2.4501549771841293e-143
163,HDAC9,Hdac9,phenotype-constrained,inputResistanceMultiplier,1.0283427490900847,upstroke_downstroke_ratio_long_square,0.4054545649405004,2.4501549771841293e-143
163,HDAC9,Hdac9,phenotype-constrained,tauMultiplier,0.9884369002565511,upstroke_downstroke_ratio_long_square,0.4054545649405004,2.4501549771841293e-143
163,HDAC9,Hdac9,phenotype-constrained,fiGainMultiplier,0.8990837427191887,upstroke_downstroke_ratio_long_square,0.4054545649405004,2.4501549771841293e-143
163,HDAC9,Hdac9,phenotype-constrained,adaptationMultiplier,1.0423078139479705,upstroke_downstroke_ratio_long_square,0.4054545649405004,2.4501549771841293e-143
163,HDAC9,Hdac9,phenotype-constrained,latencyMultiplier,0.9847792290535382,upstroke_downstroke_ratio_long_square,0.4054545649405004,2.4501549771841293e-143
163,HDAC9,Hdac9,phenotype-constrained,sagMultiplier,0.9797486639310242,upstroke_downstroke_ratio_long_square,0.4054545649405004,2.4501549771841293e-143
163,HDAC9,Hdac9,phenotype-constrained,thresholdCurrentMultiplier,0.9571867215540403,upstroke_downstroke_ratio_long_square,0.4054545649405004,2.4501549771841293e-143
163,HDAC9,Hdac9,phenotype-constrained,thresholdVoltageShift_mV,-0.0975642526900911,upstroke_downstroke_ratio_long_square,0.4054545649405004,2.4501549771841293e-143
163,HDAC9,Hdac9,phenotype-constrained,spikeKineticsMultiplier,1.129343363394277,upstroke_downstroke_ratio_long_square,0.4054545649405004,2.4501549771841293e-143
164,BEX1,Bex1,phenotype-constrained,vRestShift_mV,0.2575202739795172,upstroke_downstroke_ratio_long_square,0.3171776342766524,2.9155079615595975e-85
164,BEX1,Bex1,phenotype-constrained,inputResistanceMultiplier,1.0852866440755902,upstroke_downstroke_ratio_long_square,0.3171776342766524,2.9155079615595975e-85
164,BEX1,Bex1,phenotype-constrained,tauMultiplier,1.0598257121402075,upstroke_downstroke_ratio_long_square,0.3171776342766524,2.9155079615595975e-85
164,BEX1,Bex1,phenotype-constrained,fiGainMultiplier,0.9159984566103796,upstroke_downstroke_ratio_long_square,0.3171776342766524,2.9155079615595975e-85
164,BEX1,Bex1,phenotype-constrained,adaptationMultiplier,1.048378846917344,upstroke_downstroke_ratio_long_square,0.3171776342766524,2.9155079615595975e-85
164,BEX1,Bex1,phenotype-constrained,latencyMultiplier,1.0034111801622756,upstroke_downstroke_ratio_long_square,0.3171776342766524,2.9155079615595975e-85
164,BEX1,Bex1,phenotype-constrained,sagMultiplier,1.0310359066652046,upstroke_downstroke_ratio_long_square,0.3171776342766524,2.9155079615595975e-85
164,BEX1,Bex1,phenotype-constrained,thresholdCurrentMultiplier,0.9093907345138725,upstroke_downstroke_ratio_long_square,0.3171776342766524,2.9155079615595975e-85
164,BEX1,Bex1,phenotype-constrained,thresholdVoltageShift_mV,-0.2503999614537651,upstroke_downstroke_ratio_long_square,0.3171776342766524,2.9155079615595975e-85
164,BEX1,Bex1,phenotype-constrained,spikeKineticsMultiplier,1.099827435063707,upstroke_downstroke_ratio_long_square,0.3171776342766524,2.9155079615595975e-85
165,LRFN2,Lrfn2,phenotype-constrained,vRestShift_mV,0.227345219940616,upstroke_downstroke_ratio_long_square,0.316623048416241,5.922483011379934e-85
165,LRFN2,Lrfn2,phenotype-constrained,inputResistanceMultiplier,1.0715954962653613,upstroke_downstroke_ratio_long_square,0.316623048416241,5.922483011379934e-85
165,LRFN2,Lrfn2,phenotype-constrained,tauMultiplier,1.0600324970330923,upstroke_downstroke_ratio_long_square,0.316623048416241,5.922483011379934e-85
165,LRFN2,Lrfn2,phenotype-constrained,fiGainMultiplier,0.8828105935793922,upstroke_downstroke_ratio_long_square,0.316623048416241,5.922483011379934e-85
165,LRFN2,Lrfn2,phenotype-constrained,adaptationMultiplier,1.0967519323197539,upstroke_downstroke_ratio_long_square,0.316623048416241,5.922483011379934e-85
165,LRFN2,Lrfn2,phenotype-constrained,latencyMultiplier,0.9972835687151772,upstroke_downstroke_ratio_long_square,0.316623048416241,5.922483011379934e-85
165,LRFN2,Lrfn2,phenotype-constrained,sagMultiplier,1.0505984806297022,upstroke_downstroke_ratio_long_square,0.316623048416241,5.922483011379934e-85
165,LRFN2,Lrfn2,phenotype-constrained,thresholdCurrentMultiplier,0.907889969281226,upstroke_downstroke_ratio_long_square,0.316623048416241,5.922483011379934e-85
165,LRFN2,Lrfn2,phenotype-constrained,thresholdVoltageShift_mV,-0.3535848683113569,upstroke_downstroke_ratio_long_square,0.316623048416241,5.922483011379934e-85
165,LRFN2,Lrfn2,phenotype-constrained,spikeKineticsMultiplier,1.099644465661652,upstroke_downstroke_ratio_long_square,0.316623048416241,5.922483011379934e-85
166,CACNG3,Cacng3,conductance-aware,vRestShift_mV,0.5214628258809428,tau,0.358963479505868,2.875346727629904e-110
166,CACNG3,Cacng3,conductance-aware,inputResistanceMultiplier,1.0629095032192764,tau,0.358963479505868,2.875346727629904e-110
166,CACNG3,Cacng3,conductance-aware,tauMultiplier,1.1137013792457386,tau,0.358963479505868,2.875346727629904e-110
166,CACNG3,Cacng3,conductance-aware,fiGainMultiplier,0.9844258427723753,tau,0.358963479505868,2.875346727629904e-110
166,CACNG3,Cacng3,conductance-aware,adaptationMultiplier,1.0649583771452937,tau,0.358963479505868,2.875346727629904e-110
166,CACNG3,Cacng3,conductance-aware,latencyMultiplier,1.0587276530980145,tau,0.358963479505868,2.875346727629904e-110
166,CACNG3,Cacng3,conductance-aware,sagMultiplier,1.0697247985968945,tau,0.358963479505868,2.875346727629904e-110
166,CACNG3,Cacng3,conductance-aware,thresholdCurrentMultiplier,0.9469726117440722,tau,0.358963479505868,2.875346727629904e-110
166,CACNG3,Cacng3,conductance-aware,thresholdVoltageShift_mV,-0.22550546646567152,tau,0.358963479505868,2.875346727629904e-110
166,CACNG3,Cacng3,conductance-aware,spikeKineticsMultiplier,0.9547268515267763,tau,0.358963479505868,2.875346727629904e-110
167,SNCA,Snca,phenotype-constrained,vRestShift_mV,0.3504300980891484,upstroke_downstroke_ratio_long_square,0.3583776021786596,4.350904091924775e-110
167,SNCA,Snca,phenotype-constrained,inputResistanceMultiplier,1.0626988849208894,upstroke_downstroke_ratio_long_square,0.3583776021786596,4.350904091924775e-110
167,SNCA,Snca,phenotype-constrained,tauMultiplier,1.0495037216647485,upstroke_downstroke_ratio_long_square,0.3583776021786596,4.350904091924775e-110
167,SNCA,Snca,phenotype-constrained,fiGainMultiplier,0.9110240679628219,upstroke_downstroke_ratio_long_square,0.3583776021786596,4.350904091924775e-110
167,SNCA,Snca,phenotype-constrained,adaptationMultiplier,1.0454011439382853,upstroke_downstroke_ratio_long_square,0.3583776021786596,4.350904091924775e-110
167,SNCA,Snca,phenotype-constrained,latencyMultiplier,1.0269047994177198,upstroke_downstroke_ratio_long_square,0.3583776021786596,4.350904091924775e-110
167,SNCA,Snca,phenotype-constrained,sagMultiplier,1.0386561344278307,upstroke_downstroke_ratio_long_square,0.3583776021786596,4.350904091924775e-110
167,SNCA,Snca,phenotype-constrained,thresholdCurrentMultiplier,0.9359499119360745,upstroke_downstroke_ratio_long_square,0.3583776021786596,4.350904091924775e-110
167,SNCA,Snca,phenotype-constrained,thresholdVoltageShift_mV,-0.0713875741153224,upstroke_downstroke_ratio_long_square,0.3583776021786596,4.350904091924775e-110
167,SNCA,Snca,phenotype-constrained,spikeKineticsMultiplier,1.113505648731139,upstroke_downstroke_ratio_long_square,0.3583776021786596,4.350904091924775e-110
168,NKAIN3,Nkain3,phenotype-constrained,vRestShift_mV,0.693854024244138,threshold_i_ramp,-0.291885322928208,2.031439337055178e-71
168,NKAIN3,Nkain3,phenotype-constrained,inputResistanceMultiplier,1.088135487002471,threshold_i_ramp,-0.291885322928208,2.031439337055178e-71
168,NKAIN3,Nkain3,phenotype-constrained,tauMultiplier,1.0877727132932116,threshold_i_ramp,-0.291885322928208,2.031439337055178e-71
168,NKAIN3,Nkain3,phenotype-constrained,fiGainMultiplier,0.8896590332816583,threshold_i_ramp,-0.291885322928208,2.031439337055178e-71
168,NKAIN3,Nkain3,phenotype-constrained,adaptationMultiplier,1.063878402308138,threshold_i_ramp,-0.291885322928208,2.031439337055178e-71
168,NKAIN3,Nkain3,phenotype-constrained,latencyMultiplier,1.0442802194857215,threshold_i_ramp,-0.291885322928208,2.031439337055178e-71
168,NKAIN3,Nkain3,phenotype-constrained,sagMultiplier,1.025629440891719,threshold_i_ramp,-0.291885322928208,2.031439337055178e-71
168,NKAIN3,Nkain3,phenotype-constrained,thresholdCurrentMultiplier,0.9077864315200563,threshold_i_ramp,-0.291885322928208,2.031439337055178e-71
168,NKAIN3,Nkain3,phenotype-constrained,thresholdVoltageShift_mV,-0.2142843994031583,threshold_i_ramp,-0.291885322928208,2.031439337055178e-71
168,NKAIN3,Nkain3,phenotype-constrained,spikeKineticsMultiplier,1.0858089290314183,threshold_i_ramp,-0.291885322928208,2.031439337055178e-71
169,DCC,Dcc,phenotype-constrained,vRestShift_mV,0.303343799550414,threshold_i_long_square,-0.3155695684316359,5.5216418587310435e-84
169,DCC,Dcc,phenotype-constrained,inputResistanceMultiplier,1.096548105003075,threshold_i_long_square,-0.3155695684316359,5.5216418587310435e-84
169,DCC,Dcc,phenotype-constrained,tauMultiplier,1.0808693986690734,threshold_i_long_square,-0.3155695684316359,5.5216418587310435e-84
169,DCC,Dcc,phenotype-constrained,fiGainMultiplier,0.9476331611360127,threshold_i_long_square,-0.3155695684316359,5.5216418587310435e-84
169,DCC,Dcc,phenotype-constrained,adaptationMultiplier,1.086593240907206,threshold_i_long_square,-0.3155695684316359,5.5216418587310435e-84
169,DCC,Dcc,phenotype-constrained,latencyMultiplier,0.9642627933575689,threshold_i_long_square,-0.3155695684316359,5.5216418587310435e-84
169,DCC,Dcc,phenotype-constrained,sagMultiplier,1.0680560648450999,threshold_i_long_square,-0.3155695684316359,5.5216418587310435e-84
169,DCC,Dcc,phenotype-constrained,thresholdCurrentMultiplier,0.8954316835948944,threshold_i_long_square,-0.3155695684316359,5.5216418587310435e-84
169,DCC,Dcc,phenotype-constrained,thresholdVoltageShift_mV,-0.32615065792566655,threshold_i_long_square,-0.3155695684316359,5.5216418587310435e-84
169,DCC,Dcc,phenotype-constrained,spikeKineticsMultiplier,1.0471814238377206,threshold_i_long_square,-0.3155695684316359,5.5216418587310435e-84
170,BASP1,Basp1,phenotype-constrained,vRestShift_mV,0.4190934754818736,threshold_i_long_square,-0.3147433421504567,1.5667556738156802e-83
170,BASP1,Basp1,phenotype-constrained,inputResistanceMultiplier,1.0972228851468426,threshold_i_long_square,-0.3147433421504567,1.5667556738156802e-83
170,BASP1,Basp1,phenotype-constrained,tauMultiplier,1.0923020793266771,threshold_i_long_square,-0.3147433421504567,1.5667556738156802e-83
170,BASP1,Basp1,phenotype-constrained,fiGainMultiplier,0.9085040615195412,threshold_i_long_square,-0.3147433421504567,1.5667556738156802e-83
170,BASP1,Basp1,phenotype-constrained,adaptationMultiplier,1.0952520534586307,threshold_i_long_square,-0.3147433421504567,1.5667556738156802e-83
170,BASP1,Basp1,phenotype-constrained,latencyMultiplier,1.0037286500783966,threshold_i_long_square,-0.3147433421504567,1.5667556738156802e-83
170,BASP1,Basp1,phenotype-constrained,sagMultiplier,1.0801008289956358,threshold_i_long_square,-0.3147433421504567,1.5667556738156802e-83
170,BASP1,Basp1,phenotype-constrained,thresholdCurrentMultiplier,0.8956906612550611,threshold_i_long_square,-0.3147433421504567,1.5667556738156802e-83
170,BASP1,Basp1,phenotype-constrained,thresholdVoltageShift_mV,-0.308221565656647,threshold_i_long_square,-0.3147433421504567,1.5667556738156802e-83
170,BASP1,Basp1,phenotype-constrained,spikeKineticsMultiplier,1.0618644567401083,threshold_i_long_square,-0.3147433421504567,1.5667556738156802e-83
171,EPHB6,Ephb6,phenotype-constrained,vRestShift_mV,-0.1176656451789528,upstroke_downstroke_ratio_long_square,-0.3982448690126545,7.098601709689965e-138
171,EPHB6,Ephb6,phenotype-constrained,inputResistanceMultiplier,0.9858009183540374,upstroke_downstroke_ratio_long_square,-0.3982448690126545,7.098601709689965e-138
171,EPHB6,Ephb6,phenotype-constrained,tauMultiplier,1.0409426035367644,upstroke_downstroke_ratio_long_square,-0.3982448690126545,7.098601709689965e-138
171,EPHB6,Ephb6,phenotype-constrained,fiGainMultiplier,1.0837703965306171,upstroke_downstroke_ratio_long_square,-0.3982448690126545,7.098601709689965e-138
171,EPHB6,Ephb6,phenotype-constrained,adaptationMultiplier,0.9812890217493475,upstroke_downstroke_ratio_long_square,-0.3982448690126545,7.098601709689965e-138
171,EPHB6,Ephb6,phenotype-constrained,latencyMultiplier,1.0525651561069613,upstroke_downstroke_ratio_long_square,-0.3982448690126545,7.098601709689965e-138
171,EPHB6,Ephb6,phenotype-constrained,sagMultiplier,1.0313296606580267,upstroke_downstroke_ratio_long_square,-0.3982448690126545,7.098601709689965e-138
171,EPHB6,Ephb6,phenotype-constrained,thresholdCurrentMultiplier,1.0221702275908613,upstroke_downstroke_ratio_long_square,-0.3982448690126545,7.098601709689965e-138
171,EPHB6,Ephb6,phenotype-constrained,thresholdVoltageShift_mV,-0.0033420199129701005,upstroke_downstroke_ratio_long_square,-0.3982448690126545,7.098601709689965e-138
171,EPHB6,Ephb6,phenotype-constrained,spikeKineticsMultiplier,0.8873875581477977,upstroke_downstroke_ratio_long_square,-0.3982448690126545,7.098601709689965e-138
172,BMPER,Bmper,phenotype-constrained,vRestShift_mV,0.548818408769136,threshold_i_long_square,-0.314654463526209,1.728743763853135e-83
172,BMPER,Bmper,phenotype-constrained,inputResistanceMultiplier,1.0807072355078589,threshold_i_long_square,-0.314654463526209,1.728743763853135e-83
172,BMPER,Bmper,phenotype-constrained,tauMultiplier,1.0634667066437455,threshold_i_long_square,-0.314654463526209,1.728743763853135e-83
172,BMPER,Bmper,phenotype-constrained,fiGainMultiplier,0.9364984059426072,threshold_i_long_square,-0.314654463526209,1.728743763853135e-83
172,BMPER,Bmper,phenotype-constrained,adaptationMultiplier,1.0655226961784223,threshold_i_long_square,-0.314654463526209,1.728743763853135e-83
172,BMPER,Bmper,phenotype-constrained,latencyMultiplier,0.9943438905633881,threshold_i_long_square,-0.314654463526209,1.728743763853135e-83
172,BMPER,Bmper,phenotype-constrained,sagMultiplier,1.0184514749888502,threshold_i_long_square,-0.314654463526209,1.728743763853135e-83
172,BMPER,Bmper,phenotype-constrained,thresholdCurrentMultiplier,0.895718524402239,threshold_i_long_square,-0.314654463526209,1.728743763853135e-83
172,BMPER,Bmper,phenotype-constrained,thresholdVoltageShift_mV,-0.1767777770853381,threshold_i_long_square,-0.314654463526209,1.728743763853135e-83
172,BMPER,Bmper,phenotype-constrained,spikeKineticsMultiplier,1.0604190004500862,threshold_i_long_square,-0.314654463526209,1.728743763853135e-83
173,SLC6A1,Slc6a1,phenotype-constrained,vRestShift_mV,-0.6213236606395416,tau,-0.3971584533690068,7.274204666661934e-137
173,SLC6A1,Slc6a1,phenotype-constrained,inputResistanceMultiplier,0.9084325603774487,tau,-0.3971584533690068,7.274204666661934e-137
173,SLC6A1,Slc6a1,phenotype-constrained,tauMultiplier,0.8876768268026808,tau,-0.3971584533690068,7.274204666661934e-137
173,SLC6A1,Slc6a1,phenotype-constrained,fiGainMultiplier,1.068129055571276,tau,-0.3971584533690068,7.274204666661934e-137
173,SLC6A1,Slc6a1,phenotype-constrained,adaptationMultiplier,0.8932251274847453,tau,-0.3971584533690068,7.274204666661934e-137
173,SLC6A1,Slc6a1,phenotype-constrained,latencyMultiplier,1.004502010628142,tau,-0.3971584533690068,7.274204666661934e-137
173,SLC6A1,Slc6a1,phenotype-constrained,sagMultiplier,0.9298115692829788,tau,-0.3971584533690068,7.274204666661934e-137
173,SLC6A1,Slc6a1,phenotype-constrained,thresholdCurrentMultiplier,1.1232780309728925,tau,-0.3971584533690068,7.274204666661934e-137
173,SLC6A1,Slc6a1,phenotype-constrained,thresholdVoltageShift_mV,0.5953135352187042,tau,-0.3971584533690068,7.274204666661934e-137
173,SLC6A1,Slc6a1,phenotype-constrained,spikeKineticsMultiplier,0.9843363191412735,tau,-0.3971584533690068,7.274204666661934e-137
174,MPPED1,Mpped1,phenotype-constrained,vRestShift_mV,-0.2654694579798384,threshold_i_short_square,0.3947240982718284,1.0466784388289539e-133
174,MPPED1,Mpped1,phenotype-constrained,inputResistanceMultiplier,0.9379732973488051,threshold_i_short_square,0.3947240982718284,1.0466784388289539e-133
174,MPPED1,Mpped1,phenotype-constrained,tauMultiplier,1.0002440066165152,threshold_i_short_square,0.3947240982718284,1.0466784388289539e-133
174,MPPED1,Mpped1,phenotype-constrained,fiGainMultiplier,1.0393022774320104,threshold_i_short_square,0.3947240982718284,1.0466784388289539e-133
174,MPPED1,Mpped1,phenotype-constrained,adaptationMultiplier,0.9301168136943702,threshold_i_short_square,0.3947240982718284,1.0466784388289539e-133
174,MPPED1,Mpped1,phenotype-constrained,latencyMultiplier,1.1178267898134546,threshold_i_short_square,0.3947240982718284,1.0466784388289539e-133
174,MPPED1,Mpped1,phenotype-constrained,sagMultiplier,0.985339382789225,threshold_i_short_square,0.3947240982718284,1.0466784388289539e-133
174,MPPED1,Mpped1,phenotype-constrained,thresholdCurrentMultiplier,1.0893896108739114,threshold_i_short_square,0.3947240982718284,1.0466784388289539e-133
174,MPPED1,Mpped1,phenotype-constrained,thresholdVoltageShift_mV,0.0998343489863214,threshold_i_short_square,0.3947240982718284,1.0466784388289539e-133
174,MPPED1,Mpped1,phenotype-constrained,spikeKineticsMultiplier,0.9270934953141134,threshold_i_short_square,0.3947240982718284,1.0466784388289539e-133
175,USP25,Usp25,phenotype-constrained,vRestShift_mV,-0.138025780648934,upstroke_downstroke_ratio_long_square,-0.3536328490484959,4.755471430743202e-107
175,USP25,Usp25,phenotype-constrained,inputResistanceMultiplier,0.9514747572241853,upstroke_downstroke_ratio_long_square,-0.3536328490484959,4.755471430743202e-107
175,USP25,Usp25,phenotype-constrained,tauMultiplier,0.9682311485752543,upstroke_downstroke_ratio_long_square,-0.3536328490484959,4.755471430743202e-107
175,USP25,Usp25,phenotype-constrained,fiGainMultiplier,1.1175227585520378,upstroke_downstroke_ratio_long_square,-0.3536328490484959,4.755471430743202e-107
175,USP25,Usp25,phenotype-constrained,adaptationMultiplier,0.9468783479840589,upstroke_downstroke_ratio_long_square,-0.3536328490484959,4.755471430743202e-107
175,USP25,Usp25,phenotype-constrained,latencyMultiplier,0.9963448687948886,upstroke_downstroke_ratio_long_square,-0.3536328490484959,4.755471430743202e-107
175,USP25,Usp25,phenotype-constrained,sagMultiplier,0.9703899146250184,upstroke_downstroke_ratio_long_square,-0.3536328490484959,4.755471430743202e-107
175,USP25,Usp25,phenotype-constrained,thresholdCurrentMultiplier,1.0753543719569625,upstroke_downstroke_ratio_long_square,-0.3536328490484959,4.755471430743202e-107
175,USP25,Usp25,phenotype-constrained,thresholdVoltageShift_mV,0.2835762160305585,upstroke_downstroke_ratio_long_square,-0.3536328490484959,4.755471430743202e-107
175,USP25,Usp25,phenotype-constrained,spikeKineticsMultiplier,0.899343834161723,upstroke_downstroke_ratio_long_square,-0.3536328490484959,4.755471430743202e-107
176,STRBP,Strbp,phenotype-constrained,vRestShift_mV,-0.2402082385503068,upstroke_downstroke_ratio_long_square,-0.3127575527441888,7.990944446185755e-83
176,STRBP,Strbp,phenotype-constrained,inputResistanceMultiplier,0.94408326859286,upstroke_downstroke_ratio_long_square,-0.3127575527441888,7.990944446185755e-83
176,STRBP,Strbp,phenotype-constrained,tauMultiplier,0.9600607157010705,upstroke_downstroke_ratio_long_square,-0.3127575527441888,7.990944446185755e-83
176,STRBP,Strbp,phenotype-constrained,fiGainMultiplier,1.100543577118661,upstroke_downstroke_ratio_long_square,-0.3127575527441888,7.990944446185755e-83
176,STRBP,Strbp,phenotype-constrained,adaptationMultiplier,0.9367320809703896,upstroke_downstroke_ratio_long_square,-0.3127575527441888,7.990944446185755e-83
176,STRBP,Strbp,phenotype-constrained,latencyMultiplier,1.0003351113767598,upstroke_downstroke_ratio_long_square,-0.3127575527441888,7.990944446185755e-83
176,STRBP,Strbp,phenotype-constrained,sagMultiplier,0.9517627577372992,upstroke_downstroke_ratio_long_square,-0.3127575527441888,7.990944446185755e-83
176,STRBP,Strbp,phenotype-constrained,thresholdCurrentMultiplier,1.0787911381685888,upstroke_downstroke_ratio_long_square,-0.3127575527441888,7.990944446185755e-83
176,STRBP,Strbp,phenotype-constrained,thresholdVoltageShift_mV,0.2441410422100032,upstroke_downstroke_ratio_long_square,-0.3127575527441888,7.990944446185755e-83
176,STRBP,Strbp,phenotype-constrained,spikeKineticsMultiplier,0.9104400127651853,upstroke_downstroke_ratio_long_square,-0.3127575527441888,7.990944446185755e-83
177,CDH4,Cdh4,phenotype-constrained,vRestShift_mV,0.4999560927482208,tau,0.4784248213234987,1.6789293728117666e-206
177,CDH4,Cdh4,phenotype-constrained,inputResistanceMultiplier,1.1177051540938945,tau,0.4784248213234987,1.6789293728117666e-206
177,CDH4,Cdh4,phenotype-constrained,tauMultiplier,1.1543384928049305,tau,0.4784248213234987,1.6789293728117666e-206
177,CDH4,Cdh4,phenotype-constrained,fiGainMultiplier,0.9643803456780298,tau,0.4784248213234987,1.6789293728117666e-206
177,CDH4,Cdh4,phenotype-constrained,adaptationMultiplier,1.092509310922275,tau,0.4784248213234987,1.6789293728117666e-206
177,CDH4,Cdh4,phenotype-constrained,latencyMultiplier,1.0624138844447497,tau,0.4784248213234987,1.6789293728117666e-206
177,CDH4,Cdh4,phenotype-constrained,sagMultiplier,1.0974314154856066,tau,0.4784248213234987,1.6789293728117666e-206
177,CDH4,Cdh4,phenotype-constrained,thresholdCurrentMultiplier,0.8859499501152576,tau,0.4784248213234987,1.6789293728117666e-206
177,CDH4,Cdh4,phenotype-constrained,thresholdVoltageShift_mV,-0.4539031654798851,tau,0.4784248213234987,1.6789293728117666e-206
177,CDH4,Cdh4,phenotype-constrained,spikeKineticsMultiplier,0.9981032243773216,tau,0.4784248213234987,1.6789293728117666e-206
178,GAS7,Gas7,phenotype-constrained,vRestShift_mV,0.1008718060673084,upstroke_downstroke_ratio_long_square,0.3121033803862959,1.8197952556241708e-82
178,GAS7,Gas7,phenotype-constrained,inputResistanceMultiplier,1.0595509643615761,upstroke_downstroke_ratio_long_square,0.3121033803862959,1.8197952556241708e-82
178,GAS7,Gas7,phenotype-constrained,tauMultiplier,1.0595590686709007,upstroke_downstroke_ratio_long_square,0.3121033803862959,1.8197952556241708e-82
178,GAS7,Gas7,phenotype-constrained,fiGainMultiplier,0.925733285038933,upstroke_downstroke_ratio_long_square,0.3121033803862959,1.8197952556241708e-82
178,GAS7,Gas7,phenotype-constrained,adaptationMultiplier,1.0318085895811568,upstroke_downstroke_ratio_long_square,0.3121033803862959,1.8197952556241708e-82
178,GAS7,Gas7,phenotype-constrained,latencyMultiplier,1.0414890115259137,upstroke_downstroke_ratio_long_square,0.3121033803862959,1.8197952556241708e-82
178,GAS7,Gas7,phenotype-constrained,sagMultiplier,1.0567384415991776,upstroke_downstroke_ratio_long_square,0.3121033803862959,1.8197952556241708e-82
178,GAS7,Gas7,phenotype-constrained,thresholdCurrentMultiplier,0.9530179282299389,upstroke_downstroke_ratio_long_square,0.3121033803862959,1.8197952556241708e-82
178,GAS7,Gas7,phenotype-constrained,thresholdVoltageShift_mV,-0.19722233479532553,upstroke_downstroke_ratio_long_square,0.3121033803862959,1.8197952556241708e-82
178,GAS7,Gas7,phenotype-constrained,spikeKineticsMultiplier,1.098154467653655,upstroke_downstroke_ratio_long_square,0.3121033803862959,1.8197952556241708e-82
179,CAMTA1,Camta1,phenotype-constrained,vRestShift_mV,0.0129579170094632,upstroke_downstroke_ratio_long_square,-0.3512818438538124,1.4656178526112095e-105
179,CAMTA1,Camta1,phenotype-constrained,inputResistanceMultiplier,0.9669064730431713,upstroke_downstroke_ratio_long_square,-0.3512818438538124,1.4656178526112095e-105
179,CAMTA1,Camta1,phenotype-constrained,tauMultiplier,0.9787743257392314,upstroke_downstroke_ratio_long_square,-0.3512818438538124,1.4656178526112095e-105
179,CAMTA1,Camta1,phenotype-constrained,fiGainMultiplier,1.0794580060029104,upstroke_downstroke_ratio_long_square,-0.3512818438538124,1.4656178526112095e-105
179,CAMTA1,Camta1,phenotype-constrained,adaptationMultiplier,0.9743678667566116,upstroke_downstroke_ratio_long_square,-0.3512818438538124,1.4656178526112095e-105
179,CAMTA1,Camta1,phenotype-constrained,latencyMultiplier,0.9792041609076718,upstroke_downstroke_ratio_long_square,-0.3512818438538124,1.4656178526112095e-105
179,CAMTA1,Camta1,phenotype-constrained,sagMultiplier,0.992805025047917,upstroke_downstroke_ratio_long_square,-0.3512818438538124,1.4656178526112095e-105
179,CAMTA1,Camta1,phenotype-constrained,thresholdCurrentMultiplier,1.0549828250234818,upstroke_downstroke_ratio_long_square,-0.3512818438538124,1.4656178526112095e-105
179,CAMTA1,Camta1,phenotype-constrained,thresholdVoltageShift_mV,0.21641849687096493,upstroke_downstroke_ratio_long_square,-0.3512818438538124,1.4656178526112095e-105
179,CAMTA1,Camta1,phenotype-constrained,spikeKineticsMultiplier,0.8999783665115229,upstroke_downstroke_ratio_long_square,-0.3512818438538124,1.4656178526112095e-105
180,GDA,Gda,phenotype-constrained,vRestShift_mV,0.1765331077588324,tau,0.2886518788595677,5.325760801425253e-70
180,GDA,Gda,phenotype-constrained,inputResistanceMultiplier,1.0450079518808768,tau,0.2886518788595677,5.325760801425253e-70
180,GDA,Gda,phenotype-constrained,tauMultiplier,1.0904555706617702,tau,0.2886518788595677,5.325760801425253e-70
180,GDA,Gda,phenotype-constrained,fiGainMultiplier,0.9257449614500423,tau,0.2886518788595677,5.325760801425253e-70
180,GDA,Gda,phenotype-constrained,adaptationMultiplier,1.0304519160594194,tau,0.2886518788595677,5.325760801425253e-70
180,GDA,Gda,phenotype-constrained,latencyMultiplier,1.093918284069094,tau,0.2886518788595677,5.325760801425253e-70
180,GDA,Gda,phenotype-constrained,sagMultiplier,1.0565802298436182,tau,0.2886518788595677,5.325760801425253e-70
180,GDA,Gda,phenotype-constrained,thresholdCurrentMultiplier,0.9575706293883898,tau,0.2886518788595677,5.325760801425253e-70
180,GDA,Gda,phenotype-constrained,thresholdVoltageShift_mV,-0.32872088420568363,tau,0.2886518788595677,5.325760801425253e-70
180,GDA,Gda,phenotype-constrained,spikeKineticsMultiplier,1.0354201853242309,tau,0.2886518788595677,5.325760801425253e-70
181,CAP2,Cap2,phenotype-constrained,vRestShift_mV,-0.3598405852314796,threshold_i_short_square,0.3102769312057351,1.5443734098722335e-80
181,CAP2,Cap2,phenotype-constrained,inputResistanceMultiplier,0.9155608069521242,threshold_i_short_square,0.3102769312057351,1.5443734098722335e-80
181,CAP2,Cap2,phenotype-constrained,tauMultiplier,0.9502043708792021,threshold_i_short_square,0.3102769312057351,1.5443734098722335e-80
181,CAP2,Cap2,phenotype-constrained,fiGainMultiplier,1.0752023509037723,threshold_i_short_square,0.3102769312057351,1.5443734098722335e-80
181,CAP2,Cap2,phenotype-constrained,adaptationMultiplier,0.9169638914031055,threshold_i_short_square,0.3102769312057351,1.5443734098722335e-80
181,CAP2,Cap2,phenotype-constrained,latencyMultiplier,1.0657116717070587,threshold_i_short_square,0.3102769312057351,1.5443734098722335e-80
181,CAP2,Cap2,phenotype-constrained,sagMultiplier,0.976194427380372,threshold_i_short_square,0.3102769312057351,1.5443734098722335e-80
181,CAP2,Cap2,phenotype-constrained,thresholdCurrentMultiplier,1.114285703811577,threshold_i_short_square,0.3102769312057351,1.5443734098722335e-80
181,CAP2,Cap2,phenotype-constrained,thresholdVoltageShift_mV,0.3793041042478839,threshold_i_short_square,0.3102769312057351,1.5443734098722335e-80
181,CAP2,Cap2,phenotype-constrained,spikeKineticsMultiplier,0.9220295845669683,threshold_i_short_square,0.3102769312057351,1.5443734098722335e-80
182,SORBS2,Sorbs2,phenotype-constrained,vRestShift_mV,-0.2314583169228772,upstroke_downstroke_ratio_long_square,-0.3482110286077,1.248565010001331e-103
182,SORBS2,Sorbs2,phenotype-constrained,inputResistanceMultiplier,0.9555172244828857,upstroke_downstroke_ratio_long_square,-0.3482110286077,1.248565010001331e-103
182,SORBS2,Sorbs2,phenotype-constrained,tauMultiplier,0.9632791340554734,upstroke_downstroke_ratio_long_square,-0.3482110286077,1.248565010001331e-103
182,SORBS2,Sorbs2,phenotype-constrained,fiGainMultiplier,1.1170668471934688,upstroke_downstroke_ratio_long_square,-0.3482110286077,1.248565010001331e-103
182,SORBS2,Sorbs2,phenotype-constrained,adaptationMultiplier,0.9540449122886555,upstroke_downstroke_ratio_long_square,-0.3482110286077,1.248565010001331e-103
182,SORBS2,Sorbs2,phenotype-constrained,latencyMultiplier,0.9881764310035824,upstroke_downstroke_ratio_long_square,-0.3482110286077,1.248565010001331e-103
182,SORBS2,Sorbs2,phenotype-constrained,sagMultiplier,1.0162108720831564,upstroke_downstroke_ratio_long_square,-0.3482110286077,1.248565010001331e-103
182,SORBS2,Sorbs2,phenotype-constrained,thresholdCurrentMultiplier,1.0671282576888514,upstroke_downstroke_ratio_long_square,-0.3482110286077,1.248565010001331e-103
182,SORBS2,Sorbs2,phenotype-constrained,thresholdVoltageShift_mV,0.24860765068153348,upstroke_downstroke_ratio_long_square,-0.3482110286077,1.248565010001331e-103
182,SORBS2,Sorbs2,phenotype-constrained,spikeKineticsMultiplier,0.9008078487175655,upstroke_downstroke_ratio_long_square,-0.3482110286077,1.248565010001331e-103
183,NECAB1,Necab1,phenotype-constrained,vRestShift_mV,0.0314344157919784,upstroke_downstroke_ratio_long_square,0.4517914448680632,8.958761872639615e-182
183,NECAB1,Necab1,phenotype-constrained,inputResistanceMultiplier,1.0279701084521986,upstroke_downstroke_ratio_long_square,0.4517914448680632,8.958761872639615e-182
183,NECAB1,Necab1,phenotype-constrained,tauMultiplier,0.9802352918705863,upstroke_downstroke_ratio_long_square,0.4517914448680632,8.958761872639615e-182
183,NECAB1,Necab1,phenotype-constrained,fiGainMultiplier,0.915825394306739,upstroke_downstroke_ratio_long_square,0.4517914448680632,8.958761872639615e-182
183,NECAB1,Necab1,phenotype-constrained,adaptationMultiplier,1.0312211957215112,upstroke_downstroke_ratio_long_square,0.4517914448680632,8.958761872639615e-182
183,NECAB1,Necab1,phenotype-constrained,latencyMultiplier,0.9790743353464122,upstroke_downstroke_ratio_long_square,0.4517914448680632,8.958761872639615e-182
183,NECAB1,Necab1,phenotype-constrained,sagMultiplier,1.0011585477715452,upstroke_downstroke_ratio_long_square,0.4517914448680632,8.958761872639615e-182
183,NECAB1,Necab1,phenotype-constrained,thresholdCurrentMultiplier,0.9682023357726887,upstroke_downstroke_ratio_long_square,0.4517914448680632,8.958761872639615e-182
183,NECAB1,Necab1,phenotype-constrained,thresholdVoltageShift_mV,0.0991584720701781,upstroke_downstroke_ratio_long_square,0.4517914448680632,8.958761872639615e-182
183,NECAB1,Necab1,phenotype-constrained,spikeKineticsMultiplier,1.1451520620365034,upstroke_downstroke_ratio_long_square,0.4517914448680632,8.958761872639615e-182
184,UNC5D,Unc5d,phenotype-constrained,vRestShift_mV,-0.3794017727260964,threshold_i_short_square,0.3082445132877346,1.869165495648416e-79
184,UNC5D,Unc5d,phenotype-constrained,inputResistanceMultiplier,0.9239780105295387,threshold_i_short_square,0.3082445132877346,1.869165495648416e-79
184,UNC5D,Unc5d,phenotype-constrained,tauMultiplier,0.9540806695334233,threshold_i_short_square,0.3082445132877346,1.869165495648416e-79
184,UNC5D,Unc5d,phenotype-constrained,fiGainMultiplier,1.058693713992084,threshold_i_short_square,0.3082445132877346,1.869165495648416e-79
184,UNC5D,Unc5d,phenotype-constrained,adaptationMultiplier,0.8997612004727418,threshold_i_short_square,0.3082445132877346,1.869165495648416e-79
184,UNC5D,Unc5d,phenotype-constrained,latencyMultiplier,1.0813742065583947,threshold_i_short_square,0.3082445132877346,1.869165495648416e-79
184,UNC5D,Unc5d,phenotype-constrained,sagMultiplier,0.9123352185393111,threshold_i_short_square,0.3082445132877346,1.869165495648416e-79
184,UNC5D,Unc5d,phenotype-constrained,thresholdCurrentMultiplier,1.1085881538170084,threshold_i_short_square,0.3082445132877346,1.869165495648416e-79
184,UNC5D,Unc5d,phenotype-constrained,thresholdVoltageShift_mV,0.5901090441069279,threshold_i_short_square,0.3082445132877346,1.869165495648416e-79
184,UNC5D,Unc5d,phenotype-constrained,spikeKineticsMultiplier,0.9607973044200087,threshold_i_short_square,0.3082445132877346,1.869165495648416e-79
185,LAMP5,Lamp5,phenotype-constrained,vRestShift_mV,-0.3196920104686756,upstroke_downstroke_ratio_long_square,0.3066856171157245,1.5185895242796595e-79
185,LAMP5,Lamp5,phenotype-constrained,inputResistanceMultiplier,0.9324433756623034,upstroke_downstroke_ratio_long_square,0.3066856171157245,1.5185895242796595e-79
185,LAMP5,Lamp5,phenotype-constrained,tauMultiplier,0.9194225602800272,upstroke_downstroke_ratio_long_square,0.3066856171157245,1.5185895242796595e-79
185,LAMP5,Lamp5,phenotype-constrained,fiGainMultiplier,0.9427106645403371,upstroke_downstroke_ratio_long_square,0.3066856171157245,1.5185895242796595e-79
185,LAMP5,Lamp5,phenotype-constrained,adaptationMultiplier,0.9236016950978526,upstroke_downstroke_ratio_long_square,0.3066856171157245,1.5185895242796595e-79
185,LAMP5,Lamp5,phenotype-constrained,latencyMultiplier,1.0623200538795365,upstroke_downstroke_ratio_long_square,0.3066856171157245,1.5185895242796595e-79
185,LAMP5,Lamp5,phenotype-constrained,sagMultiplier,0.9728136526566198,upstroke_downstroke_ratio_long_square,0.3066856171157245,1.5185895242796595e-79
185,LAMP5,Lamp5,phenotype-constrained,thresholdCurrentMultiplier,1.076757357279158,upstroke_downstroke_ratio_long_square,0.3066856171157245,1.5185895242796595e-79
185,LAMP5,Lamp5,phenotype-constrained,thresholdVoltageShift_mV,0.3793936632804975,upstroke_downstroke_ratio_long_square,0.3066856171157245,1.5185895242796595e-79
185,LAMP5,Lamp5,phenotype-constrained,spikeKineticsMultiplier,1.0963710550802475,upstroke_downstroke_ratio_long_square,0.3066856171157245,1.5185895242796595e-79
186,FSTL4,Fstl4,phenotype-constrained,vRestShift_mV,-0.1061718416068256,upstroke_downstroke_ratio_long_square,0.445920401396863,1.4082607216386867e-176
186,FSTL4,Fstl4,phenotype-constrained,inputResistanceMultiplier,0.9834998500720784,upstroke_downstroke_ratio_long_square,0.445920401396863,1.4082607216386867e-176
186,FSTL4,Fstl4,phenotype-constrained,tauMultiplier,0.9161561938660742,upstroke_downstroke_ratio_long_square,0.445920401396863,1.4082607216386867e-176
186,FSTL4,Fstl4,phenotype-constrained,fiGainMultiplier,0.9473532682660283,upstroke_downstroke_ratio_long_square,0.445920401396863,1.4082607216386867e-176
186,FSTL4,Fstl4,phenotype-constrained,adaptationMultiplier,0.9676867101513903,upstroke_downstroke_ratio_long_square,0.445920401396863,1.4082607216386867e-176
186,FSTL4,Fstl4,phenotype-constrained,latencyMultiplier,0.982298738263541,upstroke_downstroke_ratio_long_square,0.445920401396863,1.4082607216386867e-176
186,FSTL4,Fstl4,phenotype-constrained,sagMultiplier,0.9497227699331993,upstroke_downstroke_ratio_long_square,0.445920401396863,1.4082607216386867e-176
186,FSTL4,Fstl4,phenotype-constrained,thresholdCurrentMultiplier,0.9961467656013022,upstroke_downstroke_ratio_long_square,0.445920401396863,1.4082607216386867e-176
186,FSTL4,Fstl4,phenotype-constrained,thresholdVoltageShift_mV,0.40730394616694643,upstroke_downstroke_ratio_long_square,0.445920401396863,1.4082607216386867e-176
186,FSTL4,Fstl4,phenotype-constrained,spikeKineticsMultiplier,1.143136865991801,upstroke_downstroke_ratio_long_square,0.445920401396863,1.4082607216386867e-176
187,GOT1,Got1,phenotype-constrained,vRestShift_mV,-0.2601836853080348,upstroke_downstroke_ratio_long_square,-0.2844082042074025,4.0708211483304006e-68
187,GOT1,Got1,phenotype-constrained,inputResistanceMultiplier,0.9252572029370263,upstroke_downstroke_ratio_long_square,-0.2844082042074025,4.0708211483304006e-68
187,GOT1,Got1,phenotype-constrained,tauMultiplier,0.9275667974980591,upstroke_downstroke_ratio_long_square,-0.2844082042074025,4.0708211483304006e-68
187,GOT1,Got1,phenotype-constrained,fiGainMultiplier,1.1012882006972384,upstroke_downstroke_ratio_long_square,-0.2844082042074025,4.0708211483304006e-68
187,GOT1,Got1,phenotype-constrained,adaptationMultiplier,0.9261118036004983,upstroke_downstroke_ratio_long_square,-0.2844082042074025,4.0708211483304006e-68
187,GOT1,Got1,phenotype-constrained,latencyMultiplier,0.9866266263899073,upstroke_downstroke_ratio_long_square,-0.2844082042074025,4.0708211483304006e-68
187,GOT1,Got1,phenotype-constrained,sagMultiplier,0.9652979693301021,upstroke_downstroke_ratio_long_square,-0.2844082042074025,4.0708211483304006e-68
187,GOT1,Got1,phenotype-constrained,thresholdCurrentMultiplier,1.1043021239028032,upstroke_downstroke_ratio_long_square,-0.2844082042074025,4.0708211483304006e-68
187,GOT1,Got1,phenotype-constrained,thresholdVoltageShift_mV,0.2502032345416344,upstroke_downstroke_ratio_long_square,-0.2844082042074025,4.0708211483304006e-68
187,GOT1,Got1,phenotype-constrained,spikeKineticsMultiplier,0.9182161475197663,upstroke_downstroke_ratio_long_square,-0.2844082042074025,4.0708211483304006e-68
188,TOX2,Tox2,phenotype-constrained,vRestShift_mV,-0.0382453833687848,threshold_i_short_square,0.3067153169159305,1.1918679477659266e-78
188,TOX2,Tox2,phenotype-constrained,inputResistanceMultiplier,0.9297758014903093,threshold_i_short_square,0.3067153169159305,1.1918679477659266e-78
188,TOX2,Tox2,phenotype-constrained,tauMultiplier,0.9754766665155225,threshold_i_short_square,0.3067153169159305,1.1918679477659266e-78
188,TOX2,Tox2,phenotype-constrained,fiGainMultiplier,1.0345922547666984,threshold_i_short_square,0.3067153169159305,1.1918679477659266e-78
188,TOX2,Tox2,phenotype-constrained,adaptationMultiplier,0.9186596091441596,threshold_i_short_square,0.3067153169159305,1.1918679477659266e-78
188,TOX2,Tox2,phenotype-constrained,latencyMultiplier,1.0904717642442001,threshold_i_short_square,0.3067153169159305,1.1918679477659266e-78
188,TOX2,Tox2,phenotype-constrained,sagMultiplier,0.9596161948092544,threshold_i_short_square,0.3067153169159305,1.1918679477659266e-78
188,TOX2,Tox2,phenotype-constrained,thresholdCurrentMultiplier,1.090962546320383,threshold_i_short_square,0.3067153169159305,1.1918679477659266e-78
188,TOX2,Tox2,phenotype-constrained,thresholdVoltageShift_mV,0.29711817753186753,threshold_i_short_square,0.3067153169159305,1.1918679477659266e-78
188,TOX2,Tox2,phenotype-constrained,spikeKineticsMultiplier,0.9475479716735216,threshold_i_short_square,0.3067153169159305,1.1918679477659266e-78
189,CALB1,Calb1,phenotype-constrained,vRestShift_mV,0.2161202085029692,tau,0.3383741131512869,2.505268374795688e-97
189,CALB1,Calb1,phenotype-constrained,inputResistanceMultiplier,1.0620563047411826,tau,0.3383741131512869,2.505268374795688e-97
189,CALB1,Calb1,phenotype-constrained,tauMultiplier,1.1068434593715386,tau,0.3383741131512869,2.505268374795688e-97
189,CALB1,Calb1,phenotype-constrained,fiGainMultiplier,1.0212407770602907,tau,0.3383741131512869,2.505268374795688e-97
189,CALB1,Calb1,phenotype-constrained,adaptationMultiplier,1.035691051325548,tau,0.3383741131512869,2.505268374795688e-97
189,CALB1,Calb1,phenotype-constrained,latencyMultiplier,1.075182070450598,tau,0.3383741131512869,2.505268374795688e-97
189,CALB1,Calb1,phenotype-constrained,sagMultiplier,1.10741030968091,tau,0.3383741131512869,2.505268374795688e-97
189,CALB1,Calb1,phenotype-constrained,thresholdCurrentMultiplier,0.9565731810496507,tau,0.3383741131512869,2.505268374795688e-97
189,CALB1,Calb1,phenotype-constrained,thresholdVoltageShift_mV,-0.3787574016399249,tau,0.3383741131512869,2.505268374795688e-97
189,CALB1,Calb1,phenotype-constrained,spikeKineticsMultiplier,0.9549803666632329,tau,0.3383741131512869,2.505268374795688e-97
190,ALK,Alk,phenotype-constrained,vRestShift_mV,-0.1691623994229704,threshold_i_long_square,0.302434836548171,6.110862464121597e-77
190,ALK,Alk,phenotype-constrained,inputResistanceMultiplier,0.9241829560936948,threshold_i_long_square,0.302434836548171,6.110862464121597e-77
190,ALK,Alk,phenotype-constrained,tauMultiplier,0.9398721420702647,threshold_i_long_square,0.302434836548171,6.110862464121597e-77
190,ALK,Alk,phenotype-constrained,fiGainMultiplier,1.039466634511345,threshold_i_long_square,0.302434836548171,6.110862464121597e-77
190,ALK,Alk,phenotype-constrained,adaptationMultiplier,0.9022311284462433,threshold_i_long_square,0.302434836548171,6.110862464121597e-77
190,ALK,Alk,phenotype-constrained,latencyMultiplier,1.074637557756904,threshold_i_long_square,0.302434836548171,6.110862464121597e-77
190,ALK,Alk,phenotype-constrained,sagMultiplier,0.9103231866846375,threshold_i_long_square,0.302434836548171,6.110862464121597e-77
190,ALK,Alk,phenotype-constrained,thresholdCurrentMultiplier,1.111657553363387,threshold_i_long_square,0.302434836548171,6.110862464121597e-77
190,ALK,Alk,phenotype-constrained,thresholdVoltageShift_mV,0.577995684594909,threshold_i_long_square,0.302434836548171,6.110862464121597e-77
190,ALK,Alk,phenotype-constrained,spikeKineticsMultiplier,0.9748319501360431,threshold_i_long_square,0.302434836548171,6.110862464121597e-77
191,RTN1,Rtn1,phenotype-constrained,vRestShift_mV,0.0622899765067816,upstroke_downstroke_ratio_long_square,0.3374358186444959,5.315255495956719e-97
191,RTN1,Rtn1,phenotype-constrained,inputResistanceMultiplier,1.088726927132327,upstroke_downstroke_ratio_long_square,0.3374358186444959,5.315255495956719e-97
191,RTN1,Rtn1,phenotype-constrained,tauMultiplier,1.0568344808292738,upstroke_downstroke_ratio_long_square,0.3374358186444959,5.315255495956719e-97
191,RTN1,Rtn1,phenotype-constrained,fiGainMultiplier,0.9099754262843652,upstroke_downstroke_ratio_long_square,0.3374358186444959,5.315255495956719e-97
191,RTN1,Rtn1,phenotype-constrained,adaptationMultiplier,1.0567629814251713,upstroke_downstroke_ratio_long_square,0.3374358186444959,5.315255495956719e-97
191,RTN1,Rtn1,phenotype-constrained,latencyMultiplier,1.0015446720345784,upstroke_downstroke_ratio_long_square,0.3374358186444959,5.315255495956719e-97
191,RTN1,Rtn1,phenotype-constrained,sagMultiplier,1.022715114987325,upstroke_downstroke_ratio_long_square,0.3374358186444959,5.315255495956719e-97
191,RTN1,Rtn1,phenotype-constrained,thresholdCurrentMultiplier,0.9064547121782923,upstroke_downstroke_ratio_long_square,0.3374358186444959,5.315255495956719e-97
191,RTN1,Rtn1,phenotype-constrained,thresholdVoltageShift_mV,-0.21561173969444103,upstroke_downstroke_ratio_long_square,0.3374358186444959,5.315255495956719e-97
191,RTN1,Rtn1,phenotype-constrained,spikeKineticsMultiplier,1.1065319396768365,upstroke_downstroke_ratio_long_square,0.3374358186444959,5.315255495956719e-97
192,RIMBP2,Rimbp2,phenotype-constrained,vRestShift_mV,-0.2842159477373048,threshold_i_long_square,0.2987958710572863,4.756350787216264e-75
192,RIMBP2,Rimbp2,phenotype-constrained,inputResistanceMultiplier,0.9182200005544245,threshold_i_long_square,0.2987958710572863,4.756350787216264e-75
192,RIMBP2,Rimbp2,phenotype-constrained,tauMultiplier,0.9374276528810044,threshold_i_long_square,0.2987958710572863,4.756350787216264e-75
192,RIMBP2,Rimbp2,phenotype-constrained,fiGainMultiplier,1.031968058749978,threshold_i_long_square,0.2987958710572863,4.756350787216264e-75
192,RIMBP2,Rimbp2,phenotype-constrained,adaptationMultiplier,0.9014761567699922,threshold_i_long_square,0.2987958710572863,4.756350787216264e-75
192,RIMBP2,Rimbp2,phenotype-constrained,latencyMultiplier,1.0639052573687033,threshold_i_long_square,0.2987958710572863,4.756350787216264e-75
192,RIMBP2,Rimbp2,phenotype-constrained,sagMultiplier,0.934454978640847,threshold_i_long_square,0.2987958710572863,4.756350787216264e-75
192,RIMBP2,Rimbp2,phenotype-constrained,thresholdCurrentMultiplier,1.1102426054043182,threshold_i_long_square,0.2987958710572863,4.756350787216264e-75
192,RIMBP2,Rimbp2,phenotype-constrained,thresholdVoltageShift_mV,0.4585341829836258,threshold_i_long_square,0.2987958710572863,4.756350787216264e-75
192,RIMBP2,Rimbp2,phenotype-constrained,spikeKineticsMultiplier,0.9665388529367942,threshold_i_long_square,0.2987958710572863,4.756350787216264e-75
193,RELN,Reln,phenotype-constrained,vRestShift_mV,0.2406370355855512,tau,0.335003159996817,2.543349994077101e-95
193,RELN,Reln,phenotype-constrained,inputResistanceMultiplier,1.0600782101348267,tau,0.335003159996817,2.543349994077101e-95
193,RELN,Reln,phenotype-constrained,tauMultiplier,1.1057246899295308,tau,0.335003159996817,2.543349994077101e-95
193,RELN,Reln,phenotype-constrained,fiGainMultiplier,0.9232629140512121,tau,0.335003159996817,2.543349994077101e-95
193,RELN,Reln,phenotype-constrained,adaptationMultiplier,1.062923647699476,tau,0.335003159996817,2.543349994077101e-95
193,RELN,Reln,phenotype-constrained,latencyMultiplier,1.0756214632955676,tau,0.335003159996817,2.543349994077101e-95
193,RELN,Reln,phenotype-constrained,sagMultiplier,1.066419548282495,tau,0.335003159996817,2.543349994077101e-95
193,RELN,Reln,phenotype-constrained,thresholdCurrentMultiplier,0.9570956742533677,tau,0.335003159996817,2.543349994077101e-95
193,RELN,Reln,phenotype-constrained,thresholdVoltageShift_mV,-0.5513603477620546,tau,0.335003159996817,2.543349994077101e-95
193,RELN,Reln,phenotype-constrained,spikeKineticsMultiplier,1.0397064418736202,tau,0.335003159996817,2.543349994077101e-95
194,RERG,Rerg,phenotype-constrained,vRestShift_mV,0.0399772539622036,upstroke_downstroke_ratio_long_square,-0.3799287939762393,1.2648007118743747e-124
194,RERG,Rerg,phenotype-constrained,inputResistanceMultiplier,0.9339062180031388,upstroke_downstroke_ratio_long_square,-0.3799287939762393,1.2648007118743747e-124
194,RERG,Rerg,phenotype-constrained,tauMultiplier,0.974800894867439,upstroke_downstroke_ratio_long_square,-0.3799287939762393,1.2648007118743747e-124
194,RERG,Rerg,phenotype-constrained,fiGainMultiplier,1.0684250190155755,upstroke_downstroke_ratio_long_square,-0.3799287939762393,1.2648007118743747e-124
194,RERG,Rerg,phenotype-constrained,adaptationMultiplier,0.9716943273125848,upstroke_downstroke_ratio_long_square,-0.3799287939762393,1.2648007118743747e-124
194,RERG,Rerg,phenotype-constrained,latencyMultiplier,0.9976035562710642,upstroke_downstroke_ratio_long_square,-0.3799287939762393,1.2648007118743747e-124
194,RERG,Rerg,phenotype-constrained,sagMultiplier,0.9438268178048498,upstroke_downstroke_ratio_long_square,-0.3799287939762393,1.2648007118743747e-124
194,RERG,Rerg,phenotype-constrained,thresholdCurrentMultiplier,1.0864857601573288,upstroke_downstroke_ratio_long_square,-0.3799287939762393,1.2648007118743747e-124
194,RERG,Rerg,phenotype-constrained,thresholdVoltageShift_mV,0.06723620492641891,upstroke_downstroke_ratio_long_square,-0.3799287939762393,1.2648007118743747e-124
194,RERG,Rerg,phenotype-constrained,spikeKineticsMultiplier,0.8922770163283525,upstroke_downstroke_ratio_long_square,-0.3799287939762393,1.2648007118743747e-124
195,EXOC4,Exoc4,phenotype-constrained,vRestShift_mV,-0.2335075233386972,upstroke_downstroke_ratio_long_square,-0.2976583672623678,8.871857185996754e-75
195,EXOC4,Exoc4,phenotype-constrained,inputResistanceMultiplier,0.9571381066979079,upstroke_downstroke_ratio_long_square,-0.2976583672623678,8.871857185996754e-75
195,EXOC4,Exoc4,phenotype-constrained,tauMultiplier,0.979007578666894,upstroke_downstroke_ratio_long_square,-0.2976583672623678,8.871857185996754e-75
195,EXOC4,Exoc4,phenotype-constrained,fiGainMultiplier,1.086137149843876,upstroke_downstroke_ratio_long_square,-0.2976583672623678,8.871857185996754e-75
195,EXOC4,Exoc4,phenotype-constrained,adaptationMultiplier,0.9552211104511176,upstroke_downstroke_ratio_long_square,-0.2976583672623678,8.871857185996754e-75
195,EXOC4,Exoc4,phenotype-constrained,latencyMultiplier,1.0158931195524321,upstroke_downstroke_ratio_long_square,-0.2976583672623678,8.871857185996754e-75
195,EXOC4,Exoc4,phenotype-constrained,sagMultiplier,0.9632631262878596,upstroke_downstroke_ratio_long_square,-0.2976583672623678,8.871857185996754e-75
195,EXOC4,Exoc4,phenotype-constrained,thresholdCurrentMultiplier,1.06026862899131,upstroke_downstroke_ratio_long_square,-0.2976583672623678,8.871857185996754e-75
195,EXOC4,Exoc4,phenotype-constrained,thresholdVoltageShift_mV,0.19485158451891782,upstroke_downstroke_ratio_long_square,-0.2976583672623678,8.871857185996754e-75
195,EXOC4,Exoc4,phenotype-constrained,spikeKineticsMultiplier,0.9145734381878965,upstroke_downstroke_ratio_long_square,-0.2976583672623678,8.871857185996754e-75
196,ADCY1,Adcy1,phenotype-constrained,vRestShift_mV,-0.3005902381617328,ri,-0.2968902614074152,5.083075097155371e-74
196,ADCY1,Adcy1,phenotype-constrained,inputResistanceMultiplier,0.9147842092349321,ri,-0.2968902614074152,5.083075097155371e-74
196,ADCY1,Adcy1,phenotype-constrained,tauMultiplier,0.9333501708521164,ri,-0.2968902614074152,5.083075097155371e-74
196,ADCY1,Adcy1,phenotype-constrained,fiGainMultiplier,1.059584807021918,ri,-0.2968902614074152,5.083075097155371e-74
196,ADCY1,Adcy1,phenotype-constrained,adaptationMultiplier,0.9181680821669091,ri,-0.2968902614074152,5.083075097155371e-74
196,ADCY1,Adcy1,phenotype-constrained,latencyMultiplier,1.0282256829383232,ri,-0.2968902614074152,5.083075097155371e-74
196,ADCY1,Adcy1,phenotype-constrained,sagMultiplier,0.953803617312473,ri,-0.2968902614074152,5.083075097155371e-74
196,ADCY1,Adcy1,phenotype-constrained,thresholdCurrentMultiplier,1.1047845305130433,ri,-0.2968902614074152,5.083075097155371e-74
196,ADCY1,Adcy1,phenotype-constrained,thresholdVoltageShift_mV,0.3141820850918739,ri,-0.2968902614074152,5.083075097155371e-74
196,ADCY1,Adcy1,phenotype-constrained,spikeKineticsMultiplier,0.9387269652546597,ri,-0.2968902614074152,5.083075097155371e-74
197,SPARCL1,Sparcl1,phenotype-constrained,vRestShift_mV,-0.3235658680592248,upstroke_downstroke_ratio_long_square,-0.2959530074500336,6.735222030885725e-74
197,SPARCL1,Sparcl1,phenotype-constrained,inputResistanceMultiplier,0.9306285779739087,upstroke_downstroke_ratio_long_square,-0.2959530074500336,6.735222030885725e-74
197,SPARCL1,Sparcl1,phenotype-constrained,tauMultiplier,0.9329895854922056,upstroke_downstroke_ratio_long_square,-0.2959530074500336,6.735222030885725e-74
197,SPARCL1,Sparcl1,phenotype-constrained,fiGainMultiplier,1.1142554689287876,upstroke_downstroke_ratio_long_square,-0.2959530074500336,6.735222030885725e-74
197,SPARCL1,Sparcl1,phenotype-constrained,adaptationMultiplier,0.93486421668324,upstroke_downstroke_ratio_long_square,-0.2959530074500336,6.735222030885725e-74
197,SPARCL1,Sparcl1,phenotype-constrained,latencyMultiplier,0.9698567194007723,upstroke_downstroke_ratio_long_square,-0.2959530074500336,6.735222030885725e-74
197,SPARCL1,Sparcl1,phenotype-constrained,sagMultiplier,0.9952777565653173,upstroke_downstroke_ratio_long_square,-0.2959530074500336,6.735222030885725e-74
197,SPARCL1,Sparcl1,phenotype-constrained,thresholdCurrentMultiplier,1.0956295175791109,upstroke_downstroke_ratio_long_square,-0.2959530074500336,6.735222030885725e-74
197,SPARCL1,Sparcl1,phenotype-constrained,thresholdVoltageShift_mV,0.22324315947218998,upstroke_downstroke_ratio_long_square,-0.2959530074500336,6.735222030885725e-74
197,SPARCL1,Sparcl1,phenotype-constrained,spikeKineticsMultiplier,0.91504146093584,upstroke_downstroke_ratio_long_square,-0.2959530074500336,6.735222030885725e-74
198,GNG4,Gng4,phenotype-constrained,vRestShift_mV,0.5235834821906884,ri,0.2953254532606509,3.222965268855232e-73
198,GNG4,Gng4,phenotype-constrained,inputResistanceMultiplier,1.092640928468561,ri,0.2953254532606509,3.222965268855232e-73
198,GNG4,Gng4,phenotype-constrained,tauMultiplier,1.0810459544409743,ri,0.2953254532606509,3.222965268855232e-73
198,GNG4,Gng4,phenotype-constrained,fiGainMultiplier,0.9131983220960522,ri,0.2953254532606509,3.222965268855232e-73
198,GNG4,Gng4,phenotype-constrained,adaptationMultiplier,1.1001897157247265,ri,0.2953254532606509,3.222965268855232e-73
198,GNG4,Gng4,phenotype-constrained,latencyMultiplier,0.9927264814212861,ri,0.2953254532606509,3.222965268855232e-73
198,GNG4,Gng4,phenotype-constrained,sagMultiplier,1.0508222555743014,ri,0.2953254532606509,3.222965268855232e-73
198,GNG4,Gng4,phenotype-constrained,thresholdCurrentMultiplier,0.905347024829829,ri,0.2953254532606509,3.222965268855232e-73
198,GNG4,Gng4,phenotype-constrained,thresholdVoltageShift_mV,-0.18475807996200838,ri,0.2953254532606509,3.222965268855232e-73
198,GNG4,Gng4,phenotype-constrained,spikeKineticsMultiplier,1.0829830035522494,ri,0.2953254532606509,3.222965268855232e-73
199,KCNQ5,Kcnq5,conductance-aware,vRestShift_mV,-0.3377878621168008,upstroke_downstroke_ratio_long_square,0.375715807714207,1.0761984405423209e-121
199,KCNQ5,Kcnq5,conductance-aware,inputResistanceMultiplier,0.9652059902639829,upstroke_downstroke_ratio_long_square,0.375715807714207,1.0761984405423209e-121
199,KCNQ5,Kcnq5,conductance-aware,tauMultiplier,0.912944814635755,upstroke_downstroke_ratio_long_square,0.375715807714207,1.0761984405423209e-121
199,KCNQ5,Kcnq5,conductance-aware,fiGainMultiplier,0.9773441665810614,upstroke_downstroke_ratio_long_square,0.375715807714207,1.0761984405423209e-121
199,KCNQ5,Kcnq5,conductance-aware,adaptationMultiplier,0.9649860827584684,upstroke_downstroke_ratio_long_square,0.375715807714207,1.0761984405423209e-121
199,KCNQ5,Kcnq5,conductance-aware,latencyMultiplier,0.9549974889648827,upstroke_downstroke_ratio_long_square,0.375715807714207,1.0761984405423209e-121
199,KCNQ5,Kcnq5,conductance-aware,sagMultiplier,0.9493536802889879,upstroke_downstroke_ratio_long_square,0.375715807714207,1.0761984405423209e-121
199,KCNQ5,Kcnq5,conductance-aware,thresholdCurrentMultiplier,1.0270188561640898,upstroke_downstroke_ratio_long_square,0.375715807714207,1.0761984405423209e-121
199,KCNQ5,Kcnq5,conductance-aware,thresholdVoltageShift_mV,0.28377434389243833,upstroke_downstroke_ratio_long_square,0.375715807714207,1.0761984405423209e-121
199,KCNQ5,Kcnq5,conductance-aware,spikeKineticsMultiplier,1.119312594883499,upstroke_downstroke_ratio_long_square,0.375715807714207,1.0761984405423209e-121
200,SLC25A3,Slc25a3,phenotype-constrained,vRestShift_mV,-0.2549121917469228,upstroke_downstroke_ratio_long_square,-0.27841242465993,3.1683028631543428e-65
200,SLC25A3,Slc25a3,phenotype-constrained,inputResistanceMultiplier,0.9353145863618024,upstroke_downstroke_ratio_long_square,-0.27841242465993,3.1683028631543428e-65
200,SLC25A3,Slc25a3,phenotype-constrained,tauMultiplier,0.9321509629673772,upstroke_downstroke_ratio_long_square,-0.27841242465993,3.1683028631543428e-65
200,SLC25A3,Slc25a3,phenotype-constrained,fiGainMultiplier,1.1137121916550041,upstroke_downstroke_ratio_long_square,-0.27841242465993,3.1683028631543428e-65
200,SLC25A3,Slc25a3,phenotype-constrained,adaptationMultiplier,0.9341603482292646,upstroke_downstroke_ratio_long_square,-0.27841242465993,3.1683028631543428e-65
200,SLC25A3,Slc25a3,phenotype-constrained,latencyMultiplier,0.9765699533289249,upstroke_downstroke_ratio_long_square,-0.27841242465993,3.1683028631543428e-65
200,SLC25A3,Slc25a3,phenotype-constrained,sagMultiplier,0.9686329821411753,upstroke_downstroke_ratio_long_square,-0.27841242465993,3.1683028631543428e-65
200,SLC25A3,Slc25a3,phenotype-constrained,thresholdCurrentMultiplier,1.0910567842676293,upstroke_downstroke_ratio_long_square,-0.27841242465993,3.1683028631543428e-65
200,SLC25A3,Slc25a3,phenotype-constrained,thresholdVoltageShift_mV,0.2340487932730383,upstroke_downstroke_ratio_long_square,-0.27841242465993,3.1683028631543428e-65
200,SLC25A3,Slc25a3,phenotype-constrained,spikeKineticsMultiplier,0.9198692603082681,upstroke_downstroke_ratio_long_square,-0.27841242465993,3.1683028631543428e-65
201,UNC13C,Unc13c,phenotype-constrained,vRestShift_mV,0.3222699507814208,tau,0.3270461189444824,1.2057812245712134e-90
201,UNC13C,Unc13c,phenotype-constrained,inputResistanceMultiplier,1.054928461835531,tau,0.3270461189444824,1.2057812245712134e-90
201,UNC13C,Unc13c,phenotype-constrained,tauMultiplier,1.1030883487775318,tau,0.3270461189444824,1.2057812245712134e-90
201,UNC13C,Unc13c,phenotype-constrained,fiGainMultiplier,0.9568714871104982,tau,0.3270461189444824,1.2057812245712134e-90
201,UNC13C,Unc13c,phenotype-constrained,adaptationMultiplier,1.0765364106556563,tau,0.3270461189444824,1.2057812245712134e-90
201,UNC13C,Unc13c,phenotype-constrained,latencyMultiplier,1.0379527357933074,tau,0.3270461189444824,1.2057812245712134e-90
201,UNC13C,Unc13c,phenotype-constrained,sagMultiplier,1.065436716549217,tau,0.3270461189444824,1.2057812245712134e-90
201,UNC13C,Unc13c,phenotype-constrained,thresholdCurrentMultiplier,0.9506041511742039,tau,0.3270461189444824,1.2057812245712134e-90
201,UNC13C,Unc13c,phenotype-constrained,thresholdVoltageShift_mV,-0.5899109859560054,tau,0.3270461189444824,1.2057812245712134e-90
201,UNC13C,Unc13c,phenotype-constrained,spikeKineticsMultiplier,0.9628657089609842,tau,0.3270461189444824,1.2057812245712134e-90
202,DOCK10,Dock10,phenotype-constrained,vRestShift_mV,0.3836336436908744,upstroke_downstroke_ratio_long_square,0.4161167596500858,1.1363329511170398e-151
202,DOCK10,Dock10,phenotype-constrained,inputResistanceMultiplier,1.0376715034305461,upstroke_downstroke_ratio_long_square,0.4161167596500858,1.1363329511170398e-151
202,DOCK10,Dock10,phenotype-constrained,tauMultiplier,1.0042996676315556,upstroke_downstroke_ratio_long_square,0.4161167596500858,1.1363329511170398e-151
202,DOCK10,Dock10,phenotype-constrained,fiGainMultiplier,0.8868922673912115,upstroke_downstroke_ratio_long_square,0.4161167596500858,1.1363329511170398e-151
202,DOCK10,Dock10,phenotype-constrained,adaptationMultiplier,1.0489115450008575,upstroke_downstroke_ratio_long_square,0.4161167596500858,1.1363329511170398e-151
202,DOCK10,Dock10,phenotype-constrained,latencyMultiplier,0.9888378205128229,upstroke_downstroke_ratio_long_square,0.4161167596500858,1.1363329511170398e-151
202,DOCK10,Dock10,phenotype-constrained,sagMultiplier,1.0090887330988503,upstroke_downstroke_ratio_long_square,0.4161167596500858,1.1363329511170398e-151
202,DOCK10,Dock10,phenotype-constrained,thresholdCurrentMultiplier,0.9460792603847531,upstroke_downstroke_ratio_long_square,0.4161167596500858,1.1363329511170398e-151
202,DOCK10,Dock10,phenotype-constrained,thresholdVoltageShift_mV,0.0525066550233675,upstroke_downstroke_ratio_long_square,0.4161167596500858,1.1363329511170398e-151
202,DOCK10,Dock10,phenotype-constrained,spikeKineticsMultiplier,1.1329615306001959,upstroke_downstroke_ratio_long_square,0.4161167596500858,1.1363329511170398e-151
203,KCNIP1,Kcnip1,conductance-aware,vRestShift_mV,0.4030129272236724,upstroke_downstroke_ratio_long_square,0.2751311078473193,1.141109368067318e-63
203,KCNIP1,Kcnip1,conductance-aware,inputResistanceMultiplier,1.073424884278886,upstroke_downstroke_ratio_long_square,0.2751311078473193,1.141109368067318e-63
203,KCNIP1,Kcnip1,conductance-aware,tauMultiplier,1.0620998453967996,upstroke_downstroke_ratio_long_square,0.2751311078473193,1.141109368067318e-63
203,KCNIP1,Kcnip1,conductance-aware,fiGainMultiplier,0.9323386058139412,upstroke_downstroke_ratio_long_square,0.2751311078473193,1.141109368067318e-63
203,KCNIP1,Kcnip1,conductance-aware,adaptationMultiplier,1.0673733210073528,upstroke_downstroke_ratio_long_square,0.2751311078473193,1.141109368067318e-63
203,KCNIP1,Kcnip1,conductance-aware,latencyMultiplier,1.01543102051228,upstroke_downstroke_ratio_long_square,0.2751311078473193,1.141109368067318e-63
203,KCNIP1,Kcnip1,conductance-aware,sagMultiplier,1.0535662231931149,upstroke_downstroke_ratio_long_square,0.2751311078473193,1.141109368067318e-63
203,KCNIP1,Kcnip1,conductance-aware,thresholdCurrentMultiplier,0.9425797713043763,upstroke_downstroke_ratio_long_square,0.2751311078473193,1.141109368067318e-63
203,KCNIP1,Kcnip1,conductance-aware,thresholdVoltageShift_mV,-0.216939878067729,upstroke_downstroke_ratio_long_square,0.2751311078473193,1.141109368067318e-63
203,KCNIP1,Kcnip1,conductance-aware,spikeKineticsMultiplier,1.0860413891635858,upstroke_downstroke_ratio_long_square,0.2751311078473193,1.141109368067318e-63
204,CNTN5,Cntn5,phenotype-constrained,vRestShift_mV,-0.401577788446702,tau,-0.3693182687439181,3.848321369957541e-117
204,CNTN5,Cntn5,phenotype-constrained,inputResistanceMultiplier,0.9129789490398039,tau,-0.3693182687439181,3.848321369957541e-117
204,CNTN5,Cntn5,phenotype-constrained,tauMultiplier,0.8951217999623617,tau,-0.3693182687439181,3.848321369957541e-117
204,CNTN5,Cntn5,phenotype-constrained,fiGainMultiplier,1.0438207327348028,tau,-0.3693182687439181,3.848321369957541e-117
204,CNTN5,Cntn5,phenotype-constrained,adaptationMultiplier,0.935140354419951,tau,-0.3693182687439181,3.848321369957541e-117
204,CNTN5,Cntn5,phenotype-constrained,latencyMultiplier,0.9702213891427461,tau,-0.3693182687439181,3.848321369957541e-117
204,CNTN5,Cntn5,phenotype-constrained,sagMultiplier,0.9125442631241778,tau,-0.3693182687439181,3.848321369957541e-117
204,CNTN5,Cntn5,phenotype-constrained,thresholdCurrentMultiplier,1.1121474674412875,tau,-0.3693182687439181,3.848321369957541e-117
204,CNTN5,Cntn5,phenotype-constrained,thresholdVoltageShift_mV,0.4847818682919438,tau,-0.3693182687439181,3.848321369957541e-117
204,CNTN5,Cntn5,phenotype-constrained,spikeKineticsMultiplier,0.9954756301379502,tau,-0.3693182687439181,3.848321369957541e-117
205,KCNQ3,Kcnq3,conductance-aware,vRestShift_mV,-0.0925718299874732,upstroke_downstroke_ratio_long_square,-0.4122669449519742,1.2533341755718165e-148
205,KCNQ3,Kcnq3,conductance-aware,inputResistanceMultiplier,0.9938975520267931,upstroke_downstroke_ratio_long_square,-0.4122669449519742,1.2533341755718165e-148
205,KCNQ3,Kcnq3,conductance-aware,tauMultiplier,1.031726043637328,upstroke_downstroke_ratio_long_square,-0.4122669449519742,1.2533341755718165e-148
205,KCNQ3,Kcnq3,conductance-aware,fiGainMultiplier,1.100209390996533,upstroke_downstroke_ratio_long_square,-0.4122669449519742,1.2533341755718165e-148
205,KCNQ3,Kcnq3,conductance-aware,adaptationMultiplier,1.0036772604628175,upstroke_downstroke_ratio_long_square,-0.4122669449519742,1.2533341755718165e-148
205,KCNQ3,Kcnq3,conductance-aware,latencyMultiplier,1.0149642057624988,upstroke_downstroke_ratio_long_square,-0.4122669449519742,1.2533341755718165e-148
205,KCNQ3,Kcnq3,conductance-aware,sagMultiplier,1.0428605984884376,upstroke_downstroke_ratio_long_square,-0.4122669449519742,1.2533341755718165e-148
205,KCNQ3,Kcnq3,conductance-aware,thresholdCurrentMultiplier,1.031459925634027,upstroke_downstroke_ratio_long_square,-0.4122669449519742,1.2533341755718165e-148
205,KCNQ3,Kcnq3,conductance-aware,thresholdVoltageShift_mV,-0.0445524763753464,upstroke_downstroke_ratio_long_square,-0.4122669449519742,1.2533341755718165e-148
205,KCNQ3,Kcnq3,conductance-aware,spikeKineticsMultiplier,0.8836624938926163,upstroke_downstroke_ratio_long_square,-0.4122669449519742,1.2533341755718165e-148
206,SERPINI1,Serpini1,phenotype-constrained,vRestShift_mV,-0.3932493262034676,upstroke_downstroke_ratio_long_square,-0.2906482702284612,3.3412529027636718e-71
206,SERPINI1,Serpini1,phenotype-constrained,inputResistanceMultiplier,0.9506182698980381,upstroke_downstroke_ratio_long_square,-0.2906482702284612,3.3412529027636718e-71
206,SERPINI1,Serpini1,phenotype-constrained,tauMultiplier,0.9902873417154195,upstroke_downstroke_ratio_long_square,-0.2906482702284612,3.3412529027636718e-71
206,SERPINI1,Serpini1,phenotype-constrained,fiGainMultiplier,1.0582287806949897,upstroke_downstroke_ratio_long_square,-0.2906482702284612,3.3412529027636718e-71
206,SERPINI1,Serpini1,phenotype-constrained,adaptationMultiplier,0.9727573724407135,upstroke_downstroke_ratio_long_square,-0.2906482702284612,3.3412529027636718e-71
206,SERPINI1,Serpini1,phenotype-constrained,latencyMultiplier,1.03231001544126,upstroke_downstroke_ratio_long_square,-0.2906482702284612,3.3412529027636718e-71
206,SERPINI1,Serpini1,phenotype-constrained,sagMultiplier,1.0179360772229071,upstroke_downstroke_ratio_long_square,-0.2906482702284612,3.3412529027636718e-71
206,SERPINI1,Serpini1,phenotype-constrained,thresholdCurrentMultiplier,1.0734313194282512,upstroke_downstroke_ratio_long_square,-0.2906482702284612,3.3412529027636718e-71
206,SERPINI1,Serpini1,phenotype-constrained,thresholdVoltageShift_mV,-0.1238398386279387,upstroke_downstroke_ratio_long_square,-0.2906482702284612,3.3412529027636718e-71
206,SERPINI1,Serpini1,phenotype-constrained,spikeKineticsMultiplier,0.9164988366266518,upstroke_downstroke_ratio_long_square,-0.2906482702284612,3.3412529027636718e-71
207,NECAB2,Necab2,phenotype-constrained,vRestShift_mV,-0.0016802385376088,upstroke_downstroke_ratio_long_square,0.4113711721511081,6.260923539045863e-148
207,NECAB2,Necab2,phenotype-constrained,inputResistanceMultiplier,1.0288559571204474,upstroke_downstroke_ratio_long_square,0.4113711721511081,6.260923539045863e-148
207,NECAB2,Necab2,phenotype-constrained,tauMultiplier,1.0024843752114965,upstroke_downstroke_ratio_long_square,0.4113711721511081,6.260923539045863e-148
207,NECAB2,Necab2,phenotype-constrained,fiGainMultiplier,0.9203087829686818,upstroke_downstroke_ratio_long_square,0.4113711721511081,6.260923539045863e-148
207,NECAB2,Necab2,phenotype-constrained,adaptationMultiplier,1.024510514881118,upstroke_downstroke_ratio_long_square,0.4113711721511081,6.260923539045863e-148
207,NECAB2,Necab2,phenotype-constrained,latencyMultiplier,0.9933553620194855,upstroke_downstroke_ratio_long_square,0.4113711721511081,6.260923539045863e-148
207,NECAB2,Necab2,phenotype-constrained,sagMultiplier,1.0039789859299713,upstroke_downstroke_ratio_long_square,0.4113711721511081,6.260923539045863e-148
207,NECAB2,Necab2,phenotype-constrained,thresholdCurrentMultiplier,0.9567930872931266,upstroke_downstroke_ratio_long_square,0.4113711721511081,6.260923539045863e-148
207,NECAB2,Necab2,phenotype-constrained,thresholdVoltageShift_mV,-0.1301740444442208,upstroke_downstroke_ratio_long_square,0.4113711721511081,6.260923539045863e-148
207,NECAB2,Necab2,phenotype-constrained,spikeKineticsMultiplier,1.1313497078064234,upstroke_downstroke_ratio_long_square,0.4113711721511081,6.260923539045863e-148
208,HS6ST3,Hs6st3,phenotype-constrained,vRestShift_mV,0.2947056169611724,threshold_i_short_square,-0.3222909576144817,4.3674513947321015e-87
208,HS6ST3,Hs6st3,phenotype-constrained,inputResistanceMultiplier,1.0557085071371346,threshold_i_short_square,-0.3222909576144817,4.3674513947321015e-87
208,HS6ST3,Hs6st3,phenotype-constrained,tauMultiplier,1.0061323167357918,threshold_i_short_square,-0.3222909576144817,4.3674513947321015e-87
208,HS6ST3,Hs6st3,phenotype-constrained,fiGainMultiplier,0.9439415376164851,threshold_i_short_square,-0.3222909576144817,4.3674513947321015e-87
208,HS6ST3,Hs6st3,phenotype-constrained,adaptationMultiplier,1.0921892322247944,threshold_i_short_square,-0.3222909576144817,4.3674513947321015e-87
208,HS6ST3,Hs6st3,phenotype-constrained,latencyMultiplier,0.9152200511411287,threshold_i_short_square,-0.3222909576144817,4.3674513947321015e-87
208,HS6ST3,Hs6st3,phenotype-constrained,sagMultiplier,1.0301071830367632,threshold_i_short_square,-0.3222909576144817,4.3674513947321015e-87
208,HS6ST3,Hs6st3,phenotype-constrained,thresholdCurrentMultiplier,0.9192716226178472,threshold_i_short_square,-0.3222909576144817,4.3674513947321015e-87
208,HS6ST3,Hs6st3,phenotype-constrained,thresholdVoltageShift_mV,-0.3252162348966867,threshold_i_short_square,-0.3222909576144817,4.3674513947321015e-87
208,HS6ST3,Hs6st3,phenotype-constrained,spikeKineticsMultiplier,1.08058023481356,threshold_i_short_square,-0.3222909576144817,4.3674513947321015e-87
209,DOCK9,Dock9,phenotype-constrained,vRestShift_mV,-0.1504344261827908,upstroke_downstroke_ratio_long_square,-0.2905090136647819,3.906682296269805e-71
209,DOCK9,Dock9,phenotype-constrained,inputResistanceMultiplier,0.9491156899571238,upstroke_downstroke_ratio_long_square,-0.2905090136647819,3.906682296269805e-71
209,DOCK9,Dock9,phenotype-constrained,tauMultiplier,0.9871289263539703,upstroke_downstroke_ratio_long_square,-0.2905090136647819,3.906682296269805e-71
209,DOCK9,Dock9,phenotype-constrained,fiGainMultiplier,1.0713823514715044,upstroke_downstroke_ratio_long_square,-0.2905090136647819,3.906682296269805e-71
209,DOCK9,Dock9,phenotype-constrained,adaptationMultiplier,0.9381244345122813,upstroke_downstroke_ratio_long_square,-0.2905090136647819,3.906682296269805e-71
209,DOCK9,Dock9,phenotype-constrained,latencyMultiplier,1.0444486385922231,upstroke_downstroke_ratio_long_square,-0.2905090136647819,3.906682296269805e-71
209,DOCK9,Dock9,phenotype-constrained,sagMultiplier,0.9800672415023243,upstroke_downstroke_ratio_long_square,-0.2905090136647819,3.906682296269805e-71
209,DOCK9,Dock9,phenotype-constrained,thresholdCurrentMultiplier,1.0766857481057686,upstroke_downstroke_ratio_long_square,-0.2905090136647819,3.906682296269805e-71
209,DOCK9,Dock9,phenotype-constrained,thresholdVoltageShift_mV,0.2527587725933949,upstroke_downstroke_ratio_long_square,-0.2905090136647819,3.906682296269805e-71
209,DOCK9,Dock9,phenotype-constrained,spikeKineticsMultiplier,0.916537125970034,upstroke_downstroke_ratio_long_square,-0.2905090136647819,3.906682296269805e-71
210,CRH,Crh,phenotype-constrained,vRestShift_mV,0.1568074428785776,threshold_i_long_square,-0.3210771725503455,4.6602577706315475e-87
210,CRH,Crh,phenotype-constrained,inputResistanceMultiplier,1.0851799480886066,threshold_i_long_square,-0.3210771725503455,4.6602577706315475e-87
210,CRH,Crh,phenotype-constrained,tauMultiplier,1.0575947554859881,threshold_i_long_square,-0.3210771725503455,4.6602577706315475e-87
210,CRH,Crh,phenotype-constrained,fiGainMultiplier,0.9539908288669355,threshold_i_long_square,-0.3210771725503455,4.6602577706315475e-87
210,CRH,Crh,phenotype-constrained,adaptationMultiplier,1.0753693133354791,threshold_i_long_square,-0.3210771725503455,4.6602577706315475e-87
210,CRH,Crh,phenotype-constrained,latencyMultiplier,0.9700211737489288,threshold_i_long_square,-0.3210771725503455,4.6602577706315475e-87
210,CRH,Crh,phenotype-constrained,sagMultiplier,1.082644553628032,threshold_i_long_square,-0.3210771725503455,4.6602577706315475e-87
210,CRH,Crh,phenotype-constrained,thresholdCurrentMultiplier,0.8937072570541436,threshold_i_long_square,-0.3210771725503455,4.6602577706315475e-87
210,CRH,Crh,phenotype-constrained,thresholdVoltageShift_mV,-0.2672861674963686,threshold_i_long_square,-0.3210771725503455,4.6602577706315475e-87
210,CRH,Crh,phenotype-constrained,spikeKineticsMultiplier,1.0806314889105972,threshold_i_long_square,-0.3210771725503455,4.6602577706315475e-87
211,TMEFF2,Tmeff2,phenotype-constrained,vRestShift_mV,0.29440010757135,tau,0.3656489247756159,1.1006376776806712e-114
211,TMEFF2,Tmeff2,phenotype-constrained,inputResistanceMultiplier,1.0566627308838203,tau,0.3656489247756159,1.1006376776806712e-114
211,TMEFF2,Tmeff2,phenotype-constrained,tauMultiplier,1.1159372975980308,tau,0.3656489247756159,1.1006376776806712e-114
211,TMEFF2,Tmeff2,phenotype-constrained,fiGainMultiplier,1.0099614352372825,tau,0.3656489247756159,1.1006376776806712e-114
211,TMEFF2,Tmeff2,phenotype-constrained,adaptationMultiplier,1.0566368714350205,tau,0.3656489247756159,1.1006376776806712e-114
211,TMEFF2,Tmeff2,phenotype-constrained,latencyMultiplier,1.0627774271373964,tau,0.3656489247756159,1.1006376776806712e-114
211,TMEFF2,Tmeff2,phenotype-constrained,sagMultiplier,1.0648066146904196,tau,0.3656489247756159,1.1006376776806712e-114
211,TMEFF2,Tmeff2,phenotype-constrained,thresholdCurrentMultiplier,0.9507638480768721,tau,0.3656489247756159,1.1006376776806712e-114
211,TMEFF2,Tmeff2,phenotype-constrained,thresholdVoltageShift_mV,-0.4295811535556313,tau,0.3656489247756159,1.1006376776806712e-114
211,TMEFF2,Tmeff2,phenotype-constrained,spikeKineticsMultiplier,0.9350174094511982,tau,0.3656489247756159,1.1006376776806712e-114
212,LMO3,Lmo3,phenotype-constrained,vRestShift_mV,-0.2772087495602988,upstroke_downstroke_ratio_long_square,-0.289578899827041,1.1242767641364944e-70
212,LMO3,Lmo3,phenotype-constrained,inputResistanceMultiplier,0.9414606805279231,upstroke_downstroke_ratio_long_square,-0.289578899827041,1.1242767641364944e-70
212,LMO3,Lmo3,phenotype-constrained,tauMultiplier,0.9613104696198093,upstroke_downstroke_ratio_long_square,-0.289578899827041,1.1242767641364944e-70
212,LMO3,Lmo3,phenotype-constrained,fiGainMultiplier,1.09146601260263,upstroke_downstroke_ratio_long_square,-0.289578899827041,1.1242767641364944e-70
212,LMO3,Lmo3,phenotype-constrained,adaptationMultiplier,0.9673743762479164,upstroke_downstroke_ratio_long_square,-0.289578899827041,1.1242767641364944e-70
212,LMO3,Lmo3,phenotype-constrained,latencyMultiplier,1.0287665424745815,upstroke_downstroke_ratio_long_square,-0.289578899827041,1.1242767641364944e-70
212,LMO3,Lmo3,phenotype-constrained,sagMultiplier,0.9655594748007439,upstroke_downstroke_ratio_long_square,-0.289578899827041,1.1242767641364944e-70
212,LMO3,Lmo3,phenotype-constrained,thresholdCurrentMultiplier,1.069945184330132,upstroke_downstroke_ratio_long_square,-0.289578899827041,1.1242767641364944e-70
212,LMO3,Lmo3,phenotype-constrained,thresholdVoltageShift_mV,0.2099739462343137,upstroke_downstroke_ratio_long_square,-0.289578899827041,1.1242767641364944e-70
212,LMO3,Lmo3,phenotype-constrained,spikeKineticsMultiplier,0.9167929068132701,upstroke_downstroke_ratio_long_square,-0.289578899827041,1.1242767641364944e-70
213,NTN4,Ntn4,phenotype-constrained,vRestShift_mV,-0.0692943460856316,upstroke_downstroke_ratio_long_square,-0.3653341563120466,1.1628660043826414e-114
213,NTN4,Ntn4,phenotype-constrained,inputResistanceMultiplier,0.9603151603955864,upstroke_downstroke_ratio_long_square,-0.3653341563120466,1.1628660043826414e-114
213,NTN4,Ntn4,phenotype-constrained,tauMultiplier,0.9836014459595862,upstroke_downstroke_ratio_long_square,-0.3653341563120466,1.1628660043826414e-114
213,NTN4,Ntn4,phenotype-constrained,fiGainMultiplier,1.1041450831159452,upstroke_downstroke_ratio_long_square,-0.3653341563120466,1.1628660043826414e-114
213,NTN4,Ntn4,phenotype-constrained,adaptationMultiplier,0.9626833637088101,upstroke_downstroke_ratio_long_square,-0.3653341563120466,1.1628660043826414e-114
213,NTN4,Ntn4,phenotype-constrained,latencyMultiplier,0.9923654138263945,upstroke_downstroke_ratio_long_square,-0.3653341563120466,1.1628660043826414e-114
213,NTN4,Ntn4,phenotype-constrained,sagMultiplier,0.9768220738704082,upstroke_downstroke_ratio_long_square,-0.3653341563120466,1.1628660043826414e-114
213,NTN4,Ntn4,phenotype-constrained,thresholdCurrentMultiplier,1.062551654885176,upstroke_downstroke_ratio_long_square,-0.3653341563120466,1.1628660043826414e-114
213,NTN4,Ntn4,phenotype-constrained,thresholdVoltageShift_mV,0.1088967560194623,upstroke_downstroke_ratio_long_square,-0.3653341563120466,1.1628660043826414e-114
213,NTN4,Ntn4,phenotype-constrained,spikeKineticsMultiplier,0.8961923193627463,upstroke_downstroke_ratio_long_square,-0.3653341563120466,1.1628660043826414e-114
214,ASIC2,Asic2,phenotype-constrained,vRestShift_mV,0.4035350466666224,tau,0.3647733133669699,4.181199306700198e-114
214,ASIC2,Asic2,phenotype-constrained,inputResistanceMultiplier,1.083116262962535,tau,0.3647733133669699,4.181199306700198e-114
214,ASIC2,Asic2,phenotype-constrained,tauMultiplier,1.1156441978672031,tau,0.3647733133669699,4.181199306700198e-114
214,ASIC2,Asic2,phenotype-constrained,fiGainMultiplier,0.9511121985770338,tau,0.3647733133669699,4.181199306700198e-114
214,ASIC2,Asic2,phenotype-constrained,adaptationMultiplier,1.0722295337788361,tau,0.3647733133669699,4.181199306700198e-114
214,ASIC2,Asic2,phenotype-constrained,latencyMultiplier,1.0791784481412918,tau,0.3647733133669699,4.181199306700198e-114
214,ASIC2,Asic2,phenotype-constrained,sagMultiplier,1.0339615912721705,tau,0.3647733133669699,4.181199306700198e-114
214,ASIC2,Asic2,phenotype-constrained,thresholdCurrentMultiplier,0.9184223623214727,tau,0.3647733133669699,4.181199306700198e-114
214,ASIC2,Asic2,phenotype-constrained,thresholdVoltageShift_mV,-0.1881938341753584,tau,0.3647733133669699,4.181199306700198e-114
214,ASIC2,Asic2,phenotype-constrained,spikeKineticsMultiplier,1.0191053634811187,tau,0.3647733133669699,4.181199306700198e-114
215,CPNE5,Cpne5,phenotype-constrained,vRestShift_mV,0.4774295304795192,tau,0.4029483982713503,3.1765560675628e-141
215,CPNE5,Cpne5,phenotype-constrained,inputResistanceMultiplier,1.0807746769056055,tau,0.4029483982713503,3.1765560675628e-141
215,CPNE5,Cpne5,phenotype-constrained,tauMultiplier,1.128494585702405,tau,0.4029483982713503,3.1765560675628e-141
215,CPNE5,Cpne5,phenotype-constrained,fiGainMultiplier,0.9373775018558802,tau,0.4029483982713503,3.1765560675628e-141
215,CPNE5,Cpne5,phenotype-constrained,adaptationMultiplier,1.0832971741442778,tau,0.4029483982713503,3.1765560675628e-141
215,CPNE5,Cpne5,phenotype-constrained,latencyMultiplier,1.0562607558643327,tau,0.4029483982713503,3.1765560675628e-141
215,CPNE5,Cpne5,phenotype-constrained,sagMultiplier,1.052328045838946,tau,0.4029483982713503,3.1765560675628e-141
215,CPNE5,Cpne5,phenotype-constrained,thresholdCurrentMultiplier,0.9187695987763758,tau,0.4029483982713503,3.1765560675628e-141
215,CPNE5,Cpne5,phenotype-constrained,thresholdVoltageShift_mV,-0.5409650253433668,tau,0.4029483982713503,3.1765560675628e-141
215,CPNE5,Cpne5,phenotype-constrained,spikeKineticsMultiplier,1.0018522653737798,tau,0.4029483982713503,3.1765560675628e-141
216,FUT9,Fut9,phenotype-constrained,vRestShift_mV,0.0498203806888568,upstroke_downstroke_ratio_long_square,-0.4017415030369372,1.6571048682070482e-140
216,FUT9,Fut9,phenotype-constrained,inputResistanceMultiplier,0.987790391735214,upstroke_downstroke_ratio_long_square,-0.4017415030369372,1.6571048682070482e-140
216,FUT9,Fut9,phenotype-constrained,tauMultiplier,1.0267980097429181,upstroke_downstroke_ratio_long_square,-0.4017415030369372,1.6571048682070482e-140
216,FUT9,Fut9,phenotype-constrained,fiGainMultiplier,1.0930246514008397,upstroke_downstroke_ratio_long_square,-0.4017415030369372,1.6571048682070482e-140
216,FUT9,Fut9,phenotype-constrained,adaptationMultiplier,0.9788870510647775,upstroke_downstroke_ratio_long_square,-0.4017415030369372,1.6571048682070482e-140
216,FUT9,Fut9,phenotype-constrained,latencyMultiplier,1.014360258221011,upstroke_downstroke_ratio_long_square,-0.4017415030369372,1.6571048682070482e-140
216,FUT9,Fut9,phenotype-constrained,sagMultiplier,0.9967213101511737,upstroke_downstroke_ratio_long_square,-0.4017415030369372,1.6571048682070482e-140
216,FUT9,Fut9,phenotype-constrained,thresholdCurrentMultiplier,1.0280051853041106,upstroke_downstroke_ratio_long_square,-0.4017415030369372,1.6571048682070482e-140
216,FUT9,Fut9,phenotype-constrained,thresholdVoltageShift_mV,0.0668197787502174,upstroke_downstroke_ratio_long_square,-0.4017415030369372,1.6571048682070482e-140
216,FUT9,Fut9,phenotype-constrained,spikeKineticsMultiplier,0.8864571853505246,upstroke_downstroke_ratio_long_square,-0.4017415030369372,1.6571048682070482e-140
217,CABP1,Cabp1,phenotype-constrained,vRestShift_mV,-0.2691642279615536,tau,-0.2700457090894864,4.2387473800095006e-61
217,CABP1,Cabp1,phenotype-constrained,inputResistanceMultiplier,0.9247185998459669,tau,-0.2700457090894864,4.2387473800095006e-61
217,CABP1,Cabp1,phenotype-constrained,tauMultiplier,0.922181045741122,tau,-0.2700457090894864,4.2387473800095006e-61
217,CABP1,Cabp1,phenotype-constrained,fiGainMultiplier,1.0711696939161282,tau,-0.2700457090894864,4.2387473800095006e-61
217,CABP1,Cabp1,phenotype-constrained,adaptationMultiplier,0.9402305440191874,tau,-0.2700457090894864,4.2387473800095006e-61
217,CABP1,Cabp1,phenotype-constrained,latencyMultiplier,0.9784106771546052,tau,-0.2700457090894864,4.2387473800095006e-61
217,CABP1,Cabp1,phenotype-constrained,sagMultiplier,0.963975180767123,tau,-0.2700457090894864,4.2387473800095006e-61
217,CABP1,Cabp1,phenotype-constrained,thresholdCurrentMultiplier,1.0975539253864879,tau,-0.2700457090894864,4.2387473800095006e-61
217,CABP1,Cabp1,phenotype-constrained,thresholdVoltageShift_mV,0.3131568710114568,tau,-0.2700457090894864,4.2387473800095006e-61
217,CABP1,Cabp1,phenotype-constrained,spikeKineticsMultiplier,0.9450670725578585,tau,-0.2700457090894864,4.2387473800095006e-61
218,SHISA9,Shisa9,phenotype-constrained,vRestShift_mV,-0.0739306691435848,tau,-0.3170777666237272,5.515714124166458e-85
218,SHISA9,Shisa9,phenotype-constrained,inputResistanceMultiplier,0.9744449565359496,tau,-0.3170777666237272,5.515714124166458e-85
218,SHISA9,Shisa9,phenotype-constrained,tauMultiplier,0.9092607884315647,tau,-0.3170777666237272,5.515714124166458e-85
218,SHISA9,Shisa9,phenotype-constrained,fiGainMultiplier,1.019309298333373,tau,-0.3170777666237272,5.515714124166458e-85
218,SHISA9,Shisa9,phenotype-constrained,adaptationMultiplier,0.9487350426887806,tau,-0.3170777666237272,5.515714124166458e-85
218,SHISA9,Shisa9,phenotype-constrained,latencyMultiplier,0.9335569827236997,tau,-0.3170777666237272,5.515714124166458e-85
218,SHISA9,Shisa9,phenotype-constrained,sagMultiplier,0.9138388078547862,tau,-0.3170777666237272,5.515714124166458e-85
218,SHISA9,Shisa9,phenotype-constrained,thresholdCurrentMultiplier,1.0305015480330884,tau,-0.3170777666237272,5.515714124166458e-85
218,SHISA9,Shisa9,phenotype-constrained,thresholdVoltageShift_mV,0.473411682848814,tau,-0.3170777666237272,5.515714124166458e-85
218,SHISA9,Shisa9,phenotype-constrained,spikeKineticsMultiplier,1.0793689476970696,tau,-0.3170777666237272,5.515714124166458e-85
219,OXR1,Oxr1,phenotype-constrained,vRestShift_mV,0.2491515072739856,upstroke_downstroke_ratio_long_square,-0.3592663716214839,1.16184826068053e-110
219,OXR1,Oxr1,phenotype-constrained,inputResistanceMultiplier,1.0392311238756629,upstroke_downstroke_ratio_long_square,-0.3592663716214839,1.16184826068053e-110
219,OXR1,Oxr1,phenotype-constrained,tauMultiplier,1.0744075975076168,upstroke_downstroke_ratio_long_square,-0.3592663716214839,1.16184826068053e-110
219,OXR1,Oxr1,phenotype-constrained,fiGainMultiplier,1.0817309913278672,upstroke_downstroke_ratio_long_square,-0.3592663716214839,1.16184826068053e-110
219,OXR1,Oxr1,phenotype-constrained,adaptationMultiplier,1.0410834796579975,upstroke_downstroke_ratio_long_square,-0.3592663716214839,1.16184826068053e-110
219,OXR1,Oxr1,phenotype-constrained,latencyMultiplier,1.013268291610413,upstroke_downstroke_ratio_long_square,-0.3592663716214839,1.16184826068053e-110
219,OXR1,Oxr1,phenotype-constrained,sagMultiplier,1.0680774880109307,upstroke_downstroke_ratio_long_square,-0.3592663716214839,1.16184826068053e-110
219,OXR1,Oxr1,phenotype-constrained,thresholdCurrentMultiplier,0.971379502223567,upstroke_downstroke_ratio_long_square,-0.3592663716214839,1.16184826068053e-110
219,OXR1,Oxr1,phenotype-constrained,thresholdVoltageShift_mV,-0.18094168141306288,upstroke_downstroke_ratio_long_square,-0.3592663716214839,1.16184826068053e-110
219,OXR1,Oxr1,phenotype-constrained,spikeKineticsMultiplier,0.8978251756955249,upstroke_downstroke_ratio_long_square,-0.3592663716214839,1.16184826068053e-110
220,ADAMTS17,Adamts17,phenotype-constrained,vRestShift_mV,-0.4469652773506152,tau,-0.3165378776951984,1.0944259248094143e-84
220,ADAMTS17,Adamts17,phenotype-constrained,inputResistanceMultiplier,0.9126625628765719,tau,-0.3165378776951984,1.0944259248094143e-84
220,ADAMTS17,Adamts17,phenotype-constrained,tauMultiplier,0.9094080703084667,tau,-0.3165378776951984,1.0944259248094143e-84
220,ADAMTS17,Adamts17,phenotype-constrained,fiGainMultiplier,1.0341634486018265,tau,-0.3165378776951984,1.0944259248094143e-84
220,ADAMTS17,Adamts17,phenotype-constrained,adaptationMultiplier,0.9208487298742656,tau,-0.3165378776951984,1.0944259248094143e-84
220,ADAMTS17,Adamts17,phenotype-constrained,latencyMultiplier,1.0245229495654842,tau,-0.3165378776951984,1.0944259248094143e-84
220,ADAMTS17,Adamts17,phenotype-constrained,sagMultiplier,0.9797020542867788,tau,-0.3165378776951984,1.0944259248094143e-84
220,ADAMTS17,Adamts17,phenotype-constrained,thresholdCurrentMultiplier,1.1097622940208973,tau,-0.3165378776951984,1.0944259248094143e-84
220,ADAMTS17,Adamts17,phenotype-constrained,thresholdVoltageShift_mV,0.6025316770410105,tau,-0.3165378776951984,1.0944259248094143e-84
220,ADAMTS17,Adamts17,phenotype-constrained,spikeKineticsMultiplier,0.9747076393904698,tau,-0.3165378776951984,1.0944259248094143e-84
221,NCAM2,Ncam2,phenotype-constrained,vRestShift_mV,0.2262493305509852,upstroke_downstroke_ratio_long_square,0.3135359217339574,3.008628199474756e-83
221,NCAM2,Ncam2,phenotype-constrained,inputResistanceMultiplier,1.066992736203847,upstroke_downstroke_ratio_long_square,0.3135359217339574,3.008628199474756e-83
221,NCAM2,Ncam2,phenotype-constrained,tauMultiplier,1.0787639070983548,upstroke_downstroke_ratio_long_square,0.3135359217339574,3.008628199474756e-83
221,NCAM2,Ncam2,phenotype-constrained,fiGainMultiplier,0.89966632644847,upstroke_downstroke_ratio_long_square,0.3135359217339574,3.008628199474756e-83
221,NCAM2,Ncam2,phenotype-constrained,adaptationMultiplier,1.0605816363431118,upstroke_downstroke_ratio_long_square,0.3135359217339574,3.008628199474756e-83
221,NCAM2,Ncam2,phenotype-constrained,latencyMultiplier,1.0839334586229856,upstroke_downstroke_ratio_long_square,0.3135359217339574,3.008628199474756e-83
221,NCAM2,Ncam2,phenotype-constrained,sagMultiplier,1.0678821083478145,upstroke_downstroke_ratio_long_square,0.3135359217339574,3.008628199474756e-83
221,NCAM2,Ncam2,phenotype-constrained,thresholdCurrentMultiplier,0.9096345679512345,upstroke_downstroke_ratio_long_square,0.3135359217339574,3.008628199474756e-83
221,NCAM2,Ncam2,phenotype-constrained,thresholdVoltageShift_mV,-0.11487935264664449,upstroke_downstroke_ratio_long_square,0.3135359217339574,3.008628199474756e-83
221,NCAM2,Ncam2,phenotype-constrained,spikeKineticsMultiplier,1.0986265145847114,upstroke_downstroke_ratio_long_square,0.3135359217339574,3.008628199474756e-83
222,SYTL2,Sytl2,phenotype-constrained,vRestShift_mV,-0.3210207882807368,upstroke_downstroke_ratio_long_square,-0.313162651747651,4.806741651422306e-83
222,SYTL2,Sytl2,phenotype-constrained,inputResistanceMultiplier,0.9253813553456467,upstroke_downstroke_ratio_long_square,-0.313162651747651,4.806741651422306e-83
222,SYTL2,Sytl2,phenotype-constrained,tauMultiplier,0.9477494455287987,upstroke_downstroke_ratio_long_square,-0.313162651747651,4.806741651422306e-83
222,SYTL2,Sytl2,phenotype-constrained,fiGainMultiplier,1.1116119671661573,upstroke_downstroke_ratio_long_square,-0.313162651747651,4.806741651422306e-83
222,SYTL2,Sytl2,phenotype-constrained,adaptationMultiplier,0.9227503775612674,upstroke_downstroke_ratio_long_square,-0.313162651747651,4.806741651422306e-83
222,SYTL2,Sytl2,phenotype-constrained,latencyMultiplier,1.0004857467605557,upstroke_downstroke_ratio_long_square,-0.313162651747651,4.806741651422306e-83
222,SYTL2,Sytl2,phenotype-constrained,sagMultiplier,0.9673880823325095,upstroke_downstroke_ratio_long_square,-0.313162651747651,4.806741651422306e-83
222,SYTL2,Sytl2,phenotype-constrained,thresholdCurrentMultiplier,1.1081078602798147,upstroke_downstroke_ratio_long_square,-0.313162651747651,4.806741651422306e-83
222,SYTL2,Sytl2,phenotype-constrained,thresholdVoltageShift_mV,0.3460421409534357,upstroke_downstroke_ratio_long_square,-0.313162651747651,4.806741651422306e-83
222,SYTL2,Sytl2,phenotype-constrained,spikeKineticsMultiplier,0.9103293739857053,upstroke_downstroke_ratio_long_square,-0.313162651747651,4.806741651422306e-83
223,ARID5B,Arid5b,phenotype-constrained,vRestShift_mV,-0.1474733244906216,threshold_i_long_square,0.3134164032141802,8.021210466702162e-83
223,ARID5B,Arid5b,phenotype-constrained,inputResistanceMultiplier,0.9228996948720687,threshold_i_long_square,0.3134164032141802,8.021210466702162e-83
223,ARID5B,Arid5b,phenotype-constrained,tauMultiplier,0.9355338511887946,threshold_i_long_square,0.3134164032141802,8.021210466702162e-83
223,ARID5B,Arid5b,phenotype-constrained,fiGainMultiplier,1.0965105089409666,threshold_i_long_square,0.3134164032141802,8.021210466702162e-83
223,ARID5B,Arid5b,phenotype-constrained,adaptationMultiplier,0.9187529318158268,threshold_i_long_square,0.3134164032141802,8.021210466702162e-83
223,ARID5B,Arid5b,phenotype-constrained,latencyMultiplier,1.0201137676416292,threshold_i_long_square,0.3134164032141802,8.021210466702162e-83
223,ARID5B,Arid5b,phenotype-constrained,sagMultiplier,0.9610174637409162,threshold_i_long_square,0.3134164032141802,8.021210466702162e-83
223,ARID5B,Arid5b,phenotype-constrained,thresholdCurrentMultiplier,1.1159384846125486,threshold_i_long_square,0.3134164032141802,8.021210466702162e-83
223,ARID5B,Arid5b,phenotype-constrained,thresholdVoltageShift_mV,0.42177839462864036,threshold_i_long_square,0.3134164032141802,8.021210466702162e-83
223,ARID5B,Arid5b,phenotype-constrained,spikeKineticsMultiplier,0.9280714802174573,threshold_i_long_square,0.3134164032141802,8.021210466702162e-83
224,PLD3,Pld3,phenotype-constrained,vRestShift_mV,0.2083981635967972,ri,0.2843270000861134,9.578453992400736e-68
224,PLD3,Pld3,phenotype-constrained,inputResistanceMultiplier,1.0890416616625873,ri,0.2843270000861134,9.578453992400736e-68
224,PLD3,Pld3,phenotype-constrained,tauMultiplier,1.0738447123705437,ri,0.2843270000861134,9.578453992400736e-68
224,PLD3,Pld3,phenotype-constrained,fiGainMultiplier,0.9364713416107965,ri,0.2843270000861134,9.578453992400736e-68
224,PLD3,Pld3,phenotype-constrained,adaptationMultiplier,1.0612666281988348,ri,0.2843270000861134,9.578453992400736e-68
224,PLD3,Pld3,phenotype-constrained,latencyMultiplier,1.0045528751172854,ri,0.2843270000861134,9.578453992400736e-68
224,PLD3,Pld3,phenotype-constrained,sagMultiplier,1.0427218708976749,ri,0.2843270000861134,9.578453992400736e-68
224,PLD3,Pld3,phenotype-constrained,thresholdCurrentMultiplier,0.9090377924776363,ri,0.2843270000861134,9.578453992400736e-68
224,PLD3,Pld3,phenotype-constrained,thresholdVoltageShift_mV,-0.2515967973911853,ri,0.2843270000861134,9.578453992400736e-68
224,PLD3,Pld3,phenotype-constrained,spikeKineticsMultiplier,1.0696321865207528,ri,0.2843270000861134,9.578453992400736e-68
225,MGAT4C,Mgat4c,phenotype-constrained,vRestShift_mV,-0.2835761751525228,upstroke_downstroke_ratio_long_square,-0.3554464767312608,3.310610544872496e-108
225,MGAT4C,Mgat4c,phenotype-constrained,inputResistanceMultiplier,0.9702454872498292,upstroke_downstroke_ratio_long_square,-0.3554464767312608,3.310610544872496e-108
225,MGAT4C,Mgat4c,phenotype-constrained,tauMultiplier,1.0182326859125646,upstroke_downstroke_ratio_long_square,-0.3554464767312608,3.310610544872496e-108
225,MGAT4C,Mgat4c,phenotype-constrained,fiGainMultiplier,1.0736922384980843,upstroke_downstroke_ratio_long_square,-0.3554464767312608,3.310610544872496e-108
225,MGAT4C,Mgat4c,phenotype-constrained,adaptationMultiplier,0.9865054984156377,upstroke_downstroke_ratio_long_square,-0.3554464767312608,3.310610544872496e-108
225,MGAT4C,Mgat4c,phenotype-constrained,latencyMultiplier,1.0328455328243231,upstroke_downstroke_ratio_long_square,-0.3554464767312608,3.310610544872496e-108
225,MGAT4C,Mgat4c,phenotype-constrained,sagMultiplier,0.9872219131470918,upstroke_downstroke_ratio_long_square,-0.3554464767312608,3.310610544872496e-108
225,MGAT4C,Mgat4c,phenotype-constrained,thresholdCurrentMultiplier,1.0248734267454993,upstroke_downstroke_ratio_long_square,-0.3554464767312608,3.310610544872496e-108
225,MGAT4C,Mgat4c,phenotype-constrained,thresholdVoltageShift_mV,0.0845135705519952,upstroke_downstroke_ratio_long_square,-0.3554464767312608,3.310610544872496e-108
225,MGAT4C,Mgat4c,phenotype-constrained,spikeKineticsMultiplier,0.8988546447927104,upstroke_downstroke_ratio_long_square,-0.3554464767312608,3.310610544872496e-108
226,ENOX1,Enox1,phenotype-constrained,vRestShift_mV,0.0336536723712308,upstroke_downstroke_ratio_long_square,-0.3548932703498204,7.470850286777729e-108
226,ENOX1,Enox1,phenotype-constrained,inputResistanceMultiplier,0.9836916201602934,upstroke_downstroke_ratio_long_square,-0.3548932703498204,7.470850286777729e-108
226,ENOX1,Enox1,phenotype-constrained,tauMultiplier,0.9894643755675411,upstroke_downstroke_ratio_long_square,-0.3548932703498204,7.470850286777729e-108
226,ENOX1,Enox1,phenotype-constrained,fiGainMultiplier,1.149194388615224,upstroke_downstroke_ratio_long_square,-0.3548932703498204,7.470850286777729e-108
226,ENOX1,Enox1,phenotype-constrained,adaptationMultiplier,0.9559971854896053,upstroke_downstroke_ratio_long_square,-0.3548932703498204,7.470850286777729e-108
226,ENOX1,Enox1,phenotype-constrained,latencyMultiplier,0.9878498248756322,upstroke_downstroke_ratio_long_square,-0.3548932703498204,7.470850286777729e-108
226,ENOX1,Enox1,phenotype-constrained,sagMultiplier,0.9680022954445195,upstroke_downstroke_ratio_long_square,-0.3548932703498204,7.470850286777729e-108
226,ENOX1,Enox1,phenotype-constrained,thresholdCurrentMultiplier,1.051101647036246,upstroke_downstroke_ratio_long_square,-0.3548932703498204,7.470850286777729e-108
226,ENOX1,Enox1,phenotype-constrained,thresholdVoltageShift_mV,0.3208713480631161,upstroke_downstroke_ratio_long_square,-0.3548932703498204,7.470850286777729e-108
226,ENOX1,Enox1,phenotype-constrained,spikeKineticsMultiplier,0.8990038328097785,upstroke_downstroke_ratio_long_square,-0.3548932703498204,7.470850286777729e-108
227,PRKG1,Prkg1,phenotype-constrained,vRestShift_mV,-0.3327233993973328,upstroke_downstroke_ratio_long_square,-0.3545998178255332,1.1450207033662988e-107
227,PRKG1,Prkg1,phenotype-constrained,inputResistanceMultiplier,0.9652206817923188,upstroke_downstroke_ratio_long_square,-0.3545998178255332,1.1450207033662988e-107
227,PRKG1,Prkg1,phenotype-constrained,tauMultiplier,1.0080563747474047,upstroke_downstroke_ratio_long_square,-0.3545998178255332,1.1450207033662988e-107
227,PRKG1,Prkg1,phenotype-constrained,fiGainMultiplier,1.0854578357253777,upstroke_downstroke_ratio_long_square,-0.3545998178255332,1.1450207033662988e-107
227,PRKG1,Prkg1,phenotype-constrained,adaptationMultiplier,0.9710123471889013,upstroke_downstroke_ratio_long_square,-0.3545998178255332,1.1450207033662988e-107
227,PRKG1,Prkg1,phenotype-constrained,latencyMultiplier,1.0458639733432218,upstroke_downstroke_ratio_long_square,-0.3545998178255332,1.1450207033662988e-107
227,PRKG1,Prkg1,phenotype-constrained,sagMultiplier,1.0081032754125714,upstroke_downstroke_ratio_long_square,-0.3545998178255332,1.1450207033662988e-107
227,PRKG1,Prkg1,phenotype-constrained,thresholdCurrentMultiplier,1.040196339520837,upstroke_downstroke_ratio_long_square,-0.3545998178255332,1.1450207033662988e-107
227,PRKG1,Prkg1,phenotype-constrained,thresholdVoltageShift_mV,-0.0032390402012022,upstroke_downstroke_ratio_long_square,-0.3545998178255332,1.1450207033662988e-107
227,PRKG1,Prkg1,phenotype-constrained,spikeKineticsMultiplier,0.8990829807768775,upstroke_downstroke_ratio_long_square,-0.3545998178255332,1.1450207033662988e-107
228,FAR2,Far2,phenotype-constrained,vRestShift_mV,-0.1390537100228212,upstroke_downstroke_ratio_long_square,-0.3904249403799943,4.067427998015848e-132
228,FAR2,Far2,phenotype-constrained,inputResistanceMultiplier,0.9656224497608029,upstroke_downstroke_ratio_long_square,-0.3904249403799943,4.067427998015848e-132
228,FAR2,Far2,phenotype-constrained,tauMultiplier,1.0013961283957176,upstroke_downstroke_ratio_long_square,-0.3904249403799943,4.067427998015848e-132
228,FAR2,Far2,phenotype-constrained,fiGainMultiplier,1.0982576865848102,upstroke_downstroke_ratio_long_square,-0.3904249403799943,4.067427998015848e-132
228,FAR2,Far2,phenotype-constrained,adaptationMultiplier,0.9683999375002516,upstroke_downstroke_ratio_long_square,-0.3904249403799943,4.067427998015848e-132
228,FAR2,Far2,phenotype-constrained,latencyMultiplier,1.0235022411078702,upstroke_downstroke_ratio_long_square,-0.3904249403799943,4.067427998015848e-132
228,FAR2,Far2,phenotype-constrained,sagMultiplier,0.9951165546928332,upstroke_downstroke_ratio_long_square,-0.3904249403799943,4.067427998015848e-132
228,FAR2,Far2,phenotype-constrained,thresholdCurrentMultiplier,1.0551150481626748,upstroke_downstroke_ratio_long_square,-0.3904249403799943,4.067427998015848e-132
228,FAR2,Far2,phenotype-constrained,thresholdVoltageShift_mV,0.17662743495428818,upstroke_downstroke_ratio_long_square,-0.3904249403799943,4.067427998015848e-132
228,FAR2,Far2,phenotype-constrained,spikeKineticsMultiplier,0.8894717941907292,upstroke_downstroke_ratio_long_square,-0.3904249403799943,4.067427998015848e-132
229,GOLIM4,Golim4,phenotype-constrained,vRestShift_mV,-0.2051987088391416,upstroke_downstroke_ratio_long_square,-0.3119692037099574,2.1433178224710816e-82
229,GOLIM4,Golim4,phenotype-constrained,inputResistanceMultiplier,0.9368082945921756,upstroke_downstroke_ratio_long_square,-0.3119692037099574,2.1433178224710816e-82
229,GOLIM4,Golim4,phenotype-constrained,tauMultiplier,0.9608556735916884,upstroke_downstroke_ratio_long_square,-0.3119692037099574,2.1433178224710816e-82
229,GOLIM4,Golim4,phenotype-constrained,fiGainMultiplier,1.0809504754013572,upstroke_downstroke_ratio_long_square,-0.3119692037099574,2.1433178224710816e-82
229,GOLIM4,Golim4,phenotype-constrained,adaptationMultiplier,0.9612515337856952,upstroke_downstroke_ratio_long_square,-0.3119692037099574,2.1433178224710816e-82
229,GOLIM4,Golim4,phenotype-constrained,latencyMultiplier,0.9897564890939868,upstroke_downstroke_ratio_long_square,-0.3119692037099574,2.1433178224710816e-82
229,GOLIM4,Golim4,phenotype-constrained,sagMultiplier,0.974084500195386,upstroke_downstroke_ratio_long_square,-0.3119692037099574,2.1433178224710816e-82
229,GOLIM4,Golim4,phenotype-constrained,thresholdCurrentMultiplier,1.0884786164326679,upstroke_downstroke_ratio_long_square,-0.3119692037099574,2.1433178224710816e-82
229,GOLIM4,Golim4,phenotype-constrained,thresholdVoltageShift_mV,0.0926963525826939,upstroke_downstroke_ratio_long_square,-0.3119692037099574,2.1433178224710816e-82
229,GOLIM4,Golim4,phenotype-constrained,spikeKineticsMultiplier,0.9106553615811228,upstroke_downstroke_ratio_long_square,-0.3119692037099574,2.1433178224710816e-82
230,GABBR2,Gabbr2,phenotype-constrained,vRestShift_mV,-0.496219458732856,threshold_i_long_square,0.2642511619467405,1.9971010601032e-58
230,GABBR2,Gabbr2,phenotype-constrained,inputResistanceMultiplier,0.9366418839675862,threshold_i_long_square,0.2642511619467405,1.9971010601032e-58
230,GABBR2,Gabbr2,phenotype-constrained,tauMultiplier,0.936296983561173,threshold_i_long_square,0.2642511619467405,1.9971010601032e-58
230,GABBR2,Gabbr2,phenotype-constrained,fiGainMultiplier,1.0521203488424447,threshold_i_long_square,0.2642511619467405,1.9971010601032e-58
230,GABBR2,Gabbr2,phenotype-constrained,adaptationMultiplier,0.9197480761159064,threshold_i_long_square,0.2642511619467405,1.9971010601032e-58
230,GABBR2,Gabbr2,phenotype-constrained,latencyMultiplier,1.0267383618847492,threshold_i_long_square,0.2642511619467405,1.9971010601032e-58
230,GABBR2,Gabbr2,phenotype-constrained,sagMultiplier,0.9566554955346875,threshold_i_long_square,0.2642511619467405,1.9971010601032e-58
230,GABBR2,Gabbr2,phenotype-constrained,thresholdCurrentMultiplier,1.0968998763203723,threshold_i_long_square,0.2642511619467405,1.9971010601032e-58
230,GABBR2,Gabbr2,phenotype-constrained,thresholdVoltageShift_mV,0.3572771654614722,threshold_i_long_square,0.2642511619467405,1.9971010601032e-58
230,GABBR2,Gabbr2,phenotype-constrained,spikeKineticsMultiplier,0.9724683180953184,threshold_i_long_square,0.2642511619467405,1.9971010601032e-58
231,TENM4,Tenm4,phenotype-constrained,vRestShift_mV,0.0513284847553004,upstroke_downstroke_ratio_long_square,-0.3524073938617346,2.85162280503643e-106
231,TENM4,Tenm4,phenotype-constrained,inputResistanceMultiplier,0.970753865330924,upstroke_downstroke_ratio_long_square,-0.3524073938617346,2.85162280503643e-106
231,TENM4,Tenm4,phenotype-constrained,tauMultiplier,1.02230617999559,upstroke_downstroke_ratio_long_square,-0.3524073938617346,2.85162280503643e-106
231,TENM4,Tenm4,phenotype-constrained,fiGainMultiplier,1.0800838128942494,upstroke_downstroke_ratio_long_square,-0.3524073938617346,2.85162280503643e-106
231,TENM4,Tenm4,phenotype-constrained,adaptationMultiplier,0.9726430250148602,upstroke_downstroke_ratio_long_square,-0.3524073938617346,2.85162280503643e-106
231,TENM4,Tenm4,phenotype-constrained,latencyMultiplier,1.0451959577030607,upstroke_downstroke_ratio_long_square,-0.3524073938617346,2.85162280503643e-106
231,TENM4,Tenm4,phenotype-constrained,sagMultiplier,0.9963219026004125,upstroke_downstroke_ratio_long_square,-0.3524073938617346,2.85162280503643e-106
231,TENM4,Tenm4,phenotype-constrained,thresholdCurrentMultiplier,1.063515691003552,upstroke_downstroke_ratio_long_square,-0.3524073938617346,2.85162280503643e-106
231,TENM4,Tenm4,phenotype-constrained,thresholdVoltageShift_mV,0.2384579287391199,upstroke_downstroke_ratio_long_square,-0.3524073938617346,2.85162280503643e-106
231,TENM4,Tenm4,phenotype-constrained,spikeKineticsMultiplier,0.8996745266151924,upstroke_downstroke_ratio_long_square,-0.3524073938617346,2.85162280503643e-106
232,AP1S2,Ap1s2,phenotype-constrained,vRestShift_mV,0.0639981087141076,upstroke_downstroke_ratio_long_square,0.3107355157325541,1.0109757176755522e-81
232,AP1S2,Ap1s2,phenotype-constrained,inputResistanceMultiplier,1.0313334909342824,upstroke_downstroke_ratio_long_square,0.3107355157325541,1.0109757176755522e-81
232,AP1S2,Ap1s2,phenotype-constrained,tauMultiplier,0.9857663700527692,upstroke_downstroke_ratio_long_square,0.3107355157325541,1.0109757176755522e-81
232,AP1S2,Ap1s2,phenotype-constrained,fiGainMultiplier,0.9368694589623404,upstroke_downstroke_ratio_long_square,0.3107355157325541,1.0109757176755522e-81
232,AP1S2,Ap1s2,phenotype-constrained,adaptationMultiplier,1.0392971139090479,upstroke_downstroke_ratio_long_square,0.3107355157325541,1.0109757176755522e-81
232,AP1S2,Ap1s2,phenotype-constrained,latencyMultiplier,0.9415598980537438,upstroke_downstroke_ratio_long_square,0.3107355157325541,1.0109757176755522e-81
232,AP1S2,Ap1s2,phenotype-constrained,sagMultiplier,1.005958025015836,upstroke_downstroke_ratio_long_square,0.3107355157325541,1.0109757176755522e-81
232,AP1S2,Ap1s2,phenotype-constrained,thresholdCurrentMultiplier,0.9443760357536355,upstroke_downstroke_ratio_long_square,0.3107355157325541,1.0109757176755522e-81
232,AP1S2,Ap1s2,phenotype-constrained,thresholdVoltageShift_mV,-0.2142165465399885,upstroke_downstroke_ratio_long_square,0.3107355157325541,1.0109757176755522e-81
232,AP1S2,Ap1s2,phenotype-constrained,spikeKineticsMultiplier,1.0977039220985827,upstroke_downstroke_ratio_long_square,0.3107355157325541,1.0109757176755522e-81
233,LDHB,Ldhb,phenotype-constrained,vRestShift_mV,-0.1248330629273156,threshold_i_long_square,0.282853852429496,4.2883385577035824e-67
233,LDHB,Ldhb,phenotype-constrained,inputResistanceMultiplier,0.9188021388329867,threshold_i_long_square,0.282853852429496,4.2883385577035824e-67
233,LDHB,Ldhb,phenotype-constrained,tauMultiplier,0.9210809611579714,threshold_i_long_square,0.282853852429496,4.2883385577035824e-67
233,LDHB,Ldhb,phenotype-constrained,fiGainMultiplier,1.0783329432622608,threshold_i_long_square,0.282853852429496,4.2883385577035824e-67
233,LDHB,Ldhb,phenotype-constrained,adaptationMultiplier,0.9328253963345162,threshold_i_long_square,0.282853852429496,4.2883385577035824e-67
233,LDHB,Ldhb,phenotype-constrained,latencyMultiplier,0.9797580857490877,threshold_i_long_square,0.282853852429496,4.2883385577035824e-67
233,LDHB,Ldhb,phenotype-constrained,sagMultiplier,0.9492494421532712,threshold_i_long_square,0.282853852429496,4.2883385577035824e-67
233,LDHB,Ldhb,phenotype-constrained,thresholdCurrentMultiplier,1.1040650280620175,threshold_i_long_square,0.282853852429496,4.2883385577035824e-67
233,LDHB,Ldhb,phenotype-constrained,thresholdVoltageShift_mV,0.3882541587638808,threshold_i_long_square,0.282853852429496,4.2883385577035824e-67
233,LDHB,Ldhb,phenotype-constrained,spikeKineticsMultiplier,0.9348316534038285,threshold_i_long_square,0.282853852429496,4.2883385577035824e-67
234,CLU,Clu,phenotype-constrained,vRestShift_mV,0.3423163890174292,upstroke_downstroke_ratio_long_square,0.2818227786353112,7.319934148997827e-67
234,CLU,Clu,phenotype-constrained,inputResistanceMultiplier,1.070379587972178,upstroke_downstroke_ratio_long_square,0.2818227786353112,7.319934148997827e-67
234,CLU,Clu,phenotype-constrained,tauMultiplier,1.0580916364949127,upstroke_downstroke_ratio_long_square,0.2818227786353112,7.319934148997827e-67
234,CLU,Clu,phenotype-constrained,fiGainMultiplier,0.9107024214781874,upstroke_downstroke_ratio_long_square,0.2818227786353112,7.319934148997827e-67
234,CLU,Clu,phenotype-constrained,adaptationMultiplier,1.0609856195325402,upstroke_downstroke_ratio_long_square,0.2818227786353112,7.319934148997827e-67
234,CLU,Clu,phenotype-constrained,latencyMultiplier,1.0069619515785735,upstroke_downstroke_ratio_long_square,0.2818227786353112,7.319934148997827e-67
234,CLU,Clu,phenotype-constrained,sagMultiplier,1.0460640300742419,upstroke_downstroke_ratio_long_square,0.2818227786353112,7.319934148997827e-67
234,CLU,Clu,phenotype-constrained,thresholdCurrentMultiplier,0.918493077264358,upstroke_downstroke_ratio_long_square,0.2818227786353112,7.319934148997827e-67
234,CLU,Clu,phenotype-constrained,thresholdVoltageShift_mV,-0.21298265916645387,upstroke_downstroke_ratio_long_square,0.2818227786353112,7.319934148997827e-67
234,CLU,Clu,phenotype-constrained,spikeKineticsMultiplier,1.0882238084668954,upstroke_downstroke_ratio_long_square,0.2818227786353112,7.319934148997827e-67
235,TENM2,Tenm2,phenotype-constrained,vRestShift_mV,0.0739423286866996,upstroke_downstroke_ratio_long_square,-0.4328091858122943,2.727634704503614e-165
235,TENM2,Tenm2,phenotype-constrained,inputResistanceMultiplier,0.981622353232899,upstroke_downstroke_ratio_long_square,-0.4328091858122943,2.727634704503614e-165
235,TENM2,Tenm2,phenotype-constrained,tauMultiplier,1.0172607320826619,upstroke_downstroke_ratio_long_square,-0.4328091858122943,2.727634704503614e-165
235,TENM2,Tenm2,phenotype-constrained,fiGainMultiplier,1.0842732039131369,upstroke_downstroke_ratio_long_square,-0.4328091858122943,2.727634704503614e-165
235,TENM2,Tenm2,phenotype-constrained,adaptationMultiplier,0.9946861335481996,upstroke_downstroke_ratio_long_square,-0.4328091858122943,2.727634704503614e-165
235,TENM2,Tenm2,phenotype-constrained,latencyMultiplier,1.001924513038099,upstroke_downstroke_ratio_long_square,-0.4328091858122943,2.727634704503614e-165
235,TENM2,Tenm2,phenotype-constrained,sagMultiplier,1.001969966591327,upstroke_downstroke_ratio_long_square,-0.4328091858122943,2.727634704503614e-165
235,TENM2,Tenm2,phenotype-constrained,thresholdCurrentMultiplier,1.039044819506417,upstroke_downstroke_ratio_long_square,-0.4328091858122943,2.727634704503614e-165
235,TENM2,Tenm2,phenotype-constrained,thresholdVoltageShift_mV,0.1028628225466299,upstroke_downstroke_ratio_long_square,-0.4328091858122943,2.727634704503614e-165
235,TENM2,Tenm2,phenotype-constrained,spikeKineticsMultiplier,0.8782335172399229,upstroke_downstroke_ratio_long_square,-0.4328091858122943,2.727634704503614e-165
236,CSRNP3,Csrnp3,phenotype-constrained,vRestShift_mV,0.0756568886766872,upstroke_downstroke_ratio_long_square,-0.3876258388057916,4.219181000319041e-130
236,CSRNP3,Csrnp3,phenotype-constrained,inputResistanceMultiplier,0.9939429358878574,upstroke_downstroke_ratio_long_square,-0.3876258388057916,4.219181000319041e-130
236,CSRNP3,Csrnp3,phenotype-constrained,tauMultiplier,1.0351963335701229,upstroke_downstroke_ratio_long_square,-0.3876258388057916,4.219181000319041e-130
236,CSRNP3,Csrnp3,phenotype-constrained,fiGainMultiplier,1.0717855282777953,upstroke_downstroke_ratio_long_square,-0.3876258388057916,4.219181000319041e-130
236,CSRNP3,Csrnp3,phenotype-constrained,adaptationMultiplier,0.9946089480603849,upstroke_downstroke_ratio_long_square,-0.3876258388057916,4.219181000319041e-130
236,CSRNP3,Csrnp3,phenotype-constrained,latencyMultiplier,1.0297130220378636,upstroke_downstroke_ratio_long_square,-0.3876258388057916,4.219181000319041e-130
236,CSRNP3,Csrnp3,phenotype-constrained,sagMultiplier,1.0305930814298974,upstroke_downstroke_ratio_long_square,-0.3876258388057916,4.219181000319041e-130
236,CSRNP3,Csrnp3,phenotype-constrained,thresholdCurrentMultiplier,1.0310854951015382,upstroke_downstroke_ratio_long_square,-0.3876258388057916,4.219181000319041e-130
236,CSRNP3,Csrnp3,phenotype-constrained,thresholdVoltageShift_mV,0.1764518083476117,upstroke_downstroke_ratio_long_square,-0.3876258388057916,4.219181000319041e-130
236,CSRNP3,Csrnp3,phenotype-constrained,spikeKineticsMultiplier,0.8902190244526291,upstroke_downstroke_ratio_long_square,-0.3876258388057916,4.219181000319041e-130
237,CXCL14,Cxcl14,phenotype-constrained,vRestShift_mV,0.4546050170141704,upstroke_downstroke_ratio_long_square,0.3502151536692876,6.867579933062055e-105
237,CXCL14,Cxcl14,phenotype-constrained,inputResistanceMultiplier,1.0503300281948094,upstroke_downstroke_ratio_long_square,0.3502151536692876,6.867579933062055e-105
237,CXCL14,Cxcl14,phenotype-constrained,tauMultiplier,1.0106618541088928,upstroke_downstroke_ratio_long_square,0.3502151536692876,6.867579933062055e-105
237,CXCL14,Cxcl14,phenotype-constrained,fiGainMultiplier,0.9429980896646972,upstroke_downstroke_ratio_long_square,0.3502151536692876,6.867579933062055e-105
237,CXCL14,Cxcl14,phenotype-constrained,adaptationMultiplier,1.064116238472936,upstroke_downstroke_ratio_long_square,0.3502151536692876,6.867579933062055e-105
237,CXCL14,Cxcl14,phenotype-constrained,latencyMultiplier,0.9558704159139647,upstroke_downstroke_ratio_long_square,0.3502151536692876,6.867579933062055e-105
237,CXCL14,Cxcl14,phenotype-constrained,sagMultiplier,1.0143006310895653,upstroke_downstroke_ratio_long_square,0.3502151536692876,6.867579933062055e-105
237,CXCL14,Cxcl14,phenotype-constrained,thresholdCurrentMultiplier,0.9461442863508936,upstroke_downstroke_ratio_long_square,0.3502151536692876,6.867579933062055e-105
237,CXCL14,Cxcl14,phenotype-constrained,thresholdVoltageShift_mV,-0.0429344449731837,upstroke_downstroke_ratio_long_square,0.3502151536692876,6.867579933062055e-105
237,CXCL14,Cxcl14,phenotype-constrained,spikeKineticsMultiplier,1.1107823047084762,upstroke_downstroke_ratio_long_square,0.3502151536692876,6.867579933062055e-105
238,RGS7BP,Rgs7bp,phenotype-constrained,vRestShift_mV,-0.266118923125194,tau,-0.3099894881767162,4.432183770153263e-81
238,RGS7BP,Rgs7bp,phenotype-constrained,inputResistanceMultiplier,0.9184739584596974,tau,-0.3099894881767162,4.432183770153263e-81
238,RGS7BP,Rgs7bp,phenotype-constrained,tauMultiplier,0.9111963737921871,tau,-0.3099894881767162,4.432183770153263e-81
238,RGS7BP,Rgs7bp,phenotype-constrained,fiGainMultiplier,1.0664720346386172,tau,-0.3099894881767162,4.432183770153263e-81
238,RGS7BP,Rgs7bp,phenotype-constrained,adaptationMultiplier,0.9001996106162623,tau,-0.3099894881767162,4.432183770153263e-81
238,RGS7BP,Rgs7bp,phenotype-constrained,latencyMultiplier,1.0125984685297855,tau,-0.3099894881767162,4.432183770153263e-81
238,RGS7BP,Rgs7bp,phenotype-constrained,sagMultiplier,0.9722490620296813,tau,-0.3099894881767162,4.432183770153263e-81
238,RGS7BP,Rgs7bp,phenotype-constrained,thresholdCurrentMultiplier,1.1107037458818823,tau,-0.3099894881767162,4.432183770153263e-81
238,RGS7BP,Rgs7bp,phenotype-constrained,thresholdVoltageShift_mV,0.39516388384558887,tau,-0.3099894881767162,4.432183770153263e-81
238,RGS7BP,Rgs7bp,phenotype-constrained,spikeKineticsMultiplier,0.9701899808689819,tau,-0.3099894881767162,4.432183770153263e-81
239,ST8SIA1,St8sia1,phenotype-constrained,vRestShift_mV,-0.0532496372933976,upstroke_downstroke_ratio_long_square,-0.430002138971648,5.910090222824385e-163
239,ST8SIA1,St8sia1,phenotype-constrained,inputResistanceMultiplier,0.9739346895793725,upstroke_downstroke_ratio_long_square,-0.430002138971648,5.910090222824385e-163
239,ST8SIA1,St8sia1,phenotype-constrained,tauMultiplier,1.007747441850967,upstroke_downstroke_ratio_long_square,-0.430002138971648,5.910090222824385e-163
239,ST8SIA1,St8sia1,phenotype-constrained,fiGainMultiplier,1.1091470915108579,upstroke_downstroke_ratio_long_square,-0.430002138971648,5.910090222824385e-163
239,ST8SIA1,St8sia1,phenotype-constrained,adaptationMultiplier,0.9669405666048311,upstroke_downstroke_ratio_long_square,-0.430002138971648,5.910090222824385e-163
239,ST8SIA1,St8sia1,phenotype-constrained,latencyMultiplier,0.9920490447245507,upstroke_downstroke_ratio_long_square,-0.430002138971648,5.910090222824385e-163
239,ST8SIA1,St8sia1,phenotype-constrained,sagMultiplier,0.994155571533017,upstroke_downstroke_ratio_long_square,-0.430002138971648,5.910090222824385e-163
239,ST8SIA1,St8sia1,phenotype-constrained,thresholdCurrentMultiplier,1.0470864109732558,upstroke_downstroke_ratio_long_square,-0.430002138971648,5.910090222824385e-163
239,ST8SIA1,St8sia1,phenotype-constrained,thresholdVoltageShift_mV,0.028359292993639804,upstroke_downstroke_ratio_long_square,-0.430002138971648,5.910090222824385e-163
239,ST8SIA1,St8sia1,phenotype-constrained,spikeKineticsMultiplier,0.8789734015156466,upstroke_downstroke_ratio_long_square,-0.430002138971648,5.910090222824385e-163
240,LRRC7,Lrrc7,phenotype-constrained,vRestShift_mV,0.204915136617728,tau,0.3488487153808522,8.640530906387607e-104
240,LRRC7,Lrrc7,phenotype-constrained,inputResistanceMultiplier,1.070330731252156,tau,0.3488487153808522,8.640530906387607e-104
240,LRRC7,Lrrc7,phenotype-constrained,tauMultiplier,1.1103270533843963,tau,0.3488487153808522,8.640530906387607e-104
240,LRRC7,Lrrc7,phenotype-constrained,fiGainMultiplier,0.9551016119786683,tau,0.3488487153808522,8.640530906387607e-104
240,LRRC7,Lrrc7,phenotype-constrained,adaptationMultiplier,1.0781109047038944,tau,0.3488487153808522,8.640530906387607e-104
240,LRRC7,Lrrc7,phenotype-constrained,latencyMultiplier,1.0246122772238127,tau,0.3488487153808522,8.640530906387607e-104
240,LRRC7,Lrrc7,phenotype-constrained,sagMultiplier,1.0713134023206474,tau,0.3488487153808522,8.640530906387607e-104
240,LRRC7,Lrrc7,phenotype-constrained,thresholdCurrentMultiplier,0.9178484600270217,tau,0.3488487153808522,8.640530906387607e-104
240,LRRC7,Lrrc7,phenotype-constrained,thresholdVoltageShift_mV,-0.34373176058008714,tau,0.3488487153808522,8.640530906387607e-104
240,LRRC7,Lrrc7,phenotype-constrained,spikeKineticsMultiplier,0.9717051784182983,tau,0.3488487153808522,8.640530906387607e-104
241,SH3GL3,Sh3gl3,phenotype-constrained,vRestShift_mV,0.3807630002858036,threshold_i_long_square,-0.2794945258488947,1.753709165114985e-65
241,SH3GL3,Sh3gl3,phenotype-constrained,inputResistanceMultiplier,1.076248499616261,threshold_i_long_square,-0.2794945258488947,1.753709165114985e-65
241,SH3GL3,Sh3gl3,phenotype-constrained,tauMultiplier,1.0592801867327872,threshold_i_long_square,-0.2794945258488947,1.753709165114985e-65
241,SH3GL3,Sh3gl3,phenotype-constrained,fiGainMultiplier,0.9164309005442316,threshold_i_long_square,-0.2794945258488947,1.753709165114985e-65
241,SH3GL3,Sh3gl3,phenotype-constrained,adaptationMultiplier,1.0753341657544648,threshold_i_long_square,-0.2794945258488947,1.753709165114985e-65
241,SH3GL3,Sh3gl3,phenotype-constrained,latencyMultiplier,0.990244275641135,threshold_i_long_square,-0.2794945258488947,1.753709165114985e-65
241,SH3GL3,Sh3gl3,phenotype-constrained,sagMultiplier,1.0512953402645435,threshold_i_long_square,-0.2794945258488947,1.753709165114985e-65
241,SH3GL3,Sh3gl3,phenotype-constrained,thresholdCurrentMultiplier,0.9068093185982165,threshold_i_long_square,-0.2794945258488947,1.753709165114985e-65
241,SH3GL3,Sh3gl3,phenotype-constrained,thresholdVoltageShift_mV,-0.1855137524858397,threshold_i_long_square,-0.2794945258488947,1.753709165114985e-65
241,SH3GL3,Sh3gl3,phenotype-constrained,spikeKineticsMultiplier,1.0767313995184622,threshold_i_long_square,-0.2794945258488947,1.753709165114985e-65
242,DGKB,Dgkb,phenotype-constrained,vRestShift_mV,0.1572740256475196,upstroke_downstroke_ratio_long_square,0.3859168264441014,7.153708301872791e-129
242,DGKB,Dgkb,phenotype-constrained,inputResistanceMultiplier,1.0189444844076878,upstroke_downstroke_ratio_long_square,0.3859168264441014,7.153708301872791e-129
242,DGKB,Dgkb,phenotype-constrained,tauMultiplier,0.9872941462623069,upstroke_downstroke_ratio_long_square,0.3859168264441014,7.153708301872791e-129
242,DGKB,Dgkb,phenotype-constrained,fiGainMultiplier,0.9342306263484502,upstroke_downstroke_ratio_long_square,0.3859168264441014,7.153708301872791e-129
242,DGKB,Dgkb,phenotype-constrained,adaptationMultiplier,1.011043871622424,upstroke_downstroke_ratio_long_square,0.3859168264441014,7.153708301872791e-129
242,DGKB,Dgkb,phenotype-constrained,latencyMultiplier,1.0077403695960068,upstroke_downstroke_ratio_long_square,0.3859168264441014,7.153708301872791e-129
242,DGKB,Dgkb,phenotype-constrained,sagMultiplier,0.9868337266035435,upstroke_downstroke_ratio_long_square,0.3859168264441014,7.153708301872791e-129
242,DGKB,Dgkb,phenotype-constrained,thresholdCurrentMultiplier,0.9603490251403894,upstroke_downstroke_ratio_long_square,0.3859168264441014,7.153708301872791e-129
242,DGKB,Dgkb,phenotype-constrained,thresholdVoltageShift_mV,0.1092586934673006,upstroke_downstroke_ratio_long_square,0.3859168264441014,7.153708301872791e-129
242,DGKB,Dgkb,phenotype-constrained,spikeKineticsMultiplier,1.122743280302437,upstroke_downstroke_ratio_long_square,0.3859168264441014,7.153708301872791e-129
243,RAB3B,Rab3b,phenotype-constrained,vRestShift_mV,0.1074233412804852,upstroke_downstroke_ratio_long_square,-0.384522072342465,7.102640953704024e-128
243,RAB3B,Rab3b,phenotype-constrained,inputResistanceMultiplier,1.015589864779807,upstroke_downstroke_ratio_long_square,-0.384522072342465,7.102640953704024e-128
243,RAB3B,Rab3b,phenotype-constrained,tauMultiplier,1.0913240117378231,upstroke_downstroke_ratio_long_square,-0.384522072342465,7.102640953704024e-128
243,RAB3B,Rab3b,phenotype-constrained,fiGainMultiplier,1.0448233918202752,upstroke_downstroke_ratio_long_square,-0.384522072342465,7.102640953704024e-128
243,RAB3B,Rab3b,phenotype-constrained,adaptationMultiplier,1.0133774579650825,upstroke_downstroke_ratio_long_square,-0.384522072342465,7.102640953704024e-128
243,RAB3B,Rab3b,phenotype-constrained,latencyMultiplier,1.071717471075753,upstroke_downstroke_ratio_long_square,-0.384522072342465,7.102640953704024e-128
243,RAB3B,Rab3b,phenotype-constrained,sagMultiplier,1.0011433031584696,upstroke_downstroke_ratio_long_square,-0.384522072342465,7.102640953704024e-128
243,RAB3B,Rab3b,phenotype-constrained,thresholdCurrentMultiplier,0.9897744702931487,upstroke_downstroke_ratio_long_square,-0.384522072342465,7.102640953704024e-128
243,RAB3B,Rab3b,phenotype-constrained,thresholdVoltageShift_mV,-0.301681832342772,upstroke_downstroke_ratio_long_square,-0.384522072342465,7.102640953704024e-128
243,RAB3B,Rab3b,phenotype-constrained,spikeKineticsMultiplier,0.8910483200696343,upstroke_downstroke_ratio_long_square,-0.384522072342465,7.102640953704024e-128
244,NETO2,Neto2,phenotype-constrained,vRestShift_mV,-0.2082464546044908,upstroke_downstroke_ratio_long_square,-0.3466624955824272,1.143991716225485e-102
244,NETO2,Neto2,phenotype-constrained,inputResistanceMultiplier,0.9861450196022489,upstroke_downstroke_ratio_long_square,-0.3466624955824272,1.143991716225485e-102
244,NETO2,Neto2,phenotype-constrained,tauMultiplier,1.0565201732371987,upstroke_downstroke_ratio_long_square,-0.3466624955824272,1.143991716225485e-102
244,NETO2,Neto2,phenotype-constrained,fiGainMultiplier,1.0687053464319347,upstroke_downstroke_ratio_long_square,-0.3466624955824272,1.143991716225485e-102
244,NETO2,Neto2,phenotype-constrained,adaptationMultiplier,0.9940841583637895,upstroke_downstroke_ratio_long_square,-0.3466624955824272,1.143991716225485e-102
244,NETO2,Neto2,phenotype-constrained,latencyMultiplier,1.0945716750961911,upstroke_downstroke_ratio_long_square,-0.3466624955824272,1.143991716225485e-102
244,NETO2,Neto2,phenotype-constrained,sagMultiplier,1.0358416723095683,upstroke_downstroke_ratio_long_square,-0.3466624955824272,1.143991716225485e-102
244,NETO2,Neto2,phenotype-constrained,thresholdCurrentMultiplier,1.0384878732441398,upstroke_downstroke_ratio_long_square,-0.3466624955824272,1.143991716225485e-102
244,NETO2,Neto2,phenotype-constrained,thresholdVoltageShift_mV,-0.12242883775393469,upstroke_downstroke_ratio_long_square,-0.3466624955824272,1.143991716225485e-102
244,NETO2,Neto2,phenotype-constrained,spikeKineticsMultiplier,0.9012264251479006,upstroke_downstroke_ratio_long_square,-0.3466624955824272,1.143991716225485e-102
245,RGS6,Rgs6,phenotype-constrained,vRestShift_mV,0.1583734253808644,tau,0.3452584715486758,1.519825833617909e-101
245,RGS6,Rgs6,phenotype-constrained,inputResistanceMultiplier,1.0880176430437065,tau,0.3452584715486758,1.519825833617909e-101
245,RGS6,Rgs6,phenotype-constrained,tauMultiplier,1.1091317937344511,tau,0.3452584715486758,1.519825833617909e-101
245,RGS6,Rgs6,phenotype-constrained,fiGainMultiplier,0.8941316760126387,tau,0.3452584715486758,1.519825833617909e-101
245,RGS6,Rgs6,phenotype-constrained,adaptationMultiplier,1.080713215964286,tau,0.3452584715486758,1.519825833617909e-101
245,RGS6,Rgs6,phenotype-constrained,latencyMultiplier,1.0520494015873112,tau,0.3452584715486758,1.519825833617909e-101
245,RGS6,Rgs6,phenotype-constrained,sagMultiplier,1.1101144566780268,tau,0.3452584715486758,1.519825833617909e-101
245,RGS6,Rgs6,phenotype-constrained,thresholdCurrentMultiplier,0.9023758730602185,tau,0.3452584715486758,1.519825833617909e-101
245,RGS6,Rgs6,phenotype-constrained,thresholdVoltageShift_mV,-0.6480182785858539,tau,0.3452584715486758,1.519825833617909e-101
245,RGS6,Rgs6,phenotype-constrained,spikeKineticsMultiplier,1.074478011058345,tau,0.3452584715486758,1.519825833617909e-101
246,XYLT1,Xylt1,phenotype-constrained,vRestShift_mV,0.1472280843484084,upstroke_downstroke_ratio_long_square,-0.384294507969051,1.016946004601192e-127
246,XYLT1,Xylt1,phenotype-constrained,inputResistanceMultiplier,0.9804296048575126,upstroke_downstroke_ratio_long_square,-0.384294507969051,1.016946004601192e-127
246,XYLT1,Xylt1,phenotype-constrained,tauMultiplier,1.0367417614199328,upstroke_downstroke_ratio_long_square,-0.384294507969051,1.016946004601192e-127
246,XYLT1,Xylt1,phenotype-constrained,fiGainMultiplier,1.0733050792532863,upstroke_downstroke_ratio_long_square,-0.384294507969051,1.016946004601192e-127
246,XYLT1,Xylt1,phenotype-constrained,adaptationMultiplier,0.986626856499743,upstroke_downstroke_ratio_long_square,-0.384294507969051,1.016946004601192e-127
246,XYLT1,Xylt1,phenotype-constrained,latencyMultiplier,1.0246096844385997,upstroke_downstroke_ratio_long_square,-0.384294507969051,1.016946004601192e-127
246,XYLT1,Xylt1,phenotype-constrained,sagMultiplier,0.9949099315761876,upstroke_downstroke_ratio_long_square,-0.384294507969051,1.016946004601192e-127
246,XYLT1,Xylt1,phenotype-constrained,thresholdCurrentMultiplier,1.0340845091517237,upstroke_downstroke_ratio_long_square,-0.384294507969051,1.016946004601192e-127
246,XYLT1,Xylt1,phenotype-constrained,thresholdVoltageShift_mV,-0.0335420077878006,upstroke_downstroke_ratio_long_square,-0.384294507969051,1.016946004601192e-127
246,XYLT1,Xylt1,phenotype-constrained,spikeKineticsMultiplier,0.8911091534019271,upstroke_downstroke_ratio_long_square,-0.384294507969051,1.016946004601192e-127
247,RYR3,Ryr3,phenotype-constrained,vRestShift_mV,0.3173721497875804,f_i_curve_slope,-0.2781210245095473,1.7316541796007182e-64
247,RYR3,Ryr3,phenotype-constrained,inputResistanceMultiplier,1.0537453474560157,f_i_curve_slope,-0.2781210245095473,1.7316541796007182e-64
247,RYR3,Ryr3,phenotype-constrained,tauMultiplier,1.0752811778673166,f_i_curve_slope,-0.2781210245095473,1.7316541796007182e-64
247,RYR3,Ryr3,phenotype-constrained,fiGainMultiplier,0.8823606017315274,f_i_curve_slope,-0.2781210245095473,1.7316541796007182e-64
247,RYR3,Ryr3,phenotype-constrained,adaptationMultiplier,1.0755223564399217,f_i_curve_slope,-0.2781210245095473,1.7316541796007182e-64
247,RYR3,Ryr3,phenotype-constrained,latencyMultiplier,1.0243890041871457,f_i_curve_slope,-0.2781210245095473,1.7316541796007182e-64
247,RYR3,Ryr3,phenotype-constrained,sagMultiplier,1.0786303565937412,f_i_curve_slope,-0.2781210245095473,1.7316541796007182e-64
247,RYR3,Ryr3,phenotype-constrained,thresholdCurrentMultiplier,0.930458831314118,f_i_curve_slope,-0.2781210245095473,1.7316541796007182e-64
247,RYR3,Ryr3,phenotype-constrained,thresholdVoltageShift_mV,-0.4071375614319414,f_i_curve_slope,-0.2781210245095473,1.7316541796007182e-64
247,RYR3,Ryr3,phenotype-constrained,spikeKineticsMultiplier,1.045619216676291,f_i_curve_slope,-0.2781210245095473,1.7316541796007182e-64
248,ARHGEF3,Arhgef3,phenotype-constrained,vRestShift_mV,-0.2593123418521864,upstroke_downstroke_ratio_long_square,-0.2774829955541444,8.750251421924279e-65
248,ARHGEF3,Arhgef3,phenotype-constrained,inputResistanceMultiplier,0.9485377412786535,upstroke_downstroke_ratio_long_square,-0.2774829955541444,8.750251421924279e-65
248,ARHGEF3,Arhgef3,phenotype-constrained,tauMultiplier,0.9546420311697924,upstroke_downstroke_ratio_long_square,-0.2774829955541444,8.750251421924279e-65
248,ARHGEF3,Arhgef3,phenotype-constrained,fiGainMultiplier,1.1007835752678126,upstroke_downstroke_ratio_long_square,-0.2774829955541444,8.750251421924279e-65
248,ARHGEF3,Arhgef3,phenotype-constrained,adaptationMultiplier,0.9583031849945863,upstroke_downstroke_ratio_long_square,-0.2774829955541444,8.750251421924279e-65
248,ARHGEF3,Arhgef3,phenotype-constrained,latencyMultiplier,0.9726238866441448,upstroke_downstroke_ratio_long_square,-0.2774829955541444,8.750251421924279e-65
248,ARHGEF3,Arhgef3,phenotype-constrained,sagMultiplier,0.990812557437249,upstroke_downstroke_ratio_long_square,-0.2774829955541444,8.750251421924279e-65
248,ARHGEF3,Arhgef3,phenotype-constrained,thresholdCurrentMultiplier,1.069549388604603,upstroke_downstroke_ratio_long_square,-0.2774829955541444,8.750251421924279e-65
248,ARHGEF3,Arhgef3,phenotype-constrained,thresholdVoltageShift_mV,0.1381148505519138,upstroke_downstroke_ratio_long_square,-0.2774829955541444,8.750251421924279e-65
248,ARHGEF3,Arhgef3,phenotype-constrained,spikeKineticsMultiplier,0.9201257820486363,upstroke_downstroke_ratio_long_square,-0.2774829955541444,8.750251421924279e-65
249,ZBTB16,Zbtb16,phenotype-constrained,vRestShift_mV,-0.1573220503968624,upstroke_downstroke_ratio_long_square,0.3842899186664068,1.016946004601192e-127
249,ZBTB16,Zbtb16,phenotype-constrained,inputResistanceMultiplier,1.012514868892476,upstroke_downstroke_ratio_long_square,0.3842899186664068,1.016946004601192e-127
249,ZBTB16,Zbtb16,phenotype-constrained,tauMultiplier,0.9508252287659122,upstroke_downstroke_ratio_long_square,0.3842899186664068,1.016946004601192e-127
249,ZBTB16,Zbtb16,phenotype-constrained,fiGainMultiplier,0.9351944912005794,upstroke_downstroke_ratio_long_square,0.3842899186664068,1.016946004601192e-127
249,ZBTB16,Zbtb16,phenotype-constrained,adaptationMultiplier,1.008215780874787,upstroke_downstroke_ratio_long_square,0.3842899186664068,1.016946004601192e-127
249,ZBTB16,Zbtb16,phenotype-constrained,latencyMultiplier,0.9469915323128574,upstroke_downstroke_ratio_long_square,0.3842899186664068,1.016946004601192e-127
249,ZBTB16,Zbtb16,phenotype-constrained,sagMultiplier,0.9966998626570741,upstroke_downstroke_ratio_long_square,0.3842899186664068,1.016946004601192e-127
249,ZBTB16,Zbtb16,phenotype-constrained,thresholdCurrentMultiplier,0.9827417911455266,upstroke_downstroke_ratio_long_square,0.3842899186664068,1.016946004601192e-127
249,ZBTB16,Zbtb16,phenotype-constrained,thresholdVoltageShift_mV,-0.0221949175029411,upstroke_downstroke_ratio_long_square,0.3842899186664068,1.016946004601192e-127
249,ZBTB16,Zbtb16,phenotype-constrained,spikeKineticsMultiplier,1.1221954340750822,upstroke_downstroke_ratio_long_square,0.3842899186664068,1.016946004601192e-127
250,BCL11B,Bcl11b,phenotype-constrained,vRestShift_mV,-0.122315803960486,threshold_i_short_square,0.3029539638009405,1.1256815065600684e-76
250,BCL11B,Bcl11b,phenotype-constrained,inputResistanceMultiplier,0.9168494351490285,threshold_i_short_square,0.3029539638009405,1.1256815065600684e-76
250,BCL11B,Bcl11b,phenotype-constrained,tauMultiplier,0.956301772263779,threshold_i_short_square,0.3029539638009405,1.1256815065600684e-76
250,BCL11B,Bcl11b,phenotype-constrained,fiGainMultiplier,1.0518733952564108,threshold_i_short_square,0.3029539638009405,1.1256815065600684e-76
250,BCL11B,Bcl11b,phenotype-constrained,adaptationMultiplier,0.916763465833292,threshold_i_short_square,0.3029539638009405,1.1256815065600684e-76
250,BCL11B,Bcl11b,phenotype-constrained,latencyMultiplier,1.0701026878089925,threshold_i_short_square,0.3029539638009405,1.1256815065600684e-76
250,BCL11B,Bcl11b,phenotype-constrained,sagMultiplier,0.9301280944411815,threshold_i_short_square,0.3029539638009405,1.1256815065600684e-76
250,BCL11B,Bcl11b,phenotype-constrained,thresholdCurrentMultiplier,1.1101754429207478,threshold_i_short_square,0.3029539638009405,1.1256815065600684e-76
250,BCL11B,Bcl11b,phenotype-constrained,thresholdVoltageShift_mV,0.34683930991864353,threshold_i_short_square,0.3029539638009405,1.1256815065600684e-76
250,BCL11B,Bcl11b,phenotype-constrained,spikeKineticsMultiplier,0.9336132473356162,threshold_i_short_square,0.3029539638009405,1.1256815065600684e-76
251,TOX,Tox,phenotype-constrained,vRestShift_mV,0.4273957390887744,latency,0.2780829472577124,7.675596969936019e-64
251,TOX,Tox,phenotype-constrained,inputResistanceMultiplier,1.0156638725763454,latency,0.2780829472577124,7.675596969936019e-64
251,TOX,Tox,phenotype-constrained,tauMultiplier,1.0778637986252377,latency,0.2780829472577124,7.675596969936019e-64
251,TOX,Tox,phenotype-constrained,fiGainMultiplier,0.9282233395115066,latency,0.2780829472577124,7.675596969936019e-64
251,TOX,Tox,phenotype-constrained,adaptationMultiplier,1.0344228951690324,latency,0.2780829472577124,7.675596969936019e-64
251,TOX,Tox,phenotype-constrained,latencyMultiplier,1.1022229800880385,latency,0.2780829472577124,7.675596969936019e-64
251,TOX,Tox,phenotype-constrained,sagMultiplier,1.0332401985935769,latency,0.2780829472577124,7.675596969936019e-64
251,TOX,Tox,phenotype-constrained,thresholdCurrentMultiplier,0.9771187949584463,latency,0.2780829472577124,7.675596969936019e-64
251,TOX,Tox,phenotype-constrained,thresholdVoltageShift_mV,-0.24597140027233952,latency,0.2780829472577124,7.675596969936019e-64
251,TOX,Tox,phenotype-constrained,spikeKineticsMultiplier,0.9812260985008064,latency,0.2780829472577124,7.675596969936019e-64
252,SCN3A,Scn3a,conductance-aware,vRestShift_mV,0.5689533641508032,tau,0.3012457678684675,2.0296235476830002e-76
252,SCN3A,Scn3a,conductance-aware,inputResistanceMultiplier,1.0867907688348921,tau,0.3012457678684675,2.0296235476830002e-76
252,SCN3A,Scn3a,conductance-aware,tauMultiplier,1.0945832862783322,tau,0.3012457678684675,2.0296235476830002e-76
252,SCN3A,Scn3a,conductance-aware,fiGainMultiplier,0.914161622922399,tau,0.3012457678684675,2.0296235476830002e-76
252,SCN3A,Scn3a,conductance-aware,adaptationMultiplier,1.0882420764479823,tau,0.3012457678684675,2.0296235476830002e-76
252,SCN3A,Scn3a,conductance-aware,latencyMultiplier,1.0085928829605975,tau,0.3012457678684675,2.0296235476830002e-76
252,SCN3A,Scn3a,conductance-aware,sagMultiplier,1.028766968950315,tau,0.3012457678684675,2.0296235476830002e-76
252,SCN3A,Scn3a,conductance-aware,thresholdCurrentMultiplier,0.9130438051490274,tau,0.3012457678684675,2.0296235476830002e-76
252,SCN3A,Scn3a,conductance-aware,thresholdVoltageShift_mV,-0.1312484692287951,tau,0.3012457678684675,2.0296235476830002e-76
252,SCN3A,Scn3a,conductance-aware,spikeKineticsMultiplier,1.0528938478187642,tau,0.3012457678684675,2.0296235476830002e-76
253,SHISA8,Shisa8,phenotype-constrained,vRestShift_mV,-0.0117815370847348,latency,-0.2985021850732793,9.361770239433484e-74
253,SHISA8,Shisa8,phenotype-constrained,inputResistanceMultiplier,1.0366852878311201,latency,-0.2985021850732793,9.361770239433484e-74
253,SHISA8,Shisa8,phenotype-constrained,tauMultiplier,0.9732305942647591,latency,-0.2985021850732793,9.361770239433484e-74
253,SHISA8,Shisa8,phenotype-constrained,fiGainMultiplier,0.9828381073623492,latency,-0.2985021850732793,9.361770239433484e-74
253,SHISA8,Shisa8,phenotype-constrained,adaptationMultiplier,1.0363258693884174,latency,-0.2985021850732793,9.361770239433484e-74
253,SHISA8,Shisa8,phenotype-constrained,latencyMultiplier,0.9007966281507246,latency,-0.2985021850732793,9.361770239433484e-74
253,SHISA8,Shisa8,phenotype-constrained,sagMultiplier,1.0103705098972107,latency,-0.2985021850732793,9.361770239433484e-74
253,SHISA8,Shisa8,phenotype-constrained,thresholdCurrentMultiplier,0.9631783037665993,latency,-0.2985021850732793,9.361770239433484e-74
253,SHISA8,Shisa8,phenotype-constrained,thresholdVoltageShift_mV,-0.146604478130697,latency,-0.2985021850732793,9.361770239433484e-74
253,SHISA8,Shisa8,phenotype-constrained,spikeKineticsMultiplier,1.0579668518208016,latency,-0.2985021850732793,9.361770239433484e-74
254,TMTC1,Tmtc1,phenotype-constrained,vRestShift_mV,0.006025925768796,upstroke_downstroke_ratio_long_square,-0.3769847617074567,1.422014082485632e-122
254,TMTC1,Tmtc1,phenotype-constrained,inputResistanceMultiplier,0.9788035417664356,upstroke_downstroke_ratio_long_square,-0.3769847617074567,1.422014082485632e-122
254,TMTC1,Tmtc1,phenotype-constrained,tauMultiplier,1.0237799022608611,upstroke_downstroke_ratio_long_square,-0.3769847617074567,1.422014082485632e-122
254,TMTC1,Tmtc1,phenotype-constrained,fiGainMultiplier,1.0719462091884708,upstroke_downstroke_ratio_long_square,-0.3769847617074567,1.422014082485632e-122
254,TMTC1,Tmtc1,phenotype-constrained,adaptationMultiplier,1.0052039198863225,upstroke_downstroke_ratio_long_square,-0.3769847617074567,1.422014082485632e-122
254,TMTC1,Tmtc1,phenotype-constrained,latencyMultiplier,1.0212913375992911,upstroke_downstroke_ratio_long_square,-0.3769847617074567,1.422014082485632e-122
254,TMTC1,Tmtc1,phenotype-constrained,sagMultiplier,1.0375904148828072,upstroke_downstroke_ratio_long_square,-0.3769847617074567,1.422014082485632e-122
254,TMTC1,Tmtc1,phenotype-constrained,thresholdCurrentMultiplier,1.0291790028375989,upstroke_downstroke_ratio_long_square,-0.3769847617074567,1.422014082485632e-122
254,TMTC1,Tmtc1,phenotype-constrained,thresholdVoltageShift_mV,-0.0007166697948483,upstroke_downstroke_ratio_long_square,-0.3769847617074567,1.422014082485632e-122
254,TMTC1,Tmtc1,phenotype-constrained,spikeKineticsMultiplier,0.893065432143971,upstroke_downstroke_ratio_long_square,-0.3769847617074567,1.422014082485632e-122
255,ST6GALNAC5,St6galnac5,phenotype-constrained,vRestShift_mV,-0.2268023298537108,upstroke_downstroke_ratio_long_square,-0.3312057551152327,2.7939100019951023e-93
255,ST6GALNAC5,St6galnac5,phenotype-constrained,inputResistanceMultiplier,0.9846584616460075,upstroke_downstroke_ratio_long_square,-0.3312057551152327,2.7939100019951023e-93
255,ST6GALNAC5,St6galnac5,phenotype-constrained,tauMultiplier,1.023618546634452,upstroke_downstroke_ratio_long_square,-0.3312057551152327,2.7939100019951023e-93
255,ST6GALNAC5,St6galnac5,phenotype-constrained,fiGainMultiplier,1.1093464303017369,upstroke_downstroke_ratio_long_square,-0.3312057551152327,2.7939100019951023e-93
255,ST6GALNAC5,St6galnac5,phenotype-constrained,adaptationMultiplier,0.9688055305914214,upstroke_downstroke_ratio_long_square,-0.3312057551152327,2.7939100019951023e-93
255,ST6GALNAC5,St6galnac5,phenotype-constrained,latencyMultiplier,1.0209178020231842,upstroke_downstroke_ratio_long_square,-0.3312057551152327,2.7939100019951023e-93
255,ST6GALNAC5,St6galnac5,phenotype-constrained,sagMultiplier,1.0242820055534063,upstroke_downstroke_ratio_long_square,-0.3312057551152327,2.7939100019951023e-93
255,ST6GALNAC5,St6galnac5,phenotype-constrained,thresholdCurrentMultiplier,1.0228622413003225,upstroke_downstroke_ratio_long_square,-0.3312057551152327,2.7939100019951023e-93
255,ST6GALNAC5,St6galnac5,phenotype-constrained,thresholdVoltageShift_mV,0.104715521749635,upstroke_downstroke_ratio_long_square,-0.3312057551152327,2.7939100019951023e-93
255,ST6GALNAC5,St6galnac5,phenotype-constrained,spikeKineticsMultiplier,0.9054151361018631,upstroke_downstroke_ratio_long_square,-0.3312057551152327,2.7939100019951023e-93
256,KCNJ3,Kcnj3,conductance-aware,vRestShift_mV,-0.4913187229955496,tau,-0.273014141418018,1.7873886926082685e-62
256,KCNJ3,Kcnj3,conductance-aware,inputResistanceMultiplier,0.939250458459794,tau,-0.273014141418018,1.7873886926082685e-62
256,KCNJ3,Kcnj3,conductance-aware,tauMultiplier,0.9213601816885979,tau,-0.273014141418018,1.7873886926082685e-62
256,KCNJ3,Kcnj3,conductance-aware,fiGainMultiplier,1.1012581581147038,tau,-0.273014141418018,1.7873886926082685e-62
256,KCNJ3,Kcnj3,conductance-aware,adaptationMultiplier,0.9560567481135611,tau,-0.273014141418018,1.7873886926082685e-62
256,KCNJ3,Kcnj3,conductance-aware,latencyMultiplier,0.9357908846459966,tau,-0.273014141418018,1.7873886926082685e-62
256,KCNJ3,Kcnj3,conductance-aware,sagMultiplier,0.9396830965093191,tau,-0.273014141418018,1.7873886926082685e-62
256,KCNJ3,Kcnj3,conductance-aware,thresholdCurrentMultiplier,1.0756553138489948,tau,-0.273014141418018,1.7873886926082685e-62
256,KCNJ3,Kcnj3,conductance-aware,thresholdVoltageShift_mV,0.1880298015121416,tau,-0.273014141418018,1.7873886926082685e-62
256,KCNJ3,Kcnj3,conductance-aware,spikeKineticsMultiplier,0.951072561668463,tau,-0.273014141418018,1.7873886926082685e-62
257,GRM5,Grm5,phenotype-constrained,vRestShift_mV,-0.641905027086502,adaptation,-0.2961348766129328,1.8991406517132888e-73
257,GRM5,Grm5,phenotype-constrained,inputResistanceMultiplier,0.9295913105038649,adaptation,-0.2961348766129328,1.8991406517132888e-73
257,GRM5,Grm5,phenotype-constrained,tauMultiplier,0.9487667119268135,adaptation,-0.2961348766129328,1.8991406517132888e-73
257,GRM5,Grm5,phenotype-constrained,fiGainMultiplier,1.1036628587064328,adaptation,-0.2961348766129328,1.8991406517132888e-73
257,GRM5,Grm5,phenotype-constrained,adaptationMultiplier,0.9015432996559237,adaptation,-0.2961348766129328,1.8991406517132888e-73
257,GRM5,Grm5,phenotype-constrained,latencyMultiplier,1.0539480465820554,adaptation,-0.2961348766129328,1.8991406517132888e-73
257,GRM5,Grm5,phenotype-constrained,sagMultiplier,0.9907717408067465,adaptation,-0.2961348766129328,1.8991406517132888e-73
257,GRM5,Grm5,phenotype-constrained,thresholdCurrentMultiplier,1.0959752449478648,adaptation,-0.2961348766129328,1.8991406517132888e-73
257,GRM5,Grm5,phenotype-constrained,thresholdVoltageShift_mV,0.420880592417454,adaptation,-0.2961348766129328,1.8991406517132888e-73
257,GRM5,Grm5,phenotype-constrained,spikeKineticsMultiplier,0.9269836465917731,adaptation,-0.2961348766129328,1.8991406517132888e-73
258,NEBL,Nebl,phenotype-constrained,vRestShift_mV,0.0027945666042872,upstroke_downstroke_ratio_long_square,-0.3753636327074886,1.8691703217658224e-121
258,NEBL,Nebl,phenotype-constrained,inputResistanceMultiplier,0.9760744071665403,upstroke_downstroke_ratio_long_square,-0.3753636327074886,1.8691703217658224e-121
258,NEBL,Nebl,phenotype-constrained,tauMultiplier,0.9987529258450333,upstroke_downstroke_ratio_long_square,-0.3753636327074886,1.8691703217658224e-121
258,NEBL,Nebl,phenotype-constrained,fiGainMultiplier,1.1018509650723514,upstroke_downstroke_ratio_long_square,-0.3753636327074886,1.8691703217658224e-121
258,NEBL,Nebl,phenotype-constrained,adaptationMultiplier,0.9651418545286589,upstroke_downstroke_ratio_long_square,-0.3753636327074886,1.8691703217658224e-121
258,NEBL,Nebl,phenotype-constrained,latencyMultiplier,1.0194420588490773,upstroke_downstroke_ratio_long_square,-0.3753636327074886,1.8691703217658224e-121
258,NEBL,Nebl,phenotype-constrained,sagMultiplier,1.010010953445665,upstroke_downstroke_ratio_long_square,-0.3753636327074886,1.8691703217658224e-121
258,NEBL,Nebl,phenotype-constrained,thresholdCurrentMultiplier,1.043614616418727,upstroke_downstroke_ratio_long_square,-0.3753636327074886,1.8691703217658224e-121
258,NEBL,Nebl,phenotype-constrained,thresholdVoltageShift_mV,0.2361713509563111,upstroke_downstroke_ratio_long_square,-0.3753636327074886,1.8691703217658224e-121
258,NEBL,Nebl,phenotype-constrained,spikeKineticsMultiplier,0.8934998700586687,upstroke_downstroke_ratio_long_square,-0.3753636327074886,1.8691703217658224e-121
259,MAGI2,Magi2,phenotype-constrained,vRestShift_mV,-0.2059384405120332,upstroke_downstroke_ratio_long_square,-0.3753252364303683,1.965623803421714e-121
259,MAGI2,Magi2,phenotype-constrained,inputResistanceMultiplier,0.9795810461108708,upstroke_downstroke_ratio_long_square,-0.3753252364303683,1.965623803421714e-121
259,MAGI2,Magi2,phenotype-constrained,tauMultiplier,1.0067114671955748,upstroke_downstroke_ratio_long_square,-0.3753252364303683,1.965623803421714e-121
259,MAGI2,Magi2,phenotype-constrained,fiGainMultiplier,1.1058143369404132,upstroke_downstroke_ratio_long_square,-0.3753252364303683,1.965623803421714e-121
259,MAGI2,Magi2,phenotype-constrained,adaptationMultiplier,0.977345470784022,upstroke_downstroke_ratio_long_square,-0.3753252364303683,1.965623803421714e-121
259,MAGI2,Magi2,phenotype-constrained,latencyMultiplier,1.0052394806173175,upstroke_downstroke_ratio_long_square,-0.3753252364303683,1.965623803421714e-121
259,MAGI2,Magi2,phenotype-constrained,sagMultiplier,1.0137416851922378,upstroke_downstroke_ratio_long_square,-0.3753252364303683,1.965623803421714e-121
259,MAGI2,Magi2,phenotype-constrained,thresholdCurrentMultiplier,1.0432218818327679,upstroke_downstroke_ratio_long_square,-0.3753252364303683,1.965623803421714e-121
259,MAGI2,Magi2,phenotype-constrained,thresholdVoltageShift_mV,0.035042780233417795,upstroke_downstroke_ratio_long_square,-0.3753252364303683,1.965623803421714e-121
259,MAGI2,Magi2,phenotype-constrained,spikeKineticsMultiplier,0.8935101622385312,upstroke_downstroke_ratio_long_square,-0.3753252364303683,1.965623803421714e-121
260,PDE1C,Pde1c,phenotype-constrained,vRestShift_mV,0.21965278757792,ri,0.2724476622441845,4.190614522915333e-62
260,PDE1C,Pde1c,phenotype-constrained,inputResistanceMultiplier,1.0851674410924292,ri,0.2724476622441845,4.190614522915333e-62
260,PDE1C,Pde1c,phenotype-constrained,tauMultiplier,1.0650883297453475,ri,0.2724476622441845,4.190614522915333e-62
260,PDE1C,Pde1c,phenotype-constrained,fiGainMultiplier,0.9810090631737453,ri,0.2724476622441845,4.190614522915333e-62
260,PDE1C,Pde1c,phenotype-constrained,adaptationMultiplier,1.0314844025841052,ri,0.2724476622441845,4.190614522915333e-62
260,PDE1C,Pde1c,phenotype-constrained,latencyMultiplier,0.9910247318545377,ri,0.2724476622441845,4.190614522915333e-62
260,PDE1C,Pde1c,phenotype-constrained,sagMultiplier,1.0469439307584814,ri,0.2724476622441845,4.190614522915333e-62
260,PDE1C,Pde1c,phenotype-constrained,thresholdCurrentMultiplier,0.9182584858525995,ri,0.2724476622441845,4.190614522915333e-62
260,PDE1C,Pde1c,phenotype-constrained,thresholdVoltageShift_mV,-0.2829774628865025,ri,0.2724476622441845,4.190614522915333e-62
260,PDE1C,Pde1c,phenotype-constrained,spikeKineticsMultiplier,1.0600458692155001,ri,0.2724476622441845,4.190614522915333e-62
261,SRRM3,Srrm3,phenotype-constrained,vRestShift_mV,-0.2431882607559476,upstroke_downstroke_ratio_long_square,-0.2536187160707143,4.9453681976895346e-54
261,SRRM3,Srrm3,phenotype-constrained,inputResistanceMultiplier,0.9517413542462981,upstroke_downstroke_ratio_long_square,-0.2536187160707143,4.9453681976895346e-54
261,SRRM3,Srrm3,phenotype-constrained,tauMultiplier,0.9748789583254512,upstroke_downstroke_ratio_long_square,-0.2536187160707143,4.9453681976895346e-54
261,SRRM3,Srrm3,phenotype-constrained,fiGainMultiplier,1.0721356985190744,upstroke_downstroke_ratio_long_square,-0.2536187160707143,4.9453681976895346e-54
261,SRRM3,Srrm3,phenotype-constrained,adaptationMultiplier,0.9508878334406236,upstroke_downstroke_ratio_long_square,-0.2536187160707143,4.9453681976895346e-54
261,SRRM3,Srrm3,phenotype-constrained,latencyMultiplier,1.0321061442913164,upstroke_downstroke_ratio_long_square,-0.2536187160707143,4.9453681976895346e-54
261,SRRM3,Srrm3,phenotype-constrained,sagMultiplier,0.9686229677592663,upstroke_downstroke_ratio_long_square,-0.2536187160707143,4.9453681976895346e-54
261,SRRM3,Srrm3,phenotype-constrained,thresholdCurrentMultiplier,1.0654593850167868,upstroke_downstroke_ratio_long_square,-0.2536187160707143,4.9453681976895346e-54
261,SRRM3,Srrm3,phenotype-constrained,thresholdVoltageShift_mV,0.3238512357747783,upstroke_downstroke_ratio_long_square,-0.2536187160707143,4.9453681976895346e-54
261,SRRM3,Srrm3,phenotype-constrained,spikeKineticsMultiplier,0.9267368607521962,upstroke_downstroke_ratio_long_square,-0.2536187160707143,4.9453681976895346e-54
262,CUX1,Cux1,phenotype-constrained,vRestShift_mV,0.0218321789582508,upstroke_downstroke_ratio_long_square,-0.330151102503297,1.1287754544535198e-92
262,CUX1,Cux1,phenotype-constrained,inputResistanceMultiplier,0.9654915020130205,upstroke_downstroke_ratio_long_square,-0.330151102503297,1.1287754544535198e-92
262,CUX1,Cux1,phenotype-constrained,tauMultiplier,0.9812304124346973,upstroke_downstroke_ratio_long_square,-0.330151102503297,1.1287754544535198e-92
262,CUX1,Cux1,phenotype-constrained,fiGainMultiplier,1.100907886042947,upstroke_downstroke_ratio_long_square,-0.330151102503297,1.1287754544535198e-92
262,CUX1,Cux1,phenotype-constrained,adaptationMultiplier,0.9533449410873475,upstroke_downstroke_ratio_long_square,-0.330151102503297,1.1287754544535198e-92
262,CUX1,Cux1,phenotype-constrained,latencyMultiplier,0.9963152349148827,upstroke_downstroke_ratio_long_square,-0.330151102503297,1.1287754544535198e-92
262,CUX1,Cux1,phenotype-constrained,sagMultiplier,0.9648988258825721,upstroke_downstroke_ratio_long_square,-0.330151102503297,1.1287754544535198e-92
262,CUX1,Cux1,phenotype-constrained,thresholdCurrentMultiplier,1.0504056780779525,upstroke_downstroke_ratio_long_square,-0.330151102503297,1.1287754544535198e-92
262,CUX1,Cux1,phenotype-constrained,thresholdVoltageShift_mV,0.32656212598142853,upstroke_downstroke_ratio_long_square,-0.330151102503297,1.1287754544535198e-92
262,CUX1,Cux1,phenotype-constrained,spikeKineticsMultiplier,0.9057016509569717,upstroke_downstroke_ratio_long_square,-0.330151102503297,1.1287754544535198e-92
263,PCDH11X,Pcdh11x,phenotype-constrained,vRestShift_mV,0.1740085882053372,tau,0.2708873968836726,1.7493211442041658e-61
263,PCDH11X,Pcdh11x,phenotype-constrained,inputResistanceMultiplier,1.0466145028144729,tau,0.2708873968836726,1.7493211442041658e-61
263,PCDH11X,Pcdh11x,phenotype-constrained,tauMultiplier,1.0846596152025654,tau,0.2708873968836726,1.7493211442041658e-61
263,PCDH11X,Pcdh11x,phenotype-constrained,fiGainMultiplier,1.0207230381888814,tau,0.2708873968836726,1.7493211442041658e-61
263,PCDH11X,Pcdh11x,phenotype-constrained,adaptationMultiplier,1.0461319210822158,tau,0.2708873968836726,1.7493211442041658e-61
263,PCDH11X,Pcdh11x,phenotype-constrained,latencyMultiplier,1.0373321614016018,tau,0.2708873968836726,1.7493211442041658e-61
263,PCDH11X,Pcdh11x,phenotype-constrained,sagMultiplier,1.0599167542090542,tau,0.2708873968836726,1.7493211442041658e-61
263,PCDH11X,Pcdh11x,phenotype-constrained,thresholdCurrentMultiplier,0.9512898907265029,tau,0.2708873968836726,1.7493211442041658e-61
263,PCDH11X,Pcdh11x,phenotype-constrained,thresholdVoltageShift_mV,-0.45128571391989625,tau,0.2708873968836726,1.7493211442041658e-61
263,PCDH11X,Pcdh11x,phenotype-constrained,spikeKineticsMultiplier,0.955091764580933,tau,0.2708873968836726,1.7493211442041658e-61
264,PHACTR1,Phactr1,phenotype-constrained,vRestShift_mV,-0.3767169254959024,tau,-0.2937378283674878,1.5127971446331274e-72
264,PHACTR1,Phactr1,phenotype-constrained,inputResistanceMultiplier,0.9264630391339672,tau,-0.2937378283674878,1.5127971446331274e-72
264,PHACTR1,Phactr1,phenotype-constrained,tauMultiplier,0.9156497572474211,tau,-0.2937378283674878,1.5127971446331274e-72
264,PHACTR1,Phactr1,phenotype-constrained,fiGainMultiplier,1.0024751613628626,tau,-0.2937378283674878,1.5127971446331274e-72
264,PHACTR1,Phactr1,phenotype-constrained,adaptationMultiplier,0.9235456072563706,tau,-0.2937378283674878,1.5127971446331274e-72
264,PHACTR1,Phactr1,phenotype-constrained,latencyMultiplier,1.039229350622334,tau,-0.2937378283674878,1.5127971446331274e-72
264,PHACTR1,Phactr1,phenotype-constrained,sagMultiplier,0.9184144457804534,tau,-0.2937378283674878,1.5127971446331274e-72
264,PHACTR1,Phactr1,phenotype-constrained,thresholdCurrentMultiplier,1.079996060295619,tau,-0.2937378283674878,1.5127971446331274e-72
264,PHACTR1,Phactr1,phenotype-constrained,thresholdVoltageShift_mV,0.4803887477291808,tau,-0.2937378283674878,1.5127971446331274e-72
264,PHACTR1,Phactr1,phenotype-constrained,spikeKineticsMultiplier,1.0192746582620065,tau,-0.2937378283674878,1.5127971446331274e-72
265,MPDZ,Mpdz,phenotype-constrained,vRestShift_mV,-0.175091986325368,tau,-0.292905775369232,3.985593692283583e-72
265,MPDZ,Mpdz,phenotype-constrained,inputResistanceMultiplier,0.9434912603983937,tau,-0.292905775369232,3.985593692283583e-72
265,MPDZ,Mpdz,phenotype-constrained,tauMultiplier,0.9158783465137529,tau,-0.292905775369232,3.985593692283583e-72
265,MPDZ,Mpdz,phenotype-constrained,fiGainMultiplier,0.9904285157468511,tau,-0.292905775369232,3.985593692283583e-72
265,MPDZ,Mpdz,phenotype-constrained,adaptationMultiplier,0.9302350973685054,tau,-0.292905775369232,3.985593692283583e-72
265,MPDZ,Mpdz,phenotype-constrained,latencyMultiplier,1.0197589167932226,tau,-0.292905775369232,3.985593692283583e-72
265,MPDZ,Mpdz,phenotype-constrained,sagMultiplier,0.9522666879282445,tau,-0.292905775369232,3.985593692283583e-72
265,MPDZ,Mpdz,phenotype-constrained,thresholdCurrentMultiplier,1.0599765008740036,tau,-0.292905775369232,3.985593692283583e-72
265,MPDZ,Mpdz,phenotype-constrained,thresholdVoltageShift_mV,0.4764089690366334,tau,-0.292905775369232,3.985593692283583e-72
265,MPDZ,Mpdz,phenotype-constrained,spikeKineticsMultiplier,1.0716766652732295,tau,-0.292905775369232,3.985593692283583e-72
266,KHDRBS2,Khdrbs2,phenotype-constrained,vRestShift_mV,0.1980644363245828,upstroke_downstroke_ratio_long_square,0.2928023657049884,2.730150616179321e-72
266,KHDRBS2,Khdrbs2,phenotype-constrained,inputResistanceMultiplier,1.049280211327431,upstroke_downstroke_ratio_long_square,0.2928023657049884,2.730150616179321e-72
266,KHDRBS2,Khdrbs2,phenotype-constrained,tauMultiplier,1.0236265998194984,upstroke_downstroke_ratio_long_square,0.2928023657049884,2.730150616179321e-72
266,KHDRBS2,Khdrbs2,phenotype-constrained,fiGainMultiplier,0.9287409491592953,upstroke_downstroke_ratio_long_square,0.2928023657049884,2.730150616179321e-72
266,KHDRBS2,Khdrbs2,phenotype-constrained,adaptationMultiplier,1.0469415376922546,upstroke_downstroke_ratio_long_square,0.2928023657049884,2.730150616179321e-72
266,KHDRBS2,Khdrbs2,phenotype-constrained,latencyMultiplier,0.98657110126715,upstroke_downstroke_ratio_long_square,0.2928023657049884,2.730150616179321e-72
266,KHDRBS2,Khdrbs2,phenotype-constrained,sagMultiplier,1.030705049158405,upstroke_downstroke_ratio_long_square,0.2928023657049884,2.730150616179321e-72
266,KHDRBS2,Khdrbs2,phenotype-constrained,thresholdCurrentMultiplier,0.9355158977291834,upstroke_downstroke_ratio_long_square,0.2928023657049884,2.730150616179321e-72
266,KHDRBS2,Khdrbs2,phenotype-constrained,thresholdVoltageShift_mV,0.01958973397839,upstroke_downstroke_ratio_long_square,0.2928023657049884,2.730150616179321e-72
266,KHDRBS2,Khdrbs2,phenotype-constrained,spikeKineticsMultiplier,1.0918141927781853,upstroke_downstroke_ratio_long_square,0.2928023657049884,2.730150616179321e-72
267,CADM2,Cadm2,phenotype-constrained,vRestShift_mV,0.3944390687143512,tau,0.3294490704525354,4.856926589308788e-92
267,CADM2,Cadm2,phenotype-constrained,inputResistanceMultiplier,1.0808360115543978,tau,0.3294490704525354,4.856926589308788e-92
267,CADM2,Cadm2,phenotype-constrained,tauMultiplier,1.1038838358139615,tau,0.3294490704525354,4.856926589308788e-92
267,CADM2,Cadm2,phenotype-constrained,fiGainMultiplier,0.9656706662042709,tau,0.3294490704525354,4.856926589308788e-92
267,CADM2,Cadm2,phenotype-constrained,adaptationMultiplier,1.0860807619633268,tau,0.3294490704525354,4.856926589308788e-92
267,CADM2,Cadm2,phenotype-constrained,latencyMultiplier,1.0080951932958728,tau,0.3294490704525354,4.856926589308788e-92
267,CADM2,Cadm2,phenotype-constrained,sagMultiplier,1.0919068958766962,tau,0.3294490704525354,4.856926589308788e-92
267,CADM2,Cadm2,phenotype-constrained,thresholdCurrentMultiplier,0.9135102078538235,tau,0.3294490704525354,4.856926589308788e-92
267,CADM2,Cadm2,phenotype-constrained,thresholdVoltageShift_mV,-0.4153868587098942,tau,0.3294490704525354,4.856926589308788e-92
267,CADM2,Cadm2,phenotype-constrained,spikeKineticsMultiplier,0.9733498610293938,tau,0.3294490704525354,4.856926589308788e-92
268,LIN7A,Lin7a,phenotype-constrained,vRestShift_mV,-0.2879711938552512,tau,-0.2925749922232561,5.820433777597278e-72
268,LIN7A,Lin7a,phenotype-constrained,inputResistanceMultiplier,0.9176719026468851,tau,-0.2925749922232561,5.820433777597278e-72
268,LIN7A,Lin7a,phenotype-constrained,tauMultiplier,0.9159692381597293,tau,-0.2925749922232561,5.820433777597278e-72
268,LIN7A,Lin7a,phenotype-constrained,fiGainMultiplier,1.0561879742021472,tau,-0.2925749922232561,5.820433777597278e-72
268,LIN7A,Lin7a,phenotype-constrained,adaptationMultiplier,0.9097121428449931,tau,-0.2925749922232561,5.820433777597278e-72
268,LIN7A,Lin7a,phenotype-constrained,latencyMultiplier,1.0043466431787618,tau,-0.2925749922232561,5.820433777597278e-72
268,LIN7A,Lin7a,phenotype-constrained,sagMultiplier,0.9145081250882064,tau,-0.2925749922232561,5.820433777597278e-72
268,LIN7A,Lin7a,phenotype-constrained,thresholdCurrentMultiplier,1.0889620814857723,tau,-0.2925749922232561,5.820433777597278e-72
268,LIN7A,Lin7a,phenotype-constrained,thresholdVoltageShift_mV,0.41243932705573616,tau,-0.2925749922232561,5.820433777597278e-72
268,LIN7A,Lin7a,phenotype-constrained,spikeKineticsMultiplier,0.9640122378390492,tau,-0.2925749922232561,5.820433777597278e-72
269,PCP4,Pcp4,phenotype-constrained,vRestShift_mV,0.6539067800589372,threshold_i_long_square,-0.2921027712611074,1.1986785383618865e-71
269,PCP4,Pcp4,phenotype-constrained,inputResistanceMultiplier,1.0831124011764688,threshold_i_long_square,-0.2921027712611074,1.1986785383618865e-71
269,PCP4,Pcp4,phenotype-constrained,tauMultiplier,1.0652642551623086,threshold_i_long_square,-0.2921027712611074,1.1986785383618865e-71
269,PCP4,Pcp4,phenotype-constrained,fiGainMultiplier,0.936953091665004,threshold_i_long_square,-0.2921027712611074,1.1986785383618865e-71
269,PCP4,Pcp4,phenotype-constrained,adaptationMultiplier,1.0734041883810588,threshold_i_long_square,-0.2921027712611074,1.1986785383618865e-71
269,PCP4,Pcp4,phenotype-constrained,latencyMultiplier,0.9597033699868012,threshold_i_long_square,-0.2921027712611074,1.1986785383618865e-71
269,PCP4,Pcp4,phenotype-constrained,sagMultiplier,1.0358663618230999,threshold_i_long_square,-0.2921027712611074,1.1986785383618865e-71
269,PCP4,Pcp4,phenotype-constrained,thresholdCurrentMultiplier,0.9028164889776823,threshold_i_long_square,-0.2921027712611074,1.1986785383618865e-71
269,PCP4,Pcp4,phenotype-constrained,thresholdVoltageShift_mV,-0.269257639629207,threshold_i_long_square,-0.2921027712611074,1.1986785383618865e-71
269,PCP4,Pcp4,phenotype-constrained,spikeKineticsMultiplier,1.0555421074887141,threshold_i_long_square,-0.2921027712611074,1.1986785383618865e-71
270,CLEC16A,Clec16a,phenotype-constrained,vRestShift_mV,-0.2689743138951524,upstroke_downstroke_ratio_long_square,-0.2693017037070433,5.5786380207949616e-61
270,CLEC16A,Clec16a,phenotype-constrained,inputResistanceMultiplier,0.9340284658299988,upstroke_downstroke_ratio_long_square,-0.2693017037070433,5.5786380207949616e-61
270,CLEC16A,Clec16a,phenotype-constrained,tauMultiplier,0.9426585761777809,upstroke_downstroke_ratio_long_square,-0.2693017037070433,5.5786380207949616e-61
270,CLEC16A,Clec16a,phenotype-constrained,fiGainMultiplier,1.1071623216447122,upstroke_downstroke_ratio_long_square,-0.2693017037070433,5.5786380207949616e-61
270,CLEC16A,Clec16a,phenotype-constrained,adaptationMultiplier,0.9347997042834367,upstroke_downstroke_ratio_long_square,-0.2693017037070433,5.5786380207949616e-61
270,CLEC16A,Clec16a,phenotype-constrained,latencyMultiplier,1.0014613549079003,upstroke_downstroke_ratio_long_square,-0.2693017037070433,5.5786380207949616e-61
270,CLEC16A,Clec16a,phenotype-constrained,sagMultiplier,0.956844503283841,upstroke_downstroke_ratio_long_square,-0.2693017037070433,5.5786380207949616e-61
270,CLEC16A,Clec16a,phenotype-constrained,thresholdCurrentMultiplier,1.089838948431368,upstroke_downstroke_ratio_long_square,-0.2693017037070433,5.5786380207949616e-61
270,CLEC16A,Clec16a,phenotype-constrained,thresholdVoltageShift_mV,0.27432411411505864,upstroke_downstroke_ratio_long_square,-0.2693017037070433,5.5786380207949616e-61
270,CLEC16A,Clec16a,phenotype-constrained,spikeKineticsMultiplier,0.9223869010123673,upstroke_downstroke_ratio_long_square,-0.2693017037070433,5.5786380207949616e-61
271,NPY,Npy,phenotype-constrained,vRestShift_mV,0.3079377120467816,avg_isi,0.3270721553348678,4.303299927284763e-90
271,NPY,Npy,phenotype-constrained,inputResistanceMultiplier,1.0278922031190953,avg_isi,0.3270721553348678,4.303299927284763e-90
271,NPY,Npy,phenotype-constrained,tauMultiplier,1.0522712617988843,avg_isi,0.3270721553348678,4.303299927284763e-90
271,NPY,Npy,phenotype-constrained,fiGainMultiplier,0.9357454355892237,avg_isi,0.3270721553348678,4.303299927284763e-90
271,NPY,Npy,phenotype-constrained,adaptationMultiplier,0.9921424026121736,avg_isi,0.3270721553348678,4.303299927284763e-90
271,NPY,Npy,phenotype-constrained,latencyMultiplier,1.110739351087846,avg_isi,0.3270721553348678,4.303299927284763e-90
271,NPY,Npy,phenotype-constrained,sagMultiplier,1.0180396400914467,avg_isi,0.3270721553348678,4.303299927284763e-90
271,NPY,Npy,phenotype-constrained,thresholdCurrentMultiplier,0.987267195450028,avg_isi,0.3270721553348678,4.303299927284763e-90
271,NPY,Npy,phenotype-constrained,thresholdVoltageShift_mV,-0.1533462095832963,avg_isi,0.3270721553348678,4.303299927284763e-90
271,NPY,Npy,phenotype-constrained,spikeKineticsMultiplier,1.0782736447266275,avg_isi,0.3270721553348678,4.303299927284763e-90
272,SLIT3,Slit3,phenotype-constrained,vRestShift_mV,-0.364750050677706,upstroke_downstroke_ratio_long_square,-0.2685615914953559,1.2138594035057628e-60
272,SLIT3,Slit3,phenotype-constrained,inputResistanceMultiplier,0.9615827435709953,upstroke_downstroke_ratio_long_square,-0.2685615914953559,1.2138594035057628e-60
272,SLIT3,Slit3,phenotype-constrained,tauMultiplier,0.9766269173007568,upstroke_downstroke_ratio_long_square,-0.2685615914953559,1.2138594035057628e-60
272,SLIT3,Slit3,phenotype-constrained,fiGainMultiplier,1.0771826063811554,upstroke_downstroke_ratio_long_square,-0.2685615914953559,1.2138594035057628e-60
272,SLIT3,Slit3,phenotype-constrained,adaptationMultiplier,0.9694074892910979,upstroke_downstroke_ratio_long_square,-0.2685615914953559,1.2138594035057628e-60
272,SLIT3,Slit3,phenotype-constrained,latencyMultiplier,0.9830656826780683,upstroke_downstroke_ratio_long_square,-0.2685615914953559,1.2138594035057628e-60
272,SLIT3,Slit3,phenotype-constrained,sagMultiplier,0.9439471780807633,upstroke_downstroke_ratio_long_square,-0.2685615914953559,1.2138594035057628e-60
272,SLIT3,Slit3,phenotype-constrained,thresholdCurrentMultiplier,1.0486018710075389,upstroke_downstroke_ratio_long_square,-0.2685615914953559,1.2138594035057628e-60
272,SLIT3,Slit3,phenotype-constrained,thresholdVoltageShift_mV,-0.0482733257201898,upstroke_downstroke_ratio_long_square,-0.2685615914953559,1.2138594035057628e-60
272,SLIT3,Slit3,phenotype-constrained,spikeKineticsMultiplier,0.9225917246932039,upstroke_downstroke_ratio_long_square,-0.2685615914953559,1.2138594035057628e-60
273,KCNB2,Kcnb2,conductance-aware,vRestShift_mV,0.2619692123540064,threshold_i_long_square,-0.2910958070318895,3.8005158272976656e-71
273,KCNB2,Kcnb2,conductance-aware,inputResistanceMultiplier,1.0728944302782693,threshold_i_long_square,-0.2910958070318895,3.8005158272976656e-71
273,KCNB2,Kcnb2,conductance-aware,tauMultiplier,1.0523639143305186,threshold_i_long_square,-0.2910958070318895,3.8005158272976656e-71
273,KCNB2,Kcnb2,conductance-aware,fiGainMultiplier,0.9370172849854175,threshold_i_long_square,-0.2910958070318895,3.8005158272976656e-71
273,KCNB2,Kcnb2,conductance-aware,adaptationMultiplier,1.064459679318744,threshold_i_long_square,-0.2910958070318895,3.8005158272976656e-71
273,KCNB2,Kcnb2,conductance-aware,latencyMultiplier,0.9606901103272603,threshold_i_long_square,-0.2910958070318895,3.8005158272976656e-71
273,KCNB2,Kcnb2,conductance-aware,sagMultiplier,0.9937048384296268,threshold_i_long_square,-0.2910958070318895,3.8005158272976656e-71
273,KCNB2,Kcnb2,conductance-aware,thresholdCurrentMultiplier,0.9031347314231529,threshold_i_long_square,-0.2910958070318895,3.8005158272976656e-71
273,KCNB2,Kcnb2,conductance-aware,thresholdVoltageShift_mV,-0.23532622841985898,threshold_i_long_square,-0.2910958070318895,3.8005158272976656e-71
273,KCNB2,Kcnb2,conductance-aware,spikeKineticsMultiplier,1.0639465128896204,threshold_i_long_square,-0.2910958070318895,3.8005158272976656e-71
274,GRIA3,Gria3,phenotype-constrained,vRestShift_mV,-0.1488032362443216,upstroke_downstroke_ratio_long_square,-0.367656044143592,3.2880753505388966e-116
274,GRIA3,Gria3,phenotype-constrained,inputResistanceMultiplier,0.9531464754121718,upstroke_downstroke_ratio_long_square,-0.367656044143592,3.2880753505388966e-116
274,GRIA3,Gria3,phenotype-constrained,tauMultiplier,1.016754367269625,upstroke_downstroke_ratio_long_square,-0.367656044143592,3.2880753505388966e-116
274,GRIA3,Gria3,phenotype-constrained,fiGainMultiplier,1.0827720160516536,upstroke_downstroke_ratio_long_square,-0.367656044143592,3.2880753505388966e-116
274,GRIA3,Gria3,phenotype-constrained,adaptationMultiplier,0.9646439052989013,upstroke_downstroke_ratio_long_square,-0.367656044143592,3.2880753505388966e-116
274,GRIA3,Gria3,phenotype-constrained,latencyMultiplier,1.091021586674041,upstroke_downstroke_ratio_long_square,-0.367656044143592,3.2880753505388966e-116
274,GRIA3,Gria3,phenotype-constrained,sagMultiplier,1.0010447884954643,upstroke_downstroke_ratio_long_square,-0.367656044143592,3.2880753505388966e-116
274,GRIA3,Gria3,phenotype-constrained,thresholdCurrentMultiplier,1.0586018297132584,upstroke_downstroke_ratio_long_square,-0.367656044143592,3.2880753505388966e-116
274,GRIA3,Gria3,phenotype-constrained,thresholdVoltageShift_mV,-0.0037788784545440997,upstroke_downstroke_ratio_long_square,-0.367656044143592,3.2880753505388966e-116
274,GRIA3,Gria3,phenotype-constrained,spikeKineticsMultiplier,0.8955682793183106,upstroke_downstroke_ratio_long_square,-0.367656044143592,3.2880753505388966e-116
275,ITM2C,Itm2c,phenotype-constrained,vRestShift_mV,0.1662688282460084,threshold_i_long_square,-0.2482837048237996,1.5823441619005427e-51
275,ITM2C,Itm2c,phenotype-constrained,inputResistanceMultiplier,1.0741206834268953,threshold_i_long_square,-0.2482837048237996,1.5823441619005427e-51
275,ITM2C,Itm2c,phenotype-constrained,tauMultiplier,1.0719010079939648,threshold_i_long_square,-0.2482837048237996,1.5823441619005427e-51
275,ITM2C,Itm2c,phenotype-constrained,fiGainMultiplier,0.9271344565675108,threshold_i_long_square,-0.2482837048237996,1.5823441619005427e-51
275,ITM2C,Itm2c,phenotype-constrained,adaptationMultiplier,1.0750890497403394,threshold_i_long_square,-0.2482837048237996,1.5823441619005427e-51
275,ITM2C,Itm2c,phenotype-constrained,latencyMultiplier,1.0223297738224841,threshold_i_long_square,-0.2482837048237996,1.5823441619005427e-51
275,ITM2C,Itm2c,phenotype-constrained,sagMultiplier,1.0520668633411296,threshold_i_long_square,-0.2482837048237996,1.5823441619005427e-51
275,ITM2C,Itm2c,phenotype-constrained,thresholdCurrentMultiplier,0.9167694127006539,threshold_i_long_square,-0.2482837048237996,1.5823441619005427e-51
275,ITM2C,Itm2c,phenotype-constrained,thresholdVoltageShift_mV,-0.2285764449373776,threshold_i_long_square,-0.2482837048237996,1.5823441619005427e-51
275,ITM2C,Itm2c,phenotype-constrained,spikeKineticsMultiplier,1.0597442421380254,threshold_i_long_square,-0.2482837048237996,1.5823441619005427e-51
276,THSD7B,Thsd7b,phenotype-constrained,vRestShift_mV,0.2357488068951328,tau,0.3228465684758301,3.1379150227769283e-88
276,THSD7B,Thsd7b,phenotype-constrained,inputResistanceMultiplier,1.0549236150749761,tau,0.3228465684758301,3.1379150227769283e-88
276,THSD7B,Thsd7b,phenotype-constrained,tauMultiplier,1.1016994812964798,tau,0.3228465684758301,3.1379150227769283e-88
276,THSD7B,Thsd7b,phenotype-constrained,fiGainMultiplier,0.9332289756685254,tau,0.3228465684758301,3.1379150227769283e-88
276,THSD7B,Thsd7b,phenotype-constrained,adaptationMultiplier,1.0554194754181168,tau,0.3228465684758301,3.1379150227769283e-88
276,THSD7B,Thsd7b,phenotype-constrained,latencyMultiplier,1.0695893543329433,tau,0.3228465684758301,3.1379150227769283e-88
276,THSD7B,Thsd7b,phenotype-constrained,sagMultiplier,1.0615198376786863,tau,0.3228465684758301,3.1379150227769283e-88
276,THSD7B,Thsd7b,phenotype-constrained,thresholdCurrentMultiplier,0.9331559740842797,tau,0.3228465684758301,3.1379150227769283e-88
276,THSD7B,Thsd7b,phenotype-constrained,thresholdVoltageShift_mV,-0.1822387654555434,tau,0.3228465684758301,3.1379150227769283e-88
276,THSD7B,Thsd7b,phenotype-constrained,spikeKineticsMultiplier,1.004789087889096,tau,0.3228465684758301,3.1379150227769283e-88
277,TMEM108,Tmem108,phenotype-constrained,vRestShift_mV,-0.224678405313026,tau,-0.2898685123370776,1.316011431156974e-70
277,TMEM108,Tmem108,phenotype-constrained,inputResistanceMultiplier,0.9290110458973525,tau,-0.2898685123370776,1.316011431156974e-70
277,TMEM108,Tmem108,phenotype-constrained,tauMultiplier,0.916713255865029,tau,-0.2898685123370776,1.316011431156974e-70
277,TMEM108,Tmem108,phenotype-constrained,fiGainMultiplier,1.1189868883167446,tau,-0.2898685123370776,1.316011431156974e-70
277,TMEM108,Tmem108,phenotype-constrained,adaptationMultiplier,0.9318033837446525,tau,-0.2898685123370776,1.316011431156974e-70
277,TMEM108,Tmem108,phenotype-constrained,latencyMultiplier,0.9541871697759927,tau,-0.2898685123370776,1.316011431156974e-70
277,TMEM108,Tmem108,phenotype-constrained,sagMultiplier,0.9399159429088456,tau,-0.2898685123370776,1.316011431156974e-70
277,TMEM108,Tmem108,phenotype-constrained,thresholdCurrentMultiplier,1.092347015018488,tau,-0.2898685123370776,1.316011431156974e-70
277,TMEM108,Tmem108,phenotype-constrained,thresholdVoltageShift_mV,0.5392534920155673,tau,-0.2898685123370776,1.316011431156974e-70
277,TMEM108,Tmem108,phenotype-constrained,spikeKineticsMultiplier,0.9314160804739805,tau,-0.2898685123370776,1.316011431156974e-70
278,COL11A1,Col11a1,phenotype-constrained,vRestShift_mV,0.2358228873012848,upstroke_downstroke_ratio_long_square,-0.3928135024507043,7.547662124314575e-134
278,COL11A1,Col11a1,phenotype-constrained,inputResistanceMultiplier,0.9576808079678717,upstroke_downstroke_ratio_long_square,-0.3928135024507043,7.547662124314575e-134
278,COL11A1,Col11a1,phenotype-constrained,tauMultiplier,0.9935031178471729,upstroke_downstroke_ratio_long_square,-0.3928135024507043,7.547662124314575e-134
278,COL11A1,Col11a1,phenotype-constrained,fiGainMultiplier,1.0723906431528474,upstroke_downstroke_ratio_long_square,-0.3928135024507043,7.547662124314575e-134
278,COL11A1,Col11a1,phenotype-constrained,adaptationMultiplier,0.9805843899441706,upstroke_downstroke_ratio_long_square,-0.3928135024507043,7.547662124314575e-134
278,COL11A1,Col11a1,phenotype-constrained,latencyMultiplier,1.0108076276481277,upstroke_downstroke_ratio_long_square,-0.3928135024507043,7.547662124314575e-134
278,COL11A1,Col11a1,phenotype-constrained,sagMultiplier,0.9887747292072292,upstroke_downstroke_ratio_long_square,-0.3928135024507043,7.547662124314575e-134
278,COL11A1,Col11a1,phenotype-constrained,thresholdCurrentMultiplier,1.0612771725892138,upstroke_downstroke_ratio_long_square,-0.3928135024507043,7.547662124314575e-134
278,COL11A1,Col11a1,phenotype-constrained,thresholdVoltageShift_mV,0.0539666999367015,upstroke_downstroke_ratio_long_square,-0.3928135024507043,7.547662124314575e-134
278,COL11A1,Col11a1,phenotype-constrained,spikeKineticsMultiplier,0.888834654917826,upstroke_downstroke_ratio_long_square,-0.3928135024507043,7.547662124314575e-134
279,SPOCK1,Spock1,phenotype-constrained,vRestShift_mV,-0.3466556941663404,threshold_i_long_square,0.2648645965932279,1.070216226489366e-58
279,SPOCK1,Spock1,phenotype-constrained,inputResistanceMultiplier,0.9424600155762077,threshold_i_long_square,0.2648645965932279,1.070216226489366e-58
279,SPOCK1,Spock1,phenotype-constrained,tauMultiplier,0.9560288908741703,threshold_i_long_square,0.2648645965932279,1.070216226489366e-58
279,SPOCK1,Spock1,phenotype-constrained,fiGainMultiplier,1.0710774281494915,threshold_i_long_square,0.2648645965932279,1.070216226489366e-58
279,SPOCK1,Spock1,phenotype-constrained,adaptationMultiplier,0.9375492687566329,threshold_i_long_square,0.2648645965932279,1.070216226489366e-58
279,SPOCK1,Spock1,phenotype-constrained,latencyMultiplier,1.033262187813282,threshold_i_long_square,0.2648645965932279,1.070216226489366e-58
279,SPOCK1,Spock1,phenotype-constrained,sagMultiplier,0.9958550168199544,threshold_i_long_square,0.2648645965932279,1.070216226489366e-58
279,SPOCK1,Spock1,phenotype-constrained,thresholdCurrentMultiplier,1.0971354083398321,threshold_i_long_square,0.2648645965932279,1.070216226489366e-58
279,SPOCK1,Spock1,phenotype-constrained,thresholdVoltageShift_mV,0.34509141197316,threshold_i_long_square,0.2648645965932279,1.070216226489366e-58
279,SPOCK1,Spock1,phenotype-constrained,spikeKineticsMultiplier,0.9530606969664055,threshold_i_long_square,0.2648645965932279,1.070216226489366e-58
280,CALN1,Caln1,phenotype-constrained,vRestShift_mV,-0.3492946686355088,upstroke_downstroke_ratio_long_square,0.3917686486356924,4.378395026883644e-133
280,CALN1,Caln1,phenotype-constrained,inputResistanceMultiplier,0.9541294217959408,upstroke_downstroke_ratio_long_square,0.3917686486356924,4.378395026883644e-133
280,CALN1,Caln1,phenotype-constrained,tauMultiplier,0.8942871017958511,upstroke_downstroke_ratio_long_square,0.3917686486356924,4.378395026883644e-133
280,CALN1,Caln1,phenotype-constrained,fiGainMultiplier,0.945091522845456,upstroke_downstroke_ratio_long_square,0.3917686486356924,4.378395026883644e-133
280,CALN1,Caln1,phenotype-constrained,adaptationMultiplier,0.9446693206901898,upstroke_downstroke_ratio_long_square,0.3917686486356924,4.378395026883644e-133
280,CALN1,Caln1,phenotype-constrained,latencyMultiplier,0.9856103835165069,upstroke_downstroke_ratio_long_square,0.3917686486356924,4.378395026883644e-133
280,CALN1,Caln1,phenotype-constrained,sagMultiplier,0.9574995859234383,upstroke_downstroke_ratio_long_square,0.3917686486356924,4.378395026883644e-133
280,CALN1,Caln1,phenotype-constrained,thresholdCurrentMultiplier,1.024963566691088,upstroke_downstroke_ratio_long_square,0.3917686486356924,4.378395026883644e-133
280,CALN1,Caln1,phenotype-constrained,thresholdVoltageShift_mV,0.32753597280193736,upstroke_downstroke_ratio_long_square,0.3917686486356924,4.378395026883644e-133
280,CALN1,Caln1,phenotype-constrained,spikeKineticsMultiplier,1.1247160396442502,upstroke_downstroke_ratio_long_square,0.3917686486356924,4.378395026883644e-133
281,FGF13,Fgf13,phenotype-constrained,vRestShift_mV,-0.4984085361959508,tau,-0.3189471905276245,5.063720183850733e-86
281,FGF13,Fgf13,phenotype-constrained,inputResistanceMultiplier,0.9306852616180548,tau,-0.3189471905276245,5.063720183850733e-86
281,FGF13,Fgf13,phenotype-constrained,tauMultiplier,0.9087509932425923,tau,-0.3189471905276245,5.063720183850733e-86
281,FGF13,Fgf13,phenotype-constrained,fiGainMultiplier,1.0393997593725288,tau,-0.3189471905276245,5.063720183850733e-86
281,FGF13,Fgf13,phenotype-constrained,adaptationMultiplier,0.8973113717251652,tau,-0.3189471905276245,5.063720183850733e-86
281,FGF13,Fgf13,phenotype-constrained,latencyMultiplier,1.0139097114453308,tau,-0.3189471905276245,5.063720183850733e-86
281,FGF13,Fgf13,phenotype-constrained,sagMultiplier,0.9259686464684109,tau,-0.3189471905276245,5.063720183850733e-86
281,FGF13,Fgf13,phenotype-constrained,thresholdCurrentMultiplier,1.07722840146794,tau,-0.3189471905276245,5.063720183850733e-86
281,FGF13,Fgf13,phenotype-constrained,thresholdVoltageShift_mV,0.4509211741786356,tau,-0.3189471905276245,5.063720183850733e-86
281,FGF13,Fgf13,phenotype-constrained,spikeKineticsMultiplier,1.056004913803085,tau,-0.3189471905276245,5.063720183850733e-86
282,CUX2,Cux2,phenotype-constrained,vRestShift_mV,-0.1334875567410288,upstroke_downstroke_ratio_long_square,-0.3186444643993179,4.512215432856712e-86
282,CUX2,Cux2,phenotype-constrained,inputResistanceMultiplier,0.9616446407110982,upstroke_downstroke_ratio_long_square,-0.3186444643993179,4.512215432856712e-86
282,CUX2,Cux2,phenotype-constrained,tauMultiplier,0.9963715205433255,upstroke_downstroke_ratio_long_square,-0.3186444643993179,4.512215432856712e-86
282,CUX2,Cux2,phenotype-constrained,fiGainMultiplier,1.079161548497348,upstroke_downstroke_ratio_long_square,-0.3186444643993179,4.512215432856712e-86
282,CUX2,Cux2,phenotype-constrained,adaptationMultiplier,0.9391724106725766,upstroke_downstroke_ratio_long_square,-0.3186444643993179,4.512215432856712e-86
282,CUX2,Cux2,phenotype-constrained,latencyMultiplier,1.069396390855985,upstroke_downstroke_ratio_long_square,-0.3186444643993179,4.512215432856712e-86
282,CUX2,Cux2,phenotype-constrained,sagMultiplier,0.9997685313807164,upstroke_downstroke_ratio_long_square,-0.3186444643993179,4.512215432856712e-86
282,CUX2,Cux2,phenotype-constrained,thresholdCurrentMultiplier,1.0520106554400526,upstroke_downstroke_ratio_long_square,-0.3186444643993179,4.512215432856712e-86
282,CUX2,Cux2,phenotype-constrained,thresholdVoltageShift_mV,0.31006507754592333,upstroke_downstroke_ratio_long_square,-0.3186444643993179,4.512215432856712e-86
282,CUX2,Cux2,phenotype-constrained,spikeKineticsMultiplier,0.908833527791274,upstroke_downstroke_ratio_long_square,-0.3186444643993179,4.512215432856712e-86
283,TRPM2,Trpm2,conductance-aware,vRestShift_mV,-0.3030528840048132,ri,-0.2634878469438468,4.8725887037620674e-58
283,TRPM2,Trpm2,conductance-aware,inputResistanceMultiplier,0.9239970924143188,ri,-0.2634878469438468,4.8725887037620674e-58
283,TRPM2,Trpm2,conductance-aware,tauMultiplier,0.9444171734022447,ri,-0.2634878469438468,4.8725887037620674e-58
283,TRPM2,Trpm2,conductance-aware,fiGainMultiplier,1.0714311096403932,ri,-0.2634878469438468,4.8725887037620674e-58
283,TRPM2,Trpm2,conductance-aware,adaptationMultiplier,0.9391227936090468,ri,-0.2634878469438468,4.8725887037620674e-58
283,TRPM2,Trpm2,conductance-aware,latencyMultiplier,1.0213279226912948,ri,-0.2634878469438468,4.8725887037620674e-58
283,TRPM2,Trpm2,conductance-aware,sagMultiplier,0.9286004156900138,ri,-0.2634878469438468,4.8725887037620674e-58
283,TRPM2,Trpm2,conductance-aware,thresholdCurrentMultiplier,1.0924627854972873,ri,-0.2634878469438468,4.8725887037620674e-58
283,TRPM2,Trpm2,conductance-aware,thresholdVoltageShift_mV,0.400147534971582,ri,-0.2634878469438468,4.8725887037620674e-58
283,TRPM2,Trpm2,conductance-aware,spikeKineticsMultiplier,0.9290324071535563,ri,-0.2634878469438468,4.8725887037620674e-58
284,DLGAP1,Dlgap1,phenotype-constrained,vRestShift_mV,-0.117174844934334,upstroke_downstroke_ratio_long_square,-0.3173826742821027,2.2668346694812116e-85
284,DLGAP1,Dlgap1,phenotype-constrained,inputResistanceMultiplier,0.9587395859606809,upstroke_downstroke_ratio_long_square,-0.3173826742821027,2.2668346694812116e-85
284,DLGAP1,Dlgap1,phenotype-constrained,tauMultiplier,0.9637416445709956,upstroke_downstroke_ratio_long_square,-0.3173826742821027,2.2668346694812116e-85
284,DLGAP1,Dlgap1,phenotype-constrained,fiGainMultiplier,1.0985535756056264,upstroke_downstroke_ratio_long_square,-0.3173826742821027,2.2668346694812116e-85
284,DLGAP1,Dlgap1,phenotype-constrained,adaptationMultiplier,0.9429748707406949,upstroke_downstroke_ratio_long_square,-0.3173826742821027,2.2668346694812116e-85
284,DLGAP1,Dlgap1,phenotype-constrained,latencyMultiplier,1.0074443578753236,upstroke_downstroke_ratio_long_square,-0.3173826742821027,2.2668346694812116e-85
284,DLGAP1,Dlgap1,phenotype-constrained,sagMultiplier,0.9727024395461425,upstroke_downstroke_ratio_long_square,-0.3173826742821027,2.2668346694812116e-85
284,DLGAP1,Dlgap1,phenotype-constrained,thresholdCurrentMultiplier,1.0628163264515145,upstroke_downstroke_ratio_long_square,-0.3173826742821027,2.2668346694812116e-85
284,DLGAP1,Dlgap1,phenotype-constrained,thresholdVoltageShift_mV,0.34812834208343524,upstroke_downstroke_ratio_long_square,-0.3173826742821027,2.2668346694812116e-85
284,DLGAP1,Dlgap1,phenotype-constrained,spikeKineticsMultiplier,0.9091776200620675,upstroke_downstroke_ratio_long_square,-0.3173826742821027,2.2668346694812116e-85
285,OSBPL8,Osbpl8,phenotype-constrained,vRestShift_mV,-0.3486229406748116,ri,-0.26321056814228,6.440668716905855e-58
285,OSBPL8,Osbpl8,phenotype-constrained,inputResistanceMultiplier,0.9240739570531455,ri,-0.26321056814228,6.440668716905855e-58
285,OSBPL8,Osbpl8,phenotype-constrained,tauMultiplier,0.9407440760799242,ri,-0.26321056814228,6.440668716905855e-58
285,OSBPL8,Osbpl8,phenotype-constrained,fiGainMultiplier,1.0475034426131549,ri,-0.26321056814228,6.440668716905855e-58
285,OSBPL8,Osbpl8,phenotype-constrained,adaptationMultiplier,0.930439456051688,ri,-0.26321056814228,6.440668716905855e-58
285,OSBPL8,Osbpl8,phenotype-constrained,latencyMultiplier,1.0286170734619662,ri,-0.26321056814228,6.440668716905855e-58
285,OSBPL8,Osbpl8,phenotype-constrained,sagMultiplier,0.9613959717179095,ri,-0.26321056814228,6.440668716905855e-58
285,OSBPL8,Osbpl8,phenotype-constrained,thresholdCurrentMultiplier,1.0923906035511086,ri,-0.26321056814228,6.440668716905855e-58
285,OSBPL8,Osbpl8,phenotype-constrained,thresholdVoltageShift_mV,0.3323634688337886,ri,-0.26321056814228,6.440668716905855e-58
285,OSBPL8,Osbpl8,phenotype-constrained,spikeKineticsMultiplier,0.9601332271574882,ri,-0.26321056814228,6.440668716905855e-58
286,ATP2A2,Atp2a2,phenotype-constrained,vRestShift_mV,-0.3189551212110424,tau,-0.262738785685041,8.529468175471641e-58
286,ATP2A2,Atp2a2,phenotype-constrained,inputResistanceMultiplier,0.9339126470498651,tau,-0.262738785685041,8.529468175471641e-58
286,ATP2A2,Atp2a2,phenotype-constrained,tauMultiplier,0.9242047548737835,tau,-0.262738785685041,8.529468175471641e-58
286,ATP2A2,Atp2a2,phenotype-constrained,fiGainMultiplier,1.0830350174638268,tau,-0.262738785685041,8.529468175471641e-58
286,ATP2A2,Atp2a2,phenotype-constrained,adaptationMultiplier,0.9312009970717369,tau,-0.262738785685041,8.529468175471641e-58
286,ATP2A2,Atp2a2,phenotype-constrained,latencyMultiplier,0.9859551513816416,tau,-0.262738785685041,8.529468175471641e-58
286,ATP2A2,Atp2a2,phenotype-constrained,sagMultiplier,0.9548487782778922,tau,-0.262738785685041,8.529468175471641e-58
286,ATP2A2,Atp2a2,phenotype-constrained,thresholdCurrentMultiplier,1.0947632229710182,tau,-0.262738785685041,8.529468175471641e-58
286,ATP2A2,Atp2a2,phenotype-constrained,thresholdVoltageShift_mV,0.44596683756782307,tau,-0.262738785685041,8.529468175471641e-58
286,ATP2A2,Atp2a2,phenotype-constrained,spikeKineticsMultiplier,0.9509401906913301,tau,-0.262738785685041,8.529468175471641e-58
287,LANCL1,Lancl1,phenotype-constrained,vRestShift_mV,-0.4664453643905,tau,-0.3172466727908153,4.483839211034572e-85
287,LANCL1,Lancl1,phenotype-constrained,inputResistanceMultiplier,0.9449265972525365,tau,-0.3172466727908153,4.483839211034572e-85
287,LANCL1,Lancl1,phenotype-constrained,tauMultiplier,0.9092147156724733,tau,-0.3172466727908153,4.483839211034572e-85
287,LANCL1,Lancl1,phenotype-constrained,fiGainMultiplier,1.0364248751675815,tau,-0.3172466727908153,4.483839211034572e-85
287,LANCL1,Lancl1,phenotype-constrained,adaptationMultiplier,0.9363388315296145,tau,-0.3172466727908153,4.483839211034572e-85
287,LANCL1,Lancl1,phenotype-constrained,latencyMultiplier,0.9547800515077495,tau,-0.3172466727908153,4.483839211034572e-85
287,LANCL1,Lancl1,phenotype-constrained,sagMultiplier,0.9645471729751057,tau,-0.3172466727908153,4.483839211034572e-85
287,LANCL1,Lancl1,phenotype-constrained,thresholdCurrentMultiplier,1.0641208250117995,tau,-0.3172466727908153,4.483839211034572e-85
287,LANCL1,Lancl1,phenotype-constrained,thresholdVoltageShift_mV,0.3131890634826837,tau,-0.3172466727908153,4.483839211034572e-85
287,LANCL1,Lancl1,phenotype-constrained,spikeKineticsMultiplier,1.0043488617489214,tau,-0.3172466727908153,4.483839211034572e-85
288,SLC35F1,Slc35f1,phenotype-constrained,vRestShift_mV,0.2576950375311352,tau,0.2856798810637597,1.552924147513959e-68
288,SLC35F1,Slc35f1,phenotype-constrained,inputResistanceMultiplier,1.087542124248567,tau,0.2856798810637597,1.552924147513959e-68
288,SLC35F1,Slc35f1,phenotype-constrained,tauMultiplier,1.0894837544957445,tau,0.2856798810637597,1.552924147513959e-68
288,SLC35F1,Slc35f1,phenotype-constrained,fiGainMultiplier,0.9362160517751518,tau,0.2856798810637597,1.552924147513959e-68
288,SLC35F1,Slc35f1,phenotype-constrained,adaptationMultiplier,1.0979600372869298,tau,0.2856798810637597,1.552924147513959e-68
288,SLC35F1,Slc35f1,phenotype-constrained,latencyMultiplier,0.9775871377159552,tau,0.2856798810637597,1.552924147513959e-68
288,SLC35F1,Slc35f1,phenotype-constrained,sagMultiplier,1.060893330608509,tau,0.2856798810637597,1.552924147513959e-68
288,SLC35F1,Slc35f1,phenotype-constrained,thresholdCurrentMultiplier,0.9145503382029528,tau,0.2856798810637597,1.552924147513959e-68
288,SLC35F1,Slc35f1,phenotype-constrained,thresholdVoltageShift_mV,-0.2831217068432289,tau,0.2856798810637597,1.552924147513959e-68
288,SLC35F1,Slc35f1,phenotype-constrained,spikeKineticsMultiplier,1.0319507256903575,tau,0.2856798810637597,1.552924147513959e-68
289,ATP8A2,Atp8a2,phenotype-constrained,vRestShift_mV,-0.185995117464352,upstroke_downstroke_ratio_long_square,-0.2616013638322342,1.648158343299229e-57
289,ATP8A2,Atp8a2,phenotype-constrained,inputResistanceMultiplier,0.9485993052381739,upstroke_downstroke_ratio_long_square,-0.2616013638322342,1.648158343299229e-57
289,ATP8A2,Atp8a2,phenotype-constrained,tauMultiplier,0.9769590723821667,upstroke_downstroke_ratio_long_square,-0.2616013638322342,1.648158343299229e-57
289,ATP8A2,Atp8a2,phenotype-constrained,fiGainMultiplier,1.0600698987874388,upstroke_downstroke_ratio_long_square,-0.2616013638322342,1.648158343299229e-57
289,ATP8A2,Atp8a2,phenotype-constrained,adaptationMultiplier,0.9595793954818163,upstroke_downstroke_ratio_long_square,-0.2616013638322342,1.648158343299229e-57
289,ATP8A2,Atp8a2,phenotype-constrained,latencyMultiplier,1.0363983460917996,upstroke_downstroke_ratio_long_square,-0.2616013638322342,1.648158343299229e-57
289,ATP8A2,Atp8a2,phenotype-constrained,sagMultiplier,0.9717839343643211,upstroke_downstroke_ratio_long_square,-0.2616013638322342,1.648158343299229e-57
289,ATP8A2,Atp8a2,phenotype-constrained,thresholdCurrentMultiplier,1.0646660084688002,upstroke_downstroke_ratio_long_square,-0.2616013638322342,1.648158343299229e-57
289,ATP8A2,Atp8a2,phenotype-constrained,thresholdVoltageShift_mV,0.25371018453171273,upstroke_downstroke_ratio_long_square,-0.2616013638322342,1.648158343299229e-57
289,ATP8A2,Atp8a2,phenotype-constrained,spikeKineticsMultiplier,0.9245201718904525,upstroke_downstroke_ratio_long_square,-0.2616013638322342,1.648158343299229e-57
290,BRINP2,Brinp2,phenotype-constrained,vRestShift_mV,-0.0069686289288528,threshold_i_short_square,0.2617183808011257,8.188853012635316e-57
290,BRINP2,Brinp2,phenotype-constrained,inputResistanceMultiplier,0.9461137973605361,threshold_i_short_square,0.2617183808011257,8.188853012635316e-57
290,BRINP2,Brinp2,phenotype-constrained,tauMultiplier,0.9895473528860712,threshold_i_short_square,0.2617183808011257,8.188853012635316e-57
290,BRINP2,Brinp2,phenotype-constrained,fiGainMultiplier,1.0265068716166685,threshold_i_short_square,0.2617183808011257,8.188853012635316e-57
290,BRINP2,Brinp2,phenotype-constrained,adaptationMultiplier,0.9354752372105214,threshold_i_short_square,0.2617183808011257,8.188853012635316e-57
290,BRINP2,Brinp2,phenotype-constrained,latencyMultiplier,1.080471305596185,threshold_i_short_square,0.2617183808011257,8.188853012635316e-57
290,BRINP2,Brinp2,phenotype-constrained,sagMultiplier,0.9801229528967194,threshold_i_short_square,0.2617183808011257,8.188853012635316e-57
290,BRINP2,Brinp2,phenotype-constrained,thresholdCurrentMultiplier,1.0720169428089719,threshold_i_short_square,0.2617183808011257,8.188853012635316e-57
290,BRINP2,Brinp2,phenotype-constrained,thresholdVoltageShift_mV,0.16150780486928312,threshold_i_short_square,0.2617183808011257,8.188853012635316e-57
290,BRINP2,Brinp2,phenotype-constrained,spikeKineticsMultiplier,0.9455697436938342,threshold_i_short_square,0.2617183808011257,8.188853012635316e-57
291,MAGI3,Magi3,phenotype-constrained,vRestShift_mV,0.19616002969847,upstroke_downstroke_ratio_long_square,0.3165614312796214,6.370349094635749e-85
291,MAGI3,Magi3,phenotype-constrained,inputResistanceMultiplier,1.0532784290283226,upstroke_downstroke_ratio_long_square,0.3165614312796214,6.370349094635749e-85
291,MAGI3,Magi3,phenotype-constrained,tauMultiplier,0.9975926907015255,upstroke_downstroke_ratio_long_square,0.3165614312796214,6.370349094635749e-85
291,MAGI3,Magi3,phenotype-constrained,fiGainMultiplier,0.9321134343195169,upstroke_downstroke_ratio_long_square,0.3165614312796214,6.370349094635749e-85
291,MAGI3,Magi3,phenotype-constrained,adaptationMultiplier,1.0552472292322794,upstroke_downstroke_ratio_long_square,0.3165614312796214,6.370349094635749e-85
291,MAGI3,Magi3,phenotype-constrained,latencyMultiplier,0.944861345008164,upstroke_downstroke_ratio_long_square,0.3165614312796214,6.370349094635749e-85
291,MAGI3,Magi3,phenotype-constrained,sagMultiplier,1.026037298798909,upstroke_downstroke_ratio_long_square,0.3165614312796214,6.370349094635749e-85
291,MAGI3,Magi3,phenotype-constrained,thresholdCurrentMultiplier,0.9402412142244452,upstroke_downstroke_ratio_long_square,0.3165614312796214,6.370349094635749e-85
291,MAGI3,Magi3,phenotype-constrained,thresholdVoltageShift_mV,-0.0250728460714842,upstroke_downstroke_ratio_long_square,0.3165614312796214,6.370349094635749e-85
291,MAGI3,Magi3,phenotype-constrained,spikeKineticsMultiplier,1.099624138766543,upstroke_downstroke_ratio_long_square,0.3165614312796214,6.370349094635749e-85
292,CALB2,Calb2,phenotype-constrained,vRestShift_mV,0.35639263646642,threshold_i_ramp,-0.2603722054359521,1.1990632298198717e-56
292,CALB2,Calb2,phenotype-constrained,inputResistanceMultiplier,1.0705091826179263,threshold_i_ramp,-0.2603722054359521,1.1990632298198717e-56
292,CALB2,Calb2,phenotype-constrained,tauMultiplier,1.0491170594731367,threshold_i_ramp,-0.2603722054359521,1.1990632298198717e-56
292,CALB2,Calb2,phenotype-constrained,fiGainMultiplier,0.9123372865361968,threshold_i_ramp,-0.2603722054359521,1.1990632298198717e-56
292,CALB2,Calb2,phenotype-constrained,adaptationMultiplier,1.069102545677342,threshold_i_ramp,-0.2603722054359521,1.1990632298198717e-56
292,CALB2,Calb2,phenotype-constrained,latencyMultiplier,0.9677946723565378,threshold_i_ramp,-0.2603722054359521,1.1990632298198717e-56
292,CALB2,Calb2,phenotype-constrained,sagMultiplier,1.0850956539296122,threshold_i_ramp,-0.2603722054359521,1.1990632298198717e-56
292,CALB2,Calb2,phenotype-constrained,thresholdCurrentMultiplier,0.9144989639664364,threshold_i_ramp,-0.2603722054359521,1.1990632298198717e-56
292,CALB2,Calb2,phenotype-constrained,thresholdVoltageShift_mV,-0.2553887213217585,threshold_i_ramp,-0.2603722054359521,1.1990632298198717e-56
292,CALB2,Calb2,phenotype-constrained,spikeKineticsMultiplier,1.060415918432074,threshold_i_ramp,-0.2603722054359521,1.1990632298198717e-56
293,MAN1A2,Man1a2,phenotype-constrained,vRestShift_mV,-0.302531059270012,threshold_i_long_square,0.2842528311710644,9.272160725452978e-68
293,MAN1A2,Man1a2,phenotype-constrained,inputResistanceMultiplier,0.9230383263047638,threshold_i_long_square,0.2842528311710644,9.272160725452978e-68
293,MAN1A2,Man1a2,phenotype-constrained,tauMultiplier,0.9230317862974601,threshold_i_long_square,0.2842528311710644,9.272160725452978e-68
293,MAN1A2,Man1a2,phenotype-constrained,fiGainMultiplier,1.0849747294655137,threshold_i_long_square,0.2842528311710644,9.272160725452978e-68
293,MAN1A2,Man1a2,phenotype-constrained,adaptationMultiplier,0.9156004782503387,threshold_i_long_square,0.2842528311710644,9.272160725452978e-68
293,MAN1A2,Man1a2,phenotype-constrained,latencyMultiplier,0.9980670387851768,threshold_i_long_square,0.2842528311710644,9.272160725452978e-68
293,MAN1A2,Man1a2,phenotype-constrained,sagMultiplier,0.9570239083669286,threshold_i_long_square,0.2842528311710644,9.272160725452978e-68
293,MAN1A2,Man1a2,phenotype-constrained,thresholdCurrentMultiplier,1.104605757659575,threshold_i_long_square,0.2842528311710644,9.272160725452978e-68
293,MAN1A2,Man1a2,phenotype-constrained,thresholdVoltageShift_mV,0.5237640011474922,threshold_i_long_square,0.2842528311710644,9.272160725452978e-68
293,MAN1A2,Man1a2,phenotype-constrained,spikeKineticsMultiplier,0.9420632961709594,threshold_i_long_square,0.2842528311710644,9.272160725452978e-68
294,PRICKLE1,Prickle1,phenotype-constrained,vRestShift_mV,-0.6188302637990885,ri,-0.2602173815694758,1.3364163053797725e-56
294,PRICKLE1,Prickle1,phenotype-constrained,inputResistanceMultiplier,0.9249041074447744,ri,-0.2602173815694758,1.3364163053797725e-56
294,PRICKLE1,Prickle1,phenotype-constrained,tauMultiplier,0.933158651445184,ri,-0.2602173815694758,1.3364163053797725e-56
294,PRICKLE1,Prickle1,phenotype-constrained,fiGainMultiplier,1.0800626397380297,ri,-0.2602173815694758,1.3364163053797725e-56
294,PRICKLE1,Prickle1,phenotype-constrained,adaptationMultiplier,0.9340131955724612,ri,-0.2602173815694758,1.3364163053797725e-56
294,PRICKLE1,Prickle1,phenotype-constrained,latencyMultiplier,1.0036368967591751,ri,-0.2602173815694758,1.3364163053797725e-56
294,PRICKLE1,Prickle1,phenotype-constrained,sagMultiplier,0.9583762354931853,ri,-0.2602173815694758,1.3364163053797725e-56
294,PRICKLE1,Prickle1,phenotype-constrained,thresholdCurrentMultiplier,1.0867348940844272,ri,-0.2602173815694758,1.3364163053797725e-56
294,PRICKLE1,Prickle1,phenotype-constrained,thresholdVoltageShift_mV,0.2696016208038879,ri,-0.2602173815694758,1.3364163053797725e-56
294,PRICKLE1,Prickle1,phenotype-constrained,spikeKineticsMultiplier,0.9257809782172676,ri,-0.2602173815694758,1.3364163053797725e-56
295,NCAM1,Ncam1,phenotype-constrained,vRestShift_mV,0.2888515133227192,tau,0.2838369834683162,1.2371302684800451e-67
295,NCAM1,Ncam1,phenotype-constrained,inputResistanceMultiplier,1.0817036927961579,tau,0.2838369834683162,1.2371302684800451e-67
295,NCAM1,Ncam1,phenotype-constrained,tauMultiplier,1.088881578875853,tau,0.2838369834683162,1.2371302684800451e-67
295,NCAM1,Ncam1,phenotype-constrained,fiGainMultiplier,0.9854834130906407,tau,0.2838369834683162,1.2371302684800451e-67
295,NCAM1,Ncam1,phenotype-constrained,adaptationMultiplier,1.076543426542988,tau,0.2838369834683162,1.2371302684800451e-67
295,NCAM1,Ncam1,phenotype-constrained,latencyMultiplier,0.9709753926874692,tau,0.2838369834683162,1.2371302684800451e-67
295,NCAM1,Ncam1,phenotype-constrained,sagMultiplier,1.0259955088412316,tau,0.2838369834683162,1.2371302684800451e-67
295,NCAM1,Ncam1,phenotype-constrained,thresholdCurrentMultiplier,0.9202562976879306,tau,0.2838369834683162,1.2371302684800451e-67
295,NCAM1,Ncam1,phenotype-constrained,thresholdVoltageShift_mV,-0.3601545722496036,tau,0.2838369834683162,1.2371302684800451e-67
295,NCAM1,Ncam1,phenotype-constrained,spikeKineticsMultiplier,0.978462531674853,tau,0.2838369834683162,1.2371302684800451e-67
296,CDH13,Cdh13,phenotype-constrained,vRestShift_mV,0.2375596313161788,tau,0.28350878665453,1.763273436134097e-67
296,CDH13,Cdh13,phenotype-constrained,inputResistanceMultiplier,1.0326573188135115,tau,0.28350878665453,1.763273436134097e-67
296,CDH13,Cdh13,phenotype-constrained,tauMultiplier,1.0887743739141553,tau,0.28350878665453,1.763273436134097e-67
296,CDH13,Cdh13,phenotype-constrained,fiGainMultiplier,1.001561722478075,tau,0.28350878665453,1.763273436134097e-67
296,CDH13,Cdh13,phenotype-constrained,adaptationMultiplier,1.0581678036943107,tau,0.28350878665453,1.763273436134097e-67
296,CDH13,Cdh13,phenotype-constrained,latencyMultiplier,1.0181191335843323,tau,0.28350878665453,1.763273436134097e-67
296,CDH13,Cdh13,phenotype-constrained,sagMultiplier,1.0593671773949354,tau,0.28350878665453,1.763273436134097e-67
296,CDH13,Cdh13,phenotype-constrained,thresholdCurrentMultiplier,0.9617211800435079,tau,0.28350878665453,1.763273436134097e-67
296,CDH13,Cdh13,phenotype-constrained,thresholdVoltageShift_mV,-0.33819535311224824,tau,0.28350878665453,1.763273436134097e-67
296,CDH13,Cdh13,phenotype-constrained,spikeKineticsMultiplier,0.937628950880644,tau,0.28350878665453,1.763273436134097e-67
297,CDK14,Cdk14,phenotype-constrained,vRestShift_mV,0.318087942886568,upstroke_downstroke_ratio_long_square,0.2563003568108918,3.468171283689537e-55
297,CDK14,Cdk14,phenotype-constrained,inputResistanceMultiplier,1.0568442467246848,upstroke_downstroke_ratio_long_square,0.2563003568108918,3.468171283689537e-55
297,CDK14,Cdk14,phenotype-constrained,tauMultiplier,1.0647405778889634,upstroke_downstroke_ratio_long_square,0.2563003568108918,3.468171283689537e-55
297,CDK14,Cdk14,phenotype-constrained,fiGainMultiplier,0.9047453910151091,upstroke_downstroke_ratio_long_square,0.2563003568108918,3.468171283689537e-55
297,CDK14,Cdk14,phenotype-constrained,adaptationMultiplier,1.0696914423686896,upstroke_downstroke_ratio_long_square,0.2563003568108918,3.468171283689537e-55
297,CDK14,Cdk14,phenotype-constrained,latencyMultiplier,1.0102629661380043,upstroke_downstroke_ratio_long_square,0.2563003568108918,3.468171283689537e-55
297,CDK14,Cdk14,phenotype-constrained,sagMultiplier,1.0453181257017803,upstroke_downstroke_ratio_long_square,0.2563003568108918,3.468171283689537e-55
297,CDK14,Cdk14,phenotype-constrained,thresholdCurrentMultiplier,0.9275628818681316,upstroke_downstroke_ratio_long_square,0.2563003568108918,3.468171283689537e-55
297,CDK14,Cdk14,phenotype-constrained,thresholdVoltageShift_mV,-0.3186172911831294,upstroke_downstroke_ratio_long_square,0.2563003568108918,3.468171283689537e-55
297,CDK14,Cdk14,phenotype-constrained,spikeKineticsMultiplier,1.0799233938967348,upstroke_downstroke_ratio_long_square,0.2563003568108918,3.468171283689537e-55
298,CLIP4,Clip4,phenotype-constrained,vRestShift_mV,-0.3724012239301472,upstroke_downstroke_ratio_long_square,-0.2561979059293561,3.8292821163795134e-55
298,CLIP4,Clip4,phenotype-constrained,inputResistanceMultiplier,0.9311772302185213,upstroke_downstroke_ratio_long_square,-0.2561979059293561,3.8292821163795134e-55
298,CLIP4,Clip4,phenotype-constrained,tauMultiplier,0.9443904253832399,upstroke_downstroke_ratio_long_square,-0.2561979059293561,3.8292821163795134e-55
298,CLIP4,Clip4,phenotype-constrained,fiGainMultiplier,1.085464329714633,upstroke_downstroke_ratio_long_square,-0.2561979059293561,3.8292821163795134e-55
298,CLIP4,Clip4,phenotype-constrained,adaptationMultiplier,0.9303277039265794,upstroke_downstroke_ratio_long_square,-0.2561979059293561,3.8292821163795134e-55
298,CLIP4,Clip4,phenotype-constrained,latencyMultiplier,1.0137671309860217,upstroke_downstroke_ratio_long_square,-0.2561979059293561,3.8292821163795134e-55
298,CLIP4,Clip4,phenotype-constrained,sagMultiplier,0.9521111385898211,upstroke_downstroke_ratio_long_square,-0.2561979059293561,3.8292821163795134e-55
298,CLIP4,Clip4,phenotype-constrained,thresholdCurrentMultiplier,1.0902405520820657,upstroke_downstroke_ratio_long_square,-0.2561979059293561,3.8292821163795134e-55
298,CLIP4,Clip4,phenotype-constrained,thresholdVoltageShift_mV,0.33656167446767193,upstroke_downstroke_ratio_long_square,-0.2561979059293561,3.8292821163795134e-55
298,CLIP4,Clip4,phenotype-constrained,spikeKineticsMultiplier,0.9260200690053942,upstroke_downstroke_ratio_long_square,-0.2561979059293561,3.8292821163795134e-55
299,LPCAT4,Lpcat4,phenotype-constrained,vRestShift_mV,-0.1689829142721004,upstroke_downstroke_ratio_long_square,-0.2553237507429211,9.1684233201303e-55
299,LPCAT4,Lpcat4,phenotype-constrained,inputResistanceMultiplier,0.9448012679296924,upstroke_downstroke_ratio_long_square,-0.2553237507429211,9.1684233201303e-55
299,LPCAT4,Lpcat4,phenotype-constrained,tauMultiplier,0.9678819242938493,upstroke_downstroke_ratio_long_square,-0.2553237507429211,9.1684233201303e-55
299,LPCAT4,Lpcat4,phenotype-constrained,fiGainMultiplier,1.0766060314777313,upstroke_downstroke_ratio_long_square,-0.2553237507429211,9.1684233201303e-55
299,LPCAT4,Lpcat4,phenotype-constrained,adaptationMultiplier,0.9538007826524021,upstroke_downstroke_ratio_long_square,-0.2553237507429211,9.1684233201303e-55
299,LPCAT4,Lpcat4,phenotype-constrained,latencyMultiplier,1.010481677373439,upstroke_downstroke_ratio_long_square,-0.2553237507429211,9.1684233201303e-55
299,LPCAT4,Lpcat4,phenotype-constrained,sagMultiplier,0.9766397905882539,upstroke_downstroke_ratio_long_square,-0.2553237507429211,9.1684233201303e-55
299,LPCAT4,Lpcat4,phenotype-constrained,thresholdCurrentMultiplier,1.0703478691611605,upstroke_downstroke_ratio_long_square,-0.2553237507429211,9.1684233201303e-55
299,LPCAT4,Lpcat4,phenotype-constrained,thresholdVoltageShift_mV,0.20737956263500407,upstroke_downstroke_ratio_long_square,-0.2553237507429211,9.1684233201303e-55
299,LPCAT4,Lpcat4,phenotype-constrained,spikeKineticsMultiplier,0.9262629464247049,upstroke_downstroke_ratio_long_square,-0.2553237507429211,9.1684233201303e-55
300,BRINP3,Brinp3,phenotype-constrained,vRestShift_mV,0.4134998390885528,adaptation,0.311099410853459,2.893808499476705e-81
300,BRINP3,Brinp3,phenotype-constrained,inputResistanceMultiplier,1.0725735415098985,adaptation,0.311099410853459,2.893808499476705e-81
300,BRINP3,Brinp3,phenotype-constrained,tauMultiplier,1.0963636331809474,adaptation,0.311099410853459,2.893808499476705e-81
300,BRINP3,Brinp3,phenotype-constrained,fiGainMultiplier,0.930627610742125,adaptation,0.311099410853459,2.893808499476705e-81
300,BRINP3,Brinp3,phenotype-constrained,adaptationMultiplier,1.1150338841234386,adaptation,0.311099410853459,2.893808499476705e-81
300,BRINP3,Brinp3,phenotype-constrained,latencyMultiplier,0.9657815660289355,adaptation,0.311099410853459,2.893808499476705e-81
300,BRINP3,Brinp3,phenotype-constrained,sagMultiplier,1.0887774376828998,adaptation,0.311099410853459,2.893808499476705e-81
300,BRINP3,Brinp3,phenotype-constrained,thresholdCurrentMultiplier,0.919928397615765,adaptation,0.311099410853459,2.893808499476705e-81
300,BRINP3,Brinp3,phenotype-constrained,thresholdVoltageShift_mV,-0.3393208748963109,adaptation,0.311099410853459,2.893808499476705e-81
300,BRINP3,Brinp3,phenotype-constrained,spikeKineticsMultiplier,1.0095423575225408,adaptation,0.311099410853459,2.893808499476705e-81
301,HTR2C,Htr2c,phenotype-constrained,vRestShift_mV,0.2978947600783276,upstroke_downstroke_ratio_long_square,0.2787241787636987,2.2551313197158327e-65
301,HTR2C,Htr2c,phenotype-constrained,inputResistanceMultiplier,1.0681669636366486,upstroke_downstroke_ratio_long_square,0.2787241787636987,2.2551313197158327e-65
301,HTR2C,Htr2c,phenotype-constrained,tauMultiplier,1.018217869831785,upstroke_downstroke_ratio_long_square,0.2787241787636987,2.2551313197158327e-65
301,HTR2C,Htr2c,phenotype-constrained,fiGainMultiplier,0.9684837058247688,upstroke_downstroke_ratio_long_square,0.2787241787636987,2.2551313197158327e-65
301,HTR2C,Htr2c,phenotype-constrained,adaptationMultiplier,1.058460777373536,upstroke_downstroke_ratio_long_square,0.2787241787636987,2.2551313197158327e-65
301,HTR2C,Htr2c,phenotype-constrained,latencyMultiplier,0.942979569825959,upstroke_downstroke_ratio_long_square,0.2787241787636987,2.2551313197158327e-65
301,HTR2C,Htr2c,phenotype-constrained,sagMultiplier,0.9914073521259619,upstroke_downstroke_ratio_long_square,0.2787241787636987,2.2551313197158327e-65
301,HTR2C,Htr2c,phenotype-constrained,thresholdCurrentMultiplier,0.9197930972835499,upstroke_downstroke_ratio_long_square,0.2787241787636987,2.2551313197158327e-65
301,HTR2C,Htr2c,phenotype-constrained,thresholdVoltageShift_mV,-0.11582514143066999,upstroke_downstroke_ratio_long_square,0.2787241787636987,2.2551313197158327e-65
301,HTR2C,Htr2c,phenotype-constrained,spikeKineticsMultiplier,1.0872126874526624,upstroke_downstroke_ratio_long_square,0.2787241787636987,2.2551313197158327e-65
302,PDZD2,Pdzd2,phenotype-constrained,vRestShift_mV,0.2831534357810596,tau,0.2535660658302833,8.844962019792198e-54
302,PDZD2,Pdzd2,phenotype-constrained,inputResistanceMultiplier,1.07598647831265,tau,0.2535660658302833,8.844962019792198e-54
302,PDZD2,Pdzd2,phenotype-constrained,tauMultiplier,1.0790379096834068,tau,0.2535660658302833,8.844962019792198e-54
302,PDZD2,Pdzd2,phenotype-constrained,fiGainMultiplier,0.9447478825999178,tau,0.2535660658302833,8.844962019792198e-54
302,PDZD2,Pdzd2,phenotype-constrained,adaptationMultiplier,1.091624427797216,tau,0.2535660658302833,8.844962019792198e-54
302,PDZD2,Pdzd2,phenotype-constrained,latencyMultiplier,0.9636308612041122,tau,0.2535660658302833,8.844962019792198e-54
302,PDZD2,Pdzd2,phenotype-constrained,sagMultiplier,1.100948718083684,tau,0.2535660658302833,8.844962019792198e-54
302,PDZD2,Pdzd2,phenotype-constrained,thresholdCurrentMultiplier,0.9255600665832017,tau,0.2535660658302833,8.844962019792198e-54
302,PDZD2,Pdzd2,phenotype-constrained,thresholdVoltageShift_mV,-0.48417955731222506,tau,0.2535660658302833,8.844962019792198e-54
302,PDZD2,Pdzd2,phenotype-constrained,spikeKineticsMultiplier,1.0197321031684259,tau,0.2535660658302833,8.844962019792198e-54
303,HSPA12A,Hspa12a,phenotype-constrained,vRestShift_mV,-0.238713807368704,upstroke_downstroke_ratio_long_square,-0.2364366272961157,5.742004842349905e-47
303,HSPA12A,Hspa12a,phenotype-constrained,inputResistanceMultiplier,0.9375645337853525,upstroke_downstroke_ratio_long_square,-0.2364366272961157,5.742004842349905e-47
303,HSPA12A,Hspa12a,phenotype-constrained,tauMultiplier,0.9404650383177511,upstroke_downstroke_ratio_long_square,-0.2364366272961157,5.742004842349905e-47
303,HSPA12A,Hspa12a,phenotype-constrained,fiGainMultiplier,1.0970390921621718,upstroke_downstroke_ratio_long_square,-0.2364366272961157,5.742004842349905e-47
303,HSPA12A,Hspa12a,phenotype-constrained,adaptationMultiplier,0.9415583475123094,upstroke_downstroke_ratio_long_square,-0.2364366272961157,5.742004842349905e-47
303,HSPA12A,Hspa12a,phenotype-constrained,latencyMultiplier,0.9826569628028483,upstroke_downstroke_ratio_long_square,-0.2364366272961157,5.742004842349905e-47
303,HSPA12A,Hspa12a,phenotype-constrained,sagMultiplier,0.9726530387298871,upstroke_downstroke_ratio_long_square,-0.2364366272961157,5.742004842349905e-47
303,HSPA12A,Hspa12a,phenotype-constrained,thresholdCurrentMultiplier,1.0781629142279545,upstroke_downstroke_ratio_long_square,-0.2364366272961157,5.742004842349905e-47
303,HSPA12A,Hspa12a,phenotype-constrained,thresholdVoltageShift_mV,0.21490322483765217,upstroke_downstroke_ratio_long_square,-0.2364366272961157,5.742004842349905e-47
303,HSPA12A,Hspa12a,phenotype-constrained,spikeKineticsMultiplier,0.9315261762179545,upstroke_downstroke_ratio_long_square,-0.2364366272961157,5.742004842349905e-47
304,PI4KA,Pi4ka,phenotype-constrained,vRestShift_mV,-0.181249099008618,upstroke_downstroke_ratio_long_square,-0.2362921515738269,6.535249103797031e-47
304,PI4KA,Pi4ka,phenotype-constrained,inputResistanceMultiplier,0.9674332600691832,upstroke_downstroke_ratio_long_square,-0.2362921515738269,6.535249103797031e-47
304,PI4KA,Pi4ka,phenotype-constrained,tauMultiplier,0.9715763723169485,upstroke_downstroke_ratio_long_square,-0.2362921515738269,6.535249103797031e-47
304,PI4KA,Pi4ka,phenotype-constrained,fiGainMultiplier,1.0858344098853618,upstroke_downstroke_ratio_long_square,-0.2362921515738269,6.535249103797031e-47
304,PI4KA,Pi4ka,phenotype-constrained,adaptationMultiplier,0.9597527790580258,upstroke_downstroke_ratio_long_square,-0.2362921515738269,6.535249103797031e-47
304,PI4KA,Pi4ka,phenotype-constrained,latencyMultiplier,0.986771666263251,upstroke_downstroke_ratio_long_square,-0.2362921515738269,6.535249103797031e-47
304,PI4KA,Pi4ka,phenotype-constrained,sagMultiplier,0.9825982637241137,upstroke_downstroke_ratio_long_square,-0.2362921515738269,6.535249103797031e-47
304,PI4KA,Pi4ka,phenotype-constrained,thresholdCurrentMultiplier,1.0470756281900198,upstroke_downstroke_ratio_long_square,-0.2362921515738269,6.535249103797031e-47
304,PI4KA,Pi4ka,phenotype-constrained,thresholdVoltageShift_mV,0.16323576151133762,upstroke_downstroke_ratio_long_square,-0.2362921515738269,6.535249103797031e-47
304,PI4KA,Pi4ka,phenotype-constrained,spikeKineticsMultiplier,0.9315665519680876,upstroke_downstroke_ratio_long_square,-0.2362921515738269,6.535249103797031e-47
305,RIMS3,Rims3,phenotype-constrained,vRestShift_mV,0.2154696979936372,upstroke_downstroke_ratio_long_square,0.2507217686774017,8.442838638349131e-53
305,RIMS3,Rims3,phenotype-constrained,inputResistanceMultiplier,1.0610812528049471,upstroke_downstroke_ratio_long_square,0.2507217686774017,8.442838638349131e-53
305,RIMS3,Rims3,phenotype-constrained,tauMultiplier,1.06589238263333,upstroke_downstroke_ratio_long_square,0.2507217686774017,8.442838638349131e-53
305,RIMS3,Rims3,phenotype-constrained,fiGainMultiplier,0.9048605452727676,upstroke_downstroke_ratio_long_square,0.2507217686774017,8.442838638349131e-53
305,RIMS3,Rims3,phenotype-constrained,adaptationMultiplier,1.0552325349179608,upstroke_downstroke_ratio_long_square,0.2507217686774017,8.442838638349131e-53
305,RIMS3,Rims3,phenotype-constrained,latencyMultiplier,1.0362875110780292,upstroke_downstroke_ratio_long_square,0.2507217686774017,8.442838638349131e-53
305,RIMS3,Rims3,phenotype-constrained,sagMultiplier,1.0605621350015715,upstroke_downstroke_ratio_long_square,0.2507217686774017,8.442838638349131e-53
305,RIMS3,Rims3,phenotype-constrained,thresholdCurrentMultiplier,0.9304302117921307,upstroke_downstroke_ratio_long_square,0.2507217686774017,8.442838638349131e-53
305,RIMS3,Rims3,phenotype-constrained,thresholdVoltageShift_mV,-0.18926427513664412,upstroke_downstroke_ratio_long_square,0.2507217686774017,8.442838638349131e-53
305,RIMS3,Rims3,phenotype-constrained,spikeKineticsMultiplier,1.078117571060418,upstroke_downstroke_ratio_long_square,0.2507217686774017,8.442838638349131e-53
306,PRKAG2,Prkag2,phenotype-constrained,vRestShift_mV,-0.0288682964474104,upstroke_downstroke_ratio_long_square,-0.3066318335556955,1.6138309697416524e-79
306,PRKAG2,Prkag2,phenotype-constrained,inputResistanceMultiplier,0.9633660378235187,upstroke_downstroke_ratio_long_square,-0.3066318335556955,1.6138309697416524e-79
306,PRKAG2,Prkag2,phenotype-constrained,tauMultiplier,0.9900820019159497,upstroke_downstroke_ratio_long_square,-0.3066318335556955,1.6138309697416524e-79
306,PRKAG2,Prkag2,phenotype-constrained,fiGainMultiplier,1.065315922249117,upstroke_downstroke_ratio_long_square,-0.3066318335556955,1.6138309697416524e-79
306,PRKAG2,Prkag2,phenotype-constrained,adaptationMultiplier,0.958586621059844,upstroke_downstroke_ratio_long_square,-0.3066318335556955,1.6138309697416524e-79
306,PRKAG2,Prkag2,phenotype-constrained,latencyMultiplier,1.0142802183955508,upstroke_downstroke_ratio_long_square,-0.3066318335556955,1.6138309697416524e-79
306,PRKAG2,Prkag2,phenotype-constrained,sagMultiplier,0.9735096261516022,upstroke_downstroke_ratio_long_square,-0.3066318335556955,1.6138309697416524e-79
306,PRKAG2,Prkag2,phenotype-constrained,thresholdCurrentMultiplier,1.0512730127833363,upstroke_downstroke_ratio_long_square,-0.3066318335556955,1.6138309697416524e-79
306,PRKAG2,Prkag2,phenotype-constrained,thresholdVoltageShift_mV,0.2158410391067292,upstroke_downstroke_ratio_long_square,-0.3066318335556955,1.6138309697416524e-79
306,PRKAG2,Prkag2,phenotype-constrained,spikeKineticsMultiplier,0.9121146810328594,upstroke_downstroke_ratio_long_square,-0.3066318335556955,1.6138309697416524e-79
307,TLE4,Tle4,phenotype-constrained,vRestShift_mV,0.095280538302248,upstroke_downstroke_ratio_long_square,-0.3709792628623883,1.8936601816544505e-118
307,TLE4,Tle4,phenotype-constrained,inputResistanceMultiplier,0.9705976868371987,upstroke_downstroke_ratio_long_square,-0.3709792628623883,1.8936601816544505e-118
307,TLE4,Tle4,phenotype-constrained,tauMultiplier,1.005882777922682,upstroke_downstroke_ratio_long_square,-0.3709792628623883,1.8936601816544505e-118
307,TLE4,Tle4,phenotype-constrained,fiGainMultiplier,1.0864570119314267,upstroke_downstroke_ratio_long_square,-0.3709792628623883,1.8936601816544505e-118
307,TLE4,Tle4,phenotype-constrained,adaptationMultiplier,0.9767610942788613,upstroke_downstroke_ratio_long_square,-0.3709792628623883,1.8936601816544505e-118
307,TLE4,Tle4,phenotype-constrained,latencyMultiplier,1.00697778118282,upstroke_downstroke_ratio_long_square,-0.3709792628623883,1.8936601816544505e-118
307,TLE4,Tle4,phenotype-constrained,sagMultiplier,0.9924061114497716,upstroke_downstroke_ratio_long_square,-0.3709792628623883,1.8936601816544505e-118
307,TLE4,Tle4,phenotype-constrained,thresholdCurrentMultiplier,1.0497221996193509,upstroke_downstroke_ratio_long_square,-0.3709792628623883,1.8936601816544505e-118
307,TLE4,Tle4,phenotype-constrained,thresholdVoltageShift_mV,0.0987585509814057,upstroke_downstroke_ratio_long_square,-0.3709792628623883,1.8936601816544505e-118
307,TLE4,Tle4,phenotype-constrained,spikeKineticsMultiplier,0.8946758734602677,upstroke_downstroke_ratio_long_square,-0.3709792628623883,1.8936601816544505e-118
308,GABRG2,Gabrg2,phenotype-constrained,vRestShift_mV,-0.5179392271960416,tau,-0.2330130164051375,2.1537957553589386e-45
308,GABRG2,Gabrg2,phenotype-constrained,inputResistanceMultiplier,0.9641041056231376,tau,-0.2330130164051375,2.1537957553589386e-45
308,GABRG2,Gabrg2,phenotype-constrained,tauMultiplier,0.9324834226683498,tau,-0.2330130164051375,2.1537957553589386e-45
308,GABRG2,Gabrg2,phenotype-constrained,fiGainMultiplier,1.0701618947239881,tau,-0.2330130164051375,2.1537957553589386e-45
308,GABRG2,Gabrg2,phenotype-constrained,adaptationMultiplier,0.9654374011359216,tau,-0.2330130164051375,2.1537957553589386e-45
308,GABRG2,Gabrg2,phenotype-constrained,latencyMultiplier,0.9422564735381459,tau,-0.2330130164051375,2.1537957553589386e-45
308,GABRG2,Gabrg2,phenotype-constrained,sagMultiplier,0.9656840006008093,tau,-0.2330130164051375,2.1537957553589386e-45
308,GABRG2,Gabrg2,phenotype-constrained,thresholdCurrentMultiplier,1.0400520088978014,tau,-0.2330130164051375,2.1537957553589386e-45
308,GABRG2,Gabrg2,phenotype-constrained,thresholdVoltageShift_mV,0.20807177388720477,tau,-0.2330130164051375,2.1537957553589386e-45
308,GABRG2,Gabrg2,phenotype-constrained,spikeKineticsMultiplier,0.9643618031011258,tau,-0.2330130164051375,2.1537957553589386e-45
309,DGKH,Dgkh,phenotype-constrained,vRestShift_mV,-0.1792840906663504,upstroke_downstroke_ratio_long_square,-0.2738556622637364,4.50376219528874e-63
309,DGKH,Dgkh,phenotype-constrained,inputResistanceMultiplier,0.9604148173787223,upstroke_downstroke_ratio_long_square,-0.2738556622637364,4.50376219528874e-63
309,DGKH,Dgkh,phenotype-constrained,tauMultiplier,0.9674912911989102,upstroke_downstroke_ratio_long_square,-0.2738556622637364,4.50376219528874e-63
309,DGKH,Dgkh,phenotype-constrained,fiGainMultiplier,1.1055235085993351,upstroke_downstroke_ratio_long_square,-0.2738556622637364,4.50376219528874e-63
309,DGKH,Dgkh,phenotype-constrained,adaptationMultiplier,0.943289019801857,upstroke_downstroke_ratio_long_square,-0.2738556622637364,4.50376219528874e-63
309,DGKH,Dgkh,phenotype-constrained,latencyMultiplier,1.0019331328476788,upstroke_downstroke_ratio_long_square,-0.2738556622637364,4.50376219528874e-63
309,DGKH,Dgkh,phenotype-constrained,sagMultiplier,0.9671491857634561,upstroke_downstroke_ratio_long_square,-0.2738556622637364,4.50376219528874e-63
309,DGKH,Dgkh,phenotype-constrained,thresholdCurrentMultiplier,1.0665595422632643,upstroke_downstroke_ratio_long_square,-0.2738556622637364,4.50376219528874e-63
309,DGKH,Dgkh,phenotype-constrained,thresholdVoltageShift_mV,0.3338594607761448,upstroke_downstroke_ratio_long_square,-0.2738556622637364,4.50376219528874e-63
309,DGKH,Dgkh,phenotype-constrained,spikeKineticsMultiplier,0.9211276079073941,upstroke_downstroke_ratio_long_square,-0.2738556622637364,4.50376219528874e-63
310,EPHA3,Epha3,phenotype-constrained,vRestShift_mV,0.2770045411785748,upstroke_downstroke_ratio_long_square,0.2725671534523542,1.7730629552068755e-62
310,EPHA3,Epha3,phenotype-constrained,inputResistanceMultiplier,1.0369192513532874,upstroke_downstroke_ratio_long_square,0.2725671534523542,1.7730629552068755e-62
310,EPHA3,Epha3,phenotype-constrained,tauMultiplier,1.009769137304061,upstroke_downstroke_ratio_long_square,0.2725671534523542,1.7730629552068755e-62
310,EPHA3,Epha3,phenotype-constrained,fiGainMultiplier,0.8906801036898799,upstroke_downstroke_ratio_long_square,0.2725671534523542,1.7730629552068755e-62
310,EPHA3,Epha3,phenotype-constrained,adaptationMultiplier,1.0481983033463944,upstroke_downstroke_ratio_long_square,0.2725671534523542,1.7730629552068755e-62
310,EPHA3,Epha3,phenotype-constrained,latencyMultiplier,1.0139956687212488,upstroke_downstroke_ratio_long_square,0.2725671534523542,1.7730629552068755e-62
310,EPHA3,Epha3,phenotype-constrained,sagMultiplier,1.024365771464735,upstroke_downstroke_ratio_long_square,0.2725671534523542,1.7730629552068755e-62
310,EPHA3,Epha3,phenotype-constrained,thresholdCurrentMultiplier,0.9606521301905735,upstroke_downstroke_ratio_long_square,0.2725671534523542,1.7730629552068755e-62
310,EPHA3,Epha3,phenotype-constrained,thresholdVoltageShift_mV,0.05934210171004679,upstroke_downstroke_ratio_long_square,0.2725671534523542,1.7730629552068755e-62
310,EPHA3,Epha3,phenotype-constrained,spikeKineticsMultiplier,1.0852063421802565,upstroke_downstroke_ratio_long_square,0.2725671534523542,1.7730629552068755e-62
311,NXPH2,Nxph2,phenotype-constrained,vRestShift_mV,-0.4402782639268956,upstroke_downstroke_ratio_long_square,-0.2721860222631098,2.6616188569177398e-62
311,NXPH2,Nxph2,phenotype-constrained,inputResistanceMultiplier,0.9607221605329264,upstroke_downstroke_ratio_long_square,-0.2721860222631098,2.6616188569177398e-62
311,NXPH2,Nxph2,phenotype-constrained,tauMultiplier,0.9730233130492902,upstroke_downstroke_ratio_long_square,-0.2721860222631098,2.6616188569177398e-62
311,NXPH2,Nxph2,phenotype-constrained,fiGainMultiplier,1.0875053234338108,upstroke_downstroke_ratio_long_square,-0.2721860222631098,2.6616188569177398e-62
311,NXPH2,Nxph2,phenotype-constrained,adaptationMultiplier,0.9661860293730711,upstroke_downstroke_ratio_long_square,-0.2721860222631098,2.6616188569177398e-62
311,NXPH2,Nxph2,phenotype-constrained,latencyMultiplier,1.0088358714004377,upstroke_downstroke_ratio_long_square,-0.2721860222631098,2.6616188569177398e-62
311,NXPH2,Nxph2,phenotype-constrained,sagMultiplier,0.9512917265081926,upstroke_downstroke_ratio_long_square,-0.2721860222631098,2.6616188569177398e-62
311,NXPH2,Nxph2,phenotype-constrained,thresholdCurrentMultiplier,1.0528336835485397,upstroke_downstroke_ratio_long_square,-0.2721860222631098,2.6616188569177398e-62
311,NXPH2,Nxph2,phenotype-constrained,thresholdVoltageShift_mV,0.09707429152574909,upstroke_downstroke_ratio_long_square,-0.2721860222631098,2.6616188569177398e-62
311,NXPH2,Nxph2,phenotype-constrained,spikeKineticsMultiplier,0.9215891089287832,upstroke_downstroke_ratio_long_square,-0.2721860222631098,2.6616188569177398e-62
312,RALGAPA2,Ralgapa2,phenotype-constrained,vRestShift_mV,-0.2420482176545896,upstroke_downstroke_ratio_long_square,-0.2714280399104534,5.87753648532404e-62
312,RALGAPA2,Ralgapa2,phenotype-constrained,inputResistanceMultiplier,0.9687721977013836,upstroke_downstroke_ratio_long_square,-0.2714280399104534,5.87753648532404e-62
312,RALGAPA2,Ralgapa2,phenotype-constrained,tauMultiplier,0.9828683954209476,upstroke_downstroke_ratio_long_square,-0.2714280399104534,5.87753648532404e-62
312,RALGAPA2,Ralgapa2,phenotype-constrained,fiGainMultiplier,1.0805957370916486,upstroke_downstroke_ratio_long_square,-0.2714280399104534,5.87753648532404e-62
312,RALGAPA2,Ralgapa2,phenotype-constrained,adaptationMultiplier,0.9697619555956962,upstroke_downstroke_ratio_long_square,-0.2714280399104534,5.87753648532404e-62
312,RALGAPA2,Ralgapa2,phenotype-constrained,latencyMultiplier,1.0035456554660478,upstroke_downstroke_ratio_long_square,-0.2714280399104534,5.87753648532404e-62
312,RALGAPA2,Ralgapa2,phenotype-constrained,sagMultiplier,0.9665258943498692,upstroke_downstroke_ratio_long_square,-0.2714280399104534,5.87753648532404e-62
312,RALGAPA2,Ralgapa2,phenotype-constrained,thresholdCurrentMultiplier,1.0513391112750345,upstroke_downstroke_ratio_long_square,-0.2714280399104534,5.87753648532404e-62
312,RALGAPA2,Ralgapa2,phenotype-constrained,thresholdVoltageShift_mV,0.1783225286323548,upstroke_downstroke_ratio_long_square,-0.2714280399104534,5.87753648532404e-62
312,RALGAPA2,Ralgapa2,phenotype-constrained,spikeKineticsMultiplier,0.921798697241807,upstroke_downstroke_ratio_long_square,-0.2714280399104534,5.87753648532404e-62
313,NYAP2,Nyap2,phenotype-constrained,vRestShift_mV,-0.0146377004909764,upstroke_downstroke_ratio_long_square,0.3903183928162601,4.8038533960559997e-132
313,NYAP2,Nyap2,phenotype-constrained,inputResistanceMultiplier,1.0149623832240269,upstroke_downstroke_ratio_long_square,0.3903183928162601,4.8038533960559997e-132
313,NYAP2,Nyap2,phenotype-constrained,tauMultiplier,1.0046112685710062,upstroke_downstroke_ratio_long_square,0.3903183928162601,4.8038533960559997e-132
313,NYAP2,Nyap2,phenotype-constrained,fiGainMultiplier,0.9066267323296956,upstroke_downstroke_ratio_long_square,0.3903183928162601,4.8038533960559997e-132
313,NYAP2,Nyap2,phenotype-constrained,adaptationMultiplier,1.0017695871742573,upstroke_downstroke_ratio_long_square,0.3903183928162601,4.8038533960559997e-132
313,NYAP2,Nyap2,phenotype-constrained,latencyMultiplier,1.0467288446217307,upstroke_downstroke_ratio_long_square,0.3903183928162601,4.8038533960559997e-132
313,NYAP2,Nyap2,phenotype-constrained,sagMultiplier,1.0089679571954486,upstroke_downstroke_ratio_long_square,0.3903183928162601,4.8038533960559997e-132
313,NYAP2,Nyap2,phenotype-constrained,thresholdCurrentMultiplier,0.9674251612065964,upstroke_downstroke_ratio_long_square,0.3903183928162601,4.8038533960559997e-132
313,NYAP2,Nyap2,phenotype-constrained,thresholdVoltageShift_mV,0.0426435773751774,upstroke_downstroke_ratio_long_square,0.3903183928162601,4.8038533960559997e-132
313,NYAP2,Nyap2,phenotype-constrained,spikeKineticsMultiplier,1.1242268082840507,upstroke_downstroke_ratio_long_square,0.3903183928162601,4.8038533960559997e-132
314,TRERF1,Trerf1,phenotype-constrained,vRestShift_mV,-0.0037846081425352,upstroke_downstroke_ratio_long_square,-0.2952916149565361,1.4677302514115274e-73
314,TRERF1,Trerf1,phenotype-constrained,inputResistanceMultiplier,0.9703324165279722,upstroke_downstroke_ratio_long_square,-0.2952916149565361,1.4677302514115274e-73
314,TRERF1,Trerf1,phenotype-constrained,tauMultiplier,0.9978482097042264,upstroke_downstroke_ratio_long_square,-0.2952916149565361,1.4677302514115274e-73
314,TRERF1,Trerf1,phenotype-constrained,fiGainMultiplier,1.0755566915512642,upstroke_downstroke_ratio_long_square,-0.2952916149565361,1.4677302514115274e-73
314,TRERF1,Trerf1,phenotype-constrained,adaptationMultiplier,0.969604231719675,upstroke_downstroke_ratio_long_square,-0.2952916149565361,1.4677302514115274e-73
314,TRERF1,Trerf1,phenotype-constrained,latencyMultiplier,1.0323443148721807,upstroke_downstroke_ratio_long_square,-0.2952916149565361,1.4677302514115274e-73
314,TRERF1,Trerf1,phenotype-constrained,sagMultiplier,0.9759181334596629,upstroke_downstroke_ratio_long_square,-0.2952916149565361,1.4677302514115274e-73
314,TRERF1,Trerf1,phenotype-constrained,thresholdCurrentMultiplier,1.0460264821080811,upstroke_downstroke_ratio_long_square,-0.2952916149565361,1.4677302514115274e-73
314,TRERF1,Trerf1,phenotype-constrained,thresholdVoltageShift_mV,0.27679100691627423,upstroke_downstroke_ratio_long_square,-0.2952916149565361,1.4677302514115274e-73
314,TRERF1,Trerf1,phenotype-constrained,spikeKineticsMultiplier,0.9152230394154914,upstroke_downstroke_ratio_long_square,-0.2952916149565361,1.4677302514115274e-73
315,TRIO,Trio,phenotype-constrained,vRestShift_mV,-0.1891530631595844,upstroke_downstroke_ratio_long_square,-0.269683147753134,3.7328876593359806e-61
315,TRIO,Trio,phenotype-constrained,inputResistanceMultiplier,0.9553195614368075,upstroke_downstroke_ratio_long_square,-0.269683147753134,3.7328876593359806e-61
315,TRIO,Trio,phenotype-constrained,tauMultiplier,0.9648090414355792,upstroke_downstroke_ratio_long_square,-0.269683147753134,3.7328876593359806e-61
315,TRIO,Trio,phenotype-constrained,fiGainMultiplier,1.0889837178038397,upstroke_downstroke_ratio_long_square,-0.269683147753134,3.7328876593359806e-61
315,TRIO,Trio,phenotype-constrained,adaptationMultiplier,0.948619678562881,upstroke_downstroke_ratio_long_square,-0.269683147753134,3.7328876593359806e-61
315,TRIO,Trio,phenotype-constrained,latencyMultiplier,1.0023017071885378,upstroke_downstroke_ratio_long_square,-0.269683147753134,3.7328876593359806e-61
315,TRIO,Trio,phenotype-constrained,sagMultiplier,0.9808289275682538,upstroke_downstroke_ratio_long_square,-0.269683147753134,3.7328876593359806e-61
315,TRIO,Trio,phenotype-constrained,thresholdCurrentMultiplier,1.0683216280935932,upstroke_downstroke_ratio_long_square,-0.269683147753134,3.7328876593359806e-61
315,TRIO,Trio,phenotype-constrained,thresholdVoltageShift_mV,0.2530215597858327,upstroke_downstroke_ratio_long_square,-0.269683147753134,3.7328876593359806e-61
315,TRIO,Trio,phenotype-constrained,spikeKineticsMultiplier,0.922281355353972,upstroke_downstroke_ratio_long_square,-0.269683147753134,3.7328876593359806e-61
316,NDFIP1,Ndfip1,phenotype-constrained,vRestShift_mV,0.1564674525024292,ri,0.2440826859558956,9.403218968141492e-50
316,NDFIP1,Ndfip1,phenotype-constrained,inputResistanceMultiplier,1.075972394548885,ri,0.2440826859558956,9.403218968141492e-50
316,NDFIP1,Ndfip1,phenotype-constrained,tauMultiplier,1.0539621694509111,ri,0.2440826859558956,9.403218968141492e-50
316,NDFIP1,Ndfip1,phenotype-constrained,fiGainMultiplier,0.9482778358734595,ri,0.2440826859558956,9.403218968141492e-50
316,NDFIP1,Ndfip1,phenotype-constrained,adaptationMultiplier,1.0508630225012014,ri,0.2440826859558956,9.403218968141492e-50
316,NDFIP1,Ndfip1,phenotype-constrained,latencyMultiplier,0.9985950519246908,ri,0.2440826859558956,9.403218968141492e-50
316,NDFIP1,Ndfip1,phenotype-constrained,sagMultiplier,1.0267860372658575,ri,0.2440826859558956,9.403218968141492e-50
316,NDFIP1,Ndfip1,phenotype-constrained,thresholdCurrentMultiplier,0.9237408162702304,ri,0.2440826859558956,9.403218968141492e-50
316,NDFIP1,Ndfip1,phenotype-constrained,thresholdVoltageShift_mV,-0.18989592719442483,ri,0.2440826859558956,9.403218968141492e-50
316,NDFIP1,Ndfip1,phenotype-constrained,spikeKineticsMultiplier,1.0581560738903124,ri,0.2440826859558956,9.403218968141492e-50
317,CERS6,Cers6,phenotype-constrained,vRestShift_mV,0.0171551369465776,upstroke_downstroke_ratio_long_square,-0.4242451637333686,3.2682331782478716e-158
317,CERS6,Cers6,phenotype-constrained,inputResistanceMultiplier,0.9964490374154718,upstroke_downstroke_ratio_long_square,-0.4242451637333686,3.2682331782478716e-158
317,CERS6,Cers6,phenotype-constrained,tauMultiplier,1.0661781226829963,upstroke_downstroke_ratio_long_square,-0.4242451637333686,3.2682331782478716e-158
317,CERS6,Cers6,phenotype-constrained,fiGainMultiplier,1.0758124845852897,upstroke_downstroke_ratio_long_square,-0.4242451637333686,3.2682331782478716e-158
317,CERS6,Cers6,phenotype-constrained,adaptationMultiplier,0.9879722735109897,upstroke_downstroke_ratio_long_square,-0.4242451637333686,3.2682331782478716e-158
317,CERS6,Cers6,phenotype-constrained,latencyMultiplier,1.0866005187582746,upstroke_downstroke_ratio_long_square,-0.4242451637333686,3.2682331782478716e-158
317,CERS6,Cers6,phenotype-constrained,sagMultiplier,1.010918516722081,upstroke_downstroke_ratio_long_square,-0.4242451637333686,3.2682331782478716e-158
317,CERS6,Cers6,phenotype-constrained,thresholdCurrentMultiplier,1.013154304581171,upstroke_downstroke_ratio_long_square,-0.4242451637333686,3.2682331782478716e-158
317,CERS6,Cers6,phenotype-constrained,thresholdVoltageShift_mV,0.014568894047962199,upstroke_downstroke_ratio_long_square,-0.4242451637333686,3.2682331782478716e-158
317,CERS6,Cers6,phenotype-constrained,spikeKineticsMultiplier,0.8804927816253131,upstroke_downstroke_ratio_long_square,-0.4242451637333686,3.2682331782478716e-158
318,PTPRO,Ptpro,phenotype-constrained,vRestShift_mV,-0.0790494564300532,upstroke_downstroke_ratio_long_square,0.3259594214025829,3.088376836398509e-90
318,PTPRO,Ptpro,phenotype-constrained,inputResistanceMultiplier,1.0032747196289846,upstroke_downstroke_ratio_long_square,0.3259594214025829,3.088376836398509e-90
318,PTPRO,Ptpro,phenotype-constrained,tauMultiplier,0.9607553455143703,upstroke_downstroke_ratio_long_square,0.3259594214025829,3.088376836398509e-90
318,PTPRO,Ptpro,phenotype-constrained,fiGainMultiplier,0.9383348003971638,upstroke_downstroke_ratio_long_square,0.3259594214025829,3.088376836398509e-90
318,PTPRO,Ptpro,phenotype-constrained,adaptationMultiplier,1.0014157092919302,upstroke_downstroke_ratio_long_square,0.3259594214025829,3.088376836398509e-90
318,PTPRO,Ptpro,phenotype-constrained,latencyMultiplier,0.9758925177694557,upstroke_downstroke_ratio_long_square,0.3259594214025829,3.088376836398509e-90
318,PTPRO,Ptpro,phenotype-constrained,sagMultiplier,0.9781465150707178,upstroke_downstroke_ratio_long_square,0.3259594214025829,3.088376836398509e-90
318,PTPRO,Ptpro,phenotype-constrained,thresholdCurrentMultiplier,0.9850758326924054,upstroke_downstroke_ratio_long_square,0.3259594214025829,3.088376836398509e-90
318,PTPRO,Ptpro,phenotype-constrained,thresholdVoltageShift_mV,0.2807081851237557,upstroke_downstroke_ratio_long_square,0.3259594214025829,3.088376836398509e-90
318,PTPRO,Ptpro,phenotype-constrained,spikeKineticsMultiplier,1.1027287903712675,upstroke_downstroke_ratio_long_square,0.3259594214025829,3.088376836398509e-90
319,WASF3,Wasf3,phenotype-constrained,vRestShift_mV,-0.3653365607196672,threshold_i_long_square,0.2421607517698128,4.9867628417445195e-49
319,WASF3,Wasf3,phenotype-constrained,inputResistanceMultiplier,0.9358306105841492,threshold_i_long_square,0.2421607517698128,4.9867628417445195e-49
319,WASF3,Wasf3,phenotype-constrained,tauMultiplier,0.9500580754013395,threshold_i_long_square,0.2421607517698128,4.9867628417445195e-49
319,WASF3,Wasf3,phenotype-constrained,fiGainMultiplier,1.0797832290910312,threshold_i_long_square,0.2421607517698128,4.9867628417445195e-49
319,WASF3,Wasf3,phenotype-constrained,adaptationMultiplier,0.9380920621602354,threshold_i_long_square,0.2421607517698128,4.9867628417445195e-49
319,WASF3,Wasf3,phenotype-constrained,latencyMultiplier,1.0223349461199445,threshold_i_long_square,0.2421607517698128,4.9867628417445195e-49
319,WASF3,Wasf3,phenotype-constrained,sagMultiplier,0.9484377711769653,threshold_i_long_square,0.2421607517698128,4.9867628417445195e-49
319,WASF3,Wasf3,phenotype-constrained,thresholdCurrentMultiplier,1.0884517385331864,threshold_i_long_square,0.2421607517698128,4.9867628417445195e-49
319,WASF3,Wasf3,phenotype-constrained,thresholdVoltageShift_mV,0.3154678856232054,threshold_i_long_square,0.2421607517698128,4.9867628417445195e-49
319,WASF3,Wasf3,phenotype-constrained,spikeKineticsMultiplier,0.9334985060583821,threshold_i_long_square,0.2421607517698128,4.9867628417445195e-49
320,MAFB,Mafb,phenotype-constrained,vRestShift_mV,-0.0128237496020128,upstroke_downstroke_ratio_long_square,-0.357699005996568,1.195011399287617e-109
320,MAFB,Mafb,phenotype-constrained,inputResistanceMultiplier,0.9555656025982253,upstroke_downstroke_ratio_long_square,-0.357699005996568,1.195011399287617e-109
320,MAFB,Mafb,phenotype-constrained,tauMultiplier,1.0078019551622246,upstroke_downstroke_ratio_long_square,-0.357699005996568,1.195011399287617e-109
320,MAFB,Mafb,phenotype-constrained,fiGainMultiplier,1.0705653156993153,upstroke_downstroke_ratio_long_square,-0.357699005996568,1.195011399287617e-109
320,MAFB,Mafb,phenotype-constrained,adaptationMultiplier,0.9607625470239328,upstroke_downstroke_ratio_long_square,-0.357699005996568,1.195011399287617e-109
320,MAFB,Mafb,phenotype-constrained,latencyMultiplier,1.0476686144782477,upstroke_downstroke_ratio_long_square,-0.357699005996568,1.195011399287617e-109
320,MAFB,Mafb,phenotype-constrained,sagMultiplier,0.9903764156985647,upstroke_downstroke_ratio_long_square,-0.357699005996568,1.195011399287617e-109
320,MAFB,Mafb,phenotype-constrained,thresholdCurrentMultiplier,1.065671157357359,upstroke_downstroke_ratio_long_square,-0.357699005996568,1.195011399287617e-109
320,MAFB,Mafb,phenotype-constrained,thresholdVoltageShift_mV,0.0116463503389863,upstroke_downstroke_ratio_long_square,-0.357699005996568,1.195011399287617e-109
320,MAFB,Mafb,phenotype-constrained,spikeKineticsMultiplier,0.8982474410596479,upstroke_downstroke_ratio_long_square,-0.357699005996568,1.195011399287617e-109
321,CELF4,Celf4,phenotype-constrained,vRestShift_mV,0.504796983647734,upstroke_downstroke_ratio_long_square,0.3204027973043258,4.629301193135419e-87
321,CELF4,Celf4,phenotype-constrained,inputResistanceMultiplier,1.0764353638994906,upstroke_downstroke_ratio_long_square,0.3204027973043258,4.629301193135419e-87
321,CELF4,Celf4,phenotype-constrained,tauMultiplier,1.0764270733629033,upstroke_downstroke_ratio_long_square,0.3204027973043258,4.629301193135419e-87
321,CELF4,Celf4,phenotype-constrained,fiGainMultiplier,0.9077794999857004,upstroke_downstroke_ratio_long_square,0.3204027973043258,4.629301193135419e-87
321,CELF4,Celf4,phenotype-constrained,adaptationMultiplier,1.0374894515241757,upstroke_downstroke_ratio_long_square,0.3204027973043258,4.629301193135419e-87
321,CELF4,Celf4,phenotype-constrained,latencyMultiplier,1.0602462130316912,upstroke_downstroke_ratio_long_square,0.3204027973043258,4.629301193135419e-87
321,CELF4,Celf4,phenotype-constrained,sagMultiplier,1.003219269312301,upstroke_downstroke_ratio_long_square,0.3204027973043258,4.629301193135419e-87
321,CELF4,Celf4,phenotype-constrained,thresholdCurrentMultiplier,0.9267295054747587,upstroke_downstroke_ratio_long_square,0.3204027973043258,4.629301193135419e-87
321,CELF4,Celf4,phenotype-constrained,thresholdVoltageShift_mV,-0.0255007221998817,upstroke_downstroke_ratio_long_square,0.3204027973043258,4.629301193135419e-87
321,CELF4,Celf4,phenotype-constrained,spikeKineticsMultiplier,1.1008920868661118,upstroke_downstroke_ratio_long_square,0.3204027973043258,4.629301193135419e-87
322,MAP3K5,Map3k5,phenotype-constrained,vRestShift_mV,-0.0459927287143936,upstroke_downstroke_ratio_long_square,-0.2659286104394527,1.9172975072075202e-59
322,MAP3K5,Map3k5,phenotype-constrained,inputResistanceMultiplier,0.9559978484252695,upstroke_downstroke_ratio_long_square,-0.2659286104394527,1.9172975072075202e-59
322,MAP3K5,Map3k5,phenotype-constrained,tauMultiplier,0.9923289336234087,upstroke_downstroke_ratio_long_square,-0.2659286104394527,1.9172975072075202e-59
322,MAP3K5,Map3k5,phenotype-constrained,fiGainMultiplier,1.0627725586381076,upstroke_downstroke_ratio_long_square,-0.2659286104394527,1.9172975072075202e-59
322,MAP3K5,Map3k5,phenotype-constrained,adaptationMultiplier,0.9624283633752877,upstroke_downstroke_ratio_long_square,-0.2659286104394527,1.9172975072075202e-59
322,MAP3K5,Map3k5,phenotype-constrained,latencyMultiplier,1.038767727048607,upstroke_downstroke_ratio_long_square,-0.2659286104394527,1.9172975072075202e-59
322,MAP3K5,Map3k5,phenotype-constrained,sagMultiplier,0.9812228746451271,upstroke_downstroke_ratio_long_square,-0.2659286104394527,1.9172975072075202e-59
322,MAP3K5,Map3k5,phenotype-constrained,thresholdCurrentMultiplier,1.065943602649101,upstroke_downstroke_ratio_long_square,-0.2659286104394527,1.9172975072075202e-59
322,MAP3K5,Map3k5,phenotype-constrained,thresholdVoltageShift_mV,0.2430420871222809,upstroke_downstroke_ratio_long_square,-0.2659286104394527,1.9172975072075202e-59
322,MAP3K5,Map3k5,phenotype-constrained,spikeKineticsMultiplier,0.9233207625467618,upstroke_downstroke_ratio_long_square,-0.2659286104394527,1.9172975072075202e-59
323,FRAS1,Fras1,phenotype-constrained,vRestShift_mV,-0.1582113332901148,tau,-0.2411253833646492,1.306086639342455e-48
323,FRAS1,Fras1,phenotype-constrained,inputResistanceMultiplier,0.931138373708704,tau,-0.2411253833646492,1.306086639342455e-48
323,FRAS1,Fras1,phenotype-constrained,tauMultiplier,0.9302167876408743,tau,-0.2411253833646492,1.306086639342455e-48
323,FRAS1,Fras1,phenotype-constrained,fiGainMultiplier,1.0940688865344665,tau,-0.2411253833646492,1.306086639342455e-48
323,FRAS1,Fras1,phenotype-constrained,adaptationMultiplier,0.93263078523087,tau,-0.2411253833646492,1.306086639342455e-48
323,FRAS1,Fras1,phenotype-constrained,latencyMultiplier,1.0017735354497102,tau,-0.2411253833646492,1.306086639342455e-48
323,FRAS1,Fras1,phenotype-constrained,sagMultiplier,0.9477941135363825,tau,-0.2411253833646492,1.306086639342455e-48
323,FRAS1,Fras1,phenotype-constrained,thresholdCurrentMultiplier,1.0875206640874984,tau,-0.2411253833646492,1.306086639342455e-48
323,FRAS1,Fras1,phenotype-constrained,thresholdVoltageShift_mV,0.40732942684424933,tau,-0.2411253833646492,1.306086639342455e-48
323,FRAS1,Fras1,phenotype-constrained,spikeKineticsMultiplier,0.9414724136203904,tau,-0.2411253833646492,1.306086639342455e-48
324,TTLL11,Ttll11,phenotype-constrained,vRestShift_mV,-0.1161875068232768,upstroke_downstroke_ratio_long_square,-0.3196905857788821,1.1649128285271485e-86
324,TTLL11,Ttll11,phenotype-constrained,inputResistanceMultiplier,0.9702156330636129,upstroke_downstroke_ratio_long_square,-0.3196905857788821,1.1649128285271485e-86
324,TTLL11,Ttll11,phenotype-constrained,tauMultiplier,0.997316712853418,upstroke_downstroke_ratio_long_square,-0.3196905857788821,1.1649128285271485e-86
324,TTLL11,Ttll11,phenotype-constrained,fiGainMultiplier,1.078881579943404,upstroke_downstroke_ratio_long_square,-0.3196905857788821,1.1649128285271485e-86
324,TTLL11,Ttll11,phenotype-constrained,adaptationMultiplier,0.9700119167280271,upstroke_downstroke_ratio_long_square,-0.3196905857788821,1.1649128285271485e-86
324,TTLL11,Ttll11,phenotype-constrained,latencyMultiplier,1.0257907216147713,upstroke_downstroke_ratio_long_square,-0.3196905857788821,1.1649128285271485e-86
324,TTLL11,Ttll11,phenotype-constrained,sagMultiplier,0.9983414517626148,upstroke_downstroke_ratio_long_square,-0.3196905857788821,1.1649128285271485e-86
324,TTLL11,Ttll11,phenotype-constrained,thresholdCurrentMultiplier,1.0490994023171418,upstroke_downstroke_ratio_long_square,-0.3196905857788821,1.1649128285271485e-86
324,TTLL11,Ttll11,phenotype-constrained,thresholdVoltageShift_mV,0.155750621309901,upstroke_downstroke_ratio_long_square,-0.3196905857788821,1.1649128285271485e-86
324,TTLL11,Ttll11,phenotype-constrained,spikeKineticsMultiplier,0.9085483474884304,upstroke_downstroke_ratio_long_square,-0.3196905857788821,1.1649128285271485e-86
325,PIP5K1B,Pip5k1b,phenotype-constrained,vRestShift_mV,0.0804497520782984,upstroke_downstroke_ratio_long_square,0.2902429111117633,5.292354949490749e-71
325,PIP5K1B,Pip5k1b,phenotype-constrained,inputResistanceMultiplier,1.0248091827225818,upstroke_downstroke_ratio_long_square,0.2902429111117633,5.292354949490749e-71
325,PIP5K1B,Pip5k1b,phenotype-constrained,tauMultiplier,1.022076107562852,upstroke_downstroke_ratio_long_square,0.2902429111117633,5.292354949490749e-71
325,PIP5K1B,Pip5k1b,phenotype-constrained,fiGainMultiplier,0.9504578871658801,upstroke_downstroke_ratio_long_square,0.2902429111117633,5.292354949490749e-71
325,PIP5K1B,Pip5k1b,phenotype-constrained,adaptationMultiplier,0.9854493381755671,upstroke_downstroke_ratio_long_square,0.2902429111117633,5.292354949490749e-71
325,PIP5K1B,Pip5k1b,phenotype-constrained,latencyMultiplier,1.0534569324792542,upstroke_downstroke_ratio_long_square,0.2902429111117633,5.292354949490749e-71
325,PIP5K1B,Pip5k1b,phenotype-constrained,sagMultiplier,1.0190904692445197,upstroke_downstroke_ratio_long_square,0.2902429111117633,5.292354949490749e-71
325,PIP5K1B,Pip5k1b,phenotype-constrained,thresholdCurrentMultiplier,0.9750379501590779,upstroke_downstroke_ratio_long_square,0.2902429111117633,5.292354949490749e-71
325,PIP5K1B,Pip5k1b,phenotype-constrained,thresholdVoltageShift_mV,0.052205602819917304,upstroke_downstroke_ratio_long_square,0.2902429111117633,5.292354949490749e-71
325,PIP5K1B,Pip5k1b,phenotype-constrained,spikeKineticsMultiplier,1.0909761798925508,upstroke_downstroke_ratio_long_square,0.2902429111117633,5.292354949490749e-71
326,PCDH9,Pcdh9,phenotype-constrained,vRestShift_mV,0.0458233435596468,upstroke_downstroke_ratio_long_square,-0.289829226799456,8.50475875668737e-71
326,PCDH9,Pcdh9,phenotype-constrained,inputResistanceMultiplier,0.9662367963756794,upstroke_downstroke_ratio_long_square,-0.289829226799456,8.50475875668737e-71
326,PCDH9,Pcdh9,phenotype-constrained,tauMultiplier,1.0020497091167435,upstroke_downstroke_ratio_long_square,-0.289829226799456,8.50475875668737e-71
326,PCDH9,Pcdh9,phenotype-constrained,fiGainMultiplier,1.089794027617433,upstroke_downstroke_ratio_long_square,-0.289829226799456,8.50475875668737e-71
326,PCDH9,Pcdh9,phenotype-constrained,adaptationMultiplier,0.9406316347939571,upstroke_downstroke_ratio_long_square,-0.289829226799456,8.50475875668737e-71
326,PCDH9,Pcdh9,phenotype-constrained,latencyMultiplier,1.0309468420816679,upstroke_downstroke_ratio_long_square,-0.289829226799456,8.50475875668737e-71
326,PCDH9,Pcdh9,phenotype-constrained,sagMultiplier,0.9863906088875067,upstroke_downstroke_ratio_long_square,-0.289829226799456,8.50475875668737e-71
326,PCDH9,Pcdh9,phenotype-constrained,thresholdCurrentMultiplier,1.0572380042414222,upstroke_downstroke_ratio_long_square,-0.289829226799456,8.50475875668737e-71
326,PCDH9,Pcdh9,phenotype-constrained,thresholdVoltageShift_mV,0.3466002553902279,upstroke_downstroke_ratio_long_square,-0.289829226799456,8.50475875668737e-71
326,PCDH9,Pcdh9,phenotype-constrained,spikeKineticsMultiplier,0.9167240600006263,upstroke_downstroke_ratio_long_square,-0.289829226799456,8.50475875668737e-71
327,MICAL2,Mical2,phenotype-constrained,vRestShift_mV,-0.1203897903839276,upstroke_downstroke_ratio_long_square,-0.3182687218269096,7.297534620433381e-86
327,MICAL2,Mical2,phenotype-constrained,inputResistanceMultiplier,0.9527213223406842,upstroke_downstroke_ratio_long_square,-0.3182687218269096,7.297534620433381e-86
327,MICAL2,Mical2,phenotype-constrained,tauMultiplier,0.9940113950289833,upstroke_downstroke_ratio_long_square,-0.3182687218269096,7.297534620433381e-86
327,MICAL2,Mical2,phenotype-constrained,fiGainMultiplier,1.0746967226607484,upstroke_downstroke_ratio_long_square,-0.3182687218269096,7.297534620433381e-86
327,MICAL2,Mical2,phenotype-constrained,adaptationMultiplier,0.9448394320218889,upstroke_downstroke_ratio_long_square,-0.3182687218269096,7.297534620433381e-86
327,MICAL2,Mical2,phenotype-constrained,latencyMultiplier,1.0653123827067226,upstroke_downstroke_ratio_long_square,-0.3182687218269096,7.297534620433381e-86
327,MICAL2,Mical2,phenotype-constrained,sagMultiplier,0.9857116575627559,upstroke_downstroke_ratio_long_square,-0.3182687218269096,7.297534620433381e-86
327,MICAL2,Mical2,phenotype-constrained,thresholdCurrentMultiplier,1.065991785310774,upstroke_downstroke_ratio_long_square,-0.3182687218269096,7.297534620433381e-86
327,MICAL2,Mical2,phenotype-constrained,thresholdVoltageShift_mV,0.1018413904739952,upstroke_downstroke_ratio_long_square,-0.3182687218269096,7.297534620433381e-86
327,MICAL2,Mical2,phenotype-constrained,spikeKineticsMultiplier,0.9089359797997897,upstroke_downstroke_ratio_long_square,-0.3182687218269096,7.297534620433381e-86
328,MYO16,Myo16,phenotype-constrained,vRestShift_mV,0.15873798765821,upstroke_downstroke_ratio_long_square,-0.2633892452944121,2.6530023736933614e-58
328,MYO16,Myo16,phenotype-constrained,inputResistanceMultiplier,0.9926980021552263,upstroke_downstroke_ratio_long_square,-0.2633892452944121,2.6530023736933614e-58
328,MYO16,Myo16,phenotype-constrained,tauMultiplier,1.028092306754156,upstroke_downstroke_ratio_long_square,-0.2633892452944121,2.6530023736933614e-58
328,MYO16,Myo16,phenotype-constrained,fiGainMultiplier,1.026171830923269,upstroke_downstroke_ratio_long_square,-0.2633892452944121,2.6530023736933614e-58
328,MYO16,Myo16,phenotype-constrained,adaptationMultiplier,0.9849495964715459,upstroke_downstroke_ratio_long_square,-0.2633892452944121,2.6530023736933614e-58
328,MYO16,Myo16,phenotype-constrained,latencyMultiplier,1.0244247381907428,upstroke_downstroke_ratio_long_square,-0.2633892452944121,2.6530023736933614e-58
328,MYO16,Myo16,phenotype-constrained,sagMultiplier,1.0171767718103302,upstroke_downstroke_ratio_long_square,-0.2633892452944121,2.6530023736933614e-58
328,MYO16,Myo16,phenotype-constrained,thresholdCurrentMultiplier,1.0316191114354925,upstroke_downstroke_ratio_long_square,-0.2633892452944121,2.6530023736933614e-58
328,MYO16,Myo16,phenotype-constrained,thresholdVoltageShift_mV,0.13777077679634192,upstroke_downstroke_ratio_long_square,-0.2633892452944121,2.6530023736933614e-58
328,MYO16,Myo16,phenotype-constrained,spikeKineticsMultiplier,0.9240244251097897,upstroke_downstroke_ratio_long_square,-0.2633892452944121,2.6530023736933614e-58
329,SEMA5B,Sema5b,phenotype-constrained,vRestShift_mV,0.0101029911571824,threshold_i_short_square,-0.2897733453347099,5.5349690862323737e-70
329,SEMA5B,Sema5b,phenotype-constrained,inputResistanceMultiplier,1.0253109745719695,threshold_i_short_square,-0.2897733453347099,5.5349690862323737e-70
329,SEMA5B,Sema5b,phenotype-constrained,tauMultiplier,0.9729459637250896,threshold_i_short_square,-0.2897733453347099,5.5349690862323737e-70
329,SEMA5B,Sema5b,phenotype-constrained,fiGainMultiplier,0.9429455611308322,threshold_i_short_square,-0.2897733453347099,5.5349690862323737e-70
329,SEMA5B,Sema5b,phenotype-constrained,adaptationMultiplier,1.0259398067850867,threshold_i_short_square,-0.2897733453347099,5.5349690862323737e-70
329,SEMA5B,Sema5b,phenotype-constrained,latencyMultiplier,0.9292152673706607,threshold_i_short_square,-0.2897733453347099,5.5349690862323737e-70
329,SEMA5B,Sema5b,phenotype-constrained,sagMultiplier,1.0065895791312423,threshold_i_short_square,-0.2897733453347099,5.5349690862323737e-70
329,SEMA5B,Sema5b,phenotype-constrained,thresholdCurrentMultiplier,0.9498576856622545,threshold_i_short_square,-0.2897733453347099,5.5349690862323737e-70
329,SEMA5B,Sema5b,phenotype-constrained,thresholdVoltageShift_mV,-0.0172039479326829,threshold_i_short_square,-0.2897733453347099,5.5349690862323737e-70
329,SEMA5B,Sema5b,phenotype-constrained,spikeKineticsMultiplier,1.0662773883763952,threshold_i_short_square,-0.2897733453347099,5.5349690862323737e-70
330,ANO3,Ano3,phenotype-constrained,vRestShift_mV,-0.0280419280807144,upstroke_downstroke_ratio_long_square,-0.3792771875044085,3.597864974859377e-124
330,ANO3,Ano3,phenotype-constrained,inputResistanceMultiplier,1.0039553976236497,upstroke_downstroke_ratio_long_square,-0.3792771875044085,3.597864974859377e-124
330,ANO3,Ano3,phenotype-constrained,tauMultiplier,1.0828709007012751,upstroke_downstroke_ratio_long_square,-0.3792771875044085,3.597864974859377e-124
330,ANO3,Ano3,phenotype-constrained,fiGainMultiplier,1.0253135339313508,upstroke_downstroke_ratio_long_square,-0.3792771875044085,3.597864974859377e-124
330,ANO3,Ano3,phenotype-constrained,adaptationMultiplier,1.0463540360206434,upstroke_downstroke_ratio_long_square,-0.3792771875044085,3.597864974859377e-124
330,ANO3,Ano3,phenotype-constrained,latencyMultiplier,1.0472034513132378,upstroke_downstroke_ratio_long_square,-0.3792771875044085,3.597864974859377e-124
330,ANO3,Ano3,phenotype-constrained,sagMultiplier,1.0673636610189512,upstroke_downstroke_ratio_long_square,-0.3792771875044085,3.597864974859377e-124
330,ANO3,Ano3,phenotype-constrained,thresholdCurrentMultiplier,1.0023979702911785,upstroke_downstroke_ratio_long_square,-0.3792771875044085,3.597864974859377e-124
330,ANO3,Ano3,phenotype-constrained,thresholdVoltageShift_mV,-0.3972073987764705,upstroke_downstroke_ratio_long_square,-0.3792771875044085,3.597864974859377e-124
330,ANO3,Ano3,phenotype-constrained,spikeKineticsMultiplier,0.8924514574213904,upstroke_downstroke_ratio_long_square,-0.3792771875044085,3.597864974859377e-124
331,GRM3,Grm3,phenotype-constrained,vRestShift_mV,-0.0575122019349236,upstroke_downstroke_ratio_long_square,-0.3173152692120607,2.4568086717158844e-85
331,GRM3,Grm3,phenotype-constrained,inputResistanceMultiplier,0.9740345908284113,upstroke_downstroke_ratio_long_square,-0.3173152692120607,2.4568086717158844e-85
331,GRM3,Grm3,phenotype-constrained,tauMultiplier,1.0167767968386785,upstroke_downstroke_ratio_long_square,-0.3173152692120607,2.4568086717158844e-85
331,GRM3,Grm3,phenotype-constrained,fiGainMultiplier,1.0737105409342338,upstroke_downstroke_ratio_long_square,-0.3173152692120607,2.4568086717158844e-85
331,GRM3,Grm3,phenotype-constrained,adaptationMultiplier,0.9828484890571801,upstroke_downstroke_ratio_long_square,-0.3173152692120607,2.4568086717158844e-85
331,GRM3,Grm3,phenotype-constrained,latencyMultiplier,1.0126477118987158,upstroke_downstroke_ratio_long_square,-0.3173152692120607,2.4568086717158844e-85
331,GRM3,Grm3,phenotype-constrained,sagMultiplier,1.0020671427815002,upstroke_downstroke_ratio_long_square,-0.3173152692120607,2.4568086717158844e-85
331,GRM3,Grm3,phenotype-constrained,thresholdCurrentMultiplier,1.0317246044381179,upstroke_downstroke_ratio_long_square,-0.3173152692120607,2.4568086717158844e-85
331,GRM3,Grm3,phenotype-constrained,thresholdVoltageShift_mV,0.11241864003428309,upstroke_downstroke_ratio_long_square,-0.3173152692120607,2.4568086717158844e-85
331,GRM3,Grm3,phenotype-constrained,spikeKineticsMultiplier,0.9091960052023029,upstroke_downstroke_ratio_long_square,-0.3173152692120607,2.4568086717158844e-85
332,SDK1,Sdk1,phenotype-constrained,vRestShift_mV,0.346345246878258,threshold_i_short_square,-0.2896010309411296,6.539656541127399e-70
332,SDK1,Sdk1,phenotype-constrained,inputResistanceMultiplier,1.0599295592608413,threshold_i_short_square,-0.2896010309411296,6.539656541127399e-70
332,SDK1,Sdk1,phenotype-constrained,tauMultiplier,1.0174754848491812,threshold_i_short_square,-0.2896010309411296,6.539656541127399e-70
332,SDK1,Sdk1,phenotype-constrained,fiGainMultiplier,0.9674035758968599,threshold_i_short_square,-0.2896010309411296,6.539656541127399e-70
332,SDK1,Sdk1,phenotype-constrained,adaptationMultiplier,1.068384488476255,threshold_i_short_square,-0.2896010309411296,6.539656541127399e-70
332,SDK1,Sdk1,phenotype-constrained,latencyMultiplier,0.9380796807979928,threshold_i_short_square,-0.2896010309411296,6.539656541127399e-70
332,SDK1,Sdk1,phenotype-constrained,sagMultiplier,0.9940786082680905,threshold_i_short_square,-0.2896010309411296,6.539656541127399e-70
332,SDK1,Sdk1,phenotype-constrained,thresholdCurrentMultiplier,0.9307130159638459,threshold_i_short_square,-0.2896010309411296,6.539656541127399e-70
332,SDK1,Sdk1,phenotype-constrained,thresholdVoltageShift_mV,-0.1124844322926612,threshold_i_short_square,-0.2896010309411296,6.539656541127399e-70
332,SDK1,Sdk1,phenotype-constrained,spikeKineticsMultiplier,1.0605910699840317,threshold_i_short_square,-0.2896010309411296,6.539656541127399e-70
333,OLFM1,Olfm1,phenotype-constrained,vRestShift_mV,-0.1086844553198444,upstroke_downstroke_ratio_long_square,0.3783552637640968,1.5804874415160914e-123
333,OLFM1,Olfm1,phenotype-constrained,inputResistanceMultiplier,0.9909667039451466,upstroke_downstroke_ratio_long_square,0.3783552637640968,1.5804874415160914e-123
333,OLFM1,Olfm1,phenotype-constrained,tauMultiplier,0.932906742294264,upstroke_downstroke_ratio_long_square,0.3783552637640968,1.5804874415160914e-123
333,OLFM1,Olfm1,phenotype-constrained,fiGainMultiplier,0.9593989204200106,upstroke_downstroke_ratio_long_square,0.3783552637640968,1.5804874415160914e-123
333,OLFM1,Olfm1,phenotype-constrained,adaptationMultiplier,0.9779474849457078,upstroke_downstroke_ratio_long_square,0.3783552637640968,1.5804874415160914e-123
333,OLFM1,Olfm1,phenotype-constrained,latencyMultiplier,0.9685873098188853,upstroke_downstroke_ratio_long_square,0.3783552637640968,1.5804874415160914e-123
333,OLFM1,Olfm1,phenotype-constrained,sagMultiplier,0.9749110698749107,upstroke_downstroke_ratio_long_square,0.3783552637640968,1.5804874415160914e-123
333,OLFM1,Olfm1,phenotype-constrained,thresholdCurrentMultiplier,1.005060772244244,upstroke_downstroke_ratio_long_square,0.3783552637640968,1.5804874415160914e-123
333,OLFM1,Olfm1,phenotype-constrained,thresholdVoltageShift_mV,0.22425396472623482,upstroke_downstroke_ratio_long_square,0.3783552637640968,1.5804874415160914e-123
333,OLFM1,Olfm1,phenotype-constrained,spikeKineticsMultiplier,1.1201992588038225,upstroke_downstroke_ratio_long_square,0.3783552637640968,1.5804874415160914e-123
334,RCAN2,Rcan2,phenotype-constrained,vRestShift_mV,-0.0939070375997704,upstroke_downstroke_ratio_long_square,-0.3505028422918471,4.547676645203122e-105
334,RCAN2,Rcan2,phenotype-constrained,inputResistanceMultiplier,0.9667654990147639,upstroke_downstroke_ratio_long_square,-0.3505028422918471,4.547676645203122e-105
334,RCAN2,Rcan2,phenotype-constrained,tauMultiplier,1.009340577906096,upstroke_downstroke_ratio_long_square,-0.3505028422918471,4.547676645203122e-105
334,RCAN2,Rcan2,phenotype-constrained,fiGainMultiplier,1.084699760249977,upstroke_downstroke_ratio_long_square,-0.3505028422918471,4.547676645203122e-105
334,RCAN2,Rcan2,phenotype-constrained,adaptationMultiplier,0.9572143658361615,upstroke_downstroke_ratio_long_square,-0.3505028422918471,4.547676645203122e-105
334,RCAN2,Rcan2,phenotype-constrained,latencyMultiplier,1.0424398357463658,upstroke_downstroke_ratio_long_square,-0.3505028422918471,4.547676645203122e-105
334,RCAN2,Rcan2,phenotype-constrained,sagMultiplier,1.0108523665464795,upstroke_downstroke_ratio_long_square,-0.3505028422918471,4.547676645203122e-105
334,RCAN2,Rcan2,phenotype-constrained,thresholdCurrentMultiplier,1.0556619319899272,upstroke_downstroke_ratio_long_square,-0.3505028422918471,4.547676645203122e-105
334,RCAN2,Rcan2,phenotype-constrained,thresholdVoltageShift_mV,0.0843428074843749,upstroke_downstroke_ratio_long_square,-0.3505028422918471,4.547676645203122e-105
334,RCAN2,Rcan2,phenotype-constrained,spikeKineticsMultiplier,0.90018871645598,upstroke_downstroke_ratio_long_square,-0.3505028422918471,4.547676645203122e-105
335,SGK1,Sgk1,phenotype-constrained,vRestShift_mV,-0.2875439058788488,tau,-0.287621305103511,1.7138884143658978e-69
335,SGK1,Sgk1,phenotype-constrained,inputResistanceMultiplier,0.9420589430677626,tau,-0.287621305103511,1.7138884143658978e-69
335,SGK1,Sgk1,phenotype-constrained,tauMultiplier,0.9173314776303835,tau,-0.287621305103511,1.7138884143658978e-69
335,SGK1,Sgk1,phenotype-constrained,fiGainMultiplier,1.0771547457877493,tau,-0.287621305103511,1.7138884143658978e-69
335,SGK1,Sgk1,phenotype-constrained,adaptationMultiplier,0.9401037682258536,tau,-0.287621305103511,1.7138884143658978e-69
335,SGK1,Sgk1,phenotype-constrained,latencyMultiplier,0.9514555307192202,tau,-0.287621305103511,1.7138884143658978e-69
335,SGK1,Sgk1,phenotype-constrained,sagMultiplier,0.9553027040269603,tau,-0.287621305103511,1.7138884143658978e-69
335,SGK1,Sgk1,phenotype-constrained,thresholdCurrentMultiplier,1.0628774962024974,tau,-0.287621305103511,1.7138884143658978e-69
335,SGK1,Sgk1,phenotype-constrained,thresholdVoltageShift_mV,0.3689153501144562,tau,-0.287621305103511,1.7138884143658978e-69
335,SGK1,Sgk1,phenotype-constrained,spikeKineticsMultiplier,0.9692472752333573,tau,-0.287621305103511,1.7138884143658978e-69
336,MYRIP,Myrip,phenotype-constrained,vRestShift_mV,0.07828612664044,upstroke_downstroke_ratio_long_square,-0.2863270064459914,4.63338855914901e-69
336,MYRIP,Myrip,phenotype-constrained,inputResistanceMultiplier,0.9733662941209118,upstroke_downstroke_ratio_long_square,-0.2863270064459914,4.63338855914901e-69
336,MYRIP,Myrip,phenotype-constrained,tauMultiplier,1.0128144411554014,upstroke_downstroke_ratio_long_square,-0.2863270064459914,4.63338855914901e-69
336,MYRIP,Myrip,phenotype-constrained,fiGainMultiplier,1.0477455348122753,upstroke_downstroke_ratio_long_square,-0.2863270064459914,4.63338855914901e-69
336,MYRIP,Myrip,phenotype-constrained,adaptationMultiplier,0.9873689720295181,upstroke_downstroke_ratio_long_square,-0.2863270064459914,4.63338855914901e-69
336,MYRIP,Myrip,phenotype-constrained,latencyMultiplier,1.0350505474140144,upstroke_downstroke_ratio_long_square,-0.2863270064459914,4.63338855914901e-69
336,MYRIP,Myrip,phenotype-constrained,sagMultiplier,1.0164071670006312,upstroke_downstroke_ratio_long_square,-0.2863270064459914,4.63338855914901e-69
336,MYRIP,Myrip,phenotype-constrained,thresholdCurrentMultiplier,1.0457717981463601,upstroke_downstroke_ratio_long_square,-0.2863270064459914,4.63338855914901e-69
336,MYRIP,Myrip,phenotype-constrained,thresholdVoltageShift_mV,0.16676308839251788,upstroke_downstroke_ratio_long_square,-0.2863270064459914,4.63338855914901e-69
336,MYRIP,Myrip,phenotype-constrained,spikeKineticsMultiplier,0.9176877370618223,upstroke_downstroke_ratio_long_square,-0.2863270064459914,4.63338855914901e-69
337,GARNL3,Garnl3,phenotype-constrained,vRestShift_mV,0.1719725360513804,tau,0.260880141712993,5.74852127143006e-57
337,GARNL3,Garnl3,phenotype-constrained,inputResistanceMultiplier,1.0265516579635967,tau,0.260880141712993,5.74852127143006e-57
337,GARNL3,Garnl3,phenotype-constrained,tauMultiplier,1.0814081587051252,tau,0.260880141712993,5.74852127143006e-57
337,GARNL3,Garnl3,phenotype-constrained,fiGainMultiplier,0.9706468223991571,tau,0.260880141712993,5.74852127143006e-57
337,GARNL3,Garnl3,phenotype-constrained,adaptationMultiplier,1.0304732667501122,tau,0.260880141712993,5.74852127143006e-57
337,GARNL3,Garnl3,phenotype-constrained,latencyMultiplier,1.071251529013274,tau,0.260880141712993,5.74852127143006e-57
337,GARNL3,Garnl3,phenotype-constrained,sagMultiplier,1.0413168701877962,tau,0.260880141712993,5.74852127143006e-57
337,GARNL3,Garnl3,phenotype-constrained,thresholdCurrentMultiplier,0.9808019106243617,tau,0.260880141712993,5.74852127143006e-57
337,GARNL3,Garnl3,phenotype-constrained,thresholdVoltageShift_mV,-0.16188440441439061,tau,0.260880141712993,5.74852127143006e-57
337,GARNL3,Garnl3,phenotype-constrained,spikeKineticsMultiplier,0.9806846857316184,tau,0.260880141712993,5.74852127143006e-57
338,NTNG1,Ntng1,phenotype-constrained,vRestShift_mV,-0.3313114879438548,upstroke_downstroke_ratio_long_square,-0.2347036745207394,2.776287924155808e-46
338,NTNG1,Ntng1,phenotype-constrained,inputResistanceMultiplier,0.9509355413879755,upstroke_downstroke_ratio_long_square,-0.2347036745207394,2.776287924155808e-46
338,NTNG1,Ntng1,phenotype-constrained,tauMultiplier,0.973452351379005,upstroke_downstroke_ratio_long_square,-0.2347036745207394,2.776287924155808e-46
338,NTNG1,Ntng1,phenotype-constrained,fiGainMultiplier,1.061609845439299,upstroke_downstroke_ratio_long_square,-0.2347036745207394,2.776287924155808e-46
338,NTNG1,Ntng1,phenotype-constrained,adaptationMultiplier,0.9651651820259376,upstroke_downstroke_ratio_long_square,-0.2347036745207394,2.776287924155808e-46
338,NTNG1,Ntng1,phenotype-constrained,latencyMultiplier,1.0407452931540637,upstroke_downstroke_ratio_long_square,-0.2347036745207394,2.776287924155808e-46
338,NTNG1,Ntng1,phenotype-constrained,sagMultiplier,1.0070842037436871,upstroke_downstroke_ratio_long_square,-0.2347036745207394,2.776287924155808e-46
338,NTNG1,Ntng1,phenotype-constrained,thresholdCurrentMultiplier,1.052579084579484,upstroke_downstroke_ratio_long_square,-0.2347036745207394,2.776287924155808e-46
338,NTNG1,Ntng1,phenotype-constrained,thresholdVoltageShift_mV,0.2215719523789128,upstroke_downstroke_ratio_long_square,-0.2347036745207394,2.776287924155808e-46
338,NTNG1,Ntng1,phenotype-constrained,spikeKineticsMultiplier,0.9320105893885399,upstroke_downstroke_ratio_long_square,-0.2347036745207394,2.776287924155808e-46
339,CDH8,Cdh8,phenotype-constrained,vRestShift_mV,0.3248470334548508,tau,0.2851973681676573,2.667062638599332e-68
339,CDH8,Cdh8,phenotype-constrained,inputResistanceMultiplier,1.0701624585429894,tau,0.2851973681676573,2.667062638599332e-68
339,CDH8,Cdh8,phenotype-constrained,tauMultiplier,1.0893260589210507,tau,0.2851973681676573,2.667062638599332e-68
339,CDH8,Cdh8,phenotype-constrained,fiGainMultiplier,0.9826936266781795,tau,0.2851973681676573,2.667062638599332e-68
339,CDH8,Cdh8,phenotype-constrained,adaptationMultiplier,1.0582335110223324,tau,0.2851973681676573,2.667062638599332e-68
339,CDH8,Cdh8,phenotype-constrained,latencyMultiplier,0.9982679131220632,tau,0.2851973681676573,2.667062638599332e-68
339,CDH8,Cdh8,phenotype-constrained,sagMultiplier,1.0796710539253787,tau,0.2851973681676573,2.667062638599332e-68
339,CDH8,Cdh8,phenotype-constrained,thresholdCurrentMultiplier,0.9098429975695481,tau,0.2851973681676573,2.667062638599332e-68
339,CDH8,Cdh8,phenotype-constrained,thresholdVoltageShift_mV,-0.3729008922458742,tau,0.2851973681676573,2.667062638599332e-68
339,CDH8,Cdh8,phenotype-constrained,spikeKineticsMultiplier,0.9796095660014656,tau,0.2851973681676573,2.667062638599332e-68
340,TRPC5,Trpc5,conductance-aware,vRestShift_mV,-0.0410496091865244,upstroke_downstroke_ratio_long_square,0.3432204607599384,1.5731527298476263e-100
340,TRPC5,Trpc5,conductance-aware,inputResistanceMultiplier,1.0034859844657218,upstroke_downstroke_ratio_long_square,0.3432204607599384,1.5731527298476263e-100
340,TRPC5,Trpc5,conductance-aware,tauMultiplier,1.015187697418015,upstroke_downstroke_ratio_long_square,0.3432204607599384,1.5731527298476263e-100
340,TRPC5,Trpc5,conductance-aware,fiGainMultiplier,0.9002039263068373,upstroke_downstroke_ratio_long_square,0.3432204607599384,1.5731527298476263e-100
340,TRPC5,Trpc5,conductance-aware,adaptationMultiplier,0.9956402353881489,upstroke_downstroke_ratio_long_square,0.3432204607599384,1.5731527298476263e-100
340,TRPC5,Trpc5,conductance-aware,latencyMultiplier,1.0707988744028942,upstroke_downstroke_ratio_long_square,0.3432204607599384,1.5731527298476263e-100
340,TRPC5,Trpc5,conductance-aware,sagMultiplier,0.9820713807393339,upstroke_downstroke_ratio_long_square,0.3432204607599384,1.5731527298476263e-100
340,TRPC5,Trpc5,conductance-aware,thresholdCurrentMultiplier,0.9854060964642968,upstroke_downstroke_ratio_long_square,0.3432204607599384,1.5731527298476263e-100
340,TRPC5,Trpc5,conductance-aware,thresholdVoltageShift_mV,0.0551806995393933,upstroke_downstroke_ratio_long_square,0.3432204607599384,1.5731527298476263e-100
340,TRPC5,Trpc5,conductance-aware,spikeKineticsMultiplier,1.1084538742281305,upstroke_downstroke_ratio_long_square,0.3432204607599384,1.5731527298476263e-100
341,PPIP5K2,Ppip5k2,phenotype-constrained,vRestShift_mV,-0.247263656899222,upstroke_downstroke_ratio_long_square,-0.2344391483069877,3.521092578245474e-46
341,PPIP5K2,Ppip5k2,phenotype-constrained,inputResistanceMultiplier,0.9473540462719752,upstroke_downstroke_ratio_long_square,-0.2344391483069877,3.521092578245474e-46
341,PPIP5K2,Ppip5k2,phenotype-constrained,tauMultiplier,0.9490785976354225,upstroke_downstroke_ratio_long_square,-0.2344391483069877,3.521092578245474e-46
341,PPIP5K2,Ppip5k2,phenotype-constrained,fiGainMultiplier,1.0856825631102622,upstroke_downstroke_ratio_long_square,-0.2344391483069877,3.521092578245474e-46
341,PPIP5K2,Ppip5k2,phenotype-constrained,adaptationMultiplier,0.9555467075187105,upstroke_downstroke_ratio_long_square,-0.2344391483069877,3.521092578245474e-46
341,PPIP5K2,Ppip5k2,phenotype-constrained,latencyMultiplier,0.9711337495144864,upstroke_downstroke_ratio_long_square,-0.2344391483069877,3.521092578245474e-46
341,PPIP5K2,Ppip5k2,phenotype-constrained,sagMultiplier,0.9658708043437828,upstroke_downstroke_ratio_long_square,-0.2344391483069877,3.521092578245474e-46
341,PPIP5K2,Ppip5k2,phenotype-constrained,thresholdCurrentMultiplier,1.0668499425311697,upstroke_downstroke_ratio_long_square,-0.2344391483069877,3.521092578245474e-46
341,PPIP5K2,Ppip5k2,phenotype-constrained,thresholdVoltageShift_mV,0.1276553976721716,upstroke_downstroke_ratio_long_square,-0.2344391483069877,3.521092578245474e-46
341,PPIP5K2,Ppip5k2,phenotype-constrained,spikeKineticsMultiplier,0.9320845546930816,upstroke_downstroke_ratio_long_square,-0.2344391483069877,3.521092578245474e-46
342,RGS4,Rgs4,phenotype-constrained,vRestShift_mV,-0.37654626660258,threshold_i_long_square,0.2345394004664652,5.4815735879523084e-46
342,RGS4,Rgs4,phenotype-constrained,inputResistanceMultiplier,0.9378394265015886,threshold_i_long_square,0.2345394004664652,5.4815735879523084e-46
342,RGS4,Rgs4,phenotype-constrained,tauMultiplier,0.9578027793490871,threshold_i_long_square,0.2345394004664652,5.4815735879523084e-46
342,RGS4,Rgs4,phenotype-constrained,fiGainMultiplier,1.0769549352207337,threshold_i_long_square,0.2345394004664652,5.4815735879523084e-46
342,RGS4,Rgs4,phenotype-constrained,adaptationMultiplier,0.9469635424347403,threshold_i_long_square,0.2345394004664652,5.4815735879523084e-46
342,RGS4,Rgs4,phenotype-constrained,latencyMultiplier,1.0204754399299243,threshold_i_long_square,0.2345394004664652,5.4815735879523084e-46
342,RGS4,Rgs4,phenotype-constrained,sagMultiplier,0.9817090683732793,threshold_i_long_square,0.2345394004664652,5.4815735879523084e-46
342,RGS4,Rgs4,phenotype-constrained,thresholdCurrentMultiplier,1.0855521919069453,threshold_i_long_square,0.2345394004664652,5.4815735879523084e-46
342,RGS4,Rgs4,phenotype-constrained,thresholdVoltageShift_mV,0.0940414219987917,threshold_i_long_square,0.2345394004664652,5.4815735879523084e-46
342,RGS4,Rgs4,phenotype-constrained,spikeKineticsMultiplier,0.9380820953698087,threshold_i_long_square,0.2345394004664652,5.4815735879523084e-46
343,CHSY3,Chsy3,phenotype-constrained,vRestShift_mV,-0.1074830332976924,upstroke_downstroke_ratio_long_square,0.3697777128200227,1.2362778275551091e-117
343,CHSY3,Chsy3,phenotype-constrained,inputResistanceMultiplier,0.9986614918121584,upstroke_downstroke_ratio_long_square,0.3697777128200227,1.2362778275551091e-117
343,CHSY3,Chsy3,phenotype-constrained,tauMultiplier,0.941447114003569,upstroke_downstroke_ratio_long_square,0.3697777128200227,1.2362778275551091e-117
343,CHSY3,Chsy3,phenotype-constrained,fiGainMultiplier,0.9473294055568152,upstroke_downstroke_ratio_long_square,0.3697777128200227,1.2362778275551091e-117
343,CHSY3,Chsy3,phenotype-constrained,adaptationMultiplier,1.0013403002086467,upstroke_downstroke_ratio_long_square,0.3697777128200227,1.2362778275551091e-117
343,CHSY3,Chsy3,phenotype-constrained,latencyMultiplier,0.9702837628596535,upstroke_downstroke_ratio_long_square,0.3697777128200227,1.2362778275551091e-117
343,CHSY3,Chsy3,phenotype-constrained,sagMultiplier,0.9474032362357222,upstroke_downstroke_ratio_long_square,0.3697777128200227,1.2362778275551091e-117
343,CHSY3,Chsy3,phenotype-constrained,thresholdCurrentMultiplier,0.9832129605182672,upstroke_downstroke_ratio_long_square,0.3697777128200227,1.2362778275551091e-117
343,CHSY3,Chsy3,phenotype-constrained,thresholdVoltageShift_mV,0.09841861503747841,upstroke_downstroke_ratio_long_square,0.3697777128200227,1.2362778275551091e-117
343,CHSY3,Chsy3,phenotype-constrained,spikeKineticsMultiplier,1.117320394570125,upstroke_downstroke_ratio_long_square,0.3697777128200227,1.2362778275551091e-117
344,NDFIP2,Ndfip2,phenotype-constrained,vRestShift_mV,-0.2620995377105044,upstroke_downstroke_ratio_long_square,-0.2329117044766713,1.397867084048235e-45
344,NDFIP2,Ndfip2,phenotype-constrained,inputResistanceMultiplier,0.9573438416488755,upstroke_downstroke_ratio_long_square,-0.2329117044766713,1.397867084048235e-45
344,NDFIP2,Ndfip2,phenotype-constrained,tauMultiplier,0.9628856775322665,upstroke_downstroke_ratio_long_square,-0.2329117044766713,1.397867084048235e-45
344,NDFIP2,Ndfip2,phenotype-constrained,fiGainMultiplier,1.079723948748073,upstroke_downstroke_ratio_long_square,-0.2329117044766713,1.397867084048235e-45
344,NDFIP2,Ndfip2,phenotype-constrained,adaptationMultiplier,0.9543882742765307,upstroke_downstroke_ratio_long_square,-0.2329117044766713,1.397867084048235e-45
344,NDFIP2,Ndfip2,phenotype-constrained,latencyMultiplier,0.9842654347369293,upstroke_downstroke_ratio_long_square,-0.2329117044766713,1.397867084048235e-45
344,NDFIP2,Ndfip2,phenotype-constrained,sagMultiplier,0.9866382165322549,upstroke_downstroke_ratio_long_square,-0.2329117044766713,1.397867084048235e-45
344,NDFIP2,Ndfip2,phenotype-constrained,thresholdCurrentMultiplier,1.0595827220503595,upstroke_downstroke_ratio_long_square,-0.2329117044766713,1.397867084048235e-45
344,NDFIP2,Ndfip2,phenotype-constrained,thresholdVoltageShift_mV,0.14309383540586912,upstroke_downstroke_ratio_long_square,-0.2329117044766713,1.397867084048235e-45
344,NDFIP2,Ndfip2,phenotype-constrained,spikeKineticsMultiplier,0.9325117646071981,upstroke_downstroke_ratio_long_square,-0.2329117044766713,1.397867084048235e-45
345,NAV3,Nav3,phenotype-constrained,vRestShift_mV,-0.1144003406990544,threshold_i_long_square,0.2323898113281806,3.75981598199869e-45
345,NAV3,Nav3,phenotype-constrained,inputResistanceMultiplier,0.935955446507531,threshold_i_long_square,0.2323898113281806,3.75981598199869e-45
345,NAV3,Nav3,phenotype-constrained,tauMultiplier,0.9550453783674845,threshold_i_long_square,0.2323898113281806,3.75981598199869e-45
345,NAV3,Nav3,phenotype-constrained,fiGainMultiplier,1.0738982693507004,threshold_i_long_square,0.2323898113281806,3.75981598199869e-45
345,NAV3,Nav3,phenotype-constrained,adaptationMultiplier,0.9352909523321332,threshold_i_long_square,0.2323898113281806,3.75981598199869e-45
345,NAV3,Nav3,phenotype-constrained,latencyMultiplier,1.0344575349003646,threshold_i_long_square,0.2323898113281806,3.75981598199869e-45
345,NAV3,Nav3,phenotype-constrained,sagMultiplier,0.9268397377716188,threshold_i_long_square,0.2323898113281806,3.75981598199869e-45
345,NAV3,Nav3,phenotype-constrained,thresholdCurrentMultiplier,1.0847357771425423,threshold_i_long_square,0.2323898113281806,3.75981598199869e-45
345,NAV3,Nav3,phenotype-constrained,thresholdVoltageShift_mV,0.4299357868561659,threshold_i_long_square,0.2323898113281806,3.75981598199869e-45
345,NAV3,Nav3,phenotype-constrained,spikeKineticsMultiplier,0.9547752449054812,threshold_i_long_square,0.2323898113281806,3.75981598199869e-45
346,DAB1,Dab1,phenotype-constrained,vRestShift_mV,-0.3626587114232984,tau,-0.2833758720309973,2.0321159937530708e-67
346,DAB1,Dab1,phenotype-constrained,inputResistanceMultiplier,0.9644443421377807,tau,-0.2833758720309973,2.0321159937530708e-67
346,DAB1,Dab1,phenotype-constrained,tauMultiplier,0.9185005627813408,tau,-0.2833758720309973,2.0321159937530708e-67
346,DAB1,Dab1,phenotype-constrained,fiGainMultiplier,0.9730227062757697,tau,-0.2833758720309973,2.0321159937530708e-67
346,DAB1,Dab1,phenotype-constrained,adaptationMultiplier,0.9774513483199156,tau,-0.2833758720309973,2.0321159937530708e-67
346,DAB1,Dab1,phenotype-constrained,latencyMultiplier,0.9394370879375767,tau,-0.2833758720309973,2.0321159937530708e-67
346,DAB1,Dab1,phenotype-constrained,sagMultiplier,0.9330155846572947,tau,-0.2833758720309973,2.0321159937530708e-67
346,DAB1,Dab1,phenotype-constrained,thresholdCurrentMultiplier,1.0348076929669445,tau,-0.2833758720309973,2.0321159937530708e-67
346,DAB1,Dab1,phenotype-constrained,thresholdVoltageShift_mV,0.2719773618823965,tau,-0.2833758720309973,2.0321159937530708e-67
346,DAB1,Dab1,phenotype-constrained,spikeKineticsMultiplier,1.0849440289136814,tau,-0.2833758720309973,2.0321159937530708e-67
347,SH3RF3,Sh3rf3,phenotype-constrained,vRestShift_mV,-0.183402605131214,threshold_i_long_square,0.2552244155312421,1.8243107074368218e-54
347,SH3RF3,Sh3rf3,phenotype-constrained,inputResistanceMultiplier,0.9368654640217541,threshold_i_long_square,0.2552244155312421,1.8243107074368218e-54
347,SH3RF3,Sh3rf3,phenotype-constrained,tauMultiplier,0.9362787850893408,threshold_i_long_square,0.2552244155312421,1.8243107074368218e-54
347,SH3RF3,Sh3rf3,phenotype-constrained,fiGainMultiplier,1.086415344320483,threshold_i_long_square,0.2552244155312421,1.8243107074368218e-54
347,SH3RF3,Sh3rf3,phenotype-constrained,adaptationMultiplier,0.9236307792912538,threshold_i_long_square,0.2552244155312421,1.8243107074368218e-54
347,SH3RF3,Sh3rf3,phenotype-constrained,latencyMultiplier,1.0109907858720064,threshold_i_long_square,0.2552244155312421,1.8243107074368218e-54
347,SH3RF3,Sh3rf3,phenotype-constrained,sagMultiplier,0.9598031180045322,threshold_i_long_square,0.2552244155312421,1.8243107074368218e-54
347,SH3RF3,Sh3rf3,phenotype-constrained,thresholdCurrentMultiplier,1.0934398419882487,threshold_i_long_square,0.2552244155312421,1.8243107074368218e-54
347,SH3RF3,Sh3rf3,phenotype-constrained,thresholdVoltageShift_mV,0.45422406569179796,threshold_i_long_square,0.2552244155312421,1.8243107074368218e-54
347,SH3RF3,Sh3rf3,phenotype-constrained,spikeKineticsMultiplier,0.9466885630507841,threshold_i_long_square,0.2552244155312421,1.8243107074368218e-54
348,NRG3,Nrg3,phenotype-constrained,vRestShift_mV,-0.1862235846191744,upstroke_downstroke_ratio_long_square,-0.3076335770014688,4.7346821889919426e-80
348,NRG3,Nrg3,phenotype-constrained,inputResistanceMultiplier,0.9633046852900079,upstroke_downstroke_ratio_long_square,-0.3076335770014688,4.7346821889919426e-80
348,NRG3,Nrg3,phenotype-constrained,tauMultiplier,1.0026658712065646,upstroke_downstroke_ratio_long_square,-0.3076335770014688,4.7346821889919426e-80
348,NRG3,Nrg3,phenotype-constrained,fiGainMultiplier,1.059209810921858,upstroke_downstroke_ratio_long_square,-0.3076335770014688,4.7346821889919426e-80
348,NRG3,Nrg3,phenotype-constrained,adaptationMultiplier,0.9786140794379593,upstroke_downstroke_ratio_long_square,-0.3076335770014688,4.7346821889919426e-80
348,NRG3,Nrg3,phenotype-constrained,latencyMultiplier,1.0415277113803147,upstroke_downstroke_ratio_long_square,-0.3076335770014688,4.7346821889919426e-80
348,NRG3,Nrg3,phenotype-constrained,sagMultiplier,1.0064868267612148,upstroke_downstroke_ratio_long_square,-0.3076335770014688,4.7346821889919426e-80
348,NRG3,Nrg3,phenotype-constrained,thresholdCurrentMultiplier,1.0458575179113623,upstroke_downstroke_ratio_long_square,-0.3076335770014688,4.7346821889919426e-80
348,NRG3,Nrg3,phenotype-constrained,thresholdVoltageShift_mV,0.1086513375483882,upstroke_downstroke_ratio_long_square,-0.3076335770014688,4.7346821889919426e-80
348,NRG3,Nrg3,phenotype-constrained,spikeKineticsMultiplier,0.9118406107460837,upstroke_downstroke_ratio_long_square,-0.3076335770014688,4.7346821889919426e-80
349,ITPK1,Itpk1,phenotype-constrained,vRestShift_mV,0.4246187761927188,tau,0.2295609717896478,4.535889261256056e-44
349,ITPK1,Itpk1,phenotype-constrained,inputResistanceMultiplier,1.060386001341893,tau,0.2295609717896478,4.535889261256056e-44
349,ITPK1,Itpk1,phenotype-constrained,tauMultiplier,1.0712951012246814,tau,0.2295609717896478,4.535889261256056e-44
349,ITPK1,Itpk1,phenotype-constrained,fiGainMultiplier,0.9420509201942368,tau,0.2295609717896478,4.535889261256056e-44
349,ITPK1,Itpk1,phenotype-constrained,adaptationMultiplier,1.0691598386763608,tau,0.2295609717896478,4.535889261256056e-44
349,ITPK1,Itpk1,phenotype-constrained,latencyMultiplier,1.0049313315003674,tau,0.2295609717896478,4.535889261256056e-44
349,ITPK1,Itpk1,phenotype-constrained,sagMultiplier,1.0570373378269124,tau,0.2295609717896478,4.535889261256056e-44
349,ITPK1,Itpk1,phenotype-constrained,thresholdCurrentMultiplier,0.9354084206666631,tau,0.2295609717896478,4.535889261256056e-44
349,ITPK1,Itpk1,phenotype-constrained,thresholdVoltageShift_mV,-0.21087529594337248,tau,0.2295609717896478,4.535889261256056e-44
349,ITPK1,Itpk1,phenotype-constrained,spikeKineticsMultiplier,1.02966320466974,tau,0.2295609717896478,4.535889261256056e-44
350,RPS6KA2,Rps6ka2,phenotype-constrained,vRestShift_mV,0.1954014609023376,upstroke_downstroke_ratio_long_square,-0.279732681730634,7.439687614605179e-66
350,RPS6KA2,Rps6ka2,phenotype-constrained,inputResistanceMultiplier,0.9815681930592577,upstroke_downstroke_ratio_long_square,-0.279732681730634,7.439687614605179e-66
350,RPS6KA2,Rps6ka2,phenotype-constrained,tauMultiplier,1.0014333304411795,upstroke_downstroke_ratio_long_square,-0.279732681730634,7.439687614605179e-66
350,RPS6KA2,Rps6ka2,phenotype-constrained,fiGainMultiplier,1.0743071379565228,upstroke_downstroke_ratio_long_square,-0.279732681730634,7.439687614605179e-66
350,RPS6KA2,Rps6ka2,phenotype-constrained,adaptationMultiplier,0.9691842041266115,upstroke_downstroke_ratio_long_square,-0.279732681730634,7.439687614605179e-66
350,RPS6KA2,Rps6ka2,phenotype-constrained,latencyMultiplier,1.0073923532259805,upstroke_downstroke_ratio_long_square,-0.279732681730634,7.439687614605179e-66
350,RPS6KA2,Rps6ka2,phenotype-constrained,sagMultiplier,0.9784074098208321,upstroke_downstroke_ratio_long_square,-0.279732681730634,7.439687614605179e-66
350,RPS6KA2,Rps6ka2,phenotype-constrained,thresholdCurrentMultiplier,1.0485394899831215,upstroke_downstroke_ratio_long_square,-0.279732681730634,7.439687614605179e-66
350,RPS6KA2,Rps6ka2,phenotype-constrained,thresholdVoltageShift_mV,0.23126387223524492,upstroke_downstroke_ratio_long_square,-0.279732681730634,7.439687614605179e-66
350,RPS6KA2,Rps6ka2,phenotype-constrained,spikeKineticsMultiplier,0.9195049932834339,upstroke_downstroke_ratio_long_square,-0.279732681730634,7.439687614605179e-66
351,PLXNA4,Plxna4,phenotype-constrained,vRestShift_mV,-0.2090122610305168,tau,-0.252434833552552,2.6613716790491307e-53
351,PLXNA4,Plxna4,phenotype-constrained,inputResistanceMultiplier,0.9526473358857512,tau,-0.252434833552552,2.6613716790491307e-53
351,PLXNA4,Plxna4,phenotype-constrained,tauMultiplier,0.9270660634798531,tau,-0.252434833552552,2.6613716790491307e-53
351,PLXNA4,Plxna4,phenotype-constrained,fiGainMultiplier,1.1156270528890933,tau,-0.252434833552552,2.6613716790491307e-53
351,PLXNA4,Plxna4,phenotype-constrained,adaptationMultiplier,0.947838631554571,tau,-0.252434833552552,2.6613716790491307e-53
351,PLXNA4,Plxna4,phenotype-constrained,latencyMultiplier,0.943790807000847,tau,-0.252434833552552,2.6613716790491307e-53
351,PLXNA4,Plxna4,phenotype-constrained,sagMultiplier,0.9396585556384108,tau,-0.252434833552552,2.6613716790491307e-53
351,PLXNA4,Plxna4,phenotype-constrained,thresholdCurrentMultiplier,1.0672263598038292,tau,-0.252434833552552,2.6613716790491307e-53
351,PLXNA4,Plxna4,phenotype-constrained,thresholdVoltageShift_mV,0.4642260103570113,tau,-0.252434833552552,2.6613716790491307e-53
351,PLXNA4,Plxna4,phenotype-constrained,spikeKineticsMultiplier,0.9348696171605461,tau,-0.252434833552552,2.6613716790491307e-53
352,DCLK2,Dclk2,phenotype-constrained,vRestShift_mV,0.0768305974368156,upstroke_downstroke_ratio_long_square,-0.2523595885823353,1.7025350819873063e-53
352,DCLK2,Dclk2,phenotype-constrained,inputResistanceMultiplier,0.9719160781568844,upstroke_downstroke_ratio_long_square,-0.2523595885823353,1.7025350819873063e-53
352,DCLK2,Dclk2,phenotype-constrained,tauMultiplier,0.9774847459023701,upstroke_downstroke_ratio_long_square,-0.2523595885823353,1.7025350819873063e-53
352,DCLK2,Dclk2,phenotype-constrained,fiGainMultiplier,1.0745154824774772,upstroke_downstroke_ratio_long_square,-0.2523595885823353,1.7025350819873063e-53
352,DCLK2,Dclk2,phenotype-constrained,adaptationMultiplier,0.9655719411476344,upstroke_downstroke_ratio_long_square,-0.2523595885823353,1.7025350819873063e-53
352,DCLK2,Dclk2,phenotype-constrained,latencyMultiplier,0.9840623841793938,upstroke_downstroke_ratio_long_square,-0.2523595885823353,1.7025350819873063e-53
352,DCLK2,Dclk2,phenotype-constrained,sagMultiplier,0.9804565697366174,upstroke_downstroke_ratio_long_square,-0.2523595885823353,1.7025350819873063e-53
352,DCLK2,Dclk2,phenotype-constrained,thresholdCurrentMultiplier,1.0461301945127603,upstroke_downstroke_ratio_long_square,-0.2523595885823353,1.7025350819873063e-53
352,DCLK2,Dclk2,phenotype-constrained,thresholdVoltageShift_mV,0.2483358434469474,upstroke_downstroke_ratio_long_square,-0.2523595885823353,1.7025350819873063e-53
352,DCLK2,Dclk2,phenotype-constrained,spikeKineticsMultiplier,0.9270869908335546,upstroke_downstroke_ratio_long_square,-0.2523595885823353,1.7025350819873063e-53
353,FRMPD4,Frmpd4,phenotype-constrained,vRestShift_mV,0.0746395998754672,upstroke_downstroke_ratio_long_square,0.2794777105337847,9.827241458088644e-66
353,FRMPD4,Frmpd4,phenotype-constrained,inputResistanceMultiplier,1.0388821623053375,upstroke_downstroke_ratio_long_square,0.2794777105337847,9.827241458088644e-66
353,FRMPD4,Frmpd4,phenotype-constrained,tauMultiplier,1.0398138053888295,upstroke_downstroke_ratio_long_square,0.2794777105337847,9.827241458088644e-66
353,FRMPD4,Frmpd4,phenotype-constrained,fiGainMultiplier,0.8866259109836957,upstroke_downstroke_ratio_long_square,0.2794777105337847,9.827241458088644e-66
353,FRMPD4,Frmpd4,phenotype-constrained,adaptationMultiplier,1.0300061310509976,upstroke_downstroke_ratio_long_square,0.2794777105337847,9.827241458088644e-66
353,FRMPD4,Frmpd4,phenotype-constrained,latencyMultiplier,1.029658108244867,upstroke_downstroke_ratio_long_square,0.2794777105337847,9.827241458088644e-66
353,FRMPD4,Frmpd4,phenotype-constrained,sagMultiplier,1.0286772397106603,upstroke_downstroke_ratio_long_square,0.2794777105337847,9.827241458088644e-66
353,FRMPD4,Frmpd4,phenotype-constrained,thresholdCurrentMultiplier,0.9438253113373599,upstroke_downstroke_ratio_long_square,0.2794777105337847,9.827241458088644e-66
353,FRMPD4,Frmpd4,phenotype-constrained,thresholdVoltageShift_mV,-0.1089770870251314,upstroke_downstroke_ratio_long_square,0.2794777105337847,9.827241458088644e-66
353,FRMPD4,Frmpd4,phenotype-constrained,spikeKineticsMultiplier,1.0874584900248736,upstroke_downstroke_ratio_long_square,0.2794777105337847,9.827241458088644e-66
354,SH3KBP1,Sh3kbp1,phenotype-constrained,vRestShift_mV,0.0542650067819224,upstroke_downstroke_ratio_long_square,-0.3626601601682322,6.980776726737051e-113
354,SH3KBP1,Sh3kbp1,phenotype-constrained,inputResistanceMultiplier,1.0025049808910274,upstroke_downstroke_ratio_long_square,-0.3626601601682322,6.980776726737051e-113
354,SH3KBP1,Sh3kbp1,phenotype-constrained,tauMultiplier,1.0645618371950785,upstroke_downstroke_ratio_long_square,-0.3626601601682322,6.980776726737051e-113
354,SH3KBP1,Sh3kbp1,phenotype-constrained,fiGainMultiplier,1.0569875489343474,upstroke_downstroke_ratio_long_square,-0.3626601601682322,6.980776726737051e-113
354,SH3KBP1,Sh3kbp1,phenotype-constrained,adaptationMultiplier,1.0234143257916362,upstroke_downstroke_ratio_long_square,-0.3626601601682322,6.980776726737051e-113
354,SH3KBP1,Sh3kbp1,phenotype-constrained,latencyMultiplier,1.0485793220775224,upstroke_downstroke_ratio_long_square,-0.3626601601682322,6.980776726737051e-113
354,SH3KBP1,Sh3kbp1,phenotype-constrained,sagMultiplier,1.048409137772625,upstroke_downstroke_ratio_long_square,-0.3626601601682322,6.980776726737051e-113
354,SH3KBP1,Sh3kbp1,phenotype-constrained,thresholdCurrentMultiplier,1.0037295532932538,upstroke_downstroke_ratio_long_square,-0.3626601601682322,6.980776726737051e-113
354,SH3KBP1,Sh3kbp1,phenotype-constrained,thresholdVoltageShift_mV,-0.1286506681925367,upstroke_downstroke_ratio_long_square,-0.3626601601682322,6.980776726737051e-113
354,SH3KBP1,Sh3kbp1,phenotype-constrained,spikeKineticsMultiplier,0.8969115322418746,upstroke_downstroke_ratio_long_square,-0.3626601601682322,6.980776726737051e-113
355,MLIP,Mlip,phenotype-constrained,vRestShift_mV,-0.0472236088697788,upstroke_downstroke_ratio_long_square,0.4216447181070098,4.0772868506525884e-156
355,MLIP,Mlip,phenotype-constrained,inputResistanceMultiplier,1.0040700843968187,upstroke_downstroke_ratio_long_square,0.4216447181070098,4.0772868506525884e-156
355,MLIP,Mlip,phenotype-constrained,tauMultiplier,0.9628425825946962,upstroke_downstroke_ratio_long_square,0.4216447181070098,4.0772868506525884e-156
355,MLIP,Mlip,phenotype-constrained,fiGainMultiplier,0.9301027453355314,upstroke_downstroke_ratio_long_square,0.4216447181070098,4.0772868506525884e-156
355,MLIP,Mlip,phenotype-constrained,adaptationMultiplier,0.9972139535619162,upstroke_downstroke_ratio_long_square,0.4216447181070098,4.0772868506525884e-156
355,MLIP,Mlip,phenotype-constrained,latencyMultiplier,0.996770350896253,upstroke_downstroke_ratio_long_square,0.4216447181070098,4.0772868506525884e-156
355,MLIP,Mlip,phenotype-constrained,sagMultiplier,0.999110587655894,upstroke_downstroke_ratio_long_square,0.4216447181070098,4.0772868506525884e-156
355,MLIP,Mlip,phenotype-constrained,thresholdCurrentMultiplier,0.9935704542598257,upstroke_downstroke_ratio_long_square,0.4216447181070098,4.0772868506525884e-156
355,MLIP,Mlip,phenotype-constrained,thresholdVoltageShift_mV,0.10495469533014931,upstroke_downstroke_ratio_long_square,0.4216447181070098,4.0772868506525884e-156
355,MLIP,Mlip,phenotype-constrained,spikeKineticsMultiplier,1.1348419787074087,upstroke_downstroke_ratio_long_square,0.4216447181070098,4.0772868506525884e-156
356,PRR16,Prr16,phenotype-constrained,vRestShift_mV,-0.4243934504813676,upstroke_downstroke_ratio_long_square,-0.2266204259623671,3.629190381721187e-43
356,PRR16,Prr16,phenotype-constrained,inputResistanceMultiplier,0.9457215294896776,upstroke_downstroke_ratio_long_square,-0.2266204259623671,3.629190381721187e-43
356,PRR16,Prr16,phenotype-constrained,tauMultiplier,0.9568713128021175,upstroke_downstroke_ratio_long_square,-0.2266204259623671,3.629190381721187e-43
356,PRR16,Prr16,phenotype-constrained,fiGainMultiplier,1.073475481018494,upstroke_downstroke_ratio_long_square,-0.2266204259623671,3.629190381721187e-43
356,PRR16,Prr16,phenotype-constrained,adaptationMultiplier,0.9621932699283204,upstroke_downstroke_ratio_long_square,-0.2266204259623671,3.629190381721187e-43
356,PRR16,Prr16,phenotype-constrained,latencyMultiplier,0.9854274065607442,upstroke_downstroke_ratio_long_square,-0.2266204259623671,3.629190381721187e-43
356,PRR16,Prr16,phenotype-constrained,sagMultiplier,0.9820757039193114,upstroke_downstroke_ratio_long_square,-0.2266204259623671,3.629190381721187e-43
356,PRR16,Prr16,phenotype-constrained,thresholdCurrentMultiplier,1.040650593015166,upstroke_downstroke_ratio_long_square,-0.2266204259623671,3.629190381721187e-43
356,PRR16,Prr16,phenotype-constrained,thresholdVoltageShift_mV,0.3243443199931584,upstroke_downstroke_ratio_long_square,-0.2266204259623671,3.629190381721187e-43
356,PRR16,Prr16,phenotype-constrained,spikeKineticsMultiplier,0.9342734339257969,upstroke_downstroke_ratio_long_square,-0.2266204259623671,3.629190381721187e-43
357,CPNE4,Cpne4,phenotype-constrained,vRestShift_mV,0.3061301994590108,f_i_curve_slope,-0.2509038065196358,2.390063545718965e-52
357,CPNE4,Cpne4,phenotype-constrained,inputResistanceMultiplier,1.032700502831514,f_i_curve_slope,-0.2509038065196358,2.390063545718965e-52
357,CPNE4,Cpne4,phenotype-constrained,tauMultiplier,1.0659019862629655,f_i_curve_slope,-0.2509038065196358,2.390063545718965e-52
357,CPNE4,Cpne4,phenotype-constrained,fiGainMultiplier,0.8932339834071723,f_i_curve_slope,-0.2509038065196358,2.390063545718965e-52
357,CPNE4,Cpne4,phenotype-constrained,adaptationMultiplier,1.0509280346496912,f_i_curve_slope,-0.2509038065196358,2.390063545718965e-52
357,CPNE4,Cpne4,phenotype-constrained,latencyMultiplier,1.05595190741471,f_i_curve_slope,-0.2509038065196358,2.390063545718965e-52
357,CPNE4,Cpne4,phenotype-constrained,sagMultiplier,1.0593199797847581,f_i_curve_slope,-0.2509038065196358,2.390063545718965e-52
357,CPNE4,Cpne4,phenotype-constrained,thresholdCurrentMultiplier,0.9419075069117596,f_i_curve_slope,-0.2509038065196358,2.390063545718965e-52
357,CPNE4,Cpne4,phenotype-constrained,thresholdVoltageShift_mV,-0.1352179959093585,f_i_curve_slope,-0.2509038065196358,2.390063545718965e-52
357,CPNE4,Cpne4,phenotype-constrained,spikeKineticsMultiplier,1.0488489482736423,f_i_curve_slope,-0.2509038065196358,2.390063545718965e-52
358,SLC2A13,Slc2a13,phenotype-constrained,vRestShift_mV,-0.260904747527884,tau,-0.3270032114760033,1.2623094026273144e-90
358,SLC2A13,Slc2a13,phenotype-constrained,inputResistanceMultiplier,0.9690809933132964,tau,-0.3270032114760033,1.2623094026273144e-90
358,SLC2A13,Slc2a13,phenotype-constrained,tauMultiplier,0.9065573699800464,tau,-0.3270032114760033,1.2623094026273144e-90
358,SLC2A13,Slc2a13,phenotype-constrained,fiGainMultiplier,0.9915783747056278,tau,-0.3270032114760033,1.2623094026273144e-90
358,SLC2A13,Slc2a13,phenotype-constrained,adaptationMultiplier,0.9510228857953389,tau,-0.3270032114760033,1.2623094026273144e-90
358,SLC2A13,Slc2a13,phenotype-constrained,latencyMultiplier,0.9514113119119211,tau,-0.3270032114760033,1.2623094026273144e-90
358,SLC2A13,Slc2a13,phenotype-constrained,sagMultiplier,0.9420585023795982,tau,-0.3270032114760033,1.2623094026273144e-90
358,SLC2A13,Slc2a13,phenotype-constrained,thresholdCurrentMultiplier,1.024216426634763,tau,-0.3270032114760033,1.2623094026273144e-90
358,SLC2A13,Slc2a13,phenotype-constrained,thresholdVoltageShift_mV,0.35133487092276483,tau,-0.3270032114760033,1.2623094026273144e-90
358,SLC2A13,Slc2a13,phenotype-constrained,spikeKineticsMultiplier,1.0916701129165631,tau,-0.3270032114760033,1.2623094026273144e-90
359,ANO4,Ano4,phenotype-constrained,vRestShift_mV,-0.1835700324232636,upstroke_downstroke_ratio_long_square,-0.2772033887396309,1.1846047296321144e-64
359,ANO4,Ano4,phenotype-constrained,inputResistanceMultiplier,0.9845448009823347,upstroke_downstroke_ratio_long_square,-0.2772033887396309,1.1846047296321144e-64
359,ANO4,Ano4,phenotype-constrained,tauMultiplier,0.9800080184911444,upstroke_downstroke_ratio_long_square,-0.2772033887396309,1.1846047296321144e-64
359,ANO4,Ano4,phenotype-constrained,fiGainMultiplier,1.0614836255700144,upstroke_downstroke_ratio_long_square,-0.2772033887396309,1.1846047296321144e-64
359,ANO4,Ano4,phenotype-constrained,adaptationMultiplier,1.0180575310304651,upstroke_downstroke_ratio_long_square,-0.2772033887396309,1.1846047296321144e-64
359,ANO4,Ano4,phenotype-constrained,latencyMultiplier,0.9252680446823617,upstroke_downstroke_ratio_long_square,-0.2772033887396309,1.1846047296321144e-64
359,ANO4,Ano4,phenotype-constrained,sagMultiplier,1.045580363172459,upstroke_downstroke_ratio_long_square,-0.2772033887396309,1.1846047296321144e-64
359,ANO4,Ano4,phenotype-constrained,thresholdCurrentMultiplier,1.010234887803446,upstroke_downstroke_ratio_long_square,-0.2772033887396309,1.1846047296321144e-64
359,ANO4,Ano4,phenotype-constrained,thresholdVoltageShift_mV,-0.041975783773616396,upstroke_downstroke_ratio_long_square,-0.2772033887396309,1.1846047296321144e-64
359,ANO4,Ano4,phenotype-constrained,spikeKineticsMultiplier,0.9202029673174812,upstroke_downstroke_ratio_long_square,-0.2772033887396309,1.1846047296321144e-64
360,TACC1,Tacc1,phenotype-constrained,vRestShift_mV,-0.0559216435252008,upstroke_downstroke_ratio_long_square,-0.2498167545907841,2.0323866668064185e-52
360,TACC1,Tacc1,phenotype-constrained,inputResistanceMultiplier,0.9542075791480426,upstroke_downstroke_ratio_long_square,-0.2498167545907841,2.0323866668064185e-52
360,TACC1,Tacc1,phenotype-constrained,tauMultiplier,0.9733297394802816,upstroke_downstroke_ratio_long_square,-0.2498167545907841,2.0323866668064185e-52
360,TACC1,Tacc1,phenotype-constrained,fiGainMultiplier,1.0525258161977482,upstroke_downstroke_ratio_long_square,-0.2498167545907841,2.0323866668064185e-52
360,TACC1,Tacc1,phenotype-constrained,adaptationMultiplier,0.9614941598909202,upstroke_downstroke_ratio_long_square,-0.2498167545907841,2.0323866668064185e-52
360,TACC1,Tacc1,phenotype-constrained,latencyMultiplier,1.015658936859142,upstroke_downstroke_ratio_long_square,-0.2498167545907841,2.0323866668064185e-52
360,TACC1,Tacc1,phenotype-constrained,sagMultiplier,0.9706441836254829,upstroke_downstroke_ratio_long_square,-0.2498167545907841,2.0323866668064185e-52
360,TACC1,Tacc1,phenotype-constrained,thresholdCurrentMultiplier,1.0707978123222939,upstroke_downstroke_ratio_long_square,-0.2498167545907841,2.0323866668064185e-52
360,TACC1,Tacc1,phenotype-constrained,thresholdVoltageShift_mV,0.2519822647760205,upstroke_downstroke_ratio_long_square,-0.2498167545907841,2.0323866668064185e-52
360,TACC1,Tacc1,phenotype-constrained,spikeKineticsMultiplier,0.9277944891508849,upstroke_downstroke_ratio_long_square,-0.2498167545907841,2.0323866668064185e-52
361,CHRNA7,Chrna7,phenotype-constrained,vRestShift_mV,0.0351278495361276,upstroke_downstroke_ratio_long_square,0.3260711848465227,2.6982345858002813e-90
361,CHRNA7,Chrna7,phenotype-constrained,inputResistanceMultiplier,1.0121760380431968,upstroke_downstroke_ratio_long_square,0.3260711848465227,2.6982345858002813e-90
361,CHRNA7,Chrna7,phenotype-constrained,tauMultiplier,0.9763977231632892,upstroke_downstroke_ratio_long_square,0.3260711848465227,2.6982345858002813e-90
361,CHRNA7,Chrna7,phenotype-constrained,fiGainMultiplier,0.9381467794470962,upstroke_downstroke_ratio_long_square,0.3260711848465227,2.6982345858002813e-90
361,CHRNA7,Chrna7,phenotype-constrained,adaptationMultiplier,1.002688570683259,upstroke_downstroke_ratio_long_square,0.3260711848465227,2.6982345858002813e-90
361,CHRNA7,Chrna7,phenotype-constrained,latencyMultiplier,1.014245136865589,upstroke_downstroke_ratio_long_square,0.3260711848465227,2.6982345858002813e-90
361,CHRNA7,Chrna7,phenotype-constrained,sagMultiplier,1.003629431645832,upstroke_downstroke_ratio_long_square,0.3260711848465227,2.6982345858002813e-90
361,CHRNA7,Chrna7,phenotype-constrained,thresholdCurrentMultiplier,0.977357355208894,upstroke_downstroke_ratio_long_square,0.3260711848465227,2.6982345858002813e-90
361,CHRNA7,Chrna7,phenotype-constrained,thresholdVoltageShift_mV,0.1400474962302342,upstroke_downstroke_ratio_long_square,0.3260711848465227,2.6982345858002813e-90
361,CHRNA7,Chrna7,phenotype-constrained,spikeKineticsMultiplier,1.1027657644213191,upstroke_downstroke_ratio_long_square,0.3260711848465227,2.6982345858002813e-90
362,NPAS2,Npas2,phenotype-constrained,vRestShift_mV,-0.306477114514372,tau,-0.2766610850973654,3.416339867610737e-64
362,NPAS2,Npas2,phenotype-constrained,inputResistanceMultiplier,0.9463912521205365,tau,-0.2766610850973654,3.416339867610737e-64
362,NPAS2,Npas2,phenotype-constrained,tauMultiplier,0.9203526883225279,tau,-0.2766610850973654,3.416339867610737e-64
362,NPAS2,Npas2,phenotype-constrained,fiGainMultiplier,1.0482122714837672,tau,-0.2766610850973654,3.416339867610737e-64
362,NPAS2,Npas2,phenotype-constrained,adaptationMultiplier,0.9351164492291969,tau,-0.2766610850973654,3.416339867610737e-64
362,NPAS2,Npas2,phenotype-constrained,latencyMultiplier,1.0002854999785633,tau,-0.2766610850973654,3.416339867610737e-64
362,NPAS2,Npas2,phenotype-constrained,sagMultiplier,0.9629286602236904,tau,-0.2766610850973654,3.416339867610737e-64
362,NPAS2,Npas2,phenotype-constrained,thresholdCurrentMultiplier,1.0686657877072918,tau,-0.2766610850973654,3.416339867610737e-64
362,NPAS2,Npas2,phenotype-constrained,thresholdVoltageShift_mV,0.3566403838366134,tau,-0.2766610850973654,3.416339867610737e-64
362,NPAS2,Npas2,phenotype-constrained,spikeKineticsMultiplier,1.0146445112646847,tau,-0.2766610850973654,3.416339867610737e-64
363,IQSEC1,Iqsec1,phenotype-constrained,vRestShift_mV,-0.001293395943698,upstroke_downstroke_ratio_long_square,-0.326000753348582,2.943300366691622e-90
363,IQSEC1,Iqsec1,phenotype-constrained,inputResistanceMultiplier,0.9978415537451911,upstroke_downstroke_ratio_long_square,-0.326000753348582,2.943300366691622e-90
363,IQSEC1,Iqsec1,phenotype-constrained,tauMultiplier,1.031415763444047,upstroke_downstroke_ratio_long_square,-0.326000753348582,2.943300366691622e-90
363,IQSEC1,Iqsec1,phenotype-constrained,fiGainMultiplier,1.06776215232926,upstroke_downstroke_ratio_long_square,-0.326000753348582,2.943300366691622e-90
363,IQSEC1,Iqsec1,phenotype-constrained,adaptationMultiplier,0.9935378321000806,upstroke_downstroke_ratio_long_square,-0.326000753348582,2.943300366691622e-90
363,IQSEC1,Iqsec1,phenotype-constrained,latencyMultiplier,1.037360053361272,upstroke_downstroke_ratio_long_square,-0.326000753348582,2.943300366691622e-90
363,IQSEC1,Iqsec1,phenotype-constrained,sagMultiplier,1.0372577733875004,upstroke_downstroke_ratio_long_square,-0.326000753348582,2.943300366691622e-90
363,IQSEC1,Iqsec1,phenotype-constrained,thresholdCurrentMultiplier,1.0146154112558157,upstroke_downstroke_ratio_long_square,-0.326000753348582,2.943300366691622e-90
363,IQSEC1,Iqsec1,phenotype-constrained,thresholdVoltageShift_mV,-0.031564225379253005,upstroke_downstroke_ratio_long_square,-0.326000753348582,2.943300366691622e-90
363,IQSEC1,Iqsec1,phenotype-constrained,spikeKineticsMultiplier,0.9068300467210966,upstroke_downstroke_ratio_long_square,-0.326000753348582,2.943300366691622e-90
364,ARHGAP21,Arhgap21,phenotype-constrained,vRestShift_mV,-0.0209720735394056,upstroke_downstroke_ratio_long_square,-0.2745290069642077,2.18807915289192e-63
364,ARHGAP21,Arhgap21,phenotype-constrained,inputResistanceMultiplier,0.9605186005411415,upstroke_downstroke_ratio_long_square,-0.2745290069642077,2.18807915289192e-63
364,ARHGAP21,Arhgap21,phenotype-constrained,tauMultiplier,0.9754271700093317,upstroke_downstroke_ratio_long_square,-0.2745290069642077,2.18807915289192e-63
364,ARHGAP21,Arhgap21,phenotype-constrained,fiGainMultiplier,1.0861562881905285,upstroke_downstroke_ratio_long_square,-0.2745290069642077,2.18807915289192e-63
364,ARHGAP21,Arhgap21,phenotype-constrained,adaptationMultiplier,0.9692978632199315,upstroke_downstroke_ratio_long_square,-0.2745290069642077,2.18807915289192e-63
364,ARHGAP21,Arhgap21,phenotype-constrained,latencyMultiplier,0.9913126116205954,upstroke_downstroke_ratio_long_square,-0.2745290069642077,2.18807915289192e-63
364,ARHGAP21,Arhgap21,phenotype-constrained,sagMultiplier,0.9693978349997407,upstroke_downstroke_ratio_long_square,-0.2745290069642077,2.18807915289192e-63
364,ARHGAP21,Arhgap21,phenotype-constrained,thresholdCurrentMultiplier,1.0513652324796119,upstroke_downstroke_ratio_long_square,-0.2745290069642077,2.18807915289192e-63
364,ARHGAP21,Arhgap21,phenotype-constrained,thresholdVoltageShift_mV,0.27656744612861217,upstroke_downstroke_ratio_long_square,-0.2745290069642077,2.18807915289192e-63
364,ARHGAP21,Arhgap21,phenotype-constrained,spikeKineticsMultiplier,0.9209415557816361,upstroke_downstroke_ratio_long_square,-0.2745290069642077,2.18807915289192e-63
365,SLC8A1,Slc8a1,phenotype-constrained,vRestShift_mV,-0.3003410904843232,upstroke_downstroke_ratio_long_square,-0.2733096075391165,8.099775749907469e-63
365,SLC8A1,Slc8a1,phenotype-constrained,inputResistanceMultiplier,0.9752429470928817,upstroke_downstroke_ratio_long_square,-0.2733096075391165,8.099775749907469e-63
365,SLC8A1,Slc8a1,phenotype-constrained,tauMultiplier,1.025154399165435,upstroke_downstroke_ratio_long_square,-0.2733096075391165,8.099775749907469e-63
365,SLC8A1,Slc8a1,phenotype-constrained,fiGainMultiplier,1.0465644466107291,upstroke_downstroke_ratio_long_square,-0.2733096075391165,8.099775749907469e-63
365,SLC8A1,Slc8a1,phenotype-constrained,adaptationMultiplier,0.9792708911581468,upstroke_downstroke_ratio_long_square,-0.2733096075391165,8.099775749907469e-63
365,SLC8A1,Slc8a1,phenotype-constrained,latencyMultiplier,1.085747653370524,upstroke_downstroke_ratio_long_square,-0.2733096075391165,8.099775749907469e-63
365,SLC8A1,Slc8a1,phenotype-constrained,sagMultiplier,0.9905988336578169,upstroke_downstroke_ratio_long_square,-0.2733096075391165,8.099775749907469e-63
365,SLC8A1,Slc8a1,phenotype-constrained,thresholdCurrentMultiplier,1.0273023887100756,upstroke_downstroke_ratio_long_square,-0.2733096075391165,8.099775749907469e-63
365,SLC8A1,Slc8a1,phenotype-constrained,thresholdVoltageShift_mV,6.423841814890258e-05,upstroke_downstroke_ratio_long_square,-0.2733096075391165,8.099775749907469e-63
365,SLC8A1,Slc8a1,phenotype-constrained,spikeKineticsMultiplier,0.9212785160923584,upstroke_downstroke_ratio_long_square,-0.2733096075391165,8.099775749907469e-63
366,CACNB4,Cacnb4,conductance-aware,vRestShift_mV,-0.144359888177312,upstroke_downstroke_ratio_long_square,-0.2474209364739329,2.031594923392495e-51
366,CACNB4,Cacnb4,conductance-aware,inputResistanceMultiplier,0.9465818645036319,upstroke_downstroke_ratio_long_square,-0.2474209364739329,2.031594923392495e-51
366,CACNB4,Cacnb4,conductance-aware,tauMultiplier,0.9713484281920065,upstroke_downstroke_ratio_long_square,-0.2474209364739329,2.031594923392495e-51
366,CACNB4,Cacnb4,conductance-aware,fiGainMultiplier,1.0668358895809351,upstroke_downstroke_ratio_long_square,-0.2474209364739329,2.031594923392495e-51
366,CACNB4,Cacnb4,conductance-aware,adaptationMultiplier,0.9396492033247121,upstroke_downstroke_ratio_long_square,-0.2474209364739329,2.031594923392495e-51
366,CACNB4,Cacnb4,conductance-aware,latencyMultiplier,1.0310136252197692,upstroke_downstroke_ratio_long_square,-0.2474209364739329,2.031594923392495e-51
366,CACNB4,Cacnb4,conductance-aware,sagMultiplier,0.9783415650468842,upstroke_downstroke_ratio_long_square,-0.2474209364739329,2.031594923392495e-51
366,CACNB4,Cacnb4,conductance-aware,thresholdCurrentMultiplier,1.0887019029769598,upstroke_downstroke_ratio_long_square,-0.2474209364739329,2.031594923392495e-51
366,CACNB4,Cacnb4,conductance-aware,thresholdVoltageShift_mV,0.1291123894783239,upstroke_downstroke_ratio_long_square,-0.2474209364739329,2.031594923392495e-51
366,CACNB4,Cacnb4,conductance-aware,spikeKineticsMultiplier,0.9284615769090543,upstroke_downstroke_ratio_long_square,-0.2474209364739329,2.031594923392495e-51
367,SLC35F4,Slc35f4,phenotype-constrained,vRestShift_mV,0.0939562665235812,upstroke_downstroke_ratio_long_square,0.2469466012206207,3.1999060429282574e-51
367,SLC35F4,Slc35f4,phenotype-constrained,inputResistanceMultiplier,1.0549478441376876,upstroke_downstroke_ratio_long_square,0.2469466012206207,3.1999060429282574e-51
367,SLC35F4,Slc35f4,phenotype-constrained,tauMultiplier,1.037520948411331,upstroke_downstroke_ratio_long_square,0.2469466012206207,3.1999060429282574e-51
367,SLC35F4,Slc35f4,phenotype-constrained,fiGainMultiplier,0.932537393311889,upstroke_downstroke_ratio_long_square,0.2469466012206207,3.1999060429282574e-51
367,SLC35F4,Slc35f4,phenotype-constrained,adaptationMultiplier,1.0582062547367226,upstroke_downstroke_ratio_long_square,0.2469466012206207,3.1999060429282574e-51
367,SLC35F4,Slc35f4,phenotype-constrained,latencyMultiplier,0.9804360208022562,upstroke_downstroke_ratio_long_square,0.2469466012206207,3.1999060429282574e-51
367,SLC35F4,Slc35f4,phenotype-constrained,sagMultiplier,1.0376236497075624,upstroke_downstroke_ratio_long_square,0.2469466012206207,3.1999060429282574e-51
367,SLC35F4,Slc35f4,phenotype-constrained,thresholdCurrentMultiplier,0.9375402465478846,upstroke_downstroke_ratio_long_square,0.2469466012206207,3.1999060429282574e-51
367,SLC35F4,Slc35f4,phenotype-constrained,thresholdVoltageShift_mV,-0.24491004303970892,upstroke_downstroke_ratio_long_square,0.2469466012206207,3.1999060429282574e-51
367,SLC35F4,Slc35f4,phenotype-constrained,spikeKineticsMultiplier,1.0768972399233623,upstroke_downstroke_ratio_long_square,0.2469466012206207,3.1999060429282574e-51
368,MCTP1,Mctp1,phenotype-constrained,vRestShift_mV,-0.2972224856031812,threshold_i_short_square,0.2732089123877793,5.578729929112043e-62
368,MCTP1,Mctp1,phenotype-constrained,inputResistanceMultiplier,0.9542196302184123,threshold_i_short_square,0.2732089123877793,5.578729929112043e-62
368,MCTP1,Mctp1,phenotype-constrained,tauMultiplier,0.9948524309724976,threshold_i_short_square,0.2732089123877793,5.578729929112043e-62
368,MCTP1,Mctp1,phenotype-constrained,fiGainMultiplier,1.0220081847243871,threshold_i_short_square,0.2732089123877793,5.578729929112043e-62
368,MCTP1,Mctp1,phenotype-constrained,adaptationMultiplier,0.9436196466376731,threshold_i_short_square,0.2732089123877793,5.578729929112043e-62
368,MCTP1,Mctp1,phenotype-constrained,latencyMultiplier,1.0798357049692433,threshold_i_short_square,0.2732089123877793,5.578729929112043e-62
368,MCTP1,Mctp1,phenotype-constrained,sagMultiplier,0.9887114823496503,threshold_i_short_square,0.2732089123877793,5.578729929112043e-62
368,MCTP1,Mctp1,phenotype-constrained,thresholdCurrentMultiplier,1.0587598360659902,threshold_i_short_square,0.2732089123877793,5.578729929112043e-62
368,MCTP1,Mctp1,phenotype-constrained,thresholdVoltageShift_mV,0.2357160815605275,threshold_i_short_square,0.2732089123877793,5.578729929112043e-62
368,MCTP1,Mctp1,phenotype-constrained,spikeKineticsMultiplier,0.9656974835311056,threshold_i_short_square,0.2732089123877793,5.578729929112043e-62
369,CYP46A1,Cyp46a1,phenotype-constrained,vRestShift_mV,-0.566619050755674,threshold_i_short_square,0.2731805900220234,5.587953167075994e-62
369,CYP46A1,Cyp46a1,phenotype-constrained,inputResistanceMultiplier,0.9341043237267118,threshold_i_short_square,0.2731805900220234,5.587953167075994e-62
369,CYP46A1,Cyp46a1,phenotype-constrained,tauMultiplier,0.9697372600381654,threshold_i_short_square,0.2731805900220234,5.587953167075994e-62
369,CYP46A1,Cyp46a1,phenotype-constrained,fiGainMultiplier,1.060719923299369,threshold_i_short_square,0.2731805900220234,5.587953167075994e-62
369,CYP46A1,Cyp46a1,phenotype-constrained,adaptationMultiplier,0.9389679064450873,threshold_i_short_square,0.2731805900220234,5.587953167075994e-62
369,CYP46A1,Cyp46a1,phenotype-constrained,latencyMultiplier,1.0585673722083766,threshold_i_short_square,0.2731805900220234,5.587953167075994e-62
369,CYP46A1,Cyp46a1,phenotype-constrained,sagMultiplier,0.9960699454654053,threshold_i_short_square,0.2731805900220234,5.587953167075994e-62
369,CYP46A1,Cyp46a1,phenotype-constrained,thresholdCurrentMultiplier,1.085259573038143,threshold_i_short_square,0.2731805900220234,5.587953167075994e-62
369,CYP46A1,Cyp46a1,phenotype-constrained,thresholdVoltageShift_mV,0.11689477330928459,threshold_i_short_square,0.2731805900220234,5.587953167075994e-62
369,CYP46A1,Cyp46a1,phenotype-constrained,spikeKineticsMultiplier,0.9253454158289471,threshold_i_short_square,0.2731805900220234,5.587953167075994e-62
370,PPFIA2,Ppfia2,phenotype-constrained,vRestShift_mV,-0.1186318016565988,upstroke_downstroke_ratio_long_square,-0.2454910521730936,1.277859421066506e-50
370,PPFIA2,Ppfia2,phenotype-constrained,inputResistanceMultiplier,0.9428355281096019,upstroke_downstroke_ratio_long_square,-0.2454910521730936,1.277859421066506e-50
370,PPFIA2,Ppfia2,phenotype-constrained,tauMultiplier,0.9483011398970442,upstroke_downstroke_ratio_long_square,-0.2454910521730936,1.277859421066506e-50
370,PPFIA2,Ppfia2,phenotype-constrained,fiGainMultiplier,1.1044869860791209,upstroke_downstroke_ratio_long_square,-0.2454910521730936,1.277859421066506e-50
370,PPFIA2,Ppfia2,phenotype-constrained,adaptationMultiplier,0.9504886701989602,upstroke_downstroke_ratio_long_square,-0.2454910521730936,1.277859421066506e-50
370,PPFIA2,Ppfia2,phenotype-constrained,latencyMultiplier,0.9924835686306871,upstroke_downstroke_ratio_long_square,-0.2454910521730936,1.277859421066506e-50
370,PPFIA2,Ppfia2,phenotype-constrained,sagMultiplier,0.9470330778511423,upstroke_downstroke_ratio_long_square,-0.2454910521730936,1.277859421066506e-50
370,PPFIA2,Ppfia2,phenotype-constrained,thresholdCurrentMultiplier,1.0729597247801614,upstroke_downstroke_ratio_long_square,-0.2454910521730936,1.277859421066506e-50
370,PPFIA2,Ppfia2,phenotype-constrained,thresholdVoltageShift_mV,0.3320276545259508,upstroke_downstroke_ratio_long_square,-0.2454910521730936,1.277859421066506e-50
370,PPFIA2,Ppfia2,phenotype-constrained,spikeKineticsMultiplier,0.9289992795759875,upstroke_downstroke_ratio_long_square,-0.2454910521730936,1.277859421066506e-50
371,RASGRF2,Rasgrf2,phenotype-constrained,vRestShift_mV,-0.2197022726914168,threshold_i_short_square,0.2453287659477985,7.280354646447384e-50
371,RASGRF2,Rasgrf2,phenotype-constrained,inputResistanceMultiplier,0.9416457697150428,threshold_i_short_square,0.2453287659477985,7.280354646447384e-50
371,RASGRF2,Rasgrf2,phenotype-constrained,tauMultiplier,0.9734555299814902,threshold_i_short_square,0.2453287659477985,7.280354646447384e-50
371,RASGRF2,Rasgrf2,phenotype-constrained,fiGainMultiplier,1.0505376052317084,threshold_i_short_square,0.2453287659477985,7.280354646447384e-50
371,RASGRF2,Rasgrf2,phenotype-constrained,adaptationMultiplier,0.9437846166952043,threshold_i_short_square,0.2453287659477985,7.280354646447384e-50
371,RASGRF2,Rasgrf2,phenotype-constrained,latencyMultiplier,1.0656487493126723,threshold_i_short_square,0.2453287659477985,7.280354646447384e-50
371,RASGRF2,Rasgrf2,phenotype-constrained,sagMultiplier,0.9869014465870234,threshold_i_short_square,0.2453287659477985,7.280354646447384e-50
371,RASGRF2,Rasgrf2,phenotype-constrained,thresholdCurrentMultiplier,1.0633112923226156,threshold_i_short_square,0.2453287659477985,7.280354646447384e-50
371,RASGRF2,Rasgrf2,phenotype-constrained,thresholdVoltageShift_mV,0.22577371790501818,threshold_i_short_square,0.2453287659477985,7.280354646447384e-50
371,RASGRF2,Rasgrf2,phenotype-constrained,spikeKineticsMultiplier,0.9646329018395303,threshold_i_short_square,0.2453287659477985,7.280354646447384e-50
372,TSC22D1,Tsc22d1,phenotype-constrained,vRestShift_mV,-0.2116597251403196,adaptation,-0.2450745853991019,6.01402658959786e-50
372,TSC22D1,Tsc22d1,phenotype-constrained,inputResistanceMultiplier,0.9362094690890593,adaptation,-0.2450745853991019,6.01402658959786e-50
372,TSC22D1,Tsc22d1,phenotype-constrained,tauMultiplier,0.9384848763693848,adaptation,-0.2450745853991019,6.01402658959786e-50
372,TSC22D1,Tsc22d1,phenotype-constrained,fiGainMultiplier,1.0356703799525786,adaptation,-0.2450745853991019,6.01402658959786e-50
372,TSC22D1,Tsc22d1,phenotype-constrained,adaptationMultiplier,0.9177996990825403,adaptation,-0.2450745853991019,6.01402658959786e-50
372,TSC22D1,Tsc22d1,phenotype-constrained,latencyMultiplier,1.0319446398595709,adaptation,-0.2450745853991019,6.01402658959786e-50
372,TSC22D1,Tsc22d1,phenotype-constrained,sagMultiplier,0.955161899025655,adaptation,-0.2450745853991019,6.01402658959786e-50
372,TSC22D1,Tsc22d1,phenotype-constrained,thresholdCurrentMultiplier,1.0861800428493138,adaptation,-0.2450745853991019,6.01402658959786e-50
372,TSC22D1,Tsc22d1,phenotype-constrained,thresholdVoltageShift_mV,0.254061030504681,adaptation,-0.2450745853991019,6.01402658959786e-50
372,TSC22D1,Tsc22d1,phenotype-constrained,spikeKineticsMultiplier,0.9839799521955774,adaptation,-0.2450745853991019,6.01402658959786e-50
373,DIP2A,Dip2a,phenotype-constrained,vRestShift_mV,-0.08361944385928,upstroke_downstroke_ratio_long_square,-0.3177452121947026,1.4280154643903638e-85
373,DIP2A,Dip2a,phenotype-constrained,inputResistanceMultiplier,0.9695543230341692,upstroke_downstroke_ratio_long_square,-0.3177452121947026,1.4280154643903638e-85
373,DIP2A,Dip2a,phenotype-constrained,tauMultiplier,0.9936893239016961,upstroke_downstroke_ratio_long_square,-0.3177452121947026,1.4280154643903638e-85
373,DIP2A,Dip2a,phenotype-constrained,fiGainMultiplier,1.0814412653156837,upstroke_downstroke_ratio_long_square,-0.3177452121947026,1.4280154643903638e-85
373,DIP2A,Dip2a,phenotype-constrained,adaptationMultiplier,0.975030831049109,upstroke_downstroke_ratio_long_square,-0.3177452121947026,1.4280154643903638e-85
373,DIP2A,Dip2a,phenotype-constrained,latencyMultiplier,1.012223152228523,upstroke_downstroke_ratio_long_square,-0.3177452121947026,1.4280154643903638e-85
373,DIP2A,Dip2a,phenotype-constrained,sagMultiplier,0.9889219586119168,upstroke_downstroke_ratio_long_square,-0.3177452121947026,1.4280154643903638e-85
373,DIP2A,Dip2a,phenotype-constrained,thresholdCurrentMultiplier,1.0471725808058874,upstroke_downstroke_ratio_long_square,-0.3177452121947026,1.4280154643903638e-85
373,DIP2A,Dip2a,phenotype-constrained,thresholdVoltageShift_mV,0.18105366789432958,upstroke_downstroke_ratio_long_square,-0.3177452121947026,1.4280154643903638e-85
373,DIP2A,Dip2a,phenotype-constrained,spikeKineticsMultiplier,0.9090787420322523,upstroke_downstroke_ratio_long_square,-0.3177452121947026,1.4280154643903638e-85
374,CAMK2G,Camk2g,phenotype-constrained,vRestShift_mV,-0.2229772901424712,upstroke_downstroke_ratio_long_square,-0.2703266970955687,1.8866697762722373e-61
374,CAMK2G,Camk2g,phenotype-constrained,inputResistanceMultiplier,0.9528023133306959,upstroke_downstroke_ratio_long_square,-0.2703266970955687,1.8866697762722373e-61
374,CAMK2G,Camk2g,phenotype-constrained,tauMultiplier,0.9718091486186057,upstroke_downstroke_ratio_long_square,-0.2703266970955687,1.8866697762722373e-61
374,CAMK2G,Camk2g,phenotype-constrained,fiGainMultiplier,1.068014691540005,upstroke_downstroke_ratio_long_square,-0.2703266970955687,1.8866697762722373e-61
374,CAMK2G,Camk2g,phenotype-constrained,adaptationMultiplier,0.9636691338348137,upstroke_downstroke_ratio_long_square,-0.2703266970955687,1.8866697762722373e-61
374,CAMK2G,Camk2g,phenotype-constrained,latencyMultiplier,0.9934988607212702,upstroke_downstroke_ratio_long_square,-0.2703266970955687,1.8866697762722373e-61
374,CAMK2G,Camk2g,phenotype-constrained,sagMultiplier,0.9930102669326325,upstroke_downstroke_ratio_long_square,-0.2703266970955687,1.8866697762722373e-61
374,CAMK2G,Camk2g,phenotype-constrained,thresholdCurrentMultiplier,1.0740086294796194,upstroke_downstroke_ratio_long_square,-0.2703266970955687,1.8866697762722373e-61
374,CAMK2G,Camk2g,phenotype-constrained,thresholdVoltageShift_mV,0.2159604100002528,upstroke_downstroke_ratio_long_square,-0.2703266970955687,1.8866697762722373e-61
374,CAMK2G,Camk2g,phenotype-constrained,spikeKineticsMultiplier,0.9221033124734985,upstroke_downstroke_ratio_long_square,-0.2703266970955687,1.8866697762722373e-61
375,UCHL1,Uchl1,phenotype-constrained,vRestShift_mV,0.359732266215964,tau,0.2696364535330055,6.414810777357974e-61
375,UCHL1,Uchl1,phenotype-constrained,inputResistanceMultiplier,1.0478896969140847,tau,0.2696364535330055,6.414810777357974e-61
375,UCHL1,Uchl1,phenotype-constrained,tauMultiplier,1.0842526372532832,tau,0.2696364535330055,6.414810777357974e-61
375,UCHL1,Uchl1,phenotype-constrained,fiGainMultiplier,0.9528433792116342,tau,0.2696364535330055,6.414810777357974e-61
375,UCHL1,Uchl1,phenotype-constrained,adaptationMultiplier,1.032081069509399,tau,0.2696364535330055,6.414810777357974e-61
375,UCHL1,Uchl1,phenotype-constrained,latencyMultiplier,1.0538663014400562,tau,0.2696364535330055,6.414810777357974e-61
375,UCHL1,Uchl1,phenotype-constrained,sagMultiplier,1.0313425611619318,tau,0.2696364535330055,6.414810777357974e-61
375,UCHL1,Uchl1,phenotype-constrained,thresholdCurrentMultiplier,0.9517239455012054,tau,0.2696364535330055,6.414810777357974e-61
375,UCHL1,Uchl1,phenotype-constrained,thresholdVoltageShift_mV,-0.2241280017472077,tau,0.2696364535330055,6.414810777357974e-61
375,UCHL1,Uchl1,phenotype-constrained,spikeKineticsMultiplier,1.014195924582566,tau,0.2696364535330055,6.414810777357974e-61
376,ADCY8,Adcy8,phenotype-constrained,vRestShift_mV,-0.3288607018901964,upstroke_downstroke_ratio_long_square,-0.2412251845348263,7.11035011863921e-49
376,ADCY8,Adcy8,phenotype-constrained,inputResistanceMultiplier,0.9447514237465201,upstroke_downstroke_ratio_long_square,-0.2412251845348263,7.11035011863921e-49
376,ADCY8,Adcy8,phenotype-constrained,tauMultiplier,0.9548124420347631,upstroke_downstroke_ratio_long_square,-0.2412251845348263,7.11035011863921e-49
376,ADCY8,Adcy8,phenotype-constrained,fiGainMultiplier,1.087526818740245,upstroke_downstroke_ratio_long_square,-0.2412251845348263,7.11035011863921e-49
376,ADCY8,Adcy8,phenotype-constrained,adaptationMultiplier,0.947416755361664,upstroke_downstroke_ratio_long_square,-0.2412251845348263,7.11035011863921e-49
376,ADCY8,Adcy8,phenotype-constrained,latencyMultiplier,1.0067546901129791,upstroke_downstroke_ratio_long_square,-0.2412251845348263,7.11035011863921e-49
376,ADCY8,Adcy8,phenotype-constrained,sagMultiplier,0.9379892217020952,upstroke_downstroke_ratio_long_square,-0.2412251845348263,7.11035011863921e-49
376,ADCY8,Adcy8,phenotype-constrained,thresholdCurrentMultiplier,1.0599195608232366,upstroke_downstroke_ratio_long_square,-0.2412251845348263,7.11035011863921e-49
376,ADCY8,Adcy8,phenotype-constrained,thresholdVoltageShift_mV,0.3717294341624052,upstroke_downstroke_ratio_long_square,-0.2412251845348263,7.11035011863921e-49
376,ADCY8,Adcy8,phenotype-constrained,spikeKineticsMultiplier,0.9301889370406273,upstroke_downstroke_ratio_long_square,-0.2412251845348263,7.11035011863921e-49
377,AHI1,Ahi1,phenotype-constrained,vRestShift_mV,0.1212623320672484,ri,0.2673951262599011,8.76560141430456e-60
377,AHI1,Ahi1,phenotype-constrained,inputResistanceMultiplier,1.0835238328020929,ri,0.2673951262599011,8.76560141430456e-60
377,AHI1,Ahi1,phenotype-constrained,tauMultiplier,1.0727182044342602,ri,0.2673951262599011,8.76560141430456e-60
377,AHI1,Ahi1,phenotype-constrained,fiGainMultiplier,0.9574858631748596,ri,0.2673951262599011,8.76560141430456e-60
377,AHI1,Ahi1,phenotype-constrained,adaptationMultiplier,1.0721965492829244,ri,0.2673951262599011,8.76560141430456e-60
377,AHI1,Ahi1,phenotype-constrained,latencyMultiplier,1.0062090960812273,ri,0.2673951262599011,8.76560141430456e-60
377,AHI1,Ahi1,phenotype-constrained,sagMultiplier,1.0256083137949814,ri,0.2673951262599011,8.76560141430456e-60
377,AHI1,Ahi1,phenotype-constrained,thresholdCurrentMultiplier,0.9142593921989279,ri,0.2673951262599011,8.76560141430456e-60
377,AHI1,Ahi1,phenotype-constrained,thresholdVoltageShift_mV,-0.1287089645566539,ri,0.2673951262599011,8.76560141430456e-60
377,AHI1,Ahi1,phenotype-constrained,spikeKineticsMultiplier,1.0210219807709373,ri,0.2673951262599011,8.76560141430456e-60
378,APBA1,Apba1,phenotype-constrained,vRestShift_mV,0.0171884827952568,tau,-0.2147445391820042,1.3618346660864502e-38
378,APBA1,Apba1,phenotype-constrained,inputResistanceMultiplier,0.9722250691500894,tau,-0.2147445391820042,1.3618346660864502e-38
378,APBA1,Apba1,phenotype-constrained,tauMultiplier,0.937607968138187,tau,-0.2147445391820042,1.3618346660864502e-38
378,APBA1,Apba1,phenotype-constrained,fiGainMultiplier,1.0228458709105381,tau,-0.2147445391820042,1.3618346660864502e-38
378,APBA1,Apba1,phenotype-constrained,adaptationMultiplier,0.9545095612828911,tau,-0.2147445391820042,1.3618346660864502e-38
378,APBA1,Apba1,phenotype-constrained,latencyMultiplier,0.9656397350122207,tau,-0.2147445391820042,1.3618346660864502e-38
378,APBA1,Apba1,phenotype-constrained,sagMultiplier,0.9648152064928023,tau,-0.2147445391820042,1.3618346660864502e-38
378,APBA1,Apba1,phenotype-constrained,thresholdCurrentMultiplier,1.0399563826472966,tau,-0.2147445391820042,1.3618346660864502e-38
378,APBA1,Apba1,phenotype-constrained,thresholdVoltageShift_mV,0.42847502042500496,tau,-0.2147445391820042,1.3618346660864502e-38
378,APBA1,Apba1,phenotype-constrained,spikeKineticsMultiplier,1.0282274646888236,tau,-0.2147445391820042,1.3618346660864502e-38
379,CBLN4,Cbln4,phenotype-constrained,vRestShift_mV,0.384033687834688,tau,0.2664582097878442,1.8012713352409016e-59
379,CBLN4,Cbln4,phenotype-constrained,inputResistanceMultiplier,1.0479984613677773,tau,0.2664582097878442,1.8012713352409016e-59
379,CBLN4,Cbln4,phenotype-constrained,tauMultiplier,1.0832193242009207,tau,0.2664582097878442,1.8012713352409016e-59
379,CBLN4,Cbln4,phenotype-constrained,fiGainMultiplier,0.9798688920656765,tau,0.2664582097878442,1.8012713352409016e-59
379,CBLN4,Cbln4,phenotype-constrained,adaptationMultiplier,1.0454516214995717,tau,0.2664582097878442,1.8012713352409016e-59
379,CBLN4,Cbln4,phenotype-constrained,latencyMultiplier,1.0304004009017271,tau,0.2664582097878442,1.8012713352409016e-59
379,CBLN4,Cbln4,phenotype-constrained,sagMultiplier,1.0942845250319517,tau,0.2664582097878442,1.8012713352409016e-59
379,CBLN4,Cbln4,phenotype-constrained,thresholdCurrentMultiplier,0.9567901584503868,tau,0.2664582097878442,1.8012713352409016e-59
379,CBLN4,Cbln4,phenotype-constrained,thresholdVoltageShift_mV,-0.3398043077125995,tau,0.2664582097878442,1.8012713352409016e-59
379,CBLN4,Cbln4,phenotype-constrained,spikeKineticsMultiplier,0.9670008160404833,tau,0.2664582097878442,1.8012713352409016e-59
380,GLCCI1,Glcci1,phenotype-constrained,vRestShift_mV,0.06869934840571,upstroke_downstroke_ratio_long_square,-0.2664056280182862,1.1670054694367217e-59
380,GLCCI1,Glcci1,phenotype-constrained,inputResistanceMultiplier,0.9603020514933012,upstroke_downstroke_ratio_long_square,-0.2664056280182862,1.1670054694367217e-59
380,GLCCI1,Glcci1,phenotype-constrained,tauMultiplier,0.9781899054566828,upstroke_downstroke_ratio_long_square,-0.2664056280182862,1.1670054694367217e-59
380,GLCCI1,Glcci1,phenotype-constrained,fiGainMultiplier,1.06189153633201,upstroke_downstroke_ratio_long_square,-0.2664056280182862,1.1670054694367217e-59
380,GLCCI1,Glcci1,phenotype-constrained,adaptationMultiplier,0.9572026125246352,upstroke_downstroke_ratio_long_square,-0.2664056280182862,1.1670054694367217e-59
380,GLCCI1,Glcci1,phenotype-constrained,latencyMultiplier,0.9966150080302841,upstroke_downstroke_ratio_long_square,-0.2664056280182862,1.1670054694367217e-59
380,GLCCI1,Glcci1,phenotype-constrained,sagMultiplier,0.9821527207469607,upstroke_downstroke_ratio_long_square,-0.2664056280182862,1.1670054694367217e-59
380,GLCCI1,Glcci1,phenotype-constrained,thresholdCurrentMultiplier,1.0548348118047786,upstroke_downstroke_ratio_long_square,-0.2664056280182862,1.1670054694367217e-59
380,GLCCI1,Glcci1,phenotype-constrained,thresholdVoltageShift_mV,0.2281455847090779,upstroke_downstroke_ratio_long_square,-0.2664056280182862,1.1670054694367217e-59
380,GLCCI1,Glcci1,phenotype-constrained,spikeKineticsMultiplier,0.9231886399303177,upstroke_downstroke_ratio_long_square,-0.2664056280182862,1.1670054694367217e-59
381,CNTN3,Cntn3,phenotype-constrained,vRestShift_mV,0.1433058694772868,tau,0.3130403890796933,9.497348471863464e-83
381,CNTN3,Cntn3,phenotype-constrained,inputResistanceMultiplier,1.0400211702735909,tau,0.3130403890796933,9.497348471863464e-83
381,CNTN3,Cntn3,phenotype-constrained,tauMultiplier,1.098463205129942,tau,0.3130403890796933,9.497348471863464e-83
381,CNTN3,Cntn3,phenotype-constrained,fiGainMultiplier,0.9945965675725765,tau,0.3130403890796933,9.497348471863464e-83
381,CNTN3,Cntn3,phenotype-constrained,adaptationMultiplier,1.0513987587474363,tau,0.3130403890796933,9.497348471863464e-83
381,CNTN3,Cntn3,phenotype-constrained,latencyMultiplier,1.0582315915827616,tau,0.3130403890796933,9.497348471863464e-83
381,CNTN3,Cntn3,phenotype-constrained,sagMultiplier,1.0796083294734542,tau,0.3130403890796933,9.497348471863464e-83
381,CNTN3,Cntn3,phenotype-constrained,thresholdCurrentMultiplier,0.9658284990561972,tau,0.3130403890796933,9.497348471863464e-83
381,CNTN3,Cntn3,phenotype-constrained,thresholdVoltageShift_mV,-0.2668874241733863,tau,0.3130403890796933,9.497348471863464e-83
381,CNTN3,Cntn3,phenotype-constrained,spikeKineticsMultiplier,0.931935169042934,tau,0.3130403890796933,9.497348471863464e-83
382,DYNC1I1,Dync1i1,phenotype-constrained,vRestShift_mV,0.3267735878329056,threshold_i_long_square,-0.2645988863345624,1.4010201234509785e-58
382,DYNC1I1,Dync1i1,phenotype-constrained,inputResistanceMultiplier,1.0776475557805965,threshold_i_long_square,-0.2645988863345624,1.4010201234509785e-58
382,DYNC1I1,Dync1i1,phenotype-constrained,tauMultiplier,1.0644089145009417,threshold_i_long_square,-0.2645988863345624,1.4010201234509785e-58
382,DYNC1I1,Dync1i1,phenotype-constrained,fiGainMultiplier,0.9472390087914311,threshold_i_long_square,-0.2645988863345624,1.4010201234509785e-58
382,DYNC1I1,Dync1i1,phenotype-constrained,adaptationMultiplier,1.0604580170340352,threshold_i_long_square,-0.2645988863345624,1.4010201234509785e-58
382,DYNC1I1,Dync1i1,phenotype-constrained,latencyMultiplier,0.9637492864732423,threshold_i_long_square,-0.2645988863345624,1.4010201234509785e-58
382,DYNC1I1,Dync1i1,phenotype-constrained,sagMultiplier,1.0520677235533737,threshold_i_long_square,-0.2645988863345624,1.4010201234509785e-58
382,DYNC1I1,Dync1i1,phenotype-constrained,thresholdCurrentMultiplier,0.9115492903727906,threshold_i_long_square,-0.2645988863345624,1.4010201234509785e-58
382,DYNC1I1,Dync1i1,phenotype-constrained,thresholdVoltageShift_mV,-0.24269142790529818,threshold_i_long_square,-0.2645988863345624,1.4010201234509785e-58
382,DYNC1I1,Dync1i1,phenotype-constrained,spikeKineticsMultiplier,1.0407602182089757,threshold_i_long_square,-0.2645988863345624,1.4010201234509785e-58
383,PPM1L,Ppm1l,phenotype-constrained,vRestShift_mV,-0.074097756125274,tau,-0.2878314520381446,1.3579129944331865e-69
383,PPM1L,Ppm1l,phenotype-constrained,inputResistanceMultiplier,0.9480933685336254,tau,-0.2878314520381446,1.3579129944331865e-69
383,PPM1L,Ppm1l,phenotype-constrained,tauMultiplier,0.9172736471339178,tau,-0.2878314520381446,1.3579129944331865e-69
383,PPM1L,Ppm1l,phenotype-constrained,fiGainMultiplier,1.039894668367941,tau,-0.2878314520381446,1.3579129944331865e-69
383,PPM1L,Ppm1l,phenotype-constrained,adaptationMultiplier,0.9345306897206005,tau,-0.2878314520381446,1.3579129944331865e-69
383,PPM1L,Ppm1l,phenotype-constrained,latencyMultiplier,0.9668943642618393,tau,-0.2878314520381446,1.3579129944331865e-69
383,PPM1L,Ppm1l,phenotype-constrained,sagMultiplier,0.9707595088314404,tau,-0.2878314520381446,1.3579129944331865e-69
383,PPM1L,Ppm1l,phenotype-constrained,thresholdCurrentMultiplier,1.0708643500779857,tau,-0.2878314520381446,1.3579129944331865e-69
383,PPM1L,Ppm1l,phenotype-constrained,thresholdVoltageShift_mV,0.4905364286757642,tau,-0.2878314520381446,1.3579129944331865e-69
383,PPM1L,Ppm1l,phenotype-constrained,spikeKineticsMultiplier,0.998918929097505,tau,-0.2878314520381446,1.3579129944331865e-69
384,COL25A1,Col25a1,phenotype-constrained,vRestShift_mV,0.6723451753121285,tau,0.2392392412596224,7.486709600233146e-48
384,COL25A1,Col25a1,phenotype-constrained,inputResistanceMultiplier,1.0518468988025644,tau,0.2392392412596224,7.486709600233146e-48
384,COL25A1,Col25a1,phenotype-constrained,tauMultiplier,1.0744101060161593,tau,0.2392392412596224,7.486709600233146e-48
384,COL25A1,Col25a1,phenotype-constrained,fiGainMultiplier,0.9559567443364824,tau,0.2392392412596224,7.486709600233146e-48
384,COL25A1,Col25a1,phenotype-constrained,adaptationMultiplier,1.0531401453845413,tau,0.2392392412596224,7.486709600233146e-48
384,COL25A1,Col25a1,phenotype-constrained,latencyMultiplier,1.067407366723797,tau,0.2392392412596224,7.486709600233146e-48
384,COL25A1,Col25a1,phenotype-constrained,sagMultiplier,1.0477722000904182,tau,0.2392392412596224,7.486709600233146e-48
384,COL25A1,Col25a1,phenotype-constrained,thresholdCurrentMultiplier,0.9530063202481484,tau,0.2392392412596224,7.486709600233146e-48
384,COL25A1,Col25a1,phenotype-constrained,thresholdVoltageShift_mV,0.0643188548448048,tau,0.2392392412596224,7.486709600233146e-48
384,COL25A1,Col25a1,phenotype-constrained,spikeKineticsMultiplier,1.016893558278019,tau,0.2392392412596224,7.486709600233146e-48
385,LRP1B,Lrp1b,phenotype-constrained,vRestShift_mV,-0.5851220609085344,tau,-0.2870802918844312,3.1610095286491576e-69
385,LRP1B,Lrp1b,phenotype-constrained,inputResistanceMultiplier,0.9512971095246416,tau,-0.2870802918844312,3.1610095286491576e-69
385,LRP1B,Lrp1b,phenotype-constrained,tauMultiplier,0.9174803762501778,tau,-0.2870802918844312,3.1610095286491576e-69
385,LRP1B,Lrp1b,phenotype-constrained,fiGainMultiplier,1.020232910231904,tau,-0.2870802918844312,3.1610095286491576e-69
385,LRP1B,Lrp1b,phenotype-constrained,adaptationMultiplier,0.9518878441027244,tau,-0.2870802918844312,3.1610095286491576e-69
385,LRP1B,Lrp1b,phenotype-constrained,latencyMultiplier,0.9582509015620776,tau,-0.2870802918844312,3.1610095286491576e-69
385,LRP1B,Lrp1b,phenotype-constrained,sagMultiplier,0.9914222943580375,tau,-0.2870802918844312,3.1610095286491576e-69
385,LRP1B,Lrp1b,phenotype-constrained,thresholdCurrentMultiplier,1.0566439628174404,tau,-0.2870802918844312,3.1610095286491576e-69
385,LRP1B,Lrp1b,phenotype-constrained,thresholdVoltageShift_mV,0.40971500252162163,tau,-0.2870802918844312,3.1610095286491576e-69
385,LRP1B,Lrp1b,phenotype-constrained,spikeKineticsMultiplier,1.0332676460875856,tau,-0.2870802918844312,3.1610095286491576e-69
386,FREM1,Frem1,phenotype-constrained,vRestShift_mV,0.2449338262937616,upstroke_downstroke_ratio_long_square,0.26324977997881,3.052915471977878e-58
386,FREM1,Frem1,phenotype-constrained,inputResistanceMultiplier,1.0347712519432013,upstroke_downstroke_ratio_long_square,0.26324977997881,3.052915471977878e-58
386,FREM1,Frem1,phenotype-constrained,tauMultiplier,1.0183389894917692,upstroke_downstroke_ratio_long_square,0.26324977997881,3.052915471977878e-58
386,FREM1,Frem1,phenotype-constrained,fiGainMultiplier,0.9413778322353218,upstroke_downstroke_ratio_long_square,0.26324977997881,3.052915471977878e-58
386,FREM1,Frem1,phenotype-constrained,adaptationMultiplier,1.042885891581289,upstroke_downstroke_ratio_long_square,0.26324977997881,3.052915471977878e-58
386,FREM1,Frem1,phenotype-constrained,latencyMultiplier,0.9974212331989093,upstroke_downstroke_ratio_long_square,0.26324977997881,3.052915471977878e-58
386,FREM1,Frem1,phenotype-constrained,sagMultiplier,1.0068003859519727,upstroke_downstroke_ratio_long_square,0.26324977997881,3.052915471977878e-58
386,FREM1,Frem1,phenotype-constrained,thresholdCurrentMultiplier,0.970957635693806,upstroke_downstroke_ratio_long_square,0.26324977997881,3.052915471977878e-58
386,FREM1,Frem1,phenotype-constrained,thresholdVoltageShift_mV,-0.0308324154244812,upstroke_downstroke_ratio_long_square,0.26324977997881,3.052915471977878e-58
386,FREM1,Frem1,phenotype-constrained,spikeKineticsMultiplier,1.0821771958698723,upstroke_downstroke_ratio_long_square,0.26324977997881,3.052915471977878e-58
387,NRIP3,Nrip3,phenotype-constrained,vRestShift_mV,0.3027360132224956,tau,0.2378605584649373,2.660200154834304e-47
387,NRIP3,Nrip3,phenotype-constrained,inputResistanceMultiplier,1.072643168051178,tau,0.2378605584649373,2.660200154834304e-47
387,NRIP3,Nrip3,phenotype-constrained,tauMultiplier,1.0739658166843216,tau,0.2378605584649373,2.660200154834304e-47
387,NRIP3,Nrip3,phenotype-constrained,fiGainMultiplier,0.9362365786450114,tau,0.2378605584649373,2.660200154834304e-47
387,NRIP3,Nrip3,phenotype-constrained,adaptationMultiplier,1.0849131334369548,tau,0.2378605584649373,2.660200154834304e-47
387,NRIP3,Nrip3,phenotype-constrained,latencyMultiplier,0.9734201153893935,tau,0.2378605584649373,2.660200154834304e-47
387,NRIP3,Nrip3,phenotype-constrained,sagMultiplier,1.0408052685175953,tau,0.2378605584649373,2.660200154834304e-47
387,NRIP3,Nrip3,phenotype-constrained,thresholdCurrentMultiplier,0.9350640868946347,tau,0.2378605584649373,2.660200154834304e-47
387,NRIP3,Nrip3,phenotype-constrained,thresholdVoltageShift_mV,-0.4995798595774569,tau,0.2378605584649373,2.660200154834304e-47
387,NRIP3,Nrip3,phenotype-constrained,spikeKineticsMultiplier,1.0357477501388954,tau,0.2378605584649373,2.660200154834304e-47
388,SLC9A9,Slc9a9,phenotype-constrained,vRestShift_mV,0.0938022595730792,upstroke_downstroke_ratio_long_square,-0.3101333401778297,2.130053124421372e-81
388,SLC9A9,Slc9a9,phenotype-constrained,inputResistanceMultiplier,1.0219789510521007,upstroke_downstroke_ratio_long_square,-0.3101333401778297,2.130053124421372e-81
388,SLC9A9,Slc9a9,phenotype-constrained,tauMultiplier,1.0578770407133535,upstroke_downstroke_ratio_long_square,-0.3101333401778297,2.130053124421372e-81
388,SLC9A9,Slc9a9,phenotype-constrained,fiGainMultiplier,1.0537398958082718,upstroke_downstroke_ratio_long_square,-0.3101333401778297,2.130053124421372e-81
388,SLC9A9,Slc9a9,phenotype-constrained,adaptationMultiplier,1.0400393247978617,upstroke_downstroke_ratio_long_square,-0.3101333401778297,2.130053124421372e-81
388,SLC9A9,Slc9a9,phenotype-constrained,latencyMultiplier,0.9840908039185055,upstroke_downstroke_ratio_long_square,-0.3101333401778297,2.130053124421372e-81
388,SLC9A9,Slc9a9,phenotype-constrained,sagMultiplier,1.0783870988166018,upstroke_downstroke_ratio_long_square,-0.3101333401778297,2.130053124421372e-81
388,SLC9A9,Slc9a9,phenotype-constrained,thresholdCurrentMultiplier,0.9933339166094812,upstroke_downstroke_ratio_long_square,-0.3101333401778297,2.130053124421372e-81
388,SLC9A9,Slc9a9,phenotype-constrained,thresholdVoltageShift_mV,-0.2331801529619652,upstroke_downstroke_ratio_long_square,-0.3101333401778297,2.130053124421372e-81
388,SLC9A9,Slc9a9,phenotype-constrained,spikeKineticsMultiplier,0.9111570514141505,upstroke_downstroke_ratio_long_square,-0.3101333401778297,2.130053124421372e-81
389,RNF157,Rnf157,phenotype-constrained,vRestShift_mV,-0.0025434543882644,upstroke_downstroke_ratio_long_square,-0.2627955070049869,4.8665593659491694e-58
389,RNF157,Rnf157,phenotype-constrained,inputResistanceMultiplier,0.955149540028746,upstroke_downstroke_ratio_long_square,-0.2627955070049869,4.8665593659491694e-58
389,RNF157,Rnf157,phenotype-constrained,tauMultiplier,0.9721399274441396,upstroke_downstroke_ratio_long_square,-0.2627955070049869,4.8665593659491694e-58
389,RNF157,Rnf157,phenotype-constrained,fiGainMultiplier,1.070248893813517,upstroke_downstroke_ratio_long_square,-0.2627955070049869,4.8665593659491694e-58
389,RNF157,Rnf157,phenotype-constrained,adaptationMultiplier,0.9572042621116226,upstroke_downstroke_ratio_long_square,-0.2627955070049869,4.8665593659491694e-58
389,RNF157,Rnf157,phenotype-constrained,latencyMultiplier,0.9988825388539831,upstroke_downstroke_ratio_long_square,-0.2627955070049869,4.8665593659491694e-58
389,RNF157,Rnf157,phenotype-constrained,sagMultiplier,0.9819133263432254,upstroke_downstroke_ratio_long_square,-0.2627955070049869,4.8665593659491694e-58
389,RNF157,Rnf157,phenotype-constrained,thresholdCurrentMultiplier,1.063919249678163,upstroke_downstroke_ratio_long_square,-0.2627955070049869,4.8665593659491694e-58
389,RNF157,Rnf157,phenotype-constrained,thresholdVoltageShift_mV,0.2885339262026496,upstroke_downstroke_ratio_long_square,-0.2627955070049869,4.8665593659491694e-58
389,RNF157,Rnf157,phenotype-constrained,spikeKineticsMultiplier,0.924189028373509,upstroke_downstroke_ratio_long_square,-0.2627955070049869,4.8665593659491694e-58
390,MGAT5,Mgat5,phenotype-constrained,vRestShift_mV,-0.204841846239316,ri,-0.2087380693936401,1.829269333701917e-36
390,MGAT5,Mgat5,phenotype-constrained,inputResistanceMultiplier,0.9392990054354728,ri,-0.2087380693936401,1.829269333701917e-36
390,MGAT5,Mgat5,phenotype-constrained,tauMultiplier,0.9594019168391185,ri,-0.2087380693936401,1.829269333701917e-36
390,MGAT5,Mgat5,phenotype-constrained,fiGainMultiplier,1.0404777990753724,ri,-0.2087380693936401,1.829269333701917e-36
390,MGAT5,Mgat5,phenotype-constrained,adaptationMultiplier,0.9628484912379222,ri,-0.2087380693936401,1.829269333701917e-36
390,MGAT5,Mgat5,phenotype-constrained,latencyMultiplier,1.0172888570182592,ri,-0.2087380693936401,1.829269333701917e-36
390,MGAT5,Mgat5,phenotype-constrained,sagMultiplier,0.9680593598120836,ri,-0.2087380693936401,1.829269333701917e-36
390,MGAT5,Mgat5,phenotype-constrained,thresholdCurrentMultiplier,1.0730095572966318,ri,-0.2087380693936401,1.829269333701917e-36
390,MGAT5,Mgat5,phenotype-constrained,thresholdVoltageShift_mV,0.17365590307159562,ri,-0.2087380693936401,1.829269333701917e-36
390,MGAT5,Mgat5,phenotype-constrained,spikeKineticsMultiplier,0.9400872695707646,ri,-0.2087380693936401,1.829269333701917e-36
391,RASAL2,Rasal2,phenotype-constrained,vRestShift_mV,-0.4066303597078132,tau,-0.2368590503255712,6.627700167036887e-47
391,RASAL2,Rasal2,phenotype-constrained,inputResistanceMultiplier,0.944660669149008,tau,-0.2368590503255712,6.627700167036887e-47
391,RASAL2,Rasal2,phenotype-constrained,tauMultiplier,0.9314081342648459,tau,-0.2368590503255712,6.627700167036887e-47
391,RASAL2,Rasal2,phenotype-constrained,fiGainMultiplier,1.0591844299005015,tau,-0.2368590503255712,6.627700167036887e-47
391,RASAL2,Rasal2,phenotype-constrained,adaptationMultiplier,0.944856054043003,tau,-0.2368590503255712,6.627700167036887e-47
391,RASAL2,Rasal2,phenotype-constrained,latencyMultiplier,0.9935574673121362,tau,-0.2368590503255712,6.627700167036887e-47
391,RASAL2,Rasal2,phenotype-constrained,sagMultiplier,0.9785426132643223,tau,-0.2368590503255712,6.627700167036887e-47
391,RASAL2,Rasal2,phenotype-constrained,thresholdCurrentMultiplier,1.0638069061574467,tau,-0.2368590503255712,6.627700167036887e-47
391,RASAL2,Rasal2,phenotype-constrained,thresholdVoltageShift_mV,0.3121310496280269,tau,-0.2368590503255712,6.627700167036887e-47
391,RASAL2,Rasal2,phenotype-constrained,spikeKineticsMultiplier,0.9811645973979264,tau,-0.2368590503255712,6.627700167036887e-47
392,GRIA1,Gria1,phenotype-constrained,vRestShift_mV,0.252965167764938,upstroke_downstroke_ratio_long_square,-0.3616766254923205,3.0977535316309643e-112
392,GRIA1,Gria1,phenotype-constrained,inputResistanceMultiplier,1.0332071097375348,upstroke_downstroke_ratio_long_square,-0.3616766254923205,3.0977535316309643e-112
392,GRIA1,Gria1,phenotype-constrained,tauMultiplier,1.0593746554891048,upstroke_downstroke_ratio_long_square,-0.3616766254923205,3.0977535316309643e-112
392,GRIA1,Gria1,phenotype-constrained,fiGainMultiplier,1.079550483287437,upstroke_downstroke_ratio_long_square,-0.3616766254923205,3.0977535316309643e-112
392,GRIA1,Gria1,phenotype-constrained,adaptationMultiplier,1.0078920042315125,upstroke_downstroke_ratio_long_square,-0.3616766254923205,3.0977535316309643e-112
392,GRIA1,Gria1,phenotype-constrained,latencyMultiplier,1.0058179641317313,upstroke_downstroke_ratio_long_square,-0.3616766254923205,3.0977535316309643e-112
392,GRIA1,Gria1,phenotype-constrained,sagMultiplier,1.022031470576645,upstroke_downstroke_ratio_long_square,-0.3616766254923205,3.0977535316309643e-112
392,GRIA1,Gria1,phenotype-constrained,thresholdCurrentMultiplier,0.9906330343235992,upstroke_downstroke_ratio_long_square,-0.3616766254923205,3.0977535316309643e-112
392,GRIA1,Gria1,phenotype-constrained,thresholdVoltageShift_mV,-0.0612756899438871,upstroke_downstroke_ratio_long_square,-0.3616766254923205,3.0977535316309643e-112
392,GRIA1,Gria1,phenotype-constrained,spikeKineticsMultiplier,0.897176214366517,upstroke_downstroke_ratio_long_square,-0.3616766254923205,3.0977535316309643e-112
393,EFR3A,Efr3a,phenotype-constrained,vRestShift_mV,0.039231042644796,upstroke_downstroke_ratio_long_square,-0.3069063355138788,1.1617641403752999e-79
393,EFR3A,Efr3a,phenotype-constrained,inputResistanceMultiplier,0.9613800469071738,upstroke_downstroke_ratio_long_square,-0.3069063355138788,1.1617641403752999e-79
393,EFR3A,Efr3a,phenotype-constrained,tauMultiplier,0.9980944391966502,upstroke_downstroke_ratio_long_square,-0.3069063355138788,1.1617641403752999e-79
393,EFR3A,Efr3a,phenotype-constrained,fiGainMultiplier,1.0652063099770641,upstroke_downstroke_ratio_long_square,-0.3069063355138788,1.1617641403752999e-79
393,EFR3A,Efr3a,phenotype-constrained,adaptationMultiplier,0.9692498084294477,upstroke_downstroke_ratio_long_square,-0.3069063355138788,1.1617641403752999e-79
393,EFR3A,Efr3a,phenotype-constrained,latencyMultiplier,1.0383681471064605,upstroke_downstroke_ratio_long_square,-0.3069063355138788,1.1617641403752999e-79
393,EFR3A,Efr3a,phenotype-constrained,sagMultiplier,1.0106377800559565,upstroke_downstroke_ratio_long_square,-0.3069063355138788,1.1617641403752999e-79
393,EFR3A,Efr3a,phenotype-constrained,thresholdCurrentMultiplier,1.0597043072383314,upstroke_downstroke_ratio_long_square,-0.3069063355138788,1.1617641403752999e-79
393,EFR3A,Efr3a,phenotype-constrained,thresholdVoltageShift_mV,0.036778645060666804,upstroke_downstroke_ratio_long_square,-0.3069063355138788,1.1617641403752999e-79
393,EFR3A,Efr3a,phenotype-constrained,spikeKineticsMultiplier,0.9120395709457725,upstroke_downstroke_ratio_long_square,-0.3069063355138788,1.1617641403752999e-79
394,XKR4,Xkr4,phenotype-constrained,vRestShift_mV,-0.0071382610099976,upstroke_downstroke_ratio_long_square,-0.2843697549653003,4.230007993997546e-68
394,XKR4,Xkr4,phenotype-constrained,inputResistanceMultiplier,0.9887153257654047,upstroke_downstroke_ratio_long_square,-0.2843697549653003,4.230007993997546e-68
394,XKR4,Xkr4,phenotype-constrained,tauMultiplier,1.0285815613923561,upstroke_downstroke_ratio_long_square,-0.2843697549653003,4.230007993997546e-68
394,XKR4,Xkr4,phenotype-constrained,fiGainMultiplier,1.0435548854338208,upstroke_downstroke_ratio_long_square,-0.2843697549653003,4.230007993997546e-68
394,XKR4,Xkr4,phenotype-constrained,adaptationMultiplier,0.9849335843886524,upstroke_downstroke_ratio_long_square,-0.2843697549653003,4.230007993997546e-68
394,XKR4,Xkr4,phenotype-constrained,latencyMultiplier,1.0417951081770191,upstroke_downstroke_ratio_long_square,-0.2843697549653003,4.230007993997546e-68
394,XKR4,Xkr4,phenotype-constrained,sagMultiplier,1.0091896973632999,upstroke_downstroke_ratio_long_square,-0.2843697549653003,4.230007993997546e-68
394,XKR4,Xkr4,phenotype-constrained,thresholdCurrentMultiplier,1.0191753102950254,upstroke_downstroke_ratio_long_square,-0.2843697549653003,4.230007993997546e-68
394,XKR4,Xkr4,phenotype-constrained,thresholdVoltageShift_mV,-0.0108936605229768,upstroke_downstroke_ratio_long_square,-0.2843697549653003,4.230007993997546e-68
394,XKR4,Xkr4,phenotype-constrained,spikeKineticsMultiplier,0.9182267389953388,upstroke_downstroke_ratio_long_square,-0.2843697549653003,4.230007993997546e-68
395,BAIAP2,Baiap2,phenotype-constrained,vRestShift_mV,0.3538451459515336,ri,0.234235690919723,7.980209587762607e-46
395,BAIAP2,Baiap2,phenotype-constrained,inputResistanceMultiplier,1.072798556323911,ri,0.234235690919723,7.980209587762607e-46
395,BAIAP2,Baiap2,phenotype-constrained,tauMultiplier,1.0713615313942322,ri,0.234235690919723,7.980209587762607e-46
395,BAIAP2,Baiap2,phenotype-constrained,fiGainMultiplier,0.9179587834406097,ri,0.234235690919723,7.980209587762607e-46
395,BAIAP2,Baiap2,phenotype-constrained,adaptationMultiplier,1.0808660502482632,ri,0.234235690919723,7.980209587762607e-46
395,BAIAP2,Baiap2,phenotype-constrained,latencyMultiplier,0.9980226846226694,ri,0.234235690919723,7.980209587762607e-46
395,BAIAP2,Baiap2,phenotype-constrained,sagMultiplier,1.1011894339010924,ri,0.234235690919723,7.980209587762607e-46
395,BAIAP2,Baiap2,phenotype-constrained,thresholdCurrentMultiplier,0.9221559690466897,ri,0.234235690919723,7.980209587762607e-46
395,BAIAP2,Baiap2,phenotype-constrained,thresholdVoltageShift_mV,-0.3332404220804673,ri,0.234235690919723,7.980209587762607e-46
395,BAIAP2,Baiap2,phenotype-constrained,spikeKineticsMultiplier,1.05288323479262,ri,0.234235690919723,7.980209587762607e-46
396,DPP6,Dpp6,phenotype-constrained,vRestShift_mV,0.3099154470335428,tau,0.2339479633513036,9.28282093010331e-46
396,DPP6,Dpp6,phenotype-constrained,inputResistanceMultiplier,1.0495735538233133,tau,0.2339479633513036,9.28282093010331e-46
396,DPP6,Dpp6,phenotype-constrained,tauMultiplier,1.072705958204419,tau,0.2339479633513036,9.28282093010331e-46
396,DPP6,Dpp6,phenotype-constrained,fiGainMultiplier,1.0014092026129473,tau,0.2339479633513036,9.28282093010331e-46
396,DPP6,Dpp6,phenotype-constrained,adaptationMultiplier,1.0396137435192225,tau,0.2339479633513036,9.28282093010331e-46
396,DPP6,Dpp6,phenotype-constrained,latencyMultiplier,1.027401610299021,tau,0.2339479633513036,9.28282093010331e-46
396,DPP6,Dpp6,phenotype-constrained,sagMultiplier,1.0203580921049082,tau,0.2339479633513036,9.28282093010331e-46
396,DPP6,Dpp6,phenotype-constrained,thresholdCurrentMultiplier,0.9623878095424618,tau,0.2339479633513036,9.28282093010331e-46
396,DPP6,Dpp6,phenotype-constrained,thresholdVoltageShift_mV,-0.0668742796916115,tau,0.2339479633513036,9.28282093010331e-46
396,DPP6,Dpp6,phenotype-constrained,spikeKineticsMultiplier,0.9647233954318714,tau,0.2339479633513036,9.28282093010331e-46
397,PLD5,Pld5,phenotype-constrained,vRestShift_mV,-0.0806622420227268,upstroke_downstroke_ratio_long_square,0.3573113947872777,2.098271207196999e-109
397,PLD5,Pld5,phenotype-constrained,inputResistanceMultiplier,1.0084531225210365,upstroke_downstroke_ratio_long_square,0.3573113947872777,2.098271207196999e-109
397,PLD5,Pld5,phenotype-constrained,tauMultiplier,0.9915789874468339,upstroke_downstroke_ratio_long_square,0.3573113947872777,2.098271207196999e-109
397,PLD5,Pld5,phenotype-constrained,fiGainMultiplier,0.9001234495677665,upstroke_downstroke_ratio_long_square,0.3573113947872777,2.098271207196999e-109
397,PLD5,Pld5,phenotype-constrained,adaptationMultiplier,0.9963600609883805,upstroke_downstroke_ratio_long_square,0.3573113947872777,2.098271207196999e-109
397,PLD5,Pld5,phenotype-constrained,latencyMultiplier,1.043800195392733,upstroke_downstroke_ratio_long_square,0.3573113947872777,2.098271207196999e-109
397,PLD5,Pld5,phenotype-constrained,sagMultiplier,0.9814986089811354,upstroke_downstroke_ratio_long_square,0.3573113947872777,2.098271207196999e-109
397,PLD5,Pld5,phenotype-constrained,thresholdCurrentMultiplier,0.9757779569002867,upstroke_downstroke_ratio_long_square,0.3573113947872777,2.098271207196999e-109
397,PLD5,Pld5,phenotype-constrained,thresholdVoltageShift_mV,0.050258737392831,upstroke_downstroke_ratio_long_square,0.3573113947872777,2.098271207196999e-109
397,PLD5,Pld5,phenotype-constrained,spikeKineticsMultiplier,1.113149537301564,upstroke_downstroke_ratio_long_square,0.3573113947872777,2.098271207196999e-109
398,SYT7,Syt7,phenotype-constrained,vRestShift_mV,-0.3003578853504412,upstroke_downstroke_ratio_long_square,-0.2058205736162598,1.0552618550771728e-35
398,SYT7,Syt7,phenotype-constrained,inputResistanceMultiplier,0.943803976866476,upstroke_downstroke_ratio_long_square,-0.2058205736162598,1.0552618550771728e-35
398,SYT7,Syt7,phenotype-constrained,tauMultiplier,0.9572024145356081,upstroke_downstroke_ratio_long_square,-0.2058205736162598,1.0552618550771728e-35
398,SYT7,Syt7,phenotype-constrained,fiGainMultiplier,1.0576008078225663,upstroke_downstroke_ratio_long_square,-0.2058205736162598,1.0552618550771728e-35
398,SYT7,Syt7,phenotype-constrained,adaptationMultiplier,0.9367468550490481,upstroke_downstroke_ratio_long_square,-0.2058205736162598,1.0552618550771728e-35
398,SYT7,Syt7,phenotype-constrained,latencyMultiplier,1.0187481867917405,upstroke_downstroke_ratio_long_square,-0.2058205736162598,1.0552618550771728e-35
398,SYT7,Syt7,phenotype-constrained,sagMultiplier,0.958335794307973,upstroke_downstroke_ratio_long_square,-0.2058205736162598,1.0552618550771728e-35
398,SYT7,Syt7,phenotype-constrained,thresholdCurrentMultiplier,1.0667894581338293,upstroke_downstroke_ratio_long_square,-0.2058205736162598,1.0552618550771728e-35
398,SYT7,Syt7,phenotype-constrained,thresholdVoltageShift_mV,0.36094802049430497,upstroke_downstroke_ratio_long_square,-0.2058205736162598,1.0552618550771728e-35
398,SYT7,Syt7,phenotype-constrained,spikeKineticsMultiplier,0.9401214855849381,upstroke_downstroke_ratio_long_square,-0.2058205736162598,1.0552618550771728e-35
399,SIRPA,Sirpa,phenotype-constrained,vRestShift_mV,0.04057695432544,upstroke_downstroke_ratio_long_square,-0.25933053301154,1.6595359939494788e-56
399,SIRPA,Sirpa,phenotype-constrained,inputResistanceMultiplier,0.96225034360346,upstroke_downstroke_ratio_long_square,-0.25933053301154,1.6595359939494788e-56
399,SIRPA,Sirpa,phenotype-constrained,tauMultiplier,0.9889963773308557,upstroke_downstroke_ratio_long_square,-0.25933053301154,1.6595359939494788e-56
399,SIRPA,Sirpa,phenotype-constrained,fiGainMultiplier,1.0646468940294418,upstroke_downstroke_ratio_long_square,-0.25933053301154,1.6595359939494788e-56
399,SIRPA,Sirpa,phenotype-constrained,adaptationMultiplier,0.972755308931536,upstroke_downstroke_ratio_long_square,-0.25933053301154,1.6595359939494788e-56
399,SIRPA,Sirpa,phenotype-constrained,latencyMultiplier,1.0185569832800478,upstroke_downstroke_ratio_long_square,-0.25933053301154,1.6595359939494788e-56
399,SIRPA,Sirpa,phenotype-constrained,sagMultiplier,0.9837823855531824,upstroke_downstroke_ratio_long_square,-0.25933053301154,1.6595359939494788e-56
399,SIRPA,Sirpa,phenotype-constrained,thresholdCurrentMultiplier,1.0569320406442402,upstroke_downstroke_ratio_long_square,-0.25933053301154,1.6595359939494788e-56
399,SIRPA,Sirpa,phenotype-constrained,thresholdVoltageShift_mV,0.253861845547668,upstroke_downstroke_ratio_long_square,-0.25933053301154,1.6595359939494788e-56
399,SIRPA,Sirpa,phenotype-constrained,spikeKineticsMultiplier,0.9251502151445362,upstroke_downstroke_ratio_long_square,-0.25933053301154,1.6595359939494788e-56
400,PCDH7,Pcdh7,phenotype-constrained,vRestShift_mV,0.4531416824735228,upstroke_downstroke_ratio_long_square,-0.2819845111944999,6.168205142838949e-67
400,PCDH7,Pcdh7,phenotype-constrained,inputResistanceMultiplier,1.0496363307590006,upstroke_downstroke_ratio_long_square,-0.2819845111944999,6.168205142838949e-67
400,PCDH7,Pcdh7,phenotype-constrained,tauMultiplier,1.0745991192959765,upstroke_downstroke_ratio_long_square,-0.2819845111944999,6.168205142838949e-67
400,PCDH7,Pcdh7,phenotype-constrained,fiGainMultiplier,1.0297638562017584,upstroke_downstroke_ratio_long_square,-0.2819845111944999,6.168205142838949e-67
400,PCDH7,Pcdh7,phenotype-constrained,adaptationMultiplier,1.0521328466621167,upstroke_downstroke_ratio_long_square,-0.2819845111944999,6.168205142838949e-67
400,PCDH7,Pcdh7,phenotype-constrained,latencyMultiplier,1.005801044208018,upstroke_downstroke_ratio_long_square,-0.2819845111944999,6.168205142838949e-67
400,PCDH7,Pcdh7,phenotype-constrained,sagMultiplier,1.1052216579598133,upstroke_downstroke_ratio_long_square,-0.2819845111944999,6.168205142838949e-67
400,PCDH7,Pcdh7,phenotype-constrained,thresholdCurrentMultiplier,0.9308032683150982,upstroke_downstroke_ratio_long_square,-0.2819845111944999,6.168205142838949e-67
400,PCDH7,Pcdh7,phenotype-constrained,thresholdVoltageShift_mV,-0.1263423042547452,upstroke_downstroke_ratio_long_square,-0.2819845111944999,6.168205142838949e-67
400,PCDH7,Pcdh7,phenotype-constrained,spikeKineticsMultiplier,0.9188840325208962,upstroke_downstroke_ratio_long_square,-0.2819845111944999,6.168205142838949e-67
401,MAGI1,Magi1,phenotype-constrained,vRestShift_mV,-0.4188574224023712,tau,-0.2987644994241542,4.0190245165138165e-75
401,MAGI1,Magi1,phenotype-constrained,inputResistanceMultiplier,0.9452668055779092,tau,-0.2987644994241542,4.0190245165138165e-75
401,MAGI1,Magi1,phenotype-constrained,tauMultiplier,0.9142699968093327,tau,-0.2987644994241542,4.0190245165138165e-75
401,MAGI1,Magi1,phenotype-constrained,fiGainMultiplier,1.0471056328964075,tau,-0.2987644994241542,4.0190245165138165e-75
401,MAGI1,Magi1,phenotype-constrained,adaptationMultiplier,0.9309711690711594,tau,-0.2987644994241542,4.0190245165138165e-75
401,MAGI1,Magi1,phenotype-constrained,latencyMultiplier,0.9785202300657727,tau,-0.2987644994241542,4.0190245165138165e-75
401,MAGI1,Magi1,phenotype-constrained,sagMultiplier,0.9566787367970814,tau,-0.2987644994241542,4.0190245165138165e-75
401,MAGI1,Magi1,phenotype-constrained,thresholdCurrentMultiplier,1.0627315507010613,tau,-0.2987644994241542,4.0190245165138165e-75
401,MAGI1,Magi1,phenotype-constrained,thresholdVoltageShift_mV,0.4492459379839242,tau,-0.2987644994241542,4.0190245165138165e-75
401,MAGI1,Magi1,phenotype-constrained,spikeKineticsMultiplier,0.9978989370144891,tau,-0.2987644994241542,4.0190245165138165e-75
402,AK5,Ak5,phenotype-constrained,vRestShift_mV,-0.0954976183595656,latency,0.2991969092329074,4.874734953120298e-74
402,AK5,Ak5,phenotype-constrained,inputResistanceMultiplier,0.9851298829229108,latency,0.2991969092329074,4.874734953120298e-74
402,AK5,Ak5,phenotype-constrained,tauMultiplier,1.0253743278720455,latency,0.2991969092329074,4.874734953120298e-74
402,AK5,Ak5,phenotype-constrained,fiGainMultiplier,0.9920645260349746,latency,0.2991969092329074,4.874734953120298e-74
402,AK5,Ak5,phenotype-constrained,adaptationMultiplier,0.9715371600357867,latency,0.2991969092329074,4.874734953120298e-74
402,AK5,Ak5,phenotype-constrained,latencyMultiplier,1.1103984537258982,latency,0.2991969092329074,4.874734953120298e-74
402,AK5,Ak5,phenotype-constrained,sagMultiplier,1.0123070303792883,latency,0.2991969092329074,4.874734953120298e-74
402,AK5,Ak5,phenotype-constrained,thresholdCurrentMultiplier,1.0293466661190238,latency,0.2991969092329074,4.874734953120298e-74
402,AK5,Ak5,phenotype-constrained,thresholdVoltageShift_mV,0.12211084117949189,latency,0.2991969092329074,4.874734953120298e-74
402,AK5,Ak5,phenotype-constrained,spikeKineticsMultiplier,0.9941728071613137,latency,0.2991969092329074,4.874734953120298e-74
403,ELMOD1,Elmod1,phenotype-constrained,vRestShift_mV,-0.3417069974234664,tau,-0.2805184994385995,4.936582026111657e-66
403,ELMOD1,Elmod1,phenotype-constrained,inputResistanceMultiplier,0.9657267243470782,tau,-0.2805184994385995,4.936582026111657e-66
403,ELMOD1,Elmod1,phenotype-constrained,tauMultiplier,0.9192882498406776,tau,-0.2805184994385995,4.936582026111657e-66
403,ELMOD1,Elmod1,phenotype-constrained,fiGainMultiplier,0.9981387763418729,tau,-0.2805184994385995,4.936582026111657e-66
403,ELMOD1,Elmod1,phenotype-constrained,adaptationMultiplier,0.9904956738709669,tau,-0.2805184994385995,4.936582026111657e-66
403,ELMOD1,Elmod1,phenotype-constrained,latencyMultiplier,0.9317383153261439,tau,-0.2805184994385995,4.936582026111657e-66
403,ELMOD1,Elmod1,phenotype-constrained,sagMultiplier,0.9574742622154704,tau,-0.2805184994385995,4.936582026111657e-66
403,ELMOD1,Elmod1,phenotype-constrained,thresholdCurrentMultiplier,1.039848543853726,tau,-0.2805184994385995,4.936582026111657e-66
403,ELMOD1,Elmod1,phenotype-constrained,thresholdVoltageShift_mV,0.3223940541971775,tau,-0.2805184994385995,4.936582026111657e-66
403,ELMOD1,Elmod1,phenotype-constrained,spikeKineticsMultiplier,1.0485573688916465,tau,-0.2805184994385995,4.936582026111657e-66
404,BEX4,Bex4,phenotype-constrained,vRestShift_mV,0.3025556399590492,upstroke_downstroke_ratio_long_square,0.2299042877052874,2.0432856159468018e-44
404,BEX4,Bex4,phenotype-constrained,inputResistanceMultiplier,1.0574950380866455,upstroke_downstroke_ratio_long_square,0.2299042877052874,2.0432856159468018e-44
404,BEX4,Bex4,phenotype-constrained,tauMultiplier,1.0443910189430257,upstroke_downstroke_ratio_long_square,0.2299042877052874,2.0432856159468018e-44
404,BEX4,Bex4,phenotype-constrained,fiGainMultiplier,0.9395769164253718,upstroke_downstroke_ratio_long_square,0.2299042877052874,2.0432856159468018e-44
404,BEX4,Bex4,phenotype-constrained,adaptationMultiplier,1.031280552033755,upstroke_downstroke_ratio_long_square,0.2299042877052874,2.0432856159468018e-44
404,BEX4,Bex4,phenotype-constrained,latencyMultiplier,1.0056682638705905,upstroke_downstroke_ratio_long_square,0.2299042877052874,2.0432856159468018e-44
404,BEX4,Bex4,phenotype-constrained,sagMultiplier,1.0146804999022645,upstroke_downstroke_ratio_long_square,0.2299042877052874,2.0432856159468018e-44
404,BEX4,Bex4,phenotype-constrained,thresholdCurrentMultiplier,0.9387269858167544,upstroke_downstroke_ratio_long_square,0.2299042877052874,2.0432856159468018e-44
404,BEX4,Bex4,phenotype-constrained,thresholdVoltageShift_mV,-0.1319872828971786,upstroke_downstroke_ratio_long_square,0.2299042877052874,2.0432856159468018e-44
404,BEX4,Bex4,phenotype-constrained,spikeKineticsMultiplier,1.071405444704564,upstroke_downstroke_ratio_long_square,0.2299042877052874,2.0432856159468018e-44
405,ABR,Abr,phenotype-constrained,vRestShift_mV,-0.0729625352762048,upstroke_downstroke_ratio_long_square,-0.2546881119757193,1.7243549107449547e-54
405,ABR,Abr,phenotype-constrained,inputResistanceMultiplier,0.9617185773618513,upstroke_downstroke_ratio_long_square,-0.2546881119757193,1.7243549107449547e-54
405,ABR,Abr,phenotype-constrained,tauMultiplier,0.9816513146980878,upstroke_downstroke_ratio_long_square,-0.2546881119757193,1.7243549107449547e-54
405,ABR,Abr,phenotype-constrained,fiGainMultiplier,1.074017593428084,upstroke_downstroke_ratio_long_square,-0.2546881119757193,1.7243549107449547e-54
405,ABR,Abr,phenotype-constrained,adaptationMultiplier,0.9610231794941393,upstroke_downstroke_ratio_long_square,-0.2546881119757193,1.7243549107449547e-54
405,ABR,Abr,phenotype-constrained,latencyMultiplier,1.0186583577548767,upstroke_downstroke_ratio_long_square,-0.2546881119757193,1.7243549107449547e-54
405,ABR,Abr,phenotype-constrained,sagMultiplier,0.9967940179802854,upstroke_downstroke_ratio_long_square,-0.2546881119757193,1.7243549107449547e-54
405,ABR,Abr,phenotype-constrained,thresholdCurrentMultiplier,1.0632400776172468,upstroke_downstroke_ratio_long_square,-0.2546881119757193,1.7243549107449547e-54
405,ABR,Abr,phenotype-constrained,thresholdVoltageShift_mV,0.22978239867741448,upstroke_downstroke_ratio_long_square,-0.2546881119757193,1.7243549107449547e-54
405,ABR,Abr,phenotype-constrained,spikeKineticsMultiplier,0.926439593857974,upstroke_downstroke_ratio_long_square,-0.2546881119757193,1.7243549107449547e-54
406,FAM168A,Fam168a,phenotype-constrained,vRestShift_mV,-0.1322182490516128,upstroke_downstroke_ratio_long_square,-0.254650902364317,1.7826322771833608e-54
406,FAM168A,Fam168a,phenotype-constrained,inputResistanceMultiplier,0.9602528877376727,upstroke_downstroke_ratio_long_square,-0.254650902364317,1.7826322771833608e-54
406,FAM168A,Fam168a,phenotype-constrained,tauMultiplier,0.9824320038367543,upstroke_downstroke_ratio_long_square,-0.254650902364317,1.7826322771833608e-54
406,FAM168A,Fam168a,phenotype-constrained,fiGainMultiplier,1.0611910395049657,upstroke_downstroke_ratio_long_square,-0.254650902364317,1.7826322771833608e-54
406,FAM168A,Fam168a,phenotype-constrained,adaptationMultiplier,0.962782151983424,upstroke_downstroke_ratio_long_square,-0.254650902364317,1.7826322771833608e-54
406,FAM168A,Fam168a,phenotype-constrained,latencyMultiplier,1.0235453084232102,upstroke_downstroke_ratio_long_square,-0.254650902364317,1.7826322771833608e-54
406,FAM168A,Fam168a,phenotype-constrained,sagMultiplier,0.9949561110609475,upstroke_downstroke_ratio_long_square,-0.254650902364317,1.7826322771833608e-54
406,FAM168A,Fam168a,phenotype-constrained,thresholdCurrentMultiplier,1.0597827199106558,upstroke_downstroke_ratio_long_square,-0.254650902364317,1.7826322771833608e-54
406,FAM168A,Fam168a,phenotype-constrained,thresholdVoltageShift_mV,0.22253009667251428,upstroke_downstroke_ratio_long_square,-0.254650902364317,1.7826322771833608e-54
406,FAM168A,Fam168a,phenotype-constrained,spikeKineticsMultiplier,0.9264499356528786,upstroke_downstroke_ratio_long_square,-0.254650902364317,1.7826322771833608e-54
407,TAGLN3,Tagln3,phenotype-constrained,vRestShift_mV,0.3918095427097176,tau,0.2030162454960998,1.4947403419543838e-34
407,TAGLN3,Tagln3,phenotype-constrained,inputResistanceMultiplier,1.0482780437409895,tau,0.2030162454960998,1.4947403419543838e-34
407,TAGLN3,Tagln3,phenotype-constrained,tauMultiplier,1.0627978093007717,tau,0.2030162454960998,1.4947403419543838e-34
407,TAGLN3,Tagln3,phenotype-constrained,fiGainMultiplier,0.9320401690347861,tau,0.2030162454960998,1.4947403419543838e-34
407,TAGLN3,Tagln3,phenotype-constrained,adaptationMultiplier,1.054022547676461,tau,0.2030162454960998,1.4947403419543838e-34
407,TAGLN3,Tagln3,phenotype-constrained,latencyMultiplier,1.0166252280849772,tau,0.2030162454960998,1.4947403419543838e-34
407,TAGLN3,Tagln3,phenotype-constrained,sagMultiplier,1.049046151068177,tau,0.2030162454960998,1.4947403419543838e-34
407,TAGLN3,Tagln3,phenotype-constrained,thresholdCurrentMultiplier,0.9441080473709077,tau,0.2030162454960998,1.4947403419543838e-34
407,TAGLN3,Tagln3,phenotype-constrained,thresholdVoltageShift_mV,-0.19675119450084239,tau,0.2030162454960998,1.4947403419543838e-34
407,TAGLN3,Tagln3,phenotype-constrained,spikeKineticsMultiplier,1.0395688080295553,tau,0.2030162454960998,1.4947403419543838e-34
408,ZFYVE28,Zfyve28,phenotype-constrained,vRestShift_mV,-0.2830931384890616,ri,-0.2272776915575837,3.686126877550496e-43
408,ZFYVE28,Zfyve28,phenotype-constrained,inputResistanceMultiplier,0.9340892323514041,ri,-0.2272776915575837,3.686126877550496e-43
408,ZFYVE28,Zfyve28,phenotype-constrained,tauMultiplier,0.935597729192463,ri,-0.2272776915575837,3.686126877550496e-43
408,ZFYVE28,Zfyve28,phenotype-constrained,fiGainMultiplier,1.055956388841176,ri,-0.2272776915575837,3.686126877550496e-43
408,ZFYVE28,Zfyve28,phenotype-constrained,adaptationMultiplier,0.9564531872757308,ri,-0.2272776915575837,3.686126877550496e-43
408,ZFYVE28,Zfyve28,phenotype-constrained,latencyMultiplier,0.9914491798699103,ri,-0.2272776915575837,3.686126877550496e-43
408,ZFYVE28,Zfyve28,phenotype-constrained,sagMultiplier,0.9654221603619163,ri,-0.2272776915575837,3.686126877550496e-43
408,ZFYVE28,Zfyve28,phenotype-constrained,thresholdCurrentMultiplier,1.0822568934742143,ri,-0.2272776915575837,3.686126877550496e-43
408,ZFYVE28,Zfyve28,phenotype-constrained,thresholdVoltageShift_mV,0.2973349383145797,ri,-0.2272776915575837,3.686126877550496e-43
408,ZFYVE28,Zfyve28,phenotype-constrained,spikeKineticsMultiplier,0.9530184033329518,ri,-0.2272776915575837,3.686126877550496e-43
409,MMP16,Mmp16,phenotype-constrained,vRestShift_mV,-0.0222102401309796,upstroke_downstroke_ratio_long_square,-0.347638821413933,2.814610553696211e-103
409,MMP16,Mmp16,phenotype-constrained,inputResistanceMultiplier,0.9962013057424781,upstroke_downstroke_ratio_long_square,-0.347638821413933,2.814610553696211e-103
409,MMP16,Mmp16,phenotype-constrained,tauMultiplier,1.0454059734995234,upstroke_downstroke_ratio_long_square,-0.347638821413933,2.814610553696211e-103
409,MMP16,Mmp16,phenotype-constrained,fiGainMultiplier,1.0612847713095714,upstroke_downstroke_ratio_long_square,-0.347638821413933,2.814610553696211e-103
409,MMP16,Mmp16,phenotype-constrained,adaptationMultiplier,1.008272285850048,upstroke_downstroke_ratio_long_square,-0.347638821413933,2.814610553696211e-103
409,MMP16,Mmp16,phenotype-constrained,latencyMultiplier,1.040198809840559,upstroke_downstroke_ratio_long_square,-0.347638821413933,2.814610553696211e-103
409,MMP16,Mmp16,phenotype-constrained,sagMultiplier,0.9842542225798382,upstroke_downstroke_ratio_long_square,-0.347638821413933,2.814610553696211e-103
409,MMP16,Mmp16,phenotype-constrained,thresholdCurrentMultiplier,1.0149877774514924,upstroke_downstroke_ratio_long_square,-0.347638821413933,2.814610553696211e-103
409,MMP16,Mmp16,phenotype-constrained,thresholdVoltageShift_mV,0.0200822134688622,upstroke_downstroke_ratio_long_square,-0.347638821413933,2.814610553696211e-103
409,MMP16,Mmp16,phenotype-constrained,spikeKineticsMultiplier,0.9009624966101526,upstroke_downstroke_ratio_long_square,-0.347638821413933,2.814610553696211e-103
410,OLFM3,Olfm3,phenotype-constrained,vRestShift_mV,0.4058752678945468,threshold_i_ramp,-0.1861552924138062,3.878174863126252e-29
410,OLFM3,Olfm3,phenotype-constrained,inputResistanceMultiplier,1.0416514183828318,threshold_i_ramp,-0.1861552924138062,3.878174863126252e-29
410,OLFM3,Olfm3,phenotype-constrained,tauMultiplier,1.0341779668506013,threshold_i_ramp,-0.1861552924138062,3.878174863126252e-29
410,OLFM3,Olfm3,phenotype-constrained,fiGainMultiplier,0.9463017777237037,threshold_i_ramp,-0.1861552924138062,3.878174863126252e-29
410,OLFM3,Olfm3,phenotype-constrained,adaptationMultiplier,1.0467267242347842,threshold_i_ramp,-0.1861552924138062,3.878174863126252e-29
410,OLFM3,Olfm3,phenotype-constrained,latencyMultiplier,0.9711125493039228,threshold_i_ramp,-0.1861552924138062,3.878174863126252e-29
410,OLFM3,Olfm3,phenotype-constrained,sagMultiplier,1.0679915354894747,threshold_i_ramp,-0.1861552924138062,3.878174863126252e-29
410,OLFM3,Olfm3,phenotype-constrained,thresholdCurrentMultiplier,0.943647229912788,threshold_i_ramp,-0.1861552924138062,3.878174863126252e-29
410,OLFM3,Olfm3,phenotype-constrained,thresholdVoltageShift_mV,-0.32027656455920583,threshold_i_ramp,-0.1861552924138062,3.878174863126252e-29
410,OLFM3,Olfm3,phenotype-constrained,spikeKineticsMultiplier,1.0269642085571025,threshold_i_ramp,-0.1861552924138062,3.878174863126252e-29
411,STARD13,Stard13,phenotype-constrained,vRestShift_mV,-0.1614437114055256,upstroke_downstroke_ratio_long_square,-0.2226498534085522,1.1098318936631823e-41
411,STARD13,Stard13,phenotype-constrained,inputResistanceMultiplier,0.9783466226875253,upstroke_downstroke_ratio_long_square,-0.2226498534085522,1.1098318936631823e-41
411,STARD13,Stard13,phenotype-constrained,tauMultiplier,1.01876805157428,upstroke_downstroke_ratio_long_square,-0.2226498534085522,1.1098318936631823e-41
411,STARD13,Stard13,phenotype-constrained,fiGainMultiplier,1.0435090340769775,upstroke_downstroke_ratio_long_square,-0.2226498534085522,1.1098318936631823e-41
411,STARD13,Stard13,phenotype-constrained,adaptationMultiplier,0.9696313755670286,upstroke_downstroke_ratio_long_square,-0.2226498534085522,1.1098318936631823e-41
411,STARD13,Stard13,phenotype-constrained,latencyMultiplier,1.0674035495041263,upstroke_downstroke_ratio_long_square,-0.2226498534085522,1.1098318936631823e-41
411,STARD13,Stard13,phenotype-constrained,sagMultiplier,1.0350621644431572,upstroke_downstroke_ratio_long_square,-0.2226498534085522,1.1098318936631823e-41
411,STARD13,Stard13,phenotype-constrained,thresholdCurrentMultiplier,1.017556410521502,upstroke_downstroke_ratio_long_square,-0.2226498534085522,1.1098318936631823e-41
411,STARD13,Stard13,phenotype-constrained,thresholdVoltageShift_mV,0.1592009874641355,upstroke_downstroke_ratio_long_square,-0.2226498534085522,1.1098318936631823e-41
411,STARD13,Stard13,phenotype-constrained,spikeKineticsMultiplier,0.9353869771411011,upstroke_downstroke_ratio_long_square,-0.2226498534085522,1.1098318936631823e-41
412,GAD1,Gad1,phenotype-constrained,vRestShift_mV,-0.047672487930622,tau,-0.2913840108035083,2.300144259400789e-71
412,GAD1,Gad1,phenotype-constrained,inputResistanceMultiplier,0.955206900608983,tau,-0.2913840108035083,2.300144259400789e-71
412,GAD1,Gad1,phenotype-constrained,tauMultiplier,0.9162965673358048,tau,-0.2913840108035083,2.300144259400789e-71
412,GAD1,Gad1,phenotype-constrained,fiGainMultiplier,1.005162075130698,tau,-0.2913840108035083,2.300144259400789e-71
412,GAD1,Gad1,phenotype-constrained,adaptationMultiplier,0.9351034605766616,tau,-0.2913840108035083,2.300144259400789e-71
412,GAD1,Gad1,phenotype-constrained,latencyMultiplier,0.9764016185053266,tau,-0.2913840108035083,2.300144259400789e-71
412,GAD1,Gad1,phenotype-constrained,sagMultiplier,0.9337216728023511,tau,-0.2913840108035083,2.300144259400789e-71
412,GAD1,Gad1,phenotype-constrained,thresholdCurrentMultiplier,1.0527032956655746,tau,-0.2913840108035083,2.300144259400789e-71
412,GAD1,Gad1,phenotype-constrained,thresholdVoltageShift_mV,0.3157479029213046,tau,-0.2913840108035083,2.300144259400789e-71
412,GAD1,Gad1,phenotype-constrained,spikeKineticsMultiplier,1.048193252185295,tau,-0.2913840108035083,2.300144259400789e-71
413,MYH10,Myh10,phenotype-constrained,vRestShift_mV,-0.225881407349864,upstroke_downstroke_ratio_long_square,-0.2491201811449909,3.979770319272063e-52
413,MYH10,Myh10,phenotype-constrained,inputResistanceMultiplier,0.9654292578362518,upstroke_downstroke_ratio_long_square,-0.2491201811449909,3.979770319272063e-52
413,MYH10,Myh10,phenotype-constrained,tauMultiplier,0.9819277726794311,upstroke_downstroke_ratio_long_square,-0.2491201811449909,3.979770319272063e-52
413,MYH10,Myh10,phenotype-constrained,fiGainMultiplier,1.0652551321461923,upstroke_downstroke_ratio_long_square,-0.2491201811449909,3.979770319272063e-52
413,MYH10,Myh10,phenotype-constrained,adaptationMultiplier,0.9693931864879275,upstroke_downstroke_ratio_long_square,-0.2491201811449909,3.979770319272063e-52
413,MYH10,Myh10,phenotype-constrained,latencyMultiplier,1.008194330732659,upstroke_downstroke_ratio_long_square,-0.2491201811449909,3.979770319272063e-52
413,MYH10,Myh10,phenotype-constrained,sagMultiplier,0.9894266761705307,upstroke_downstroke_ratio_long_square,-0.2491201811449909,3.979770319272063e-52
413,MYH10,Myh10,phenotype-constrained,thresholdCurrentMultiplier,1.049888348860655,upstroke_downstroke_ratio_long_square,-0.2491201811449909,3.979770319272063e-52
413,MYH10,Myh10,phenotype-constrained,thresholdVoltageShift_mV,0.11963430358997429,upstroke_downstroke_ratio_long_square,-0.2491201811449909,3.979770319272063e-52
413,MYH10,Myh10,phenotype-constrained,spikeKineticsMultiplier,0.9279883925116578,upstroke_downstroke_ratio_long_square,-0.2491201811449909,3.979770319272063e-52
414,SV2C,Sv2c,phenotype-constrained,vRestShift_mV,-0.1646436358389268,upstroke_downstroke_ratio_long_square,0.2204270223628993,7.362009988676491e-41
414,SV2C,Sv2c,phenotype-constrained,inputResistanceMultiplier,0.9606711696707589,upstroke_downstroke_ratio_long_square,0.2204270223628993,7.362009988676491e-41
414,SV2C,Sv2c,phenotype-constrained,tauMultiplier,0.9497111435320824,upstroke_downstroke_ratio_long_square,0.2204270223628993,7.362009988676491e-41
414,SV2C,Sv2c,phenotype-constrained,fiGainMultiplier,0.964019976560083,upstroke_downstroke_ratio_long_square,0.2204270223628993,7.362009988676491e-41
414,SV2C,Sv2c,phenotype-constrained,adaptationMultiplier,0.9371868925887348,upstroke_downstroke_ratio_long_square,0.2204270223628993,7.362009988676491e-41
414,SV2C,Sv2c,phenotype-constrained,latencyMultiplier,1.0443559687212702,upstroke_downstroke_ratio_long_square,0.2204270223628993,7.362009988676491e-41
414,SV2C,Sv2c,phenotype-constrained,sagMultiplier,0.978384443555023,upstroke_downstroke_ratio_long_square,0.2204270223628993,7.362009988676491e-41
414,SV2C,Sv2c,phenotype-constrained,thresholdCurrentMultiplier,1.051237705605501,upstroke_downstroke_ratio_long_square,0.2204270223628993,7.362009988676491e-41
414,SV2C,Sv2c,phenotype-constrained,thresholdVoltageShift_mV,0.16471076083527242,upstroke_downstroke_ratio_long_square,0.2204270223628993,7.362009988676491e-41
414,SV2C,Sv2c,phenotype-constrained,spikeKineticsMultiplier,1.0683635729409404,upstroke_downstroke_ratio_long_square,0.2204270223628993,7.362009988676491e-41
415,RYR2,Ryr2,phenotype-constrained,vRestShift_mV,0.3165720636900436,tau,0.2480730949361023,1.832423395730793e-51
415,RYR2,Ryr2,phenotype-constrained,inputResistanceMultiplier,1.039555382835007,tau,0.2480730949361023,1.832423395730793e-51
415,RYR2,Ryr2,phenotype-constrained,tauMultiplier,1.077261236817828,tau,0.2480730949361023,1.832423395730793e-51
415,RYR2,Ryr2,phenotype-constrained,fiGainMultiplier,0.9649653665711831,tau,0.2480730949361023,1.832423395730793e-51
415,RYR2,Ryr2,phenotype-constrained,adaptationMultiplier,1.0593160947425884,tau,0.2480730949361023,1.832423395730793e-51
415,RYR2,Ryr2,phenotype-constrained,latencyMultiplier,1.0088310548614792,tau,0.2480730949361023,1.832423395730793e-51
415,RYR2,Ryr2,phenotype-constrained,sagMultiplier,1.0415904174502062,tau,0.2480730949361023,1.832423395730793e-51
415,RYR2,Ryr2,phenotype-constrained,thresholdCurrentMultiplier,0.9720491398768655,tau,0.2480730949361023,1.832423395730793e-51
415,RYR2,Ryr2,phenotype-constrained,thresholdVoltageShift_mV,-0.3417946181675142,tau,0.2480730949361023,1.832423395730793e-51
415,RYR2,Ryr2,phenotype-constrained,spikeKineticsMultiplier,0.9727607550021788,tau,0.2480730949361023,1.832423395730793e-51
416,DLX1,Dlx1,phenotype-constrained,vRestShift_mV,0.0790448192080324,upstroke_downstroke_ratio_long_square,0.2479535767393087,1.2223200129336906e-51
416,DLX1,Dlx1,phenotype-constrained,inputResistanceMultiplier,1.0384481165972779,upstroke_downstroke_ratio_long_square,0.2479535767393087,1.2223200129336906e-51
416,DLX1,Dlx1,phenotype-constrained,tauMultiplier,1.013428491183543,upstroke_downstroke_ratio_long_square,0.2479535767393087,1.2223200129336906e-51
416,DLX1,Dlx1,phenotype-constrained,fiGainMultiplier,0.9417986503885653,upstroke_downstroke_ratio_long_square,0.2479535767393087,1.2223200129336906e-51
416,DLX1,Dlx1,phenotype-constrained,adaptationMultiplier,1.036275586099001,upstroke_downstroke_ratio_long_square,0.2479535767393087,1.2223200129336906e-51
416,DLX1,Dlx1,phenotype-constrained,latencyMultiplier,0.982133010889485,upstroke_downstroke_ratio_long_square,0.2479535767393087,1.2223200129336906e-51
416,DLX1,Dlx1,phenotype-constrained,sagMultiplier,1.0112933792467207,upstroke_downstroke_ratio_long_square,0.2479535767393087,1.2223200129336906e-51
416,DLX1,Dlx1,phenotype-constrained,thresholdCurrentMultiplier,0.9428442826064404,upstroke_downstroke_ratio_long_square,0.2479535767393087,1.2223200129336906e-51
416,DLX1,Dlx1,phenotype-constrained,thresholdVoltageShift_mV,-0.1727229017148075,upstroke_downstroke_ratio_long_square,0.2479535767393087,1.2223200129336906e-51
416,DLX1,Dlx1,phenotype-constrained,spikeKineticsMultiplier,1.0772226118141408,upstroke_downstroke_ratio_long_square,0.2479535767393087,1.2223200129336906e-51
417,MDH1,Mdh1,phenotype-constrained,vRestShift_mV,-0.3370903185847512,threshold_i_long_square,0.1977327093927926,8.651323952483779e-33
417,MDH1,Mdh1,phenotype-constrained,inputResistanceMultiplier,0.9477320792278392,threshold_i_long_square,0.1977327093927926,8.651323952483779e-33
417,MDH1,Mdh1,phenotype-constrained,tauMultiplier,0.9480566960694778,threshold_i_long_square,0.1977327093927926,8.651323952483779e-33
417,MDH1,Mdh1,phenotype-constrained,fiGainMultiplier,1.0674950029072434,threshold_i_long_square,0.1977327093927926,8.651323952483779e-33
417,MDH1,Mdh1,phenotype-constrained,adaptationMultiplier,0.9482548663681634,threshold_i_long_square,0.1977327093927926,8.651323952483779e-33
417,MDH1,Mdh1,phenotype-constrained,latencyMultiplier,0.9873279256193886,threshold_i_long_square,0.1977327093927926,8.651323952483779e-33
417,MDH1,Mdh1,phenotype-constrained,sagMultiplier,0.9787076286312295,threshold_i_long_square,0.1977327093927926,8.651323952483779e-33
417,MDH1,Mdh1,phenotype-constrained,thresholdCurrentMultiplier,1.0716574281532227,threshold_i_long_square,0.1977327093927926,8.651323952483779e-33
417,MDH1,Mdh1,phenotype-constrained,thresholdVoltageShift_mV,0.0831115074494895,threshold_i_long_square,0.1977327093927926,8.651323952483779e-33
417,MDH1,Mdh1,phenotype-constrained,spikeKineticsMultiplier,0.945592925594995,threshold_i_long_square,0.1977327093927926,8.651323952483779e-33
418,CLSTN2,Clstn2,phenotype-constrained,vRestShift_mV,-0.243880233381586,tau,-0.2477456180667942,2.4855749925289772e-51
418,CLSTN2,Clstn2,phenotype-constrained,inputResistanceMultiplier,0.9376005012897262,tau,-0.2477456180667942,2.4855749925289772e-51
418,CLSTN2,Clstn2,phenotype-constrained,tauMultiplier,0.9283711449982519,tau,-0.2477456180667942,2.4855749925289772e-51
418,CLSTN2,Clstn2,phenotype-constrained,fiGainMultiplier,1.011394487852703,tau,-0.2477456180667942,2.4855749925289772e-51
418,CLSTN2,Clstn2,phenotype-constrained,adaptationMultiplier,0.972075800739286,tau,-0.2477456180667942,2.4855749925289772e-51
418,CLSTN2,Clstn2,phenotype-constrained,latencyMultiplier,0.9644677563926722,tau,-0.2477456180667942,2.4855749925289772e-51
418,CLSTN2,Clstn2,phenotype-constrained,sagMultiplier,0.9519776826161871,tau,-0.2477456180667942,2.4855749925289772e-51
418,CLSTN2,Clstn2,phenotype-constrained,thresholdCurrentMultiplier,1.059085087009882,tau,-0.2477456180667942,2.4855749925289772e-51
418,CLSTN2,Clstn2,phenotype-constrained,thresholdVoltageShift_mV,0.21067066610303253,tau,-0.2477456180667942,2.4855749925289772e-51
418,CLSTN2,Clstn2,phenotype-constrained,spikeKineticsMultiplier,0.984572643606459,tau,-0.2477456180667942,2.4855749925289772e-51
419,RAB3C,Rab3c,phenotype-constrained,vRestShift_mV,-0.104571343660532,upstroke_downstroke_ratio_long_square,0.2896354309888274,1.0587641519287274e-70
419,RAB3C,Rab3c,phenotype-constrained,inputResistanceMultiplier,1.018776306046598,upstroke_downstroke_ratio_long_square,0.2896354309888274,1.0587641519287274e-70
419,RAB3C,Rab3c,phenotype-constrained,tauMultiplier,0.9981877174217687,upstroke_downstroke_ratio_long_square,0.2896354309888274,1.0587641519287274e-70
419,RAB3C,Rab3c,phenotype-constrained,fiGainMultiplier,0.9348445507269162,upstroke_downstroke_ratio_long_square,0.2896354309888274,1.0587641519287274e-70
419,RAB3C,Rab3c,phenotype-constrained,adaptationMultiplier,0.9912984043739648,upstroke_downstroke_ratio_long_square,0.2896354309888274,1.0587641519287274e-70
419,RAB3C,Rab3c,phenotype-constrained,latencyMultiplier,1.05025741153625,upstroke_downstroke_ratio_long_square,0.2896354309888274,1.0587641519287274e-70
419,RAB3C,Rab3c,phenotype-constrained,sagMultiplier,1.0115640694540269,upstroke_downstroke_ratio_long_square,0.2896354309888274,1.0587641519287274e-70
419,RAB3C,Rab3c,phenotype-constrained,thresholdCurrentMultiplier,0.9828697260864507,upstroke_downstroke_ratio_long_square,0.2896354309888274,1.0587641519287274e-70
419,RAB3C,Rab3c,phenotype-constrained,thresholdVoltageShift_mV,0.1428117378244005,upstroke_downstroke_ratio_long_square,0.2896354309888274,1.0587641519287274e-70
419,RAB3C,Rab3c,phenotype-constrained,spikeKineticsMultiplier,1.0907773741055211,upstroke_downstroke_ratio_long_square,0.2896354309888274,1.0587641519287274e-70
420,GRIN2A,Grin2a,phenotype-constrained,vRestShift_mV,-0.076912223911316,latency,0.2905209368221239,7.74865295186124e-70
420,GRIN2A,Grin2a,phenotype-constrained,inputResistanceMultiplier,0.9725741870788376,latency,0.2905209368221239,7.74865295186124e-70
420,GRIN2A,Grin2a,phenotype-constrained,tauMultiplier,1.0135349199227557,latency,0.2905209368221239,7.74865295186124e-70
420,GRIN2A,Grin2a,phenotype-constrained,fiGainMultiplier,0.9592318246285954,latency,0.2905209368221239,7.74865295186124e-70
420,GRIN2A,Grin2a,phenotype-constrained,adaptationMultiplier,0.9826752244351813,latency,0.2905209368221239,7.74865295186124e-70
420,GRIN2A,Grin2a,phenotype-constrained,latencyMultiplier,1.1070317427515928,latency,0.2905209368221239,7.74865295186124e-70
420,GRIN2A,Grin2a,phenotype-constrained,sagMultiplier,1.0091089591830968,latency,0.2905209368221239,7.74865295186124e-70
420,GRIN2A,Grin2a,phenotype-constrained,thresholdCurrentMultiplier,1.0260838893706512,latency,0.2905209368221239,7.74865295186124e-70
420,GRIN2A,Grin2a,phenotype-constrained,thresholdVoltageShift_mV,0.1457384731822368,latency,0.2905209368221239,7.74865295186124e-70
420,GRIN2A,Grin2a,phenotype-constrained,spikeKineticsMultiplier,0.991009798792136,latency,0.2905209368221239,7.74865295186124e-70
421,CNTNAP2,Cntnap2,phenotype-constrained,vRestShift_mV,-0.5472299586429288,threshold_i_ramp,0.2198624347238866,2.1587274247882555e-40
421,CNTNAP2,Cntnap2,phenotype-constrained,inputResistanceMultiplier,0.9537278351394772,threshold_i_ramp,0.2198624347238866,2.1587274247882555e-40
421,CNTNAP2,Cntnap2,phenotype-constrained,tauMultiplier,0.9697830626059362,threshold_i_ramp,0.2198624347238866,2.1587274247882555e-40
421,CNTNAP2,Cntnap2,phenotype-constrained,fiGainMultiplier,1.0404970186426505,threshold_i_ramp,0.2198624347238866,2.1587274247882555e-40
421,CNTNAP2,Cntnap2,phenotype-constrained,adaptationMultiplier,0.9847897327529447,threshold_i_ramp,0.2198624347238866,2.1587274247882555e-40
421,CNTNAP2,Cntnap2,phenotype-constrained,latencyMultiplier,0.9939035433474691,threshold_i_ramp,0.2198624347238866,2.1587274247882555e-40
421,CNTNAP2,Cntnap2,phenotype-constrained,sagMultiplier,0.9775728265437207,threshold_i_ramp,0.2198624347238866,2.1587274247882555e-40
421,CNTNAP2,Cntnap2,phenotype-constrained,thresholdCurrentMultiplier,1.0699461485965407,threshold_i_ramp,0.2198624347238866,2.1587274247882555e-40
421,CNTNAP2,Cntnap2,phenotype-constrained,thresholdVoltageShift_mV,0.1633068408924351,threshold_i_ramp,0.2198624347238866,2.1587274247882555e-40
421,CNTNAP2,Cntnap2,phenotype-constrained,spikeKineticsMultiplier,0.9370951337646836,threshold_i_ramp,0.2198624347238866,2.1587274247882555e-40
422,SLC44A5,Slc44a5,phenotype-constrained,vRestShift_mV,0.1359511111095332,threshold_i_short_square,-0.3121512571588593,1.531969356752774e-81
422,SLC44A5,Slc44a5,phenotype-constrained,inputResistanceMultiplier,1.0902177275919565,threshold_i_short_square,-0.3121512571588593,1.531969356752774e-81
422,SLC44A5,Slc44a5,phenotype-constrained,tauMultiplier,1.0384656170317002,threshold_i_short_square,-0.3121512571588593,1.531969356752774e-81
422,SLC44A5,Slc44a5,phenotype-constrained,fiGainMultiplier,0.9658127854178036,threshold_i_short_square,-0.3121512571588593,1.531969356752774e-81
422,SLC44A5,Slc44a5,phenotype-constrained,adaptationMultiplier,1.0692266974481088,threshold_i_short_square,-0.3121512571588593,1.531969356752774e-81
422,SLC44A5,Slc44a5,phenotype-constrained,latencyMultiplier,0.9347156371939164,threshold_i_short_square,-0.3121512571588593,1.531969356752774e-81
422,SLC44A5,Slc44a5,phenotype-constrained,sagMultiplier,1.0038999674359101,threshold_i_short_square,-0.3121512571588593,1.531969356752774e-81
422,SLC44A5,Slc44a5,phenotype-constrained,thresholdCurrentMultiplier,0.9068036637862346,threshold_i_short_square,-0.3121512571588593,1.531969356752774e-81
422,SLC44A5,Slc44a5,phenotype-constrained,thresholdVoltageShift_mV,-0.0484665753477096,threshold_i_short_square,-0.3121512571588593,1.531969356752774e-81
422,SLC44A5,Slc44a5,phenotype-constrained,spikeKineticsMultiplier,1.0748050028257092,threshold_i_short_square,-0.3121512571588593,1.531969356752774e-81
423,CDH12,Cdh12,phenotype-constrained,vRestShift_mV,-0.0480301400741132,threshold_i_short_square,-0.2708879803724888,6.236921554446726e-61
423,CDH12,Cdh12,phenotype-constrained,inputResistanceMultiplier,1.0229142478760478,threshold_i_short_square,-0.2708879803724888,6.236921554446726e-61
423,CDH12,Cdh12,phenotype-constrained,tauMultiplier,0.9587260607758094,threshold_i_short_square,-0.2708879803724888,6.236921554446726e-61
423,CDH12,Cdh12,phenotype-constrained,fiGainMultiplier,0.995919099482784,threshold_i_short_square,-0.2708879803724888,6.236921554446726e-61
423,CDH12,Cdh12,phenotype-constrained,adaptationMultiplier,1.0235099555597527,threshold_i_short_square,-0.2708879803724888,6.236921554446726e-61
423,CDH12,Cdh12,phenotype-constrained,latencyMultiplier,0.9305906629723564,threshold_i_short_square,-0.2708879803724888,6.236921554446726e-61
423,CDH12,Cdh12,phenotype-constrained,sagMultiplier,0.9610545423071293,threshold_i_short_square,-0.2708879803724888,6.236921554446726e-61
423,CDH12,Cdh12,phenotype-constrained,thresholdCurrentMultiplier,0.956819459977954,threshold_i_short_square,-0.2708879803724888,6.236921554446726e-61
423,CDH12,Cdh12,phenotype-constrained,thresholdVoltageShift_mV,-0.0697154714202204,threshold_i_short_square,-0.2708879803724888,6.236921554446726e-61
423,CDH12,Cdh12,phenotype-constrained,spikeKineticsMultiplier,1.0541101838148905,threshold_i_short_square,-0.2708879803724888,6.236921554446726e-61
424,NDRG4,Ndrg4,phenotype-constrained,vRestShift_mV,-0.2679039453798424,upstroke_downstroke_ratio_long_square,-0.2184714201892378,3.819774795333283e-40
424,NDRG4,Ndrg4,phenotype-constrained,inputResistanceMultiplier,0.9425522035781004,upstroke_downstroke_ratio_long_square,-0.2184714201892378,3.819774795333283e-40
424,NDRG4,Ndrg4,phenotype-constrained,tauMultiplier,0.952607674112369,upstroke_downstroke_ratio_long_square,-0.2184714201892378,3.819774795333283e-40
424,NDRG4,Ndrg4,phenotype-constrained,fiGainMultiplier,1.0646056065798277,upstroke_downstroke_ratio_long_square,-0.2184714201892378,3.819774795333283e-40
424,NDRG4,Ndrg4,phenotype-constrained,adaptationMultiplier,0.940206088631437,upstroke_downstroke_ratio_long_square,-0.2184714201892378,3.819774795333283e-40
424,NDRG4,Ndrg4,phenotype-constrained,latencyMultiplier,0.9991694246945269,upstroke_downstroke_ratio_long_square,-0.2184714201892378,3.819774795333283e-40
424,NDRG4,Ndrg4,phenotype-constrained,sagMultiplier,0.9853447307493033,upstroke_downstroke_ratio_long_square,-0.2184714201892378,3.819774795333283e-40
424,NDRG4,Ndrg4,phenotype-constrained,thresholdCurrentMultiplier,1.0773039287411499,upstroke_downstroke_ratio_long_square,-0.2184714201892378,3.819774795333283e-40
424,NDRG4,Ndrg4,phenotype-constrained,thresholdVoltageShift_mV,0.1134009125452017,upstroke_downstroke_ratio_long_square,-0.2184714201892378,3.819774795333283e-40
424,NDRG4,Ndrg4,phenotype-constrained,spikeKineticsMultiplier,0.9365602479579911,upstroke_downstroke_ratio_long_square,-0.2184714201892378,3.819774795333283e-40
425,SNCG,Sncg,phenotype-constrained,vRestShift_mV,0.3116087538140932,upstroke_downstroke_ratio_long_square,0.1949293979796383,4.212032042828068e-32
425,SNCG,Sncg,phenotype-constrained,inputResistanceMultiplier,1.0405383195802569,upstroke_downstroke_ratio_long_square,0.1949293979796383,4.212032042828068e-32
425,SNCG,Sncg,phenotype-constrained,tauMultiplier,1.0340333104037152,upstroke_downstroke_ratio_long_square,0.1949293979796383,4.212032042828068e-32
425,SNCG,Sncg,phenotype-constrained,fiGainMultiplier,0.9661239357665414,upstroke_downstroke_ratio_long_square,0.1949293979796383,4.212032042828068e-32
425,SNCG,Sncg,phenotype-constrained,adaptationMultiplier,1.0529523640201142,upstroke_downstroke_ratio_long_square,0.1949293979796383,4.212032042828068e-32
425,SNCG,Sncg,phenotype-constrained,latencyMultiplier,0.9871836122268605,upstroke_downstroke_ratio_long_square,0.1949293979796383,4.212032042828068e-32
425,SNCG,Sncg,phenotype-constrained,sagMultiplier,0.9985570072890716,upstroke_downstroke_ratio_long_square,0.1949293979796383,4.212032042828068e-32
425,SNCG,Sncg,phenotype-constrained,thresholdCurrentMultiplier,0.9653415415469725,upstroke_downstroke_ratio_long_square,0.1949293979796383,4.212032042828068e-32
425,SNCG,Sncg,phenotype-constrained,thresholdVoltageShift_mV,-0.1275826093184283,upstroke_downstroke_ratio_long_square,0.1949293979796383,4.212032042828068e-32
425,SNCG,Sncg,phenotype-constrained,spikeKineticsMultiplier,1.0602225293009977,upstroke_downstroke_ratio_long_square,0.1949293979796383,4.212032042828068e-32
426,KCNMB4,Kcnmb4,conductance-aware,vRestShift_mV,0.1124500878744636,tau,0.2686904300368372,1.7415958098348634e-60
426,KCNMB4,Kcnmb4,conductance-aware,inputResistanceMultiplier,1.0437786303344188,tau,0.2686904300368372,1.7415958098348634e-60
426,KCNMB4,Kcnmb4,conductance-aware,tauMultiplier,1.083944962374311,tau,0.2686904300368372,1.7415958098348634e-60
426,KCNMB4,Kcnmb4,conductance-aware,fiGainMultiplier,0.9872820236116411,tau,0.2686904300368372,1.7415958098348634e-60
426,KCNMB4,Kcnmb4,conductance-aware,adaptationMultiplier,1.0462322473336503,tau,0.2686904300368372,1.7415958098348634e-60
426,KCNMB4,Kcnmb4,conductance-aware,latencyMultiplier,1.0240632053432803,tau,0.2686904300368372,1.7415958098348634e-60
426,KCNMB4,Kcnmb4,conductance-aware,sagMultiplier,1.0401906656864353,tau,0.2686904300368372,1.7415958098348634e-60
426,KCNMB4,Kcnmb4,conductance-aware,thresholdCurrentMultiplier,0.9522889017341234,tau,0.2686904300368372,1.7415958098348634e-60
426,KCNMB4,Kcnmb4,conductance-aware,thresholdVoltageShift_mV,-0.39431664624846474,tau,0.2686904300368372,1.7415958098348634e-60
426,KCNMB4,Kcnmb4,conductance-aware,spikeKineticsMultiplier,0.9791499788419805,tau,0.2686904300368372,1.7415958098348634e-60
427,SUSD4,Susd4,phenotype-constrained,vRestShift_mV,-0.2225292449496368,upstroke_downstroke_ratio_long_square,0.2865878801992438,3.4569311481538786e-69
427,SUSD4,Susd4,phenotype-constrained,inputResistanceMultiplier,0.9832182169659405,upstroke_downstroke_ratio_long_square,0.2865878801992438,3.4569311481538786e-69
427,SUSD4,Susd4,phenotype-constrained,tauMultiplier,0.9395537788941194,upstroke_downstroke_ratio_long_square,0.2865878801992438,3.4569311481538786e-69
427,SUSD4,Susd4,phenotype-constrained,fiGainMultiplier,0.9496630712043916,upstroke_downstroke_ratio_long_square,0.2865878801992438,3.4569311481538786e-69
427,SUSD4,Susd4,phenotype-constrained,adaptationMultiplier,0.9920073728415313,upstroke_downstroke_ratio_long_square,0.2865878801992438,3.4569311481538786e-69
427,SUSD4,Susd4,phenotype-constrained,latencyMultiplier,0.9658163281395856,upstroke_downstroke_ratio_long_square,0.2865878801992438,3.4569311481538786e-69
427,SUSD4,Susd4,phenotype-constrained,sagMultiplier,0.9708534272238478,upstroke_downstroke_ratio_long_square,0.2865878801992438,3.4569311481538786e-69
427,SUSD4,Susd4,phenotype-constrained,thresholdCurrentMultiplier,1.0037464327737597,upstroke_downstroke_ratio_long_square,0.2865878801992438,3.4569311481538786e-69
427,SUSD4,Susd4,phenotype-constrained,thresholdVoltageShift_mV,0.1501853355943053,upstroke_downstroke_ratio_long_square,0.2865878801992438,3.4569311481538786e-69
427,SUSD4,Susd4,phenotype-constrained,spikeKineticsMultiplier,1.089780570012306,upstroke_downstroke_ratio_long_square,0.2865878801992438,3.4569311481538786e-69
428,NR3C2,Nr3c2,phenotype-constrained,vRestShift_mV,0.114842302522796,upstroke_downstroke_ratio_long_square,0.2432758786683857,1.0333691048382415e-49
428,NR3C2,Nr3c2,phenotype-constrained,inputResistanceMultiplier,1.0155791576502973,upstroke_downstroke_ratio_long_square,0.2432758786683857,1.0333691048382415e-49
428,NR3C2,Nr3c2,phenotype-constrained,tauMultiplier,0.9705627533287672,upstroke_downstroke_ratio_long_square,0.2432758786683857,1.0333691048382415e-49
428,NR3C2,Nr3c2,phenotype-constrained,fiGainMultiplier,0.951947030366416,upstroke_downstroke_ratio_long_square,0.2432758786683857,1.0333691048382415e-49
428,NR3C2,Nr3c2,phenotype-constrained,adaptationMultiplier,1.0295121480379623,upstroke_downstroke_ratio_long_square,0.2432758786683857,1.0333691048382415e-49
428,NR3C2,Nr3c2,phenotype-constrained,latencyMultiplier,0.9362050496868377,upstroke_downstroke_ratio_long_square,0.2432758786683857,1.0333691048382415e-49
428,NR3C2,Nr3c2,phenotype-constrained,sagMultiplier,0.9762727665014194,upstroke_downstroke_ratio_long_square,0.2432758786683857,1.0333691048382415e-49
428,NR3C2,Nr3c2,phenotype-constrained,thresholdCurrentMultiplier,0.9733730451550892,upstroke_downstroke_ratio_long_square,0.2432758786683857,1.0333691048382415e-49
428,NR3C2,Nr3c2,phenotype-constrained,thresholdVoltageShift_mV,0.06774844031862,upstroke_downstroke_ratio_long_square,0.2432758786683857,1.0333691048382415e-49
428,NR3C2,Nr3c2,phenotype-constrained,spikeKineticsMultiplier,1.075711995353227,upstroke_downstroke_ratio_long_square,0.2432758786683857,1.0333691048382415e-49
429,ARHGAP20,Arhgap20,phenotype-constrained,vRestShift_mV,-0.1690895017708616,upstroke_downstroke_ratio_long_square,-0.2154309235640009,4.739811386195488e-39
429,ARHGAP20,Arhgap20,phenotype-constrained,inputResistanceMultiplier,0.9616681906417395,upstroke_downstroke_ratio_long_square,-0.2154309235640009,4.739811386195488e-39
429,ARHGAP20,Arhgap20,phenotype-constrained,tauMultiplier,0.9638970281416226,upstroke_downstroke_ratio_long_square,-0.2154309235640009,4.739811386195488e-39
429,ARHGAP20,Arhgap20,phenotype-constrained,fiGainMultiplier,1.0681746255974298,upstroke_downstroke_ratio_long_square,-0.2154309235640009,4.739811386195488e-39
429,ARHGAP20,Arhgap20,phenotype-constrained,adaptationMultiplier,0.9734954167420677,upstroke_downstroke_ratio_long_square,-0.2154309235640009,4.739811386195488e-39
429,ARHGAP20,Arhgap20,phenotype-constrained,latencyMultiplier,0.9880485464061137,upstroke_downstroke_ratio_long_square,-0.2154309235640009,4.739811386195488e-39
429,ARHGAP20,Arhgap20,phenotype-constrained,sagMultiplier,0.9916320080736799,upstroke_downstroke_ratio_long_square,-0.2154309235640009,4.739811386195488e-39
429,ARHGAP20,Arhgap20,phenotype-constrained,thresholdCurrentMultiplier,1.0492222013996197,upstroke_downstroke_ratio_long_square,-0.2154309235640009,4.739811386195488e-39
429,ARHGAP20,Arhgap20,phenotype-constrained,thresholdVoltageShift_mV,0.2840010555977139,upstroke_downstroke_ratio_long_square,-0.2154309235640009,4.739811386195488e-39
429,ARHGAP20,Arhgap20,phenotype-constrained,spikeKineticsMultiplier,0.9374149201749055,upstroke_downstroke_ratio_long_square,-0.2154309235640009,4.739811386195488e-39
430,CHGA,Chga,phenotype-constrained,vRestShift_mV,0.2247810434172024,tau,0.2431120513939166,2.0649936305212043e-49
430,CHGA,Chga,phenotype-constrained,inputResistanceMultiplier,1.061161772529745,tau,0.2431120513939166,2.0649936305212043e-49
430,CHGA,Chga,phenotype-constrained,tauMultiplier,1.0756591273631269,tau,0.2431120513939166,2.0649936305212043e-49
430,CHGA,Chga,phenotype-constrained,fiGainMultiplier,1.0075486299397507,tau,0.2431120513939166,2.0649936305212043e-49
430,CHGA,Chga,phenotype-constrained,adaptationMultiplier,1.0620722950144523,tau,0.2431120513939166,2.0649936305212043e-49
430,CHGA,Chga,phenotype-constrained,latencyMultiplier,0.9887741837336781,tau,0.2431120513939166,2.0649936305212043e-49
430,CHGA,Chga,phenotype-constrained,sagMultiplier,1.0561424214408455,tau,0.2431120513939166,2.0649936305212043e-49
430,CHGA,Chga,phenotype-constrained,thresholdCurrentMultiplier,0.9427559135406315,tau,0.2431120513939166,2.0649936305212043e-49
430,CHGA,Chga,phenotype-constrained,thresholdVoltageShift_mV,-0.3255685636916403,tau,0.2431120513939166,2.0649936305212043e-49
430,CHGA,Chga,phenotype-constrained,spikeKineticsMultiplier,0.9587721075908866,tau,0.2431120513939166,2.0649936305212043e-49
431,DENND5B,Dennd5b,phenotype-constrained,vRestShift_mV,-0.1279154080970496,upstroke_downstroke_ratio_long_square,-0.2666066737654928,9.487740211632824e-60
431,DENND5B,Dennd5b,phenotype-constrained,inputResistanceMultiplier,0.9736747672108721,upstroke_downstroke_ratio_long_square,-0.2666066737654928,9.487740211632824e-60
431,DENND5B,Dennd5b,phenotype-constrained,tauMultiplier,0.9875637352648882,upstroke_downstroke_ratio_long_square,-0.2666066737654928,9.487740211632824e-60
431,DENND5B,Dennd5b,phenotype-constrained,fiGainMultiplier,1.064696005743746,upstroke_downstroke_ratio_long_square,-0.2666066737654928,9.487740211632824e-60
431,DENND5B,Dennd5b,phenotype-constrained,adaptationMultiplier,0.9728568063779272,upstroke_downstroke_ratio_long_square,-0.2666066737654928,9.487740211632824e-60
431,DENND5B,Dennd5b,phenotype-constrained,latencyMultiplier,1.0123138815291797,upstroke_downstroke_ratio_long_square,-0.2666066737654928,9.487740211632824e-60
431,DENND5B,Dennd5b,phenotype-constrained,sagMultiplier,0.9995844706527646,upstroke_downstroke_ratio_long_square,-0.2666066737654928,9.487740211632824e-60
431,DENND5B,Dennd5b,phenotype-constrained,thresholdCurrentMultiplier,1.047159940274824,upstroke_downstroke_ratio_long_square,-0.2666066737654928,9.487740211632824e-60
431,DENND5B,Dennd5b,phenotype-constrained,thresholdVoltageShift_mV,0.1729885167053253,upstroke_downstroke_ratio_long_square,-0.2666066737654928,9.487740211632824e-60
431,DENND5B,Dennd5b,phenotype-constrained,spikeKineticsMultiplier,0.9231329606644684,upstroke_downstroke_ratio_long_square,-0.2666066737654928,9.487740211632824e-60
432,GNG7,Gng7,phenotype-constrained,vRestShift_mV,-0.187736550413974,tau,-0.2149719258672588,1.1336673047492113e-38
432,GNG7,Gng7,phenotype-constrained,inputResistanceMultiplier,0.94968419626255,tau,-0.2149719258672588,1.1336673047492113e-38
432,GNG7,Gng7,phenotype-constrained,tauMultiplier,0.9375440104492979,tau,-0.2149719258672588,1.1336673047492113e-38
432,GNG7,Gng7,phenotype-constrained,fiGainMultiplier,1.0195104882527037,tau,-0.2149719258672588,1.1336673047492113e-38
432,GNG7,Gng7,phenotype-constrained,adaptationMultiplier,0.9551070892214358,tau,-0.2149719258672588,1.1336673047492113e-38
432,GNG7,Gng7,phenotype-constrained,latencyMultiplier,0.9996550316296257,tau,-0.2149719258672588,1.1336673047492113e-38
432,GNG7,Gng7,phenotype-constrained,sagMultiplier,0.9494668789679076,tau,-0.2149719258672588,1.1336673047492113e-38
432,GNG7,Gng7,phenotype-constrained,thresholdCurrentMultiplier,1.0657123477691646,tau,-0.2149719258672588,1.1336673047492113e-38
432,GNG7,Gng7,phenotype-constrained,thresholdVoltageShift_mV,0.4231402421954301,tau,-0.2149719258672588,1.1336673047492113e-38
432,GNG7,Gng7,phenotype-constrained,spikeKineticsMultiplier,1.000713947664713,tau,-0.2149719258672588,1.1336673047492113e-38
433,GALNT18,Galnt18,phenotype-constrained,vRestShift_mV,0.0949170657985616,latency,-0.2853922508967187,2.542667624415557e-67
433,GALNT18,Galnt18,phenotype-constrained,inputResistanceMultiplier,1.0054345275178784,latency,-0.2853922508967187,2.542667624415557e-67
433,GALNT18,Galnt18,phenotype-constrained,tauMultiplier,0.958266845936449,latency,-0.2853922508967187,2.542667624415557e-67
433,GALNT18,Galnt18,phenotype-constrained,fiGainMultiplier,0.9977624269887304,latency,-0.2853922508967187,2.542667624415557e-67
433,GALNT18,Galnt18,phenotype-constrained,adaptationMultiplier,1.027672307885231,latency,-0.2853922508967187,2.542667624415557e-67
433,GALNT18,Galnt18,phenotype-constrained,latencyMultiplier,0.9049394099872152,latency,-0.2853922508967187,2.542667624415557e-67
433,GALNT18,Galnt18,phenotype-constrained,sagMultiplier,0.9344267063476948,latency,-0.2853922508967187,2.542667624415557e-67
433,GALNT18,Galnt18,phenotype-constrained,thresholdCurrentMultiplier,0.9942773642846714,latency,-0.2853922508967187,2.542667624415557e-67
433,GALNT18,Galnt18,phenotype-constrained,thresholdVoltageShift_mV,0.1146841194054537,latency,-0.2853922508967187,2.542667624415557e-67
433,GALNT18,Galnt18,phenotype-constrained,spikeKineticsMultiplier,1.0421151287664199,latency,-0.2853922508967187,2.542667624415557e-67
434,SYN2,Syn2,phenotype-constrained,vRestShift_mV,0.4422487606622128,upstroke_downstroke_ratio_long_square,0.2133958114963072,2.491961278478874e-38
434,SYN2,Syn2,phenotype-constrained,inputResistanceMultiplier,1.0496753222319053,upstroke_downstroke_ratio_long_square,0.2133958114963072,2.491961278478874e-38
434,SYN2,Syn2,phenotype-constrained,tauMultiplier,1.0327176011545613,upstroke_downstroke_ratio_long_square,0.2133958114963072,2.491961278478874e-38
434,SYN2,Syn2,phenotype-constrained,fiGainMultiplier,0.9293431596574547,upstroke_downstroke_ratio_long_square,0.2133958114963072,2.491961278478874e-38
434,SYN2,Syn2,phenotype-constrained,adaptationMultiplier,1.0402329847031495,upstroke_downstroke_ratio_long_square,0.2133958114963072,2.491961278478874e-38
434,SYN2,Syn2,phenotype-constrained,latencyMultiplier,1.009879986849994,upstroke_downstroke_ratio_long_square,0.2133958114963072,2.491961278478874e-38
434,SYN2,Syn2,phenotype-constrained,sagMultiplier,1.0456233993909092,upstroke_downstroke_ratio_long_square,0.2133958114963072,2.491961278478874e-38
434,SYN2,Syn2,phenotype-constrained,thresholdCurrentMultiplier,0.9532256115028453,upstroke_downstroke_ratio_long_square,0.2133958114963072,2.491961278478874e-38
434,SYN2,Syn2,phenotype-constrained,thresholdVoltageShift_mV,-0.0024456540534531002,upstroke_downstroke_ratio_long_square,0.2133958114963072,2.491961278478874e-38
434,SYN2,Syn2,phenotype-constrained,spikeKineticsMultiplier,1.0661123811971651,upstroke_downstroke_ratio_long_square,0.2133958114963072,2.491961278478874e-38
435,FHL1,Fhl1,phenotype-constrained,vRestShift_mV,0.170176323681608,threshold_i_long_square,-0.2127485989730417,7.074347687458142e-38
435,FHL1,Fhl1,phenotype-constrained,inputResistanceMultiplier,1.0587133086909508,threshold_i_long_square,-0.2127485989730417,7.074347687458142e-38
435,FHL1,Fhl1,phenotype-constrained,tauMultiplier,1.0536348383412513,threshold_i_long_square,-0.2127485989730417,7.074347687458142e-38
435,FHL1,Fhl1,phenotype-constrained,fiGainMultiplier,0.9419116343382233,threshold_i_long_square,-0.2127485989730417,7.074347687458142e-38
435,FHL1,Fhl1,phenotype-constrained,adaptationMultiplier,1.0632418147050782,threshold_i_long_square,-0.2127485989730417,7.074347687458142e-38
435,FHL1,Fhl1,phenotype-constrained,latencyMultiplier,1.000456673251718,threshold_i_long_square,-0.2127485989730417,7.074347687458142e-38
435,FHL1,Fhl1,phenotype-constrained,sagMultiplier,1.0374216199858557,threshold_i_long_square,-0.2127485989730417,7.074347687458142e-38
435,FHL1,Fhl1,phenotype-constrained,thresholdCurrentMultiplier,0.9282427376643878,threshold_i_long_square,-0.2127485989730417,7.074347687458142e-38
435,FHL1,Fhl1,phenotype-constrained,thresholdVoltageShift_mV,-0.21160024788838772,threshold_i_long_square,-0.2127485989730417,7.074347687458142e-38
435,FHL1,Fhl1,phenotype-constrained,spikeKineticsMultiplier,1.0418777638645464,threshold_i_long_square,-0.2127485989730417,7.074347687458142e-38
436,SERPINE2,Serpine2,phenotype-constrained,vRestShift_mV,0.2958293527682568,upstroke_downstroke_ratio_long_square,0.2400522465803534,2.0829119652740397e-48
436,SERPINE2,Serpine2,phenotype-constrained,inputResistanceMultiplier,1.059353322987514,upstroke_downstroke_ratio_long_square,0.2400522465803534,2.0829119652740397e-48
436,SERPINE2,Serpine2,phenotype-constrained,tauMultiplier,1.04553448550786,upstroke_downstroke_ratio_long_square,0.2400522465803534,2.0829119652740397e-48
436,SERPINE2,Serpine2,phenotype-constrained,fiGainMultiplier,0.9545004595534742,upstroke_downstroke_ratio_long_square,0.2400522465803534,2.0829119652740397e-48
436,SERPINE2,Serpine2,phenotype-constrained,adaptationMultiplier,1.0670716458430138,upstroke_downstroke_ratio_long_square,0.2400522465803534,2.0829119652740397e-48
436,SERPINE2,Serpine2,phenotype-constrained,latencyMultiplier,0.9874333232032337,upstroke_downstroke_ratio_long_square,0.2400522465803534,2.0829119652740397e-48
436,SERPINE2,Serpine2,phenotype-constrained,sagMultiplier,1.0124020336895558,upstroke_downstroke_ratio_long_square,0.2400522465803534,2.0829119652740397e-48
436,SERPINE2,Serpine2,phenotype-constrained,thresholdCurrentMultiplier,0.9342361512651955,upstroke_downstroke_ratio_long_square,0.2400522465803534,2.0829119652740397e-48
436,SERPINE2,Serpine2,phenotype-constrained,thresholdVoltageShift_mV,-0.060597849447772204,upstroke_downstroke_ratio_long_square,0.2400522465803534,2.0829119652740397e-48
436,SERPINE2,Serpine2,phenotype-constrained,spikeKineticsMultiplier,1.0746721883158572,upstroke_downstroke_ratio_long_square,0.2400522465803534,2.0829119652740397e-48
437,IL1RAPL2,Il1rapl2,phenotype-constrained,vRestShift_mV,-0.0766100983129372,upstroke_downstroke_ratio_long_square,-0.2089820162910294,8.77399387924016e-37
437,IL1RAPL2,Il1rapl2,phenotype-constrained,inputResistanceMultiplier,0.9623065058844854,upstroke_downstroke_ratio_long_square,-0.2089820162910294,8.77399387924016e-37
437,IL1RAPL2,Il1rapl2,phenotype-constrained,tauMultiplier,0.961917594566672,upstroke_downstroke_ratio_long_square,-0.2089820162910294,8.77399387924016e-37
437,IL1RAPL2,Il1rapl2,phenotype-constrained,fiGainMultiplier,1.077227362605707,upstroke_downstroke_ratio_long_square,-0.2089820162910294,8.77399387924016e-37
437,IL1RAPL2,Il1rapl2,phenotype-constrained,adaptationMultiplier,0.9570715976294893,upstroke_downstroke_ratio_long_square,-0.2089820162910294,8.77399387924016e-37
437,IL1RAPL2,Il1rapl2,phenotype-constrained,latencyMultiplier,1.020100842824194,upstroke_downstroke_ratio_long_square,-0.2089820162910294,8.77399387924016e-37
437,IL1RAPL2,Il1rapl2,phenotype-constrained,sagMultiplier,0.9553687246986252,upstroke_downstroke_ratio_long_square,-0.2089820162910294,8.77399387924016e-37
437,IL1RAPL2,Il1rapl2,phenotype-constrained,thresholdCurrentMultiplier,1.039687664623629,upstroke_downstroke_ratio_long_square,-0.2089820162910294,8.77399387924016e-37
437,IL1RAPL2,Il1rapl2,phenotype-constrained,thresholdVoltageShift_mV,0.26083828166283807,upstroke_downstroke_ratio_long_square,-0.2089820162910294,8.77399387924016e-37
437,IL1RAPL2,Il1rapl2,phenotype-constrained,spikeKineticsMultiplier,0.9392302662273819,upstroke_downstroke_ratio_long_square,-0.2089820162910294,8.77399387924016e-37
438,SORBS1,Sorbs1,phenotype-constrained,vRestShift_mV,-0.3870797450089124,tau,-0.1886123605321063,6.30485835470008e-30
438,SORBS1,Sorbs1,phenotype-constrained,inputResistanceMultiplier,0.9552305651183286,tau,-0.1886123605321063,6.30485835470008e-30
438,SORBS1,Sorbs1,phenotype-constrained,tauMultiplier,0.9449873780299745,tau,-0.1886123605321063,6.30485835470008e-30
438,SORBS1,Sorbs1,phenotype-constrained,fiGainMultiplier,1.0685844189218543,tau,-0.1886123605321063,6.30485835470008e-30
438,SORBS1,Sorbs1,phenotype-constrained,adaptationMultiplier,0.9523393501767878,tau,-0.1886123605321063,6.30485835470008e-30
438,SORBS1,Sorbs1,phenotype-constrained,latencyMultiplier,0.9755195957085199,tau,-0.1886123605321063,6.30485835470008e-30
438,SORBS1,Sorbs1,phenotype-constrained,sagMultiplier,0.973143199836391,tau,-0.1886123605321063,6.30485835470008e-30
438,SORBS1,Sorbs1,phenotype-constrained,thresholdCurrentMultiplier,1.060153334187379,tau,-0.1886123605321063,6.30485835470008e-30
438,SORBS1,Sorbs1,phenotype-constrained,thresholdVoltageShift_mV,0.3017680148494851,tau,-0.1886123605321063,6.30485835470008e-30
438,SORBS1,Sorbs1,phenotype-constrained,spikeKineticsMultiplier,0.9589838636668558,tau,-0.1886123605321063,6.30485835470008e-30
439,PPFIBP1,Ppfibp1,phenotype-constrained,vRestShift_mV,0.0720354449600632,upstroke_downstroke_ratio_long_square,-0.2083815178611442,1.4158864873253129e-36
439,PPFIBP1,Ppfibp1,phenotype-constrained,inputResistanceMultiplier,0.9660778928318078,upstroke_downstroke_ratio_long_square,-0.2083815178611442,1.4158864873253129e-36
439,PPFIBP1,Ppfibp1,phenotype-constrained,tauMultiplier,0.979846259919855,upstroke_downstroke_ratio_long_square,-0.2083815178611442,1.4158864873253129e-36
439,PPFIBP1,Ppfibp1,phenotype-constrained,fiGainMultiplier,1.0610289690181398,upstroke_downstroke_ratio_long_square,-0.2083815178611442,1.4158864873253129e-36
439,PPFIBP1,Ppfibp1,phenotype-constrained,adaptationMultiplier,0.951567545841721,upstroke_downstroke_ratio_long_square,-0.2083815178611442,1.4158864873253129e-36
439,PPFIBP1,Ppfibp1,phenotype-constrained,latencyMultiplier,1.0163700248690253,upstroke_downstroke_ratio_long_square,-0.2083815178611442,1.4158864873253129e-36
439,PPFIBP1,Ppfibp1,phenotype-constrained,sagMultiplier,0.956389927004045,upstroke_downstroke_ratio_long_square,-0.2083815178611442,1.4158864873253129e-36
439,PPFIBP1,Ppfibp1,phenotype-constrained,thresholdCurrentMultiplier,1.054144329773799,upstroke_downstroke_ratio_long_square,-0.2083815178611442,1.4158864873253129e-36
439,PPFIBP1,Ppfibp1,phenotype-constrained,thresholdVoltageShift_mV,0.412363135787454,upstroke_downstroke_ratio_long_square,-0.2083815178611442,1.4158864873253129e-36
439,PPFIBP1,Ppfibp1,phenotype-constrained,spikeKineticsMultiplier,0.9393994833591687,upstroke_downstroke_ratio_long_square,-0.2083815178611442,1.4158864873253129e-36
440,KLHL5,Klhl5,phenotype-constrained,vRestShift_mV,0.0601930038297352,upstroke_downstroke_ratio_long_square,-0.2941834277558546,5.4091943636421147e-73
440,KLHL5,Klhl5,phenotype-constrained,inputResistanceMultiplier,0.9888840787649834,upstroke_downstroke_ratio_long_square,-0.2941834277558546,5.4091943636421147e-73
440,KLHL5,Klhl5,phenotype-constrained,tauMultiplier,1.0077097022344157,upstroke_downstroke_ratio_long_square,-0.2941834277558546,5.4091943636421147e-73
440,KLHL5,Klhl5,phenotype-constrained,fiGainMultiplier,1.0693396599521154,upstroke_downstroke_ratio_long_square,-0.2941834277558546,5.4091943636421147e-73
440,KLHL5,Klhl5,phenotype-constrained,adaptationMultiplier,1.0103077681348571,upstroke_downstroke_ratio_long_square,-0.2941834277558546,5.4091943636421147e-73
440,KLHL5,Klhl5,phenotype-constrained,latencyMultiplier,0.9742569073248747,upstroke_downstroke_ratio_long_square,-0.2941834277558546,5.4091943636421147e-73
440,KLHL5,Klhl5,phenotype-constrained,sagMultiplier,1.0164045876167027,upstroke_downstroke_ratio_long_square,-0.2941834277558546,5.4091943636421147e-73
440,KLHL5,Klhl5,phenotype-constrained,thresholdCurrentMultiplier,1.0261053260756996,upstroke_downstroke_ratio_long_square,-0.2941834277558546,5.4091943636421147e-73
440,KLHL5,Klhl5,phenotype-constrained,thresholdVoltageShift_mV,0.16826867707384108,upstroke_downstroke_ratio_long_square,-0.2941834277558546,5.4091943636421147e-73
440,KLHL5,Klhl5,phenotype-constrained,spikeKineticsMultiplier,0.9155273615369852,upstroke_downstroke_ratio_long_square,-0.2941834277558546,5.4091943636421147e-73
441,GALNTL6,Galntl6,phenotype-constrained,vRestShift_mV,-0.2925087393649128,upstroke_downstroke_ratio_long_square,-0.2080085924711271,1.892014520496433e-36
441,GALNTL6,Galntl6,phenotype-constrained,inputResistanceMultiplier,1.01038667533473,upstroke_downstroke_ratio_long_square,-0.2080085924711271,1.892014520496433e-36
441,GALNTL6,Galntl6,phenotype-constrained,tauMultiplier,1.0256354756233055,upstroke_downstroke_ratio_long_square,-0.2080085924711271,1.892014520496433e-36
441,GALNTL6,Galntl6,phenotype-constrained,fiGainMultiplier,1.0253636275417648,upstroke_downstroke_ratio_long_square,-0.2080085924711271,1.892014520496433e-36
441,GALNTL6,Galntl6,phenotype-constrained,adaptationMultiplier,1.0613187463614429,upstroke_downstroke_ratio_long_square,-0.2080085924711271,1.892014520496433e-36
441,GALNTL6,Galntl6,phenotype-constrained,latencyMultiplier,0.953272531109656,upstroke_downstroke_ratio_long_square,-0.2080085924711271,1.892014520496433e-36
441,GALNTL6,Galntl6,phenotype-constrained,sagMultiplier,1.02186049105531,upstroke_downstroke_ratio_long_square,-0.2080085924711271,1.892014520496433e-36
441,GALNTL6,Galntl6,phenotype-constrained,thresholdCurrentMultiplier,0.996948919821674,upstroke_downstroke_ratio_long_square,-0.2080085924711271,1.892014520496433e-36
441,GALNTL6,Galntl6,phenotype-constrained,thresholdVoltageShift_mV,-0.2061781435007658,upstroke_downstroke_ratio_long_square,-0.2080085924711271,1.892014520496433e-36
441,GALNTL6,Galntl6,phenotype-constrained,spikeKineticsMultiplier,0.9395045870140464,upstroke_downstroke_ratio_long_square,-0.2080085924711271,1.892014520496433e-36
442,ALCAM,Alcam,phenotype-constrained,vRestShift_mV,0.0392878961256656,avg_isi,-0.2608874460916913,1.451423483634568e-56
442,ALCAM,Alcam,phenotype-constrained,inputResistanceMultiplier,1.0115298674253366,avg_isi,-0.2608874460916913,1.451423483634568e-56
442,ALCAM,Alcam,phenotype-constrained,tauMultiplier,0.9802478219568816,avg_isi,-0.2608874460916913,1.451423483634568e-56
442,ALCAM,Alcam,phenotype-constrained,fiGainMultiplier,1.0746724049987635,avg_isi,-0.2608874460916913,1.451423483634568e-56
442,ALCAM,Alcam,phenotype-constrained,adaptationMultiplier,0.9909749764215082,avg_isi,-0.2608874460916913,1.451423483634568e-56
442,ALCAM,Alcam,phenotype-constrained,latencyMultiplier,0.9501867497204012,avg_isi,-0.2608874460916913,1.451423483634568e-56
442,ALCAM,Alcam,phenotype-constrained,sagMultiplier,0.9843633167173966,avg_isi,-0.2608874460916913,1.451423483634568e-56
442,ALCAM,Alcam,phenotype-constrained,thresholdCurrentMultiplier,0.9745124287235242,avg_isi,-0.2608874460916913,1.451423483634568e-56
442,ALCAM,Alcam,phenotype-constrained,thresholdVoltageShift_mV,0.24910118427855688,avg_isi,-0.2608874460916913,1.451423483634568e-56
442,ALCAM,Alcam,phenotype-constrained,spikeKineticsMultiplier,0.9741441944378287,avg_isi,-0.2608874460916913,1.451423483634568e-56
443,CDH22,Cdh22,phenotype-constrained,vRestShift_mV,0.3519650816011104,tau,0.2601670830916012,1.1853363016197117e-56
443,CDH22,Cdh22,phenotype-constrained,inputResistanceMultiplier,1.0569264874515858,tau,0.2601670830916012,1.1853363016197117e-56
443,CDH22,Cdh22,phenotype-constrained,tauMultiplier,1.081176851223134,tau,0.2601670830916012,1.1853363016197117e-56
443,CDH22,Cdh22,phenotype-constrained,fiGainMultiplier,0.9499825803954188,tau,0.2601670830916012,1.1853363016197117e-56
443,CDH22,Cdh22,phenotype-constrained,adaptationMultiplier,1.0509616987710906,tau,0.2601670830916012,1.1853363016197117e-56
443,CDH22,Cdh22,phenotype-constrained,latencyMultiplier,1.0313385000492101,tau,0.2601670830916012,1.1853363016197117e-56
443,CDH22,Cdh22,phenotype-constrained,sagMultiplier,1.0714840384216184,tau,0.2601670830916012,1.1853363016197117e-56
443,CDH22,Cdh22,phenotype-constrained,thresholdCurrentMultiplier,0.9368683864977312,tau,0.2601670830916012,1.1853363016197117e-56
443,CDH22,Cdh22,phenotype-constrained,thresholdVoltageShift_mV,-0.39871299304687924,tau,0.2601670830916012,1.1853363016197117e-56
443,CDH22,Cdh22,phenotype-constrained,spikeKineticsMultiplier,1.0032328049083632,tau,0.2601670830916012,1.1853363016197117e-56
444,FHOD3,Fhod3,phenotype-constrained,vRestShift_mV,-0.3855147211336224,upstroke_downstroke_ratio_long_square,-0.1731348528890088,1.578563900319032e-25
444,FHOD3,Fhod3,phenotype-constrained,inputResistanceMultiplier,0.9538986888348416,upstroke_downstroke_ratio_long_square,-0.1731348528890088,1.578563900319032e-25
444,FHOD3,Fhod3,phenotype-constrained,tauMultiplier,0.9598653868639535,upstroke_downstroke_ratio_long_square,-0.1731348528890088,1.578563900319032e-25
444,FHOD3,Fhod3,phenotype-constrained,fiGainMultiplier,1.0543214280996391,upstroke_downstroke_ratio_long_square,-0.1731348528890088,1.578563900319032e-25
444,FHOD3,Fhod3,phenotype-constrained,adaptationMultiplier,0.9638638383938598,upstroke_downstroke_ratio_long_square,-0.1731348528890088,1.578563900319032e-25
444,FHOD3,Fhod3,phenotype-constrained,latencyMultiplier,0.9832981692621288,upstroke_downstroke_ratio_long_square,-0.1731348528890088,1.578563900319032e-25
444,FHOD3,Fhod3,phenotype-constrained,sagMultiplier,0.9471510373360336,upstroke_downstroke_ratio_long_square,-0.1731348528890088,1.578563900319032e-25
444,FHOD3,Fhod3,phenotype-constrained,thresholdCurrentMultiplier,1.0566914917607602,upstroke_downstroke_ratio_long_square,-0.1731348528890088,1.578563900319032e-25
444,FHOD3,Fhod3,phenotype-constrained,thresholdVoltageShift_mV,0.1757612227562568,upstroke_downstroke_ratio_long_square,-0.1731348528890088,1.578563900319032e-25
444,FHOD3,Fhod3,phenotype-constrained,spikeKineticsMultiplier,0.9493853954904379,upstroke_downstroke_ratio_long_square,-0.1731348528890088,1.578563900319032e-25
445,GCC2,Gcc2,phenotype-constrained,vRestShift_mV,-0.1118186598063756,upstroke_downstroke_ratio_long_square,-0.2077917028252172,2.2435108263910632e-36
445,GCC2,Gcc2,phenotype-constrained,inputResistanceMultiplier,0.955848862359727,upstroke_downstroke_ratio_long_square,-0.2077917028252172,2.2435108263910632e-36
445,GCC2,Gcc2,phenotype-constrained,tauMultiplier,0.9667416055385993,upstroke_downstroke_ratio_long_square,-0.2077917028252172,2.2435108263910632e-36
445,GCC2,Gcc2,phenotype-constrained,fiGainMultiplier,1.07320555012413,upstroke_downstroke_ratio_long_square,-0.2077917028252172,2.2435108263910632e-36
445,GCC2,Gcc2,phenotype-constrained,adaptationMultiplier,0.9451629301147487,upstroke_downstroke_ratio_long_square,-0.2077917028252172,2.2435108263910632e-36
445,GCC2,Gcc2,phenotype-constrained,latencyMultiplier,1.0135484880892809,upstroke_downstroke_ratio_long_square,-0.2077917028252172,2.2435108263910632e-36
445,GCC2,Gcc2,phenotype-constrained,sagMultiplier,0.9750884824624819,upstroke_downstroke_ratio_long_square,-0.2077917028252172,2.2435108263910632e-36
445,GCC2,Gcc2,phenotype-constrained,thresholdCurrentMultiplier,1.058595884813809,upstroke_downstroke_ratio_long_square,-0.2077917028252172,2.2435108263910632e-36
445,GCC2,Gcc2,phenotype-constrained,thresholdVoltageShift_mV,0.17824368779758082,upstroke_downstroke_ratio_long_square,-0.2077917028252172,2.2435108263910632e-36
445,GCC2,Gcc2,phenotype-constrained,spikeKineticsMultiplier,0.9395657196480425,upstroke_downstroke_ratio_long_square,-0.2077917028252172,2.2435108263910632e-36
446,CIT,Cit,phenotype-constrained,vRestShift_mV,-0.3159950731086232,latency,-0.2939583123701051,1.7835012204059306e-71
446,CIT,Cit,phenotype-constrained,inputResistanceMultiplier,0.9849881605844729,latency,-0.2939583123701051,1.7835012204059306e-71
446,CIT,Cit,phenotype-constrained,tauMultiplier,0.9290414459854943,latency,-0.2939583123701051,1.7835012204059306e-71
446,CIT,Cit,phenotype-constrained,fiGainMultiplier,1.0479445962202725,latency,-0.2939583123701051,1.7835012204059306e-71
446,CIT,Cit,phenotype-constrained,adaptationMultiplier,0.9726210522064632,latency,-0.2939583123701051,1.7835012204059306e-71
446,CIT,Cit,phenotype-constrained,latencyMultiplier,0.9022303547394014,latency,-0.2939583123701051,1.7835012204059306e-71
446,CIT,Cit,phenotype-constrained,sagMultiplier,1.0040342238959605,latency,-0.2939583123701051,1.7835012204059306e-71
446,CIT,Cit,phenotype-constrained,thresholdCurrentMultiplier,1.0177818777066403,latency,-0.2939583123701051,1.7835012204059306e-71
446,CIT,Cit,phenotype-constrained,thresholdVoltageShift_mV,0.1552877103272487,latency,-0.2939583123701051,1.7835012204059306e-71
446,CIT,Cit,phenotype-constrained,spikeKineticsMultiplier,1.0082796395221008,latency,-0.2939583123701051,1.7835012204059306e-71
447,PDE2A,Pde2a,phenotype-constrained,vRestShift_mV,0.2417666148175184,tau,0.2599726080912771,1.436269501812865e-56
447,PDE2A,Pde2a,phenotype-constrained,inputResistanceMultiplier,1.0599040497081318,tau,0.2599726080912771,1.436269501812865e-56
447,PDE2A,Pde2a,phenotype-constrained,tauMultiplier,1.081113774502631,tau,0.2599726080912771,1.436269501812865e-56
447,PDE2A,Pde2a,phenotype-constrained,fiGainMultiplier,0.9739627888002746,tau,0.2599726080912771,1.436269501812865e-56
447,PDE2A,Pde2a,phenotype-constrained,adaptationMultiplier,1.0710727546820353,tau,0.2599726080912771,1.436269501812865e-56
447,PDE2A,Pde2a,phenotype-constrained,latencyMultiplier,1.012484999154413,tau,0.2599726080912771,1.436269501812865e-56
447,PDE2A,Pde2a,phenotype-constrained,sagMultiplier,1.0662404020190008,tau,0.2599726080912771,1.436269501812865e-56
447,PDE2A,Pde2a,phenotype-constrained,thresholdCurrentMultiplier,0.944918178556915,tau,0.2599726080912771,1.436269501812865e-56
447,PDE2A,Pde2a,phenotype-constrained,thresholdVoltageShift_mV,-0.31761537329310363,tau,0.2599726080912771,1.436269501812865e-56
447,PDE2A,Pde2a,phenotype-constrained,spikeKineticsMultiplier,0.9724146374563534,tau,0.2599726080912771,1.436269501812865e-56
448,NCALD,Ncald,phenotype-constrained,vRestShift_mV,-0.2854549781929904,tau,-0.2588329907711432,4.4982856685343655e-56
448,NCALD,Ncald,phenotype-constrained,inputResistanceMultiplier,0.9474713543468807,tau,-0.2588329907711432,4.4982856685343655e-56
448,NCALD,Ncald,phenotype-constrained,tauMultiplier,0.9252883158441436,tau,-0.2588329907711432,4.4982856685343655e-56
448,NCALD,Ncald,phenotype-constrained,fiGainMultiplier,1.0229665545210287,tau,-0.2588329907711432,4.4982856685343655e-56
448,NCALD,Ncald,phenotype-constrained,adaptationMultiplier,0.9312686161556492,tau,-0.2588329907711432,4.4982856685343655e-56
448,NCALD,Ncald,phenotype-constrained,latencyMultiplier,0.9696315971542622,tau,-0.2588329907711432,4.4982856685343655e-56
448,NCALD,Ncald,phenotype-constrained,sagMultiplier,0.9449104531393682,tau,-0.2588329907711432,4.4982856685343655e-56
448,NCALD,Ncald,phenotype-constrained,thresholdCurrentMultiplier,1.0555308501352314,tau,-0.2588329907711432,4.4982856685343655e-56
448,NCALD,Ncald,phenotype-constrained,thresholdVoltageShift_mV,0.2350589470034271,tau,-0.2588329907711432,4.4982856685343655e-56
448,NCALD,Ncald,phenotype-constrained,spikeKineticsMultiplier,1.0148896847661952,tau,-0.2588329907711432,4.4982856685343655e-56
449,SLC6A17,Slc6a17,phenotype-constrained,vRestShift_mV,-0.2464193481307228,tau,-0.1856427005051592,5.076690246406453e-29
449,SLC6A17,Slc6a17,phenotype-constrained,inputResistanceMultiplier,0.9592191483077063,tau,-0.1856427005051592,5.076690246406453e-29
449,SLC6A17,Slc6a17,phenotype-constrained,tauMultiplier,0.94582964053201,tau,-0.1856427005051592,5.076690246406453e-29
449,SLC6A17,Slc6a17,phenotype-constrained,fiGainMultiplier,1.0711673196386988,tau,-0.1856427005051592,5.076690246406453e-29
449,SLC6A17,Slc6a17,phenotype-constrained,adaptationMultiplier,0.9480884948881738,tau,-0.1856427005051592,5.076690246406453e-29
449,SLC6A17,Slc6a17,phenotype-constrained,latencyMultiplier,0.98653304769583,tau,-0.1856427005051592,5.076690246406453e-29
449,SLC6A17,Slc6a17,phenotype-constrained,sagMultiplier,0.9624901644951291,tau,-0.1856427005051592,5.076690246406453e-29
449,SLC6A17,Slc6a17,phenotype-constrained,thresholdCurrentMultiplier,1.0656595815795602,tau,-0.1856427005051592,5.076690246406453e-29
449,SLC6A17,Slc6a17,phenotype-constrained,thresholdVoltageShift_mV,0.3964033491716046,tau,-0.1856427005051592,5.076690246406453e-29
449,SLC6A17,Slc6a17,phenotype-constrained,spikeKineticsMultiplier,0.9592292819527252,tau,-0.1856427005051592,5.076690246406453e-29
450,PTPRT,Ptprt,phenotype-constrained,vRestShift_mV,0.09031958547829,latency,0.2757896279265684,8.808361952264127e-63
450,PTPRT,Ptprt,phenotype-constrained,inputResistanceMultiplier,1.0174158062456207,latency,0.2757896279265684,8.808361952264127e-63
450,PTPRT,Ptprt,phenotype-constrained,tauMultiplier,1.0635172906882622,latency,0.2757896279265684,8.808361952264127e-63
450,PTPRT,Ptprt,phenotype-constrained,fiGainMultiplier,0.9799614669370171,latency,0.2757896279265684,8.808361952264127e-63
450,PTPRT,Ptprt,phenotype-constrained,adaptationMultiplier,0.9936884051470694,latency,0.2757896279265684,8.808361952264127e-63
450,PTPRT,Ptprt,phenotype-constrained,latencyMultiplier,1.1013386228117916,latency,0.2757896279265684,8.808361952264127e-63
450,PTPRT,Ptprt,phenotype-constrained,sagMultiplier,1.0482736466272404,latency,0.2757896279265684,8.808361952264127e-63
450,PTPRT,Ptprt,phenotype-constrained,thresholdCurrentMultiplier,0.9632357097668421,latency,0.2757896279265684,8.808361952264127e-63
450,PTPRT,Ptprt,phenotype-constrained,thresholdVoltageShift_mV,0.2271998616820941,latency,0.2757896279265684,8.808361952264127e-63
450,PTPRT,Ptprt,phenotype-constrained,spikeKineticsMultiplier,0.9980483719915956,latency,0.2757896279265684,8.808361952264127e-63
451,DLG2,Dlg2,phenotype-constrained,vRestShift_mV,0.1753432055676368,tau,0.2047060474692833,4.076167265008096e-35
451,DLG2,Dlg2,phenotype-constrained,inputResistanceMultiplier,1.0583109927229757,tau,0.2047060474692833,4.076167265008096e-35
451,DLG2,Dlg2,phenotype-constrained,tauMultiplier,1.0633367212379743,tau,0.2047060474692833,4.076167265008096e-35
451,DLG2,Dlg2,phenotype-constrained,fiGainMultiplier,1.0167379342899032,tau,0.2047060474692833,4.076167265008096e-35
451,DLG2,Dlg2,phenotype-constrained,adaptationMultiplier,1.028801201154993,tau,0.2047060474692833,4.076167265008096e-35
451,DLG2,Dlg2,phenotype-constrained,latencyMultiplier,1.0147073345466666,tau,0.2047060474692833,4.076167265008096e-35
451,DLG2,Dlg2,phenotype-constrained,sagMultiplier,1.0230893242263146,tau,0.2047060474692833,4.076167265008096e-35
451,DLG2,Dlg2,phenotype-constrained,thresholdCurrentMultiplier,0.941506500729355,tau,0.2047060474692833,4.076167265008096e-35
451,DLG2,Dlg2,phenotype-constrained,thresholdVoltageShift_mV,-0.17135745260006072,tau,0.2047060474692833,4.076167265008096e-35
451,DLG2,Dlg2,phenotype-constrained,spikeKineticsMultiplier,0.968419272399057,tau,0.2047060474692833,4.076167265008096e-35
452,ASTN2,Astn2,phenotype-constrained,vRestShift_mV,-0.0869872381404992,fast_trough_v_long_square,-0.2561064629505264,1.1671036232127832e-54
452,ASTN2,Astn2,phenotype-constrained,inputResistanceMultiplier,0.9639261589062531,fast_trough_v_long_square,-0.2561064629505264,1.1671036232127832e-54
452,ASTN2,Astn2,phenotype-constrained,tauMultiplier,0.9983194759157868,fast_trough_v_long_square,-0.2561064629505264,1.1671036232127832e-54
452,ASTN2,Astn2,phenotype-constrained,fiGainMultiplier,1.0448673981599423,fast_trough_v_long_square,-0.2561064629505264,1.1671036232127832e-54
452,ASTN2,Astn2,phenotype-constrained,adaptationMultiplier,0.9574303680000465,fast_trough_v_long_square,-0.2561064629505264,1.1671036232127832e-54
452,ASTN2,Astn2,phenotype-constrained,latencyMultiplier,1.0301320678989294,fast_trough_v_long_square,-0.2561064629505264,1.1671036232127832e-54
452,ASTN2,Astn2,phenotype-constrained,sagMultiplier,0.9666364539423833,fast_trough_v_long_square,-0.2561064629505264,1.1671036232127832e-54
452,ASTN2,Astn2,phenotype-constrained,thresholdCurrentMultiplier,1.0560439990166863,fast_trough_v_long_square,-0.2561064629505264,1.1671036232127832e-54
452,ASTN2,Astn2,phenotype-constrained,thresholdVoltageShift_mV,0.0737945883044982,fast_trough_v_long_square,-0.2561064629505264,1.1671036232127832e-54
452,ASTN2,Astn2,phenotype-constrained,spikeKineticsMultiplier,0.9283773829021702,fast_trough_v_long_square,-0.2561064629505264,1.1671036232127832e-54
453,CELF2,Celf2,phenotype-constrained,vRestShift_mV,-0.3118849768422112,fast_trough_v_long_square,-0.2741388332407009,9.61384640924302e-63
453,CELF2,Celf2,phenotype-constrained,inputResistanceMultiplier,0.9709946470614322,fast_trough_v_long_square,-0.2741388332407009,9.61384640924302e-63
453,CELF2,Celf2,phenotype-constrained,tauMultiplier,1.0155300835228447,fast_trough_v_long_square,-0.2741388332407009,9.61384640924302e-63
453,CELF2,Celf2,phenotype-constrained,fiGainMultiplier,1.0523340585216001,fast_trough_v_long_square,-0.2741388332407009,9.61384640924302e-63
453,CELF2,Celf2,phenotype-constrained,adaptationMultiplier,0.9706076732995157,fast_trough_v_long_square,-0.2741388332407009,9.61384640924302e-63
453,CELF2,Celf2,phenotype-constrained,latencyMultiplier,1.0602188024008796,fast_trough_v_long_square,-0.2741388332407009,9.61384640924302e-63
453,CELF2,Celf2,phenotype-constrained,sagMultiplier,1.0001685454355327,fast_trough_v_long_square,-0.2741388332407009,9.61384640924302e-63
453,CELF2,Celf2,phenotype-constrained,thresholdCurrentMultiplier,1.0274855714675515,fast_trough_v_long_square,-0.2741388332407009,9.61384640924302e-63
453,CELF2,Celf2,phenotype-constrained,thresholdVoltageShift_mV,0.0109008428871894,fast_trough_v_long_square,-0.2741388332407009,9.61384640924302e-63
453,CELF2,Celf2,phenotype-constrained,spikeKineticsMultiplier,0.9269840419878917,fast_trough_v_long_square,-0.2741388332407009,9.61384640924302e-63
454,RAPGEF4,Rapgef4,phenotype-constrained,vRestShift_mV,-0.0626110155293048,threshold_i_short_square,0.1850997017359905,1.611291613635595e-28
454,RAPGEF4,Rapgef4,phenotype-constrained,inputResistanceMultiplier,0.964081195216849,threshold_i_short_square,0.1850997017359905,1.611291613635595e-28
454,RAPGEF4,Rapgef4,phenotype-constrained,tauMultiplier,0.9890056374442708,threshold_i_short_square,0.1850997017359905,1.611291613635595e-28
454,RAPGEF4,Rapgef4,phenotype-constrained,fiGainMultiplier,1.0199413718838324,threshold_i_short_square,0.1850997017359905,1.611291613635595e-28
454,RAPGEF4,Rapgef4,phenotype-constrained,adaptationMultiplier,0.9470692466459868,threshold_i_short_square,0.1850997017359905,1.611291613635595e-28
454,RAPGEF4,Rapgef4,phenotype-constrained,latencyMultiplier,1.0594890101991448,threshold_i_short_square,0.1850997017359905,1.611291613635595e-28
454,RAPGEF4,Rapgef4,phenotype-constrained,sagMultiplier,0.963688069493967,threshold_i_short_square,0.1850997017359905,1.611291613635595e-28
454,RAPGEF4,Rapgef4,phenotype-constrained,thresholdCurrentMultiplier,1.0499537422900973,threshold_i_short_square,0.1850997017359905,1.611291613635595e-28
454,RAPGEF4,Rapgef4,phenotype-constrained,thresholdVoltageShift_mV,0.1820706933251592,threshold_i_short_square,0.1850997017359905,1.611291613635595e-28
454,RAPGEF4,Rapgef4,phenotype-constrained,spikeKineticsMultiplier,0.9807503205197932,threshold_i_short_square,0.1850997017359905,1.611291613635595e-28
455,ITGA8,Itga8,phenotype-constrained,vRestShift_mV,0.393146166695372,ri,0.2323969140729951,4.067402338660653e-45
455,ITGA8,Itga8,phenotype-constrained,inputResistanceMultiplier,1.0722069283757083,ri,0.2323969140729951,4.067402338660653e-45
455,ITGA8,Itga8,phenotype-constrained,tauMultiplier,1.0591287264699196,ri,0.2323969140729951,4.067402338660653e-45
455,ITGA8,Itga8,phenotype-constrained,fiGainMultiplier,0.9728798010710668,ri,0.2323969140729951,4.067402338660653e-45
455,ITGA8,Itga8,phenotype-constrained,adaptationMultiplier,1.047354962275887,ri,0.2323969140729951,4.067402338660653e-45
455,ITGA8,Itga8,phenotype-constrained,latencyMultiplier,0.9908946359287469,ri,0.2323969140729951,4.067402338660653e-45
455,ITGA8,Itga8,phenotype-constrained,sagMultiplier,1.027130450637407,ri,0.2323969140729951,4.067402338660653e-45
455,ITGA8,Itga8,phenotype-constrained,thresholdCurrentMultiplier,0.9347069768969254,ri,0.2323969140729951,4.067402338660653e-45
455,ITGA8,Itga8,phenotype-constrained,thresholdVoltageShift_mV,-0.0414393181476114,ri,0.2323969140729951,4.067402338660653e-45
455,ITGA8,Itga8,phenotype-constrained,spikeKineticsMultiplier,1.0359269649599305,ri,0.2323969140729951,4.067402338660653e-45
456,GRM8,Grm8,phenotype-constrained,vRestShift_mV,-0.0503893104117992,threshold_i_long_square,-0.2037770974267598,8.586337018485001e-35
456,GRM8,Grm8,phenotype-constrained,inputResistanceMultiplier,1.0596152913819115,threshold_i_long_square,-0.2037770974267598,8.586337018485001e-35
456,GRM8,Grm8,phenotype-constrained,tauMultiplier,1.0405741271954607,threshold_i_long_square,-0.2037770974267598,8.586337018485001e-35
456,GRM8,Grm8,phenotype-constrained,fiGainMultiplier,0.9759341353008447,threshold_i_long_square,-0.2037770974267598,8.586337018485001e-35
456,GRM8,Grm8,phenotype-constrained,adaptationMultiplier,1.0309131782503183,threshold_i_long_square,-0.2037770974267598,8.586337018485001e-35
456,GRM8,Grm8,phenotype-constrained,latencyMultiplier,0.9952915903803974,threshold_i_long_square,-0.2037770974267598,8.586337018485001e-35
456,GRM8,Grm8,phenotype-constrained,sagMultiplier,1.0242978510431529,threshold_i_long_square,-0.2037770974267598,8.586337018485001e-35
456,GRM8,Grm8,phenotype-constrained,thresholdCurrentMultiplier,0.9311620244880583,threshold_i_long_square,-0.2037770974267598,8.586337018485001e-35
456,GRM8,Grm8,phenotype-constrained,thresholdVoltageShift_mV,-0.189051397180602,threshold_i_long_square,-0.2037770974267598,8.586337018485001e-35
456,GRM8,Grm8,phenotype-constrained,spikeKineticsMultiplier,1.049074929809098,threshold_i_long_square,-0.2037770974267598,8.586337018485001e-35
457,UBASH3B,Ubash3b,phenotype-constrained,vRestShift_mV,-0.2179948710343052,upstroke_downstroke_ratio_long_square,-0.2316054291945574,4.49077793886857e-45
457,UBASH3B,Ubash3b,phenotype-constrained,inputResistanceMultiplier,0.9528033844737384,upstroke_downstroke_ratio_long_square,-0.2316054291945574,4.49077793886857e-45
457,UBASH3B,Ubash3b,phenotype-constrained,tauMultiplier,0.9783245170915934,upstroke_downstroke_ratio_long_square,-0.2316054291945574,4.49077793886857e-45
457,UBASH3B,Ubash3b,phenotype-constrained,fiGainMultiplier,1.0516070147388812,upstroke_downstroke_ratio_long_square,-0.2316054291945574,4.49077793886857e-45
457,UBASH3B,Ubash3b,phenotype-constrained,adaptationMultiplier,0.9824854589822889,upstroke_downstroke_ratio_long_square,-0.2316054291945574,4.49077793886857e-45
457,UBASH3B,Ubash3b,phenotype-constrained,latencyMultiplier,1.0010616924530402,upstroke_downstroke_ratio_long_square,-0.2316054291945574,4.49077793886857e-45
457,UBASH3B,Ubash3b,phenotype-constrained,sagMultiplier,0.9961413595886837,upstroke_downstroke_ratio_long_square,-0.2316054291945574,4.49077793886857e-45
457,UBASH3B,Ubash3b,phenotype-constrained,thresholdCurrentMultiplier,1.0686706551798115,upstroke_downstroke_ratio_long_square,-0.2316054291945574,4.49077793886857e-45
457,UBASH3B,Ubash3b,phenotype-constrained,thresholdVoltageShift_mV,0.10174013494539211,upstroke_downstroke_ratio_long_square,-0.2316054291945574,4.49077793886857e-45
457,UBASH3B,Ubash3b,phenotype-constrained,spikeKineticsMultiplier,0.9328772713408983,upstroke_downstroke_ratio_long_square,-0.2316054291945574,4.49077793886857e-45
458,PKD1,Pkd1,phenotype-constrained,vRestShift_mV,-0.1921806684555944,upstroke_downstroke_ratio_long_square,-0.2029754958612197,9.684107488498979e-35
458,PKD1,Pkd1,phenotype-constrained,inputResistanceMultiplier,0.9654210422262577,upstroke_downstroke_ratio_long_square,-0.2029754958612197,9.684107488498979e-35
458,PKD1,Pkd1,phenotype-constrained,tauMultiplier,0.9790152881220949,upstroke_downstroke_ratio_long_square,-0.2029754958612197,9.684107488498979e-35
458,PKD1,Pkd1,phenotype-constrained,fiGainMultiplier,1.0659773468875937,upstroke_downstroke_ratio_long_square,-0.2029754958612197,9.684107488498979e-35
458,PKD1,Pkd1,phenotype-constrained,adaptationMultiplier,0.9633946083996971,upstroke_downstroke_ratio_long_square,-0.2029754958612197,9.684107488498979e-35
458,PKD1,Pkd1,phenotype-constrained,latencyMultiplier,1.017816113409176,upstroke_downstroke_ratio_long_square,-0.2029754958612197,9.684107488498979e-35
458,PKD1,Pkd1,phenotype-constrained,sagMultiplier,0.9853957840248742,upstroke_downstroke_ratio_long_square,-0.2029754958612197,9.684107488498979e-35
458,PKD1,Pkd1,phenotype-constrained,thresholdCurrentMultiplier,1.0494050310253544,upstroke_downstroke_ratio_long_square,-0.2029754958612197,9.684107488498979e-35
458,PKD1,Pkd1,phenotype-constrained,thresholdVoltageShift_mV,0.17012003978445,upstroke_downstroke_ratio_long_square,-0.2029754958612197,9.684107488498979e-35
458,PKD1,Pkd1,phenotype-constrained,spikeKineticsMultiplier,0.9409242437403114,upstroke_downstroke_ratio_long_square,-0.2029754958612197,9.684107488498979e-35
459,ATP1A3,Atp1a3,conductance-aware,vRestShift_mV,-0.2190317299418412,upstroke_downstroke_ratio_long_square,-0.2024724663905001,1.4277108681042475e-34
459,ATP1A3,Atp1a3,conductance-aware,inputResistanceMultiplier,0.9783467507018063,upstroke_downstroke_ratio_long_square,-0.2024724663905001,1.4277108681042475e-34
459,ATP1A3,Atp1a3,conductance-aware,tauMultiplier,0.9636436195399745,upstroke_downstroke_ratio_long_square,-0.2024724663905001,1.4277108681042475e-34
459,ATP1A3,Atp1a3,conductance-aware,fiGainMultiplier,1.0684652482379877,upstroke_downstroke_ratio_long_square,-0.2024724663905001,1.4277108681042475e-34
459,ATP1A3,Atp1a3,conductance-aware,adaptationMultiplier,0.972474589344665,upstroke_downstroke_ratio_long_square,-0.2024724663905001,1.4277108681042475e-34
459,ATP1A3,Atp1a3,conductance-aware,latencyMultiplier,0.9659661620678238,upstroke_downstroke_ratio_long_square,-0.2024724663905001,1.4277108681042475e-34
459,ATP1A3,Atp1a3,conductance-aware,sagMultiplier,0.9984601565871171,upstroke_downstroke_ratio_long_square,-0.2024724663905001,1.4277108681042475e-34
459,ATP1A3,Atp1a3,conductance-aware,thresholdCurrentMultiplier,1.0321942980973886,upstroke_downstroke_ratio_long_square,-0.2024724663905001,1.4277108681042475e-34
459,ATP1A3,Atp1a3,conductance-aware,thresholdVoltageShift_mV,0.1654718457306009,upstroke_downstroke_ratio_long_square,-0.2024724663905001,1.4277108681042475e-34
459,ATP1A3,Atp1a3,conductance-aware,spikeKineticsMultiplier,0.9410662482422041,upstroke_downstroke_ratio_long_square,-0.2024724663905001,1.4277108681042475e-34
460,DAPK1,Dapk1,phenotype-constrained,vRestShift_mV,0.1737218100648616,tau,0.2285567124885933,1.0998626885797322e-43
460,DAPK1,Dapk1,phenotype-constrained,inputResistanceMultiplier,1.0471827378909122,tau,0.2285567124885933,1.0998626885797322e-43
460,DAPK1,Dapk1,phenotype-constrained,tauMultiplier,1.0709723924187466,tau,0.2285567124885933,1.0998626885797322e-43
460,DAPK1,Dapk1,phenotype-constrained,fiGainMultiplier,0.9290964548561824,tau,0.2285567124885933,1.0998626885797322e-43
460,DAPK1,Dapk1,phenotype-constrained,adaptationMultiplier,1.0608280304689144,tau,0.2285567124885933,1.0998626885797322e-43
460,DAPK1,Dapk1,phenotype-constrained,latencyMultiplier,1.040520864582521,tau,0.2285567124885933,1.0998626885797322e-43
460,DAPK1,Dapk1,phenotype-constrained,sagMultiplier,1.0425702827679366,tau,0.2285567124885933,1.0998626885797322e-43
460,DAPK1,Dapk1,phenotype-constrained,thresholdCurrentMultiplier,0.9468403389666172,tau,0.2285567124885933,1.0998626885797322e-43
460,DAPK1,Dapk1,phenotype-constrained,thresholdVoltageShift_mV,-0.3343921620735345,tau,0.2285567124885933,1.0998626885797322e-43
460,DAPK1,Dapk1,phenotype-constrained,spikeKineticsMultiplier,1.0196911423379043,tau,0.2285567124885933,1.0998626885797322e-43
461,CCDC30,Ccdc30,phenotype-constrained,vRestShift_mV,0.1203697837111976,upstroke_downstroke_ratio_long_square,-0.2503846218208372,1.1705184054027546e-52
461,CCDC30,Ccdc30,phenotype-constrained,inputResistanceMultiplier,0.9986133138997513,upstroke_downstroke_ratio_long_square,-0.2503846218208372,1.1705184054027546e-52
461,CCDC30,Ccdc30,phenotype-constrained,tauMultiplier,1.0385784625915073,upstroke_downstroke_ratio_long_square,-0.2503846218208372,1.1705184054027546e-52
461,CCDC30,Ccdc30,phenotype-constrained,fiGainMultiplier,1.045028357639976,upstroke_downstroke_ratio_long_square,-0.2503846218208372,1.1705184054027546e-52
461,CCDC30,Ccdc30,phenotype-constrained,adaptationMultiplier,1.0041033153161192,upstroke_downstroke_ratio_long_square,-0.2503846218208372,1.1705184054027546e-52
461,CCDC30,Ccdc30,phenotype-constrained,latencyMultiplier,1.04545036876375,upstroke_downstroke_ratio_long_square,-0.2503846218208372,1.1705184054027546e-52
461,CCDC30,Ccdc30,phenotype-constrained,sagMultiplier,1.0354993953854914,upstroke_downstroke_ratio_long_square,-0.2503846218208372,1.1705184054027546e-52
461,CCDC30,Ccdc30,phenotype-constrained,thresholdCurrentMultiplier,1.0192946202741495,upstroke_downstroke_ratio_long_square,-0.2503846218208372,1.1705184054027546e-52
461,CCDC30,Ccdc30,phenotype-constrained,thresholdVoltageShift_mV,0.1421998628021082,upstroke_downstroke_ratio_long_square,-0.2503846218208372,1.1705184054027546e-52
461,CCDC30,Ccdc30,phenotype-constrained,spikeKineticsMultiplier,0.9276364433876348,upstroke_downstroke_ratio_long_square,-0.2503846218208372,1.1705184054027546e-52
462,SETBP1,Setbp1,phenotype-constrained,vRestShift_mV,-0.1395501268674068,avg_isi,-0.2018002558958772,7.189950694773637e-34
462,SETBP1,Setbp1,phenotype-constrained,inputResistanceMultiplier,0.9796304206552485,avg_isi,-0.2018002558958772,7.189950694773637e-34
462,SETBP1,Setbp1,phenotype-constrained,tauMultiplier,0.9577017547282827,avg_isi,-0.2018002558958772,7.189950694773637e-34
462,SETBP1,Setbp1,phenotype-constrained,fiGainMultiplier,1.0780530770703676,avg_isi,-0.2018002558958772,7.189950694773637e-34
462,SETBP1,Setbp1,phenotype-constrained,adaptationMultiplier,0.9749847854756125,avg_isi,-0.2018002558958772,7.189950694773637e-34
462,SETBP1,Setbp1,phenotype-constrained,latencyMultiplier,0.9501492744272912,avg_isi,-0.2018002558958772,7.189950694773637e-34
462,SETBP1,Setbp1,phenotype-constrained,sagMultiplier,0.968384306747537,avg_isi,-0.2018002558958772,7.189950694773637e-34
462,SETBP1,Setbp1,phenotype-constrained,thresholdCurrentMultiplier,1.02404010190558,avg_isi,-0.2018002558958772,7.189950694773637e-34
462,SETBP1,Setbp1,phenotype-constrained,thresholdVoltageShift_mV,0.1904882550285864,avg_isi,-0.2018002558958772,7.189950694773637e-34
462,SETBP1,Setbp1,phenotype-constrained,spikeKineticsMultiplier,0.9507181786162138,avg_isi,-0.2018002558958772,7.189950694773637e-34
463,NELL2,Nell2,phenotype-constrained,vRestShift_mV,-0.1596165158615712,fast_trough_v_long_square,0.250160334102174,3.787811621261143e-52
463,NELL2,Nell2,phenotype-constrained,inputResistanceMultiplier,0.9850490109434196,fast_trough_v_long_square,0.250160334102174,3.787811621261143e-52
463,NELL2,Nell2,phenotype-constrained,tauMultiplier,0.9444611297984705,fast_trough_v_long_square,0.250160334102174,3.787811621261143e-52
463,NELL2,Nell2,phenotype-constrained,fiGainMultiplier,0.9633872391227143,fast_trough_v_long_square,0.250160334102174,3.787811621261143e-52
463,NELL2,Nell2,phenotype-constrained,adaptationMultiplier,0.9707854856497027,fast_trough_v_long_square,0.250160334102174,3.787811621261143e-52
463,NELL2,Nell2,phenotype-constrained,latencyMultiplier,1.0076016145235926,fast_trough_v_long_square,0.250160334102174,3.787811621261143e-52
463,NELL2,Nell2,phenotype-constrained,sagMultiplier,0.9700785950789987,fast_trough_v_long_square,0.250160334102174,3.787811621261143e-52
463,NELL2,Nell2,phenotype-constrained,thresholdCurrentMultiplier,0.993255068504618,fast_trough_v_long_square,0.250160334102174,3.787811621261143e-52
463,NELL2,Nell2,phenotype-constrained,thresholdVoltageShift_mV,0.4346860256801862,fast_trough_v_long_square,0.250160334102174,3.787811621261143e-52
463,NELL2,Nell2,phenotype-constrained,spikeKineticsMultiplier,1.0762909726438532,fast_trough_v_long_square,0.250160334102174,3.787811621261143e-52
464,SLC4A8,Slc4a8,phenotype-constrained,vRestShift_mV,-0.1222021651758732,upstroke_downstroke_ratio_long_square,-0.22634898915402,4.589381544077782e-43
464,SLC4A8,Slc4a8,phenotype-constrained,inputResistanceMultiplier,0.9549956753534947,upstroke_downstroke_ratio_long_square,-0.22634898915402,4.589381544077782e-43
464,SLC4A8,Slc4a8,phenotype-constrained,tauMultiplier,0.9630578072779582,upstroke_downstroke_ratio_long_square,-0.22634898915402,4.589381544077782e-43
464,SLC4A8,Slc4a8,phenotype-constrained,fiGainMultiplier,1.0765491642527039,upstroke_downstroke_ratio_long_square,-0.22634898915402,4.589381544077782e-43
464,SLC4A8,Slc4a8,phenotype-constrained,adaptationMultiplier,0.9559689988964429,upstroke_downstroke_ratio_long_square,-0.22634898915402,4.589381544077782e-43
464,SLC4A8,Slc4a8,phenotype-constrained,latencyMultiplier,0.9875107457994533,upstroke_downstroke_ratio_long_square,-0.22634898915402,4.589381544077782e-43
464,SLC4A8,Slc4a8,phenotype-constrained,sagMultiplier,0.9751888542356818,upstroke_downstroke_ratio_long_square,-0.22634898915402,4.589381544077782e-43
464,SLC4A8,Slc4a8,phenotype-constrained,thresholdCurrentMultiplier,1.0645646257854124,upstroke_downstroke_ratio_long_square,-0.22634898915402,4.589381544077782e-43
464,SLC4A8,Slc4a8,phenotype-constrained,thresholdVoltageShift_mV,0.3158741517511842,upstroke_downstroke_ratio_long_square,-0.22634898915402,4.589381544077782e-43
464,SLC4A8,Slc4a8,phenotype-constrained,spikeKineticsMultiplier,0.9343495158831799,upstroke_downstroke_ratio_long_square,-0.22634898915402,4.589381544077782e-43
465,RBMS3,Rbms3,phenotype-constrained,vRestShift_mV,0.0436726974289316,avg_isi,-0.2014873418892592,9.012971991079432e-34
465,RBMS3,Rbms3,phenotype-constrained,inputResistanceMultiplier,0.9852812921089467,avg_isi,-0.2014873418892592,9.012971991079432e-34
465,RBMS3,Rbms3,phenotype-constrained,tauMultiplier,0.9759841996986577,avg_isi,-0.2014873418892592,9.012971991079432e-34
465,RBMS3,Rbms3,phenotype-constrained,fiGainMultiplier,1.0620730819199855,avg_isi,-0.2014873418892592,9.012971991079432e-34
465,RBMS3,Rbms3,phenotype-constrained,adaptationMultiplier,0.9756706311626114,avg_isi,-0.2014873418892592,9.012971991079432e-34
465,RBMS3,Rbms3,phenotype-constrained,latencyMultiplier,0.9700097519278886,avg_isi,-0.2014873418892592,9.012971991079432e-34
465,RBMS3,Rbms3,phenotype-constrained,sagMultiplier,0.9674338077353218,avg_isi,-0.2014873418892592,9.012971991079432e-34
465,RBMS3,Rbms3,phenotype-constrained,thresholdCurrentMultiplier,1.0380415260541462,avg_isi,-0.2014873418892592,9.012971991079432e-34
465,RBMS3,Rbms3,phenotype-constrained,thresholdVoltageShift_mV,0.2643966533713575,avg_isi,-0.2014873418892592,9.012971991079432e-34
465,RBMS3,Rbms3,phenotype-constrained,spikeKineticsMultiplier,0.9428899984650428,avg_isi,-0.2014873418892592,9.012971991079432e-34
466,PCLO,Pclo,phenotype-constrained,vRestShift_mV,0.2544445908972324,upstroke_downstroke_ratio_long_square,-0.2254532160235375,1.0007382792639582e-42
466,PCLO,Pclo,phenotype-constrained,inputResistanceMultiplier,1.0286635115861205,upstroke_downstroke_ratio_long_square,-0.2254532160235375,1.0007382792639582e-42
466,PCLO,Pclo,phenotype-constrained,tauMultiplier,1.0699066753308433,upstroke_downstroke_ratio_long_square,-0.2254532160235375,1.0007382792639582e-42
466,PCLO,Pclo,phenotype-constrained,fiGainMultiplier,1.02893621409064,upstroke_downstroke_ratio_long_square,-0.2254532160235375,1.0007382792639582e-42
466,PCLO,Pclo,phenotype-constrained,adaptationMultiplier,1.0321629134898926,upstroke_downstroke_ratio_long_square,-0.2254532160235375,1.0007382792639582e-42
466,PCLO,Pclo,phenotype-constrained,latencyMultiplier,1.021140473093945,upstroke_downstroke_ratio_long_square,-0.2254532160235375,1.0007382792639582e-42
466,PCLO,Pclo,phenotype-constrained,sagMultiplier,1.0245276335299915,upstroke_downstroke_ratio_long_square,-0.2254532160235375,1.0007382792639582e-42
466,PCLO,Pclo,phenotype-constrained,thresholdCurrentMultiplier,0.9855648664538769,upstroke_downstroke_ratio_long_square,-0.2254532160235375,1.0007382792639582e-42
466,PCLO,Pclo,phenotype-constrained,thresholdVoltageShift_mV,-0.1197987303630603,upstroke_downstroke_ratio_long_square,-0.2254532160235375,1.0007382792639582e-42
466,PCLO,Pclo,phenotype-constrained,spikeKineticsMultiplier,0.9346006391813363,upstroke_downstroke_ratio_long_square,-0.2254532160235375,1.0007382792639582e-42
467,PTPRR,Ptprr,phenotype-constrained,vRestShift_mV,-0.0176434270877856,upstroke_downstroke_ratio_long_square,-0.2845543236508658,3.467414186130384e-68
467,PTPRR,Ptprr,phenotype-constrained,inputResistanceMultiplier,0.9862096850490184,upstroke_downstroke_ratio_long_square,-0.2845543236508658,3.467414186130384e-68
467,PTPRR,Ptprr,phenotype-constrained,tauMultiplier,1.038845276421271,upstroke_downstroke_ratio_long_square,-0.2845543236508658,3.467414186130384e-68
467,PTPRR,Ptprr,phenotype-constrained,fiGainMultiplier,1.0408795265555695,upstroke_downstroke_ratio_long_square,-0.2845543236508658,3.467414186130384e-68
467,PTPRR,Ptprr,phenotype-constrained,adaptationMultiplier,0.9940175989917145,upstroke_downstroke_ratio_long_square,-0.2845543236508658,3.467414186130384e-68
467,PTPRR,Ptprr,phenotype-constrained,latencyMultiplier,1.062483361192177,upstroke_downstroke_ratio_long_square,-0.2845543236508658,3.467414186130384e-68
467,PTPRR,Ptprr,phenotype-constrained,sagMultiplier,1.0060146752893533,upstroke_downstroke_ratio_long_square,-0.2845543236508658,3.467414186130384e-68
467,PTPRR,Ptprr,phenotype-constrained,thresholdCurrentMultiplier,1.0191046037469875,upstroke_downstroke_ratio_long_square,-0.2845543236508658,3.467414186130384e-68
467,PTPRR,Ptprr,phenotype-constrained,thresholdVoltageShift_mV,-0.0648663551609985,upstroke_downstroke_ratio_long_square,-0.2845543236508658,3.467414186130384e-68
467,PTPRR,Ptprr,phenotype-constrained,spikeKineticsMultiplier,0.9181758976322301,upstroke_downstroke_ratio_long_square,-0.2845543236508658,3.467414186130384e-68
468,BACH1,Bach1,phenotype-constrained,vRestShift_mV,0.1159245265319032,upstroke_downstroke_ratio_long_square,-0.2669072419857439,6.944941136892643e-60
468,BACH1,Bach1,phenotype-constrained,inputResistanceMultiplier,0.9864893734659773,upstroke_downstroke_ratio_long_square,-0.2669072419857439,6.944941136892643e-60
468,BACH1,Bach1,phenotype-constrained,tauMultiplier,1.0036105615695752,upstroke_downstroke_ratio_long_square,-0.2669072419857439,6.944941136892643e-60
468,BACH1,Bach1,phenotype-constrained,fiGainMultiplier,1.0696913470425233,upstroke_downstroke_ratio_long_square,-0.2669072419857439,6.944941136892643e-60
468,BACH1,Bach1,phenotype-constrained,adaptationMultiplier,0.9821756125211448,upstroke_downstroke_ratio_long_square,-0.2669072419857439,6.944941136892643e-60
468,BACH1,Bach1,phenotype-constrained,latencyMultiplier,0.9940933429895535,upstroke_downstroke_ratio_long_square,-0.2669072419857439,6.944941136892643e-60
468,BACH1,Bach1,phenotype-constrained,sagMultiplier,1.0008857791653312,upstroke_downstroke_ratio_long_square,-0.2669072419857439,6.944941136892643e-60
468,BACH1,Bach1,phenotype-constrained,thresholdCurrentMultiplier,1.0297302623710136,upstroke_downstroke_ratio_long_square,-0.2669072419857439,6.944941136892643e-60
468,BACH1,Bach1,phenotype-constrained,thresholdVoltageShift_mV,0.1499626746733431,upstroke_downstroke_ratio_long_square,-0.2669072419857439,6.944941136892643e-60
468,BACH1,Bach1,phenotype-constrained,spikeKineticsMultiplier,0.9230497250879075,upstroke_downstroke_ratio_long_square,-0.2669072419857439,6.944941136892643e-60
469,LRRTM3,Lrrtm3,phenotype-constrained,vRestShift_mV,-0.3047815339712424,upstroke_downstroke_ratio_long_square,-0.2215966275038676,2.7307998019467036e-41
469,LRRTM3,Lrrtm3,phenotype-constrained,inputResistanceMultiplier,0.9406036687935763,upstroke_downstroke_ratio_long_square,-0.2215966275038676,2.7307998019467036e-41
469,LRRTM3,Lrrtm3,phenotype-constrained,tauMultiplier,0.9357289897946528,upstroke_downstroke_ratio_long_square,-0.2215966275038676,2.7307998019467036e-41
469,LRRTM3,Lrrtm3,phenotype-constrained,fiGainMultiplier,1.0887642312109793,upstroke_downstroke_ratio_long_square,-0.2215966275038676,2.7307998019467036e-41
469,LRRTM3,Lrrtm3,phenotype-constrained,adaptationMultiplier,0.9394441722769855,upstroke_downstroke_ratio_long_square,-0.2215966275038676,2.7307998019467036e-41
469,LRRTM3,Lrrtm3,phenotype-constrained,latencyMultiplier,1.001694461305448,upstroke_downstroke_ratio_long_square,-0.2215966275038676,2.7307998019467036e-41
469,LRRTM3,Lrrtm3,phenotype-constrained,sagMultiplier,0.9937732264497612,upstroke_downstroke_ratio_long_square,-0.2215966275038676,2.7307998019467036e-41
469,LRRTM3,Lrrtm3,phenotype-constrained,thresholdCurrentMultiplier,1.063789863192827,upstroke_downstroke_ratio_long_square,-0.2215966275038676,2.7307998019467036e-41
469,LRRTM3,Lrrtm3,phenotype-constrained,thresholdVoltageShift_mV,0.35195428596315603,upstroke_downstroke_ratio_long_square,-0.2215966275038676,2.7307998019467036e-41
469,LRRTM3,Lrrtm3,phenotype-constrained,spikeKineticsMultiplier,0.9356825759770634,upstroke_downstroke_ratio_long_square,-0.2215966275038676,2.7307998019467036e-41
470,LRFN5,Lrfn5,phenotype-constrained,vRestShift_mV,0.1731861930314212,tau,0.2838024006566165,1.2758370761867188e-67
470,LRFN5,Lrfn5,phenotype-constrained,inputResistanceMultiplier,1.0704198899513697,tau,0.2838024006566165,1.2758370761867188e-67
470,LRFN5,Lrfn5,phenotype-constrained,tauMultiplier,1.0888702819584732,tau,0.2838024006566165,1.2758370761867188e-67
470,LRFN5,Lrfn5,phenotype-constrained,fiGainMultiplier,0.986923598894033,tau,0.2838024006566165,1.2758370761867188e-67
470,LRFN5,Lrfn5,phenotype-constrained,adaptationMultiplier,1.083314741161737,tau,0.2838024006566165,1.2758370761867188e-67
470,LRFN5,Lrfn5,phenotype-constrained,latencyMultiplier,0.9905293229484423,tau,0.2838024006566165,1.2758370761867188e-67
470,LRFN5,Lrfn5,phenotype-constrained,sagMultiplier,1.055816364382286,tau,0.2838024006566165,1.2758370761867188e-67
470,LRFN5,Lrfn5,phenotype-constrained,thresholdCurrentMultiplier,0.9334070021267348,tau,0.2838024006566165,1.2758370761867188e-67
470,LRFN5,Lrfn5,phenotype-constrained,thresholdVoltageShift_mV,-0.20534722690404691,tau,0.2838024006566165,1.2758370761867188e-67
470,LRFN5,Lrfn5,phenotype-constrained,spikeKineticsMultiplier,0.9641686062284928,tau,0.2838024006566165,1.2758370761867188e-67
471,BCL11A,Bcl11a,phenotype-constrained,vRestShift_mV,0.0810032302369672,latency,0.2655905250404478,4.2081709082495705e-58
471,BCL11A,Bcl11a,phenotype-constrained,inputResistanceMultiplier,0.9754870462938154,latency,0.2655905250404478,4.2081709082495705e-58
471,BCL11A,Bcl11a,phenotype-constrained,tauMultiplier,1.0313905085452926,latency,0.2655905250404478,4.2081709082495705e-58
471,BCL11A,Bcl11a,phenotype-constrained,fiGainMultiplier,1.0088772388363048,latency,0.2655905250404478,4.2081709082495705e-58
471,BCL11A,Bcl11a,phenotype-constrained,adaptationMultiplier,0.969855372507904,latency,0.2655905250404478,4.2081709082495705e-58
471,BCL11A,Bcl11a,phenotype-constrained,latencyMultiplier,1.097414198386295,latency,0.2655905250404478,4.2081709082495705e-58
471,BCL11A,Bcl11a,phenotype-constrained,sagMultiplier,0.998678759782186,latency,0.2655905250404478,4.2081709082495705e-58
471,BCL11A,Bcl11a,phenotype-constrained,thresholdCurrentMultiplier,1.0307999507571415,latency,0.2655905250404478,4.2081709082495705e-58
471,BCL11A,Bcl11a,phenotype-constrained,thresholdVoltageShift_mV,-0.0968741010700038,latency,0.2655905250404478,4.2081709082495705e-58
471,BCL11A,Bcl11a,phenotype-constrained,spikeKineticsMultiplier,0.9429151493014399,latency,0.2655905250404478,4.2081709082495705e-58
472,RGS7,Rgs7,phenotype-constrained,vRestShift_mV,-0.5666295402293372,adaptation,-0.2202142265579019,2.284128800850234e-40
472,RGS7,Rgs7,phenotype-constrained,inputResistanceMultiplier,0.9531675608343857,adaptation,-0.2202142265579019,2.284128800850234e-40
472,RGS7,Rgs7,phenotype-constrained,tauMultiplier,0.9576217196990122,adaptation,-0.2202142265579019,2.284128800850234e-40
472,RGS7,Rgs7,phenotype-constrained,fiGainMultiplier,1.0256298039825964,adaptation,-0.2202142265579019,2.284128800850234e-40
472,RGS7,Rgs7,phenotype-constrained,adaptationMultiplier,0.925820433640341,adaptation,-0.2202142265579019,2.284128800850234e-40
472,RGS7,Rgs7,phenotype-constrained,latencyMultiplier,1.0500772844216928,adaptation,-0.2202142265579019,2.284128800850234e-40
472,RGS7,Rgs7,phenotype-constrained,sagMultiplier,0.9812449220110186,adaptation,-0.2202142265579019,2.284128800850234e-40
472,RGS7,Rgs7,phenotype-constrained,thresholdCurrentMultiplier,1.0559841767953997,adaptation,-0.2202142265579019,2.284128800850234e-40
472,RGS7,Rgs7,phenotype-constrained,thresholdVoltageShift_mV,0.2368343843335266,adaptation,-0.2202142265579019,2.284128800850234e-40
472,RGS7,Rgs7,phenotype-constrained,spikeKineticsMultiplier,1.0018220572546783,adaptation,-0.2202142265579019,2.284128800850234e-40
473,SYNJ2,Synj2,phenotype-constrained,vRestShift_mV,-0.1432260891176796,threshold_i_long_square,0.1755278497369127,4.739892654031229e-26
473,SYNJ2,Synj2,phenotype-constrained,inputResistanceMultiplier,0.9522319596028729,threshold_i_long_square,0.1755278497369127,4.739892654031229e-26
473,SYNJ2,Synj2,phenotype-constrained,tauMultiplier,0.9684778176017663,threshold_i_long_square,0.1755278497369127,4.739892654031229e-26
473,SYNJ2,Synj2,phenotype-constrained,fiGainMultiplier,1.0319157553848304,threshold_i_long_square,0.1755278497369127,4.739892654031229e-26
473,SYNJ2,Synj2,phenotype-constrained,adaptationMultiplier,0.9442516653385914,threshold_i_long_square,0.1755278497369127,4.739892654031229e-26
473,SYNJ2,Synj2,phenotype-constrained,latencyMultiplier,1.0392970871848657,threshold_i_long_square,0.1755278497369127,4.739892654031229e-26
473,SYNJ2,Synj2,phenotype-constrained,sagMultiplier,0.9647871284723533,threshold_i_long_square,0.1755278497369127,4.739892654031229e-26
473,SYNJ2,Synj2,phenotype-constrained,thresholdCurrentMultiplier,1.0633611071963451,threshold_i_long_square,0.1755278497369127,4.739892654031229e-26
473,SYNJ2,Synj2,phenotype-constrained,thresholdVoltageShift_mV,0.2610793281462162,threshold_i_long_square,0.1755278497369127,4.739892654031229e-26
473,SYNJ2,Synj2,phenotype-constrained,spikeKineticsMultiplier,0.9695696561966815,threshold_i_long_square,0.1755278497369127,4.739892654031229e-26
474,OPTN,Optn,phenotype-constrained,vRestShift_mV,0.0026800188938364,upstroke_downstroke_ratio_long_square,-0.2806065184958805,2.839365218637924e-66
474,OPTN,Optn,phenotype-constrained,inputResistanceMultiplier,0.9763265036165009,upstroke_downstroke_ratio_long_square,-0.2806065184958805,2.839365218637924e-66
474,OPTN,Optn,phenotype-constrained,tauMultiplier,1.0014232714399178,upstroke_downstroke_ratio_long_square,-0.2806065184958805,2.839365218637924e-66
474,OPTN,Optn,phenotype-constrained,fiGainMultiplier,1.0745812110828177,upstroke_downstroke_ratio_long_square,-0.2806065184958805,2.839365218637924e-66
474,OPTN,Optn,phenotype-constrained,adaptationMultiplier,0.9786112684663923,upstroke_downstroke_ratio_long_square,-0.2806065184958805,2.839365218637924e-66
474,OPTN,Optn,phenotype-constrained,latencyMultiplier,0.9986401306828695,upstroke_downstroke_ratio_long_square,-0.2806065184958805,2.839365218637924e-66
474,OPTN,Optn,phenotype-constrained,sagMultiplier,1.002525139108144,upstroke_downstroke_ratio_long_square,-0.2806065184958805,2.839365218637924e-66
474,OPTN,Optn,phenotype-constrained,thresholdCurrentMultiplier,1.0396927239735985,upstroke_downstroke_ratio_long_square,-0.2806065184958805,2.839365218637924e-66
474,OPTN,Optn,phenotype-constrained,thresholdVoltageShift_mV,0.1283639239381182,upstroke_downstroke_ratio_long_square,-0.2806065184958805,2.839365218637924e-66
474,OPTN,Optn,phenotype-constrained,spikeKineticsMultiplier,0.9192639756956309,upstroke_downstroke_ratio_long_square,-0.2806065184958805,2.839365218637924e-66
475,GRID1,Grid1,phenotype-constrained,vRestShift_mV,0.3100669165259088,threshold_i_long_square,-0.1945609965596458,8.883322353279401e-32
475,GRID1,Grid1,phenotype-constrained,inputResistanceMultiplier,1.0570089820989963,threshold_i_long_square,-0.1945609965596458,8.883322353279401e-32
475,GRID1,Grid1,phenotype-constrained,tauMultiplier,1.0407979430954477,threshold_i_long_square,-0.1945609965596458,8.883322353279401e-32
475,GRID1,Grid1,phenotype-constrained,fiGainMultiplier,0.9382538418007853,threshold_i_long_square,-0.1945609965596458,8.883322353279401e-32
475,GRID1,Grid1,phenotype-constrained,adaptationMultiplier,1.0701841457321613,threshold_i_long_square,-0.1945609965596458,8.883322353279401e-32
475,GRID1,Grid1,phenotype-constrained,latencyMultiplier,0.9723656926557912,threshold_i_long_square,-0.1945609965596458,8.883322353279401e-32
475,GRID1,Grid1,phenotype-constrained,sagMultiplier,1.0227735090043744,threshold_i_long_square,-0.1945609965596458,8.883322353279401e-32
475,GRID1,Grid1,phenotype-constrained,thresholdCurrentMultiplier,0.9341704630418228,threshold_i_long_square,-0.1945609965596458,8.883322353279401e-32
475,GRID1,Grid1,phenotype-constrained,thresholdVoltageShift_mV,-0.10739479104386401,threshold_i_long_square,-0.1945609965596458,8.883322353279401e-32
475,GRID1,Grid1,phenotype-constrained,spikeKineticsMultiplier,1.0426826298849372,threshold_i_long_square,-0.1945609965596458,8.883322353279401e-32
476,KAZN,Kazn,phenotype-constrained,vRestShift_mV,-0.076764813149072,avg_isi,-0.2177592745145716,2.2968647859088114e-39
476,KAZN,Kazn,phenotype-constrained,inputResistanceMultiplier,0.9668671339295207,avg_isi,-0.2177592745145716,2.2968647859088114e-39
476,KAZN,Kazn,phenotype-constrained,tauMultiplier,0.9478200913367387,avg_isi,-0.2177592745145716,2.2968647859088114e-39
476,KAZN,Kazn,phenotype-constrained,fiGainMultiplier,1.086901767727473,avg_isi,-0.2177592745145716,2.2968647859088114e-39
476,KAZN,Kazn,phenotype-constrained,adaptationMultiplier,0.9765338253123841,avg_isi,-0.2177592745145716,2.2968647859088114e-39
476,KAZN,Kazn,phenotype-constrained,latencyMultiplier,0.9343682322168233,avg_isi,-0.2177592745145716,2.2968647859088114e-39
476,KAZN,Kazn,phenotype-constrained,sagMultiplier,0.94551092685245,avg_isi,-0.2177592745145716,2.2968647859088114e-39
476,KAZN,Kazn,phenotype-constrained,thresholdCurrentMultiplier,1.0544979464972826,avg_isi,-0.2177592745145716,2.2968647859088114e-39
476,KAZN,Kazn,phenotype-constrained,thresholdVoltageShift_mV,0.3149846726402034,avg_isi,-0.2177592745145716,2.2968647859088114e-39
476,KAZN,Kazn,phenotype-constrained,spikeKineticsMultiplier,0.9465585796243835,avg_isi,-0.2177592745145716,2.2968647859088114e-39
477,VGLL4,Vgll4,phenotype-constrained,vRestShift_mV,0.1063499646624132,upstroke_downstroke_ratio_long_square,0.2409578780303077,9.106953021089868e-49
477,VGLL4,Vgll4,phenotype-constrained,inputResistanceMultiplier,0.9744140648793755,upstroke_downstroke_ratio_long_square,0.2409578780303077,9.106953021089868e-49
477,VGLL4,Vgll4,phenotype-constrained,tauMultiplier,0.9616095887439167,upstroke_downstroke_ratio_long_square,0.2409578780303077,9.106953021089868e-49
477,VGLL4,Vgll4,phenotype-constrained,fiGainMultiplier,0.9451836018740892,upstroke_downstroke_ratio_long_square,0.2409578780303077,9.106953021089868e-49
477,VGLL4,Vgll4,phenotype-constrained,adaptationMultiplier,0.9634544108745313,upstroke_downstroke_ratio_long_square,0.2409578780303077,9.106953021089868e-49
477,VGLL4,Vgll4,phenotype-constrained,latencyMultiplier,1.0315036817372347,upstroke_downstroke_ratio_long_square,0.2409578780303077,9.106953021089868e-49
477,VGLL4,Vgll4,phenotype-constrained,sagMultiplier,0.9730331462952532,upstroke_downstroke_ratio_long_square,0.2409578780303077,9.106953021089868e-49
477,VGLL4,Vgll4,phenotype-constrained,thresholdCurrentMultiplier,1.0268666377964386,upstroke_downstroke_ratio_long_square,0.2409578780303077,9.106953021089868e-49
477,VGLL4,Vgll4,phenotype-constrained,thresholdVoltageShift_mV,0.3592337415325422,upstroke_downstroke_ratio_long_square,0.2409578780303077,9.106953021089868e-49
477,VGLL4,Vgll4,phenotype-constrained,spikeKineticsMultiplier,1.0749642050626325,upstroke_downstroke_ratio_long_square,0.2409578780303077,9.106953021089868e-49
478,TENM1,Tenm1,phenotype-constrained,vRestShift_mV,-0.1173286278812664,adaptation,-0.1925441882745779,5.570815534020266e-31
478,TENM1,Tenm1,phenotype-constrained,inputResistanceMultiplier,0.9481711668686248,adaptation,-0.1925441882745779,5.570815534020266e-31
478,TENM1,Tenm1,phenotype-constrained,tauMultiplier,0.9445772173186626,adaptation,-0.1925441882745779,5.570815534020266e-31
478,TENM1,Tenm1,phenotype-constrained,fiGainMultiplier,1.0712106790081057,adaptation,-0.1925441882745779,5.570815534020266e-31
478,TENM1,Tenm1,phenotype-constrained,adaptationMultiplier,0.934830110786799,adaptation,-0.1925441882745779,5.570815534020266e-31
478,TENM1,Tenm1,phenotype-constrained,latencyMultiplier,0.9786148566055626,adaptation,-0.1925441882745779,5.570815534020266e-31
478,TENM1,Tenm1,phenotype-constrained,sagMultiplier,0.9240991756542054,adaptation,-0.1925441882745779,5.570815534020266e-31
478,TENM1,Tenm1,phenotype-constrained,thresholdCurrentMultiplier,1.0666240113690686,adaptation,-0.1925441882745779,5.570815534020266e-31
478,TENM1,Tenm1,phenotype-constrained,thresholdVoltageShift_mV,0.4604004687445755,adaptation,-0.1925441882745779,5.570815534020266e-31
478,TENM1,Tenm1,phenotype-constrained,spikeKineticsMultiplier,0.9598840502218831,adaptation,-0.1925441882745779,5.570815534020266e-31
479,TFDP2,Tfdp2,phenotype-constrained,vRestShift_mV,-0.0260131851978848,upstroke_downstroke_ratio_long_square,-0.2409003224754324,9.545718397247372e-49
479,TFDP2,Tfdp2,phenotype-constrained,inputResistanceMultiplier,0.9637255133166932,upstroke_downstroke_ratio_long_square,-0.2409003224754324,9.545718397247372e-49
479,TFDP2,Tfdp2,phenotype-constrained,tauMultiplier,0.9852658870164127,upstroke_downstroke_ratio_long_square,-0.2409003224754324,9.545718397247372e-49
479,TFDP2,Tfdp2,phenotype-constrained,fiGainMultiplier,1.0616118301385342,upstroke_downstroke_ratio_long_square,-0.2409003224754324,9.545718397247372e-49
479,TFDP2,Tfdp2,phenotype-constrained,adaptationMultiplier,0.9675614104912369,upstroke_downstroke_ratio_long_square,-0.2409003224754324,9.545718397247372e-49
479,TFDP2,Tfdp2,phenotype-constrained,latencyMultiplier,1.0029753187276018,upstroke_downstroke_ratio_long_square,-0.2409003224754324,9.545718397247372e-49
479,TFDP2,Tfdp2,phenotype-constrained,sagMultiplier,0.9878559382007844,upstroke_downstroke_ratio_long_square,-0.2409003224754324,9.545718397247372e-49
479,TFDP2,Tfdp2,phenotype-constrained,thresholdCurrentMultiplier,1.0521684598321017,upstroke_downstroke_ratio_long_square,-0.2409003224754324,9.545718397247372e-49
479,TFDP2,Tfdp2,phenotype-constrained,thresholdVoltageShift_mV,0.18382210443267388,upstroke_downstroke_ratio_long_square,-0.2409003224754324,9.545718397247372e-49
479,TFDP2,Tfdp2,phenotype-constrained,spikeKineticsMultiplier,0.9302795963864365,upstroke_downstroke_ratio_long_square,-0.2409003224754324,9.545718397247372e-49
480,NUDT4,Nudt4,phenotype-constrained,vRestShift_mV,0.0316532360773568,upstroke_downstroke_ratio_long_square,-0.1919196416846924,3.845268171387032e-31
480,NUDT4,Nudt4,phenotype-constrained,inputResistanceMultiplier,0.9645636435484208,upstroke_downstroke_ratio_long_square,-0.1919196416846924,3.845268171387032e-31
480,NUDT4,Nudt4,phenotype-constrained,tauMultiplier,0.9798649750003716,upstroke_downstroke_ratio_long_square,-0.1919196416846924,3.845268171387032e-31
480,NUDT4,Nudt4,phenotype-constrained,fiGainMultiplier,1.0598973534008653,upstroke_downstroke_ratio_long_square,-0.1919196416846924,3.845268171387032e-31
480,NUDT4,Nudt4,phenotype-constrained,adaptationMultiplier,0.9690163845744736,upstroke_downstroke_ratio_long_square,-0.1919196416846924,3.845268171387032e-31
480,NUDT4,Nudt4,phenotype-constrained,latencyMultiplier,0.9850361957692401,upstroke_downstroke_ratio_long_square,-0.1919196416846924,3.845268171387032e-31
480,NUDT4,Nudt4,phenotype-constrained,sagMultiplier,0.9832668045009343,upstroke_downstroke_ratio_long_square,-0.1919196416846924,3.845268171387032e-31
480,NUDT4,Nudt4,phenotype-constrained,thresholdCurrentMultiplier,1.055024330504727,upstroke_downstroke_ratio_long_square,-0.1919196416846924,3.845268171387032e-31
480,NUDT4,Nudt4,phenotype-constrained,thresholdVoltageShift_mV,0.1502031151304244,upstroke_downstroke_ratio_long_square,-0.1919196416846924,3.845268171387032e-31
480,NUDT4,Nudt4,phenotype-constrained,spikeKineticsMultiplier,0.9440502413295981,upstroke_downstroke_ratio_long_square,-0.1919196416846924,3.845268171387032e-31
481,SCLT1,Sclt1,phenotype-constrained,vRestShift_mV,-0.1334697400855776,upstroke_downstroke_ratio_long_square,-0.2150518589856303,6.452070549498642e-39
481,SCLT1,Sclt1,phenotype-constrained,inputResistanceMultiplier,0.9671301431633449,upstroke_downstroke_ratio_long_square,-0.2150518589856303,6.452070549498642e-39
481,SCLT1,Sclt1,phenotype-constrained,tauMultiplier,0.9793407426877193,upstroke_downstroke_ratio_long_square,-0.2150518589856303,6.452070549498642e-39
481,SCLT1,Sclt1,phenotype-constrained,fiGainMultiplier,1.0617842165749465,upstroke_downstroke_ratio_long_square,-0.2150518589856303,6.452070549498642e-39
481,SCLT1,Sclt1,phenotype-constrained,adaptationMultiplier,0.9680725681682806,upstroke_downstroke_ratio_long_square,-0.2150518589856303,6.452070549498642e-39
481,SCLT1,Sclt1,phenotype-constrained,latencyMultiplier,1.0075408580009264,upstroke_downstroke_ratio_long_square,-0.2150518589856303,6.452070549498642e-39
481,SCLT1,Sclt1,phenotype-constrained,sagMultiplier,0.9796750551692431,upstroke_downstroke_ratio_long_square,-0.2150518589856303,6.452070549498642e-39
481,SCLT1,Sclt1,phenotype-constrained,thresholdCurrentMultiplier,1.0419900967119784,upstroke_downstroke_ratio_long_square,-0.2150518589856303,6.452070549498642e-39
481,SCLT1,Sclt1,phenotype-constrained,thresholdVoltageShift_mV,0.2702956052370042,upstroke_downstroke_ratio_long_square,-0.2150518589856303,6.452070549498642e-39
481,SCLT1,Sclt1,phenotype-constrained,spikeKineticsMultiplier,0.9375215284739474,upstroke_downstroke_ratio_long_square,-0.2150518589856303,6.452070549498642e-39
482,ANO5,Ano5,phenotype-constrained,vRestShift_mV,0.1345223714482068,tau,0.2151041751362182,1.0209231132507324e-38
482,ANO5,Ano5,phenotype-constrained,inputResistanceMultiplier,1.0338145945410318,tau,0.2151041751362182,1.0209231132507324e-38
482,ANO5,Ano5,phenotype-constrained,tauMultiplier,1.0666589135250244,tau,0.2151041751362182,1.0209231132507324e-38
482,ANO5,Ano5,phenotype-constrained,fiGainMultiplier,0.9749915038920618,tau,0.2151041751362182,1.0209231132507324e-38
482,ANO5,Ano5,phenotype-constrained,adaptationMultiplier,1.0352710400589182,tau,0.2151041751362182,1.0209231132507324e-38
482,ANO5,Ano5,phenotype-constrained,latencyMultiplier,1.0223006935893089,tau,0.2151041751362182,1.0209231132507324e-38
482,ANO5,Ano5,phenotype-constrained,sagMultiplier,1.0262449674085041,tau,0.2151041751362182,1.0209231132507324e-38
482,ANO5,Ano5,phenotype-constrained,thresholdCurrentMultiplier,0.965543901783934,tau,0.2151041751362182,1.0209231132507324e-38
482,ANO5,Ano5,phenotype-constrained,thresholdVoltageShift_mV,-0.3129191334971313,tau,0.2151041751362182,1.0209231132507324e-38
482,ANO5,Ano5,phenotype-constrained,spikeKineticsMultiplier,0.9775483231797931,tau,0.2151041751362182,1.0209231132507324e-38
483,UNC5C,Unc5c,phenotype-constrained,vRestShift_mV,-0.144728540876584,tau,-0.2406366112917909,2.053758784903228e-48
483,UNC5C,Unc5c,phenotype-constrained,inputResistanceMultiplier,0.9554443645729367,tau,-0.2406366112917909,2.053758784903228e-48
483,UNC5C,Unc5c,phenotype-constrained,tauMultiplier,0.9303531968378317,tau,-0.2406366112917909,2.053758784903228e-48
483,UNC5C,Unc5c,phenotype-constrained,fiGainMultiplier,1.0261798221954552,tau,-0.2406366112917909,2.053758784903228e-48
483,UNC5C,Unc5c,phenotype-constrained,adaptationMultiplier,0.9194778630058335,tau,-0.2406366112917909,2.053758784903228e-48
483,UNC5C,Unc5c,phenotype-constrained,latencyMultiplier,0.9905174872571778,tau,-0.2406366112917909,2.053758784903228e-48
483,UNC5C,Unc5c,phenotype-constrained,sagMultiplier,0.9505747677346601,tau,-0.2406366112917909,2.053758784903228e-48
483,UNC5C,Unc5c,phenotype-constrained,thresholdCurrentMultiplier,1.0792765560022648,tau,-0.2406366112917909,2.053758784903228e-48
483,UNC5C,Unc5c,phenotype-constrained,thresholdVoltageShift_mV,0.4600285819673064,tau,-0.2406366112917909,2.053758784903228e-48
483,UNC5C,Unc5c,phenotype-constrained,spikeKineticsMultiplier,1.0244300679143357,tau,-0.2406366112917909,2.053758784903228e-48
484,RNF150,Rnf150,phenotype-constrained,vRestShift_mV,-0.0513291035989284,threshold_i_long_square,0.1917136080443384,6.923200536791686e-31
484,RNF150,Rnf150,phenotype-constrained,inputResistanceMultiplier,0.9505657400254186,threshold_i_long_square,0.1917136080443384,6.923200536791686e-31
484,RNF150,Rnf150,phenotype-constrained,tauMultiplier,0.9609834430849832,threshold_i_long_square,0.1917136080443384,6.923200536791686e-31
484,RNF150,Rnf150,phenotype-constrained,fiGainMultiplier,1.05523068351724,threshold_i_long_square,0.1917136080443384,6.923200536791686e-31
484,RNF150,Rnf150,phenotype-constrained,adaptationMultiplier,0.9515920350860847,threshold_i_long_square,0.1917136080443384,6.923200536791686e-31
484,RNF150,Rnf150,phenotype-constrained,latencyMultiplier,1.0080594110075043,threshold_i_long_square,0.1917136080443384,6.923200536791686e-31
484,RNF150,Rnf150,phenotype-constrained,sagMultiplier,0.9541156494747614,threshold_i_long_square,0.1917136080443384,6.923200536791686e-31
484,RNF150,Rnf150,phenotype-constrained,thresholdCurrentMultiplier,1.0694021594234464,threshold_i_long_square,0.1917136080443384,6.923200536791686e-31
484,RNF150,Rnf150,phenotype-constrained,thresholdVoltageShift_mV,0.4016594735131068,threshold_i_long_square,0.1917136080443384,6.923200536791686e-31
484,RNF150,Rnf150,phenotype-constrained,spikeKineticsMultiplier,0.9483064818332556,threshold_i_long_square,0.1917136080443384,6.923200536791686e-31
485,HS3ST4,Hs3st4,phenotype-constrained,vRestShift_mV,-0.0420147665003692,upstroke_downstroke_ratio_long_square,0.2398887690021289,2.4100815004276067e-48
485,HS3ST4,Hs3st4,phenotype-constrained,inputResistanceMultiplier,0.9699474077904665,upstroke_downstroke_ratio_long_square,0.2398887690021289,2.4100815004276067e-48
485,HS3ST4,Hs3st4,phenotype-constrained,tauMultiplier,0.9529545282371418,upstroke_downstroke_ratio_long_square,0.2398887690021289,2.4100815004276067e-48
485,HS3ST4,Hs3st4,phenotype-constrained,fiGainMultiplier,0.9637714448323437,upstroke_downstroke_ratio_long_square,0.2398887690021289,2.4100815004276067e-48
485,HS3ST4,Hs3st4,phenotype-constrained,adaptationMultiplier,0.9573234455426307,upstroke_downstroke_ratio_long_square,0.2398887690021289,2.4100815004276067e-48
485,HS3ST4,Hs3st4,phenotype-constrained,latencyMultiplier,1.0082832142442522,upstroke_downstroke_ratio_long_square,0.2398887690021289,2.4100815004276067e-48
485,HS3ST4,Hs3st4,phenotype-constrained,sagMultiplier,0.9719544604766659,upstroke_downstroke_ratio_long_square,0.2398887690021289,2.4100815004276067e-48
485,HS3ST4,Hs3st4,phenotype-constrained,thresholdCurrentMultiplier,1.0223616941667844,upstroke_downstroke_ratio_long_square,0.2398887690021289,2.4100815004276067e-48
485,HS3ST4,Hs3st4,phenotype-constrained,thresholdVoltageShift_mV,0.1630096565067342,upstroke_downstroke_ratio_long_square,0.2398887690021289,2.4100815004276067e-48
485,HS3ST4,Hs3st4,phenotype-constrained,spikeKineticsMultiplier,1.0746194841662404,upstroke_downstroke_ratio_long_square,0.2398887690021289,2.4100815004276067e-48
486,HIVEP2,Hivep2,phenotype-constrained,vRestShift_mV,-0.2444777204500944,upstroke_downstroke_ratio_long_square,-0.1895672365615866,2.1003576408709812e-30
486,HIVEP2,Hivep2,phenotype-constrained,inputResistanceMultiplier,0.9661614951595026,upstroke_downstroke_ratio_long_square,-0.1895672365615866,2.1003576408709812e-30
486,HIVEP2,Hivep2,phenotype-constrained,tauMultiplier,0.9828499801884907,upstroke_downstroke_ratio_long_square,-0.1895672365615866,2.1003576408709812e-30
486,HIVEP2,Hivep2,phenotype-constrained,fiGainMultiplier,1.0376232287633806,upstroke_downstroke_ratio_long_square,-0.1895672365615866,2.1003576408709812e-30
486,HIVEP2,Hivep2,phenotype-constrained,adaptationMultiplier,0.9665985947674149,upstroke_downstroke_ratio_long_square,-0.1895672365615866,2.1003576408709812e-30
486,HIVEP2,Hivep2,phenotype-constrained,latencyMultiplier,1.023466987799488,upstroke_downstroke_ratio_long_square,-0.1895672365615866,2.1003576408709812e-30
486,HIVEP2,Hivep2,phenotype-constrained,sagMultiplier,0.9988794707625839,upstroke_downstroke_ratio_long_square,-0.1895672365615866,2.1003576408709812e-30
486,HIVEP2,Hivep2,phenotype-constrained,thresholdCurrentMultiplier,1.041398479674801,upstroke_downstroke_ratio_long_square,-0.1895672365615866,2.1003576408709812e-30
486,HIVEP2,Hivep2,phenotype-constrained,thresholdVoltageShift_mV,0.22074605300807493,upstroke_downstroke_ratio_long_square,-0.1895672365615866,2.1003576408709812e-30
486,HIVEP2,Hivep2,phenotype-constrained,spikeKineticsMultiplier,0.9447167130609163,upstroke_downstroke_ratio_long_square,-0.1895672365615866,2.1003576408709812e-30
487,GABRB1,Gabrb1,phenotype-constrained,vRestShift_mV,0.1053075160571456,threshold_i_long_square,-0.1894178505671161,3.607366150683126e-30
487,GABRB1,Gabrb1,phenotype-constrained,inputResistanceMultiplier,1.04457222372644,threshold_i_long_square,-0.1894178505671161,3.607366150683126e-30
487,GABRB1,Gabrb1,phenotype-constrained,tauMultiplier,1.038486119333795,threshold_i_long_square,-0.1894178505671161,3.607366150683126e-30
487,GABRB1,Gabrb1,phenotype-constrained,fiGainMultiplier,0.9542669850901215,threshold_i_long_square,-0.1894178505671161,3.607366150683126e-30
487,GABRB1,Gabrb1,phenotype-constrained,adaptationMultiplier,1.0214845957923584,threshold_i_long_square,-0.1894178505671161,3.607366150683126e-30
487,GABRB1,Gabrb1,phenotype-constrained,latencyMultiplier,1.0360929047613539,threshold_i_long_square,-0.1894178505671161,3.607366150683126e-30
487,GABRB1,Gabrb1,phenotype-constrained,sagMultiplier,1.0314758313216903,threshold_i_long_square,-0.1894178505671161,3.607366150683126e-30
487,GABRB1,Gabrb1,phenotype-constrained,thresholdCurrentMultiplier,0.9358535787522158,threshold_i_long_square,-0.1894178505671161,3.607366150683126e-30
487,GABRB1,Gabrb1,phenotype-constrained,thresholdVoltageShift_mV,0.21781669475748783,threshold_i_long_square,-0.1894178505671161,3.607366150683126e-30
487,GABRB1,Gabrb1,phenotype-constrained,spikeKineticsMultiplier,1.0515174036432984,threshold_i_long_square,-0.1894178505671161,3.607366150683126e-30
488,SHANK2,Shank2,phenotype-constrained,vRestShift_mV,0.0760284313106372,upstroke_downstroke_ratio_long_square,0.2730966561679052,1.0149933489565854e-62
488,SHANK2,Shank2,phenotype-constrained,inputResistanceMultiplier,1.0167816634805285,upstroke_downstroke_ratio_long_square,0.2730966561679052,1.0149933489565854e-62
488,SHANK2,Shank2,phenotype-constrained,tauMultiplier,0.9986840581825187,upstroke_downstroke_ratio_long_square,0.2730966561679052,1.0149933489565854e-62
488,SHANK2,Shank2,phenotype-constrained,fiGainMultiplier,0.9332051043148982,upstroke_downstroke_ratio_long_square,0.2730966561679052,1.0149933489565854e-62
488,SHANK2,Shank2,phenotype-constrained,adaptationMultiplier,1.0248128149844595,upstroke_downstroke_ratio_long_square,0.2730966561679052,1.0149933489565854e-62
488,SHANK2,Shank2,phenotype-constrained,latencyMultiplier,1.0041837248363745,upstroke_downstroke_ratio_long_square,0.2730966561679052,1.0149933489565854e-62
488,SHANK2,Shank2,phenotype-constrained,sagMultiplier,0.9863588940096871,upstroke_downstroke_ratio_long_square,0.2730966561679052,1.0149933489565854e-62
488,SHANK2,Shank2,phenotype-constrained,thresholdCurrentMultiplier,0.9689802560850445,upstroke_downstroke_ratio_long_square,0.2730966561679052,1.0149933489565854e-62
488,SHANK2,Shank2,phenotype-constrained,thresholdVoltageShift_mV,0.0291783470572455,upstroke_downstroke_ratio_long_square,0.2730966561679052,1.0149933489565854e-62
488,SHANK2,Shank2,phenotype-constrained,spikeKineticsMultiplier,1.085378741784338,upstroke_downstroke_ratio_long_square,0.2730966561679052,1.0149933489565854e-62
489,CACNA1B,Cacna1b,conductance-aware,vRestShift_mV,0.3327572167540012,tau,0.2116502365799941,1.6763599741070554e-37
489,CACNA1B,Cacna1b,conductance-aware,inputResistanceMultiplier,1.061320417971675,tau,0.2116502365799941,1.6763599741070554e-37
489,CACNA1B,Cacna1b,conductance-aware,tauMultiplier,1.065554233643999,tau,0.2116502365799941,1.6763599741070554e-37
489,CACNA1B,Cacna1b,conductance-aware,fiGainMultiplier,0.9468096635424004,tau,0.2116502365799941,1.6763599741070554e-37
489,CACNA1B,Cacna1b,conductance-aware,adaptationMultiplier,1.0588714735008016,tau,0.2116502365799941,1.6763599741070554e-37
489,CACNA1B,Cacna1b,conductance-aware,latencyMultiplier,1.0091115881957278,tau,0.2116502365799941,1.6763599741070554e-37
489,CACNA1B,Cacna1b,conductance-aware,sagMultiplier,1.0293015530524097,tau,0.2116502365799941,1.6763599741070554e-37
489,CACNA1B,Cacna1b,conductance-aware,thresholdCurrentMultiplier,0.9398401641778938,tau,0.2116502365799941,1.6763599741070554e-37
489,CACNA1B,Cacna1b,conductance-aware,thresholdVoltageShift_mV,-0.0998802843043887,tau,0.2116502365799941,1.6763599741070554e-37
489,CACNA1B,Cacna1b,conductance-aware,spikeKineticsMultiplier,1.0332243181190501,tau,0.2116502365799941,1.6763599741070554e-37
490,SYBU,Sybu,phenotype-constrained,vRestShift_mV,0.0928931790197148,upstroke_downstroke_ratio_long_square,-0.237365297638372,2.45794363265483e-47
490,SYBU,Sybu,phenotype-constrained,inputResistanceMultiplier,0.9922331118100194,upstroke_downstroke_ratio_long_square,-0.237365297638372,2.45794363265483e-47
490,SYBU,Sybu,phenotype-constrained,tauMultiplier,1.0136693122551457,upstroke_downstroke_ratio_long_square,-0.237365297638372,2.45794363265483e-47
490,SYBU,Sybu,phenotype-constrained,fiGainMultiplier,1.0485405713492133,upstroke_downstroke_ratio_long_square,-0.237365297638372,2.45794363265483e-47
490,SYBU,Sybu,phenotype-constrained,adaptationMultiplier,0.9946899345200256,upstroke_downstroke_ratio_long_square,-0.237365297638372,2.45794363265483e-47
490,SYBU,Sybu,phenotype-constrained,latencyMultiplier,1.0190127766407815,upstroke_downstroke_ratio_long_square,-0.237365297638372,2.45794363265483e-47
490,SYBU,Sybu,phenotype-constrained,sagMultiplier,1.0016120508081414,upstroke_downstroke_ratio_long_square,-0.237365297638372,2.45794363265483e-47
490,SYBU,Sybu,phenotype-constrained,thresholdCurrentMultiplier,1.0250225283601873,upstroke_downstroke_ratio_long_square,-0.237365297638372,2.45794363265483e-47
490,SYBU,Sybu,phenotype-constrained,thresholdVoltageShift_mV,0.21886966296411603,upstroke_downstroke_ratio_long_square,-0.237365297638372,2.45794363265483e-47
490,SYBU,Sybu,phenotype-constrained,spikeKineticsMultiplier,0.9312666881465976,upstroke_downstroke_ratio_long_square,-0.237365297638372,2.45794363265483e-47
491,SPOCK3,Spock3,phenotype-constrained,vRestShift_mV,-0.194825785244662,threshold_i_short_square,0.189262783216503,8.660401036106546e-30
491,SPOCK3,Spock3,phenotype-constrained,inputResistanceMultiplier,0.9940948821190148,threshold_i_short_square,0.189262783216503,8.660401036106546e-30
491,SPOCK3,Spock3,phenotype-constrained,tauMultiplier,1.0250711195337479,threshold_i_short_square,0.189262783216503,8.660401036106546e-30
491,SPOCK3,Spock3,phenotype-constrained,fiGainMultiplier,1.0297911106860964,threshold_i_short_square,0.189262783216503,8.660401036106546e-30
491,SPOCK3,Spock3,phenotype-constrained,adaptationMultiplier,0.9740396114952878,threshold_i_short_square,0.189262783216503,8.660401036106546e-30
491,SPOCK3,Spock3,phenotype-constrained,latencyMultiplier,1.0561268996175877,threshold_i_short_square,0.189262783216503,8.660401036106546e-30
491,SPOCK3,Spock3,phenotype-constrained,sagMultiplier,1.0168035828490867,threshold_i_short_square,0.189262783216503,8.660401036106546e-30
491,SPOCK3,Spock3,phenotype-constrained,thresholdCurrentMultiplier,1.0247269878322427,threshold_i_short_square,0.189262783216503,8.660401036106546e-30
491,SPOCK3,Spock3,phenotype-constrained,thresholdVoltageShift_mV,0.0982780953840924,threshold_i_short_square,0.189262783216503,8.660401036106546e-30
491,SPOCK3,Spock3,phenotype-constrained,spikeKineticsMultiplier,0.962264734013398,threshold_i_short_square,0.189262783216503,8.660401036106546e-30
492,MAPRE2,Mapre2,phenotype-constrained,vRestShift_mV,-0.1222948182045216,upstroke_downstroke_ratio_long_square,-0.1876696593161816,8.067875930194979e-30
492,MAPRE2,Mapre2,phenotype-constrained,inputResistanceMultiplier,0.9602420733307937,upstroke_downstroke_ratio_long_square,-0.1876696593161816,8.067875930194979e-30
492,MAPRE2,Mapre2,phenotype-constrained,tauMultiplier,0.9729408045094114,upstroke_downstroke_ratio_long_square,-0.1876696593161816,8.067875930194979e-30
492,MAPRE2,Mapre2,phenotype-constrained,fiGainMultiplier,1.0528655140639203,upstroke_downstroke_ratio_long_square,-0.1876696593161816,8.067875930194979e-30
492,MAPRE2,Mapre2,phenotype-constrained,adaptationMultiplier,0.9502840713295096,upstroke_downstroke_ratio_long_square,-0.1876696593161816,8.067875930194979e-30
492,MAPRE2,Mapre2,phenotype-constrained,latencyMultiplier,1.0227844687143413,upstroke_downstroke_ratio_long_square,-0.1876696593161816,8.067875930194979e-30
492,MAPRE2,Mapre2,phenotype-constrained,sagMultiplier,0.9755950457488145,upstroke_downstroke_ratio_long_square,-0.1876696593161816,8.067875930194979e-30
492,MAPRE2,Mapre2,phenotype-constrained,thresholdCurrentMultiplier,1.0624876409985975,upstroke_downstroke_ratio_long_square,-0.1876696593161816,8.067875930194979e-30
492,MAPRE2,Mapre2,phenotype-constrained,thresholdVoltageShift_mV,0.3266393614107984,upstroke_downstroke_ratio_long_square,-0.1876696593161816,8.067875930194979e-30
492,MAPRE2,Mapre2,phenotype-constrained,spikeKineticsMultiplier,0.9452546680494776,upstroke_downstroke_ratio_long_square,-0.1876696593161816,8.067875930194979e-30
493,GNAO1,Gnao1,phenotype-constrained,vRestShift_mV,0.2480656607494112,upstroke_downstroke_ratio_long_square,0.2090238998247221,8.507488028544577e-37
493,GNAO1,Gnao1,phenotype-constrained,inputResistanceMultiplier,1.0312785778999938,upstroke_downstroke_ratio_long_square,0.2090238998247221,8.507488028544577e-37
493,GNAO1,Gnao1,phenotype-constrained,tauMultiplier,1.0292481912998968,upstroke_downstroke_ratio_long_square,0.2090238998247221,8.507488028544577e-37
493,GNAO1,Gnao1,phenotype-constrained,fiGainMultiplier,0.937434171966113,upstroke_downstroke_ratio_long_square,0.2090238998247221,8.507488028544577e-37
493,GNAO1,Gnao1,phenotype-constrained,adaptationMultiplier,1.031912006074729,upstroke_downstroke_ratio_long_square,0.2090238998247221,8.507488028544577e-37
493,GNAO1,Gnao1,phenotype-constrained,latencyMultiplier,1.0228943496831882,upstroke_downstroke_ratio_long_square,0.2090238998247221,8.507488028544577e-37
493,GNAO1,Gnao1,phenotype-constrained,sagMultiplier,1.0171010513137768,upstroke_downstroke_ratio_long_square,0.2090238998247221,8.507488028544577e-37
493,GNAO1,Gnao1,phenotype-constrained,thresholdCurrentMultiplier,0.964404587720802,upstroke_downstroke_ratio_long_square,0.2090238998247221,8.507488028544577e-37
493,GNAO1,Gnao1,phenotype-constrained,thresholdVoltageShift_mV,-0.0151987427435364,upstroke_downstroke_ratio_long_square,0.2090238998247221,8.507488028544577e-37
493,GNAO1,Gnao1,phenotype-constrained,spikeKineticsMultiplier,1.064715013024241,upstroke_downstroke_ratio_long_square,0.2090238998247221,8.507488028544577e-37
494,WWP1,Wwp1,phenotype-constrained,vRestShift_mV,-0.1323559972623832,upstroke_downstroke_ratio_long_square,-0.1876044113145392,8.433137361316377e-30
494,WWP1,Wwp1,phenotype-constrained,inputResistanceMultiplier,0.9513282381408936,upstroke_downstroke_ratio_long_square,-0.1876044113145392,8.433137361316377e-30
494,WWP1,Wwp1,phenotype-constrained,tauMultiplier,0.9646745846446801,upstroke_downstroke_ratio_long_square,-0.1876044113145392,8.433137361316377e-30
494,WWP1,Wwp1,phenotype-constrained,fiGainMultiplier,1.0545899264974494,upstroke_downstroke_ratio_long_square,-0.1876044113145392,8.433137361316377e-30
494,WWP1,Wwp1,phenotype-constrained,adaptationMultiplier,0.9501072232709257,upstroke_downstroke_ratio_long_square,-0.1876044113145392,8.433137361316377e-30
494,WWP1,Wwp1,phenotype-constrained,latencyMultiplier,1.0231511135243032,upstroke_downstroke_ratio_long_square,-0.1876044113145392,8.433137361316377e-30
494,WWP1,Wwp1,phenotype-constrained,sagMultiplier,0.9679480597390874,upstroke_downstroke_ratio_long_square,-0.1876044113145392,8.433137361316377e-30
494,WWP1,Wwp1,phenotype-constrained,thresholdCurrentMultiplier,1.0619963938806438,upstroke_downstroke_ratio_long_square,-0.1876044113145392,8.433137361316377e-30
494,WWP1,Wwp1,phenotype-constrained,thresholdVoltageShift_mV,0.3138234460167564,upstroke_downstroke_ratio_long_square,-0.1876044113145392,8.433137361316377e-30
494,WWP1,Wwp1,phenotype-constrained,spikeKineticsMultiplier,0.9452731710240093,upstroke_downstroke_ratio_long_square,-0.1876044113145392,8.433137361316377e-30
495,LDHA,Ldha,phenotype-constrained,vRestShift_mV,0.386890856865854,upstroke_downstroke_ratio_long_square,0.2081487470863013,1.7009086135307364e-36
495,LDHA,Ldha,phenotype-constrained,inputResistanceMultiplier,1.0457946528258193,upstroke_downstroke_ratio_long_square,0.2081487470863013,1.7009086135307364e-36
495,LDHA,Ldha,phenotype-constrained,tauMultiplier,1.0480667842938434,upstroke_downstroke_ratio_long_square,0.2081487470863013,1.7009086135307364e-36
495,LDHA,Ldha,phenotype-constrained,fiGainMultiplier,0.9306360045670602,upstroke_downstroke_ratio_long_square,0.2081487470863013,1.7009086135307364e-36
495,LDHA,Ldha,phenotype-constrained,adaptationMultiplier,1.0283153680509172,upstroke_downstroke_ratio_long_square,0.2081487470863013,1.7009086135307364e-36
495,LDHA,Ldha,phenotype-constrained,latencyMultiplier,1.0372767653161066,upstroke_downstroke_ratio_long_square,0.2081487470863013,1.7009086135307364e-36
495,LDHA,Ldha,phenotype-constrained,sagMultiplier,1.0409259625445988,upstroke_downstroke_ratio_long_square,0.2081487470863013,1.7009086135307364e-36
495,LDHA,Ldha,phenotype-constrained,thresholdCurrentMultiplier,0.9479197666511342,upstroke_downstroke_ratio_long_square,0.2081487470863013,1.7009086135307364e-36
495,LDHA,Ldha,phenotype-constrained,thresholdVoltageShift_mV,-0.013200308644396799,upstroke_downstroke_ratio_long_square,0.2081487470863013,1.7009086135307364e-36
495,LDHA,Ldha,phenotype-constrained,spikeKineticsMultiplier,1.0644355132388112,upstroke_downstroke_ratio_long_square,0.2081487470863013,1.7009086135307364e-36
496,DNER,Dner,phenotype-constrained,vRestShift_mV,-0.1602527755613228,upstroke_downstroke_ratio_long_square,0.2869131590387009,2.39511906327962e-69
496,DNER,Dner,phenotype-constrained,inputResistanceMultiplier,0.9830981639668738,upstroke_downstroke_ratio_long_square,0.2869131590387009,2.39511906327962e-69
496,DNER,Dner,phenotype-constrained,tauMultiplier,0.9367956449711811,upstroke_downstroke_ratio_long_square,0.2869131590387009,2.39511906327962e-69
496,DNER,Dner,phenotype-constrained,fiGainMultiplier,0.9986187496595685,upstroke_downstroke_ratio_long_square,0.2869131590387009,2.39511906327962e-69
496,DNER,Dner,phenotype-constrained,adaptationMultiplier,0.9489645218661626,upstroke_downstroke_ratio_long_square,0.2869131590387009,2.39511906327962e-69
496,DNER,Dner,phenotype-constrained,latencyMultiplier,0.9904171371409511,upstroke_downstroke_ratio_long_square,0.2869131590387009,2.39511906327962e-69
496,DNER,Dner,phenotype-constrained,sagMultiplier,0.9381812113205452,upstroke_downstroke_ratio_long_square,0.2869131590387009,2.39511906327962e-69
496,DNER,Dner,phenotype-constrained,thresholdCurrentMultiplier,1.0205478499548457,upstroke_downstroke_ratio_long_square,0.2869131590387009,2.39511906327962e-69
496,DNER,Dner,phenotype-constrained,thresholdVoltageShift_mV,0.3962218931487663,upstroke_downstroke_ratio_long_square,0.2869131590387009,2.39511906327962e-69
496,DNER,Dner,phenotype-constrained,spikeKineticsMultiplier,1.089886919968953,upstroke_downstroke_ratio_long_square,0.2869131590387009,2.39511906327962e-69
497,ABCC8,Abcc8,phenotype-constrained,vRestShift_mV,-0.0396811874478056,threshold_i_long_square,0.2084921849959556,2.1657434350635616e-36
497,ABCC8,Abcc8,phenotype-constrained,inputResistanceMultiplier,0.941181384540154,threshold_i_long_square,0.2084921849959556,2.1657434350635616e-36
497,ABCC8,Abcc8,phenotype-constrained,tauMultiplier,0.9575728847454924,threshold_i_long_square,0.2084921849959556,2.1657434350635616e-36
497,ABCC8,Abcc8,phenotype-constrained,fiGainMultiplier,1.038831414398284,threshold_i_long_square,0.2084921849959556,2.1657434350635616e-36
497,ABCC8,Abcc8,phenotype-constrained,adaptationMultiplier,0.9602334161715955,threshold_i_long_square,0.2084921849959556,2.1657434350635616e-36
497,ABCC8,Abcc8,phenotype-constrained,latencyMultiplier,1.015383383518415,threshold_i_long_square,0.2084921849959556,2.1657434350635616e-36
497,ABCC8,Abcc8,phenotype-constrained,sagMultiplier,0.9879906220097671,threshold_i_long_square,0.2084921849959556,2.1657434350635616e-36
497,ABCC8,Abcc8,phenotype-constrained,thresholdCurrentMultiplier,1.0757007016715527,threshold_i_long_square,0.2084921849959556,2.1657434350635616e-36
497,ABCC8,Abcc8,phenotype-constrained,thresholdVoltageShift_mV,0.27784645103069283,threshold_i_long_square,0.2084921849959556,2.1657434350635616e-36
497,ABCC8,Abcc8,phenotype-constrained,spikeKineticsMultiplier,0.9673822717718843,threshold_i_long_square,0.2084921849959556,2.1657434350635616e-36
498,NEGR1,Negr1,phenotype-constrained,vRestShift_mV,0.099605715795246,tau,0.2519197183450087,4.36954888880179e-53
498,NEGR1,Negr1,phenotype-constrained,inputResistanceMultiplier,1.0480021980230925,tau,0.2519197183450087,4.36954888880179e-53
498,NEGR1,Negr1,phenotype-constrained,tauMultiplier,1.078505099868016,tau,0.2519197183450087,4.36954888880179e-53
498,NEGR1,Negr1,phenotype-constrained,fiGainMultiplier,0.9791041053971937,tau,0.2519197183450087,4.36954888880179e-53
498,NEGR1,Negr1,phenotype-constrained,adaptationMultiplier,1.0729207230175077,tau,0.2519197183450087,4.36954888880179e-53
498,NEGR1,Negr1,phenotype-constrained,latencyMultiplier,1.0249136117427258,tau,0.2519197183450087,4.36954888880179e-53
498,NEGR1,Negr1,phenotype-constrained,sagMultiplier,1.0725439505994885,tau,0.2519197183450087,4.36954888880179e-53
498,NEGR1,Negr1,phenotype-constrained,thresholdCurrentMultiplier,0.9347214064899177,tau,0.2519197183450087,4.36954888880179e-53
498,NEGR1,Negr1,phenotype-constrained,thresholdVoltageShift_mV,-0.3010179620709882,tau,0.2519197183450087,4.36954888880179e-53
498,NEGR1,Negr1,phenotype-constrained,spikeKineticsMultiplier,0.9581212169744435,tau,0.2519197183450087,4.36954888880179e-53
499,THRB,Thrb,phenotype-constrained,vRestShift_mV,-0.3225549022435292,upstroke_downstroke_ratio_long_square,-0.1849706616149069,5.319009285649558e-29
499,THRB,Thrb,phenotype-constrained,inputResistanceMultiplier,0.9697392020754739,upstroke_downstroke_ratio_long_square,-0.1849706616149069,5.319009285649558e-29
499,THRB,Thrb,phenotype-constrained,tauMultiplier,0.9666217945099179,upstroke_downstroke_ratio_long_square,-0.1849706616149069,5.319009285649558e-29
499,THRB,Thrb,phenotype-constrained,fiGainMultiplier,1.0610358375994953,upstroke_downstroke_ratio_long_square,-0.1849706616149069,5.319009285649558e-29
499,THRB,Thrb,phenotype-constrained,adaptationMultiplier,0.9790895400308806,upstroke_downstroke_ratio_long_square,-0.1849706616149069,5.319009285649558e-29
499,THRB,Thrb,phenotype-constrained,latencyMultiplier,0.964731684712421,upstroke_downstroke_ratio_long_square,-0.1849706616149069,5.319009285649558e-29
499,THRB,Thrb,phenotype-constrained,sagMultiplier,0.9610201326256925,upstroke_downstroke_ratio_long_square,-0.1849706616149069,5.319009285649558e-29
499,THRB,Thrb,phenotype-constrained,thresholdCurrentMultiplier,1.0375163916175807,upstroke_downstroke_ratio_long_square,-0.1849706616149069,5.319009285649558e-29
499,THRB,Thrb,phenotype-constrained,thresholdVoltageShift_mV,0.08129118881716291,upstroke_downstroke_ratio_long_square,-0.1849706616149069,5.319009285649558e-29
499,THRB,Thrb,phenotype-constrained,spikeKineticsMultiplier,0.9460203500465929,upstroke_downstroke_ratio_long_square,-0.1849706616149069,5.319009285649558e-29
500,VPS13D,Vps13d,phenotype-constrained,vRestShift_mV,-0.0651154392007008,upstroke_downstroke_ratio_long_square,-0.2032106096304523,8.107516828900693e-35
500,VPS13D,Vps13d,phenotype-constrained,inputResistanceMultiplier,0.9782415012509781,upstroke_downstroke_ratio_long_square,-0.2032106096304523,8.107516828900693e-35
500,VPS13D,Vps13d,phenotype-constrained,tauMultiplier,0.9886694803023218,upstroke_downstroke_ratio_long_square,-0.2032106096304523,8.107516828900693e-35
500,VPS13D,Vps13d,phenotype-constrained,fiGainMultiplier,1.0603115517313952,upstroke_downstroke_ratio_long_square,-0.2032106096304523,8.107516828900693e-35
500,VPS13D,Vps13d,phenotype-constrained,adaptationMultiplier,0.9696001617047617,upstroke_downstroke_ratio_long_square,-0.2032106096304523,8.107516828900693e-35
500,VPS13D,Vps13d,phenotype-constrained,latencyMultiplier,1.001562376763818,upstroke_downstroke_ratio_long_square,-0.2032106096304523,8.107516828900693e-35
500,VPS13D,Vps13d,phenotype-constrained,sagMultiplier,0.9780083998150942,upstroke_downstroke_ratio_long_square,-0.2032106096304523,8.107516828900693e-35
500,VPS13D,Vps13d,phenotype-constrained,thresholdCurrentMultiplier,1.0385397327598478,upstroke_downstroke_ratio_long_square,-0.2032106096304523,8.107516828900693e-35
500,VPS13D,Vps13d,phenotype-constrained,thresholdVoltageShift_mV,0.193979755617753,upstroke_downstroke_ratio_long_square,-0.2032106096304523,8.107516828900693e-35
500,VPS13D,Vps13d,phenotype-constrained,spikeKineticsMultiplier,0.9408578788071829,upstroke_downstroke_ratio_long_square,-0.2032106096304523,8.107516828900693e-35
