study_id,study_name,cancer_type,mutation_sequenced_n,gene,mouse_gene,entrez_id,mutated_samples,mutation_percent
gbm_tcga_pan_can_atlas_2018,"Glioblastoma Multiforme (TCGA, PanCancer Atlas)",Diffuse Glioma,397,ABCC8,Abcc8,6833,4,1.0075566750629723
gbm_tcga_pan_can_atlas_2018,"Glioblastoma Multiforme (TCGA, PanCancer Atlas)",Diffuse Glioma,397,ABR,Abr,29,4,1.0075566750629723
gbm_tcga_pan_can_atlas_2018,"Glioblastoma Multiforme (TCGA, PanCancer Atlas)",Diffuse Glioma,397,ACSL3,Acsl3,2181,2,0.5037783375314862
gbm_tcga_pan_can_atlas_2018,"Glioblastoma Multiforme (TCGA, PanCancer Atlas)",Diffuse Glioma,397,ADAM23,Adam23,8745,5,1.2594458438287153
gbm_tcga_pan_can_atlas_2018,"Glioblastoma Multiforme (TCGA, PanCancer Atlas)",Diffuse Glioma,397,ADAMTS17,Adamts17,170691,2,0.5037783375314862
gbm_tcga_pan_can_atlas_2018,"Glioblastoma Multiforme (TCGA, PanCancer Atlas)",Diffuse Glioma,397,ADARB2,Adarb2,105,4,1.0075566750629723
gbm_tcga_pan_can_atlas_2018,"Glioblastoma Multiforme (TCGA, PanCancer Atlas)",Diffuse Glioma,397,ADCY1,Adcy1,107,10,2.5188916876574305
gbm_tcga_pan_can_atlas_2018,"Glioblastoma Multiforme (TCGA, PanCancer Atlas)",Diffuse Glioma,397,ADCY2,Adcy2,108,3,0.7556675062972292
gbm_tcga_pan_can_atlas_2018,"Glioblastoma Multiforme (TCGA, PanCancer Atlas)",Diffuse Glioma,397,ADCY8,Adcy8,114,5,1.2594458438287153
gbm_tcga_pan_can_atlas_2018,"Glioblastoma Multiforme (TCGA, PanCancer Atlas)",Diffuse Glioma,397,ADRA1A,Adra1a,148,0,0.0
gbm_tcga_pan_can_atlas_2018,"Glioblastoma Multiforme (TCGA, PanCancer Atlas)",Diffuse Glioma,397,AHI1,Ahi1,54806,2,0.5037783375314862
gbm_tcga_pan_can_atlas_2018,"Glioblastoma Multiforme (TCGA, PanCancer Atlas)",Diffuse Glioma,397,AK5,Ak5,26289,2,0.5037783375314862
gbm_tcga_pan_can_atlas_2018,"Glioblastoma Multiforme (TCGA, PanCancer Atlas)",Diffuse Glioma,397,ALK,Alk,238,3,0.7556675062972292
gbm_tcga_pan_can_atlas_2018,"Glioblastoma Multiforme (TCGA, PanCancer Atlas)",Diffuse Glioma,397,ANK1,Ank1,286,12,3.022670025188917
gbm_tcga_pan_can_atlas_2018,"Glioblastoma Multiforme (TCGA, PanCancer Atlas)",Diffuse Glioma,397,ANKRD26,Ankrd26,22852,4,1.0075566750629723
gbm_tcga_pan_can_atlas_2018,"Glioblastoma Multiforme (TCGA, PanCancer Atlas)",Diffuse Glioma,397,ANKS1B,Anks1b,56899,4,1.0075566750629723
gbm_tcga_pan_can_atlas_2018,"Glioblastoma Multiforme (TCGA, PanCancer Atlas)",Diffuse Glioma,397,ANO3,Ano3,63982,6,1.5113350125944585
gbm_tcga_pan_can_atlas_2018,"Glioblastoma Multiforme (TCGA, PanCancer Atlas)",Diffuse Glioma,397,ANO4,Ano4,121601,8,2.0151133501259446
gbm_tcga_pan_can_atlas_2018,"Glioblastoma Multiforme (TCGA, PanCancer Atlas)",Diffuse Glioma,397,ANO5,Ano5,203859,7,1.7632241813602014
gbm_tcga_pan_can_atlas_2018,"Glioblastoma Multiforme (TCGA, PanCancer Atlas)",Diffuse Glioma,397,APBA1,Apba1,320,5,1.2594458438287153
gbm_tcga_pan_can_atlas_2018,"Glioblastoma Multiforme (TCGA, PanCancer Atlas)",Diffuse Glioma,397,APLP1,Aplp1,333,3,0.7556675062972292
gbm_tcga_pan_can_atlas_2018,"Glioblastoma Multiforme (TCGA, PanCancer Atlas)",Diffuse Glioma,397,ARAP2,Arap2,116984,5,1.2594458438287153
gbm_tcga_pan_can_atlas_2018,"Glioblastoma Multiforme (TCGA, PanCancer Atlas)",Diffuse Glioma,397,ARHGAP20,Arhgap20,57569,2,0.5037783375314862
gbm_tcga_pan_can_atlas_2018,"Glioblastoma Multiforme (TCGA, PanCancer Atlas)",Diffuse Glioma,397,ARHGAP21,Arhgap21,57584,6,1.5113350125944585
gbm_tcga_pan_can_atlas_2018,"Glioblastoma Multiforme (TCGA, PanCancer Atlas)",Diffuse Glioma,397,ARHGAP5,Arhgap5,394,2,0.5037783375314862
gbm_tcga_pan_can_atlas_2018,"Glioblastoma Multiforme (TCGA, PanCancer Atlas)",Diffuse Glioma,397,ARID5B,Arid5b,84159,2,0.5037783375314862
gbm_tcga_pan_can_atlas_2018,"Glioblastoma Multiforme (TCGA, PanCancer Atlas)",Diffuse Glioma,397,ARPP21,Arpp21,10777,2,0.5037783375314862
gbm_tcga_pan_can_atlas_2018,"Glioblastoma Multiforme (TCGA, PanCancer Atlas)",Diffuse Glioma,397,ASIC2,Asic2,40,3,0.7556675062972292
gbm_tcga_pan_can_atlas_2018,"Glioblastoma Multiforme (TCGA, PanCancer Atlas)",Diffuse Glioma,397,ASTN1,Astn1,460,2,0.5037783375314862
gbm_tcga_pan_can_atlas_2018,"Glioblastoma Multiforme (TCGA, PanCancer Atlas)",Diffuse Glioma,397,ASTN2,Astn2,23245,4,1.0075566750629723
gbm_tcga_pan_can_atlas_2018,"Glioblastoma Multiforme (TCGA, PanCancer Atlas)",Diffuse Glioma,397,ATP1A3,Atp1a3,478,4,1.0075566750629723
gbm_tcga_pan_can_atlas_2018,"Glioblastoma Multiforme (TCGA, PanCancer Atlas)",Diffuse Glioma,397,ATP2A2,Atp2a2,488,1,0.2518891687657431
gbm_tcga_pan_can_atlas_2018,"Glioblastoma Multiforme (TCGA, PanCancer Atlas)",Diffuse Glioma,397,ATP8A2,Atp8a2,51761,8,2.0151133501259446
gbm_tcga_pan_can_atlas_2018,"Glioblastoma Multiforme (TCGA, PanCancer Atlas)",Diffuse Glioma,397,ATRNL1,Atrnl1,26033,5,1.2594458438287153
gbm_tcga_pan_can_atlas_2018,"Glioblastoma Multiforme (TCGA, PanCancer Atlas)",Diffuse Glioma,397,ATXN1,Atxn1,6310,4,1.0075566750629723
gbm_tcga_pan_can_atlas_2018,"Glioblastoma Multiforme (TCGA, PanCancer Atlas)",Diffuse Glioma,397,BACH2,Bach2,60468,4,1.0075566750629723
gbm_tcga_pan_can_atlas_2018,"Glioblastoma Multiforme (TCGA, PanCancer Atlas)",Diffuse Glioma,397,BAIAP2,Baiap2,10458,1,0.2518891687657431
gbm_tcga_pan_can_atlas_2018,"Glioblastoma Multiforme (TCGA, PanCancer Atlas)",Diffuse Glioma,397,BCL11A,Bcl11a,53335,6,1.5113350125944585
gbm_tcga_pan_can_atlas_2018,"Glioblastoma Multiforme (TCGA, PanCancer Atlas)",Diffuse Glioma,397,BCL11B,Bcl11b,64919,4,1.0075566750629723
gbm_tcga_pan_can_atlas_2018,"Glioblastoma Multiforme (TCGA, PanCancer Atlas)",Diffuse Glioma,397,BDP1,Bdp1,55814,5,1.2594458438287153
gbm_tcga_pan_can_atlas_2018,"Glioblastoma Multiforme (TCGA, PanCancer Atlas)",Diffuse Glioma,397,BMPER,Bmper,168667,4,1.0075566750629723
gbm_tcga_pan_can_atlas_2018,"Glioblastoma Multiforme (TCGA, PanCancer Atlas)",Diffuse Glioma,397,BRINP2,Brinp2,57795,3,0.7556675062972292
gbm_tcga_pan_can_atlas_2018,"Glioblastoma Multiforme (TCGA, PanCancer Atlas)",Diffuse Glioma,397,BRINP3,Brinp3,339479,5,1.2594458438287153
gbm_tcga_pan_can_atlas_2018,"Glioblastoma Multiforme (TCGA, PanCancer Atlas)",Diffuse Glioma,397,BSN,Bsn,8927,9,2.2670025188916876
gbm_tcga_pan_can_atlas_2018,"Glioblastoma Multiforme (TCGA, PanCancer Atlas)",Diffuse Glioma,397,CACNA1A,Cacna1a,773,4,1.0075566750629723
gbm_tcga_pan_can_atlas_2018,"Glioblastoma Multiforme (TCGA, PanCancer Atlas)",Diffuse Glioma,397,CACNA1B,Cacna1b,774,9,2.2670025188916876
gbm_tcga_pan_can_atlas_2018,"Glioblastoma Multiforme (TCGA, PanCancer Atlas)",Diffuse Glioma,397,CACNA1C,Cacna1c,775,6,1.5113350125944585
gbm_tcga_pan_can_atlas_2018,"Glioblastoma Multiforme (TCGA, PanCancer Atlas)",Diffuse Glioma,397,CACNA1D,Cacna1d,776,10,2.5188916876574305
gbm_tcga_pan_can_atlas_2018,"Glioblastoma Multiforme (TCGA, PanCancer Atlas)",Diffuse Glioma,397,CACNA1E,Cacna1e,777,9,2.2670025188916876
gbm_tcga_pan_can_atlas_2018,"Glioblastoma Multiforme (TCGA, PanCancer Atlas)",Diffuse Glioma,397,CACNA2D1,Cacna2d1,781,9,2.2670025188916876
gbm_tcga_pan_can_atlas_2018,"Glioblastoma Multiforme (TCGA, PanCancer Atlas)",Diffuse Glioma,397,CACNA2D3,Cacna2d3,55799,6,1.5113350125944585
gbm_tcga_pan_can_atlas_2018,"Glioblastoma Multiforme (TCGA, PanCancer Atlas)",Diffuse Glioma,397,CACNB2,Cacnb2,783,3,0.7556675062972292
gbm_tcga_pan_can_atlas_2018,"Glioblastoma Multiforme (TCGA, PanCancer Atlas)",Diffuse Glioma,397,CACNB4,Cacnb4,785,1,0.2518891687657431
gbm_tcga_pan_can_atlas_2018,"Glioblastoma Multiforme (TCGA, PanCancer Atlas)",Diffuse Glioma,397,CACNG3,Cacng3,10368,5,1.2594458438287153
gbm_tcga_pan_can_atlas_2018,"Glioblastoma Multiforme (TCGA, PanCancer Atlas)",Diffuse Glioma,397,CADM2,Cadm2,253559,0,0.0
gbm_tcga_pan_can_atlas_2018,"Glioblastoma Multiforme (TCGA, PanCancer Atlas)",Diffuse Glioma,397,CADPS,Cadps,8618,8,2.0151133501259446
gbm_tcga_pan_can_atlas_2018,"Glioblastoma Multiforme (TCGA, PanCancer Atlas)",Diffuse Glioma,397,CAMTA1,Camta1,23261,8,2.0151133501259446
gbm_tcga_pan_can_atlas_2018,"Glioblastoma Multiforme (TCGA, PanCancer Atlas)",Diffuse Glioma,397,CAP2,Cap2,10486,1,0.2518891687657431
gbm_tcga_pan_can_atlas_2018,"Glioblastoma Multiforme (TCGA, PanCancer Atlas)",Diffuse Glioma,397,CCDC136,Ccdc136,64753,1,0.2518891687657431
gbm_tcga_pan_can_atlas_2018,"Glioblastoma Multiforme (TCGA, PanCancer Atlas)",Diffuse Glioma,397,CCSER1,Ccser1,401145,7,1.7632241813602014
gbm_tcga_pan_can_atlas_2018,"Glioblastoma Multiforme (TCGA, PanCancer Atlas)",Diffuse Glioma,397,CDH10,Cdh10,1008,2,0.5037783375314862
gbm_tcga_pan_can_atlas_2018,"Glioblastoma Multiforme (TCGA, PanCancer Atlas)",Diffuse Glioma,397,CDH12,Cdh12,1010,5,1.2594458438287153
gbm_tcga_pan_can_atlas_2018,"Glioblastoma Multiforme (TCGA, PanCancer Atlas)",Diffuse Glioma,397,CDH13,Cdh13,1012,4,1.0075566750629723
gbm_tcga_pan_can_atlas_2018,"Glioblastoma Multiforme (TCGA, PanCancer Atlas)",Diffuse Glioma,397,CDH2,Cdh2,1000,1,0.2518891687657431
gbm_tcga_pan_can_atlas_2018,"Glioblastoma Multiforme (TCGA, PanCancer Atlas)",Diffuse Glioma,397,CDH22,Cdh22,64405,3,0.7556675062972292
gbm_tcga_pan_can_atlas_2018,"Glioblastoma Multiforme (TCGA, PanCancer Atlas)",Diffuse Glioma,397,CDH4,Cdh4,1002,4,1.0075566750629723
gbm_tcga_pan_can_atlas_2018,"Glioblastoma Multiforme (TCGA, PanCancer Atlas)",Diffuse Glioma,397,CDH8,Cdh8,1006,5,1.2594458438287153
gbm_tcga_pan_can_atlas_2018,"Glioblastoma Multiforme (TCGA, PanCancer Atlas)",Diffuse Glioma,397,CDH9,Cdh9,1007,12,3.022670025188917
gbm_tcga_pan_can_atlas_2018,"Glioblastoma Multiforme (TCGA, PanCancer Atlas)",Diffuse Glioma,397,CDK14,Cdk14,5218,1,0.2518891687657431
gbm_tcga_pan_can_atlas_2018,"Glioblastoma Multiforme (TCGA, PanCancer Atlas)",Diffuse Glioma,397,CDKL5,Cdkl5,6792,4,1.0075566750629723
gbm_tcga_pan_can_atlas_2018,"Glioblastoma Multiforme (TCGA, PanCancer Atlas)",Diffuse Glioma,397,CELF4,Celf4,56853,2,0.5037783375314862
gbm_tcga_pan_can_atlas_2018,"Glioblastoma Multiforme (TCGA, PanCancer Atlas)",Diffuse Glioma,397,CEMIP,Cemip,57214,5,1.2594458438287153
gbm_tcga_pan_can_atlas_2018,"Glioblastoma Multiforme (TCGA, PanCancer Atlas)",Diffuse Glioma,397,CHGB,Chgb,1114,8,2.0151133501259446
gbm_tcga_pan_can_atlas_2018,"Glioblastoma Multiforme (TCGA, PanCancer Atlas)",Diffuse Glioma,397,CHL1,Chl1,10752,9,2.2670025188916876
gbm_tcga_pan_can_atlas_2018,"Glioblastoma Multiforme (TCGA, PanCancer Atlas)",Diffuse Glioma,397,CHRM3,Chrm3,1131,7,1.7632241813602014
gbm_tcga_pan_can_atlas_2018,"Glioblastoma Multiforme (TCGA, PanCancer Atlas)",Diffuse Glioma,397,CHSY3,Chsy3,337876,4,1.0075566750629723
gbm_tcga_pan_can_atlas_2018,"Glioblastoma Multiforme (TCGA, PanCancer Atlas)",Diffuse Glioma,397,CIT,Cit,11113,7,1.7632241813602014
gbm_tcga_pan_can_atlas_2018,"Glioblastoma Multiforme (TCGA, PanCancer Atlas)",Diffuse Glioma,397,CLEC16A,Clec16a,23274,0,0.0
gbm_tcga_pan_can_atlas_2018,"Glioblastoma Multiforme (TCGA, PanCancer Atlas)",Diffuse Glioma,397,CLIP4,Clip4,79745,1,0.2518891687657431
gbm_tcga_pan_can_atlas_2018,"Glioblastoma Multiforme (TCGA, PanCancer Atlas)",Diffuse Glioma,397,CLSTN2,Clstn2,64084,5,1.2594458438287153
gbm_tcga_pan_can_atlas_2018,"Glioblastoma Multiforme (TCGA, PanCancer Atlas)",Diffuse Glioma,397,CLVS1,Clvs1,157807,2,0.5037783375314862
gbm_tcga_pan_can_atlas_2018,"Glioblastoma Multiforme (TCGA, PanCancer Atlas)",Diffuse Glioma,397,CNR1,Cnr1,1268,3,0.7556675062972292
gbm_tcga_pan_can_atlas_2018,"Glioblastoma Multiforme (TCGA, PanCancer Atlas)",Diffuse Glioma,397,CNTN3,Cntn3,5067,4,1.0075566750629723
gbm_tcga_pan_can_atlas_2018,"Glioblastoma Multiforme (TCGA, PanCancer Atlas)",Diffuse Glioma,397,CNTN4,Cntn4,152330,8,2.0151133501259446
gbm_tcga_pan_can_atlas_2018,"Glioblastoma Multiforme (TCGA, PanCancer Atlas)",Diffuse Glioma,397,CNTN5,Cntn5,53942,5,1.2594458438287153
gbm_tcga_pan_can_atlas_2018,"Glioblastoma Multiforme (TCGA, PanCancer Atlas)",Diffuse Glioma,397,CNTN6,Cntn6,27255,9,2.2670025188916876
gbm_tcga_pan_can_atlas_2018,"Glioblastoma Multiforme (TCGA, PanCancer Atlas)",Diffuse Glioma,397,CNTNAP2,Cntnap2,26047,19,4.785894206549118
gbm_tcga_pan_can_atlas_2018,"Glioblastoma Multiforme (TCGA, PanCancer Atlas)",Diffuse Glioma,397,CNTNAP4,Cntnap4,85445,4,1.0075566750629723
gbm_tcga_pan_can_atlas_2018,"Glioblastoma Multiforme (TCGA, PanCancer Atlas)",Diffuse Glioma,397,COL11A1,Col11a1,1301,8,2.0151133501259446
gbm_tcga_pan_can_atlas_2018,"Glioblastoma Multiforme (TCGA, PanCancer Atlas)",Diffuse Glioma,397,COL16A1,Col16a1,1307,4,1.0075566750629723
gbm_tcga_pan_can_atlas_2018,"Glioblastoma Multiforme (TCGA, PanCancer Atlas)",Diffuse Glioma,397,COL19A1,Col19a1,1310,3,0.7556675062972292
gbm_tcga_pan_can_atlas_2018,"Glioblastoma Multiforme (TCGA, PanCancer Atlas)",Diffuse Glioma,397,COL24A1,Col24a1,255631,7,1.7632241813602014
gbm_tcga_pan_can_atlas_2018,"Glioblastoma Multiforme (TCGA, PanCancer Atlas)",Diffuse Glioma,397,COL25A1,Col25a1,84570,3,0.7556675062972292
gbm_tcga_pan_can_atlas_2018,"Glioblastoma Multiforme (TCGA, PanCancer Atlas)",Diffuse Glioma,397,CORO6,Coro6,84940,1,0.2518891687657431
gbm_tcga_pan_can_atlas_2018,"Glioblastoma Multiforme (TCGA, PanCancer Atlas)",Diffuse Glioma,397,CPNE4,Cpne4,131034,3,0.7556675062972292
gbm_tcga_pan_can_atlas_2018,"Glioblastoma Multiforme (TCGA, PanCancer Atlas)",Diffuse Glioma,397,CSMD1,Csmd1,64478,10,2.5188916876574305
gbm_tcga_pan_can_atlas_2018,"Glioblastoma Multiforme (TCGA, PanCancer Atlas)",Diffuse Glioma,397,CSMD2,Csmd2,114784,10,2.5188916876574305
gbm_tcga_pan_can_atlas_2018,"Glioblastoma Multiforme (TCGA, PanCancer Atlas)",Diffuse Glioma,397,CSMD3,Csmd3,114788,11,2.770780856423174
gbm_tcga_pan_can_atlas_2018,"Glioblastoma Multiforme (TCGA, PanCancer Atlas)",Diffuse Glioma,397,CSRNP3,Csrnp3,80034,2,0.5037783375314862
gbm_tcga_pan_can_atlas_2018,"Glioblastoma Multiforme (TCGA, PanCancer Atlas)",Diffuse Glioma,397,CUX1,Cux1,1523,5,1.2594458438287153
gbm_tcga_pan_can_atlas_2018,"Glioblastoma Multiforme (TCGA, PanCancer Atlas)",Diffuse Glioma,397,CUX2,Cux2,23316,7,1.7632241813602014
gbm_tcga_pan_can_atlas_2018,"Glioblastoma Multiforme (TCGA, PanCancer Atlas)",Diffuse Glioma,397,CYFIP2,Cyfip2,26999,1,0.2518891687657431
gbm_tcga_pan_can_atlas_2018,"Glioblastoma Multiforme (TCGA, PanCancer Atlas)",Diffuse Glioma,397,DAAM1,Daam1,23002,2,0.5037783375314862
gbm_tcga_pan_can_atlas_2018,"Glioblastoma Multiforme (TCGA, PanCancer Atlas)",Diffuse Glioma,397,DAB1,Dab1,1600,4,1.0075566750629723
gbm_tcga_pan_can_atlas_2018,"Glioblastoma Multiforme (TCGA, PanCancer Atlas)",Diffuse Glioma,397,DACH1,Dach1,1602,4,1.0075566750629723
gbm_tcga_pan_can_atlas_2018,"Glioblastoma Multiforme (TCGA, PanCancer Atlas)",Diffuse Glioma,397,DAPK1,Dapk1,1612,3,0.7556675062972292
gbm_tcga_pan_can_atlas_2018,"Glioblastoma Multiforme (TCGA, PanCancer Atlas)",Diffuse Glioma,397,DCC,Dcc,1630,9,2.2670025188916876
gbm_tcga_pan_can_atlas_2018,"Glioblastoma Multiforme (TCGA, PanCancer Atlas)",Diffuse Glioma,397,DENND5B,Dennd5b,160518,1,0.2518891687657431
gbm_tcga_pan_can_atlas_2018,"Glioblastoma Multiforme (TCGA, PanCancer Atlas)",Diffuse Glioma,397,DGKB,Dgkb,1607,4,1.0075566750629723
gbm_tcga_pan_can_atlas_2018,"Glioblastoma Multiforme (TCGA, PanCancer Atlas)",Diffuse Glioma,397,DGKD,Dgkd,8527,7,1.7632241813602014
gbm_tcga_pan_can_atlas_2018,"Glioblastoma Multiforme (TCGA, PanCancer Atlas)",Diffuse Glioma,397,DGKG,Dgkg,1608,3,0.7556675062972292
gbm_tcga_pan_can_atlas_2018,"Glioblastoma Multiforme (TCGA, PanCancer Atlas)",Diffuse Glioma,397,DGKH,Dgkh,160851,1,0.2518891687657431
gbm_tcga_pan_can_atlas_2018,"Glioblastoma Multiforme (TCGA, PanCancer Atlas)",Diffuse Glioma,397,DGKI,Dgki,9162,4,1.0075566750629723
gbm_tcga_pan_can_atlas_2018,"Glioblastoma Multiforme (TCGA, PanCancer Atlas)",Diffuse Glioma,397,DIP2A,Dip2a,23181,4,1.0075566750629723
gbm_tcga_pan_can_atlas_2018,"Glioblastoma Multiforme (TCGA, PanCancer Atlas)",Diffuse Glioma,397,DLC1,Dlc1,10395,5,1.2594458438287153
gbm_tcga_pan_can_atlas_2018,"Glioblastoma Multiforme (TCGA, PanCancer Atlas)",Diffuse Glioma,397,DLG2,Dlg2,1740,2,0.5037783375314862
gbm_tcga_pan_can_atlas_2018,"Glioblastoma Multiforme (TCGA, PanCancer Atlas)",Diffuse Glioma,397,DLGAP1,Dlgap1,9229,3,0.7556675062972292
gbm_tcga_pan_can_atlas_2018,"Glioblastoma Multiforme (TCGA, PanCancer Atlas)",Diffuse Glioma,397,DLGAP2,Dlgap2,9228,5,1.2594458438287153
gbm_tcga_pan_can_atlas_2018,"Glioblastoma Multiforme (TCGA, PanCancer Atlas)",Diffuse Glioma,397,DMD,Dmd,1756,13,3.27455919395466
gbm_tcga_pan_can_atlas_2018,"Glioblastoma Multiforme (TCGA, PanCancer Atlas)",Diffuse Glioma,397,DNER,Dner,92737,1,0.2518891687657431
gbm_tcga_pan_can_atlas_2018,"Glioblastoma Multiforme (TCGA, PanCancer Atlas)",Diffuse Glioma,397,DOCK10,Dock10,55619,7,1.7632241813602014
gbm_tcga_pan_can_atlas_2018,"Glioblastoma Multiforme (TCGA, PanCancer Atlas)",Diffuse Glioma,397,DOCK3,Dock3,1795,3,0.7556675062972292
gbm_tcga_pan_can_atlas_2018,"Glioblastoma Multiforme (TCGA, PanCancer Atlas)",Diffuse Glioma,397,DOCK4,Dock4,9732,6,1.5113350125944585
gbm_tcga_pan_can_atlas_2018,"Glioblastoma Multiforme (TCGA, PanCancer Atlas)",Diffuse Glioma,397,DOCK9,Dock9,23348,3,0.7556675062972292
gbm_tcga_pan_can_atlas_2018,"Glioblastoma Multiforme (TCGA, PanCancer Atlas)",Diffuse Glioma,397,DOK5,Dok5,55816,2,0.5037783375314862
gbm_tcga_pan_can_atlas_2018,"Glioblastoma Multiforme (TCGA, PanCancer Atlas)",Diffuse Glioma,397,DPP6,Dpp6,1804,4,1.0075566750629723
gbm_tcga_pan_can_atlas_2018,"Glioblastoma Multiforme (TCGA, PanCancer Atlas)",Diffuse Glioma,397,DSCAM,Dscam,1826,5,1.2594458438287153
gbm_tcga_pan_can_atlas_2018,"Glioblastoma Multiforme (TCGA, PanCancer Atlas)",Diffuse Glioma,397,DSCAML1,Dscaml1,57453,8,2.0151133501259446
gbm_tcga_pan_can_atlas_2018,"Glioblastoma Multiforme (TCGA, PanCancer Atlas)",Diffuse Glioma,397,DYNC1H1,Dync1h1,1778,7,1.7632241813602014
gbm_tcga_pan_can_atlas_2018,"Glioblastoma Multiforme (TCGA, PanCancer Atlas)",Diffuse Glioma,397,DYNC1I1,Dync1i1,1780,10,2.5188916876574305
gbm_tcga_pan_can_atlas_2018,"Glioblastoma Multiforme (TCGA, PanCancer Atlas)",Diffuse Glioma,397,DYNC2H1,Dync2h1,79659,7,1.7632241813602014
gbm_tcga_pan_can_atlas_2018,"Glioblastoma Multiforme (TCGA, PanCancer Atlas)",Diffuse Glioma,397,EEPD1,Eepd1,80820,0,0.0
gbm_tcga_pan_can_atlas_2018,"Glioblastoma Multiforme (TCGA, PanCancer Atlas)",Diffuse Glioma,397,EFR3A,Efr3a,23167,4,1.0075566750629723
gbm_tcga_pan_can_atlas_2018,"Glioblastoma Multiforme (TCGA, PanCancer Atlas)",Diffuse Glioma,397,EGFR,Egfr,1956,94,23.67758186397985
gbm_tcga_pan_can_atlas_2018,"Glioblastoma Multiforme (TCGA, PanCancer Atlas)",Diffuse Glioma,397,ELAVL2,Elavl2,1993,2,0.5037783375314862
gbm_tcga_pan_can_atlas_2018,"Glioblastoma Multiforme (TCGA, PanCancer Atlas)",Diffuse Glioma,397,ENOX1,Enox1,55068,3,0.7556675062972292
gbm_tcga_pan_can_atlas_2018,"Glioblastoma Multiforme (TCGA, PanCancer Atlas)",Diffuse Glioma,397,EPHA3,Epha3,2042,7,1.7632241813602014
gbm_tcga_pan_can_atlas_2018,"Glioblastoma Multiforme (TCGA, PanCancer Atlas)",Diffuse Glioma,397,EPHA4,Epha4,2043,5,1.2594458438287153
gbm_tcga_pan_can_atlas_2018,"Glioblastoma Multiforme (TCGA, PanCancer Atlas)",Diffuse Glioma,397,EPHA6,Epha6,285220,5,1.2594458438287153
gbm_tcga_pan_can_atlas_2018,"Glioblastoma Multiforme (TCGA, PanCancer Atlas)",Diffuse Glioma,397,EPHB6,Ephb6,2051,5,1.2594458438287153
gbm_tcga_pan_can_atlas_2018,"Glioblastoma Multiforme (TCGA, PanCancer Atlas)",Diffuse Glioma,397,ERBB4,Erbb4,2066,2,0.5037783375314862
gbm_tcga_pan_can_atlas_2018,"Glioblastoma Multiforme (TCGA, PanCancer Atlas)",Diffuse Glioma,397,ERC2,Erc2,26059,5,1.2594458438287153
gbm_tcga_pan_can_atlas_2018,"Glioblastoma Multiforme (TCGA, PanCancer Atlas)",Diffuse Glioma,397,ESRRG,Esrrg,2104,3,0.7556675062972292
gbm_tcga_pan_can_atlas_2018,"Glioblastoma Multiforme (TCGA, PanCancer Atlas)",Diffuse Glioma,397,ETV6,Etv6,2120,1,0.2518891687657431
gbm_tcga_pan_can_atlas_2018,"Glioblastoma Multiforme (TCGA, PanCancer Atlas)",Diffuse Glioma,397,EXOC4,Exoc4,60412,2,0.5037783375314862
gbm_tcga_pan_can_atlas_2018,"Glioblastoma Multiforme (TCGA, PanCancer Atlas)",Diffuse Glioma,397,EYA4,Eya4,2070,2,0.5037783375314862
gbm_tcga_pan_can_atlas_2018,"Glioblastoma Multiforme (TCGA, PanCancer Atlas)",Diffuse Glioma,397,FAM135B,Fam135b,51059,7,1.7632241813602014
gbm_tcga_pan_can_atlas_2018,"Glioblastoma Multiforme (TCGA, PanCancer Atlas)",Diffuse Glioma,397,FAT1,Fat1,2195,7,1.7632241813602014
gbm_tcga_pan_can_atlas_2018,"Glioblastoma Multiforme (TCGA, PanCancer Atlas)",Diffuse Glioma,397,FAT3,Fat3,120114,7,1.7632241813602014
gbm_tcga_pan_can_atlas_2018,"Glioblastoma Multiforme (TCGA, PanCancer Atlas)",Diffuse Glioma,397,FGF13,Fgf13,2258,1,0.2518891687657431
gbm_tcga_pan_can_atlas_2018,"Glioblastoma Multiforme (TCGA, PanCancer Atlas)",Diffuse Glioma,397,FHOD3,Fhod3,80206,6,1.5113350125944585
gbm_tcga_pan_can_atlas_2018,"Glioblastoma Multiforme (TCGA, PanCancer Atlas)",Diffuse Glioma,397,FMN1,Fmn1,342184,5,1.2594458438287153
gbm_tcga_pan_can_atlas_2018,"Glioblastoma Multiforme (TCGA, PanCancer Atlas)",Diffuse Glioma,397,FMN2,Fmn2,56776,3,0.7556675062972292
gbm_tcga_pan_can_atlas_2018,"Glioblastoma Multiforme (TCGA, PanCancer Atlas)",Diffuse Glioma,397,FOCAD,Focad,54914,2,0.5037783375314862
gbm_tcga_pan_can_atlas_2018,"Glioblastoma Multiforme (TCGA, PanCancer Atlas)",Diffuse Glioma,397,FRAS1,Fras1,80144,16,4.030226700251889
gbm_tcga_pan_can_atlas_2018,"Glioblastoma Multiforme (TCGA, PanCancer Atlas)",Diffuse Glioma,397,FREM1,Frem1,158326,7,1.7632241813602014
gbm_tcga_pan_can_atlas_2018,"Glioblastoma Multiforme (TCGA, PanCancer Atlas)",Diffuse Glioma,397,FRMPD4,Frmpd4,9758,11,2.770780856423174
gbm_tcga_pan_can_atlas_2018,"Glioblastoma Multiforme (TCGA, PanCancer Atlas)",Diffuse Glioma,397,FRY,Fry,10129,6,1.5113350125944585
gbm_tcga_pan_can_atlas_2018,"Glioblastoma Multiforme (TCGA, PanCancer Atlas)",Diffuse Glioma,397,FSTL4,Fstl4,23105,5,1.2594458438287153
gbm_tcga_pan_can_atlas_2018,"Glioblastoma Multiforme (TCGA, PanCancer Atlas)",Diffuse Glioma,397,FSTL5,Fstl5,56884,6,1.5113350125944585
gbm_tcga_pan_can_atlas_2018,"Glioblastoma Multiforme (TCGA, PanCancer Atlas)",Diffuse Glioma,397,FUT9,Fut9,10690,2,0.5037783375314862
gbm_tcga_pan_can_atlas_2018,"Glioblastoma Multiforme (TCGA, PanCancer Atlas)",Diffuse Glioma,397,GABBR1,Gabbr1,2550,4,1.0075566750629723
gbm_tcga_pan_can_atlas_2018,"Glioblastoma Multiforme (TCGA, PanCancer Atlas)",Diffuse Glioma,397,GABBR2,Gabbr2,9568,5,1.2594458438287153
gbm_tcga_pan_can_atlas_2018,"Glioblastoma Multiforme (TCGA, PanCancer Atlas)",Diffuse Glioma,397,GABRA1,Gabra1,2554,7,1.7632241813602014
gbm_tcga_pan_can_atlas_2018,"Glioblastoma Multiforme (TCGA, PanCancer Atlas)",Diffuse Glioma,397,GABRA2,Gabra2,2555,3,0.7556675062972292
gbm_tcga_pan_can_atlas_2018,"Glioblastoma Multiforme (TCGA, PanCancer Atlas)",Diffuse Glioma,397,GABRB1,Gabrb1,2560,3,0.7556675062972292
gbm_tcga_pan_can_atlas_2018,"Glioblastoma Multiforme (TCGA, PanCancer Atlas)",Diffuse Glioma,397,GABRB2,Gabrb2,2561,9,2.2670025188916876
gbm_tcga_pan_can_atlas_2018,"Glioblastoma Multiforme (TCGA, PanCancer Atlas)",Diffuse Glioma,397,GABRD,Gabrd,2563,2,0.5037783375314862
gbm_tcga_pan_can_atlas_2018,"Glioblastoma Multiforme (TCGA, PanCancer Atlas)",Diffuse Glioma,397,GABRG2,Gabrg2,2566,6,1.5113350125944585
gbm_tcga_pan_can_atlas_2018,"Glioblastoma Multiforme (TCGA, PanCancer Atlas)",Diffuse Glioma,397,GABRG3,Gabrg3,2567,1,0.2518891687657431
gbm_tcga_pan_can_atlas_2018,"Glioblastoma Multiforme (TCGA, PanCancer Atlas)",Diffuse Glioma,397,GAD1,Gad1,2571,4,1.0075566750629723
gbm_tcga_pan_can_atlas_2018,"Glioblastoma Multiforme (TCGA, PanCancer Atlas)",Diffuse Glioma,397,GALNT13,Galnt13,114805,1,0.2518891687657431
gbm_tcga_pan_can_atlas_2018,"Glioblastoma Multiforme (TCGA, PanCancer Atlas)",Diffuse Glioma,397,GALNT14,Galnt14,79623,7,1.7632241813602014
gbm_tcga_pan_can_atlas_2018,"Glioblastoma Multiforme (TCGA, PanCancer Atlas)",Diffuse Glioma,397,GALNT18,Galnt18,374378,2,0.5037783375314862
gbm_tcga_pan_can_atlas_2018,"Glioblastoma Multiforme (TCGA, PanCancer Atlas)",Diffuse Glioma,397,GALNTL6,Galntl6,442117,1,0.2518891687657431
gbm_tcga_pan_can_atlas_2018,"Glioblastoma Multiforme (TCGA, PanCancer Atlas)",Diffuse Glioma,397,GAP43,Gap43,2596,2,0.5037783375314862
gbm_tcga_pan_can_atlas_2018,"Glioblastoma Multiforme (TCGA, PanCancer Atlas)",Diffuse Glioma,397,GARNL3,Garnl3,84253,2,0.5037783375314862
gbm_tcga_pan_can_atlas_2018,"Glioblastoma Multiforme (TCGA, PanCancer Atlas)",Diffuse Glioma,397,GAS7,Gas7,8522,1,0.2518891687657431
gbm_tcga_pan_can_atlas_2018,"Glioblastoma Multiforme (TCGA, PanCancer Atlas)",Diffuse Glioma,397,GCC2,Gcc2,9648,3,0.7556675062972292
gbm_tcga_pan_can_atlas_2018,"Glioblastoma Multiforme (TCGA, PanCancer Atlas)",Diffuse Glioma,397,GDA,Gda,9615,2,0.5037783375314862
gbm_tcga_pan_can_atlas_2018,"Glioblastoma Multiforme (TCGA, PanCancer Atlas)",Diffuse Glioma,397,GHR,Ghr,2690,3,0.7556675062972292
gbm_tcga_pan_can_atlas_2018,"Glioblastoma Multiforme (TCGA, PanCancer Atlas)",Diffuse Glioma,397,GNPTAB,Gnptab,79158,3,0.7556675062972292
gbm_tcga_pan_can_atlas_2018,"Glioblastoma Multiforme (TCGA, PanCancer Atlas)",Diffuse Glioma,397,GOLIM4,Golim4,27333,2,0.5037783375314862
gbm_tcga_pan_can_atlas_2018,"Glioblastoma Multiforme (TCGA, PanCancer Atlas)",Diffuse Glioma,397,GOT1,Got1,2805,1,0.2518891687657431
gbm_tcga_pan_can_atlas_2018,"Glioblastoma Multiforme (TCGA, PanCancer Atlas)",Diffuse Glioma,397,GPR158,Gpr158,57512,3,0.7556675062972292
gbm_tcga_pan_can_atlas_2018,"Glioblastoma Multiforme (TCGA, PanCancer Atlas)",Diffuse Glioma,397,GRIA1,Gria1,2890,4,1.0075566750629723
gbm_tcga_pan_can_atlas_2018,"Glioblastoma Multiforme (TCGA, PanCancer Atlas)",Diffuse Glioma,397,GRIA3,Gria3,2892,6,1.5113350125944585
gbm_tcga_pan_can_atlas_2018,"Glioblastoma Multiforme (TCGA, PanCancer Atlas)",Diffuse Glioma,397,GRIA4,Gria4,2893,2,0.5037783375314862
gbm_tcga_pan_can_atlas_2018,"Glioblastoma Multiforme (TCGA, PanCancer Atlas)",Diffuse Glioma,397,GRID1,Grid1,2894,2,0.5037783375314862
gbm_tcga_pan_can_atlas_2018,"Glioblastoma Multiforme (TCGA, PanCancer Atlas)",Diffuse Glioma,397,GRID2,Grid2,2895,4,1.0075566750629723
gbm_tcga_pan_can_atlas_2018,"Glioblastoma Multiforme (TCGA, PanCancer Atlas)",Diffuse Glioma,397,GRIK1,Grik1,2897,4,1.0075566750629723
gbm_tcga_pan_can_atlas_2018,"Glioblastoma Multiforme (TCGA, PanCancer Atlas)",Diffuse Glioma,397,GRIK3,Grik3,2899,8,2.0151133501259446
gbm_tcga_pan_can_atlas_2018,"Glioblastoma Multiforme (TCGA, PanCancer Atlas)",Diffuse Glioma,397,GRIN2A,Grin2a,2903,16,4.030226700251889
gbm_tcga_pan_can_atlas_2018,"Glioblastoma Multiforme (TCGA, PanCancer Atlas)",Diffuse Glioma,397,GRIN3A,Grin3a,116443,3,0.7556675062972292
gbm_tcga_pan_can_atlas_2018,"Glioblastoma Multiforme (TCGA, PanCancer Atlas)",Diffuse Glioma,397,GRM3,Grm3,2913,12,3.022670025188917
gbm_tcga_pan_can_atlas_2018,"Glioblastoma Multiforme (TCGA, PanCancer Atlas)",Diffuse Glioma,397,GRM5,Grm5,2915,2,0.5037783375314862
gbm_tcga_pan_can_atlas_2018,"Glioblastoma Multiforme (TCGA, PanCancer Atlas)",Diffuse Glioma,397,GRM7,Grm7,2917,4,1.0075566750629723
gbm_tcga_pan_can_atlas_2018,"Glioblastoma Multiforme (TCGA, PanCancer Atlas)",Diffuse Glioma,397,GRM8,Grm8,2918,10,2.5188916876574305
gbm_tcga_pan_can_atlas_2018,"Glioblastoma Multiforme (TCGA, PanCancer Atlas)",Diffuse Glioma,397,HCN1,Hcn1,348980,14,3.526448362720403
gbm_tcga_pan_can_atlas_2018,"Glioblastoma Multiforme (TCGA, PanCancer Atlas)",Diffuse Glioma,397,HDAC9,Hdac9,9734,5,1.2594458438287153
gbm_tcga_pan_can_atlas_2018,"Glioblastoma Multiforme (TCGA, PanCancer Atlas)",Diffuse Glioma,397,HECW1,Hecw1,23072,7,1.7632241813602014
gbm_tcga_pan_can_atlas_2018,"Glioblastoma Multiforme (TCGA, PanCancer Atlas)",Diffuse Glioma,397,HECW2,Hecw2,57520,4,1.0075566750629723
gbm_tcga_pan_can_atlas_2018,"Glioblastoma Multiforme (TCGA, PanCancer Atlas)",Diffuse Glioma,397,HERC1,Herc1,8925,7,1.7632241813602014
gbm_tcga_pan_can_atlas_2018,"Glioblastoma Multiforme (TCGA, PanCancer Atlas)",Diffuse Glioma,397,HIVEP2,Hivep2,3097,6,1.5113350125944585
gbm_tcga_pan_can_atlas_2018,"Glioblastoma Multiforme (TCGA, PanCancer Atlas)",Diffuse Glioma,397,HIVEP3,Hivep3,59269,3,0.7556675062972292
gbm_tcga_pan_can_atlas_2018,"Glioblastoma Multiforme (TCGA, PanCancer Atlas)",Diffuse Glioma,397,HS3ST4,Hs3st4,9951,1,0.2518891687657431
gbm_tcga_pan_can_atlas_2018,"Glioblastoma Multiforme (TCGA, PanCancer Atlas)",Diffuse Glioma,397,HSPA12A,Hspa12a,259217,5,1.2594458438287153
gbm_tcga_pan_can_atlas_2018,"Glioblastoma Multiforme (TCGA, PanCancer Atlas)",Diffuse Glioma,397,HTR2C,Htr2c,3358,2,0.5037783375314862
gbm_tcga_pan_can_atlas_2018,"Glioblastoma Multiforme (TCGA, PanCancer Atlas)",Diffuse Glioma,397,IGF1,Igf1,3479,1,0.2518891687657431
gbm_tcga_pan_can_atlas_2018,"Glioblastoma Multiforme (TCGA, PanCancer Atlas)",Diffuse Glioma,397,IL1RAPL1,Il1rapl1,11141,4,1.0075566750629723
gbm_tcga_pan_can_atlas_2018,"Glioblastoma Multiforme (TCGA, PanCancer Atlas)",Diffuse Glioma,397,IL1RAPL2,Il1rapl2,26280,5,1.2594458438287153
gbm_tcga_pan_can_atlas_2018,"Glioblastoma Multiforme (TCGA, PanCancer Atlas)",Diffuse Glioma,397,INPP4B,Inpp4b,8821,4,1.0075566750629723
gbm_tcga_pan_can_atlas_2018,"Glioblastoma Multiforme (TCGA, PanCancer Atlas)",Diffuse Glioma,397,IQSEC1,Iqsec1,9922,4,1.0075566750629723
gbm_tcga_pan_can_atlas_2018,"Glioblastoma Multiforme (TCGA, PanCancer Atlas)",Diffuse Glioma,397,ITGA8,Itga8,8516,6,1.5113350125944585
gbm_tcga_pan_can_atlas_2018,"Glioblastoma Multiforme (TCGA, PanCancer Atlas)",Diffuse Glioma,397,ITPK1,Itpk1,3705,4,1.0075566750629723
gbm_tcga_pan_can_atlas_2018,"Glioblastoma Multiforme (TCGA, PanCancer Atlas)",Diffuse Glioma,397,ITPR1,Itpr1,3708,6,1.5113350125944585
gbm_tcga_pan_can_atlas_2018,"Glioblastoma Multiforme (TCGA, PanCancer Atlas)",Diffuse Glioma,397,ITSN1,Itsn1,6453,7,1.7632241813602014
gbm_tcga_pan_can_atlas_2018,"Glioblastoma Multiforme (TCGA, PanCancer Atlas)",Diffuse Glioma,397,KALRN,Kalrn,8997,6,1.5113350125944585
gbm_tcga_pan_can_atlas_2018,"Glioblastoma Multiforme (TCGA, PanCancer Atlas)",Diffuse Glioma,397,KCNAB1,Kcnab1,7881,1,0.2518891687657431
gbm_tcga_pan_can_atlas_2018,"Glioblastoma Multiforme (TCGA, PanCancer Atlas)",Diffuse Glioma,397,KCNB1,Kcnb1,3745,6,1.5113350125944585
gbm_tcga_pan_can_atlas_2018,"Glioblastoma Multiforme (TCGA, PanCancer Atlas)",Diffuse Glioma,397,KCNB2,Kcnb2,9312,8,2.0151133501259446
gbm_tcga_pan_can_atlas_2018,"Glioblastoma Multiforme (TCGA, PanCancer Atlas)",Diffuse Glioma,397,KCNC1,Kcnc1,3746,1,0.2518891687657431
gbm_tcga_pan_can_atlas_2018,"Glioblastoma Multiforme (TCGA, PanCancer Atlas)",Diffuse Glioma,397,KCNC2,Kcnc2,3747,7,1.7632241813602014
gbm_tcga_pan_can_atlas_2018,"Glioblastoma Multiforme (TCGA, PanCancer Atlas)",Diffuse Glioma,397,KCND3,Kcnd3,3752,4,1.0075566750629723
gbm_tcga_pan_can_atlas_2018,"Glioblastoma Multiforme (TCGA, PanCancer Atlas)",Diffuse Glioma,397,KCNH1,Kcnh1,3756,8,2.0151133501259446
gbm_tcga_pan_can_atlas_2018,"Glioblastoma Multiforme (TCGA, PanCancer Atlas)",Diffuse Glioma,397,KCNH5,Kcnh5,27133,7,1.7632241813602014
gbm_tcga_pan_can_atlas_2018,"Glioblastoma Multiforme (TCGA, PanCancer Atlas)",Diffuse Glioma,397,KCNH7,Kcnh7,90134,6,1.5113350125944585
gbm_tcga_pan_can_atlas_2018,"Glioblastoma Multiforme (TCGA, PanCancer Atlas)",Diffuse Glioma,397,KCNJ3,Kcnj3,3760,3,0.7556675062972292
gbm_tcga_pan_can_atlas_2018,"Glioblastoma Multiforme (TCGA, PanCancer Atlas)",Diffuse Glioma,397,KCNMA1,Kcnma1,3778,3,0.7556675062972292
gbm_tcga_pan_can_atlas_2018,"Glioblastoma Multiforme (TCGA, PanCancer Atlas)",Diffuse Glioma,397,KCNQ3,Kcnq3,3786,3,0.7556675062972292
gbm_tcga_pan_can_atlas_2018,"Glioblastoma Multiforme (TCGA, PanCancer Atlas)",Diffuse Glioma,397,KCNQ5,Kcnq5,56479,6,1.5113350125944585
gbm_tcga_pan_can_atlas_2018,"Glioblastoma Multiforme (TCGA, PanCancer Atlas)",Diffuse Glioma,397,KCNT1,Kcnt1,57582,5,1.2594458438287153
gbm_tcga_pan_can_atlas_2018,"Glioblastoma Multiforme (TCGA, PanCancer Atlas)",Diffuse Glioma,397,KCNT2,Kcnt2,343450,3,0.7556675062972292
gbm_tcga_pan_can_atlas_2018,"Glioblastoma Multiforme (TCGA, PanCancer Atlas)",Diffuse Glioma,397,KCTD8,Kctd8,386617,0,0.0
gbm_tcga_pan_can_atlas_2018,"Glioblastoma Multiforme (TCGA, PanCancer Atlas)",Diffuse Glioma,397,KHDRBS2,Khdrbs2,202559,4,1.0075566750629723
gbm_tcga_pan_can_atlas_2018,"Glioblastoma Multiforme (TCGA, PanCancer Atlas)",Diffuse Glioma,397,KIDINS220,Kidins220,57498,7,1.7632241813602014
gbm_tcga_pan_can_atlas_2018,"Glioblastoma Multiforme (TCGA, PanCancer Atlas)",Diffuse Glioma,397,KIF1A,Kif1a,547,3,0.7556675062972292
gbm_tcga_pan_can_atlas_2018,"Glioblastoma Multiforme (TCGA, PanCancer Atlas)",Diffuse Glioma,397,KIF21A,Kif21a,55605,5,1.2594458438287153
gbm_tcga_pan_can_atlas_2018,"Glioblastoma Multiforme (TCGA, PanCancer Atlas)",Diffuse Glioma,397,KIF26B,Kif26b,55083,3,0.7556675062972292
gbm_tcga_pan_can_atlas_2018,"Glioblastoma Multiforme (TCGA, PanCancer Atlas)",Diffuse Glioma,397,KIF5C,Kif5c,3800,6,1.5113350125944585
gbm_tcga_pan_can_atlas_2018,"Glioblastoma Multiforme (TCGA, PanCancer Atlas)",Diffuse Glioma,397,KIT,Kit,3815,6,1.5113350125944585
gbm_tcga_pan_can_atlas_2018,"Glioblastoma Multiforme (TCGA, PanCancer Atlas)",Diffuse Glioma,397,KLF12,Klf12,11278,2,0.5037783375314862
gbm_tcga_pan_can_atlas_2018,"Glioblastoma Multiforme (TCGA, PanCancer Atlas)",Diffuse Glioma,397,L3MBTL4,L3mbtl4,91133,3,0.7556675062972292
gbm_tcga_pan_can_atlas_2018,"Glioblastoma Multiforme (TCGA, PanCancer Atlas)",Diffuse Glioma,397,LAMA4,Lama4,3910,5,1.2594458438287153
gbm_tcga_pan_can_atlas_2018,"Glioblastoma Multiforme (TCGA, PanCancer Atlas)",Diffuse Glioma,397,LAMP5,Lamp5,24141,1,0.2518891687657431
gbm_tcga_pan_can_atlas_2018,"Glioblastoma Multiforme (TCGA, PanCancer Atlas)",Diffuse Glioma,397,LIMCH1,Limch1,22998,3,0.7556675062972292
gbm_tcga_pan_can_atlas_2018,"Glioblastoma Multiforme (TCGA, PanCancer Atlas)",Diffuse Glioma,397,LINGO2,Lingo2,158038,7,1.7632241813602014
gbm_tcga_pan_can_atlas_2018,"Glioblastoma Multiforme (TCGA, PanCancer Atlas)",Diffuse Glioma,397,LMO7,Lmo7,4008,4,1.0075566750629723
gbm_tcga_pan_can_atlas_2018,"Glioblastoma Multiforme (TCGA, PanCancer Atlas)",Diffuse Glioma,397,LRFN2,Lrfn2,57497,4,1.0075566750629723
gbm_tcga_pan_can_atlas_2018,"Glioblastoma Multiforme (TCGA, PanCancer Atlas)",Diffuse Glioma,397,LRFN5,Lrfn5,145581,10,2.5188916876574305
gbm_tcga_pan_can_atlas_2018,"Glioblastoma Multiforme (TCGA, PanCancer Atlas)",Diffuse Glioma,397,LRP1B,Lrp1b,53353,13,3.27455919395466
gbm_tcga_pan_can_atlas_2018,"Glioblastoma Multiforme (TCGA, PanCancer Atlas)",Diffuse Glioma,397,LRRC4C,Lrrc4c,57689,6,1.5113350125944585
gbm_tcga_pan_can_atlas_2018,"Glioblastoma Multiforme (TCGA, PanCancer Atlas)",Diffuse Glioma,397,LRRC7,Lrrc7,57554,5,1.2594458438287153
gbm_tcga_pan_can_atlas_2018,"Glioblastoma Multiforme (TCGA, PanCancer Atlas)",Diffuse Glioma,397,LRRTM3,Lrrtm3,347731,2,0.5037783375314862
gbm_tcga_pan_can_atlas_2018,"Glioblastoma Multiforme (TCGA, PanCancer Atlas)",Diffuse Glioma,397,LUZP1,Luzp1,7798,4,1.0075566750629723
gbm_tcga_pan_can_atlas_2018,"Glioblastoma Multiforme (TCGA, PanCancer Atlas)",Diffuse Glioma,397,LUZP2,Luzp2,338645,1,0.2518891687657431
gbm_tcga_pan_can_atlas_2018,"Glioblastoma Multiforme (TCGA, PanCancer Atlas)",Diffuse Glioma,397,MACROD2,Macrod2,140733,2,0.5037783375314862
gbm_tcga_pan_can_atlas_2018,"Glioblastoma Multiforme (TCGA, PanCancer Atlas)",Diffuse Glioma,397,MAGI1,Magi1,9223,5,1.2594458438287153
gbm_tcga_pan_can_atlas_2018,"Glioblastoma Multiforme (TCGA, PanCancer Atlas)",Diffuse Glioma,397,MAGI2,Magi2,9863,3,0.7556675062972292
gbm_tcga_pan_can_atlas_2018,"Glioblastoma Multiforme (TCGA, PanCancer Atlas)",Diffuse Glioma,397,MAGI3,Magi3,260425,3,0.7556675062972292
gbm_tcga_pan_can_atlas_2018,"Glioblastoma Multiforme (TCGA, PanCancer Atlas)",Diffuse Glioma,397,MAP1A,Map1a,4130,6,1.5113350125944585
gbm_tcga_pan_can_atlas_2018,"Glioblastoma Multiforme (TCGA, PanCancer Atlas)",Diffuse Glioma,397,MAP1B,Map1b,4131,4,1.0075566750629723
gbm_tcga_pan_can_atlas_2018,"Glioblastoma Multiforme (TCGA, PanCancer Atlas)",Diffuse Glioma,397,MAP2,Map2,4133,4,1.0075566750629723
gbm_tcga_pan_can_atlas_2018,"Glioblastoma Multiforme (TCGA, PanCancer Atlas)",Diffuse Glioma,397,MAP3K5,Map3k5,4217,4,1.0075566750629723
gbm_tcga_pan_can_atlas_2018,"Glioblastoma Multiforme (TCGA, PanCancer Atlas)",Diffuse Glioma,397,MAP7D2,Map7d2,256714,2,0.5037783375314862
gbm_tcga_pan_can_atlas_2018,"Glioblastoma Multiforme (TCGA, PanCancer Atlas)",Diffuse Glioma,397,MARK1,Mark1,4139,4,1.0075566750629723
gbm_tcga_pan_can_atlas_2018,"Glioblastoma Multiforme (TCGA, PanCancer Atlas)",Diffuse Glioma,397,MAST3,Mast3,23031,3,0.7556675062972292
gbm_tcga_pan_can_atlas_2018,"Glioblastoma Multiforme (TCGA, PanCancer Atlas)",Diffuse Glioma,397,MCC,Mcc,4163,4,1.0075566750629723
gbm_tcga_pan_can_atlas_2018,"Glioblastoma Multiforme (TCGA, PanCancer Atlas)",Diffuse Glioma,397,MCTP1,Mctp1,79772,4,1.0075566750629723
gbm_tcga_pan_can_atlas_2018,"Glioblastoma Multiforme (TCGA, PanCancer Atlas)",Diffuse Glioma,397,MDGA2,Mdga2,161357,6,1.5113350125944585
gbm_tcga_pan_can_atlas_2018,"Glioblastoma Multiforme (TCGA, PanCancer Atlas)",Diffuse Glioma,397,MEF2C,Mef2c,4208,1,0.2518891687657431
gbm_tcga_pan_can_atlas_2018,"Glioblastoma Multiforme (TCGA, PanCancer Atlas)",Diffuse Glioma,397,MGAT4C,Mgat4c,25834,7,1.7632241813602014
gbm_tcga_pan_can_atlas_2018,"Glioblastoma Multiforme (TCGA, PanCancer Atlas)",Diffuse Glioma,397,MGAT5,Mgat5,4249,1,0.2518891687657431
gbm_tcga_pan_can_atlas_2018,"Glioblastoma Multiforme (TCGA, PanCancer Atlas)",Diffuse Glioma,397,MICAL2,Mical2,9645,3,0.7556675062972292
gbm_tcga_pan_can_atlas_2018,"Glioblastoma Multiforme (TCGA, PanCancer Atlas)",Diffuse Glioma,397,MLIP,Mlip,90523,2,0.5037783375314862
gbm_tcga_pan_can_atlas_2018,"Glioblastoma Multiforme (TCGA, PanCancer Atlas)",Diffuse Glioma,397,MMP16,Mmp16,4325,1,0.2518891687657431
gbm_tcga_pan_can_atlas_2018,"Glioblastoma Multiforme (TCGA, PanCancer Atlas)",Diffuse Glioma,397,MPDZ,Mpdz,8777,4,1.0075566750629723
gbm_tcga_pan_can_atlas_2018,"Glioblastoma Multiforme (TCGA, PanCancer Atlas)",Diffuse Glioma,397,MTUS2,Mtus2,23281,6,1.5113350125944585
gbm_tcga_pan_can_atlas_2018,"Glioblastoma Multiforme (TCGA, PanCancer Atlas)",Diffuse Glioma,397,MYH10,Myh10,4628,4,1.0075566750629723
gbm_tcga_pan_can_atlas_2018,"Glioblastoma Multiforme (TCGA, PanCancer Atlas)",Diffuse Glioma,397,MYO16,Myo16,23026,3,0.7556675062972292
gbm_tcga_pan_can_atlas_2018,"Glioblastoma Multiforme (TCGA, PanCancer Atlas)",Diffuse Glioma,397,MYO5A,Myo5a,4644,4,1.0075566750629723
gbm_tcga_pan_can_atlas_2018,"Glioblastoma Multiforme (TCGA, PanCancer Atlas)",Diffuse Glioma,397,MYRIP,Myrip,25924,1,0.2518891687657431
gbm_tcga_pan_can_atlas_2018,"Glioblastoma Multiforme (TCGA, PanCancer Atlas)",Diffuse Glioma,397,MYT1L,Myt1l,23040,3,0.7556675062972292
gbm_tcga_pan_can_atlas_2018,"Glioblastoma Multiforme (TCGA, PanCancer Atlas)",Diffuse Glioma,397,NAV2,Nav2,89797,12,3.022670025188917
gbm_tcga_pan_can_atlas_2018,"Glioblastoma Multiforme (TCGA, PanCancer Atlas)",Diffuse Glioma,397,NAV3,Nav3,89795,5,1.2594458438287153
gbm_tcga_pan_can_atlas_2018,"Glioblastoma Multiforme (TCGA, PanCancer Atlas)",Diffuse Glioma,397,NCAM1,Ncam1,4684,3,0.7556675062972292
gbm_tcga_pan_can_atlas_2018,"Glioblastoma Multiforme (TCGA, PanCancer Atlas)",Diffuse Glioma,397,NCAM2,Ncam2,4685,2,0.5037783375314862
gbm_tcga_pan_can_atlas_2018,"Glioblastoma Multiforme (TCGA, PanCancer Atlas)",Diffuse Glioma,397,NDST3,Ndst3,9348,3,0.7556675062972292
gbm_tcga_pan_can_atlas_2018,"Glioblastoma Multiforme (TCGA, PanCancer Atlas)",Diffuse Glioma,397,NEBL,Nebl,10529,4,1.0075566750629723
gbm_tcga_pan_can_atlas_2018,"Glioblastoma Multiforme (TCGA, PanCancer Atlas)",Diffuse Glioma,397,NEFM,Nefm,4741,3,0.7556675062972292
gbm_tcga_pan_can_atlas_2018,"Glioblastoma Multiforme (TCGA, PanCancer Atlas)",Diffuse Glioma,397,NELL1,Nell1,4745,5,1.2594458438287153
gbm_tcga_pan_can_atlas_2018,"Glioblastoma Multiforme (TCGA, PanCancer Atlas)",Diffuse Glioma,397,NELL2,Nell2,4753,2,0.5037783375314862
gbm_tcga_pan_can_atlas_2018,"Glioblastoma Multiforme (TCGA, PanCancer Atlas)",Diffuse Glioma,397,NETO1,Neto1,81832,8,2.0151133501259446
gbm_tcga_pan_can_atlas_2018,"Glioblastoma Multiforme (TCGA, PanCancer Atlas)",Diffuse Glioma,397,NF1,Nf1,4763,46,11.586901763224182
gbm_tcga_pan_can_atlas_2018,"Glioblastoma Multiforme (TCGA, PanCancer Atlas)",Diffuse Glioma,397,NFIB,Nfib,4781,6,1.5113350125944585
gbm_tcga_pan_can_atlas_2018,"Glioblastoma Multiforme (TCGA, PanCancer Atlas)",Diffuse Glioma,397,NHS,Nhs,4810,5,1.2594458438287153
gbm_tcga_pan_can_atlas_2018,"Glioblastoma Multiforme (TCGA, PanCancer Atlas)",Diffuse Glioma,397,NIN,Nin,51199,9,2.2670025188916876
gbm_tcga_pan_can_atlas_2018,"Glioblastoma Multiforme (TCGA, PanCancer Atlas)",Diffuse Glioma,397,NLGN1,Nlgn1,22871,4,1.0075566750629723
gbm_tcga_pan_can_atlas_2018,"Glioblastoma Multiforme (TCGA, PanCancer Atlas)",Diffuse Glioma,397,NOL4,Nol4,8715,2,0.5037783375314862
gbm_tcga_pan_can_atlas_2018,"Glioblastoma Multiforme (TCGA, PanCancer Atlas)",Diffuse Glioma,397,NPAS2,Npas2,4862,2,0.5037783375314862
gbm_tcga_pan_can_atlas_2018,"Glioblastoma Multiforme (TCGA, PanCancer Atlas)",Diffuse Glioma,397,NPAS3,Npas3,64067,2,0.5037783375314862
gbm_tcga_pan_can_atlas_2018,"Glioblastoma Multiforme (TCGA, PanCancer Atlas)",Diffuse Glioma,397,NR2F2,Nr2f2,7026,2,0.5037783375314862
gbm_tcga_pan_can_atlas_2018,"Glioblastoma Multiforme (TCGA, PanCancer Atlas)",Diffuse Glioma,397,NR3C2,Nr3c2,4306,6,1.5113350125944585
gbm_tcga_pan_can_atlas_2018,"Glioblastoma Multiforme (TCGA, PanCancer Atlas)",Diffuse Glioma,397,NRG3,Nrg3,10718,1,0.2518891687657431
gbm_tcga_pan_can_atlas_2018,"Glioblastoma Multiforme (TCGA, PanCancer Atlas)",Diffuse Glioma,397,NRXN1,Nrxn1,9378,6,1.5113350125944585
gbm_tcga_pan_can_atlas_2018,"Glioblastoma Multiforme (TCGA, PanCancer Atlas)",Diffuse Glioma,397,NRXN3,Nrxn3,9369,5,1.2594458438287153
gbm_tcga_pan_can_atlas_2018,"Glioblastoma Multiforme (TCGA, PanCancer Atlas)",Diffuse Glioma,397,NTN4,Ntn4,59277,6,1.5113350125944585
gbm_tcga_pan_can_atlas_2018,"Glioblastoma Multiforme (TCGA, PanCancer Atlas)",Diffuse Glioma,397,NTNG1,Ntng1,22854,0,0.0
gbm_tcga_pan_can_atlas_2018,"Glioblastoma Multiforme (TCGA, PanCancer Atlas)",Diffuse Glioma,397,NTRK3,Ntrk3,4916,5,1.2594458438287153
gbm_tcga_pan_can_atlas_2018,"Glioblastoma Multiforme (TCGA, PanCancer Atlas)",Diffuse Glioma,397,NXPH1,Nxph1,30010,3,0.7556675062972292
gbm_tcga_pan_can_atlas_2018,"Glioblastoma Multiforme (TCGA, PanCancer Atlas)",Diffuse Glioma,397,NYAP2,Nyap2,57624,6,1.5113350125944585
gbm_tcga_pan_can_atlas_2018,"Glioblastoma Multiforme (TCGA, PanCancer Atlas)",Diffuse Glioma,397,OLFM3,Olfm3,118427,0,0.0
gbm_tcga_pan_can_atlas_2018,"Glioblastoma Multiforme (TCGA, PanCancer Atlas)",Diffuse Glioma,397,OPCML,Opcml,4978,3,0.7556675062972292
gbm_tcga_pan_can_atlas_2018,"Glioblastoma Multiforme (TCGA, PanCancer Atlas)",Diffuse Glioma,397,OSBPL1A,Osbpl1a,114876,4,1.0075566750629723
gbm_tcga_pan_can_atlas_2018,"Glioblastoma Multiforme (TCGA, PanCancer Atlas)",Diffuse Glioma,397,OSBPL3,Osbpl3,26031,4,1.0075566750629723
gbm_tcga_pan_can_atlas_2018,"Glioblastoma Multiforme (TCGA, PanCancer Atlas)",Diffuse Glioma,397,OSBPL6,Osbpl6,114880,2,0.5037783375314862
gbm_tcga_pan_can_atlas_2018,"Glioblastoma Multiforme (TCGA, PanCancer Atlas)",Diffuse Glioma,397,OSBPL8,Osbpl8,114882,3,0.7556675062972292
gbm_tcga_pan_can_atlas_2018,"Glioblastoma Multiforme (TCGA, PanCancer Atlas)",Diffuse Glioma,397,OXR1,Oxr1,55074,4,1.0075566750629723
gbm_tcga_pan_can_atlas_2018,"Glioblastoma Multiforme (TCGA, PanCancer Atlas)",Diffuse Glioma,397,PARM1,Parm1,25849,1,0.2518891687657431
gbm_tcga_pan_can_atlas_2018,"Glioblastoma Multiforme (TCGA, PanCancer Atlas)",Diffuse Glioma,397,PCDH11X,Pcdh11x,27328,11,2.770780856423174
gbm_tcga_pan_can_atlas_2018,"Glioblastoma Multiforme (TCGA, PanCancer Atlas)",Diffuse Glioma,397,PCDH15,Pcdh15,65217,6,1.5113350125944585
gbm_tcga_pan_can_atlas_2018,"Glioblastoma Multiforme (TCGA, PanCancer Atlas)",Diffuse Glioma,397,PCDH7,Pcdh7,5099,8,2.0151133501259446
gbm_tcga_pan_can_atlas_2018,"Glioblastoma Multiforme (TCGA, PanCancer Atlas)",Diffuse Glioma,397,PCDH9,Pcdh9,5101,7,1.7632241813602014
gbm_tcga_pan_can_atlas_2018,"Glioblastoma Multiforme (TCGA, PanCancer Atlas)",Diffuse Glioma,397,PCLO,Pclo,27445,28,7.052896725440806
gbm_tcga_pan_can_atlas_2018,"Glioblastoma Multiforme (TCGA, PanCancer Atlas)",Diffuse Glioma,397,PCSK2,Pcsk2,5126,5,1.2594458438287153
gbm_tcga_pan_can_atlas_2018,"Glioblastoma Multiforme (TCGA, PanCancer Atlas)",Diffuse Glioma,397,PDE1A,Pde1a,5136,2,0.5037783375314862
gbm_tcga_pan_can_atlas_2018,"Glioblastoma Multiforme (TCGA, PanCancer Atlas)",Diffuse Glioma,397,PDE1C,Pde1c,5137,7,1.7632241813602014
gbm_tcga_pan_can_atlas_2018,"Glioblastoma Multiforme (TCGA, PanCancer Atlas)",Diffuse Glioma,397,PDE2A,Pde2a,5138,2,0.5037783375314862
gbm_tcga_pan_can_atlas_2018,"Glioblastoma Multiforme (TCGA, PanCancer Atlas)",Diffuse Glioma,397,PDE4B,Pde4b,5142,2,0.5037783375314862
gbm_tcga_pan_can_atlas_2018,"Glioblastoma Multiforme (TCGA, PanCancer Atlas)",Diffuse Glioma,397,PDZD2,Pdzd2,23037,5,1.2594458438287153
gbm_tcga_pan_can_atlas_2018,"Glioblastoma Multiforme (TCGA, PanCancer Atlas)",Diffuse Glioma,397,PDZRN3,Pdzrn3,23024,5,1.2594458438287153
gbm_tcga_pan_can_atlas_2018,"Glioblastoma Multiforme (TCGA, PanCancer Atlas)",Diffuse Glioma,397,PDZRN4,Pdzrn4,29951,2,0.5037783375314862
gbm_tcga_pan_can_atlas_2018,"Glioblastoma Multiforme (TCGA, PanCancer Atlas)",Diffuse Glioma,397,PENK,Penk,5179,1,0.2518891687657431
gbm_tcga_pan_can_atlas_2018,"Glioblastoma Multiforme (TCGA, PanCancer Atlas)",Diffuse Glioma,397,PHACTR1,Phactr1,221692,1,0.2518891687657431
gbm_tcga_pan_can_atlas_2018,"Glioblastoma Multiforme (TCGA, PanCancer Atlas)",Diffuse Glioma,397,PI4KA,Pi4ka,5297,1,0.2518891687657431
gbm_tcga_pan_can_atlas_2018,"Glioblastoma Multiforme (TCGA, PanCancer Atlas)",Diffuse Glioma,397,PKD1,Pkd1,5310,4,1.0075566750629723
gbm_tcga_pan_can_atlas_2018,"Glioblastoma Multiforme (TCGA, PanCancer Atlas)",Diffuse Glioma,397,PKP2,Pkp2,5318,4,1.0075566750629723
gbm_tcga_pan_can_atlas_2018,"Glioblastoma Multiforme (TCGA, PanCancer Atlas)",Diffuse Glioma,397,PLCB1,Plcb1,23236,3,0.7556675062972292
gbm_tcga_pan_can_atlas_2018,"Glioblastoma Multiforme (TCGA, PanCancer Atlas)",Diffuse Glioma,397,PLCB4,Plcb4,5332,5,1.2594458438287153
gbm_tcga_pan_can_atlas_2018,"Glioblastoma Multiforme (TCGA, PanCancer Atlas)",Diffuse Glioma,397,PLCH1,Plch1,23007,3,0.7556675062972292
gbm_tcga_pan_can_atlas_2018,"Glioblastoma Multiforme (TCGA, PanCancer Atlas)",Diffuse Glioma,397,PLCL2,Plcl2,23228,4,1.0075566750629723
gbm_tcga_pan_can_atlas_2018,"Glioblastoma Multiforme (TCGA, PanCancer Atlas)",Diffuse Glioma,397,PLCXD3,Plcxd3,345557,7,1.7632241813602014
gbm_tcga_pan_can_atlas_2018,"Glioblastoma Multiforme (TCGA, PanCancer Atlas)",Diffuse Glioma,397,PLD3,Pld3,23646,1,0.2518891687657431
gbm_tcga_pan_can_atlas_2018,"Glioblastoma Multiforme (TCGA, PanCancer Atlas)",Diffuse Glioma,397,PLD5,Pld5,200150,3,0.7556675062972292
gbm_tcga_pan_can_atlas_2018,"Glioblastoma Multiforme (TCGA, PanCancer Atlas)",Diffuse Glioma,397,PLXNA2,Plxna2,5362,7,1.7632241813602014
gbm_tcga_pan_can_atlas_2018,"Glioblastoma Multiforme (TCGA, PanCancer Atlas)",Diffuse Glioma,397,PLXNA4,Plxna4,91584,6,1.5113350125944585
gbm_tcga_pan_can_atlas_2018,"Glioblastoma Multiforme (TCGA, PanCancer Atlas)",Diffuse Glioma,397,PPARGC1A,Ppargc1a,10891,4,1.0075566750629723
gbm_tcga_pan_can_atlas_2018,"Glioblastoma Multiforme (TCGA, PanCancer Atlas)",Diffuse Glioma,397,PPFIA2,Ppfia2,8499,2,0.5037783375314862
gbm_tcga_pan_can_atlas_2018,"Glioblastoma Multiforme (TCGA, PanCancer Atlas)",Diffuse Glioma,397,PPFIBP1,Ppfibp1,8496,4,1.0075566750629723
gbm_tcga_pan_can_atlas_2018,"Glioblastoma Multiforme (TCGA, PanCancer Atlas)",Diffuse Glioma,397,PPIP5K2,Ppip5k2,23262,2,0.5037783375314862
gbm_tcga_pan_can_atlas_2018,"Glioblastoma Multiforme (TCGA, PanCancer Atlas)",Diffuse Glioma,397,PRICKLE1,Prickle1,144165,0,0.0
gbm_tcga_pan_can_atlas_2018,"Glioblastoma Multiforme (TCGA, PanCancer Atlas)",Diffuse Glioma,397,PRICKLE2,Prickle2,166336,4,1.0075566750629723
gbm_tcga_pan_can_atlas_2018,"Glioblastoma Multiforme (TCGA, PanCancer Atlas)",Diffuse Glioma,397,PRKCA,Prkca,5578,3,0.7556675062972292
gbm_tcga_pan_can_atlas_2018,"Glioblastoma Multiforme (TCGA, PanCancer Atlas)",Diffuse Glioma,397,PRKD1,Prkd1,5587,4,1.0075566750629723
gbm_tcga_pan_can_atlas_2018,"Glioblastoma Multiforme (TCGA, PanCancer Atlas)",Diffuse Glioma,397,PRKG1,Prkg1,5592,3,0.7556675062972292
gbm_tcga_pan_can_atlas_2018,"Glioblastoma Multiforme (TCGA, PanCancer Atlas)",Diffuse Glioma,397,PRMT8,Prmt8,56341,1,0.2518891687657431
gbm_tcga_pan_can_atlas_2018,"Glioblastoma Multiforme (TCGA, PanCancer Atlas)",Diffuse Glioma,397,PROX1,Prox1,5629,5,1.2594458438287153
gbm_tcga_pan_can_atlas_2018,"Glioblastoma Multiforme (TCGA, PanCancer Atlas)",Diffuse Glioma,397,PRR16,Prr16,51334,5,1.2594458438287153
gbm_tcga_pan_can_atlas_2018,"Glioblastoma Multiforme (TCGA, PanCancer Atlas)",Diffuse Glioma,397,PTCHD4,Ptchd4,442213,4,1.0075566750629723
gbm_tcga_pan_can_atlas_2018,"Glioblastoma Multiforme (TCGA, PanCancer Atlas)",Diffuse Glioma,397,PTK2B,Ptk2b,2185,3,0.7556675062972292
gbm_tcga_pan_can_atlas_2018,"Glioblastoma Multiforme (TCGA, PanCancer Atlas)",Diffuse Glioma,397,PTPRD,Ptprd,5789,7,1.7632241813602014
gbm_tcga_pan_can_atlas_2018,"Glioblastoma Multiforme (TCGA, PanCancer Atlas)",Diffuse Glioma,397,PTPRE,Ptpre,5791,2,0.5037783375314862
gbm_tcga_pan_can_atlas_2018,"Glioblastoma Multiforme (TCGA, PanCancer Atlas)",Diffuse Glioma,397,PTPRG,Ptprg,5793,4,1.0075566750629723
gbm_tcga_pan_can_atlas_2018,"Glioblastoma Multiforme (TCGA, PanCancer Atlas)",Diffuse Glioma,397,PTPRM,Ptprm,5797,4,1.0075566750629723
gbm_tcga_pan_can_atlas_2018,"Glioblastoma Multiforme (TCGA, PanCancer Atlas)",Diffuse Glioma,397,PTPRN,Ptprn,5798,3,0.7556675062972292
gbm_tcga_pan_can_atlas_2018,"Glioblastoma Multiforme (TCGA, PanCancer Atlas)",Diffuse Glioma,397,PTPRN2,Ptprn2,5799,7,1.7632241813602014
gbm_tcga_pan_can_atlas_2018,"Glioblastoma Multiforme (TCGA, PanCancer Atlas)",Diffuse Glioma,397,PTPRO,Ptpro,5800,2,0.5037783375314862
gbm_tcga_pan_can_atlas_2018,"Glioblastoma Multiforme (TCGA, PanCancer Atlas)",Diffuse Glioma,397,PTPRR,Ptprr,5801,3,0.7556675062972292
gbm_tcga_pan_can_atlas_2018,"Glioblastoma Multiforme (TCGA, PanCancer Atlas)",Diffuse Glioma,397,PTPRS,Ptprs,5802,9,2.2670025188916876
gbm_tcga_pan_can_atlas_2018,"Glioblastoma Multiforme (TCGA, PanCancer Atlas)",Diffuse Glioma,397,PTPRT,Ptprt,11122,12,3.022670025188917
gbm_tcga_pan_can_atlas_2018,"Glioblastoma Multiforme (TCGA, PanCancer Atlas)",Diffuse Glioma,397,RALGAPA2,Ralgapa2,57186,4,1.0075566750629723
gbm_tcga_pan_can_atlas_2018,"Glioblastoma Multiforme (TCGA, PanCancer Atlas)",Diffuse Glioma,397,RALYL,Ralyl,138046,5,1.2594458438287153
gbm_tcga_pan_can_atlas_2018,"Glioblastoma Multiforme (TCGA, PanCancer Atlas)",Diffuse Glioma,397,RAPGEF2,Rapgef2,9693,5,1.2594458438287153
gbm_tcga_pan_can_atlas_2018,"Glioblastoma Multiforme (TCGA, PanCancer Atlas)",Diffuse Glioma,397,RAPGEF4,Rapgef4,11069,2,0.5037783375314862
gbm_tcga_pan_can_atlas_2018,"Glioblastoma Multiforme (TCGA, PanCancer Atlas)",Diffuse Glioma,397,RAPGEF5,Rapgef5,9771,1,0.2518891687657431
gbm_tcga_pan_can_atlas_2018,"Glioblastoma Multiforme (TCGA, PanCancer Atlas)",Diffuse Glioma,397,RARB,Rarb,5915,1,0.2518891687657431
gbm_tcga_pan_can_atlas_2018,"Glioblastoma Multiforme (TCGA, PanCancer Atlas)",Diffuse Glioma,397,RASAL2,Rasal2,9462,1,0.2518891687657431
gbm_tcga_pan_can_atlas_2018,"Glioblastoma Multiforme (TCGA, PanCancer Atlas)",Diffuse Glioma,397,RASGRF2,Rasgrf2,5924,6,1.5113350125944585
gbm_tcga_pan_can_atlas_2018,"Glioblastoma Multiforme (TCGA, PanCancer Atlas)",Diffuse Glioma,397,RBFOX1,Rbfox1,54715,1,0.2518891687657431
gbm_tcga_pan_can_atlas_2018,"Glioblastoma Multiforme (TCGA, PanCancer Atlas)",Diffuse Glioma,397,RELN,Reln,5649,20,5.037783375314861
gbm_tcga_pan_can_atlas_2018,"Glioblastoma Multiforme (TCGA, PanCancer Atlas)",Diffuse Glioma,397,REV3L,Rev3l,5980,3,0.7556675062972292
gbm_tcga_pan_can_atlas_2018,"Glioblastoma Multiforme (TCGA, PanCancer Atlas)",Diffuse Glioma,397,RGS12,Rgs12,6002,8,2.0151133501259446
gbm_tcga_pan_can_atlas_2018,"Glioblastoma Multiforme (TCGA, PanCancer Atlas)",Diffuse Glioma,397,RGS6,Rgs6,9628,2,0.5037783375314862
gbm_tcga_pan_can_atlas_2018,"Glioblastoma Multiforme (TCGA, PanCancer Atlas)",Diffuse Glioma,397,RGS7,Rgs7,6000,2,0.5037783375314862
gbm_tcga_pan_can_atlas_2018,"Glioblastoma Multiforme (TCGA, PanCancer Atlas)",Diffuse Glioma,397,RIMBP2,Rimbp2,23504,9,2.2670025188916876
gbm_tcga_pan_can_atlas_2018,"Glioblastoma Multiforme (TCGA, PanCancer Atlas)",Diffuse Glioma,397,ROBO1,Robo1,6091,7,1.7632241813602014
gbm_tcga_pan_can_atlas_2018,"Glioblastoma Multiforme (TCGA, PanCancer Atlas)",Diffuse Glioma,397,ROBO2,Robo2,6092,7,1.7632241813602014
gbm_tcga_pan_can_atlas_2018,"Glioblastoma Multiforme (TCGA, PanCancer Atlas)",Diffuse Glioma,397,ROCK2,Rock2,9475,4,1.0075566750629723
gbm_tcga_pan_can_atlas_2018,"Glioblastoma Multiforme (TCGA, PanCancer Atlas)",Diffuse Glioma,397,RPH3A,Rph3a,22895,4,1.0075566750629723
gbm_tcga_pan_can_atlas_2018,"Glioblastoma Multiforme (TCGA, PanCancer Atlas)",Diffuse Glioma,397,RPS6KA2,Rps6ka2,6196,4,1.0075566750629723
gbm_tcga_pan_can_atlas_2018,"Glioblastoma Multiforme (TCGA, PanCancer Atlas)",Diffuse Glioma,397,RPS6KC1,Rps6kc1,26750,3,0.7556675062972292
gbm_tcga_pan_can_atlas_2018,"Glioblastoma Multiforme (TCGA, PanCancer Atlas)",Diffuse Glioma,397,RTN1,Rtn1,6252,5,1.2594458438287153
gbm_tcga_pan_can_atlas_2018,"Glioblastoma Multiforme (TCGA, PanCancer Atlas)",Diffuse Glioma,397,RUNX1T1,Runx1t1,862,4,1.0075566750629723
gbm_tcga_pan_can_atlas_2018,"Glioblastoma Multiforme (TCGA, PanCancer Atlas)",Diffuse Glioma,397,RXFP1,Rxfp1,59350,6,1.5113350125944585
gbm_tcga_pan_can_atlas_2018,"Glioblastoma Multiforme (TCGA, PanCancer Atlas)",Diffuse Glioma,397,RYR1,Ryr1,6261,10,2.5188916876574305
gbm_tcga_pan_can_atlas_2018,"Glioblastoma Multiforme (TCGA, PanCancer Atlas)",Diffuse Glioma,397,RYR2,Ryr2,6262,43,10.831234256926953
gbm_tcga_pan_can_atlas_2018,"Glioblastoma Multiforme (TCGA, PanCancer Atlas)",Diffuse Glioma,397,RYR3,Ryr3,6263,19,4.785894206549118
gbm_tcga_pan_can_atlas_2018,"Glioblastoma Multiforme (TCGA, PanCancer Atlas)",Diffuse Glioma,397,SCN1A,Scn1a,6323,8,2.0151133501259446
gbm_tcga_pan_can_atlas_2018,"Glioblastoma Multiforme (TCGA, PanCancer Atlas)",Diffuse Glioma,397,SCN3A,Scn3a,6328,7,1.7632241813602014
gbm_tcga_pan_can_atlas_2018,"Glioblastoma Multiforme (TCGA, PanCancer Atlas)",Diffuse Glioma,397,SCN8A,Scn8a,6334,6,1.5113350125944585
gbm_tcga_pan_can_atlas_2018,"Glioblastoma Multiforme (TCGA, PanCancer Atlas)",Diffuse Glioma,397,SDK1,Sdk1,221935,18,4.534005037783375
gbm_tcga_pan_can_atlas_2018,"Glioblastoma Multiforme (TCGA, PanCancer Atlas)",Diffuse Glioma,397,SEMA5B,Sema5b,54437,4,1.0075566750629723
gbm_tcga_pan_can_atlas_2018,"Glioblastoma Multiforme (TCGA, PanCancer Atlas)",Diffuse Glioma,397,SEMA6D,Sema6d,80031,3,0.7556675062972292
gbm_tcga_pan_can_atlas_2018,"Glioblastoma Multiforme (TCGA, PanCancer Atlas)",Diffuse Glioma,397,SERPINI1,Serpini1,5274,2,0.5037783375314862
gbm_tcga_pan_can_atlas_2018,"Glioblastoma Multiforme (TCGA, PanCancer Atlas)",Diffuse Glioma,397,SETBP1,Setbp1,26040,9,2.2670025188916876
gbm_tcga_pan_can_atlas_2018,"Glioblastoma Multiforme (TCGA, PanCancer Atlas)",Diffuse Glioma,397,SEZ6,Sez6,124925,3,0.7556675062972292
gbm_tcga_pan_can_atlas_2018,"Glioblastoma Multiforme (TCGA, PanCancer Atlas)",Diffuse Glioma,397,SGCZ,Sgcz,137868,2,0.5037783375314862
gbm_tcga_pan_can_atlas_2018,"Glioblastoma Multiforme (TCGA, PanCancer Atlas)",Diffuse Glioma,397,SGK1,Sgk1,6446,2,0.5037783375314862
gbm_tcga_pan_can_atlas_2018,"Glioblastoma Multiforme (TCGA, PanCancer Atlas)",Diffuse Glioma,397,SH3GL3,Sh3gl3,6457,2,0.5037783375314862
gbm_tcga_pan_can_atlas_2018,"Glioblastoma Multiforme (TCGA, PanCancer Atlas)",Diffuse Glioma,397,SHANK2,Shank2,22941,7,1.7632241813602014
gbm_tcga_pan_can_atlas_2018,"Glioblastoma Multiforme (TCGA, PanCancer Atlas)",Diffuse Glioma,397,SIPA1L1,Sipa1l1,26037,5,1.2594458438287153
gbm_tcga_pan_can_atlas_2018,"Glioblastoma Multiforme (TCGA, PanCancer Atlas)",Diffuse Glioma,397,SIRPA,Sirpa,140885,3,0.7556675062972292
gbm_tcga_pan_can_atlas_2018,"Glioblastoma Multiforme (TCGA, PanCancer Atlas)",Diffuse Glioma,397,SLC24A2,Slc24a2,25769,3,0.7556675062972292
gbm_tcga_pan_can_atlas_2018,"Glioblastoma Multiforme (TCGA, PanCancer Atlas)",Diffuse Glioma,397,SLC24A3,Slc24a3,57419,3,0.7556675062972292
gbm_tcga_pan_can_atlas_2018,"Glioblastoma Multiforme (TCGA, PanCancer Atlas)",Diffuse Glioma,397,SLC35F3,Slc35f3,148641,3,0.7556675062972292
gbm_tcga_pan_can_atlas_2018,"Glioblastoma Multiforme (TCGA, PanCancer Atlas)",Diffuse Glioma,397,SLC35F4,Slc35f4,341880,3,0.7556675062972292
gbm_tcga_pan_can_atlas_2018,"Glioblastoma Multiforme (TCGA, PanCancer Atlas)",Diffuse Glioma,397,SLC44A5,Slc44a5,204962,5,1.2594458438287153
gbm_tcga_pan_can_atlas_2018,"Glioblastoma Multiforme (TCGA, PanCancer Atlas)",Diffuse Glioma,397,SLC4A8,Slc4a8,9498,1,0.2518891687657431
gbm_tcga_pan_can_atlas_2018,"Glioblastoma Multiforme (TCGA, PanCancer Atlas)",Diffuse Glioma,397,SLC6A1,Slc6a1,6529,7,1.7632241813602014
gbm_tcga_pan_can_atlas_2018,"Glioblastoma Multiforme (TCGA, PanCancer Atlas)",Diffuse Glioma,397,SLC6A17,Slc6a17,388662,5,1.2594458438287153
gbm_tcga_pan_can_atlas_2018,"Glioblastoma Multiforme (TCGA, PanCancer Atlas)",Diffuse Glioma,397,SLC8A1,Slc8a1,6546,2,0.5037783375314862
gbm_tcga_pan_can_atlas_2018,"Glioblastoma Multiforme (TCGA, PanCancer Atlas)",Diffuse Glioma,397,SLC9A9,Slc9a9,285195,1,0.2518891687657431
gbm_tcga_pan_can_atlas_2018,"Glioblastoma Multiforme (TCGA, PanCancer Atlas)",Diffuse Glioma,397,SLCO3A1,Slco3a1,28232,1,0.2518891687657431
gbm_tcga_pan_can_atlas_2018,"Glioblastoma Multiforme (TCGA, PanCancer Atlas)",Diffuse Glioma,397,SLIT2,Slit2,9353,7,1.7632241813602014
gbm_tcga_pan_can_atlas_2018,"Glioblastoma Multiforme (TCGA, PanCancer Atlas)",Diffuse Glioma,397,SLIT3,Slit3,6586,16,4.030226700251889
gbm_tcga_pan_can_atlas_2018,"Glioblastoma Multiforme (TCGA, PanCancer Atlas)",Diffuse Glioma,397,SMARCA2,Smarca2,6595,7,1.7632241813602014
gbm_tcga_pan_can_atlas_2018,"Glioblastoma Multiforme (TCGA, PanCancer Atlas)",Diffuse Glioma,397,SORBS1,Sorbs1,10580,4,1.0075566750629723
gbm_tcga_pan_can_atlas_2018,"Glioblastoma Multiforme (TCGA, PanCancer Atlas)",Diffuse Glioma,397,SORBS2,Sorbs2,8470,3,0.7556675062972292
gbm_tcga_pan_can_atlas_2018,"Glioblastoma Multiforme (TCGA, PanCancer Atlas)",Diffuse Glioma,397,SORCS1,Sorcs1,114815,5,1.2594458438287153
gbm_tcga_pan_can_atlas_2018,"Glioblastoma Multiforme (TCGA, PanCancer Atlas)",Diffuse Glioma,397,SORCS2,Sorcs2,57537,4,1.0075566750629723
gbm_tcga_pan_can_atlas_2018,"Glioblastoma Multiforme (TCGA, PanCancer Atlas)",Diffuse Glioma,397,SORCS3,Sorcs3,22986,4,1.0075566750629723
gbm_tcga_pan_can_atlas_2018,"Glioblastoma Multiforme (TCGA, PanCancer Atlas)",Diffuse Glioma,397,SORL1,Sorl1,6653,3,0.7556675062972292
gbm_tcga_pan_can_atlas_2018,"Glioblastoma Multiforme (TCGA, PanCancer Atlas)",Diffuse Glioma,397,SOX5,Sox5,6660,2,0.5037783375314862
gbm_tcga_pan_can_atlas_2018,"Glioblastoma Multiforme (TCGA, PanCancer Atlas)",Diffuse Glioma,397,SOX6,Sox6,55553,1,0.2518891687657431
gbm_tcga_pan_can_atlas_2018,"Glioblastoma Multiforme (TCGA, PanCancer Atlas)",Diffuse Glioma,397,SPARCL1,Sparcl1,8404,2,0.5037783375314862
gbm_tcga_pan_can_atlas_2018,"Glioblastoma Multiforme (TCGA, PanCancer Atlas)",Diffuse Glioma,397,SPHKAP,Sphkap,80309,11,2.770780856423174
gbm_tcga_pan_can_atlas_2018,"Glioblastoma Multiforme (TCGA, PanCancer Atlas)",Diffuse Glioma,397,SPOCK1,Spock1,6695,2,0.5037783375314862
gbm_tcga_pan_can_atlas_2018,"Glioblastoma Multiforme (TCGA, PanCancer Atlas)",Diffuse Glioma,397,SPOCK3,Spock3,50859,4,1.0075566750629723
gbm_tcga_pan_can_atlas_2018,"Glioblastoma Multiforme (TCGA, PanCancer Atlas)",Diffuse Glioma,397,SPTAN1,Sptan1,6709,7,1.7632241813602014
gbm_tcga_pan_can_atlas_2018,"Glioblastoma Multiforme (TCGA, PanCancer Atlas)",Diffuse Glioma,397,SPTBN4,Sptbn4,57731,4,1.0075566750629723
gbm_tcga_pan_can_atlas_2018,"Glioblastoma Multiforme (TCGA, PanCancer Atlas)",Diffuse Glioma,397,SRGAP3,Srgap3,9901,6,1.5113350125944585
gbm_tcga_pan_can_atlas_2018,"Glioblastoma Multiforme (TCGA, PanCancer Atlas)",Diffuse Glioma,397,SRRM4,Srrm4,84530,4,1.0075566750629723
gbm_tcga_pan_can_atlas_2018,"Glioblastoma Multiforme (TCGA, PanCancer Atlas)",Diffuse Glioma,397,STARD13,Stard13,90627,5,1.2594458438287153
gbm_tcga_pan_can_atlas_2018,"Glioblastoma Multiforme (TCGA, PanCancer Atlas)",Diffuse Glioma,397,STOX2,Stox2,56977,2,0.5037783375314862
gbm_tcga_pan_can_atlas_2018,"Glioblastoma Multiforme (TCGA, PanCancer Atlas)",Diffuse Glioma,397,STRBP,Strbp,55342,2,0.5037783375314862
gbm_tcga_pan_can_atlas_2018,"Glioblastoma Multiforme (TCGA, PanCancer Atlas)",Diffuse Glioma,397,STXBP5L,Stxbp5l,9515,10,2.5188916876574305
gbm_tcga_pan_can_atlas_2018,"Glioblastoma Multiforme (TCGA, PanCancer Atlas)",Diffuse Glioma,397,SV2A,Sv2a,9900,1,0.2518891687657431
gbm_tcga_pan_can_atlas_2018,"Glioblastoma Multiforme (TCGA, PanCancer Atlas)",Diffuse Glioma,397,SV2C,Sv2c,22987,6,1.5113350125944585
gbm_tcga_pan_can_atlas_2018,"Glioblastoma Multiforme (TCGA, PanCancer Atlas)",Diffuse Glioma,397,SYNJ2,Synj2,8871,5,1.2594458438287153
gbm_tcga_pan_can_atlas_2018,"Glioblastoma Multiforme (TCGA, PanCancer Atlas)",Diffuse Glioma,397,SYT7,Syt7,9066,1,0.2518891687657431
gbm_tcga_pan_can_atlas_2018,"Glioblastoma Multiforme (TCGA, PanCancer Atlas)",Diffuse Glioma,397,SYTL2,Sytl2,54843,1,0.2518891687657431
gbm_tcga_pan_can_atlas_2018,"Glioblastoma Multiforme (TCGA, PanCancer Atlas)",Diffuse Glioma,397,TACC1,Tacc1,6867,3,0.7556675062972292
gbm_tcga_pan_can_atlas_2018,"Glioblastoma Multiforme (TCGA, PanCancer Atlas)",Diffuse Glioma,397,TENM1,Tenm1,10178,13,3.27455919395466
gbm_tcga_pan_can_atlas_2018,"Glioblastoma Multiforme (TCGA, PanCancer Atlas)",Diffuse Glioma,397,TENM2,Tenm2,57451,7,1.7632241813602014
gbm_tcga_pan_can_atlas_2018,"Glioblastoma Multiforme (TCGA, PanCancer Atlas)",Diffuse Glioma,397,TENM3,Tenm3,55714,9,2.2670025188916876
gbm_tcga_pan_can_atlas_2018,"Glioblastoma Multiforme (TCGA, PanCancer Atlas)",Diffuse Glioma,397,TENM4,Tenm4,26011,7,1.7632241813602014
gbm_tcga_pan_can_atlas_2018,"Glioblastoma Multiforme (TCGA, PanCancer Atlas)",Diffuse Glioma,397,THSD7A,Thsd7a,221981,5,1.2594458438287153
gbm_tcga_pan_can_atlas_2018,"Glioblastoma Multiforme (TCGA, PanCancer Atlas)",Diffuse Glioma,397,THSD7B,Thsd7b,80731,10,2.5188916876574305
gbm_tcga_pan_can_atlas_2018,"Glioblastoma Multiforme (TCGA, PanCancer Atlas)",Diffuse Glioma,397,TLE4,Tle4,7091,5,1.2594458438287153
gbm_tcga_pan_can_atlas_2018,"Glioblastoma Multiforme (TCGA, PanCancer Atlas)",Diffuse Glioma,397,TLL1,Tll1,7092,9,2.2670025188916876
gbm_tcga_pan_can_atlas_2018,"Glioblastoma Multiforme (TCGA, PanCancer Atlas)",Diffuse Glioma,397,TLN2,Tln2,83660,7,1.7632241813602014
gbm_tcga_pan_can_atlas_2018,"Glioblastoma Multiforme (TCGA, PanCancer Atlas)",Diffuse Glioma,397,TMEM108,Tmem108,66000,1,0.2518891687657431
gbm_tcga_pan_can_atlas_2018,"Glioblastoma Multiforme (TCGA, PanCancer Atlas)",Diffuse Glioma,397,TMEM130,Tmem130,222865,4,1.0075566750629723
gbm_tcga_pan_can_atlas_2018,"Glioblastoma Multiforme (TCGA, PanCancer Atlas)",Diffuse Glioma,397,TMEM132B,Tmem132b,114795,6,1.5113350125944585
gbm_tcga_pan_can_atlas_2018,"Glioblastoma Multiforme (TCGA, PanCancer Atlas)",Diffuse Glioma,397,TMEM132C,Tmem132c,92293,1,0.2518891687657431
gbm_tcga_pan_can_atlas_2018,"Glioblastoma Multiforme (TCGA, PanCancer Atlas)",Diffuse Glioma,397,TMEM132D,Tmem132d,121256,12,3.022670025188917
gbm_tcga_pan_can_atlas_2018,"Glioblastoma Multiforme (TCGA, PanCancer Atlas)",Diffuse Glioma,397,TMTC1,Tmtc1,83857,5,1.2594458438287153
gbm_tcga_pan_can_atlas_2018,"Glioblastoma Multiforme (TCGA, PanCancer Atlas)",Diffuse Glioma,397,TNIK,Tnik,23043,4,1.0075566750629723
gbm_tcga_pan_can_atlas_2018,"Glioblastoma Multiforme (TCGA, PanCancer Atlas)",Diffuse Glioma,397,TOX,Tox,9760,2,0.5037783375314862
gbm_tcga_pan_can_atlas_2018,"Glioblastoma Multiforme (TCGA, PanCancer Atlas)",Diffuse Glioma,397,TOX2,Tox2,84969,2,0.5037783375314862
gbm_tcga_pan_can_atlas_2018,"Glioblastoma Multiforme (TCGA, PanCancer Atlas)",Diffuse Glioma,397,TOX3,Tox3,27324,2,0.5037783375314862
gbm_tcga_pan_can_atlas_2018,"Glioblastoma Multiforme (TCGA, PanCancer Atlas)",Diffuse Glioma,397,TRERF1,Trerf1,55809,3,0.7556675062972292
gbm_tcga_pan_can_atlas_2018,"Glioblastoma Multiforme (TCGA, PanCancer Atlas)",Diffuse Glioma,397,TRHDE,Trhde,29953,10,2.5188916876574305
gbm_tcga_pan_can_atlas_2018,"Glioblastoma Multiforme (TCGA, PanCancer Atlas)",Diffuse Glioma,397,TRIO,Trio,7204,9,2.2670025188916876
gbm_tcga_pan_can_atlas_2018,"Glioblastoma Multiforme (TCGA, PanCancer Atlas)",Diffuse Glioma,397,TRPC3,Trpc3,7222,1,0.2518891687657431
gbm_tcga_pan_can_atlas_2018,"Glioblastoma Multiforme (TCGA, PanCancer Atlas)",Diffuse Glioma,397,TRPC5,Trpc5,7224,3,0.7556675062972292
gbm_tcga_pan_can_atlas_2018,"Glioblastoma Multiforme (TCGA, PanCancer Atlas)",Diffuse Glioma,397,TRPM2,Trpm2,7226,9,2.2670025188916876
gbm_tcga_pan_can_atlas_2018,"Glioblastoma Multiforme (TCGA, PanCancer Atlas)",Diffuse Glioma,397,TRPM3,Trpm3,80036,8,2.0151133501259446
gbm_tcga_pan_can_atlas_2018,"Glioblastoma Multiforme (TCGA, PanCancer Atlas)",Diffuse Glioma,397,TRPS1,Trps1,7227,5,1.2594458438287153
gbm_tcga_pan_can_atlas_2018,"Glioblastoma Multiforme (TCGA, PanCancer Atlas)",Diffuse Glioma,397,TSC22D1,Tsc22d1,8848,3,0.7556675062972292
gbm_tcga_pan_can_atlas_2018,"Glioblastoma Multiforme (TCGA, PanCancer Atlas)",Diffuse Glioma,397,TSHZ3,Tshz3,57616,5,1.2594458438287153
gbm_tcga_pan_can_atlas_2018,"Glioblastoma Multiforme (TCGA, PanCancer Atlas)",Diffuse Glioma,397,TTBK2,Ttbk2,146057,4,1.0075566750629723
gbm_tcga_pan_can_atlas_2018,"Glioblastoma Multiforme (TCGA, PanCancer Atlas)",Diffuse Glioma,397,UNC13C,Unc13c,440279,7,1.7632241813602014
gbm_tcga_pan_can_atlas_2018,"Glioblastoma Multiforme (TCGA, PanCancer Atlas)",Diffuse Glioma,397,UNC5C,Unc5c,8633,3,0.7556675062972292
gbm_tcga_pan_can_atlas_2018,"Glioblastoma Multiforme (TCGA, PanCancer Atlas)",Diffuse Glioma,397,UNC5D,Unc5d,137970,4,1.0075566750629723
gbm_tcga_pan_can_atlas_2018,"Glioblastoma Multiforme (TCGA, PanCancer Atlas)",Diffuse Glioma,397,USP11,Usp11,8237,5,1.2594458438287153
gbm_tcga_pan_can_atlas_2018,"Glioblastoma Multiforme (TCGA, PanCancer Atlas)",Diffuse Glioma,397,USP25,Usp25,29761,2,0.5037783375314862
gbm_tcga_pan_can_atlas_2018,"Glioblastoma Multiforme (TCGA, PanCancer Atlas)",Diffuse Glioma,397,UST,Ust,10090,2,0.5037783375314862
gbm_tcga_pan_can_atlas_2018,"Glioblastoma Multiforme (TCGA, PanCancer Atlas)",Diffuse Glioma,397,VIP,Vip,7432,0,0.0
gbm_tcga_pan_can_atlas_2018,"Glioblastoma Multiforme (TCGA, PanCancer Atlas)",Diffuse Glioma,397,VPS13A,Vps13a,23230,6,1.5113350125944585
gbm_tcga_pan_can_atlas_2018,"Glioblastoma Multiforme (TCGA, PanCancer Atlas)",Diffuse Glioma,397,VPS13D,Vps13d,55187,5,1.2594458438287153
gbm_tcga_pan_can_atlas_2018,"Glioblastoma Multiforme (TCGA, PanCancer Atlas)",Diffuse Glioma,397,WASF3,Wasf3,10810,1,0.2518891687657431
gbm_tcga_pan_can_atlas_2018,"Glioblastoma Multiforme (TCGA, PanCancer Atlas)",Diffuse Glioma,397,WNK2,Wnk2,65268,8,2.0151133501259446
gbm_tcga_pan_can_atlas_2018,"Glioblastoma Multiforme (TCGA, PanCancer Atlas)",Diffuse Glioma,397,WWP1,Wwp1,11059,0,0.0
gbm_tcga_pan_can_atlas_2018,"Glioblastoma Multiforme (TCGA, PanCancer Atlas)",Diffuse Glioma,397,XKR4,Xkr4,114786,2,0.5037783375314862
gbm_tcga_pan_can_atlas_2018,"Glioblastoma Multiforme (TCGA, PanCancer Atlas)",Diffuse Glioma,397,XYLT1,Xylt1,64131,2,0.5037783375314862
gbm_tcga_pan_can_atlas_2018,"Glioblastoma Multiforme (TCGA, PanCancer Atlas)",Diffuse Glioma,397,ZBTB16,Zbtb16,7704,3,0.7556675062972292
gbm_tcga_pan_can_atlas_2018,"Glioblastoma Multiforme (TCGA, PanCancer Atlas)",Diffuse Glioma,397,ZFYVE28,Zfyve28,57732,1,0.2518891687657431
gbm_tcga_pan_can_atlas_2018,"Glioblastoma Multiforme (TCGA, PanCancer Atlas)",Diffuse Glioma,397,ZMAT4,Zmat4,79698,3,0.7556675062972292
gbm_tcga_pan_can_atlas_2018,"Glioblastoma Multiforme (TCGA, PanCancer Atlas)",Diffuse Glioma,397,ZMYND8,Zmynd8,23613,4,1.0075566750629723
lgg_tcga_pan_can_atlas_2018,"Brain Lower Grade Glioma (TCGA, PanCancer Atlas)",Diffuse Glioma,514,ABCC8,Abcc8,6833,1,0.19455252918287938
lgg_tcga_pan_can_atlas_2018,"Brain Lower Grade Glioma (TCGA, PanCancer Atlas)",Diffuse Glioma,514,ABR,Abr,29,2,0.38910505836575876
lgg_tcga_pan_can_atlas_2018,"Brain Lower Grade Glioma (TCGA, PanCancer Atlas)",Diffuse Glioma,514,ACSL3,Acsl3,2181,1,0.19455252918287938
lgg_tcga_pan_can_atlas_2018,"Brain Lower Grade Glioma (TCGA, PanCancer Atlas)",Diffuse Glioma,514,ADAM23,Adam23,8745,2,0.38910505836575876
lgg_tcga_pan_can_atlas_2018,"Brain Lower Grade Glioma (TCGA, PanCancer Atlas)",Diffuse Glioma,514,ADAMTS17,Adamts17,170691,0,0.0
lgg_tcga_pan_can_atlas_2018,"Brain Lower Grade Glioma (TCGA, PanCancer Atlas)",Diffuse Glioma,514,ADARB2,Adarb2,105,4,0.7782101167315175
lgg_tcga_pan_can_atlas_2018,"Brain Lower Grade Glioma (TCGA, PanCancer Atlas)",Diffuse Glioma,514,ADCY1,Adcy1,107,3,0.5836575875486382
lgg_tcga_pan_can_atlas_2018,"Brain Lower Grade Glioma (TCGA, PanCancer Atlas)",Diffuse Glioma,514,ADCY2,Adcy2,108,3,0.5836575875486382
lgg_tcga_pan_can_atlas_2018,"Brain Lower Grade Glioma (TCGA, PanCancer Atlas)",Diffuse Glioma,514,ADCY8,Adcy8,114,1,0.19455252918287938
lgg_tcga_pan_can_atlas_2018,"Brain Lower Grade Glioma (TCGA, PanCancer Atlas)",Diffuse Glioma,514,ADRA1A,Adra1a,148,1,0.19455252918287938
lgg_tcga_pan_can_atlas_2018,"Brain Lower Grade Glioma (TCGA, PanCancer Atlas)",Diffuse Glioma,514,AHI1,Ahi1,54806,3,0.5836575875486382
lgg_tcga_pan_can_atlas_2018,"Brain Lower Grade Glioma (TCGA, PanCancer Atlas)",Diffuse Glioma,514,AK5,Ak5,26289,1,0.19455252918287938
lgg_tcga_pan_can_atlas_2018,"Brain Lower Grade Glioma (TCGA, PanCancer Atlas)",Diffuse Glioma,514,ALK,Alk,238,1,0.19455252918287938
lgg_tcga_pan_can_atlas_2018,"Brain Lower Grade Glioma (TCGA, PanCancer Atlas)",Diffuse Glioma,514,ANK1,Ank1,286,4,0.7782101167315175
lgg_tcga_pan_can_atlas_2018,"Brain Lower Grade Glioma (TCGA, PanCancer Atlas)",Diffuse Glioma,514,ANKRD26,Ankrd26,22852,3,0.5836575875486382
lgg_tcga_pan_can_atlas_2018,"Brain Lower Grade Glioma (TCGA, PanCancer Atlas)",Diffuse Glioma,514,ANKS1B,Anks1b,56899,2,0.38910505836575876
lgg_tcga_pan_can_atlas_2018,"Brain Lower Grade Glioma (TCGA, PanCancer Atlas)",Diffuse Glioma,514,ANO3,Ano3,63982,3,0.5836575875486382
lgg_tcga_pan_can_atlas_2018,"Brain Lower Grade Glioma (TCGA, PanCancer Atlas)",Diffuse Glioma,514,ANO4,Ano4,121601,1,0.19455252918287938
lgg_tcga_pan_can_atlas_2018,"Brain Lower Grade Glioma (TCGA, PanCancer Atlas)",Diffuse Glioma,514,ANO5,Ano5,203859,2,0.38910505836575876
lgg_tcga_pan_can_atlas_2018,"Brain Lower Grade Glioma (TCGA, PanCancer Atlas)",Diffuse Glioma,514,APBA1,Apba1,320,3,0.5836575875486382
lgg_tcga_pan_can_atlas_2018,"Brain Lower Grade Glioma (TCGA, PanCancer Atlas)",Diffuse Glioma,514,APLP1,Aplp1,333,1,0.19455252918287938
lgg_tcga_pan_can_atlas_2018,"Brain Lower Grade Glioma (TCGA, PanCancer Atlas)",Diffuse Glioma,514,ARAP2,Arap2,116984,3,0.5836575875486382
lgg_tcga_pan_can_atlas_2018,"Brain Lower Grade Glioma (TCGA, PanCancer Atlas)",Diffuse Glioma,514,ARHGAP20,Arhgap20,57569,2,0.38910505836575876
lgg_tcga_pan_can_atlas_2018,"Brain Lower Grade Glioma (TCGA, PanCancer Atlas)",Diffuse Glioma,514,ARHGAP21,Arhgap21,57584,3,0.5836575875486382
lgg_tcga_pan_can_atlas_2018,"Brain Lower Grade Glioma (TCGA, PanCancer Atlas)",Diffuse Glioma,514,ARHGAP5,Arhgap5,394,3,0.5836575875486382
lgg_tcga_pan_can_atlas_2018,"Brain Lower Grade Glioma (TCGA, PanCancer Atlas)",Diffuse Glioma,514,ARID5B,Arid5b,84159,1,0.19455252918287938
lgg_tcga_pan_can_atlas_2018,"Brain Lower Grade Glioma (TCGA, PanCancer Atlas)",Diffuse Glioma,514,ARPP21,Arpp21,10777,1,0.19455252918287938
lgg_tcga_pan_can_atlas_2018,"Brain Lower Grade Glioma (TCGA, PanCancer Atlas)",Diffuse Glioma,514,ASIC2,Asic2,40,0,0.0
lgg_tcga_pan_can_atlas_2018,"Brain Lower Grade Glioma (TCGA, PanCancer Atlas)",Diffuse Glioma,514,ASTN1,Astn1,460,4,0.7782101167315175
lgg_tcga_pan_can_atlas_2018,"Brain Lower Grade Glioma (TCGA, PanCancer Atlas)",Diffuse Glioma,514,ASTN2,Astn2,23245,1,0.19455252918287938
lgg_tcga_pan_can_atlas_2018,"Brain Lower Grade Glioma (TCGA, PanCancer Atlas)",Diffuse Glioma,514,ATP1A3,Atp1a3,478,1,0.19455252918287938
lgg_tcga_pan_can_atlas_2018,"Brain Lower Grade Glioma (TCGA, PanCancer Atlas)",Diffuse Glioma,514,ATP2A2,Atp2a2,488,2,0.38910505836575876
lgg_tcga_pan_can_atlas_2018,"Brain Lower Grade Glioma (TCGA, PanCancer Atlas)",Diffuse Glioma,514,ATP8A2,Atp8a2,51761,2,0.38910505836575876
lgg_tcga_pan_can_atlas_2018,"Brain Lower Grade Glioma (TCGA, PanCancer Atlas)",Diffuse Glioma,514,ATRNL1,Atrnl1,26033,1,0.19455252918287938
lgg_tcga_pan_can_atlas_2018,"Brain Lower Grade Glioma (TCGA, PanCancer Atlas)",Diffuse Glioma,514,ATXN1,Atxn1,6310,1,0.19455252918287938
lgg_tcga_pan_can_atlas_2018,"Brain Lower Grade Glioma (TCGA, PanCancer Atlas)",Diffuse Glioma,514,BACH2,Bach2,60468,4,0.7782101167315175
lgg_tcga_pan_can_atlas_2018,"Brain Lower Grade Glioma (TCGA, PanCancer Atlas)",Diffuse Glioma,514,BAIAP2,Baiap2,10458,2,0.38910505836575876
lgg_tcga_pan_can_atlas_2018,"Brain Lower Grade Glioma (TCGA, PanCancer Atlas)",Diffuse Glioma,514,BCL11A,Bcl11a,53335,2,0.38910505836575876
lgg_tcga_pan_can_atlas_2018,"Brain Lower Grade Glioma (TCGA, PanCancer Atlas)",Diffuse Glioma,514,BCL11B,Bcl11b,64919,3,0.5836575875486382
lgg_tcga_pan_can_atlas_2018,"Brain Lower Grade Glioma (TCGA, PanCancer Atlas)",Diffuse Glioma,514,BDP1,Bdp1,55814,2,0.38910505836575876
lgg_tcga_pan_can_atlas_2018,"Brain Lower Grade Glioma (TCGA, PanCancer Atlas)",Diffuse Glioma,514,BMPER,Bmper,168667,1,0.19455252918287938
lgg_tcga_pan_can_atlas_2018,"Brain Lower Grade Glioma (TCGA, PanCancer Atlas)",Diffuse Glioma,514,BRINP2,Brinp2,57795,2,0.38910505836575876
lgg_tcga_pan_can_atlas_2018,"Brain Lower Grade Glioma (TCGA, PanCancer Atlas)",Diffuse Glioma,514,BRINP3,Brinp3,339479,2,0.38910505836575876
lgg_tcga_pan_can_atlas_2018,"Brain Lower Grade Glioma (TCGA, PanCancer Atlas)",Diffuse Glioma,514,BSN,Bsn,8927,3,0.5836575875486382
lgg_tcga_pan_can_atlas_2018,"Brain Lower Grade Glioma (TCGA, PanCancer Atlas)",Diffuse Glioma,514,CACNA1A,Cacna1a,773,1,0.19455252918287938
lgg_tcga_pan_can_atlas_2018,"Brain Lower Grade Glioma (TCGA, PanCancer Atlas)",Diffuse Glioma,514,CACNA1B,Cacna1b,774,4,0.7782101167315175
lgg_tcga_pan_can_atlas_2018,"Brain Lower Grade Glioma (TCGA, PanCancer Atlas)",Diffuse Glioma,514,CACNA1C,Cacna1c,775,0,0.0
lgg_tcga_pan_can_atlas_2018,"Brain Lower Grade Glioma (TCGA, PanCancer Atlas)",Diffuse Glioma,514,CACNA1D,Cacna1d,776,3,0.5836575875486382
lgg_tcga_pan_can_atlas_2018,"Brain Lower Grade Glioma (TCGA, PanCancer Atlas)",Diffuse Glioma,514,CACNA1E,Cacna1e,777,6,1.1673151750972763
lgg_tcga_pan_can_atlas_2018,"Brain Lower Grade Glioma (TCGA, PanCancer Atlas)",Diffuse Glioma,514,CACNA2D1,Cacna2d1,781,3,0.5836575875486382
lgg_tcga_pan_can_atlas_2018,"Brain Lower Grade Glioma (TCGA, PanCancer Atlas)",Diffuse Glioma,514,CACNA2D3,Cacna2d3,55799,3,0.5836575875486382
lgg_tcga_pan_can_atlas_2018,"Brain Lower Grade Glioma (TCGA, PanCancer Atlas)",Diffuse Glioma,514,CACNB2,Cacnb2,783,1,0.19455252918287938
lgg_tcga_pan_can_atlas_2018,"Brain Lower Grade Glioma (TCGA, PanCancer Atlas)",Diffuse Glioma,514,CACNB4,Cacnb4,785,1,0.19455252918287938
lgg_tcga_pan_can_atlas_2018,"Brain Lower Grade Glioma (TCGA, PanCancer Atlas)",Diffuse Glioma,514,CACNG3,Cacng3,10368,4,0.7782101167315175
lgg_tcga_pan_can_atlas_2018,"Brain Lower Grade Glioma (TCGA, PanCancer Atlas)",Diffuse Glioma,514,CADM2,Cadm2,253559,1,0.19455252918287938
lgg_tcga_pan_can_atlas_2018,"Brain Lower Grade Glioma (TCGA, PanCancer Atlas)",Diffuse Glioma,514,CADPS,Cadps,8618,3,0.5836575875486382
lgg_tcga_pan_can_atlas_2018,"Brain Lower Grade Glioma (TCGA, PanCancer Atlas)",Diffuse Glioma,514,CAMTA1,Camta1,23261,3,0.5836575875486382
lgg_tcga_pan_can_atlas_2018,"Brain Lower Grade Glioma (TCGA, PanCancer Atlas)",Diffuse Glioma,514,CAP2,Cap2,10486,0,0.0
lgg_tcga_pan_can_atlas_2018,"Brain Lower Grade Glioma (TCGA, PanCancer Atlas)",Diffuse Glioma,514,CCDC136,Ccdc136,64753,2,0.38910505836575876
lgg_tcga_pan_can_atlas_2018,"Brain Lower Grade Glioma (TCGA, PanCancer Atlas)",Diffuse Glioma,514,CCSER1,Ccser1,401145,3,0.5836575875486382
lgg_tcga_pan_can_atlas_2018,"Brain Lower Grade Glioma (TCGA, PanCancer Atlas)",Diffuse Glioma,514,CDH10,Cdh10,1008,1,0.19455252918287938
lgg_tcga_pan_can_atlas_2018,"Brain Lower Grade Glioma (TCGA, PanCancer Atlas)",Diffuse Glioma,514,CDH12,Cdh12,1010,5,0.9727626459143969
lgg_tcga_pan_can_atlas_2018,"Brain Lower Grade Glioma (TCGA, PanCancer Atlas)",Diffuse Glioma,514,CDH13,Cdh13,1012,2,0.38910505836575876
lgg_tcga_pan_can_atlas_2018,"Brain Lower Grade Glioma (TCGA, PanCancer Atlas)",Diffuse Glioma,514,CDH2,Cdh2,1000,1,0.19455252918287938
lgg_tcga_pan_can_atlas_2018,"Brain Lower Grade Glioma (TCGA, PanCancer Atlas)",Diffuse Glioma,514,CDH22,Cdh22,64405,2,0.38910505836575876
lgg_tcga_pan_can_atlas_2018,"Brain Lower Grade Glioma (TCGA, PanCancer Atlas)",Diffuse Glioma,514,CDH4,Cdh4,1002,5,0.9727626459143969
lgg_tcga_pan_can_atlas_2018,"Brain Lower Grade Glioma (TCGA, PanCancer Atlas)",Diffuse Glioma,514,CDH8,Cdh8,1006,3,0.5836575875486382
lgg_tcga_pan_can_atlas_2018,"Brain Lower Grade Glioma (TCGA, PanCancer Atlas)",Diffuse Glioma,514,CDH9,Cdh9,1007,2,0.38910505836575876
lgg_tcga_pan_can_atlas_2018,"Brain Lower Grade Glioma (TCGA, PanCancer Atlas)",Diffuse Glioma,514,CDK14,Cdk14,5218,1,0.19455252918287938
lgg_tcga_pan_can_atlas_2018,"Brain Lower Grade Glioma (TCGA, PanCancer Atlas)",Diffuse Glioma,514,CDKL5,Cdkl5,6792,2,0.38910505836575876
lgg_tcga_pan_can_atlas_2018,"Brain Lower Grade Glioma (TCGA, PanCancer Atlas)",Diffuse Glioma,514,CELF4,Celf4,56853,0,0.0
lgg_tcga_pan_can_atlas_2018,"Brain Lower Grade Glioma (TCGA, PanCancer Atlas)",Diffuse Glioma,514,CEMIP,Cemip,57214,3,0.5836575875486382
lgg_tcga_pan_can_atlas_2018,"Brain Lower Grade Glioma (TCGA, PanCancer Atlas)",Diffuse Glioma,514,CHGB,Chgb,1114,4,0.7782101167315175
lgg_tcga_pan_can_atlas_2018,"Brain Lower Grade Glioma (TCGA, PanCancer Atlas)",Diffuse Glioma,514,CHL1,Chl1,10752,1,0.19455252918287938
lgg_tcga_pan_can_atlas_2018,"Brain Lower Grade Glioma (TCGA, PanCancer Atlas)",Diffuse Glioma,514,CHRM3,Chrm3,1131,3,0.5836575875486382
lgg_tcga_pan_can_atlas_2018,"Brain Lower Grade Glioma (TCGA, PanCancer Atlas)",Diffuse Glioma,514,CHSY3,Chsy3,337876,1,0.19455252918287938
lgg_tcga_pan_can_atlas_2018,"Brain Lower Grade Glioma (TCGA, PanCancer Atlas)",Diffuse Glioma,514,CIT,Cit,11113,4,0.7782101167315175
lgg_tcga_pan_can_atlas_2018,"Brain Lower Grade Glioma (TCGA, PanCancer Atlas)",Diffuse Glioma,514,CLEC16A,Clec16a,23274,1,0.19455252918287938
lgg_tcga_pan_can_atlas_2018,"Brain Lower Grade Glioma (TCGA, PanCancer Atlas)",Diffuse Glioma,514,CLIP4,Clip4,79745,3,0.5836575875486382
lgg_tcga_pan_can_atlas_2018,"Brain Lower Grade Glioma (TCGA, PanCancer Atlas)",Diffuse Glioma,514,CLSTN2,Clstn2,64084,1,0.19455252918287938
lgg_tcga_pan_can_atlas_2018,"Brain Lower Grade Glioma (TCGA, PanCancer Atlas)",Diffuse Glioma,514,CLVS1,Clvs1,157807,0,0.0
lgg_tcga_pan_can_atlas_2018,"Brain Lower Grade Glioma (TCGA, PanCancer Atlas)",Diffuse Glioma,514,CNR1,Cnr1,1268,1,0.19455252918287938
lgg_tcga_pan_can_atlas_2018,"Brain Lower Grade Glioma (TCGA, PanCancer Atlas)",Diffuse Glioma,514,CNTN3,Cntn3,5067,4,0.7782101167315175
lgg_tcga_pan_can_atlas_2018,"Brain Lower Grade Glioma (TCGA, PanCancer Atlas)",Diffuse Glioma,514,CNTN4,Cntn4,152330,5,0.9727626459143969
lgg_tcga_pan_can_atlas_2018,"Brain Lower Grade Glioma (TCGA, PanCancer Atlas)",Diffuse Glioma,514,CNTN5,Cntn5,53942,1,0.19455252918287938
lgg_tcga_pan_can_atlas_2018,"Brain Lower Grade Glioma (TCGA, PanCancer Atlas)",Diffuse Glioma,514,CNTN6,Cntn6,27255,3,0.5836575875486382
lgg_tcga_pan_can_atlas_2018,"Brain Lower Grade Glioma (TCGA, PanCancer Atlas)",Diffuse Glioma,514,CNTNAP2,Cntnap2,26047,3,0.5836575875486382
lgg_tcga_pan_can_atlas_2018,"Brain Lower Grade Glioma (TCGA, PanCancer Atlas)",Diffuse Glioma,514,CNTNAP4,Cntnap4,85445,2,0.38910505836575876
lgg_tcga_pan_can_atlas_2018,"Brain Lower Grade Glioma (TCGA, PanCancer Atlas)",Diffuse Glioma,514,COL11A1,Col11a1,1301,4,0.7782101167315175
lgg_tcga_pan_can_atlas_2018,"Brain Lower Grade Glioma (TCGA, PanCancer Atlas)",Diffuse Glioma,514,COL16A1,Col16a1,1307,2,0.38910505836575876
lgg_tcga_pan_can_atlas_2018,"Brain Lower Grade Glioma (TCGA, PanCancer Atlas)",Diffuse Glioma,514,COL19A1,Col19a1,1310,5,0.9727626459143969
lgg_tcga_pan_can_atlas_2018,"Brain Lower Grade Glioma (TCGA, PanCancer Atlas)",Diffuse Glioma,514,COL24A1,Col24a1,255631,3,0.5836575875486382
lgg_tcga_pan_can_atlas_2018,"Brain Lower Grade Glioma (TCGA, PanCancer Atlas)",Diffuse Glioma,514,COL25A1,Col25a1,84570,3,0.5836575875486382
lgg_tcga_pan_can_atlas_2018,"Brain Lower Grade Glioma (TCGA, PanCancer Atlas)",Diffuse Glioma,514,CORO6,Coro6,84940,1,0.19455252918287938
lgg_tcga_pan_can_atlas_2018,"Brain Lower Grade Glioma (TCGA, PanCancer Atlas)",Diffuse Glioma,514,CPNE4,Cpne4,131034,1,0.19455252918287938
lgg_tcga_pan_can_atlas_2018,"Brain Lower Grade Glioma (TCGA, PanCancer Atlas)",Diffuse Glioma,514,CSMD1,Csmd1,64478,4,0.7782101167315175
lgg_tcga_pan_can_atlas_2018,"Brain Lower Grade Glioma (TCGA, PanCancer Atlas)",Diffuse Glioma,514,CSMD2,Csmd2,114784,4,0.7782101167315175
lgg_tcga_pan_can_atlas_2018,"Brain Lower Grade Glioma (TCGA, PanCancer Atlas)",Diffuse Glioma,514,CSMD3,Csmd3,114788,12,2.3346303501945527
lgg_tcga_pan_can_atlas_2018,"Brain Lower Grade Glioma (TCGA, PanCancer Atlas)",Diffuse Glioma,514,CSRNP3,Csrnp3,80034,1,0.19455252918287938
lgg_tcga_pan_can_atlas_2018,"Brain Lower Grade Glioma (TCGA, PanCancer Atlas)",Diffuse Glioma,514,CUX1,Cux1,1523,2,0.38910505836575876
lgg_tcga_pan_can_atlas_2018,"Brain Lower Grade Glioma (TCGA, PanCancer Atlas)",Diffuse Glioma,514,CUX2,Cux2,23316,2,0.38910505836575876
lgg_tcga_pan_can_atlas_2018,"Brain Lower Grade Glioma (TCGA, PanCancer Atlas)",Diffuse Glioma,514,CYFIP2,Cyfip2,26999,3,0.5836575875486382
lgg_tcga_pan_can_atlas_2018,"Brain Lower Grade Glioma (TCGA, PanCancer Atlas)",Diffuse Glioma,514,DAAM1,Daam1,23002,1,0.19455252918287938
lgg_tcga_pan_can_atlas_2018,"Brain Lower Grade Glioma (TCGA, PanCancer Atlas)",Diffuse Glioma,514,DAB1,Dab1,1600,0,0.0
lgg_tcga_pan_can_atlas_2018,"Brain Lower Grade Glioma (TCGA, PanCancer Atlas)",Diffuse Glioma,514,DACH1,Dach1,1602,1,0.19455252918287938
lgg_tcga_pan_can_atlas_2018,"Brain Lower Grade Glioma (TCGA, PanCancer Atlas)",Diffuse Glioma,514,DAPK1,Dapk1,1612,5,0.9727626459143969
lgg_tcga_pan_can_atlas_2018,"Brain Lower Grade Glioma (TCGA, PanCancer Atlas)",Diffuse Glioma,514,DCC,Dcc,1630,4,0.7782101167315175
lgg_tcga_pan_can_atlas_2018,"Brain Lower Grade Glioma (TCGA, PanCancer Atlas)",Diffuse Glioma,514,DENND5B,Dennd5b,160518,1,0.19455252918287938
lgg_tcga_pan_can_atlas_2018,"Brain Lower Grade Glioma (TCGA, PanCancer Atlas)",Diffuse Glioma,514,DGKB,Dgkb,1607,2,0.38910505836575876
lgg_tcga_pan_can_atlas_2018,"Brain Lower Grade Glioma (TCGA, PanCancer Atlas)",Diffuse Glioma,514,DGKD,Dgkd,8527,4,0.7782101167315175
lgg_tcga_pan_can_atlas_2018,"Brain Lower Grade Glioma (TCGA, PanCancer Atlas)",Diffuse Glioma,514,DGKG,Dgkg,1608,2,0.38910505836575876
lgg_tcga_pan_can_atlas_2018,"Brain Lower Grade Glioma (TCGA, PanCancer Atlas)",Diffuse Glioma,514,DGKH,Dgkh,160851,2,0.38910505836575876
lgg_tcga_pan_can_atlas_2018,"Brain Lower Grade Glioma (TCGA, PanCancer Atlas)",Diffuse Glioma,514,DGKI,Dgki,9162,0,0.0
lgg_tcga_pan_can_atlas_2018,"Brain Lower Grade Glioma (TCGA, PanCancer Atlas)",Diffuse Glioma,514,DIP2A,Dip2a,23181,1,0.19455252918287938
lgg_tcga_pan_can_atlas_2018,"Brain Lower Grade Glioma (TCGA, PanCancer Atlas)",Diffuse Glioma,514,DLC1,Dlc1,10395,3,0.5836575875486382
lgg_tcga_pan_can_atlas_2018,"Brain Lower Grade Glioma (TCGA, PanCancer Atlas)",Diffuse Glioma,514,DLG2,Dlg2,1740,1,0.19455252918287938
lgg_tcga_pan_can_atlas_2018,"Brain Lower Grade Glioma (TCGA, PanCancer Atlas)",Diffuse Glioma,514,DLGAP1,Dlgap1,9229,2,0.38910505836575876
lgg_tcga_pan_can_atlas_2018,"Brain Lower Grade Glioma (TCGA, PanCancer Atlas)",Diffuse Glioma,514,DLGAP2,Dlgap2,9228,1,0.19455252918287938
lgg_tcga_pan_can_atlas_2018,"Brain Lower Grade Glioma (TCGA, PanCancer Atlas)",Diffuse Glioma,514,DMD,Dmd,1756,9,1.7509727626459144
lgg_tcga_pan_can_atlas_2018,"Brain Lower Grade Glioma (TCGA, PanCancer Atlas)",Diffuse Glioma,514,DNER,Dner,92737,1,0.19455252918287938
lgg_tcga_pan_can_atlas_2018,"Brain Lower Grade Glioma (TCGA, PanCancer Atlas)",Diffuse Glioma,514,DOCK10,Dock10,55619,2,0.38910505836575876
lgg_tcga_pan_can_atlas_2018,"Brain Lower Grade Glioma (TCGA, PanCancer Atlas)",Diffuse Glioma,514,DOCK3,Dock3,1795,1,0.19455252918287938
lgg_tcga_pan_can_atlas_2018,"Brain Lower Grade Glioma (TCGA, PanCancer Atlas)",Diffuse Glioma,514,DOCK4,Dock4,9732,6,1.1673151750972763
lgg_tcga_pan_can_atlas_2018,"Brain Lower Grade Glioma (TCGA, PanCancer Atlas)",Diffuse Glioma,514,DOCK9,Dock9,23348,2,0.38910505836575876
lgg_tcga_pan_can_atlas_2018,"Brain Lower Grade Glioma (TCGA, PanCancer Atlas)",Diffuse Glioma,514,DOK5,Dok5,55816,0,0.0
lgg_tcga_pan_can_atlas_2018,"Brain Lower Grade Glioma (TCGA, PanCancer Atlas)",Diffuse Glioma,514,DPP6,Dpp6,1804,1,0.19455252918287938
lgg_tcga_pan_can_atlas_2018,"Brain Lower Grade Glioma (TCGA, PanCancer Atlas)",Diffuse Glioma,514,DSCAM,Dscam,1826,5,0.9727626459143969
lgg_tcga_pan_can_atlas_2018,"Brain Lower Grade Glioma (TCGA, PanCancer Atlas)",Diffuse Glioma,514,DSCAML1,Dscaml1,57453,5,0.9727626459143969
lgg_tcga_pan_can_atlas_2018,"Brain Lower Grade Glioma (TCGA, PanCancer Atlas)",Diffuse Glioma,514,DYNC1H1,Dync1h1,1778,6,1.1673151750972763
lgg_tcga_pan_can_atlas_2018,"Brain Lower Grade Glioma (TCGA, PanCancer Atlas)",Diffuse Glioma,514,DYNC1I1,Dync1i1,1780,3,0.5836575875486382
lgg_tcga_pan_can_atlas_2018,"Brain Lower Grade Glioma (TCGA, PanCancer Atlas)",Diffuse Glioma,514,DYNC2H1,Dync2h1,79659,7,1.3618677042801557
lgg_tcga_pan_can_atlas_2018,"Brain Lower Grade Glioma (TCGA, PanCancer Atlas)",Diffuse Glioma,514,EEPD1,Eepd1,80820,2,0.38910505836575876
lgg_tcga_pan_can_atlas_2018,"Brain Lower Grade Glioma (TCGA, PanCancer Atlas)",Diffuse Glioma,514,EFR3A,Efr3a,23167,3,0.5836575875486382
lgg_tcga_pan_can_atlas_2018,"Brain Lower Grade Glioma (TCGA, PanCancer Atlas)",Diffuse Glioma,514,EGFR,Egfr,1956,35,6.809338521400778
lgg_tcga_pan_can_atlas_2018,"Brain Lower Grade Glioma (TCGA, PanCancer Atlas)",Diffuse Glioma,514,ELAVL2,Elavl2,1993,1,0.19455252918287938
lgg_tcga_pan_can_atlas_2018,"Brain Lower Grade Glioma (TCGA, PanCancer Atlas)",Diffuse Glioma,514,ENOX1,Enox1,55068,0,0.0
lgg_tcga_pan_can_atlas_2018,"Brain Lower Grade Glioma (TCGA, PanCancer Atlas)",Diffuse Glioma,514,EPHA3,Epha3,2042,5,0.9727626459143969
lgg_tcga_pan_can_atlas_2018,"Brain Lower Grade Glioma (TCGA, PanCancer Atlas)",Diffuse Glioma,514,EPHA4,Epha4,2043,6,1.1673151750972763
lgg_tcga_pan_can_atlas_2018,"Brain Lower Grade Glioma (TCGA, PanCancer Atlas)",Diffuse Glioma,514,EPHA6,Epha6,285220,1,0.19455252918287938
lgg_tcga_pan_can_atlas_2018,"Brain Lower Grade Glioma (TCGA, PanCancer Atlas)",Diffuse Glioma,514,EPHB6,Ephb6,2051,3,0.5836575875486382
lgg_tcga_pan_can_atlas_2018,"Brain Lower Grade Glioma (TCGA, PanCancer Atlas)",Diffuse Glioma,514,ERBB4,Erbb4,2066,3,0.5836575875486382
lgg_tcga_pan_can_atlas_2018,"Brain Lower Grade Glioma (TCGA, PanCancer Atlas)",Diffuse Glioma,514,ERC2,Erc2,26059,1,0.19455252918287938
lgg_tcga_pan_can_atlas_2018,"Brain Lower Grade Glioma (TCGA, PanCancer Atlas)",Diffuse Glioma,514,ESRRG,Esrrg,2104,2,0.38910505836575876
lgg_tcga_pan_can_atlas_2018,"Brain Lower Grade Glioma (TCGA, PanCancer Atlas)",Diffuse Glioma,514,ETV6,Etv6,2120,2,0.38910505836575876
lgg_tcga_pan_can_atlas_2018,"Brain Lower Grade Glioma (TCGA, PanCancer Atlas)",Diffuse Glioma,514,EXOC4,Exoc4,60412,3,0.5836575875486382
lgg_tcga_pan_can_atlas_2018,"Brain Lower Grade Glioma (TCGA, PanCancer Atlas)",Diffuse Glioma,514,EYA4,Eya4,2070,1,0.19455252918287938
lgg_tcga_pan_can_atlas_2018,"Brain Lower Grade Glioma (TCGA, PanCancer Atlas)",Diffuse Glioma,514,FAM135B,Fam135b,51059,3,0.5836575875486382
lgg_tcga_pan_can_atlas_2018,"Brain Lower Grade Glioma (TCGA, PanCancer Atlas)",Diffuse Glioma,514,FAT1,Fat1,2195,7,1.3618677042801557
lgg_tcga_pan_can_atlas_2018,"Brain Lower Grade Glioma (TCGA, PanCancer Atlas)",Diffuse Glioma,514,FAT3,Fat3,120114,7,1.3618677042801557
lgg_tcga_pan_can_atlas_2018,"Brain Lower Grade Glioma (TCGA, PanCancer Atlas)",Diffuse Glioma,514,FGF13,Fgf13,2258,1,0.19455252918287938
lgg_tcga_pan_can_atlas_2018,"Brain Lower Grade Glioma (TCGA, PanCancer Atlas)",Diffuse Glioma,514,FHOD3,Fhod3,80206,3,0.5836575875486382
lgg_tcga_pan_can_atlas_2018,"Brain Lower Grade Glioma (TCGA, PanCancer Atlas)",Diffuse Glioma,514,FMN1,Fmn1,342184,3,0.5836575875486382
lgg_tcga_pan_can_atlas_2018,"Brain Lower Grade Glioma (TCGA, PanCancer Atlas)",Diffuse Glioma,514,FMN2,Fmn2,56776,3,0.5836575875486382
lgg_tcga_pan_can_atlas_2018,"Brain Lower Grade Glioma (TCGA, PanCancer Atlas)",Diffuse Glioma,514,FOCAD,Focad,54914,2,0.38910505836575876
lgg_tcga_pan_can_atlas_2018,"Brain Lower Grade Glioma (TCGA, PanCancer Atlas)",Diffuse Glioma,514,FRAS1,Fras1,80144,12,2.3346303501945527
lgg_tcga_pan_can_atlas_2018,"Brain Lower Grade Glioma (TCGA, PanCancer Atlas)",Diffuse Glioma,514,FREM1,Frem1,158326,5,0.9727626459143969
lgg_tcga_pan_can_atlas_2018,"Brain Lower Grade Glioma (TCGA, PanCancer Atlas)",Diffuse Glioma,514,FRMPD4,Frmpd4,9758,5,0.9727626459143969
lgg_tcga_pan_can_atlas_2018,"Brain Lower Grade Glioma (TCGA, PanCancer Atlas)",Diffuse Glioma,514,FRY,Fry,10129,5,0.9727626459143969
lgg_tcga_pan_can_atlas_2018,"Brain Lower Grade Glioma (TCGA, PanCancer Atlas)",Diffuse Glioma,514,FSTL4,Fstl4,23105,1,0.19455252918287938
lgg_tcga_pan_can_atlas_2018,"Brain Lower Grade Glioma (TCGA, PanCancer Atlas)",Diffuse Glioma,514,FSTL5,Fstl5,56884,8,1.556420233463035
lgg_tcga_pan_can_atlas_2018,"Brain Lower Grade Glioma (TCGA, PanCancer Atlas)",Diffuse Glioma,514,FUT9,Fut9,10690,0,0.0
lgg_tcga_pan_can_atlas_2018,"Brain Lower Grade Glioma (TCGA, PanCancer Atlas)",Diffuse Glioma,514,GABBR1,Gabbr1,2550,1,0.19455252918287938
lgg_tcga_pan_can_atlas_2018,"Brain Lower Grade Glioma (TCGA, PanCancer Atlas)",Diffuse Glioma,514,GABBR2,Gabbr2,9568,1,0.19455252918287938
lgg_tcga_pan_can_atlas_2018,"Brain Lower Grade Glioma (TCGA, PanCancer Atlas)",Diffuse Glioma,514,GABRA1,Gabra1,2554,4,0.7782101167315175
lgg_tcga_pan_can_atlas_2018,"Brain Lower Grade Glioma (TCGA, PanCancer Atlas)",Diffuse Glioma,514,GABRA2,Gabra2,2555,2,0.38910505836575876
lgg_tcga_pan_can_atlas_2018,"Brain Lower Grade Glioma (TCGA, PanCancer Atlas)",Diffuse Glioma,514,GABRB1,Gabrb1,2560,3,0.5836575875486382
lgg_tcga_pan_can_atlas_2018,"Brain Lower Grade Glioma (TCGA, PanCancer Atlas)",Diffuse Glioma,514,GABRB2,Gabrb2,2561,3,0.5836575875486382
lgg_tcga_pan_can_atlas_2018,"Brain Lower Grade Glioma (TCGA, PanCancer Atlas)",Diffuse Glioma,514,GABRD,Gabrd,2563,3,0.5836575875486382
lgg_tcga_pan_can_atlas_2018,"Brain Lower Grade Glioma (TCGA, PanCancer Atlas)",Diffuse Glioma,514,GABRG2,Gabrg2,2566,2,0.38910505836575876
lgg_tcga_pan_can_atlas_2018,"Brain Lower Grade Glioma (TCGA, PanCancer Atlas)",Diffuse Glioma,514,GABRG3,Gabrg3,2567,2,0.38910505836575876
lgg_tcga_pan_can_atlas_2018,"Brain Lower Grade Glioma (TCGA, PanCancer Atlas)",Diffuse Glioma,514,GAD1,Gad1,2571,1,0.19455252918287938
lgg_tcga_pan_can_atlas_2018,"Brain Lower Grade Glioma (TCGA, PanCancer Atlas)",Diffuse Glioma,514,GALNT13,Galnt13,114805,1,0.19455252918287938
lgg_tcga_pan_can_atlas_2018,"Brain Lower Grade Glioma (TCGA, PanCancer Atlas)",Diffuse Glioma,514,GALNT14,Galnt14,79623,3,0.5836575875486382
lgg_tcga_pan_can_atlas_2018,"Brain Lower Grade Glioma (TCGA, PanCancer Atlas)",Diffuse Glioma,514,GALNT18,Galnt18,374378,2,0.38910505836575876
lgg_tcga_pan_can_atlas_2018,"Brain Lower Grade Glioma (TCGA, PanCancer Atlas)",Diffuse Glioma,514,GALNTL6,Galntl6,442117,2,0.38910505836575876
lgg_tcga_pan_can_atlas_2018,"Brain Lower Grade Glioma (TCGA, PanCancer Atlas)",Diffuse Glioma,514,GAP43,Gap43,2596,1,0.19455252918287938
lgg_tcga_pan_can_atlas_2018,"Brain Lower Grade Glioma (TCGA, PanCancer Atlas)",Diffuse Glioma,514,GARNL3,Garnl3,84253,1,0.19455252918287938
lgg_tcga_pan_can_atlas_2018,"Brain Lower Grade Glioma (TCGA, PanCancer Atlas)",Diffuse Glioma,514,GAS7,Gas7,8522,1,0.19455252918287938
lgg_tcga_pan_can_atlas_2018,"Brain Lower Grade Glioma (TCGA, PanCancer Atlas)",Diffuse Glioma,514,GCC2,Gcc2,9648,3,0.5836575875486382
lgg_tcga_pan_can_atlas_2018,"Brain Lower Grade Glioma (TCGA, PanCancer Atlas)",Diffuse Glioma,514,GDA,Gda,9615,1,0.19455252918287938
lgg_tcga_pan_can_atlas_2018,"Brain Lower Grade Glioma (TCGA, PanCancer Atlas)",Diffuse Glioma,514,GHR,Ghr,2690,3,0.5836575875486382
lgg_tcga_pan_can_atlas_2018,"Brain Lower Grade Glioma (TCGA, PanCancer Atlas)",Diffuse Glioma,514,GNPTAB,Gnptab,79158,2,0.38910505836575876
lgg_tcga_pan_can_atlas_2018,"Brain Lower Grade Glioma (TCGA, PanCancer Atlas)",Diffuse Glioma,514,GOLIM4,Golim4,27333,0,0.0
lgg_tcga_pan_can_atlas_2018,"Brain Lower Grade Glioma (TCGA, PanCancer Atlas)",Diffuse Glioma,514,GOT1,Got1,2805,1,0.19455252918287938
lgg_tcga_pan_can_atlas_2018,"Brain Lower Grade Glioma (TCGA, PanCancer Atlas)",Diffuse Glioma,514,GPR158,Gpr158,57512,1,0.19455252918287938
lgg_tcga_pan_can_atlas_2018,"Brain Lower Grade Glioma (TCGA, PanCancer Atlas)",Diffuse Glioma,514,GRIA1,Gria1,2890,4,0.7782101167315175
lgg_tcga_pan_can_atlas_2018,"Brain Lower Grade Glioma (TCGA, PanCancer Atlas)",Diffuse Glioma,514,GRIA3,Gria3,2892,6,1.1673151750972763
lgg_tcga_pan_can_atlas_2018,"Brain Lower Grade Glioma (TCGA, PanCancer Atlas)",Diffuse Glioma,514,GRIA4,Gria4,2893,4,0.7782101167315175
lgg_tcga_pan_can_atlas_2018,"Brain Lower Grade Glioma (TCGA, PanCancer Atlas)",Diffuse Glioma,514,GRID1,Grid1,2894,1,0.19455252918287938
lgg_tcga_pan_can_atlas_2018,"Brain Lower Grade Glioma (TCGA, PanCancer Atlas)",Diffuse Glioma,514,GRID2,Grid2,2895,2,0.38910505836575876
lgg_tcga_pan_can_atlas_2018,"Brain Lower Grade Glioma (TCGA, PanCancer Atlas)",Diffuse Glioma,514,GRIK1,Grik1,2897,2,0.38910505836575876
lgg_tcga_pan_can_atlas_2018,"Brain Lower Grade Glioma (TCGA, PanCancer Atlas)",Diffuse Glioma,514,GRIK3,Grik3,2899,2,0.38910505836575876
lgg_tcga_pan_can_atlas_2018,"Brain Lower Grade Glioma (TCGA, PanCancer Atlas)",Diffuse Glioma,514,GRIN2A,Grin2a,2903,6,1.1673151750972763
lgg_tcga_pan_can_atlas_2018,"Brain Lower Grade Glioma (TCGA, PanCancer Atlas)",Diffuse Glioma,514,GRIN3A,Grin3a,116443,3,0.5836575875486382
lgg_tcga_pan_can_atlas_2018,"Brain Lower Grade Glioma (TCGA, PanCancer Atlas)",Diffuse Glioma,514,GRM3,Grm3,2913,5,0.9727626459143969
lgg_tcga_pan_can_atlas_2018,"Brain Lower Grade Glioma (TCGA, PanCancer Atlas)",Diffuse Glioma,514,GRM5,Grm5,2915,3,0.5836575875486382
lgg_tcga_pan_can_atlas_2018,"Brain Lower Grade Glioma (TCGA, PanCancer Atlas)",Diffuse Glioma,514,GRM7,Grm7,2917,3,0.5836575875486382
lgg_tcga_pan_can_atlas_2018,"Brain Lower Grade Glioma (TCGA, PanCancer Atlas)",Diffuse Glioma,514,GRM8,Grm8,2918,2,0.38910505836575876
lgg_tcga_pan_can_atlas_2018,"Brain Lower Grade Glioma (TCGA, PanCancer Atlas)",Diffuse Glioma,514,HCN1,Hcn1,348980,4,0.7782101167315175
lgg_tcga_pan_can_atlas_2018,"Brain Lower Grade Glioma (TCGA, PanCancer Atlas)",Diffuse Glioma,514,HDAC9,Hdac9,9734,1,0.19455252918287938
lgg_tcga_pan_can_atlas_2018,"Brain Lower Grade Glioma (TCGA, PanCancer Atlas)",Diffuse Glioma,514,HECW1,Hecw1,23072,3,0.5836575875486382
lgg_tcga_pan_can_atlas_2018,"Brain Lower Grade Glioma (TCGA, PanCancer Atlas)",Diffuse Glioma,514,HECW2,Hecw2,57520,2,0.38910505836575876
lgg_tcga_pan_can_atlas_2018,"Brain Lower Grade Glioma (TCGA, PanCancer Atlas)",Diffuse Glioma,514,HERC1,Herc1,8925,7,1.3618677042801557
lgg_tcga_pan_can_atlas_2018,"Brain Lower Grade Glioma (TCGA, PanCancer Atlas)",Diffuse Glioma,514,HIVEP2,Hivep2,3097,2,0.38910505836575876
lgg_tcga_pan_can_atlas_2018,"Brain Lower Grade Glioma (TCGA, PanCancer Atlas)",Diffuse Glioma,514,HIVEP3,Hivep3,59269,7,1.3618677042801557
lgg_tcga_pan_can_atlas_2018,"Brain Lower Grade Glioma (TCGA, PanCancer Atlas)",Diffuse Glioma,514,HS3ST4,Hs3st4,9951,1,0.19455252918287938
lgg_tcga_pan_can_atlas_2018,"Brain Lower Grade Glioma (TCGA, PanCancer Atlas)",Diffuse Glioma,514,HSPA12A,Hspa12a,259217,2,0.38910505836575876
lgg_tcga_pan_can_atlas_2018,"Brain Lower Grade Glioma (TCGA, PanCancer Atlas)",Diffuse Glioma,514,HTR2C,Htr2c,3358,3,0.5836575875486382
lgg_tcga_pan_can_atlas_2018,"Brain Lower Grade Glioma (TCGA, PanCancer Atlas)",Diffuse Glioma,514,IGF1,Igf1,3479,1,0.19455252918287938
lgg_tcga_pan_can_atlas_2018,"Brain Lower Grade Glioma (TCGA, PanCancer Atlas)",Diffuse Glioma,514,IL1RAPL1,Il1rapl1,11141,3,0.5836575875486382
lgg_tcga_pan_can_atlas_2018,"Brain Lower Grade Glioma (TCGA, PanCancer Atlas)",Diffuse Glioma,514,IL1RAPL2,Il1rapl2,26280,6,1.1673151750972763
lgg_tcga_pan_can_atlas_2018,"Brain Lower Grade Glioma (TCGA, PanCancer Atlas)",Diffuse Glioma,514,INPP4B,Inpp4b,8821,3,0.5836575875486382
lgg_tcga_pan_can_atlas_2018,"Brain Lower Grade Glioma (TCGA, PanCancer Atlas)",Diffuse Glioma,514,IQSEC1,Iqsec1,9922,2,0.38910505836575876
lgg_tcga_pan_can_atlas_2018,"Brain Lower Grade Glioma (TCGA, PanCancer Atlas)",Diffuse Glioma,514,ITGA8,Itga8,8516,3,0.5836575875486382
lgg_tcga_pan_can_atlas_2018,"Brain Lower Grade Glioma (TCGA, PanCancer Atlas)",Diffuse Glioma,514,ITPK1,Itpk1,3705,2,0.38910505836575876
lgg_tcga_pan_can_atlas_2018,"Brain Lower Grade Glioma (TCGA, PanCancer Atlas)",Diffuse Glioma,514,ITPR1,Itpr1,3708,4,0.7782101167315175
lgg_tcga_pan_can_atlas_2018,"Brain Lower Grade Glioma (TCGA, PanCancer Atlas)",Diffuse Glioma,514,ITSN1,Itsn1,6453,3,0.5836575875486382
lgg_tcga_pan_can_atlas_2018,"Brain Lower Grade Glioma (TCGA, PanCancer Atlas)",Diffuse Glioma,514,KALRN,Kalrn,8997,4,0.7782101167315175
lgg_tcga_pan_can_atlas_2018,"Brain Lower Grade Glioma (TCGA, PanCancer Atlas)",Diffuse Glioma,514,KCNAB1,Kcnab1,7881,0,0.0
lgg_tcga_pan_can_atlas_2018,"Brain Lower Grade Glioma (TCGA, PanCancer Atlas)",Diffuse Glioma,514,KCNB1,Kcnb1,3745,2,0.38910505836575876
lgg_tcga_pan_can_atlas_2018,"Brain Lower Grade Glioma (TCGA, PanCancer Atlas)",Diffuse Glioma,514,KCNB2,Kcnb2,9312,6,1.1673151750972763
lgg_tcga_pan_can_atlas_2018,"Brain Lower Grade Glioma (TCGA, PanCancer Atlas)",Diffuse Glioma,514,KCNC1,Kcnc1,3746,1,0.19455252918287938
lgg_tcga_pan_can_atlas_2018,"Brain Lower Grade Glioma (TCGA, PanCancer Atlas)",Diffuse Glioma,514,KCNC2,Kcnc2,3747,1,0.19455252918287938
lgg_tcga_pan_can_atlas_2018,"Brain Lower Grade Glioma (TCGA, PanCancer Atlas)",Diffuse Glioma,514,KCND3,Kcnd3,3752,1,0.19455252918287938
lgg_tcga_pan_can_atlas_2018,"Brain Lower Grade Glioma (TCGA, PanCancer Atlas)",Diffuse Glioma,514,KCNH1,Kcnh1,3756,2,0.38910505836575876
lgg_tcga_pan_can_atlas_2018,"Brain Lower Grade Glioma (TCGA, PanCancer Atlas)",Diffuse Glioma,514,KCNH5,Kcnh5,27133,2,0.38910505836575876
lgg_tcga_pan_can_atlas_2018,"Brain Lower Grade Glioma (TCGA, PanCancer Atlas)",Diffuse Glioma,514,KCNH7,Kcnh7,90134,1,0.19455252918287938
lgg_tcga_pan_can_atlas_2018,"Brain Lower Grade Glioma (TCGA, PanCancer Atlas)",Diffuse Glioma,514,KCNJ3,Kcnj3,3760,0,0.0
lgg_tcga_pan_can_atlas_2018,"Brain Lower Grade Glioma (TCGA, PanCancer Atlas)",Diffuse Glioma,514,KCNMA1,Kcnma1,3778,3,0.5836575875486382
lgg_tcga_pan_can_atlas_2018,"Brain Lower Grade Glioma (TCGA, PanCancer Atlas)",Diffuse Glioma,514,KCNQ3,Kcnq3,3786,2,0.38910505836575876
lgg_tcga_pan_can_atlas_2018,"Brain Lower Grade Glioma (TCGA, PanCancer Atlas)",Diffuse Glioma,514,KCNQ5,Kcnq5,56479,1,0.19455252918287938
lgg_tcga_pan_can_atlas_2018,"Brain Lower Grade Glioma (TCGA, PanCancer Atlas)",Diffuse Glioma,514,KCNT1,Kcnt1,57582,3,0.5836575875486382
lgg_tcga_pan_can_atlas_2018,"Brain Lower Grade Glioma (TCGA, PanCancer Atlas)",Diffuse Glioma,514,KCNT2,Kcnt2,343450,7,1.3618677042801557
lgg_tcga_pan_can_atlas_2018,"Brain Lower Grade Glioma (TCGA, PanCancer Atlas)",Diffuse Glioma,514,KCTD8,Kctd8,386617,0,0.0
lgg_tcga_pan_can_atlas_2018,"Brain Lower Grade Glioma (TCGA, PanCancer Atlas)",Diffuse Glioma,514,KHDRBS2,Khdrbs2,202559,1,0.19455252918287938
lgg_tcga_pan_can_atlas_2018,"Brain Lower Grade Glioma (TCGA, PanCancer Atlas)",Diffuse Glioma,514,KIDINS220,Kidins220,57498,2,0.38910505836575876
lgg_tcga_pan_can_atlas_2018,"Brain Lower Grade Glioma (TCGA, PanCancer Atlas)",Diffuse Glioma,514,KIF1A,Kif1a,547,2,0.38910505836575876
lgg_tcga_pan_can_atlas_2018,"Brain Lower Grade Glioma (TCGA, PanCancer Atlas)",Diffuse Glioma,514,KIF21A,Kif21a,55605,3,0.5836575875486382
lgg_tcga_pan_can_atlas_2018,"Brain Lower Grade Glioma (TCGA, PanCancer Atlas)",Diffuse Glioma,514,KIF26B,Kif26b,55083,5,0.9727626459143969
lgg_tcga_pan_can_atlas_2018,"Brain Lower Grade Glioma (TCGA, PanCancer Atlas)",Diffuse Glioma,514,KIF5C,Kif5c,3800,1,0.19455252918287938
lgg_tcga_pan_can_atlas_2018,"Brain Lower Grade Glioma (TCGA, PanCancer Atlas)",Diffuse Glioma,514,KIT,Kit,3815,7,1.3618677042801557
lgg_tcga_pan_can_atlas_2018,"Brain Lower Grade Glioma (TCGA, PanCancer Atlas)",Diffuse Glioma,514,KLF12,Klf12,11278,1,0.19455252918287938
lgg_tcga_pan_can_atlas_2018,"Brain Lower Grade Glioma (TCGA, PanCancer Atlas)",Diffuse Glioma,514,L3MBTL4,L3mbtl4,91133,1,0.19455252918287938
lgg_tcga_pan_can_atlas_2018,"Brain Lower Grade Glioma (TCGA, PanCancer Atlas)",Diffuse Glioma,514,LAMA4,Lama4,3910,3,0.5836575875486382
lgg_tcga_pan_can_atlas_2018,"Brain Lower Grade Glioma (TCGA, PanCancer Atlas)",Diffuse Glioma,514,LAMP5,Lamp5,24141,1,0.19455252918287938
lgg_tcga_pan_can_atlas_2018,"Brain Lower Grade Glioma (TCGA, PanCancer Atlas)",Diffuse Glioma,514,LIMCH1,Limch1,22998,3,0.5836575875486382
lgg_tcga_pan_can_atlas_2018,"Brain Lower Grade Glioma (TCGA, PanCancer Atlas)",Diffuse Glioma,514,LINGO2,Lingo2,158038,4,0.7782101167315175
lgg_tcga_pan_can_atlas_2018,"Brain Lower Grade Glioma (TCGA, PanCancer Atlas)",Diffuse Glioma,514,LMO7,Lmo7,4008,2,0.38910505836575876
lgg_tcga_pan_can_atlas_2018,"Brain Lower Grade Glioma (TCGA, PanCancer Atlas)",Diffuse Glioma,514,LRFN2,Lrfn2,57497,3,0.5836575875486382
lgg_tcga_pan_can_atlas_2018,"Brain Lower Grade Glioma (TCGA, PanCancer Atlas)",Diffuse Glioma,514,LRFN5,Lrfn5,145581,4,0.7782101167315175
lgg_tcga_pan_can_atlas_2018,"Brain Lower Grade Glioma (TCGA, PanCancer Atlas)",Diffuse Glioma,514,LRP1B,Lrp1b,53353,10,1.9455252918287937
lgg_tcga_pan_can_atlas_2018,"Brain Lower Grade Glioma (TCGA, PanCancer Atlas)",Diffuse Glioma,514,LRRC4C,Lrrc4c,57689,2,0.38910505836575876
lgg_tcga_pan_can_atlas_2018,"Brain Lower Grade Glioma (TCGA, PanCancer Atlas)",Diffuse Glioma,514,LRRC7,Lrrc7,57554,5,0.9727626459143969
lgg_tcga_pan_can_atlas_2018,"Brain Lower Grade Glioma (TCGA, PanCancer Atlas)",Diffuse Glioma,514,LRRTM3,Lrrtm3,347731,1,0.19455252918287938
lgg_tcga_pan_can_atlas_2018,"Brain Lower Grade Glioma (TCGA, PanCancer Atlas)",Diffuse Glioma,514,LUZP1,Luzp1,7798,1,0.19455252918287938
lgg_tcga_pan_can_atlas_2018,"Brain Lower Grade Glioma (TCGA, PanCancer Atlas)",Diffuse Glioma,514,LUZP2,Luzp2,338645,2,0.38910505836575876
lgg_tcga_pan_can_atlas_2018,"Brain Lower Grade Glioma (TCGA, PanCancer Atlas)",Diffuse Glioma,514,MACROD2,Macrod2,140733,1,0.19455252918287938
lgg_tcga_pan_can_atlas_2018,"Brain Lower Grade Glioma (TCGA, PanCancer Atlas)",Diffuse Glioma,514,MAGI1,Magi1,9223,2,0.38910505836575876
lgg_tcga_pan_can_atlas_2018,"Brain Lower Grade Glioma (TCGA, PanCancer Atlas)",Diffuse Glioma,514,MAGI2,Magi2,9863,4,0.7782101167315175
lgg_tcga_pan_can_atlas_2018,"Brain Lower Grade Glioma (TCGA, PanCancer Atlas)",Diffuse Glioma,514,MAGI3,Magi3,260425,2,0.38910505836575876
lgg_tcga_pan_can_atlas_2018,"Brain Lower Grade Glioma (TCGA, PanCancer Atlas)",Diffuse Glioma,514,MAP1A,Map1a,4130,4,0.7782101167315175
lgg_tcga_pan_can_atlas_2018,"Brain Lower Grade Glioma (TCGA, PanCancer Atlas)",Diffuse Glioma,514,MAP1B,Map1b,4131,4,0.7782101167315175
lgg_tcga_pan_can_atlas_2018,"Brain Lower Grade Glioma (TCGA, PanCancer Atlas)",Diffuse Glioma,514,MAP2,Map2,4133,3,0.5836575875486382
lgg_tcga_pan_can_atlas_2018,"Brain Lower Grade Glioma (TCGA, PanCancer Atlas)",Diffuse Glioma,514,MAP3K5,Map3k5,4217,3,0.5836575875486382
lgg_tcga_pan_can_atlas_2018,"Brain Lower Grade Glioma (TCGA, PanCancer Atlas)",Diffuse Glioma,514,MAP7D2,Map7d2,256714,3,0.5836575875486382
lgg_tcga_pan_can_atlas_2018,"Brain Lower Grade Glioma (TCGA, PanCancer Atlas)",Diffuse Glioma,514,MARK1,Mark1,4139,1,0.19455252918287938
lgg_tcga_pan_can_atlas_2018,"Brain Lower Grade Glioma (TCGA, PanCancer Atlas)",Diffuse Glioma,514,MAST3,Mast3,23031,5,0.9727626459143969
lgg_tcga_pan_can_atlas_2018,"Brain Lower Grade Glioma (TCGA, PanCancer Atlas)",Diffuse Glioma,514,MCC,Mcc,4163,3,0.5836575875486382
lgg_tcga_pan_can_atlas_2018,"Brain Lower Grade Glioma (TCGA, PanCancer Atlas)",Diffuse Glioma,514,MCTP1,Mctp1,79772,1,0.19455252918287938
lgg_tcga_pan_can_atlas_2018,"Brain Lower Grade Glioma (TCGA, PanCancer Atlas)",Diffuse Glioma,514,MDGA2,Mdga2,161357,4,0.7782101167315175
lgg_tcga_pan_can_atlas_2018,"Brain Lower Grade Glioma (TCGA, PanCancer Atlas)",Diffuse Glioma,514,MEF2C,Mef2c,4208,0,0.0
lgg_tcga_pan_can_atlas_2018,"Brain Lower Grade Glioma (TCGA, PanCancer Atlas)",Diffuse Glioma,514,MGAT4C,Mgat4c,25834,6,1.1673151750972763
lgg_tcga_pan_can_atlas_2018,"Brain Lower Grade Glioma (TCGA, PanCancer Atlas)",Diffuse Glioma,514,MGAT5,Mgat5,4249,1,0.19455252918287938
lgg_tcga_pan_can_atlas_2018,"Brain Lower Grade Glioma (TCGA, PanCancer Atlas)",Diffuse Glioma,514,MICAL2,Mical2,9645,2,0.38910505836575876
lgg_tcga_pan_can_atlas_2018,"Brain Lower Grade Glioma (TCGA, PanCancer Atlas)",Diffuse Glioma,514,MLIP,Mlip,90523,1,0.19455252918287938
lgg_tcga_pan_can_atlas_2018,"Brain Lower Grade Glioma (TCGA, PanCancer Atlas)",Diffuse Glioma,514,MMP16,Mmp16,4325,1,0.19455252918287938
lgg_tcga_pan_can_atlas_2018,"Brain Lower Grade Glioma (TCGA, PanCancer Atlas)",Diffuse Glioma,514,MPDZ,Mpdz,8777,5,0.9727626459143969
lgg_tcga_pan_can_atlas_2018,"Brain Lower Grade Glioma (TCGA, PanCancer Atlas)",Diffuse Glioma,514,MTUS2,Mtus2,23281,6,1.1673151750972763
lgg_tcga_pan_can_atlas_2018,"Brain Lower Grade Glioma (TCGA, PanCancer Atlas)",Diffuse Glioma,514,MYH10,Myh10,4628,2,0.38910505836575876
lgg_tcga_pan_can_atlas_2018,"Brain Lower Grade Glioma (TCGA, PanCancer Atlas)",Diffuse Glioma,514,MYO16,Myo16,23026,1,0.19455252918287938
lgg_tcga_pan_can_atlas_2018,"Brain Lower Grade Glioma (TCGA, PanCancer Atlas)",Diffuse Glioma,514,MYO5A,Myo5a,4644,4,0.7782101167315175
lgg_tcga_pan_can_atlas_2018,"Brain Lower Grade Glioma (TCGA, PanCancer Atlas)",Diffuse Glioma,514,MYRIP,Myrip,25924,0,0.0
lgg_tcga_pan_can_atlas_2018,"Brain Lower Grade Glioma (TCGA, PanCancer Atlas)",Diffuse Glioma,514,MYT1L,Myt1l,23040,2,0.38910505836575876
lgg_tcga_pan_can_atlas_2018,"Brain Lower Grade Glioma (TCGA, PanCancer Atlas)",Diffuse Glioma,514,NAV2,Nav2,89797,2,0.38910505836575876
lgg_tcga_pan_can_atlas_2018,"Brain Lower Grade Glioma (TCGA, PanCancer Atlas)",Diffuse Glioma,514,NAV3,Nav3,89795,6,1.1673151750972763
lgg_tcga_pan_can_atlas_2018,"Brain Lower Grade Glioma (TCGA, PanCancer Atlas)",Diffuse Glioma,514,NCAM1,Ncam1,4684,2,0.38910505836575876
lgg_tcga_pan_can_atlas_2018,"Brain Lower Grade Glioma (TCGA, PanCancer Atlas)",Diffuse Glioma,514,NCAM2,Ncam2,4685,0,0.0
lgg_tcga_pan_can_atlas_2018,"Brain Lower Grade Glioma (TCGA, PanCancer Atlas)",Diffuse Glioma,514,NDST3,Ndst3,9348,3,0.5836575875486382
lgg_tcga_pan_can_atlas_2018,"Brain Lower Grade Glioma (TCGA, PanCancer Atlas)",Diffuse Glioma,514,NEBL,Nebl,10529,5,0.9727626459143969
lgg_tcga_pan_can_atlas_2018,"Brain Lower Grade Glioma (TCGA, PanCancer Atlas)",Diffuse Glioma,514,NEFM,Nefm,4741,5,0.9727626459143969
lgg_tcga_pan_can_atlas_2018,"Brain Lower Grade Glioma (TCGA, PanCancer Atlas)",Diffuse Glioma,514,NELL1,Nell1,4745,3,0.5836575875486382
lgg_tcga_pan_can_atlas_2018,"Brain Lower Grade Glioma (TCGA, PanCancer Atlas)",Diffuse Glioma,514,NELL2,Nell2,4753,2,0.38910505836575876
lgg_tcga_pan_can_atlas_2018,"Brain Lower Grade Glioma (TCGA, PanCancer Atlas)",Diffuse Glioma,514,NETO1,Neto1,81832,4,0.7782101167315175
lgg_tcga_pan_can_atlas_2018,"Brain Lower Grade Glioma (TCGA, PanCancer Atlas)",Diffuse Glioma,514,NF1,Nf1,4763,31,6.031128404669261
lgg_tcga_pan_can_atlas_2018,"Brain Lower Grade Glioma (TCGA, PanCancer Atlas)",Diffuse Glioma,514,NFIB,Nfib,4781,1,0.19455252918287938
lgg_tcga_pan_can_atlas_2018,"Brain Lower Grade Glioma (TCGA, PanCancer Atlas)",Diffuse Glioma,514,NHS,Nhs,4810,6,1.1673151750972763
lgg_tcga_pan_can_atlas_2018,"Brain Lower Grade Glioma (TCGA, PanCancer Atlas)",Diffuse Glioma,514,NIN,Nin,51199,1,0.19455252918287938
lgg_tcga_pan_can_atlas_2018,"Brain Lower Grade Glioma (TCGA, PanCancer Atlas)",Diffuse Glioma,514,NLGN1,Nlgn1,22871,2,0.38910505836575876
lgg_tcga_pan_can_atlas_2018,"Brain Lower Grade Glioma (TCGA, PanCancer Atlas)",Diffuse Glioma,514,NOL4,Nol4,8715,2,0.38910505836575876
lgg_tcga_pan_can_atlas_2018,"Brain Lower Grade Glioma (TCGA, PanCancer Atlas)",Diffuse Glioma,514,NPAS2,Npas2,4862,1,0.19455252918287938
lgg_tcga_pan_can_atlas_2018,"Brain Lower Grade Glioma (TCGA, PanCancer Atlas)",Diffuse Glioma,514,NPAS3,Npas3,64067,4,0.7782101167315175
lgg_tcga_pan_can_atlas_2018,"Brain Lower Grade Glioma (TCGA, PanCancer Atlas)",Diffuse Glioma,514,NR2F2,Nr2f2,7026,3,0.5836575875486382
lgg_tcga_pan_can_atlas_2018,"Brain Lower Grade Glioma (TCGA, PanCancer Atlas)",Diffuse Glioma,514,NR3C2,Nr3c2,4306,0,0.0
lgg_tcga_pan_can_atlas_2018,"Brain Lower Grade Glioma (TCGA, PanCancer Atlas)",Diffuse Glioma,514,NRG3,Nrg3,10718,0,0.0
lgg_tcga_pan_can_atlas_2018,"Brain Lower Grade Glioma (TCGA, PanCancer Atlas)",Diffuse Glioma,514,NRXN1,Nrxn1,9378,2,0.38910505836575876
lgg_tcga_pan_can_atlas_2018,"Brain Lower Grade Glioma (TCGA, PanCancer Atlas)",Diffuse Glioma,514,NRXN3,Nrxn3,9369,3,0.5836575875486382
lgg_tcga_pan_can_atlas_2018,"Brain Lower Grade Glioma (TCGA, PanCancer Atlas)",Diffuse Glioma,514,NTN4,Ntn4,59277,2,0.38910505836575876
lgg_tcga_pan_can_atlas_2018,"Brain Lower Grade Glioma (TCGA, PanCancer Atlas)",Diffuse Glioma,514,NTNG1,Ntng1,22854,1,0.19455252918287938
lgg_tcga_pan_can_atlas_2018,"Brain Lower Grade Glioma (TCGA, PanCancer Atlas)",Diffuse Glioma,514,NTRK3,Ntrk3,4916,3,0.5836575875486382
lgg_tcga_pan_can_atlas_2018,"Brain Lower Grade Glioma (TCGA, PanCancer Atlas)",Diffuse Glioma,514,NXPH1,Nxph1,30010,0,0.0
lgg_tcga_pan_can_atlas_2018,"Brain Lower Grade Glioma (TCGA, PanCancer Atlas)",Diffuse Glioma,514,NYAP2,Nyap2,57624,2,0.38910505836575876
lgg_tcga_pan_can_atlas_2018,"Brain Lower Grade Glioma (TCGA, PanCancer Atlas)",Diffuse Glioma,514,OLFM3,Olfm3,118427,3,0.5836575875486382
lgg_tcga_pan_can_atlas_2018,"Brain Lower Grade Glioma (TCGA, PanCancer Atlas)",Diffuse Glioma,514,OPCML,Opcml,4978,1,0.19455252918287938
lgg_tcga_pan_can_atlas_2018,"Brain Lower Grade Glioma (TCGA, PanCancer Atlas)",Diffuse Glioma,514,OSBPL1A,Osbpl1a,114876,2,0.38910505836575876
lgg_tcga_pan_can_atlas_2018,"Brain Lower Grade Glioma (TCGA, PanCancer Atlas)",Diffuse Glioma,514,OSBPL3,Osbpl3,26031,3,0.5836575875486382
lgg_tcga_pan_can_atlas_2018,"Brain Lower Grade Glioma (TCGA, PanCancer Atlas)",Diffuse Glioma,514,OSBPL6,Osbpl6,114880,2,0.38910505836575876
lgg_tcga_pan_can_atlas_2018,"Brain Lower Grade Glioma (TCGA, PanCancer Atlas)",Diffuse Glioma,514,OSBPL8,Osbpl8,114882,1,0.19455252918287938
lgg_tcga_pan_can_atlas_2018,"Brain Lower Grade Glioma (TCGA, PanCancer Atlas)",Diffuse Glioma,514,OXR1,Oxr1,55074,1,0.19455252918287938
lgg_tcga_pan_can_atlas_2018,"Brain Lower Grade Glioma (TCGA, PanCancer Atlas)",Diffuse Glioma,514,PARM1,Parm1,25849,2,0.38910505836575876
lgg_tcga_pan_can_atlas_2018,"Brain Lower Grade Glioma (TCGA, PanCancer Atlas)",Diffuse Glioma,514,PCDH11X,Pcdh11x,27328,4,0.7782101167315175
lgg_tcga_pan_can_atlas_2018,"Brain Lower Grade Glioma (TCGA, PanCancer Atlas)",Diffuse Glioma,514,PCDH15,Pcdh15,65217,4,0.7782101167315175
lgg_tcga_pan_can_atlas_2018,"Brain Lower Grade Glioma (TCGA, PanCancer Atlas)",Diffuse Glioma,514,PCDH7,Pcdh7,5099,4,0.7782101167315175
lgg_tcga_pan_can_atlas_2018,"Brain Lower Grade Glioma (TCGA, PanCancer Atlas)",Diffuse Glioma,514,PCDH9,Pcdh9,5101,1,0.19455252918287938
lgg_tcga_pan_can_atlas_2018,"Brain Lower Grade Glioma (TCGA, PanCancer Atlas)",Diffuse Glioma,514,PCLO,Pclo,27445,18,3.501945525291829
lgg_tcga_pan_can_atlas_2018,"Brain Lower Grade Glioma (TCGA, PanCancer Atlas)",Diffuse Glioma,514,PCSK2,Pcsk2,5126,6,1.1673151750972763
lgg_tcga_pan_can_atlas_2018,"Brain Lower Grade Glioma (TCGA, PanCancer Atlas)",Diffuse Glioma,514,PDE1A,Pde1a,5136,1,0.19455252918287938
lgg_tcga_pan_can_atlas_2018,"Brain Lower Grade Glioma (TCGA, PanCancer Atlas)",Diffuse Glioma,514,PDE1C,Pde1c,5137,2,0.38910505836575876
lgg_tcga_pan_can_atlas_2018,"Brain Lower Grade Glioma (TCGA, PanCancer Atlas)",Diffuse Glioma,514,PDE2A,Pde2a,5138,7,1.3618677042801557
lgg_tcga_pan_can_atlas_2018,"Brain Lower Grade Glioma (TCGA, PanCancer Atlas)",Diffuse Glioma,514,PDE4B,Pde4b,5142,1,0.19455252918287938
lgg_tcga_pan_can_atlas_2018,"Brain Lower Grade Glioma (TCGA, PanCancer Atlas)",Diffuse Glioma,514,PDZD2,Pdzd2,23037,4,0.7782101167315175
lgg_tcga_pan_can_atlas_2018,"Brain Lower Grade Glioma (TCGA, PanCancer Atlas)",Diffuse Glioma,514,PDZRN3,Pdzrn3,23024,2,0.38910505836575876
lgg_tcga_pan_can_atlas_2018,"Brain Lower Grade Glioma (TCGA, PanCancer Atlas)",Diffuse Glioma,514,PDZRN4,Pdzrn4,29951,3,0.5836575875486382
lgg_tcga_pan_can_atlas_2018,"Brain Lower Grade Glioma (TCGA, PanCancer Atlas)",Diffuse Glioma,514,PENK,Penk,5179,0,0.0
lgg_tcga_pan_can_atlas_2018,"Brain Lower Grade Glioma (TCGA, PanCancer Atlas)",Diffuse Glioma,514,PHACTR1,Phactr1,221692,1,0.19455252918287938
lgg_tcga_pan_can_atlas_2018,"Brain Lower Grade Glioma (TCGA, PanCancer Atlas)",Diffuse Glioma,514,PI4KA,Pi4ka,5297,3,0.5836575875486382
lgg_tcga_pan_can_atlas_2018,"Brain Lower Grade Glioma (TCGA, PanCancer Atlas)",Diffuse Glioma,514,PKD1,Pkd1,5310,2,0.38910505836575876
lgg_tcga_pan_can_atlas_2018,"Brain Lower Grade Glioma (TCGA, PanCancer Atlas)",Diffuse Glioma,514,PKP2,Pkp2,5318,3,0.5836575875486382
lgg_tcga_pan_can_atlas_2018,"Brain Lower Grade Glioma (TCGA, PanCancer Atlas)",Diffuse Glioma,514,PLCB1,Plcb1,23236,2,0.38910505836575876
lgg_tcga_pan_can_atlas_2018,"Brain Lower Grade Glioma (TCGA, PanCancer Atlas)",Diffuse Glioma,514,PLCB4,Plcb4,5332,3,0.5836575875486382
lgg_tcga_pan_can_atlas_2018,"Brain Lower Grade Glioma (TCGA, PanCancer Atlas)",Diffuse Glioma,514,PLCH1,Plch1,23007,4,0.7782101167315175
lgg_tcga_pan_can_atlas_2018,"Brain Lower Grade Glioma (TCGA, PanCancer Atlas)",Diffuse Glioma,514,PLCL2,Plcl2,23228,1,0.19455252918287938
lgg_tcga_pan_can_atlas_2018,"Brain Lower Grade Glioma (TCGA, PanCancer Atlas)",Diffuse Glioma,514,PLCXD3,Plcxd3,345557,3,0.5836575875486382
lgg_tcga_pan_can_atlas_2018,"Brain Lower Grade Glioma (TCGA, PanCancer Atlas)",Diffuse Glioma,514,PLD3,Pld3,23646,1,0.19455252918287938
lgg_tcga_pan_can_atlas_2018,"Brain Lower Grade Glioma (TCGA, PanCancer Atlas)",Diffuse Glioma,514,PLD5,Pld5,200150,1,0.19455252918287938
lgg_tcga_pan_can_atlas_2018,"Brain Lower Grade Glioma (TCGA, PanCancer Atlas)",Diffuse Glioma,514,PLXNA2,Plxna2,5362,3,0.5836575875486382
lgg_tcga_pan_can_atlas_2018,"Brain Lower Grade Glioma (TCGA, PanCancer Atlas)",Diffuse Glioma,514,PLXNA4,Plxna4,91584,3,0.5836575875486382
lgg_tcga_pan_can_atlas_2018,"Brain Lower Grade Glioma (TCGA, PanCancer Atlas)",Diffuse Glioma,514,PPARGC1A,Ppargc1a,10891,1,0.19455252918287938
lgg_tcga_pan_can_atlas_2018,"Brain Lower Grade Glioma (TCGA, PanCancer Atlas)",Diffuse Glioma,514,PPFIA2,Ppfia2,8499,1,0.19455252918287938
lgg_tcga_pan_can_atlas_2018,"Brain Lower Grade Glioma (TCGA, PanCancer Atlas)",Diffuse Glioma,514,PPFIBP1,Ppfibp1,8496,1,0.19455252918287938
lgg_tcga_pan_can_atlas_2018,"Brain Lower Grade Glioma (TCGA, PanCancer Atlas)",Diffuse Glioma,514,PPIP5K2,Ppip5k2,23262,3,0.5836575875486382
lgg_tcga_pan_can_atlas_2018,"Brain Lower Grade Glioma (TCGA, PanCancer Atlas)",Diffuse Glioma,514,PRICKLE1,Prickle1,144165,2,0.38910505836575876
lgg_tcga_pan_can_atlas_2018,"Brain Lower Grade Glioma (TCGA, PanCancer Atlas)",Diffuse Glioma,514,PRICKLE2,Prickle2,166336,2,0.38910505836575876
lgg_tcga_pan_can_atlas_2018,"Brain Lower Grade Glioma (TCGA, PanCancer Atlas)",Diffuse Glioma,514,PRKCA,Prkca,5578,3,0.5836575875486382
lgg_tcga_pan_can_atlas_2018,"Brain Lower Grade Glioma (TCGA, PanCancer Atlas)",Diffuse Glioma,514,PRKD1,Prkd1,5587,0,0.0
lgg_tcga_pan_can_atlas_2018,"Brain Lower Grade Glioma (TCGA, PanCancer Atlas)",Diffuse Glioma,514,PRKG1,Prkg1,5592,1,0.19455252918287938
lgg_tcga_pan_can_atlas_2018,"Brain Lower Grade Glioma (TCGA, PanCancer Atlas)",Diffuse Glioma,514,PRMT8,Prmt8,56341,2,0.38910505836575876
lgg_tcga_pan_can_atlas_2018,"Brain Lower Grade Glioma (TCGA, PanCancer Atlas)",Diffuse Glioma,514,PROX1,Prox1,5629,1,0.19455252918287938
lgg_tcga_pan_can_atlas_2018,"Brain Lower Grade Glioma (TCGA, PanCancer Atlas)",Diffuse Glioma,514,PRR16,Prr16,51334,1,0.19455252918287938
lgg_tcga_pan_can_atlas_2018,"Brain Lower Grade Glioma (TCGA, PanCancer Atlas)",Diffuse Glioma,514,PTCHD4,Ptchd4,442213,7,1.3618677042801557
lgg_tcga_pan_can_atlas_2018,"Brain Lower Grade Glioma (TCGA, PanCancer Atlas)",Diffuse Glioma,514,PTK2B,Ptk2b,2185,2,0.38910505836575876
lgg_tcga_pan_can_atlas_2018,"Brain Lower Grade Glioma (TCGA, PanCancer Atlas)",Diffuse Glioma,514,PTPRD,Ptprd,5789,4,0.7782101167315175
lgg_tcga_pan_can_atlas_2018,"Brain Lower Grade Glioma (TCGA, PanCancer Atlas)",Diffuse Glioma,514,PTPRE,Ptpre,5791,1,0.19455252918287938
lgg_tcga_pan_can_atlas_2018,"Brain Lower Grade Glioma (TCGA, PanCancer Atlas)",Diffuse Glioma,514,PTPRG,Ptprg,5793,4,0.7782101167315175
lgg_tcga_pan_can_atlas_2018,"Brain Lower Grade Glioma (TCGA, PanCancer Atlas)",Diffuse Glioma,514,PTPRM,Ptprm,5797,6,1.1673151750972763
lgg_tcga_pan_can_atlas_2018,"Brain Lower Grade Glioma (TCGA, PanCancer Atlas)",Diffuse Glioma,514,PTPRN,Ptprn,5798,2,0.38910505836575876
lgg_tcga_pan_can_atlas_2018,"Brain Lower Grade Glioma (TCGA, PanCancer Atlas)",Diffuse Glioma,514,PTPRN2,Ptprn2,5799,2,0.38910505836575876
lgg_tcga_pan_can_atlas_2018,"Brain Lower Grade Glioma (TCGA, PanCancer Atlas)",Diffuse Glioma,514,PTPRO,Ptpro,5800,1,0.19455252918287938
lgg_tcga_pan_can_atlas_2018,"Brain Lower Grade Glioma (TCGA, PanCancer Atlas)",Diffuse Glioma,514,PTPRR,Ptprr,5801,1,0.19455252918287938
lgg_tcga_pan_can_atlas_2018,"Brain Lower Grade Glioma (TCGA, PanCancer Atlas)",Diffuse Glioma,514,PTPRS,Ptprs,5802,2,0.38910505836575876
lgg_tcga_pan_can_atlas_2018,"Brain Lower Grade Glioma (TCGA, PanCancer Atlas)",Diffuse Glioma,514,PTPRT,Ptprt,11122,0,0.0
lgg_tcga_pan_can_atlas_2018,"Brain Lower Grade Glioma (TCGA, PanCancer Atlas)",Diffuse Glioma,514,RALGAPA2,Ralgapa2,57186,4,0.7782101167315175
lgg_tcga_pan_can_atlas_2018,"Brain Lower Grade Glioma (TCGA, PanCancer Atlas)",Diffuse Glioma,514,RALYL,Ralyl,138046,1,0.19455252918287938
lgg_tcga_pan_can_atlas_2018,"Brain Lower Grade Glioma (TCGA, PanCancer Atlas)",Diffuse Glioma,514,RAPGEF2,Rapgef2,9693,2,0.38910505836575876
lgg_tcga_pan_can_atlas_2018,"Brain Lower Grade Glioma (TCGA, PanCancer Atlas)",Diffuse Glioma,514,RAPGEF4,Rapgef4,11069,1,0.19455252918287938
lgg_tcga_pan_can_atlas_2018,"Brain Lower Grade Glioma (TCGA, PanCancer Atlas)",Diffuse Glioma,514,RAPGEF5,Rapgef5,9771,0,0.0
lgg_tcga_pan_can_atlas_2018,"Brain Lower Grade Glioma (TCGA, PanCancer Atlas)",Diffuse Glioma,514,RARB,Rarb,5915,1,0.19455252918287938
lgg_tcga_pan_can_atlas_2018,"Brain Lower Grade Glioma (TCGA, PanCancer Atlas)",Diffuse Glioma,514,RASAL2,Rasal2,9462,2,0.38910505836575876
lgg_tcga_pan_can_atlas_2018,"Brain Lower Grade Glioma (TCGA, PanCancer Atlas)",Diffuse Glioma,514,RASGRF2,Rasgrf2,5924,3,0.5836575875486382
lgg_tcga_pan_can_atlas_2018,"Brain Lower Grade Glioma (TCGA, PanCancer Atlas)",Diffuse Glioma,514,RBFOX1,Rbfox1,54715,3,0.5836575875486382
lgg_tcga_pan_can_atlas_2018,"Brain Lower Grade Glioma (TCGA, PanCancer Atlas)",Diffuse Glioma,514,RELN,Reln,5649,6,1.1673151750972763
lgg_tcga_pan_can_atlas_2018,"Brain Lower Grade Glioma (TCGA, PanCancer Atlas)",Diffuse Glioma,514,REV3L,Rev3l,5980,3,0.5836575875486382
lgg_tcga_pan_can_atlas_2018,"Brain Lower Grade Glioma (TCGA, PanCancer Atlas)",Diffuse Glioma,514,RGS12,Rgs12,6002,4,0.7782101167315175
lgg_tcga_pan_can_atlas_2018,"Brain Lower Grade Glioma (TCGA, PanCancer Atlas)",Diffuse Glioma,514,RGS6,Rgs6,9628,2,0.38910505836575876
lgg_tcga_pan_can_atlas_2018,"Brain Lower Grade Glioma (TCGA, PanCancer Atlas)",Diffuse Glioma,514,RGS7,Rgs7,6000,1,0.19455252918287938
lgg_tcga_pan_can_atlas_2018,"Brain Lower Grade Glioma (TCGA, PanCancer Atlas)",Diffuse Glioma,514,RIMBP2,Rimbp2,23504,6,1.1673151750972763
lgg_tcga_pan_can_atlas_2018,"Brain Lower Grade Glioma (TCGA, PanCancer Atlas)",Diffuse Glioma,514,ROBO1,Robo1,6091,3,0.5836575875486382
lgg_tcga_pan_can_atlas_2018,"Brain Lower Grade Glioma (TCGA, PanCancer Atlas)",Diffuse Glioma,514,ROBO2,Robo2,6092,4,0.7782101167315175
lgg_tcga_pan_can_atlas_2018,"Brain Lower Grade Glioma (TCGA, PanCancer Atlas)",Diffuse Glioma,514,ROCK2,Rock2,9475,3,0.5836575875486382
lgg_tcga_pan_can_atlas_2018,"Brain Lower Grade Glioma (TCGA, PanCancer Atlas)",Diffuse Glioma,514,RPH3A,Rph3a,22895,0,0.0
lgg_tcga_pan_can_atlas_2018,"Brain Lower Grade Glioma (TCGA, PanCancer Atlas)",Diffuse Glioma,514,RPS6KA2,Rps6ka2,6196,2,0.38910505836575876
lgg_tcga_pan_can_atlas_2018,"Brain Lower Grade Glioma (TCGA, PanCancer Atlas)",Diffuse Glioma,514,RPS6KC1,Rps6kc1,26750,1,0.19455252918287938
lgg_tcga_pan_can_atlas_2018,"Brain Lower Grade Glioma (TCGA, PanCancer Atlas)",Diffuse Glioma,514,RTN1,Rtn1,6252,3,0.5836575875486382
lgg_tcga_pan_can_atlas_2018,"Brain Lower Grade Glioma (TCGA, PanCancer Atlas)",Diffuse Glioma,514,RUNX1T1,Runx1t1,862,4,0.7782101167315175
lgg_tcga_pan_can_atlas_2018,"Brain Lower Grade Glioma (TCGA, PanCancer Atlas)",Diffuse Glioma,514,RXFP1,Rxfp1,59350,2,0.38910505836575876
lgg_tcga_pan_can_atlas_2018,"Brain Lower Grade Glioma (TCGA, PanCancer Atlas)",Diffuse Glioma,514,RYR1,Ryr1,6261,9,1.7509727626459144
lgg_tcga_pan_can_atlas_2018,"Brain Lower Grade Glioma (TCGA, PanCancer Atlas)",Diffuse Glioma,514,RYR2,Ryr2,6262,21,4.085603112840467
lgg_tcga_pan_can_atlas_2018,"Brain Lower Grade Glioma (TCGA, PanCancer Atlas)",Diffuse Glioma,514,RYR3,Ryr3,6263,8,1.556420233463035
lgg_tcga_pan_can_atlas_2018,"Brain Lower Grade Glioma (TCGA, PanCancer Atlas)",Diffuse Glioma,514,SCN1A,Scn1a,6323,4,0.7782101167315175
lgg_tcga_pan_can_atlas_2018,"Brain Lower Grade Glioma (TCGA, PanCancer Atlas)",Diffuse Glioma,514,SCN3A,Scn3a,6328,8,1.556420233463035
lgg_tcga_pan_can_atlas_2018,"Brain Lower Grade Glioma (TCGA, PanCancer Atlas)",Diffuse Glioma,514,SCN8A,Scn8a,6334,2,0.38910505836575876
lgg_tcga_pan_can_atlas_2018,"Brain Lower Grade Glioma (TCGA, PanCancer Atlas)",Diffuse Glioma,514,SDK1,Sdk1,221935,4,0.7782101167315175
lgg_tcga_pan_can_atlas_2018,"Brain Lower Grade Glioma (TCGA, PanCancer Atlas)",Diffuse Glioma,514,SEMA5B,Sema5b,54437,0,0.0
lgg_tcga_pan_can_atlas_2018,"Brain Lower Grade Glioma (TCGA, PanCancer Atlas)",Diffuse Glioma,514,SEMA6D,Sema6d,80031,5,0.9727626459143969
lgg_tcga_pan_can_atlas_2018,"Brain Lower Grade Glioma (TCGA, PanCancer Atlas)",Diffuse Glioma,514,SERPINI1,Serpini1,5274,2,0.38910505836575876
lgg_tcga_pan_can_atlas_2018,"Brain Lower Grade Glioma (TCGA, PanCancer Atlas)",Diffuse Glioma,514,SETBP1,Setbp1,26040,2,0.38910505836575876
lgg_tcga_pan_can_atlas_2018,"Brain Lower Grade Glioma (TCGA, PanCancer Atlas)",Diffuse Glioma,514,SEZ6,Sez6,124925,2,0.38910505836575876
lgg_tcga_pan_can_atlas_2018,"Brain Lower Grade Glioma (TCGA, PanCancer Atlas)",Diffuse Glioma,514,SGCZ,Sgcz,137868,1,0.19455252918287938
lgg_tcga_pan_can_atlas_2018,"Brain Lower Grade Glioma (TCGA, PanCancer Atlas)",Diffuse Glioma,514,SGK1,Sgk1,6446,1,0.19455252918287938
lgg_tcga_pan_can_atlas_2018,"Brain Lower Grade Glioma (TCGA, PanCancer Atlas)",Diffuse Glioma,514,SH3GL3,Sh3gl3,6457,1,0.19455252918287938
lgg_tcga_pan_can_atlas_2018,"Brain Lower Grade Glioma (TCGA, PanCancer Atlas)",Diffuse Glioma,514,SHANK2,Shank2,22941,2,0.38910505836575876
lgg_tcga_pan_can_atlas_2018,"Brain Lower Grade Glioma (TCGA, PanCancer Atlas)",Diffuse Glioma,514,SIPA1L1,Sipa1l1,26037,2,0.38910505836575876
lgg_tcga_pan_can_atlas_2018,"Brain Lower Grade Glioma (TCGA, PanCancer Atlas)",Diffuse Glioma,514,SIRPA,Sirpa,140885,1,0.19455252918287938
lgg_tcga_pan_can_atlas_2018,"Brain Lower Grade Glioma (TCGA, PanCancer Atlas)",Diffuse Glioma,514,SLC24A2,Slc24a2,25769,2,0.38910505836575876
lgg_tcga_pan_can_atlas_2018,"Brain Lower Grade Glioma (TCGA, PanCancer Atlas)",Diffuse Glioma,514,SLC24A3,Slc24a3,57419,4,0.7782101167315175
lgg_tcga_pan_can_atlas_2018,"Brain Lower Grade Glioma (TCGA, PanCancer Atlas)",Diffuse Glioma,514,SLC35F3,Slc35f3,148641,3,0.5836575875486382
lgg_tcga_pan_can_atlas_2018,"Brain Lower Grade Glioma (TCGA, PanCancer Atlas)",Diffuse Glioma,514,SLC35F4,Slc35f4,341880,0,0.0
lgg_tcga_pan_can_atlas_2018,"Brain Lower Grade Glioma (TCGA, PanCancer Atlas)",Diffuse Glioma,514,SLC44A5,Slc44a5,204962,2,0.38910505836575876
lgg_tcga_pan_can_atlas_2018,"Brain Lower Grade Glioma (TCGA, PanCancer Atlas)",Diffuse Glioma,514,SLC4A8,Slc4a8,9498,3,0.5836575875486382
lgg_tcga_pan_can_atlas_2018,"Brain Lower Grade Glioma (TCGA, PanCancer Atlas)",Diffuse Glioma,514,SLC6A1,Slc6a1,6529,0,0.0
lgg_tcga_pan_can_atlas_2018,"Brain Lower Grade Glioma (TCGA, PanCancer Atlas)",Diffuse Glioma,514,SLC6A17,Slc6a17,388662,2,0.38910505836575876
lgg_tcga_pan_can_atlas_2018,"Brain Lower Grade Glioma (TCGA, PanCancer Atlas)",Diffuse Glioma,514,SLC8A1,Slc8a1,6546,1,0.19455252918287938
lgg_tcga_pan_can_atlas_2018,"Brain Lower Grade Glioma (TCGA, PanCancer Atlas)",Diffuse Glioma,514,SLC9A9,Slc9a9,285195,0,0.0
lgg_tcga_pan_can_atlas_2018,"Brain Lower Grade Glioma (TCGA, PanCancer Atlas)",Diffuse Glioma,514,SLCO3A1,Slco3a1,28232,2,0.38910505836575876
lgg_tcga_pan_can_atlas_2018,"Brain Lower Grade Glioma (TCGA, PanCancer Atlas)",Diffuse Glioma,514,SLIT2,Slit2,9353,5,0.9727626459143969
lgg_tcga_pan_can_atlas_2018,"Brain Lower Grade Glioma (TCGA, PanCancer Atlas)",Diffuse Glioma,514,SLIT3,Slit3,6586,1,0.19455252918287938
lgg_tcga_pan_can_atlas_2018,"Brain Lower Grade Glioma (TCGA, PanCancer Atlas)",Diffuse Glioma,514,SMARCA2,Smarca2,6595,1,0.19455252918287938
lgg_tcga_pan_can_atlas_2018,"Brain Lower Grade Glioma (TCGA, PanCancer Atlas)",Diffuse Glioma,514,SORBS1,Sorbs1,10580,1,0.19455252918287938
lgg_tcga_pan_can_atlas_2018,"Brain Lower Grade Glioma (TCGA, PanCancer Atlas)",Diffuse Glioma,514,SORBS2,Sorbs2,8470,1,0.19455252918287938
lgg_tcga_pan_can_atlas_2018,"Brain Lower Grade Glioma (TCGA, PanCancer Atlas)",Diffuse Glioma,514,SORCS1,Sorcs1,114815,4,0.7782101167315175
lgg_tcga_pan_can_atlas_2018,"Brain Lower Grade Glioma (TCGA, PanCancer Atlas)",Diffuse Glioma,514,SORCS2,Sorcs2,57537,1,0.19455252918287938
lgg_tcga_pan_can_atlas_2018,"Brain Lower Grade Glioma (TCGA, PanCancer Atlas)",Diffuse Glioma,514,SORCS3,Sorcs3,22986,3,0.5836575875486382
lgg_tcga_pan_can_atlas_2018,"Brain Lower Grade Glioma (TCGA, PanCancer Atlas)",Diffuse Glioma,514,SORL1,Sorl1,6653,3,0.5836575875486382
lgg_tcga_pan_can_atlas_2018,"Brain Lower Grade Glioma (TCGA, PanCancer Atlas)",Diffuse Glioma,514,SOX5,Sox5,6660,2,0.38910505836575876
lgg_tcga_pan_can_atlas_2018,"Brain Lower Grade Glioma (TCGA, PanCancer Atlas)",Diffuse Glioma,514,SOX6,Sox6,55553,1,0.19455252918287938
lgg_tcga_pan_can_atlas_2018,"Brain Lower Grade Glioma (TCGA, PanCancer Atlas)",Diffuse Glioma,514,SPARCL1,Sparcl1,8404,1,0.19455252918287938
lgg_tcga_pan_can_atlas_2018,"Brain Lower Grade Glioma (TCGA, PanCancer Atlas)",Diffuse Glioma,514,SPHKAP,Sphkap,80309,1,0.19455252918287938
lgg_tcga_pan_can_atlas_2018,"Brain Lower Grade Glioma (TCGA, PanCancer Atlas)",Diffuse Glioma,514,SPOCK1,Spock1,6695,1,0.19455252918287938
lgg_tcga_pan_can_atlas_2018,"Brain Lower Grade Glioma (TCGA, PanCancer Atlas)",Diffuse Glioma,514,SPOCK3,Spock3,50859,1,0.19455252918287938
lgg_tcga_pan_can_atlas_2018,"Brain Lower Grade Glioma (TCGA, PanCancer Atlas)",Diffuse Glioma,514,SPTAN1,Sptan1,6709,2,0.38910505836575876
lgg_tcga_pan_can_atlas_2018,"Brain Lower Grade Glioma (TCGA, PanCancer Atlas)",Diffuse Glioma,514,SPTBN4,Sptbn4,57731,4,0.7782101167315175
lgg_tcga_pan_can_atlas_2018,"Brain Lower Grade Glioma (TCGA, PanCancer Atlas)",Diffuse Glioma,514,SRGAP3,Srgap3,9901,1,0.19455252918287938
lgg_tcga_pan_can_atlas_2018,"Brain Lower Grade Glioma (TCGA, PanCancer Atlas)",Diffuse Glioma,514,SRRM4,Srrm4,84530,3,0.5836575875486382
lgg_tcga_pan_can_atlas_2018,"Brain Lower Grade Glioma (TCGA, PanCancer Atlas)",Diffuse Glioma,514,STARD13,Stard13,90627,0,0.0
lgg_tcga_pan_can_atlas_2018,"Brain Lower Grade Glioma (TCGA, PanCancer Atlas)",Diffuse Glioma,514,STOX2,Stox2,56977,2,0.38910505836575876
lgg_tcga_pan_can_atlas_2018,"Brain Lower Grade Glioma (TCGA, PanCancer Atlas)",Diffuse Glioma,514,STRBP,Strbp,55342,0,0.0
lgg_tcga_pan_can_atlas_2018,"Brain Lower Grade Glioma (TCGA, PanCancer Atlas)",Diffuse Glioma,514,STXBP5L,Stxbp5l,9515,3,0.5836575875486382
lgg_tcga_pan_can_atlas_2018,"Brain Lower Grade Glioma (TCGA, PanCancer Atlas)",Diffuse Glioma,514,SV2A,Sv2a,9900,1,0.19455252918287938
lgg_tcga_pan_can_atlas_2018,"Brain Lower Grade Glioma (TCGA, PanCancer Atlas)",Diffuse Glioma,514,SV2C,Sv2c,22987,2,0.38910505836575876
lgg_tcga_pan_can_atlas_2018,"Brain Lower Grade Glioma (TCGA, PanCancer Atlas)",Diffuse Glioma,514,SYNJ2,Synj2,8871,5,0.9727626459143969
lgg_tcga_pan_can_atlas_2018,"Brain Lower Grade Glioma (TCGA, PanCancer Atlas)",Diffuse Glioma,514,SYT7,Syt7,9066,1,0.19455252918287938
lgg_tcga_pan_can_atlas_2018,"Brain Lower Grade Glioma (TCGA, PanCancer Atlas)",Diffuse Glioma,514,SYTL2,Sytl2,54843,1,0.19455252918287938
lgg_tcga_pan_can_atlas_2018,"Brain Lower Grade Glioma (TCGA, PanCancer Atlas)",Diffuse Glioma,514,TACC1,Tacc1,6867,2,0.38910505836575876
lgg_tcga_pan_can_atlas_2018,"Brain Lower Grade Glioma (TCGA, PanCancer Atlas)",Diffuse Glioma,514,TENM1,Tenm1,10178,9,1.7509727626459144
lgg_tcga_pan_can_atlas_2018,"Brain Lower Grade Glioma (TCGA, PanCancer Atlas)",Diffuse Glioma,514,TENM2,Tenm2,57451,7,1.3618677042801557
lgg_tcga_pan_can_atlas_2018,"Brain Lower Grade Glioma (TCGA, PanCancer Atlas)",Diffuse Glioma,514,TENM3,Tenm3,55714,6,1.1673151750972763
lgg_tcga_pan_can_atlas_2018,"Brain Lower Grade Glioma (TCGA, PanCancer Atlas)",Diffuse Glioma,514,TENM4,Tenm4,26011,1,0.19455252918287938
lgg_tcga_pan_can_atlas_2018,"Brain Lower Grade Glioma (TCGA, PanCancer Atlas)",Diffuse Glioma,514,THSD7A,Thsd7a,221981,3,0.5836575875486382
lgg_tcga_pan_can_atlas_2018,"Brain Lower Grade Glioma (TCGA, PanCancer Atlas)",Diffuse Glioma,514,THSD7B,Thsd7b,80731,8,1.556420233463035
lgg_tcga_pan_can_atlas_2018,"Brain Lower Grade Glioma (TCGA, PanCancer Atlas)",Diffuse Glioma,514,TLE4,Tle4,7091,4,0.7782101167315175
lgg_tcga_pan_can_atlas_2018,"Brain Lower Grade Glioma (TCGA, PanCancer Atlas)",Diffuse Glioma,514,TLL1,Tll1,7092,3,0.5836575875486382
lgg_tcga_pan_can_atlas_2018,"Brain Lower Grade Glioma (TCGA, PanCancer Atlas)",Diffuse Glioma,514,TLN2,Tln2,83660,3,0.5836575875486382
lgg_tcga_pan_can_atlas_2018,"Brain Lower Grade Glioma (TCGA, PanCancer Atlas)",Diffuse Glioma,514,TMEM108,Tmem108,66000,1,0.19455252918287938
lgg_tcga_pan_can_atlas_2018,"Brain Lower Grade Glioma (TCGA, PanCancer Atlas)",Diffuse Glioma,514,TMEM130,Tmem130,222865,1,0.19455252918287938
lgg_tcga_pan_can_atlas_2018,"Brain Lower Grade Glioma (TCGA, PanCancer Atlas)",Diffuse Glioma,514,TMEM132B,Tmem132b,114795,7,1.3618677042801557
lgg_tcga_pan_can_atlas_2018,"Brain Lower Grade Glioma (TCGA, PanCancer Atlas)",Diffuse Glioma,514,TMEM132C,Tmem132c,92293,1,0.19455252918287938
lgg_tcga_pan_can_atlas_2018,"Brain Lower Grade Glioma (TCGA, PanCancer Atlas)",Diffuse Glioma,514,TMEM132D,Tmem132d,121256,5,0.9727626459143969
lgg_tcga_pan_can_atlas_2018,"Brain Lower Grade Glioma (TCGA, PanCancer Atlas)",Diffuse Glioma,514,TMTC1,Tmtc1,83857,3,0.5836575875486382
lgg_tcga_pan_can_atlas_2018,"Brain Lower Grade Glioma (TCGA, PanCancer Atlas)",Diffuse Glioma,514,TNIK,Tnik,23043,2,0.38910505836575876
lgg_tcga_pan_can_atlas_2018,"Brain Lower Grade Glioma (TCGA, PanCancer Atlas)",Diffuse Glioma,514,TOX,Tox,9760,2,0.38910505836575876
lgg_tcga_pan_can_atlas_2018,"Brain Lower Grade Glioma (TCGA, PanCancer Atlas)",Diffuse Glioma,514,TOX2,Tox2,84969,0,0.0
lgg_tcga_pan_can_atlas_2018,"Brain Lower Grade Glioma (TCGA, PanCancer Atlas)",Diffuse Glioma,514,TOX3,Tox3,27324,0,0.0
lgg_tcga_pan_can_atlas_2018,"Brain Lower Grade Glioma (TCGA, PanCancer Atlas)",Diffuse Glioma,514,TRERF1,Trerf1,55809,1,0.19455252918287938
lgg_tcga_pan_can_atlas_2018,"Brain Lower Grade Glioma (TCGA, PanCancer Atlas)",Diffuse Glioma,514,TRHDE,Trhde,29953,2,0.38910505836575876
lgg_tcga_pan_can_atlas_2018,"Brain Lower Grade Glioma (TCGA, PanCancer Atlas)",Diffuse Glioma,514,TRIO,Trio,7204,2,0.38910505836575876
lgg_tcga_pan_can_atlas_2018,"Brain Lower Grade Glioma (TCGA, PanCancer Atlas)",Diffuse Glioma,514,TRPC3,Trpc3,7222,3,0.5836575875486382
lgg_tcga_pan_can_atlas_2018,"Brain Lower Grade Glioma (TCGA, PanCancer Atlas)",Diffuse Glioma,514,TRPC5,Trpc5,7224,3,0.5836575875486382
lgg_tcga_pan_can_atlas_2018,"Brain Lower Grade Glioma (TCGA, PanCancer Atlas)",Diffuse Glioma,514,TRPM2,Trpm2,7226,4,0.7782101167315175
lgg_tcga_pan_can_atlas_2018,"Brain Lower Grade Glioma (TCGA, PanCancer Atlas)",Diffuse Glioma,514,TRPM3,Trpm3,80036,2,0.38910505836575876
lgg_tcga_pan_can_atlas_2018,"Brain Lower Grade Glioma (TCGA, PanCancer Atlas)",Diffuse Glioma,514,TRPS1,Trps1,7227,1,0.19455252918287938
lgg_tcga_pan_can_atlas_2018,"Brain Lower Grade Glioma (TCGA, PanCancer Atlas)",Diffuse Glioma,514,TSC22D1,Tsc22d1,8848,0,0.0
lgg_tcga_pan_can_atlas_2018,"Brain Lower Grade Glioma (TCGA, PanCancer Atlas)",Diffuse Glioma,514,TSHZ3,Tshz3,57616,2,0.38910505836575876
lgg_tcga_pan_can_atlas_2018,"Brain Lower Grade Glioma (TCGA, PanCancer Atlas)",Diffuse Glioma,514,TTBK2,Ttbk2,146057,6,1.1673151750972763
lgg_tcga_pan_can_atlas_2018,"Brain Lower Grade Glioma (TCGA, PanCancer Atlas)",Diffuse Glioma,514,UNC13C,Unc13c,440279,2,0.38910505836575876
lgg_tcga_pan_can_atlas_2018,"Brain Lower Grade Glioma (TCGA, PanCancer Atlas)",Diffuse Glioma,514,UNC5C,Unc5c,8633,2,0.38910505836575876
lgg_tcga_pan_can_atlas_2018,"Brain Lower Grade Glioma (TCGA, PanCancer Atlas)",Diffuse Glioma,514,UNC5D,Unc5d,137970,0,0.0
lgg_tcga_pan_can_atlas_2018,"Brain Lower Grade Glioma (TCGA, PanCancer Atlas)",Diffuse Glioma,514,USP11,Usp11,8237,5,0.9727626459143969
lgg_tcga_pan_can_atlas_2018,"Brain Lower Grade Glioma (TCGA, PanCancer Atlas)",Diffuse Glioma,514,USP25,Usp25,29761,4,0.7782101167315175
lgg_tcga_pan_can_atlas_2018,"Brain Lower Grade Glioma (TCGA, PanCancer Atlas)",Diffuse Glioma,514,UST,Ust,10090,0,0.0
lgg_tcga_pan_can_atlas_2018,"Brain Lower Grade Glioma (TCGA, PanCancer Atlas)",Diffuse Glioma,514,VIP,Vip,7432,2,0.38910505836575876
lgg_tcga_pan_can_atlas_2018,"Brain Lower Grade Glioma (TCGA, PanCancer Atlas)",Diffuse Glioma,514,VPS13A,Vps13a,23230,7,1.3618677042801557
lgg_tcga_pan_can_atlas_2018,"Brain Lower Grade Glioma (TCGA, PanCancer Atlas)",Diffuse Glioma,514,VPS13D,Vps13d,55187,4,0.7782101167315175
lgg_tcga_pan_can_atlas_2018,"Brain Lower Grade Glioma (TCGA, PanCancer Atlas)",Diffuse Glioma,514,WASF3,Wasf3,10810,2,0.38910505836575876
lgg_tcga_pan_can_atlas_2018,"Brain Lower Grade Glioma (TCGA, PanCancer Atlas)",Diffuse Glioma,514,WNK2,Wnk2,65268,2,0.38910505836575876
lgg_tcga_pan_can_atlas_2018,"Brain Lower Grade Glioma (TCGA, PanCancer Atlas)",Diffuse Glioma,514,WWP1,Wwp1,11059,1,0.19455252918287938
lgg_tcga_pan_can_atlas_2018,"Brain Lower Grade Glioma (TCGA, PanCancer Atlas)",Diffuse Glioma,514,XKR4,Xkr4,114786,3,0.5836575875486382
lgg_tcga_pan_can_atlas_2018,"Brain Lower Grade Glioma (TCGA, PanCancer Atlas)",Diffuse Glioma,514,XYLT1,Xylt1,64131,3,0.5836575875486382
lgg_tcga_pan_can_atlas_2018,"Brain Lower Grade Glioma (TCGA, PanCancer Atlas)",Diffuse Glioma,514,ZBTB16,Zbtb16,7704,1,0.19455252918287938
lgg_tcga_pan_can_atlas_2018,"Brain Lower Grade Glioma (TCGA, PanCancer Atlas)",Diffuse Glioma,514,ZFYVE28,Zfyve28,57732,1,0.19455252918287938
lgg_tcga_pan_can_atlas_2018,"Brain Lower Grade Glioma (TCGA, PanCancer Atlas)",Diffuse Glioma,514,ZMAT4,Zmat4,79698,2,0.38910505836575876
lgg_tcga_pan_can_atlas_2018,"Brain Lower Grade Glioma (TCGA, PanCancer Atlas)",Diffuse Glioma,514,ZMYND8,Zmynd8,23613,0,0.0
brca_tcga_pan_can_atlas_2018,"Breast Invasive Carcinoma (TCGA, PanCancer Atlas)",Invasive Breast Carcinoma,1066,ABCC8,Abcc8,6833,13,1.2195121951219512
brca_tcga_pan_can_atlas_2018,"Breast Invasive Carcinoma (TCGA, PanCancer Atlas)",Invasive Breast Carcinoma,1066,ABR,Abr,29,8,0.7504690431519699
brca_tcga_pan_can_atlas_2018,"Breast Invasive Carcinoma (TCGA, PanCancer Atlas)",Invasive Breast Carcinoma,1066,ACSL3,Acsl3,2181,4,0.37523452157598497
brca_tcga_pan_can_atlas_2018,"Breast Invasive Carcinoma (TCGA, PanCancer Atlas)",Invasive Breast Carcinoma,1066,ADAM23,Adam23,8745,5,0.46904315196998125
brca_tcga_pan_can_atlas_2018,"Breast Invasive Carcinoma (TCGA, PanCancer Atlas)",Invasive Breast Carcinoma,1066,ADAMTS17,Adamts17,170691,13,1.2195121951219512
brca_tcga_pan_can_atlas_2018,"Breast Invasive Carcinoma (TCGA, PanCancer Atlas)",Invasive Breast Carcinoma,1066,ADARB2,Adarb2,105,4,0.37523452157598497
brca_tcga_pan_can_atlas_2018,"Breast Invasive Carcinoma (TCGA, PanCancer Atlas)",Invasive Breast Carcinoma,1066,ADCY1,Adcy1,107,7,0.6566604127579737
brca_tcga_pan_can_atlas_2018,"Breast Invasive Carcinoma (TCGA, PanCancer Atlas)",Invasive Breast Carcinoma,1066,ADCY2,Adcy2,108,8,0.7504690431519699
brca_tcga_pan_can_atlas_2018,"Breast Invasive Carcinoma (TCGA, PanCancer Atlas)",Invasive Breast Carcinoma,1066,ADCY8,Adcy8,114,13,1.2195121951219512
brca_tcga_pan_can_atlas_2018,"Breast Invasive Carcinoma (TCGA, PanCancer Atlas)",Invasive Breast Carcinoma,1066,ADRA1A,Adra1a,148,5,0.46904315196998125
brca_tcga_pan_can_atlas_2018,"Breast Invasive Carcinoma (TCGA, PanCancer Atlas)",Invasive Breast Carcinoma,1066,AHI1,Ahi1,54806,11,1.0318949343339587
brca_tcga_pan_can_atlas_2018,"Breast Invasive Carcinoma (TCGA, PanCancer Atlas)",Invasive Breast Carcinoma,1066,AK5,Ak5,26289,7,0.6566604127579737
brca_tcga_pan_can_atlas_2018,"Breast Invasive Carcinoma (TCGA, PanCancer Atlas)",Invasive Breast Carcinoma,1066,ALK,Alk,238,12,1.125703564727955
brca_tcga_pan_can_atlas_2018,"Breast Invasive Carcinoma (TCGA, PanCancer Atlas)",Invasive Breast Carcinoma,1066,ANK1,Ank1,286,19,1.7823639774859288
brca_tcga_pan_can_atlas_2018,"Breast Invasive Carcinoma (TCGA, PanCancer Atlas)",Invasive Breast Carcinoma,1066,ANKRD26,Ankrd26,22852,18,1.6885553470919326
brca_tcga_pan_can_atlas_2018,"Breast Invasive Carcinoma (TCGA, PanCancer Atlas)",Invasive Breast Carcinoma,1066,ANKS1B,Anks1b,56899,9,0.8442776735459663
brca_tcga_pan_can_atlas_2018,"Breast Invasive Carcinoma (TCGA, PanCancer Atlas)",Invasive Breast Carcinoma,1066,ANO3,Ano3,63982,4,0.37523452157598497
brca_tcga_pan_can_atlas_2018,"Breast Invasive Carcinoma (TCGA, PanCancer Atlas)",Invasive Breast Carcinoma,1066,ANO4,Ano4,121601,12,1.125703564727955
brca_tcga_pan_can_atlas_2018,"Breast Invasive Carcinoma (TCGA, PanCancer Atlas)",Invasive Breast Carcinoma,1066,ANO5,Ano5,203859,11,1.0318949343339587
brca_tcga_pan_can_atlas_2018,"Breast Invasive Carcinoma (TCGA, PanCancer Atlas)",Invasive Breast Carcinoma,1066,APBA1,Apba1,320,8,0.7504690431519699
brca_tcga_pan_can_atlas_2018,"Breast Invasive Carcinoma (TCGA, PanCancer Atlas)",Invasive Breast Carcinoma,1066,APLP1,Aplp1,333,7,0.6566604127579737
brca_tcga_pan_can_atlas_2018,"Breast Invasive Carcinoma (TCGA, PanCancer Atlas)",Invasive Breast Carcinoma,1066,ARAP2,Arap2,116984,7,0.6566604127579737
brca_tcga_pan_can_atlas_2018,"Breast Invasive Carcinoma (TCGA, PanCancer Atlas)",Invasive Breast Carcinoma,1066,ARHGAP20,Arhgap20,57569,9,0.8442776735459663
brca_tcga_pan_can_atlas_2018,"Breast Invasive Carcinoma (TCGA, PanCancer Atlas)",Invasive Breast Carcinoma,1066,ARHGAP21,Arhgap21,57584,13,1.2195121951219512
brca_tcga_pan_can_atlas_2018,"Breast Invasive Carcinoma (TCGA, PanCancer Atlas)",Invasive Breast Carcinoma,1066,ARHGAP5,Arhgap5,394,11,1.0318949343339587
brca_tcga_pan_can_atlas_2018,"Breast Invasive Carcinoma (TCGA, PanCancer Atlas)",Invasive Breast Carcinoma,1066,ARID5B,Arid5b,84159,7,0.6566604127579737
brca_tcga_pan_can_atlas_2018,"Breast Invasive Carcinoma (TCGA, PanCancer Atlas)",Invasive Breast Carcinoma,1066,ARPP21,Arpp21,10777,9,0.8442776735459663
brca_tcga_pan_can_atlas_2018,"Breast Invasive Carcinoma (TCGA, PanCancer Atlas)",Invasive Breast Carcinoma,1066,ASIC2,Asic2,40,2,0.18761726078799248
brca_tcga_pan_can_atlas_2018,"Breast Invasive Carcinoma (TCGA, PanCancer Atlas)",Invasive Breast Carcinoma,1066,ASTN1,Astn1,460,22,2.0637898686679175
brca_tcga_pan_can_atlas_2018,"Breast Invasive Carcinoma (TCGA, PanCancer Atlas)",Invasive Breast Carcinoma,1066,ASTN2,Astn2,23245,11,1.0318949343339587
brca_tcga_pan_can_atlas_2018,"Breast Invasive Carcinoma (TCGA, PanCancer Atlas)",Invasive Breast Carcinoma,1066,ATP1A3,Atp1a3,478,8,0.7504690431519699
brca_tcga_pan_can_atlas_2018,"Breast Invasive Carcinoma (TCGA, PanCancer Atlas)",Invasive Breast Carcinoma,1066,ATP2A2,Atp2a2,488,3,0.28142589118198874
brca_tcga_pan_can_atlas_2018,"Breast Invasive Carcinoma (TCGA, PanCancer Atlas)",Invasive Breast Carcinoma,1066,ATP8A2,Atp8a2,51761,7,0.6566604127579737
brca_tcga_pan_can_atlas_2018,"Breast Invasive Carcinoma (TCGA, PanCancer Atlas)",Invasive Breast Carcinoma,1066,ATRNL1,Atrnl1,26033,5,0.46904315196998125
brca_tcga_pan_can_atlas_2018,"Breast Invasive Carcinoma (TCGA, PanCancer Atlas)",Invasive Breast Carcinoma,1066,ATXN1,Atxn1,6310,12,1.125703564727955
brca_tcga_pan_can_atlas_2018,"Breast Invasive Carcinoma (TCGA, PanCancer Atlas)",Invasive Breast Carcinoma,1066,BACH2,Bach2,60468,17,1.594746716697936
brca_tcga_pan_can_atlas_2018,"Breast Invasive Carcinoma (TCGA, PanCancer Atlas)",Invasive Breast Carcinoma,1066,BAIAP2,Baiap2,10458,4,0.37523452157598497
brca_tcga_pan_can_atlas_2018,"Breast Invasive Carcinoma (TCGA, PanCancer Atlas)",Invasive Breast Carcinoma,1066,BCL11A,Bcl11a,53335,4,0.37523452157598497
brca_tcga_pan_can_atlas_2018,"Breast Invasive Carcinoma (TCGA, PanCancer Atlas)",Invasive Breast Carcinoma,1066,BCL11B,Bcl11b,64919,4,0.37523452157598497
brca_tcga_pan_can_atlas_2018,"Breast Invasive Carcinoma (TCGA, PanCancer Atlas)",Invasive Breast Carcinoma,1066,BDP1,Bdp1,55814,13,1.2195121951219512
brca_tcga_pan_can_atlas_2018,"Breast Invasive Carcinoma (TCGA, PanCancer Atlas)",Invasive Breast Carcinoma,1066,BMPER,Bmper,168667,6,0.5628517823639775
brca_tcga_pan_can_atlas_2018,"Breast Invasive Carcinoma (TCGA, PanCancer Atlas)",Invasive Breast Carcinoma,1066,BRINP2,Brinp2,57795,5,0.46904315196998125
brca_tcga_pan_can_atlas_2018,"Breast Invasive Carcinoma (TCGA, PanCancer Atlas)",Invasive Breast Carcinoma,1066,BRINP3,Brinp3,339479,17,1.594746716697936
brca_tcga_pan_can_atlas_2018,"Breast Invasive Carcinoma (TCGA, PanCancer Atlas)",Invasive Breast Carcinoma,1066,BSN,Bsn,8927,20,1.876172607879925
brca_tcga_pan_can_atlas_2018,"Breast Invasive Carcinoma (TCGA, PanCancer Atlas)",Invasive Breast Carcinoma,1066,CACNA1A,Cacna1a,773,26,2.4390243902439024
brca_tcga_pan_can_atlas_2018,"Breast Invasive Carcinoma (TCGA, PanCancer Atlas)",Invasive Breast Carcinoma,1066,CACNA1B,Cacna1b,774,23,2.1575984990619137
brca_tcga_pan_can_atlas_2018,"Breast Invasive Carcinoma (TCGA, PanCancer Atlas)",Invasive Breast Carcinoma,1066,CACNA1C,Cacna1c,775,21,1.9699812382739212
brca_tcga_pan_can_atlas_2018,"Breast Invasive Carcinoma (TCGA, PanCancer Atlas)",Invasive Breast Carcinoma,1066,CACNA1D,Cacna1d,776,17,1.594746716697936
brca_tcga_pan_can_atlas_2018,"Breast Invasive Carcinoma (TCGA, PanCancer Atlas)",Invasive Breast Carcinoma,1066,CACNA1E,Cacna1e,777,37,3.4709193245778613
brca_tcga_pan_can_atlas_2018,"Breast Invasive Carcinoma (TCGA, PanCancer Atlas)",Invasive Breast Carcinoma,1066,CACNA2D1,Cacna2d1,781,8,0.7504690431519699
brca_tcga_pan_can_atlas_2018,"Breast Invasive Carcinoma (TCGA, PanCancer Atlas)",Invasive Breast Carcinoma,1066,CACNA2D3,Cacna2d3,55799,10,0.9380863039399625
brca_tcga_pan_can_atlas_2018,"Breast Invasive Carcinoma (TCGA, PanCancer Atlas)",Invasive Breast Carcinoma,1066,CACNB2,Cacnb2,783,7,0.6566604127579737
brca_tcga_pan_can_atlas_2018,"Breast Invasive Carcinoma (TCGA, PanCancer Atlas)",Invasive Breast Carcinoma,1066,CACNB4,Cacnb4,785,3,0.28142589118198874
brca_tcga_pan_can_atlas_2018,"Breast Invasive Carcinoma (TCGA, PanCancer Atlas)",Invasive Breast Carcinoma,1066,CACNG3,Cacng3,10368,5,0.46904315196998125
brca_tcga_pan_can_atlas_2018,"Breast Invasive Carcinoma (TCGA, PanCancer Atlas)",Invasive Breast Carcinoma,1066,CADM2,Cadm2,253559,5,0.46904315196998125
brca_tcga_pan_can_atlas_2018,"Breast Invasive Carcinoma (TCGA, PanCancer Atlas)",Invasive Breast Carcinoma,1066,CADPS,Cadps,8618,15,1.4071294559099436
brca_tcga_pan_can_atlas_2018,"Breast Invasive Carcinoma (TCGA, PanCancer Atlas)",Invasive Breast Carcinoma,1066,CAMTA1,Camta1,23261,7,0.6566604127579737
brca_tcga_pan_can_atlas_2018,"Breast Invasive Carcinoma (TCGA, PanCancer Atlas)",Invasive Breast Carcinoma,1066,CAP2,Cap2,10486,3,0.28142589118198874
brca_tcga_pan_can_atlas_2018,"Breast Invasive Carcinoma (TCGA, PanCancer Atlas)",Invasive Breast Carcinoma,1066,CCDC136,Ccdc136,64753,11,1.0318949343339587
brca_tcga_pan_can_atlas_2018,"Breast Invasive Carcinoma (TCGA, PanCancer Atlas)",Invasive Breast Carcinoma,1066,CCSER1,Ccser1,401145,4,0.37523452157598497
brca_tcga_pan_can_atlas_2018,"Breast Invasive Carcinoma (TCGA, PanCancer Atlas)",Invasive Breast Carcinoma,1066,CDH10,Cdh10,1008,14,1.3133208255159474
brca_tcga_pan_can_atlas_2018,"Breast Invasive Carcinoma (TCGA, PanCancer Atlas)",Invasive Breast Carcinoma,1066,CDH12,Cdh12,1010,15,1.4071294559099436
brca_tcga_pan_can_atlas_2018,"Breast Invasive Carcinoma (TCGA, PanCancer Atlas)",Invasive Breast Carcinoma,1066,CDH13,Cdh13,1012,6,0.5628517823639775
brca_tcga_pan_can_atlas_2018,"Breast Invasive Carcinoma (TCGA, PanCancer Atlas)",Invasive Breast Carcinoma,1066,CDH2,Cdh2,1000,3,0.28142589118198874
brca_tcga_pan_can_atlas_2018,"Breast Invasive Carcinoma (TCGA, PanCancer Atlas)",Invasive Breast Carcinoma,1066,CDH22,Cdh22,64405,4,0.37523452157598497
brca_tcga_pan_can_atlas_2018,"Breast Invasive Carcinoma (TCGA, PanCancer Atlas)",Invasive Breast Carcinoma,1066,CDH4,Cdh4,1002,7,0.6566604127579737
brca_tcga_pan_can_atlas_2018,"Breast Invasive Carcinoma (TCGA, PanCancer Atlas)",Invasive Breast Carcinoma,1066,CDH8,Cdh8,1006,12,1.125703564727955
brca_tcga_pan_can_atlas_2018,"Breast Invasive Carcinoma (TCGA, PanCancer Atlas)",Invasive Breast Carcinoma,1066,CDH9,Cdh9,1007,13,1.2195121951219512
brca_tcga_pan_can_atlas_2018,"Breast Invasive Carcinoma (TCGA, PanCancer Atlas)",Invasive Breast Carcinoma,1066,CDK14,Cdk14,5218,5,0.46904315196998125
brca_tcga_pan_can_atlas_2018,"Breast Invasive Carcinoma (TCGA, PanCancer Atlas)",Invasive Breast Carcinoma,1066,CDKL5,Cdkl5,6792,9,0.8442776735459663
brca_tcga_pan_can_atlas_2018,"Breast Invasive Carcinoma (TCGA, PanCancer Atlas)",Invasive Breast Carcinoma,1066,CELF4,Celf4,56853,3,0.28142589118198874
brca_tcga_pan_can_atlas_2018,"Breast Invasive Carcinoma (TCGA, PanCancer Atlas)",Invasive Breast Carcinoma,1066,CEMIP,Cemip,57214,6,0.5628517823639775
brca_tcga_pan_can_atlas_2018,"Breast Invasive Carcinoma (TCGA, PanCancer Atlas)",Invasive Breast Carcinoma,1066,CHGB,Chgb,1114,9,0.8442776735459663
brca_tcga_pan_can_atlas_2018,"Breast Invasive Carcinoma (TCGA, PanCancer Atlas)",Invasive Breast Carcinoma,1066,CHL1,Chl1,10752,5,0.46904315196998125
brca_tcga_pan_can_atlas_2018,"Breast Invasive Carcinoma (TCGA, PanCancer Atlas)",Invasive Breast Carcinoma,1066,CHRM3,Chrm3,1131,3,0.28142589118198874
brca_tcga_pan_can_atlas_2018,"Breast Invasive Carcinoma (TCGA, PanCancer Atlas)",Invasive Breast Carcinoma,1066,CHSY3,Chsy3,337876,4,0.37523452157598497
brca_tcga_pan_can_atlas_2018,"Breast Invasive Carcinoma (TCGA, PanCancer Atlas)",Invasive Breast Carcinoma,1066,CIT,Cit,11113,19,1.7823639774859288
brca_tcga_pan_can_atlas_2018,"Breast Invasive Carcinoma (TCGA, PanCancer Atlas)",Invasive Breast Carcinoma,1066,CLEC16A,Clec16a,23274,8,0.7504690431519699
brca_tcga_pan_can_atlas_2018,"Breast Invasive Carcinoma (TCGA, PanCancer Atlas)",Invasive Breast Carcinoma,1066,CLIP4,Clip4,79745,3,0.28142589118198874
brca_tcga_pan_can_atlas_2018,"Breast Invasive Carcinoma (TCGA, PanCancer Atlas)",Invasive Breast Carcinoma,1066,CLSTN2,Clstn2,64084,8,0.7504690431519699
brca_tcga_pan_can_atlas_2018,"Breast Invasive Carcinoma (TCGA, PanCancer Atlas)",Invasive Breast Carcinoma,1066,CLVS1,Clvs1,157807,2,0.18761726078799248
brca_tcga_pan_can_atlas_2018,"Breast Invasive Carcinoma (TCGA, PanCancer Atlas)",Invasive Breast Carcinoma,1066,CNR1,Cnr1,1268,3,0.28142589118198874
brca_tcga_pan_can_atlas_2018,"Breast Invasive Carcinoma (TCGA, PanCancer Atlas)",Invasive Breast Carcinoma,1066,CNTN3,Cntn3,5067,10,0.9380863039399625
brca_tcga_pan_can_atlas_2018,"Breast Invasive Carcinoma (TCGA, PanCancer Atlas)",Invasive Breast Carcinoma,1066,CNTN4,Cntn4,152330,11,1.0318949343339587
brca_tcga_pan_can_atlas_2018,"Breast Invasive Carcinoma (TCGA, PanCancer Atlas)",Invasive Breast Carcinoma,1066,CNTN5,Cntn5,53942,6,0.5628517823639775
brca_tcga_pan_can_atlas_2018,"Breast Invasive Carcinoma (TCGA, PanCancer Atlas)",Invasive Breast Carcinoma,1066,CNTN6,Cntn6,27255,14,1.3133208255159474
brca_tcga_pan_can_atlas_2018,"Breast Invasive Carcinoma (TCGA, PanCancer Atlas)",Invasive Breast Carcinoma,1066,CNTNAP2,Cntnap2,26047,11,1.0318949343339587
brca_tcga_pan_can_atlas_2018,"Breast Invasive Carcinoma (TCGA, PanCancer Atlas)",Invasive Breast Carcinoma,1066,CNTNAP4,Cntnap4,85445,9,0.8442776735459663
brca_tcga_pan_can_atlas_2018,"Breast Invasive Carcinoma (TCGA, PanCancer Atlas)",Invasive Breast Carcinoma,1066,COL11A1,Col11a1,1301,17,1.594746716697936
brca_tcga_pan_can_atlas_2018,"Breast Invasive Carcinoma (TCGA, PanCancer Atlas)",Invasive Breast Carcinoma,1066,COL16A1,Col16a1,1307,9,0.8442776735459663
brca_tcga_pan_can_atlas_2018,"Breast Invasive Carcinoma (TCGA, PanCancer Atlas)",Invasive Breast Carcinoma,1066,COL19A1,Col19a1,1310,16,1.5009380863039399
brca_tcga_pan_can_atlas_2018,"Breast Invasive Carcinoma (TCGA, PanCancer Atlas)",Invasive Breast Carcinoma,1066,COL24A1,Col24a1,255631,12,1.125703564727955
brca_tcga_pan_can_atlas_2018,"Breast Invasive Carcinoma (TCGA, PanCancer Atlas)",Invasive Breast Carcinoma,1066,COL25A1,Col25a1,84570,6,0.5628517823639775
brca_tcga_pan_can_atlas_2018,"Breast Invasive Carcinoma (TCGA, PanCancer Atlas)",Invasive Breast Carcinoma,1066,CORO6,Coro6,84940,2,0.18761726078799248
brca_tcga_pan_can_atlas_2018,"Breast Invasive Carcinoma (TCGA, PanCancer Atlas)",Invasive Breast Carcinoma,1066,CPNE4,Cpne4,131034,5,0.46904315196998125
brca_tcga_pan_can_atlas_2018,"Breast Invasive Carcinoma (TCGA, PanCancer Atlas)",Invasive Breast Carcinoma,1066,CSMD1,Csmd1,64478,42,3.9399624765478425
brca_tcga_pan_can_atlas_2018,"Breast Invasive Carcinoma (TCGA, PanCancer Atlas)",Invasive Breast Carcinoma,1066,CSMD2,Csmd2,114784,34,3.189493433395872
brca_tcga_pan_can_atlas_2018,"Breast Invasive Carcinoma (TCGA, PanCancer Atlas)",Invasive Breast Carcinoma,1066,CSMD3,Csmd3,114788,44,4.127579737335835
brca_tcga_pan_can_atlas_2018,"Breast Invasive Carcinoma (TCGA, PanCancer Atlas)",Invasive Breast Carcinoma,1066,CSRNP3,Csrnp3,80034,5,0.46904315196998125
brca_tcga_pan_can_atlas_2018,"Breast Invasive Carcinoma (TCGA, PanCancer Atlas)",Invasive Breast Carcinoma,1066,CUX1,Cux1,1523,11,1.0318949343339587
brca_tcga_pan_can_atlas_2018,"Breast Invasive Carcinoma (TCGA, PanCancer Atlas)",Invasive Breast Carcinoma,1066,CUX2,Cux2,23316,4,0.37523452157598497
brca_tcga_pan_can_atlas_2018,"Breast Invasive Carcinoma (TCGA, PanCancer Atlas)",Invasive Breast Carcinoma,1066,CYFIP2,Cyfip2,26999,12,1.125703564727955
brca_tcga_pan_can_atlas_2018,"Breast Invasive Carcinoma (TCGA, PanCancer Atlas)",Invasive Breast Carcinoma,1066,DAAM1,Daam1,23002,10,0.9380863039399625
brca_tcga_pan_can_atlas_2018,"Breast Invasive Carcinoma (TCGA, PanCancer Atlas)",Invasive Breast Carcinoma,1066,DAB1,Dab1,1600,11,1.0318949343339587
brca_tcga_pan_can_atlas_2018,"Breast Invasive Carcinoma (TCGA, PanCancer Atlas)",Invasive Breast Carcinoma,1066,DACH1,Dach1,1602,8,0.7504690431519699
brca_tcga_pan_can_atlas_2018,"Breast Invasive Carcinoma (TCGA, PanCancer Atlas)",Invasive Breast Carcinoma,1066,DAPK1,Dapk1,1612,7,0.6566604127579737
brca_tcga_pan_can_atlas_2018,"Breast Invasive Carcinoma (TCGA, PanCancer Atlas)",Invasive Breast Carcinoma,1066,DCC,Dcc,1630,16,1.5009380863039399
brca_tcga_pan_can_atlas_2018,"Breast Invasive Carcinoma (TCGA, PanCancer Atlas)",Invasive Breast Carcinoma,1066,DENND5B,Dennd5b,160518,13,1.2195121951219512
brca_tcga_pan_can_atlas_2018,"Breast Invasive Carcinoma (TCGA, PanCancer Atlas)",Invasive Breast Carcinoma,1066,DGKB,Dgkb,1607,8,0.7504690431519699
brca_tcga_pan_can_atlas_2018,"Breast Invasive Carcinoma (TCGA, PanCancer Atlas)",Invasive Breast Carcinoma,1066,DGKD,Dgkd,8527,10,0.9380863039399625
brca_tcga_pan_can_atlas_2018,"Breast Invasive Carcinoma (TCGA, PanCancer Atlas)",Invasive Breast Carcinoma,1066,DGKG,Dgkg,1608,12,1.125703564727955
brca_tcga_pan_can_atlas_2018,"Breast Invasive Carcinoma (TCGA, PanCancer Atlas)",Invasive Breast Carcinoma,1066,DGKH,Dgkh,160851,5,0.46904315196998125
brca_tcga_pan_can_atlas_2018,"Breast Invasive Carcinoma (TCGA, PanCancer Atlas)",Invasive Breast Carcinoma,1066,DGKI,Dgki,9162,9,0.8442776735459663
brca_tcga_pan_can_atlas_2018,"Breast Invasive Carcinoma (TCGA, PanCancer Atlas)",Invasive Breast Carcinoma,1066,DIP2A,Dip2a,23181,13,1.2195121951219512
brca_tcga_pan_can_atlas_2018,"Breast Invasive Carcinoma (TCGA, PanCancer Atlas)",Invasive Breast Carcinoma,1066,DLC1,Dlc1,10395,14,1.3133208255159474
brca_tcga_pan_can_atlas_2018,"Breast Invasive Carcinoma (TCGA, PanCancer Atlas)",Invasive Breast Carcinoma,1066,DLG2,Dlg2,1740,6,0.5628517823639775
brca_tcga_pan_can_atlas_2018,"Breast Invasive Carcinoma (TCGA, PanCancer Atlas)",Invasive Breast Carcinoma,1066,DLGAP1,Dlgap1,9229,9,0.8442776735459663
brca_tcga_pan_can_atlas_2018,"Breast Invasive Carcinoma (TCGA, PanCancer Atlas)",Invasive Breast Carcinoma,1066,DLGAP2,Dlgap2,9228,13,1.2195121951219512
brca_tcga_pan_can_atlas_2018,"Breast Invasive Carcinoma (TCGA, PanCancer Atlas)",Invasive Breast Carcinoma,1066,DMD,Dmd,1756,51,4.784240150093809
brca_tcga_pan_can_atlas_2018,"Breast Invasive Carcinoma (TCGA, PanCancer Atlas)",Invasive Breast Carcinoma,1066,DNER,Dner,92737,3,0.28142589118198874
brca_tcga_pan_can_atlas_2018,"Breast Invasive Carcinoma (TCGA, PanCancer Atlas)",Invasive Breast Carcinoma,1066,DOCK10,Dock10,55619,19,1.7823639774859288
brca_tcga_pan_can_atlas_2018,"Breast Invasive Carcinoma (TCGA, PanCancer Atlas)",Invasive Breast Carcinoma,1066,DOCK3,Dock3,1795,13,1.2195121951219512
brca_tcga_pan_can_atlas_2018,"Breast Invasive Carcinoma (TCGA, PanCancer Atlas)",Invasive Breast Carcinoma,1066,DOCK4,Dock4,9732,18,1.6885553470919326
brca_tcga_pan_can_atlas_2018,"Breast Invasive Carcinoma (TCGA, PanCancer Atlas)",Invasive Breast Carcinoma,1066,DOCK9,Dock9,23348,13,1.2195121951219512
brca_tcga_pan_can_atlas_2018,"Breast Invasive Carcinoma (TCGA, PanCancer Atlas)",Invasive Breast Carcinoma,1066,DOK5,Dok5,55816,10,0.9380863039399625
brca_tcga_pan_can_atlas_2018,"Breast Invasive Carcinoma (TCGA, PanCancer Atlas)",Invasive Breast Carcinoma,1066,DPP6,Dpp6,1804,10,0.9380863039399625
brca_tcga_pan_can_atlas_2018,"Breast Invasive Carcinoma (TCGA, PanCancer Atlas)",Invasive Breast Carcinoma,1066,DSCAM,Dscam,1826,17,1.594746716697936
brca_tcga_pan_can_atlas_2018,"Breast Invasive Carcinoma (TCGA, PanCancer Atlas)",Invasive Breast Carcinoma,1066,DSCAML1,Dscaml1,57453,16,1.5009380863039399
brca_tcga_pan_can_atlas_2018,"Breast Invasive Carcinoma (TCGA, PanCancer Atlas)",Invasive Breast Carcinoma,1066,DYNC1H1,Dync1h1,1778,30,2.8142589118198873
brca_tcga_pan_can_atlas_2018,"Breast Invasive Carcinoma (TCGA, PanCancer Atlas)",Invasive Breast Carcinoma,1066,DYNC1I1,Dync1i1,1780,11,1.0318949343339587
brca_tcga_pan_can_atlas_2018,"Breast Invasive Carcinoma (TCGA, PanCancer Atlas)",Invasive Breast Carcinoma,1066,DYNC2H1,Dync2h1,79659,27,2.5328330206378986
brca_tcga_pan_can_atlas_2018,"Breast Invasive Carcinoma (TCGA, PanCancer Atlas)",Invasive Breast Carcinoma,1066,EEPD1,Eepd1,80820,7,0.6566604127579737
brca_tcga_pan_can_atlas_2018,"Breast Invasive Carcinoma (TCGA, PanCancer Atlas)",Invasive Breast Carcinoma,1066,EFR3A,Efr3a,23167,6,0.5628517823639775
brca_tcga_pan_can_atlas_2018,"Breast Invasive Carcinoma (TCGA, PanCancer Atlas)",Invasive Breast Carcinoma,1066,EGFR,Egfr,1956,15,1.4071294559099436
brca_tcga_pan_can_atlas_2018,"Breast Invasive Carcinoma (TCGA, PanCancer Atlas)",Invasive Breast Carcinoma,1066,ELAVL2,Elavl2,1993,3,0.28142589118198874
brca_tcga_pan_can_atlas_2018,"Breast Invasive Carcinoma (TCGA, PanCancer Atlas)",Invasive Breast Carcinoma,1066,ENOX1,Enox1,55068,5,0.46904315196998125
brca_tcga_pan_can_atlas_2018,"Breast Invasive Carcinoma (TCGA, PanCancer Atlas)",Invasive Breast Carcinoma,1066,EPHA3,Epha3,2042,10,0.9380863039399625
brca_tcga_pan_can_atlas_2018,"Breast Invasive Carcinoma (TCGA, PanCancer Atlas)",Invasive Breast Carcinoma,1066,EPHA4,Epha4,2043,9,0.8442776735459663
brca_tcga_pan_can_atlas_2018,"Breast Invasive Carcinoma (TCGA, PanCancer Atlas)",Invasive Breast Carcinoma,1066,EPHA6,Epha6,285220,8,0.7504690431519699
brca_tcga_pan_can_atlas_2018,"Breast Invasive Carcinoma (TCGA, PanCancer Atlas)",Invasive Breast Carcinoma,1066,EPHB6,Ephb6,2051,7,0.6566604127579737
brca_tcga_pan_can_atlas_2018,"Breast Invasive Carcinoma (TCGA, PanCancer Atlas)",Invasive Breast Carcinoma,1066,ERBB4,Erbb4,2066,18,1.6885553470919326
brca_tcga_pan_can_atlas_2018,"Breast Invasive Carcinoma (TCGA, PanCancer Atlas)",Invasive Breast Carcinoma,1066,ERC2,Erc2,26059,7,0.6566604127579737
brca_tcga_pan_can_atlas_2018,"Breast Invasive Carcinoma (TCGA, PanCancer Atlas)",Invasive Breast Carcinoma,1066,ESRRG,Esrrg,2104,7,0.6566604127579737
brca_tcga_pan_can_atlas_2018,"Breast Invasive Carcinoma (TCGA, PanCancer Atlas)",Invasive Breast Carcinoma,1066,ETV6,Etv6,2120,6,0.5628517823639775
brca_tcga_pan_can_atlas_2018,"Breast Invasive Carcinoma (TCGA, PanCancer Atlas)",Invasive Breast Carcinoma,1066,EXOC4,Exoc4,60412,8,0.7504690431519699
brca_tcga_pan_can_atlas_2018,"Breast Invasive Carcinoma (TCGA, PanCancer Atlas)",Invasive Breast Carcinoma,1066,EYA4,Eya4,2070,5,0.46904315196998125
brca_tcga_pan_can_atlas_2018,"Breast Invasive Carcinoma (TCGA, PanCancer Atlas)",Invasive Breast Carcinoma,1066,FAM135B,Fam135b,51059,20,1.876172607879925
brca_tcga_pan_can_atlas_2018,"Breast Invasive Carcinoma (TCGA, PanCancer Atlas)",Invasive Breast Carcinoma,1066,FAT1,Fat1,2195,31,2.9080675422138835
brca_tcga_pan_can_atlas_2018,"Breast Invasive Carcinoma (TCGA, PanCancer Atlas)",Invasive Breast Carcinoma,1066,FAT3,Fat3,120114,43,4.033771106941838
brca_tcga_pan_can_atlas_2018,"Breast Invasive Carcinoma (TCGA, PanCancer Atlas)",Invasive Breast Carcinoma,1066,FGF13,Fgf13,2258,3,0.28142589118198874
brca_tcga_pan_can_atlas_2018,"Breast Invasive Carcinoma (TCGA, PanCancer Atlas)",Invasive Breast Carcinoma,1066,FHOD3,Fhod3,80206,16,1.5009380863039399
brca_tcga_pan_can_atlas_2018,"Breast Invasive Carcinoma (TCGA, PanCancer Atlas)",Invasive Breast Carcinoma,1066,FMN1,Fmn1,342184,9,0.8442776735459663
brca_tcga_pan_can_atlas_2018,"Breast Invasive Carcinoma (TCGA, PanCancer Atlas)",Invasive Breast Carcinoma,1066,FMN2,Fmn2,56776,28,2.626641651031895
brca_tcga_pan_can_atlas_2018,"Breast Invasive Carcinoma (TCGA, PanCancer Atlas)",Invasive Breast Carcinoma,1066,FOCAD,Focad,54914,15,1.4071294559099436
brca_tcga_pan_can_atlas_2018,"Breast Invasive Carcinoma (TCGA, PanCancer Atlas)",Invasive Breast Carcinoma,1066,FRAS1,Fras1,80144,25,2.345215759849906
brca_tcga_pan_can_atlas_2018,"Breast Invasive Carcinoma (TCGA, PanCancer Atlas)",Invasive Breast Carcinoma,1066,FREM1,Frem1,158326,21,1.9699812382739212
brca_tcga_pan_can_atlas_2018,"Breast Invasive Carcinoma (TCGA, PanCancer Atlas)",Invasive Breast Carcinoma,1066,FRMPD4,Frmpd4,9758,17,1.594746716697936
brca_tcga_pan_can_atlas_2018,"Breast Invasive Carcinoma (TCGA, PanCancer Atlas)",Invasive Breast Carcinoma,1066,FRY,Fry,10129,14,1.3133208255159474
brca_tcga_pan_can_atlas_2018,"Breast Invasive Carcinoma (TCGA, PanCancer Atlas)",Invasive Breast Carcinoma,1066,FSTL4,Fstl4,23105,10,0.9380863039399625
brca_tcga_pan_can_atlas_2018,"Breast Invasive Carcinoma (TCGA, PanCancer Atlas)",Invasive Breast Carcinoma,1066,FSTL5,Fstl5,56884,11,1.0318949343339587
brca_tcga_pan_can_atlas_2018,"Breast Invasive Carcinoma (TCGA, PanCancer Atlas)",Invasive Breast Carcinoma,1066,FUT9,Fut9,10690,1,0.09380863039399624
brca_tcga_pan_can_atlas_2018,"Breast Invasive Carcinoma (TCGA, PanCancer Atlas)",Invasive Breast Carcinoma,1066,GABBR1,Gabbr1,2550,4,0.37523452157598497
brca_tcga_pan_can_atlas_2018,"Breast Invasive Carcinoma (TCGA, PanCancer Atlas)",Invasive Breast Carcinoma,1066,GABBR2,Gabbr2,9568,8,0.7504690431519699
brca_tcga_pan_can_atlas_2018,"Breast Invasive Carcinoma (TCGA, PanCancer Atlas)",Invasive Breast Carcinoma,1066,GABRA1,Gabra1,2554,4,0.37523452157598497
brca_tcga_pan_can_atlas_2018,"Breast Invasive Carcinoma (TCGA, PanCancer Atlas)",Invasive Breast Carcinoma,1066,GABRA2,Gabra2,2555,5,0.46904315196998125
brca_tcga_pan_can_atlas_2018,"Breast Invasive Carcinoma (TCGA, PanCancer Atlas)",Invasive Breast Carcinoma,1066,GABRB1,Gabrb1,2560,6,0.5628517823639775
brca_tcga_pan_can_atlas_2018,"Breast Invasive Carcinoma (TCGA, PanCancer Atlas)",Invasive Breast Carcinoma,1066,GABRB2,Gabrb2,2561,7,0.6566604127579737
brca_tcga_pan_can_atlas_2018,"Breast Invasive Carcinoma (TCGA, PanCancer Atlas)",Invasive Breast Carcinoma,1066,GABRD,Gabrd,2563,1,0.09380863039399624
brca_tcga_pan_can_atlas_2018,"Breast Invasive Carcinoma (TCGA, PanCancer Atlas)",Invasive Breast Carcinoma,1066,GABRG2,Gabrg2,2566,7,0.6566604127579737
brca_tcga_pan_can_atlas_2018,"Breast Invasive Carcinoma (TCGA, PanCancer Atlas)",Invasive Breast Carcinoma,1066,GABRG3,Gabrg3,2567,5,0.46904315196998125
brca_tcga_pan_can_atlas_2018,"Breast Invasive Carcinoma (TCGA, PanCancer Atlas)",Invasive Breast Carcinoma,1066,GAD1,Gad1,2571,4,0.37523452157598497
brca_tcga_pan_can_atlas_2018,"Breast Invasive Carcinoma (TCGA, PanCancer Atlas)",Invasive Breast Carcinoma,1066,GALNT13,Galnt13,114805,6,0.5628517823639775
brca_tcga_pan_can_atlas_2018,"Breast Invasive Carcinoma (TCGA, PanCancer Atlas)",Invasive Breast Carcinoma,1066,GALNT14,Galnt14,79623,5,0.46904315196998125
brca_tcga_pan_can_atlas_2018,"Breast Invasive Carcinoma (TCGA, PanCancer Atlas)",Invasive Breast Carcinoma,1066,GALNT18,Galnt18,374378,2,0.18761726078799248
brca_tcga_pan_can_atlas_2018,"Breast Invasive Carcinoma (TCGA, PanCancer Atlas)",Invasive Breast Carcinoma,1066,GALNTL6,Galntl6,442117,7,0.6566604127579737
brca_tcga_pan_can_atlas_2018,"Breast Invasive Carcinoma (TCGA, PanCancer Atlas)",Invasive Breast Carcinoma,1066,GAP43,Gap43,2596,5,0.46904315196998125
brca_tcga_pan_can_atlas_2018,"Breast Invasive Carcinoma (TCGA, PanCancer Atlas)",Invasive Breast Carcinoma,1066,GARNL3,Garnl3,84253,7,0.6566604127579737
brca_tcga_pan_can_atlas_2018,"Breast Invasive Carcinoma (TCGA, PanCancer Atlas)",Invasive Breast Carcinoma,1066,GAS7,Gas7,8522,3,0.28142589118198874
brca_tcga_pan_can_atlas_2018,"Breast Invasive Carcinoma (TCGA, PanCancer Atlas)",Invasive Breast Carcinoma,1066,GCC2,Gcc2,9648,17,1.594746716697936
brca_tcga_pan_can_atlas_2018,"Breast Invasive Carcinoma (TCGA, PanCancer Atlas)",Invasive Breast Carcinoma,1066,GDA,Gda,9615,4,0.37523452157598497
brca_tcga_pan_can_atlas_2018,"Breast Invasive Carcinoma (TCGA, PanCancer Atlas)",Invasive Breast Carcinoma,1066,GHR,Ghr,2690,5,0.46904315196998125
brca_tcga_pan_can_atlas_2018,"Breast Invasive Carcinoma (TCGA, PanCancer Atlas)",Invasive Breast Carcinoma,1066,GNPTAB,Gnptab,79158,11,1.0318949343339587
brca_tcga_pan_can_atlas_2018,"Breast Invasive Carcinoma (TCGA, PanCancer Atlas)",Invasive Breast Carcinoma,1066,GOLIM4,Golim4,27333,6,0.5628517823639775
brca_tcga_pan_can_atlas_2018,"Breast Invasive Carcinoma (TCGA, PanCancer Atlas)",Invasive Breast Carcinoma,1066,GOT1,Got1,2805,0,0.0
brca_tcga_pan_can_atlas_2018,"Breast Invasive Carcinoma (TCGA, PanCancer Atlas)",Invasive Breast Carcinoma,1066,GPR158,Gpr158,57512,11,1.0318949343339587
brca_tcga_pan_can_atlas_2018,"Breast Invasive Carcinoma (TCGA, PanCancer Atlas)",Invasive Breast Carcinoma,1066,GRIA1,Gria1,2890,13,1.2195121951219512
brca_tcga_pan_can_atlas_2018,"Breast Invasive Carcinoma (TCGA, PanCancer Atlas)",Invasive Breast Carcinoma,1066,GRIA3,Gria3,2892,17,1.594746716697936
brca_tcga_pan_can_atlas_2018,"Breast Invasive Carcinoma (TCGA, PanCancer Atlas)",Invasive Breast Carcinoma,1066,GRIA4,Gria4,2893,11,1.0318949343339587
brca_tcga_pan_can_atlas_2018,"Breast Invasive Carcinoma (TCGA, PanCancer Atlas)",Invasive Breast Carcinoma,1066,GRID1,Grid1,2894,15,1.4071294559099436
brca_tcga_pan_can_atlas_2018,"Breast Invasive Carcinoma (TCGA, PanCancer Atlas)",Invasive Breast Carcinoma,1066,GRID2,Grid2,2895,14,1.3133208255159474
brca_tcga_pan_can_atlas_2018,"Breast Invasive Carcinoma (TCGA, PanCancer Atlas)",Invasive Breast Carcinoma,1066,GRIK1,Grik1,2897,16,1.5009380863039399
brca_tcga_pan_can_atlas_2018,"Breast Invasive Carcinoma (TCGA, PanCancer Atlas)",Invasive Breast Carcinoma,1066,GRIK3,Grik3,2899,6,0.5628517823639775
brca_tcga_pan_can_atlas_2018,"Breast Invasive Carcinoma (TCGA, PanCancer Atlas)",Invasive Breast Carcinoma,1066,GRIN2A,Grin2a,2903,22,2.0637898686679175
brca_tcga_pan_can_atlas_2018,"Breast Invasive Carcinoma (TCGA, PanCancer Atlas)",Invasive Breast Carcinoma,1066,GRIN3A,Grin3a,116443,8,0.7504690431519699
brca_tcga_pan_can_atlas_2018,"Breast Invasive Carcinoma (TCGA, PanCancer Atlas)",Invasive Breast Carcinoma,1066,GRM3,Grm3,2913,12,1.125703564727955
brca_tcga_pan_can_atlas_2018,"Breast Invasive Carcinoma (TCGA, PanCancer Atlas)",Invasive Breast Carcinoma,1066,GRM5,Grm5,2915,6,0.5628517823639775
brca_tcga_pan_can_atlas_2018,"Breast Invasive Carcinoma (TCGA, PanCancer Atlas)",Invasive Breast Carcinoma,1066,GRM7,Grm7,2917,3,0.28142589118198874
brca_tcga_pan_can_atlas_2018,"Breast Invasive Carcinoma (TCGA, PanCancer Atlas)",Invasive Breast Carcinoma,1066,GRM8,Grm8,2918,9,0.8442776735459663
brca_tcga_pan_can_atlas_2018,"Breast Invasive Carcinoma (TCGA, PanCancer Atlas)",Invasive Breast Carcinoma,1066,HCN1,Hcn1,348980,9,0.8442776735459663
brca_tcga_pan_can_atlas_2018,"Breast Invasive Carcinoma (TCGA, PanCancer Atlas)",Invasive Breast Carcinoma,1066,HDAC9,Hdac9,9734,6,0.5628517823639775
brca_tcga_pan_can_atlas_2018,"Breast Invasive Carcinoma (TCGA, PanCancer Atlas)",Invasive Breast Carcinoma,1066,HECW1,Hecw1,23072,20,1.876172607879925
brca_tcga_pan_can_atlas_2018,"Breast Invasive Carcinoma (TCGA, PanCancer Atlas)",Invasive Breast Carcinoma,1066,HECW2,Hecw2,57520,16,1.5009380863039399
brca_tcga_pan_can_atlas_2018,"Breast Invasive Carcinoma (TCGA, PanCancer Atlas)",Invasive Breast Carcinoma,1066,HERC1,Herc1,8925,26,2.4390243902439024
brca_tcga_pan_can_atlas_2018,"Breast Invasive Carcinoma (TCGA, PanCancer Atlas)",Invasive Breast Carcinoma,1066,HIVEP2,Hivep2,3097,15,1.4071294559099436
brca_tcga_pan_can_atlas_2018,"Breast Invasive Carcinoma (TCGA, PanCancer Atlas)",Invasive Breast Carcinoma,1066,HIVEP3,Hivep3,59269,16,1.5009380863039399
brca_tcga_pan_can_atlas_2018,"Breast Invasive Carcinoma (TCGA, PanCancer Atlas)",Invasive Breast Carcinoma,1066,HS3ST4,Hs3st4,9951,5,0.46904315196998125
brca_tcga_pan_can_atlas_2018,"Breast Invasive Carcinoma (TCGA, PanCancer Atlas)",Invasive Breast Carcinoma,1066,HSPA12A,Hspa12a,259217,9,0.8442776735459663
brca_tcga_pan_can_atlas_2018,"Breast Invasive Carcinoma (TCGA, PanCancer Atlas)",Invasive Breast Carcinoma,1066,HTR2C,Htr2c,3358,6,0.5628517823639775
brca_tcga_pan_can_atlas_2018,"Breast Invasive Carcinoma (TCGA, PanCancer Atlas)",Invasive Breast Carcinoma,1066,IGF1,Igf1,3479,2,0.18761726078799248
brca_tcga_pan_can_atlas_2018,"Breast Invasive Carcinoma (TCGA, PanCancer Atlas)",Invasive Breast Carcinoma,1066,IL1RAPL1,Il1rapl1,11141,10,0.9380863039399625
brca_tcga_pan_can_atlas_2018,"Breast Invasive Carcinoma (TCGA, PanCancer Atlas)",Invasive Breast Carcinoma,1066,IL1RAPL2,Il1rapl2,26280,4,0.37523452157598497
brca_tcga_pan_can_atlas_2018,"Breast Invasive Carcinoma (TCGA, PanCancer Atlas)",Invasive Breast Carcinoma,1066,INPP4B,Inpp4b,8821,8,0.7504690431519699
brca_tcga_pan_can_atlas_2018,"Breast Invasive Carcinoma (TCGA, PanCancer Atlas)",Invasive Breast Carcinoma,1066,IQSEC1,Iqsec1,9922,3,0.28142589118198874
brca_tcga_pan_can_atlas_2018,"Breast Invasive Carcinoma (TCGA, PanCancer Atlas)",Invasive Breast Carcinoma,1066,ITGA8,Itga8,8516,12,1.125703564727955
brca_tcga_pan_can_atlas_2018,"Breast Invasive Carcinoma (TCGA, PanCancer Atlas)",Invasive Breast Carcinoma,1066,ITPK1,Itpk1,3705,5,0.46904315196998125
brca_tcga_pan_can_atlas_2018,"Breast Invasive Carcinoma (TCGA, PanCancer Atlas)",Invasive Breast Carcinoma,1066,ITPR1,Itpr1,3708,19,1.7823639774859288
brca_tcga_pan_can_atlas_2018,"Breast Invasive Carcinoma (TCGA, PanCancer Atlas)",Invasive Breast Carcinoma,1066,ITSN1,Itsn1,6453,12,1.125703564727955
brca_tcga_pan_can_atlas_2018,"Breast Invasive Carcinoma (TCGA, PanCancer Atlas)",Invasive Breast Carcinoma,1066,KALRN,Kalrn,8997,14,1.3133208255159474
brca_tcga_pan_can_atlas_2018,"Breast Invasive Carcinoma (TCGA, PanCancer Atlas)",Invasive Breast Carcinoma,1066,KCNAB1,Kcnab1,7881,6,0.5628517823639775
brca_tcga_pan_can_atlas_2018,"Breast Invasive Carcinoma (TCGA, PanCancer Atlas)",Invasive Breast Carcinoma,1066,KCNB1,Kcnb1,3745,7,0.6566604127579737
brca_tcga_pan_can_atlas_2018,"Breast Invasive Carcinoma (TCGA, PanCancer Atlas)",Invasive Breast Carcinoma,1066,KCNB2,Kcnb2,9312,12,1.125703564727955
brca_tcga_pan_can_atlas_2018,"Breast Invasive Carcinoma (TCGA, PanCancer Atlas)",Invasive Breast Carcinoma,1066,KCNC1,Kcnc1,3746,3,0.28142589118198874
brca_tcga_pan_can_atlas_2018,"Breast Invasive Carcinoma (TCGA, PanCancer Atlas)",Invasive Breast Carcinoma,1066,KCNC2,Kcnc2,3747,8,0.7504690431519699
brca_tcga_pan_can_atlas_2018,"Breast Invasive Carcinoma (TCGA, PanCancer Atlas)",Invasive Breast Carcinoma,1066,KCND3,Kcnd3,3752,7,0.6566604127579737
brca_tcga_pan_can_atlas_2018,"Breast Invasive Carcinoma (TCGA, PanCancer Atlas)",Invasive Breast Carcinoma,1066,KCNH1,Kcnh1,3756,11,1.0318949343339587
brca_tcga_pan_can_atlas_2018,"Breast Invasive Carcinoma (TCGA, PanCancer Atlas)",Invasive Breast Carcinoma,1066,KCNH5,Kcnh5,27133,6,0.5628517823639775
brca_tcga_pan_can_atlas_2018,"Breast Invasive Carcinoma (TCGA, PanCancer Atlas)",Invasive Breast Carcinoma,1066,KCNH7,Kcnh7,90134,9,0.8442776735459663
brca_tcga_pan_can_atlas_2018,"Breast Invasive Carcinoma (TCGA, PanCancer Atlas)",Invasive Breast Carcinoma,1066,KCNJ3,Kcnj3,3760,3,0.28142589118198874
brca_tcga_pan_can_atlas_2018,"Breast Invasive Carcinoma (TCGA, PanCancer Atlas)",Invasive Breast Carcinoma,1066,KCNMA1,Kcnma1,3778,9,0.8442776735459663
brca_tcga_pan_can_atlas_2018,"Breast Invasive Carcinoma (TCGA, PanCancer Atlas)",Invasive Breast Carcinoma,1066,KCNQ3,Kcnq3,3786,12,1.125703564727955
brca_tcga_pan_can_atlas_2018,"Breast Invasive Carcinoma (TCGA, PanCancer Atlas)",Invasive Breast Carcinoma,1066,KCNQ5,Kcnq5,56479,9,0.8442776735459663
brca_tcga_pan_can_atlas_2018,"Breast Invasive Carcinoma (TCGA, PanCancer Atlas)",Invasive Breast Carcinoma,1066,KCNT1,Kcnt1,57582,10,0.9380863039399625
brca_tcga_pan_can_atlas_2018,"Breast Invasive Carcinoma (TCGA, PanCancer Atlas)",Invasive Breast Carcinoma,1066,KCNT2,Kcnt2,343450,19,1.7823639774859288
brca_tcga_pan_can_atlas_2018,"Breast Invasive Carcinoma (TCGA, PanCancer Atlas)",Invasive Breast Carcinoma,1066,KCTD8,Kctd8,386617,3,0.28142589118198874
brca_tcga_pan_can_atlas_2018,"Breast Invasive Carcinoma (TCGA, PanCancer Atlas)",Invasive Breast Carcinoma,1066,KHDRBS2,Khdrbs2,202559,5,0.46904315196998125
brca_tcga_pan_can_atlas_2018,"Breast Invasive Carcinoma (TCGA, PanCancer Atlas)",Invasive Breast Carcinoma,1066,KIDINS220,Kidins220,57498,8,0.7504690431519699
brca_tcga_pan_can_atlas_2018,"Breast Invasive Carcinoma (TCGA, PanCancer Atlas)",Invasive Breast Carcinoma,1066,KIF1A,Kif1a,547,11,1.0318949343339587
brca_tcga_pan_can_atlas_2018,"Breast Invasive Carcinoma (TCGA, PanCancer Atlas)",Invasive Breast Carcinoma,1066,KIF21A,Kif21a,55605,10,0.9380863039399625
brca_tcga_pan_can_atlas_2018,"Breast Invasive Carcinoma (TCGA, PanCancer Atlas)",Invasive Breast Carcinoma,1066,KIF26B,Kif26b,55083,19,1.7823639774859288
brca_tcga_pan_can_atlas_2018,"Breast Invasive Carcinoma (TCGA, PanCancer Atlas)",Invasive Breast Carcinoma,1066,KIF5C,Kif5c,3800,13,1.2195121951219512
brca_tcga_pan_can_atlas_2018,"Breast Invasive Carcinoma (TCGA, PanCancer Atlas)",Invasive Breast Carcinoma,1066,KIT,Kit,3815,8,0.7504690431519699
brca_tcga_pan_can_atlas_2018,"Breast Invasive Carcinoma (TCGA, PanCancer Atlas)",Invasive Breast Carcinoma,1066,KLF12,Klf12,11278,3,0.28142589118198874
brca_tcga_pan_can_atlas_2018,"Breast Invasive Carcinoma (TCGA, PanCancer Atlas)",Invasive Breast Carcinoma,1066,L3MBTL4,L3mbtl4,91133,7,0.6566604127579737
brca_tcga_pan_can_atlas_2018,"Breast Invasive Carcinoma (TCGA, PanCancer Atlas)",Invasive Breast Carcinoma,1066,LAMA4,Lama4,3910,16,1.5009380863039399
brca_tcga_pan_can_atlas_2018,"Breast Invasive Carcinoma (TCGA, PanCancer Atlas)",Invasive Breast Carcinoma,1066,LAMP5,Lamp5,24141,4,0.37523452157598497
brca_tcga_pan_can_atlas_2018,"Breast Invasive Carcinoma (TCGA, PanCancer Atlas)",Invasive Breast Carcinoma,1066,LIMCH1,Limch1,22998,6,0.5628517823639775
brca_tcga_pan_can_atlas_2018,"Breast Invasive Carcinoma (TCGA, PanCancer Atlas)",Invasive Breast Carcinoma,1066,LINGO2,Lingo2,158038,12,1.125703564727955
brca_tcga_pan_can_atlas_2018,"Breast Invasive Carcinoma (TCGA, PanCancer Atlas)",Invasive Breast Carcinoma,1066,LMO7,Lmo7,4008,3,0.28142589118198874
brca_tcga_pan_can_atlas_2018,"Breast Invasive Carcinoma (TCGA, PanCancer Atlas)",Invasive Breast Carcinoma,1066,LRFN2,Lrfn2,57497,4,0.37523452157598497
brca_tcga_pan_can_atlas_2018,"Breast Invasive Carcinoma (TCGA, PanCancer Atlas)",Invasive Breast Carcinoma,1066,LRFN5,Lrfn5,145581,6,0.5628517823639775
brca_tcga_pan_can_atlas_2018,"Breast Invasive Carcinoma (TCGA, PanCancer Atlas)",Invasive Breast Carcinoma,1066,LRP1B,Lrp1b,53353,36,3.377110694183865
brca_tcga_pan_can_atlas_2018,"Breast Invasive Carcinoma (TCGA, PanCancer Atlas)",Invasive Breast Carcinoma,1066,LRRC4C,Lrrc4c,57689,4,0.37523452157598497
brca_tcga_pan_can_atlas_2018,"Breast Invasive Carcinoma (TCGA, PanCancer Atlas)",Invasive Breast Carcinoma,1066,LRRC7,Lrrc7,57554,13,1.2195121951219512
brca_tcga_pan_can_atlas_2018,"Breast Invasive Carcinoma (TCGA, PanCancer Atlas)",Invasive Breast Carcinoma,1066,LRRTM3,Lrrtm3,347731,3,0.28142589118198874
brca_tcga_pan_can_atlas_2018,"Breast Invasive Carcinoma (TCGA, PanCancer Atlas)",Invasive Breast Carcinoma,1066,LUZP1,Luzp1,7798,6,0.5628517823639775
brca_tcga_pan_can_atlas_2018,"Breast Invasive Carcinoma (TCGA, PanCancer Atlas)",Invasive Breast Carcinoma,1066,LUZP2,Luzp2,338645,3,0.28142589118198874
brca_tcga_pan_can_atlas_2018,"Breast Invasive Carcinoma (TCGA, PanCancer Atlas)",Invasive Breast Carcinoma,1066,MACROD2,Macrod2,140733,6,0.5628517823639775
brca_tcga_pan_can_atlas_2018,"Breast Invasive Carcinoma (TCGA, PanCancer Atlas)",Invasive Breast Carcinoma,1066,MAGI1,Magi1,9223,19,1.7823639774859288
brca_tcga_pan_can_atlas_2018,"Breast Invasive Carcinoma (TCGA, PanCancer Atlas)",Invasive Breast Carcinoma,1066,MAGI2,Magi2,9863,15,1.4071294559099436
brca_tcga_pan_can_atlas_2018,"Breast Invasive Carcinoma (TCGA, PanCancer Atlas)",Invasive Breast Carcinoma,1066,MAGI3,Magi3,260425,9,0.8442776735459663
brca_tcga_pan_can_atlas_2018,"Breast Invasive Carcinoma (TCGA, PanCancer Atlas)",Invasive Breast Carcinoma,1066,MAP1A,Map1a,4130,27,2.5328330206378986
brca_tcga_pan_can_atlas_2018,"Breast Invasive Carcinoma (TCGA, PanCancer Atlas)",Invasive Breast Carcinoma,1066,MAP1B,Map1b,4131,7,0.6566604127579737
brca_tcga_pan_can_atlas_2018,"Breast Invasive Carcinoma (TCGA, PanCancer Atlas)",Invasive Breast Carcinoma,1066,MAP2,Map2,4133,19,1.7823639774859288
brca_tcga_pan_can_atlas_2018,"Breast Invasive Carcinoma (TCGA, PanCancer Atlas)",Invasive Breast Carcinoma,1066,MAP3K5,Map3k5,4217,13,1.2195121951219512
brca_tcga_pan_can_atlas_2018,"Breast Invasive Carcinoma (TCGA, PanCancer Atlas)",Invasive Breast Carcinoma,1066,MAP7D2,Map7d2,256714,5,0.46904315196998125
brca_tcga_pan_can_atlas_2018,"Breast Invasive Carcinoma (TCGA, PanCancer Atlas)",Invasive Breast Carcinoma,1066,MARK1,Mark1,4139,13,1.2195121951219512
brca_tcga_pan_can_atlas_2018,"Breast Invasive Carcinoma (TCGA, PanCancer Atlas)",Invasive Breast Carcinoma,1066,MAST3,Mast3,23031,6,0.5628517823639775
brca_tcga_pan_can_atlas_2018,"Breast Invasive Carcinoma (TCGA, PanCancer Atlas)",Invasive Breast Carcinoma,1066,MCC,Mcc,4163,6,0.5628517823639775
brca_tcga_pan_can_atlas_2018,"Breast Invasive Carcinoma (TCGA, PanCancer Atlas)",Invasive Breast Carcinoma,1066,MCTP1,Mctp1,79772,4,0.37523452157598497
brca_tcga_pan_can_atlas_2018,"Breast Invasive Carcinoma (TCGA, PanCancer Atlas)",Invasive Breast Carcinoma,1066,MDGA2,Mdga2,161357,11,1.0318949343339587
brca_tcga_pan_can_atlas_2018,"Breast Invasive Carcinoma (TCGA, PanCancer Atlas)",Invasive Breast Carcinoma,1066,MEF2C,Mef2c,4208,6,0.5628517823639775
brca_tcga_pan_can_atlas_2018,"Breast Invasive Carcinoma (TCGA, PanCancer Atlas)",Invasive Breast Carcinoma,1066,MGAT4C,Mgat4c,25834,5,0.46904315196998125
brca_tcga_pan_can_atlas_2018,"Breast Invasive Carcinoma (TCGA, PanCancer Atlas)",Invasive Breast Carcinoma,1066,MGAT5,Mgat5,4249,8,0.7504690431519699
brca_tcga_pan_can_atlas_2018,"Breast Invasive Carcinoma (TCGA, PanCancer Atlas)",Invasive Breast Carcinoma,1066,MICAL2,Mical2,9645,12,1.125703564727955
brca_tcga_pan_can_atlas_2018,"Breast Invasive Carcinoma (TCGA, PanCancer Atlas)",Invasive Breast Carcinoma,1066,MLIP,Mlip,90523,3,0.28142589118198874
brca_tcga_pan_can_atlas_2018,"Breast Invasive Carcinoma (TCGA, PanCancer Atlas)",Invasive Breast Carcinoma,1066,MMP16,Mmp16,4325,7,0.6566604127579737
brca_tcga_pan_can_atlas_2018,"Breast Invasive Carcinoma (TCGA, PanCancer Atlas)",Invasive Breast Carcinoma,1066,MPDZ,Mpdz,8777,11,1.0318949343339587
brca_tcga_pan_can_atlas_2018,"Breast Invasive Carcinoma (TCGA, PanCancer Atlas)",Invasive Breast Carcinoma,1066,MTUS2,Mtus2,23281,12,1.125703564727955
brca_tcga_pan_can_atlas_2018,"Breast Invasive Carcinoma (TCGA, PanCancer Atlas)",Invasive Breast Carcinoma,1066,MYH10,Myh10,4628,16,1.5009380863039399
brca_tcga_pan_can_atlas_2018,"Breast Invasive Carcinoma (TCGA, PanCancer Atlas)",Invasive Breast Carcinoma,1066,MYO16,Myo16,23026,21,1.9699812382739212
brca_tcga_pan_can_atlas_2018,"Breast Invasive Carcinoma (TCGA, PanCancer Atlas)",Invasive Breast Carcinoma,1066,MYO5A,Myo5a,4644,10,0.9380863039399625
brca_tcga_pan_can_atlas_2018,"Breast Invasive Carcinoma (TCGA, PanCancer Atlas)",Invasive Breast Carcinoma,1066,MYRIP,Myrip,25924,8,0.7504690431519699
brca_tcga_pan_can_atlas_2018,"Breast Invasive Carcinoma (TCGA, PanCancer Atlas)",Invasive Breast Carcinoma,1066,MYT1L,Myt1l,23040,14,1.3133208255159474
brca_tcga_pan_can_atlas_2018,"Breast Invasive Carcinoma (TCGA, PanCancer Atlas)",Invasive Breast Carcinoma,1066,NAV2,Nav2,89797,13,1.2195121951219512
brca_tcga_pan_can_atlas_2018,"Breast Invasive Carcinoma (TCGA, PanCancer Atlas)",Invasive Breast Carcinoma,1066,NAV3,Nav3,89795,19,1.7823639774859288
brca_tcga_pan_can_atlas_2018,"Breast Invasive Carcinoma (TCGA, PanCancer Atlas)",Invasive Breast Carcinoma,1066,NCAM1,Ncam1,4684,7,0.6566604127579737
brca_tcga_pan_can_atlas_2018,"Breast Invasive Carcinoma (TCGA, PanCancer Atlas)",Invasive Breast Carcinoma,1066,NCAM2,Ncam2,4685,7,0.6566604127579737
brca_tcga_pan_can_atlas_2018,"Breast Invasive Carcinoma (TCGA, PanCancer Atlas)",Invasive Breast Carcinoma,1066,NDST3,Ndst3,9348,7,0.6566604127579737
brca_tcga_pan_can_atlas_2018,"Breast Invasive Carcinoma (TCGA, PanCancer Atlas)",Invasive Breast Carcinoma,1066,NEBL,Nebl,10529,8,0.7504690431519699
brca_tcga_pan_can_atlas_2018,"Breast Invasive Carcinoma (TCGA, PanCancer Atlas)",Invasive Breast Carcinoma,1066,NEFM,Nefm,4741,8,0.7504690431519699
brca_tcga_pan_can_atlas_2018,"Breast Invasive Carcinoma (TCGA, PanCancer Atlas)",Invasive Breast Carcinoma,1066,NELL1,Nell1,4745,8,0.7504690431519699
brca_tcga_pan_can_atlas_2018,"Breast Invasive Carcinoma (TCGA, PanCancer Atlas)",Invasive Breast Carcinoma,1066,NELL2,Nell2,4753,7,0.6566604127579737
brca_tcga_pan_can_atlas_2018,"Breast Invasive Carcinoma (TCGA, PanCancer Atlas)",Invasive Breast Carcinoma,1066,NETO1,Neto1,81832,6,0.5628517823639775
brca_tcga_pan_can_atlas_2018,"Breast Invasive Carcinoma (TCGA, PanCancer Atlas)",Invasive Breast Carcinoma,1066,NF1,Nf1,4763,38,3.5647279549718576
brca_tcga_pan_can_atlas_2018,"Breast Invasive Carcinoma (TCGA, PanCancer Atlas)",Invasive Breast Carcinoma,1066,NFIB,Nfib,4781,2,0.18761726078799248
brca_tcga_pan_can_atlas_2018,"Breast Invasive Carcinoma (TCGA, PanCancer Atlas)",Invasive Breast Carcinoma,1066,NHS,Nhs,4810,15,1.4071294559099436
brca_tcga_pan_can_atlas_2018,"Breast Invasive Carcinoma (TCGA, PanCancer Atlas)",Invasive Breast Carcinoma,1066,NIN,Nin,51199,17,1.594746716697936
brca_tcga_pan_can_atlas_2018,"Breast Invasive Carcinoma (TCGA, PanCancer Atlas)",Invasive Breast Carcinoma,1066,NLGN1,Nlgn1,22871,6,0.5628517823639775
brca_tcga_pan_can_atlas_2018,"Breast Invasive Carcinoma (TCGA, PanCancer Atlas)",Invasive Breast Carcinoma,1066,NOL4,Nol4,8715,4,0.37523452157598497
brca_tcga_pan_can_atlas_2018,"Breast Invasive Carcinoma (TCGA, PanCancer Atlas)",Invasive Breast Carcinoma,1066,NPAS2,Npas2,4862,7,0.6566604127579737
brca_tcga_pan_can_atlas_2018,"Breast Invasive Carcinoma (TCGA, PanCancer Atlas)",Invasive Breast Carcinoma,1066,NPAS3,Npas3,64067,8,0.7504690431519699
brca_tcga_pan_can_atlas_2018,"Breast Invasive Carcinoma (TCGA, PanCancer Atlas)",Invasive Breast Carcinoma,1066,NR2F2,Nr2f2,7026,1,0.09380863039399624
brca_tcga_pan_can_atlas_2018,"Breast Invasive Carcinoma (TCGA, PanCancer Atlas)",Invasive Breast Carcinoma,1066,NR3C2,Nr3c2,4306,8,0.7504690431519699
brca_tcga_pan_can_atlas_2018,"Breast Invasive Carcinoma (TCGA, PanCancer Atlas)",Invasive Breast Carcinoma,1066,NRG3,Nrg3,10718,6,0.5628517823639775
brca_tcga_pan_can_atlas_2018,"Breast Invasive Carcinoma (TCGA, PanCancer Atlas)",Invasive Breast Carcinoma,1066,NRXN1,Nrxn1,9378,13,1.2195121951219512
brca_tcga_pan_can_atlas_2018,"Breast Invasive Carcinoma (TCGA, PanCancer Atlas)",Invasive Breast Carcinoma,1066,NRXN3,Nrxn3,9369,14,1.3133208255159474
brca_tcga_pan_can_atlas_2018,"Breast Invasive Carcinoma (TCGA, PanCancer Atlas)",Invasive Breast Carcinoma,1066,NTN4,Ntn4,59277,3,0.28142589118198874
brca_tcga_pan_can_atlas_2018,"Breast Invasive Carcinoma (TCGA, PanCancer Atlas)",Invasive Breast Carcinoma,1066,NTNG1,Ntng1,22854,2,0.18761726078799248
brca_tcga_pan_can_atlas_2018,"Breast Invasive Carcinoma (TCGA, PanCancer Atlas)",Invasive Breast Carcinoma,1066,NTRK3,Ntrk3,4916,8,0.7504690431519699
brca_tcga_pan_can_atlas_2018,"Breast Invasive Carcinoma (TCGA, PanCancer Atlas)",Invasive Breast Carcinoma,1066,NXPH1,Nxph1,30010,3,0.28142589118198874
brca_tcga_pan_can_atlas_2018,"Breast Invasive Carcinoma (TCGA, PanCancer Atlas)",Invasive Breast Carcinoma,1066,NYAP2,Nyap2,57624,3,0.28142589118198874
brca_tcga_pan_can_atlas_2018,"Breast Invasive Carcinoma (TCGA, PanCancer Atlas)",Invasive Breast Carcinoma,1066,OLFM3,Olfm3,118427,1,0.09380863039399624
brca_tcga_pan_can_atlas_2018,"Breast Invasive Carcinoma (TCGA, PanCancer Atlas)",Invasive Breast Carcinoma,1066,OPCML,Opcml,4978,2,0.18761726078799248
brca_tcga_pan_can_atlas_2018,"Breast Invasive Carcinoma (TCGA, PanCancer Atlas)",Invasive Breast Carcinoma,1066,OSBPL1A,Osbpl1a,114876,9,0.8442776735459663
brca_tcga_pan_can_atlas_2018,"Breast Invasive Carcinoma (TCGA, PanCancer Atlas)",Invasive Breast Carcinoma,1066,OSBPL3,Osbpl3,26031,7,0.6566604127579737
brca_tcga_pan_can_atlas_2018,"Breast Invasive Carcinoma (TCGA, PanCancer Atlas)",Invasive Breast Carcinoma,1066,OSBPL6,Osbpl6,114880,5,0.46904315196998125
brca_tcga_pan_can_atlas_2018,"Breast Invasive Carcinoma (TCGA, PanCancer Atlas)",Invasive Breast Carcinoma,1066,OSBPL8,Osbpl8,114882,10,0.9380863039399625
brca_tcga_pan_can_atlas_2018,"Breast Invasive Carcinoma (TCGA, PanCancer Atlas)",Invasive Breast Carcinoma,1066,OXR1,Oxr1,55074,12,1.125703564727955
brca_tcga_pan_can_atlas_2018,"Breast Invasive Carcinoma (TCGA, PanCancer Atlas)",Invasive Breast Carcinoma,1066,PARM1,Parm1,25849,2,0.18761726078799248
brca_tcga_pan_can_atlas_2018,"Breast Invasive Carcinoma (TCGA, PanCancer Atlas)",Invasive Breast Carcinoma,1066,PCDH11X,Pcdh11x,27328,17,1.594746716697936
brca_tcga_pan_can_atlas_2018,"Breast Invasive Carcinoma (TCGA, PanCancer Atlas)",Invasive Breast Carcinoma,1066,PCDH15,Pcdh15,65217,26,2.4390243902439024
brca_tcga_pan_can_atlas_2018,"Breast Invasive Carcinoma (TCGA, PanCancer Atlas)",Invasive Breast Carcinoma,1066,PCDH7,Pcdh7,5099,4,0.37523452157598497
brca_tcga_pan_can_atlas_2018,"Breast Invasive Carcinoma (TCGA, PanCancer Atlas)",Invasive Breast Carcinoma,1066,PCDH9,Pcdh9,5101,11,1.0318949343339587
brca_tcga_pan_can_atlas_2018,"Breast Invasive Carcinoma (TCGA, PanCancer Atlas)",Invasive Breast Carcinoma,1066,PCLO,Pclo,27445,38,3.5647279549718576
brca_tcga_pan_can_atlas_2018,"Breast Invasive Carcinoma (TCGA, PanCancer Atlas)",Invasive Breast Carcinoma,1066,PCSK2,Pcsk2,5126,6,0.5628517823639775
brca_tcga_pan_can_atlas_2018,"Breast Invasive Carcinoma (TCGA, PanCancer Atlas)",Invasive Breast Carcinoma,1066,PDE1A,Pde1a,5136,6,0.5628517823639775
brca_tcga_pan_can_atlas_2018,"Breast Invasive Carcinoma (TCGA, PanCancer Atlas)",Invasive Breast Carcinoma,1066,PDE1C,Pde1c,5137,9,0.8442776735459663
brca_tcga_pan_can_atlas_2018,"Breast Invasive Carcinoma (TCGA, PanCancer Atlas)",Invasive Breast Carcinoma,1066,PDE2A,Pde2a,5138,4,0.37523452157598497
brca_tcga_pan_can_atlas_2018,"Breast Invasive Carcinoma (TCGA, PanCancer Atlas)",Invasive Breast Carcinoma,1066,PDE4B,Pde4b,5142,11,1.0318949343339587
brca_tcga_pan_can_atlas_2018,"Breast Invasive Carcinoma (TCGA, PanCancer Atlas)",Invasive Breast Carcinoma,1066,PDZD2,Pdzd2,23037,25,2.345215759849906
brca_tcga_pan_can_atlas_2018,"Breast Invasive Carcinoma (TCGA, PanCancer Atlas)",Invasive Breast Carcinoma,1066,PDZRN3,Pdzrn3,23024,9,0.8442776735459663
brca_tcga_pan_can_atlas_2018,"Breast Invasive Carcinoma (TCGA, PanCancer Atlas)",Invasive Breast Carcinoma,1066,PDZRN4,Pdzrn4,29951,10,0.9380863039399625
brca_tcga_pan_can_atlas_2018,"Breast Invasive Carcinoma (TCGA, PanCancer Atlas)",Invasive Breast Carcinoma,1066,PENK,Penk,5179,3,0.28142589118198874
brca_tcga_pan_can_atlas_2018,"Breast Invasive Carcinoma (TCGA, PanCancer Atlas)",Invasive Breast Carcinoma,1066,PHACTR1,Phactr1,221692,7,0.6566604127579737
brca_tcga_pan_can_atlas_2018,"Breast Invasive Carcinoma (TCGA, PanCancer Atlas)",Invasive Breast Carcinoma,1066,PI4KA,Pi4ka,5297,13,1.2195121951219512
brca_tcga_pan_can_atlas_2018,"Breast Invasive Carcinoma (TCGA, PanCancer Atlas)",Invasive Breast Carcinoma,1066,PKD1,Pkd1,5310,13,1.2195121951219512
brca_tcga_pan_can_atlas_2018,"Breast Invasive Carcinoma (TCGA, PanCancer Atlas)",Invasive Breast Carcinoma,1066,PKP2,Pkp2,5318,9,0.8442776735459663
brca_tcga_pan_can_atlas_2018,"Breast Invasive Carcinoma (TCGA, PanCancer Atlas)",Invasive Breast Carcinoma,1066,PLCB1,Plcb1,23236,13,1.2195121951219512
brca_tcga_pan_can_atlas_2018,"Breast Invasive Carcinoma (TCGA, PanCancer Atlas)",Invasive Breast Carcinoma,1066,PLCB4,Plcb4,5332,18,1.6885553470919326
brca_tcga_pan_can_atlas_2018,"Breast Invasive Carcinoma (TCGA, PanCancer Atlas)",Invasive Breast Carcinoma,1066,PLCH1,Plch1,23007,16,1.5009380863039399
brca_tcga_pan_can_atlas_2018,"Breast Invasive Carcinoma (TCGA, PanCancer Atlas)",Invasive Breast Carcinoma,1066,PLCL2,Plcl2,23228,14,1.3133208255159474
brca_tcga_pan_can_atlas_2018,"Breast Invasive Carcinoma (TCGA, PanCancer Atlas)",Invasive Breast Carcinoma,1066,PLCXD3,Plcxd3,345557,6,0.5628517823639775
brca_tcga_pan_can_atlas_2018,"Breast Invasive Carcinoma (TCGA, PanCancer Atlas)",Invasive Breast Carcinoma,1066,PLD3,Pld3,23646,3,0.28142589118198874
brca_tcga_pan_can_atlas_2018,"Breast Invasive Carcinoma (TCGA, PanCancer Atlas)",Invasive Breast Carcinoma,1066,PLD5,Pld5,200150,10,0.9380863039399625
brca_tcga_pan_can_atlas_2018,"Breast Invasive Carcinoma (TCGA, PanCancer Atlas)",Invasive Breast Carcinoma,1066,PLXNA2,Plxna2,5362,20,1.876172607879925
brca_tcga_pan_can_atlas_2018,"Breast Invasive Carcinoma (TCGA, PanCancer Atlas)",Invasive Breast Carcinoma,1066,PLXNA4,Plxna4,91584,15,1.4071294559099436
brca_tcga_pan_can_atlas_2018,"Breast Invasive Carcinoma (TCGA, PanCancer Atlas)",Invasive Breast Carcinoma,1066,PPARGC1A,Ppargc1a,10891,9,0.8442776735459663
brca_tcga_pan_can_atlas_2018,"Breast Invasive Carcinoma (TCGA, PanCancer Atlas)",Invasive Breast Carcinoma,1066,PPFIA2,Ppfia2,8499,12,1.125703564727955
brca_tcga_pan_can_atlas_2018,"Breast Invasive Carcinoma (TCGA, PanCancer Atlas)",Invasive Breast Carcinoma,1066,PPFIBP1,Ppfibp1,8496,7,0.6566604127579737
brca_tcga_pan_can_atlas_2018,"Breast Invasive Carcinoma (TCGA, PanCancer Atlas)",Invasive Breast Carcinoma,1066,PPIP5K2,Ppip5k2,23262,9,0.8442776735459663
brca_tcga_pan_can_atlas_2018,"Breast Invasive Carcinoma (TCGA, PanCancer Atlas)",Invasive Breast Carcinoma,1066,PRICKLE1,Prickle1,144165,7,0.6566604127579737
brca_tcga_pan_can_atlas_2018,"Breast Invasive Carcinoma (TCGA, PanCancer Atlas)",Invasive Breast Carcinoma,1066,PRICKLE2,Prickle2,166336,6,0.5628517823639775
brca_tcga_pan_can_atlas_2018,"Breast Invasive Carcinoma (TCGA, PanCancer Atlas)",Invasive Breast Carcinoma,1066,PRKCA,Prkca,5578,6,0.5628517823639775
brca_tcga_pan_can_atlas_2018,"Breast Invasive Carcinoma (TCGA, PanCancer Atlas)",Invasive Breast Carcinoma,1066,PRKD1,Prkd1,5587,10,0.9380863039399625
brca_tcga_pan_can_atlas_2018,"Breast Invasive Carcinoma (TCGA, PanCancer Atlas)",Invasive Breast Carcinoma,1066,PRKG1,Prkg1,5592,6,0.5628517823639775
brca_tcga_pan_can_atlas_2018,"Breast Invasive Carcinoma (TCGA, PanCancer Atlas)",Invasive Breast Carcinoma,1066,PRMT8,Prmt8,56341,5,0.46904315196998125
brca_tcga_pan_can_atlas_2018,"Breast Invasive Carcinoma (TCGA, PanCancer Atlas)",Invasive Breast Carcinoma,1066,PROX1,Prox1,5629,11,1.0318949343339587
brca_tcga_pan_can_atlas_2018,"Breast Invasive Carcinoma (TCGA, PanCancer Atlas)",Invasive Breast Carcinoma,1066,PRR16,Prr16,51334,2,0.18761726078799248
brca_tcga_pan_can_atlas_2018,"Breast Invasive Carcinoma (TCGA, PanCancer Atlas)",Invasive Breast Carcinoma,1066,PTCHD4,Ptchd4,442213,11,1.0318949343339587
brca_tcga_pan_can_atlas_2018,"Breast Invasive Carcinoma (TCGA, PanCancer Atlas)",Invasive Breast Carcinoma,1066,PTK2B,Ptk2b,2185,8,0.7504690431519699
brca_tcga_pan_can_atlas_2018,"Breast Invasive Carcinoma (TCGA, PanCancer Atlas)",Invasive Breast Carcinoma,1066,PTPRD,Ptprd,5789,27,2.5328330206378986
brca_tcga_pan_can_atlas_2018,"Breast Invasive Carcinoma (TCGA, PanCancer Atlas)",Invasive Breast Carcinoma,1066,PTPRE,Ptpre,5791,9,0.8442776735459663
brca_tcga_pan_can_atlas_2018,"Breast Invasive Carcinoma (TCGA, PanCancer Atlas)",Invasive Breast Carcinoma,1066,PTPRG,Ptprg,5793,15,1.4071294559099436
brca_tcga_pan_can_atlas_2018,"Breast Invasive Carcinoma (TCGA, PanCancer Atlas)",Invasive Breast Carcinoma,1066,PTPRM,Ptprm,5797,10,0.9380863039399625
brca_tcga_pan_can_atlas_2018,"Breast Invasive Carcinoma (TCGA, PanCancer Atlas)",Invasive Breast Carcinoma,1066,PTPRN,Ptprn,5798,5,0.46904315196998125
brca_tcga_pan_can_atlas_2018,"Breast Invasive Carcinoma (TCGA, PanCancer Atlas)",Invasive Breast Carcinoma,1066,PTPRN2,Ptprn2,5799,9,0.8442776735459663
brca_tcga_pan_can_atlas_2018,"Breast Invasive Carcinoma (TCGA, PanCancer Atlas)",Invasive Breast Carcinoma,1066,PTPRO,Ptpro,5800,8,0.7504690431519699
brca_tcga_pan_can_atlas_2018,"Breast Invasive Carcinoma (TCGA, PanCancer Atlas)",Invasive Breast Carcinoma,1066,PTPRR,Ptprr,5801,3,0.28142589118198874
brca_tcga_pan_can_atlas_2018,"Breast Invasive Carcinoma (TCGA, PanCancer Atlas)",Invasive Breast Carcinoma,1066,PTPRS,Ptprs,5802,6,0.5628517823639775
brca_tcga_pan_can_atlas_2018,"Breast Invasive Carcinoma (TCGA, PanCancer Atlas)",Invasive Breast Carcinoma,1066,PTPRT,Ptprt,11122,13,1.2195121951219512
brca_tcga_pan_can_atlas_2018,"Breast Invasive Carcinoma (TCGA, PanCancer Atlas)",Invasive Breast Carcinoma,1066,RALGAPA2,Ralgapa2,57186,10,0.9380863039399625
brca_tcga_pan_can_atlas_2018,"Breast Invasive Carcinoma (TCGA, PanCancer Atlas)",Invasive Breast Carcinoma,1066,RALYL,Ralyl,138046,3,0.28142589118198874
brca_tcga_pan_can_atlas_2018,"Breast Invasive Carcinoma (TCGA, PanCancer Atlas)",Invasive Breast Carcinoma,1066,RAPGEF2,Rapgef2,9693,9,0.8442776735459663
brca_tcga_pan_can_atlas_2018,"Breast Invasive Carcinoma (TCGA, PanCancer Atlas)",Invasive Breast Carcinoma,1066,RAPGEF4,Rapgef4,11069,5,0.46904315196998125
brca_tcga_pan_can_atlas_2018,"Breast Invasive Carcinoma (TCGA, PanCancer Atlas)",Invasive Breast Carcinoma,1066,RAPGEF5,Rapgef5,9771,6,0.5628517823639775
brca_tcga_pan_can_atlas_2018,"Breast Invasive Carcinoma (TCGA, PanCancer Atlas)",Invasive Breast Carcinoma,1066,RARB,Rarb,5915,8,0.7504690431519699
brca_tcga_pan_can_atlas_2018,"Breast Invasive Carcinoma (TCGA, PanCancer Atlas)",Invasive Breast Carcinoma,1066,RASAL2,Rasal2,9462,12,1.125703564727955
brca_tcga_pan_can_atlas_2018,"Breast Invasive Carcinoma (TCGA, PanCancer Atlas)",Invasive Breast Carcinoma,1066,RASGRF2,Rasgrf2,5924,8,0.7504690431519699
brca_tcga_pan_can_atlas_2018,"Breast Invasive Carcinoma (TCGA, PanCancer Atlas)",Invasive Breast Carcinoma,1066,RBFOX1,Rbfox1,54715,8,0.7504690431519699
brca_tcga_pan_can_atlas_2018,"Breast Invasive Carcinoma (TCGA, PanCancer Atlas)",Invasive Breast Carcinoma,1066,RELN,Reln,5649,34,3.189493433395872
brca_tcga_pan_can_atlas_2018,"Breast Invasive Carcinoma (TCGA, PanCancer Atlas)",Invasive Breast Carcinoma,1066,REV3L,Rev3l,5980,20,1.876172607879925
brca_tcga_pan_can_atlas_2018,"Breast Invasive Carcinoma (TCGA, PanCancer Atlas)",Invasive Breast Carcinoma,1066,RGS12,Rgs12,6002,7,0.6566604127579737
brca_tcga_pan_can_atlas_2018,"Breast Invasive Carcinoma (TCGA, PanCancer Atlas)",Invasive Breast Carcinoma,1066,RGS6,Rgs6,9628,5,0.46904315196998125
brca_tcga_pan_can_atlas_2018,"Breast Invasive Carcinoma (TCGA, PanCancer Atlas)",Invasive Breast Carcinoma,1066,RGS7,Rgs7,6000,12,1.125703564727955
brca_tcga_pan_can_atlas_2018,"Breast Invasive Carcinoma (TCGA, PanCancer Atlas)",Invasive Breast Carcinoma,1066,RIMBP2,Rimbp2,23504,16,1.5009380863039399
brca_tcga_pan_can_atlas_2018,"Breast Invasive Carcinoma (TCGA, PanCancer Atlas)",Invasive Breast Carcinoma,1066,ROBO1,Robo1,6091,15,1.4071294559099436
brca_tcga_pan_can_atlas_2018,"Breast Invasive Carcinoma (TCGA, PanCancer Atlas)",Invasive Breast Carcinoma,1066,ROBO2,Robo2,6092,11,1.0318949343339587
brca_tcga_pan_can_atlas_2018,"Breast Invasive Carcinoma (TCGA, PanCancer Atlas)",Invasive Breast Carcinoma,1066,ROCK2,Rock2,9475,11,1.0318949343339587
brca_tcga_pan_can_atlas_2018,"Breast Invasive Carcinoma (TCGA, PanCancer Atlas)",Invasive Breast Carcinoma,1066,RPH3A,Rph3a,22895,7,0.6566604127579737
brca_tcga_pan_can_atlas_2018,"Breast Invasive Carcinoma (TCGA, PanCancer Atlas)",Invasive Breast Carcinoma,1066,RPS6KA2,Rps6ka2,6196,10,0.9380863039399625
brca_tcga_pan_can_atlas_2018,"Breast Invasive Carcinoma (TCGA, PanCancer Atlas)",Invasive Breast Carcinoma,1066,RPS6KC1,Rps6kc1,26750,4,0.37523452157598497
brca_tcga_pan_can_atlas_2018,"Breast Invasive Carcinoma (TCGA, PanCancer Atlas)",Invasive Breast Carcinoma,1066,RTN1,Rtn1,6252,4,0.37523452157598497
brca_tcga_pan_can_atlas_2018,"Breast Invasive Carcinoma (TCGA, PanCancer Atlas)",Invasive Breast Carcinoma,1066,RUNX1T1,Runx1t1,862,11,1.0318949343339587
brca_tcga_pan_can_atlas_2018,"Breast Invasive Carcinoma (TCGA, PanCancer Atlas)",Invasive Breast Carcinoma,1066,RXFP1,Rxfp1,59350,6,0.5628517823639775
brca_tcga_pan_can_atlas_2018,"Breast Invasive Carcinoma (TCGA, PanCancer Atlas)",Invasive Breast Carcinoma,1066,RYR1,Ryr1,6261,34,3.189493433395872
brca_tcga_pan_can_atlas_2018,"Breast Invasive Carcinoma (TCGA, PanCancer Atlas)",Invasive Breast Carcinoma,1066,RYR2,Ryr2,6262,66,6.191369606003752
brca_tcga_pan_can_atlas_2018,"Breast Invasive Carcinoma (TCGA, PanCancer Atlas)",Invasive Breast Carcinoma,1066,RYR3,Ryr3,6263,44,4.127579737335835
brca_tcga_pan_can_atlas_2018,"Breast Invasive Carcinoma (TCGA, PanCancer Atlas)",Invasive Breast Carcinoma,1066,SCN1A,Scn1a,6323,18,1.6885553470919326
brca_tcga_pan_can_atlas_2018,"Breast Invasive Carcinoma (TCGA, PanCancer Atlas)",Invasive Breast Carcinoma,1066,SCN3A,Scn3a,6328,18,1.6885553470919326
brca_tcga_pan_can_atlas_2018,"Breast Invasive Carcinoma (TCGA, PanCancer Atlas)",Invasive Breast Carcinoma,1066,SCN8A,Scn8a,6334,15,1.4071294559099436
brca_tcga_pan_can_atlas_2018,"Breast Invasive Carcinoma (TCGA, PanCancer Atlas)",Invasive Breast Carcinoma,1066,SDK1,Sdk1,221935,19,1.7823639774859288
brca_tcga_pan_can_atlas_2018,"Breast Invasive Carcinoma (TCGA, PanCancer Atlas)",Invasive Breast Carcinoma,1066,SEMA5B,Sema5b,54437,10,0.9380863039399625
brca_tcga_pan_can_atlas_2018,"Breast Invasive Carcinoma (TCGA, PanCancer Atlas)",Invasive Breast Carcinoma,1066,SEMA6D,Sema6d,80031,6,0.5628517823639775
brca_tcga_pan_can_atlas_2018,"Breast Invasive Carcinoma (TCGA, PanCancer Atlas)",Invasive Breast Carcinoma,1066,SERPINI1,Serpini1,5274,3,0.28142589118198874
brca_tcga_pan_can_atlas_2018,"Breast Invasive Carcinoma (TCGA, PanCancer Atlas)",Invasive Breast Carcinoma,1066,SETBP1,Setbp1,26040,10,0.9380863039399625
brca_tcga_pan_can_atlas_2018,"Breast Invasive Carcinoma (TCGA, PanCancer Atlas)",Invasive Breast Carcinoma,1066,SEZ6,Sez6,124925,4,0.37523452157598497
brca_tcga_pan_can_atlas_2018,"Breast Invasive Carcinoma (TCGA, PanCancer Atlas)",Invasive Breast Carcinoma,1066,SGCZ,Sgcz,137868,2,0.18761726078799248
brca_tcga_pan_can_atlas_2018,"Breast Invasive Carcinoma (TCGA, PanCancer Atlas)",Invasive Breast Carcinoma,1066,SGK1,Sgk1,6446,4,0.37523452157598497
brca_tcga_pan_can_atlas_2018,"Breast Invasive Carcinoma (TCGA, PanCancer Atlas)",Invasive Breast Carcinoma,1066,SH3GL3,Sh3gl3,6457,2,0.18761726078799248
brca_tcga_pan_can_atlas_2018,"Breast Invasive Carcinoma (TCGA, PanCancer Atlas)",Invasive Breast Carcinoma,1066,SHANK2,Shank2,22941,15,1.4071294559099436
brca_tcga_pan_can_atlas_2018,"Breast Invasive Carcinoma (TCGA, PanCancer Atlas)",Invasive Breast Carcinoma,1066,SIPA1L1,Sipa1l1,26037,14,1.3133208255159474
brca_tcga_pan_can_atlas_2018,"Breast Invasive Carcinoma (TCGA, PanCancer Atlas)",Invasive Breast Carcinoma,1066,SIRPA,Sirpa,140885,6,0.5628517823639775
brca_tcga_pan_can_atlas_2018,"Breast Invasive Carcinoma (TCGA, PanCancer Atlas)",Invasive Breast Carcinoma,1066,SLC24A2,Slc24a2,25769,2,0.18761726078799248
brca_tcga_pan_can_atlas_2018,"Breast Invasive Carcinoma (TCGA, PanCancer Atlas)",Invasive Breast Carcinoma,1066,SLC24A3,Slc24a3,57419,7,0.6566604127579737
brca_tcga_pan_can_atlas_2018,"Breast Invasive Carcinoma (TCGA, PanCancer Atlas)",Invasive Breast Carcinoma,1066,SLC35F3,Slc35f3,148641,5,0.46904315196998125
brca_tcga_pan_can_atlas_2018,"Breast Invasive Carcinoma (TCGA, PanCancer Atlas)",Invasive Breast Carcinoma,1066,SLC35F4,Slc35f4,341880,3,0.28142589118198874
brca_tcga_pan_can_atlas_2018,"Breast Invasive Carcinoma (TCGA, PanCancer Atlas)",Invasive Breast Carcinoma,1066,SLC44A5,Slc44a5,204962,7,0.6566604127579737
brca_tcga_pan_can_atlas_2018,"Breast Invasive Carcinoma (TCGA, PanCancer Atlas)",Invasive Breast Carcinoma,1066,SLC4A8,Slc4a8,9498,2,0.18761726078799248
brca_tcga_pan_can_atlas_2018,"Breast Invasive Carcinoma (TCGA, PanCancer Atlas)",Invasive Breast Carcinoma,1066,SLC6A1,Slc6a1,6529,1,0.09380863039399624
brca_tcga_pan_can_atlas_2018,"Breast Invasive Carcinoma (TCGA, PanCancer Atlas)",Invasive Breast Carcinoma,1066,SLC6A17,Slc6a17,388662,4,0.37523452157598497
brca_tcga_pan_can_atlas_2018,"Breast Invasive Carcinoma (TCGA, PanCancer Atlas)",Invasive Breast Carcinoma,1066,SLC8A1,Slc8a1,6546,12,1.125703564727955
brca_tcga_pan_can_atlas_2018,"Breast Invasive Carcinoma (TCGA, PanCancer Atlas)",Invasive Breast Carcinoma,1066,SLC9A9,Slc9a9,285195,8,0.7504690431519699
brca_tcga_pan_can_atlas_2018,"Breast Invasive Carcinoma (TCGA, PanCancer Atlas)",Invasive Breast Carcinoma,1066,SLCO3A1,Slco3a1,28232,9,0.8442776735459663
brca_tcga_pan_can_atlas_2018,"Breast Invasive Carcinoma (TCGA, PanCancer Atlas)",Invasive Breast Carcinoma,1066,SLIT2,Slit2,9353,17,1.594746716697936
brca_tcga_pan_can_atlas_2018,"Breast Invasive Carcinoma (TCGA, PanCancer Atlas)",Invasive Breast Carcinoma,1066,SLIT3,Slit3,6586,8,0.7504690431519699
brca_tcga_pan_can_atlas_2018,"Breast Invasive Carcinoma (TCGA, PanCancer Atlas)",Invasive Breast Carcinoma,1066,SMARCA2,Smarca2,6595,13,1.2195121951219512
brca_tcga_pan_can_atlas_2018,"Breast Invasive Carcinoma (TCGA, PanCancer Atlas)",Invasive Breast Carcinoma,1066,SORBS1,Sorbs1,10580,9,0.8442776735459663
brca_tcga_pan_can_atlas_2018,"Breast Invasive Carcinoma (TCGA, PanCancer Atlas)",Invasive Breast Carcinoma,1066,SORBS2,Sorbs2,8470,9,0.8442776735459663
brca_tcga_pan_can_atlas_2018,"Breast Invasive Carcinoma (TCGA, PanCancer Atlas)",Invasive Breast Carcinoma,1066,SORCS1,Sorcs1,114815,11,1.0318949343339587
brca_tcga_pan_can_atlas_2018,"Breast Invasive Carcinoma (TCGA, PanCancer Atlas)",Invasive Breast Carcinoma,1066,SORCS2,Sorcs2,57537,3,0.28142589118198874
brca_tcga_pan_can_atlas_2018,"Breast Invasive Carcinoma (TCGA, PanCancer Atlas)",Invasive Breast Carcinoma,1066,SORCS3,Sorcs3,22986,7,0.6566604127579737
brca_tcga_pan_can_atlas_2018,"Breast Invasive Carcinoma (TCGA, PanCancer Atlas)",Invasive Breast Carcinoma,1066,SORL1,Sorl1,6653,5,0.46904315196998125
brca_tcga_pan_can_atlas_2018,"Breast Invasive Carcinoma (TCGA, PanCancer Atlas)",Invasive Breast Carcinoma,1066,SOX5,Sox5,6660,4,0.37523452157598497
brca_tcga_pan_can_atlas_2018,"Breast Invasive Carcinoma (TCGA, PanCancer Atlas)",Invasive Breast Carcinoma,1066,SOX6,Sox6,55553,9,0.8442776735459663
brca_tcga_pan_can_atlas_2018,"Breast Invasive Carcinoma (TCGA, PanCancer Atlas)",Invasive Breast Carcinoma,1066,SPARCL1,Sparcl1,8404,7,0.6566604127579737
brca_tcga_pan_can_atlas_2018,"Breast Invasive Carcinoma (TCGA, PanCancer Atlas)",Invasive Breast Carcinoma,1066,SPHKAP,Sphkap,80309,21,1.9699812382739212
brca_tcga_pan_can_atlas_2018,"Breast Invasive Carcinoma (TCGA, PanCancer Atlas)",Invasive Breast Carcinoma,1066,SPOCK1,Spock1,6695,6,0.5628517823639775
brca_tcga_pan_can_atlas_2018,"Breast Invasive Carcinoma (TCGA, PanCancer Atlas)",Invasive Breast Carcinoma,1066,SPOCK3,Spock3,50859,2,0.18761726078799248
brca_tcga_pan_can_atlas_2018,"Breast Invasive Carcinoma (TCGA, PanCancer Atlas)",Invasive Breast Carcinoma,1066,SPTAN1,Sptan1,6709,15,1.4071294559099436
brca_tcga_pan_can_atlas_2018,"Breast Invasive Carcinoma (TCGA, PanCancer Atlas)",Invasive Breast Carcinoma,1066,SPTBN4,Sptbn4,57731,14,1.3133208255159474
brca_tcga_pan_can_atlas_2018,"Breast Invasive Carcinoma (TCGA, PanCancer Atlas)",Invasive Breast Carcinoma,1066,SRGAP3,Srgap3,9901,6,0.5628517823639775
brca_tcga_pan_can_atlas_2018,"Breast Invasive Carcinoma (TCGA, PanCancer Atlas)",Invasive Breast Carcinoma,1066,SRRM4,Srrm4,84530,6,0.5628517823639775
brca_tcga_pan_can_atlas_2018,"Breast Invasive Carcinoma (TCGA, PanCancer Atlas)",Invasive Breast Carcinoma,1066,STARD13,Stard13,90627,5,0.46904315196998125
brca_tcga_pan_can_atlas_2018,"Breast Invasive Carcinoma (TCGA, PanCancer Atlas)",Invasive Breast Carcinoma,1066,STOX2,Stox2,56977,4,0.37523452157598497
brca_tcga_pan_can_atlas_2018,"Breast Invasive Carcinoma (TCGA, PanCancer Atlas)",Invasive Breast Carcinoma,1066,STRBP,Strbp,55342,4,0.37523452157598497
brca_tcga_pan_can_atlas_2018,"Breast Invasive Carcinoma (TCGA, PanCancer Atlas)",Invasive Breast Carcinoma,1066,STXBP5L,Stxbp5l,9515,4,0.37523452157598497
brca_tcga_pan_can_atlas_2018,"Breast Invasive Carcinoma (TCGA, PanCancer Atlas)",Invasive Breast Carcinoma,1066,SV2A,Sv2a,9900,8,0.7504690431519699
brca_tcga_pan_can_atlas_2018,"Breast Invasive Carcinoma (TCGA, PanCancer Atlas)",Invasive Breast Carcinoma,1066,SV2C,Sv2c,22987,3,0.28142589118198874
brca_tcga_pan_can_atlas_2018,"Breast Invasive Carcinoma (TCGA, PanCancer Atlas)",Invasive Breast Carcinoma,1066,SYNJ2,Synj2,8871,5,0.46904315196998125
brca_tcga_pan_can_atlas_2018,"Breast Invasive Carcinoma (TCGA, PanCancer Atlas)",Invasive Breast Carcinoma,1066,SYT7,Syt7,9066,1,0.09380863039399624
brca_tcga_pan_can_atlas_2018,"Breast Invasive Carcinoma (TCGA, PanCancer Atlas)",Invasive Breast Carcinoma,1066,SYTL2,Sytl2,54843,6,0.5628517823639775
brca_tcga_pan_can_atlas_2018,"Breast Invasive Carcinoma (TCGA, PanCancer Atlas)",Invasive Breast Carcinoma,1066,TACC1,Tacc1,6867,5,0.46904315196998125
brca_tcga_pan_can_atlas_2018,"Breast Invasive Carcinoma (TCGA, PanCancer Atlas)",Invasive Breast Carcinoma,1066,TENM1,Tenm1,10178,29,2.720450281425891
brca_tcga_pan_can_atlas_2018,"Breast Invasive Carcinoma (TCGA, PanCancer Atlas)",Invasive Breast Carcinoma,1066,TENM2,Tenm2,57451,20,1.876172607879925
brca_tcga_pan_can_atlas_2018,"Breast Invasive Carcinoma (TCGA, PanCancer Atlas)",Invasive Breast Carcinoma,1066,TENM3,Tenm3,55714,17,1.594746716697936
brca_tcga_pan_can_atlas_2018,"Breast Invasive Carcinoma (TCGA, PanCancer Atlas)",Invasive Breast Carcinoma,1066,TENM4,Tenm4,26011,19,1.7823639774859288
brca_tcga_pan_can_atlas_2018,"Breast Invasive Carcinoma (TCGA, PanCancer Atlas)",Invasive Breast Carcinoma,1066,THSD7A,Thsd7a,221981,20,1.876172607879925
brca_tcga_pan_can_atlas_2018,"Breast Invasive Carcinoma (TCGA, PanCancer Atlas)",Invasive Breast Carcinoma,1066,THSD7B,Thsd7b,80731,22,2.0637898686679175
brca_tcga_pan_can_atlas_2018,"Breast Invasive Carcinoma (TCGA, PanCancer Atlas)",Invasive Breast Carcinoma,1066,TLE4,Tle4,7091,4,0.37523452157598497
brca_tcga_pan_can_atlas_2018,"Breast Invasive Carcinoma (TCGA, PanCancer Atlas)",Invasive Breast Carcinoma,1066,TLL1,Tll1,7092,10,0.9380863039399625
brca_tcga_pan_can_atlas_2018,"Breast Invasive Carcinoma (TCGA, PanCancer Atlas)",Invasive Breast Carcinoma,1066,TLN2,Tln2,83660,13,1.2195121951219512
brca_tcga_pan_can_atlas_2018,"Breast Invasive Carcinoma (TCGA, PanCancer Atlas)",Invasive Breast Carcinoma,1066,TMEM108,Tmem108,66000,4,0.37523452157598497
brca_tcga_pan_can_atlas_2018,"Breast Invasive Carcinoma (TCGA, PanCancer Atlas)",Invasive Breast Carcinoma,1066,TMEM130,Tmem130,222865,1,0.09380863039399624
brca_tcga_pan_can_atlas_2018,"Breast Invasive Carcinoma (TCGA, PanCancer Atlas)",Invasive Breast Carcinoma,1066,TMEM132B,Tmem132b,114795,10,0.9380863039399625
brca_tcga_pan_can_atlas_2018,"Breast Invasive Carcinoma (TCGA, PanCancer Atlas)",Invasive Breast Carcinoma,1066,TMEM132C,Tmem132c,92293,13,1.2195121951219512
brca_tcga_pan_can_atlas_2018,"Breast Invasive Carcinoma (TCGA, PanCancer Atlas)",Invasive Breast Carcinoma,1066,TMEM132D,Tmem132d,121256,20,1.876172607879925
brca_tcga_pan_can_atlas_2018,"Breast Invasive Carcinoma (TCGA, PanCancer Atlas)",Invasive Breast Carcinoma,1066,TMTC1,Tmtc1,83857,8,0.7504690431519699
brca_tcga_pan_can_atlas_2018,"Breast Invasive Carcinoma (TCGA, PanCancer Atlas)",Invasive Breast Carcinoma,1066,TNIK,Tnik,23043,14,1.3133208255159474
brca_tcga_pan_can_atlas_2018,"Breast Invasive Carcinoma (TCGA, PanCancer Atlas)",Invasive Breast Carcinoma,1066,TOX,Tox,9760,5,0.46904315196998125
brca_tcga_pan_can_atlas_2018,"Breast Invasive Carcinoma (TCGA, PanCancer Atlas)",Invasive Breast Carcinoma,1066,TOX2,Tox2,84969,4,0.37523452157598497
brca_tcga_pan_can_atlas_2018,"Breast Invasive Carcinoma (TCGA, PanCancer Atlas)",Invasive Breast Carcinoma,1066,TOX3,Tox3,27324,7,0.6566604127579737
brca_tcga_pan_can_atlas_2018,"Breast Invasive Carcinoma (TCGA, PanCancer Atlas)",Invasive Breast Carcinoma,1066,TRERF1,Trerf1,55809,8,0.7504690431519699
brca_tcga_pan_can_atlas_2018,"Breast Invasive Carcinoma (TCGA, PanCancer Atlas)",Invasive Breast Carcinoma,1066,TRHDE,Trhde,29953,13,1.2195121951219512
brca_tcga_pan_can_atlas_2018,"Breast Invasive Carcinoma (TCGA, PanCancer Atlas)",Invasive Breast Carcinoma,1066,TRIO,Trio,7204,15,1.4071294559099436
brca_tcga_pan_can_atlas_2018,"Breast Invasive Carcinoma (TCGA, PanCancer Atlas)",Invasive Breast Carcinoma,1066,TRPC3,Trpc3,7222,9,0.8442776735459663
brca_tcga_pan_can_atlas_2018,"Breast Invasive Carcinoma (TCGA, PanCancer Atlas)",Invasive Breast Carcinoma,1066,TRPC5,Trpc5,7224,12,1.125703564727955
brca_tcga_pan_can_atlas_2018,"Breast Invasive Carcinoma (TCGA, PanCancer Atlas)",Invasive Breast Carcinoma,1066,TRPM2,Trpm2,7226,10,0.9380863039399625
brca_tcga_pan_can_atlas_2018,"Breast Invasive Carcinoma (TCGA, PanCancer Atlas)",Invasive Breast Carcinoma,1066,TRPM3,Trpm3,80036,14,1.3133208255159474
brca_tcga_pan_can_atlas_2018,"Breast Invasive Carcinoma (TCGA, PanCancer Atlas)",Invasive Breast Carcinoma,1066,TRPS1,Trps1,7227,17,1.594746716697936
brca_tcga_pan_can_atlas_2018,"Breast Invasive Carcinoma (TCGA, PanCancer Atlas)",Invasive Breast Carcinoma,1066,TSC22D1,Tsc22d1,8848,7,0.6566604127579737
brca_tcga_pan_can_atlas_2018,"Breast Invasive Carcinoma (TCGA, PanCancer Atlas)",Invasive Breast Carcinoma,1066,TSHZ3,Tshz3,57616,18,1.6885553470919326
brca_tcga_pan_can_atlas_2018,"Breast Invasive Carcinoma (TCGA, PanCancer Atlas)",Invasive Breast Carcinoma,1066,TTBK2,Ttbk2,146057,8,0.7504690431519699
brca_tcga_pan_can_atlas_2018,"Breast Invasive Carcinoma (TCGA, PanCancer Atlas)",Invasive Breast Carcinoma,1066,UNC13C,Unc13c,440279,24,2.25140712945591
brca_tcga_pan_can_atlas_2018,"Breast Invasive Carcinoma (TCGA, PanCancer Atlas)",Invasive Breast Carcinoma,1066,UNC5C,Unc5c,8633,9,0.8442776735459663
brca_tcga_pan_can_atlas_2018,"Breast Invasive Carcinoma (TCGA, PanCancer Atlas)",Invasive Breast Carcinoma,1066,UNC5D,Unc5d,137970,21,1.9699812382739212
brca_tcga_pan_can_atlas_2018,"Breast Invasive Carcinoma (TCGA, PanCancer Atlas)",Invasive Breast Carcinoma,1066,USP11,Usp11,8237,6,0.5628517823639775
brca_tcga_pan_can_atlas_2018,"Breast Invasive Carcinoma (TCGA, PanCancer Atlas)",Invasive Breast Carcinoma,1066,USP25,Usp25,29761,7,0.6566604127579737
brca_tcga_pan_can_atlas_2018,"Breast Invasive Carcinoma (TCGA, PanCancer Atlas)",Invasive Breast Carcinoma,1066,UST,Ust,10090,6,0.5628517823639775
brca_tcga_pan_can_atlas_2018,"Breast Invasive Carcinoma (TCGA, PanCancer Atlas)",Invasive Breast Carcinoma,1066,VIP,Vip,7432,2,0.18761726078799248
brca_tcga_pan_can_atlas_2018,"Breast Invasive Carcinoma (TCGA, PanCancer Atlas)",Invasive Breast Carcinoma,1066,VPS13A,Vps13a,23230,20,1.876172607879925
brca_tcga_pan_can_atlas_2018,"Breast Invasive Carcinoma (TCGA, PanCancer Atlas)",Invasive Breast Carcinoma,1066,VPS13D,Vps13d,55187,22,2.0637898686679175
brca_tcga_pan_can_atlas_2018,"Breast Invasive Carcinoma (TCGA, PanCancer Atlas)",Invasive Breast Carcinoma,1066,WASF3,Wasf3,10810,4,0.37523452157598497
brca_tcga_pan_can_atlas_2018,"Breast Invasive Carcinoma (TCGA, PanCancer Atlas)",Invasive Breast Carcinoma,1066,WNK2,Wnk2,65268,7,0.6566604127579737
brca_tcga_pan_can_atlas_2018,"Breast Invasive Carcinoma (TCGA, PanCancer Atlas)",Invasive Breast Carcinoma,1066,WWP1,Wwp1,11059,13,1.2195121951219512
brca_tcga_pan_can_atlas_2018,"Breast Invasive Carcinoma (TCGA, PanCancer Atlas)",Invasive Breast Carcinoma,1066,XKR4,Xkr4,114786,11,1.0318949343339587
brca_tcga_pan_can_atlas_2018,"Breast Invasive Carcinoma (TCGA, PanCancer Atlas)",Invasive Breast Carcinoma,1066,XYLT1,Xylt1,64131,7,0.6566604127579737
brca_tcga_pan_can_atlas_2018,"Breast Invasive Carcinoma (TCGA, PanCancer Atlas)",Invasive Breast Carcinoma,1066,ZBTB16,Zbtb16,7704,7,0.6566604127579737
brca_tcga_pan_can_atlas_2018,"Breast Invasive Carcinoma (TCGA, PanCancer Atlas)",Invasive Breast Carcinoma,1066,ZFYVE28,Zfyve28,57732,8,0.7504690431519699
brca_tcga_pan_can_atlas_2018,"Breast Invasive Carcinoma (TCGA, PanCancer Atlas)",Invasive Breast Carcinoma,1066,ZMAT4,Zmat4,79698,0,0.0
brca_tcga_pan_can_atlas_2018,"Breast Invasive Carcinoma (TCGA, PanCancer Atlas)",Invasive Breast Carcinoma,1066,ZMYND8,Zmynd8,23613,12,1.125703564727955
luad_tcga_pan_can_atlas_2018,"Lung Adenocarcinoma (TCGA, PanCancer Atlas)",Lung Adenocarcinoma,566,ABCC8,Abcc8,6833,26,4.593639575971731
luad_tcga_pan_can_atlas_2018,"Lung Adenocarcinoma (TCGA, PanCancer Atlas)",Lung Adenocarcinoma,566,ABR,Abr,29,6,1.0600706713780919
luad_tcga_pan_can_atlas_2018,"Lung Adenocarcinoma (TCGA, PanCancer Atlas)",Lung Adenocarcinoma,566,ACSL3,Acsl3,2181,3,0.5300353356890459
luad_tcga_pan_can_atlas_2018,"Lung Adenocarcinoma (TCGA, PanCancer Atlas)",Lung Adenocarcinoma,566,ADAM23,Adam23,8745,28,4.946996466431095
luad_tcga_pan_can_atlas_2018,"Lung Adenocarcinoma (TCGA, PanCancer Atlas)",Lung Adenocarcinoma,566,ADAMTS17,Adamts17,170691,21,3.7102473498233217
luad_tcga_pan_can_atlas_2018,"Lung Adenocarcinoma (TCGA, PanCancer Atlas)",Lung Adenocarcinoma,566,ADARB2,Adarb2,105,13,2.2968197879858656
luad_tcga_pan_can_atlas_2018,"Lung Adenocarcinoma (TCGA, PanCancer Atlas)",Lung Adenocarcinoma,566,ADCY1,Adcy1,107,23,4.063604240282685
luad_tcga_pan_can_atlas_2018,"Lung Adenocarcinoma (TCGA, PanCancer Atlas)",Lung Adenocarcinoma,566,ADCY2,Adcy2,108,48,8.480565371024735
luad_tcga_pan_can_atlas_2018,"Lung Adenocarcinoma (TCGA, PanCancer Atlas)",Lung Adenocarcinoma,566,ADCY8,Adcy8,114,44,7.773851590106007
luad_tcga_pan_can_atlas_2018,"Lung Adenocarcinoma (TCGA, PanCancer Atlas)",Lung Adenocarcinoma,566,ADRA1A,Adra1a,148,6,1.0600706713780919
luad_tcga_pan_can_atlas_2018,"Lung Adenocarcinoma (TCGA, PanCancer Atlas)",Lung Adenocarcinoma,566,AHI1,Ahi1,54806,9,1.5901060070671378
luad_tcga_pan_can_atlas_2018,"Lung Adenocarcinoma (TCGA, PanCancer Atlas)",Lung Adenocarcinoma,566,AK5,Ak5,26289,15,2.65017667844523
luad_tcga_pan_can_atlas_2018,"Lung Adenocarcinoma (TCGA, PanCancer Atlas)",Lung Adenocarcinoma,566,ALK,Alk,238,34,6.007067137809187
luad_tcga_pan_can_atlas_2018,"Lung Adenocarcinoma (TCGA, PanCancer Atlas)",Lung Adenocarcinoma,566,ANK1,Ank1,286,43,7.597173144876325
luad_tcga_pan_can_atlas_2018,"Lung Adenocarcinoma (TCGA, PanCancer Atlas)",Lung Adenocarcinoma,566,ANKRD26,Ankrd26,22852,20,3.5335689045936394
luad_tcga_pan_can_atlas_2018,"Lung Adenocarcinoma (TCGA, PanCancer Atlas)",Lung Adenocarcinoma,566,ANKS1B,Anks1b,56899,27,4.770318021201414
luad_tcga_pan_can_atlas_2018,"Lung Adenocarcinoma (TCGA, PanCancer Atlas)",Lung Adenocarcinoma,566,ANO3,Ano3,63982,29,5.123674911660777
luad_tcga_pan_can_atlas_2018,"Lung Adenocarcinoma (TCGA, PanCancer Atlas)",Lung Adenocarcinoma,566,ANO4,Ano4,121601,30,5.30035335689046
luad_tcga_pan_can_atlas_2018,"Lung Adenocarcinoma (TCGA, PanCancer Atlas)",Lung Adenocarcinoma,566,ANO5,Ano5,203859,24,4.240282685512367
luad_tcga_pan_can_atlas_2018,"Lung Adenocarcinoma (TCGA, PanCancer Atlas)",Lung Adenocarcinoma,566,APBA1,Apba1,320,10,1.7667844522968197
luad_tcga_pan_can_atlas_2018,"Lung Adenocarcinoma (TCGA, PanCancer Atlas)",Lung Adenocarcinoma,566,APLP1,Aplp1,333,6,1.0600706713780919
luad_tcga_pan_can_atlas_2018,"Lung Adenocarcinoma (TCGA, PanCancer Atlas)",Lung Adenocarcinoma,566,ARAP2,Arap2,116984,32,5.6537102473498235
luad_tcga_pan_can_atlas_2018,"Lung Adenocarcinoma (TCGA, PanCancer Atlas)",Lung Adenocarcinoma,566,ARHGAP20,Arhgap20,57569,15,2.65017667844523
luad_tcga_pan_can_atlas_2018,"Lung Adenocarcinoma (TCGA, PanCancer Atlas)",Lung Adenocarcinoma,566,ARHGAP21,Arhgap21,57584,21,3.7102473498233217
luad_tcga_pan_can_atlas_2018,"Lung Adenocarcinoma (TCGA, PanCancer Atlas)",Lung Adenocarcinoma,566,ARHGAP5,Arhgap5,394,14,2.4734982332155475
luad_tcga_pan_can_atlas_2018,"Lung Adenocarcinoma (TCGA, PanCancer Atlas)",Lung Adenocarcinoma,566,ARID5B,Arid5b,84159,9,1.5901060070671378
luad_tcga_pan_can_atlas_2018,"Lung Adenocarcinoma (TCGA, PanCancer Atlas)",Lung Adenocarcinoma,566,ARPP21,Arpp21,10777,31,5.477031802120141
luad_tcga_pan_can_atlas_2018,"Lung Adenocarcinoma (TCGA, PanCancer Atlas)",Lung Adenocarcinoma,566,ASIC2,Asic2,40,14,2.4734982332155475
luad_tcga_pan_can_atlas_2018,"Lung Adenocarcinoma (TCGA, PanCancer Atlas)",Lung Adenocarcinoma,566,ASTN1,Astn1,460,80,14.134275618374557
luad_tcga_pan_can_atlas_2018,"Lung Adenocarcinoma (TCGA, PanCancer Atlas)",Lung Adenocarcinoma,566,ASTN2,Astn2,23245,60,10.60070671378092
luad_tcga_pan_can_atlas_2018,"Lung Adenocarcinoma (TCGA, PanCancer Atlas)",Lung Adenocarcinoma,566,ATP1A3,Atp1a3,478,13,2.2968197879858656
luad_tcga_pan_can_atlas_2018,"Lung Adenocarcinoma (TCGA, PanCancer Atlas)",Lung Adenocarcinoma,566,ATP2A2,Atp2a2,488,13,2.2968197879858656
luad_tcga_pan_can_atlas_2018,"Lung Adenocarcinoma (TCGA, PanCancer Atlas)",Lung Adenocarcinoma,566,ATP8A2,Atp8a2,51761,27,4.770318021201414
luad_tcga_pan_can_atlas_2018,"Lung Adenocarcinoma (TCGA, PanCancer Atlas)",Lung Adenocarcinoma,566,ATRNL1,Atrnl1,26033,48,8.480565371024735
luad_tcga_pan_can_atlas_2018,"Lung Adenocarcinoma (TCGA, PanCancer Atlas)",Lung Adenocarcinoma,566,ATXN1,Atxn1,6310,10,1.7667844522968197
luad_tcga_pan_can_atlas_2018,"Lung Adenocarcinoma (TCGA, PanCancer Atlas)",Lung Adenocarcinoma,566,BACH2,Bach2,60468,25,4.41696113074205
luad_tcga_pan_can_atlas_2018,"Lung Adenocarcinoma (TCGA, PanCancer Atlas)",Lung Adenocarcinoma,566,BAIAP2,Baiap2,10458,3,0.5300353356890459
luad_tcga_pan_can_atlas_2018,"Lung Adenocarcinoma (TCGA, PanCancer Atlas)",Lung Adenocarcinoma,566,BCL11A,Bcl11a,53335,24,4.240282685512367
luad_tcga_pan_can_atlas_2018,"Lung Adenocarcinoma (TCGA, PanCancer Atlas)",Lung Adenocarcinoma,566,BCL11B,Bcl11b,64919,21,3.7102473498233217
luad_tcga_pan_can_atlas_2018,"Lung Adenocarcinoma (TCGA, PanCancer Atlas)",Lung Adenocarcinoma,566,BDP1,Bdp1,55814,31,5.477031802120141
luad_tcga_pan_can_atlas_2018,"Lung Adenocarcinoma (TCGA, PanCancer Atlas)",Lung Adenocarcinoma,566,BMPER,Bmper,168667,23,4.063604240282685
luad_tcga_pan_can_atlas_2018,"Lung Adenocarcinoma (TCGA, PanCancer Atlas)",Lung Adenocarcinoma,566,BRINP2,Brinp2,57795,31,5.477031802120141
luad_tcga_pan_can_atlas_2018,"Lung Adenocarcinoma (TCGA, PanCancer Atlas)",Lung Adenocarcinoma,566,BRINP3,Brinp3,339479,72,12.720848056537102
luad_tcga_pan_can_atlas_2018,"Lung Adenocarcinoma (TCGA, PanCancer Atlas)",Lung Adenocarcinoma,566,BSN,Bsn,8927,32,5.6537102473498235
luad_tcga_pan_can_atlas_2018,"Lung Adenocarcinoma (TCGA, PanCancer Atlas)",Lung Adenocarcinoma,566,CACNA1A,Cacna1a,773,31,5.477031802120141
luad_tcga_pan_can_atlas_2018,"Lung Adenocarcinoma (TCGA, PanCancer Atlas)",Lung Adenocarcinoma,566,CACNA1B,Cacna1b,774,42,7.420494699646643
luad_tcga_pan_can_atlas_2018,"Lung Adenocarcinoma (TCGA, PanCancer Atlas)",Lung Adenocarcinoma,566,CACNA1C,Cacna1c,775,56,9.89399293286219
luad_tcga_pan_can_atlas_2018,"Lung Adenocarcinoma (TCGA, PanCancer Atlas)",Lung Adenocarcinoma,566,CACNA1D,Cacna1d,776,20,3.5335689045936394
luad_tcga_pan_can_atlas_2018,"Lung Adenocarcinoma (TCGA, PanCancer Atlas)",Lung Adenocarcinoma,566,CACNA1E,Cacna1e,777,90,15.901060070671377
luad_tcga_pan_can_atlas_2018,"Lung Adenocarcinoma (TCGA, PanCancer Atlas)",Lung Adenocarcinoma,566,CACNA2D1,Cacna2d1,781,43,7.597173144876325
luad_tcga_pan_can_atlas_2018,"Lung Adenocarcinoma (TCGA, PanCancer Atlas)",Lung Adenocarcinoma,566,CACNA2D3,Cacna2d3,55799,23,4.063604240282685
luad_tcga_pan_can_atlas_2018,"Lung Adenocarcinoma (TCGA, PanCancer Atlas)",Lung Adenocarcinoma,566,CACNB2,Cacnb2,783,22,3.8869257950530036
luad_tcga_pan_can_atlas_2018,"Lung Adenocarcinoma (TCGA, PanCancer Atlas)",Lung Adenocarcinoma,566,CACNB4,Cacnb4,785,6,1.0600706713780919
luad_tcga_pan_can_atlas_2018,"Lung Adenocarcinoma (TCGA, PanCancer Atlas)",Lung Adenocarcinoma,566,CACNG3,Cacng3,10368,17,3.0035335689045937
luad_tcga_pan_can_atlas_2018,"Lung Adenocarcinoma (TCGA, PanCancer Atlas)",Lung Adenocarcinoma,566,CADM2,Cadm2,253559,18,3.1802120141342756
luad_tcga_pan_can_atlas_2018,"Lung Adenocarcinoma (TCGA, PanCancer Atlas)",Lung Adenocarcinoma,566,CADPS,Cadps,8618,24,4.240282685512367
luad_tcga_pan_can_atlas_2018,"Lung Adenocarcinoma (TCGA, PanCancer Atlas)",Lung Adenocarcinoma,566,CAMTA1,Camta1,23261,34,6.007067137809187
luad_tcga_pan_can_atlas_2018,"Lung Adenocarcinoma (TCGA, PanCancer Atlas)",Lung Adenocarcinoma,566,CAP2,Cap2,10486,6,1.0600706713780919
luad_tcga_pan_can_atlas_2018,"Lung Adenocarcinoma (TCGA, PanCancer Atlas)",Lung Adenocarcinoma,566,CCDC136,Ccdc136,64753,18,3.1802120141342756
luad_tcga_pan_can_atlas_2018,"Lung Adenocarcinoma (TCGA, PanCancer Atlas)",Lung Adenocarcinoma,566,CCSER1,Ccser1,401145,20,3.5335689045936394
luad_tcga_pan_can_atlas_2018,"Lung Adenocarcinoma (TCGA, PanCancer Atlas)",Lung Adenocarcinoma,566,CDH10,Cdh10,1008,92,16.25441696113074
luad_tcga_pan_can_atlas_2018,"Lung Adenocarcinoma (TCGA, PanCancer Atlas)",Lung Adenocarcinoma,566,CDH12,Cdh12,1010,64,11.307420494699647
luad_tcga_pan_can_atlas_2018,"Lung Adenocarcinoma (TCGA, PanCancer Atlas)",Lung Adenocarcinoma,566,CDH13,Cdh13,1012,14,2.4734982332155475
luad_tcga_pan_can_atlas_2018,"Lung Adenocarcinoma (TCGA, PanCancer Atlas)",Lung Adenocarcinoma,566,CDH2,Cdh2,1000,30,5.30035335689046
luad_tcga_pan_can_atlas_2018,"Lung Adenocarcinoma (TCGA, PanCancer Atlas)",Lung Adenocarcinoma,566,CDH22,Cdh22,64405,23,4.063604240282685
luad_tcga_pan_can_atlas_2018,"Lung Adenocarcinoma (TCGA, PanCancer Atlas)",Lung Adenocarcinoma,566,CDH4,Cdh4,1002,21,3.7102473498233217
luad_tcga_pan_can_atlas_2018,"Lung Adenocarcinoma (TCGA, PanCancer Atlas)",Lung Adenocarcinoma,566,CDH8,Cdh8,1006,47,8.303886925795053
luad_tcga_pan_can_atlas_2018,"Lung Adenocarcinoma (TCGA, PanCancer Atlas)",Lung Adenocarcinoma,566,CDH9,Cdh9,1007,63,11.130742049469964
luad_tcga_pan_can_atlas_2018,"Lung Adenocarcinoma (TCGA, PanCancer Atlas)",Lung Adenocarcinoma,566,CDK14,Cdk14,5218,9,1.5901060070671378
luad_tcga_pan_can_atlas_2018,"Lung Adenocarcinoma (TCGA, PanCancer Atlas)",Lung Adenocarcinoma,566,CDKL5,Cdkl5,6792,8,1.4134275618374559
luad_tcga_pan_can_atlas_2018,"Lung Adenocarcinoma (TCGA, PanCancer Atlas)",Lung Adenocarcinoma,566,CELF4,Celf4,56853,12,2.1201413427561837
luad_tcga_pan_can_atlas_2018,"Lung Adenocarcinoma (TCGA, PanCancer Atlas)",Lung Adenocarcinoma,566,CEMIP,Cemip,57214,10,1.7667844522968197
luad_tcga_pan_can_atlas_2018,"Lung Adenocarcinoma (TCGA, PanCancer Atlas)",Lung Adenocarcinoma,566,CHGB,Chgb,1114,20,3.5335689045936394
luad_tcga_pan_can_atlas_2018,"Lung Adenocarcinoma (TCGA, PanCancer Atlas)",Lung Adenocarcinoma,566,CHL1,Chl1,10752,46,8.12720848056537
luad_tcga_pan_can_atlas_2018,"Lung Adenocarcinoma (TCGA, PanCancer Atlas)",Lung Adenocarcinoma,566,CHRM3,Chrm3,1131,28,4.946996466431095
luad_tcga_pan_can_atlas_2018,"Lung Adenocarcinoma (TCGA, PanCancer Atlas)",Lung Adenocarcinoma,566,CHSY3,Chsy3,337876,16,2.8268551236749118
luad_tcga_pan_can_atlas_2018,"Lung Adenocarcinoma (TCGA, PanCancer Atlas)",Lung Adenocarcinoma,566,CIT,Cit,11113,17,3.0035335689045937
luad_tcga_pan_can_atlas_2018,"Lung Adenocarcinoma (TCGA, PanCancer Atlas)",Lung Adenocarcinoma,566,CLEC16A,Clec16a,23274,17,3.0035335689045937
luad_tcga_pan_can_atlas_2018,"Lung Adenocarcinoma (TCGA, PanCancer Atlas)",Lung Adenocarcinoma,566,CLIP4,Clip4,79745,8,1.4134275618374559
luad_tcga_pan_can_atlas_2018,"Lung Adenocarcinoma (TCGA, PanCancer Atlas)",Lung Adenocarcinoma,566,CLSTN2,Clstn2,64084,26,4.593639575971731
luad_tcga_pan_can_atlas_2018,"Lung Adenocarcinoma (TCGA, PanCancer Atlas)",Lung Adenocarcinoma,566,CLVS1,Clvs1,157807,7,1.2367491166077738
luad_tcga_pan_can_atlas_2018,"Lung Adenocarcinoma (TCGA, PanCancer Atlas)",Lung Adenocarcinoma,566,CNR1,Cnr1,1268,15,2.65017667844523
luad_tcga_pan_can_atlas_2018,"Lung Adenocarcinoma (TCGA, PanCancer Atlas)",Lung Adenocarcinoma,566,CNTN3,Cntn3,5067,31,5.477031802120141
luad_tcga_pan_can_atlas_2018,"Lung Adenocarcinoma (TCGA, PanCancer Atlas)",Lung Adenocarcinoma,566,CNTN4,Cntn4,152330,22,3.8869257950530036
luad_tcga_pan_can_atlas_2018,"Lung Adenocarcinoma (TCGA, PanCancer Atlas)",Lung Adenocarcinoma,566,CNTN5,Cntn5,53942,50,8.8339222614841
luad_tcga_pan_can_atlas_2018,"Lung Adenocarcinoma (TCGA, PanCancer Atlas)",Lung Adenocarcinoma,566,CNTN6,Cntn6,27255,19,3.3568904593639575
luad_tcga_pan_can_atlas_2018,"Lung Adenocarcinoma (TCGA, PanCancer Atlas)",Lung Adenocarcinoma,566,CNTNAP2,Cntnap2,26047,71,12.54416961130742
luad_tcga_pan_can_atlas_2018,"Lung Adenocarcinoma (TCGA, PanCancer Atlas)",Lung Adenocarcinoma,566,CNTNAP4,Cntnap4,85445,53,9.363957597173146
luad_tcga_pan_can_atlas_2018,"Lung Adenocarcinoma (TCGA, PanCancer Atlas)",Lung Adenocarcinoma,566,COL11A1,Col11a1,1301,120,21.20141342756184
luad_tcga_pan_can_atlas_2018,"Lung Adenocarcinoma (TCGA, PanCancer Atlas)",Lung Adenocarcinoma,566,COL16A1,Col16a1,1307,19,3.3568904593639575
luad_tcga_pan_can_atlas_2018,"Lung Adenocarcinoma (TCGA, PanCancer Atlas)",Lung Adenocarcinoma,566,COL19A1,Col19a1,1310,59,10.424028268551236
luad_tcga_pan_can_atlas_2018,"Lung Adenocarcinoma (TCGA, PanCancer Atlas)",Lung Adenocarcinoma,566,COL24A1,Col24a1,255631,37,6.5371024734982335
luad_tcga_pan_can_atlas_2018,"Lung Adenocarcinoma (TCGA, PanCancer Atlas)",Lung Adenocarcinoma,566,COL25A1,Col25a1,84570,35,6.18374558303887
luad_tcga_pan_can_atlas_2018,"Lung Adenocarcinoma (TCGA, PanCancer Atlas)",Lung Adenocarcinoma,566,CORO6,Coro6,84940,5,0.8833922261484098
luad_tcga_pan_can_atlas_2018,"Lung Adenocarcinoma (TCGA, PanCancer Atlas)",Lung Adenocarcinoma,566,CPNE4,Cpne4,131034,16,2.8268551236749118
luad_tcga_pan_can_atlas_2018,"Lung Adenocarcinoma (TCGA, PanCancer Atlas)",Lung Adenocarcinoma,566,CSMD1,Csmd1,64478,125,22.084805653710248
luad_tcga_pan_can_atlas_2018,"Lung Adenocarcinoma (TCGA, PanCancer Atlas)",Lung Adenocarcinoma,566,CSMD2,Csmd2,114784,84,14.840989399293287
luad_tcga_pan_can_atlas_2018,"Lung Adenocarcinoma (TCGA, PanCancer Atlas)",Lung Adenocarcinoma,566,CSMD3,Csmd3,114788,226,39.92932862190813
luad_tcga_pan_can_atlas_2018,"Lung Adenocarcinoma (TCGA, PanCancer Atlas)",Lung Adenocarcinoma,566,CSRNP3,Csrnp3,80034,17,3.0035335689045937
luad_tcga_pan_can_atlas_2018,"Lung Adenocarcinoma (TCGA, PanCancer Atlas)",Lung Adenocarcinoma,566,CUX1,Cux1,1523,14,2.4734982332155475
luad_tcga_pan_can_atlas_2018,"Lung Adenocarcinoma (TCGA, PanCancer Atlas)",Lung Adenocarcinoma,566,CUX2,Cux2,23316,35,6.18374558303887
luad_tcga_pan_can_atlas_2018,"Lung Adenocarcinoma (TCGA, PanCancer Atlas)",Lung Adenocarcinoma,566,CYFIP2,Cyfip2,26999,13,2.2968197879858656
luad_tcga_pan_can_atlas_2018,"Lung Adenocarcinoma (TCGA, PanCancer Atlas)",Lung Adenocarcinoma,566,DAAM1,Daam1,23002,8,1.4134275618374559
luad_tcga_pan_can_atlas_2018,"Lung Adenocarcinoma (TCGA, PanCancer Atlas)",Lung Adenocarcinoma,566,DAB1,Dab1,1600,28,4.946996466431095
luad_tcga_pan_can_atlas_2018,"Lung Adenocarcinoma (TCGA, PanCancer Atlas)",Lung Adenocarcinoma,566,DACH1,Dach1,1602,24,4.240282685512367
luad_tcga_pan_can_atlas_2018,"Lung Adenocarcinoma (TCGA, PanCancer Atlas)",Lung Adenocarcinoma,566,DAPK1,Dapk1,1612,16,2.8268551236749118
luad_tcga_pan_can_atlas_2018,"Lung Adenocarcinoma (TCGA, PanCancer Atlas)",Lung Adenocarcinoma,566,DCC,Dcc,1630,35,6.18374558303887
luad_tcga_pan_can_atlas_2018,"Lung Adenocarcinoma (TCGA, PanCancer Atlas)",Lung Adenocarcinoma,566,DENND5B,Dennd5b,160518,16,2.8268551236749118
luad_tcga_pan_can_atlas_2018,"Lung Adenocarcinoma (TCGA, PanCancer Atlas)",Lung Adenocarcinoma,566,DGKB,Dgkb,1607,41,7.243816254416961
luad_tcga_pan_can_atlas_2018,"Lung Adenocarcinoma (TCGA, PanCancer Atlas)",Lung Adenocarcinoma,566,DGKD,Dgkd,8527,9,1.5901060070671378
luad_tcga_pan_can_atlas_2018,"Lung Adenocarcinoma (TCGA, PanCancer Atlas)",Lung Adenocarcinoma,566,DGKG,Dgkg,1608,15,2.65017667844523
luad_tcga_pan_can_atlas_2018,"Lung Adenocarcinoma (TCGA, PanCancer Atlas)",Lung Adenocarcinoma,566,DGKH,Dgkh,160851,16,2.8268551236749118
luad_tcga_pan_can_atlas_2018,"Lung Adenocarcinoma (TCGA, PanCancer Atlas)",Lung Adenocarcinoma,566,DGKI,Dgki,9162,35,6.18374558303887
luad_tcga_pan_can_atlas_2018,"Lung Adenocarcinoma (TCGA, PanCancer Atlas)",Lung Adenocarcinoma,566,DIP2A,Dip2a,23181,15,2.65017667844523
luad_tcga_pan_can_atlas_2018,"Lung Adenocarcinoma (TCGA, PanCancer Atlas)",Lung Adenocarcinoma,566,DLC1,Dlc1,10395,30,5.30035335689046
luad_tcga_pan_can_atlas_2018,"Lung Adenocarcinoma (TCGA, PanCancer Atlas)",Lung Adenocarcinoma,566,DLG2,Dlg2,1740,24,4.240282685512367
luad_tcga_pan_can_atlas_2018,"Lung Adenocarcinoma (TCGA, PanCancer Atlas)",Lung Adenocarcinoma,566,DLGAP1,Dlgap1,9229,18,3.1802120141342756
luad_tcga_pan_can_atlas_2018,"Lung Adenocarcinoma (TCGA, PanCancer Atlas)",Lung Adenocarcinoma,566,DLGAP2,Dlgap2,9228,32,5.6537102473498235
luad_tcga_pan_can_atlas_2018,"Lung Adenocarcinoma (TCGA, PanCancer Atlas)",Lung Adenocarcinoma,566,DMD,Dmd,1756,87,15.371024734982333
luad_tcga_pan_can_atlas_2018,"Lung Adenocarcinoma (TCGA, PanCancer Atlas)",Lung Adenocarcinoma,566,DNER,Dner,92737,21,3.7102473498233217
luad_tcga_pan_can_atlas_2018,"Lung Adenocarcinoma (TCGA, PanCancer Atlas)",Lung Adenocarcinoma,566,DOCK10,Dock10,55619,39,6.890459363957597
luad_tcga_pan_can_atlas_2018,"Lung Adenocarcinoma (TCGA, PanCancer Atlas)",Lung Adenocarcinoma,566,DOCK3,Dock3,1795,21,3.7102473498233217
luad_tcga_pan_can_atlas_2018,"Lung Adenocarcinoma (TCGA, PanCancer Atlas)",Lung Adenocarcinoma,566,DOCK4,Dock4,9732,29,5.123674911660777
luad_tcga_pan_can_atlas_2018,"Lung Adenocarcinoma (TCGA, PanCancer Atlas)",Lung Adenocarcinoma,566,DOCK9,Dock9,23348,21,3.7102473498233217
luad_tcga_pan_can_atlas_2018,"Lung Adenocarcinoma (TCGA, PanCancer Atlas)",Lung Adenocarcinoma,566,DOK5,Dok5,55816,8,1.4134275618374559
luad_tcga_pan_can_atlas_2018,"Lung Adenocarcinoma (TCGA, PanCancer Atlas)",Lung Adenocarcinoma,566,DPP6,Dpp6,1804,33,5.830388692579505
luad_tcga_pan_can_atlas_2018,"Lung Adenocarcinoma (TCGA, PanCancer Atlas)",Lung Adenocarcinoma,566,DSCAM,Dscam,1826,49,8.657243816254416
luad_tcga_pan_can_atlas_2018,"Lung Adenocarcinoma (TCGA, PanCancer Atlas)",Lung Adenocarcinoma,566,DSCAML1,Dscaml1,57453,35,6.18374558303887
luad_tcga_pan_can_atlas_2018,"Lung Adenocarcinoma (TCGA, PanCancer Atlas)",Lung Adenocarcinoma,566,DYNC1H1,Dync1h1,1778,35,6.18374558303887
luad_tcga_pan_can_atlas_2018,"Lung Adenocarcinoma (TCGA, PanCancer Atlas)",Lung Adenocarcinoma,566,DYNC1I1,Dync1i1,1780,18,3.1802120141342756
luad_tcga_pan_can_atlas_2018,"Lung Adenocarcinoma (TCGA, PanCancer Atlas)",Lung Adenocarcinoma,566,DYNC2H1,Dync2h1,79659,38,6.713780918727915
luad_tcga_pan_can_atlas_2018,"Lung Adenocarcinoma (TCGA, PanCancer Atlas)",Lung Adenocarcinoma,566,EEPD1,Eepd1,80820,12,2.1201413427561837
luad_tcga_pan_can_atlas_2018,"Lung Adenocarcinoma (TCGA, PanCancer Atlas)",Lung Adenocarcinoma,566,EFR3A,Efr3a,23167,8,1.4134275618374559
luad_tcga_pan_can_atlas_2018,"Lung Adenocarcinoma (TCGA, PanCancer Atlas)",Lung Adenocarcinoma,566,EGFR,Egfr,1956,70,12.36749116607774
luad_tcga_pan_can_atlas_2018,"Lung Adenocarcinoma (TCGA, PanCancer Atlas)",Lung Adenocarcinoma,566,ELAVL2,Elavl2,1993,15,2.65017667844523
luad_tcga_pan_can_atlas_2018,"Lung Adenocarcinoma (TCGA, PanCancer Atlas)",Lung Adenocarcinoma,566,ENOX1,Enox1,55068,22,3.8869257950530036
luad_tcga_pan_can_atlas_2018,"Lung Adenocarcinoma (TCGA, PanCancer Atlas)",Lung Adenocarcinoma,566,EPHA3,Epha3,2042,51,9.010600706713781
luad_tcga_pan_can_atlas_2018,"Lung Adenocarcinoma (TCGA, PanCancer Atlas)",Lung Adenocarcinoma,566,EPHA4,Epha4,2043,19,3.3568904593639575
luad_tcga_pan_can_atlas_2018,"Lung Adenocarcinoma (TCGA, PanCancer Atlas)",Lung Adenocarcinoma,566,EPHA6,Epha6,285220,51,9.010600706713781
luad_tcga_pan_can_atlas_2018,"Lung Adenocarcinoma (TCGA, PanCancer Atlas)",Lung Adenocarcinoma,566,EPHB6,Ephb6,2051,48,8.480565371024735
luad_tcga_pan_can_atlas_2018,"Lung Adenocarcinoma (TCGA, PanCancer Atlas)",Lung Adenocarcinoma,566,ERBB4,Erbb4,2066,50,8.8339222614841
luad_tcga_pan_can_atlas_2018,"Lung Adenocarcinoma (TCGA, PanCancer Atlas)",Lung Adenocarcinoma,566,ERC2,Erc2,26059,11,1.9434628975265018
luad_tcga_pan_can_atlas_2018,"Lung Adenocarcinoma (TCGA, PanCancer Atlas)",Lung Adenocarcinoma,566,ESRRG,Esrrg,2104,16,2.8268551236749118
luad_tcga_pan_can_atlas_2018,"Lung Adenocarcinoma (TCGA, PanCancer Atlas)",Lung Adenocarcinoma,566,ETV6,Etv6,2120,7,1.2367491166077738
luad_tcga_pan_can_atlas_2018,"Lung Adenocarcinoma (TCGA, PanCancer Atlas)",Lung Adenocarcinoma,566,EXOC4,Exoc4,60412,17,3.0035335689045937
luad_tcga_pan_can_atlas_2018,"Lung Adenocarcinoma (TCGA, PanCancer Atlas)",Lung Adenocarcinoma,566,EYA4,Eya4,2070,23,4.063604240282685
luad_tcga_pan_can_atlas_2018,"Lung Adenocarcinoma (TCGA, PanCancer Atlas)",Lung Adenocarcinoma,566,FAM135B,Fam135b,51059,86,15.19434628975265
luad_tcga_pan_can_atlas_2018,"Lung Adenocarcinoma (TCGA, PanCancer Atlas)",Lung Adenocarcinoma,566,FAT1,Fat1,2195,60,10.60070671378092
luad_tcga_pan_can_atlas_2018,"Lung Adenocarcinoma (TCGA, PanCancer Atlas)",Lung Adenocarcinoma,566,FAT3,Fat3,120114,121,21.37809187279152
luad_tcga_pan_can_atlas_2018,"Lung Adenocarcinoma (TCGA, PanCancer Atlas)",Lung Adenocarcinoma,566,FGF13,Fgf13,2258,12,2.1201413427561837
luad_tcga_pan_can_atlas_2018,"Lung Adenocarcinoma (TCGA, PanCancer Atlas)",Lung Adenocarcinoma,566,FHOD3,Fhod3,80206,31,5.477031802120141
luad_tcga_pan_can_atlas_2018,"Lung Adenocarcinoma (TCGA, PanCancer Atlas)",Lung Adenocarcinoma,566,FMN1,Fmn1,342184,6,1.0600706713780919
luad_tcga_pan_can_atlas_2018,"Lung Adenocarcinoma (TCGA, PanCancer Atlas)",Lung Adenocarcinoma,566,FMN2,Fmn2,56776,62,10.954063604240282
luad_tcga_pan_can_atlas_2018,"Lung Adenocarcinoma (TCGA, PanCancer Atlas)",Lung Adenocarcinoma,566,FOCAD,Focad,54914,18,3.1802120141342756
luad_tcga_pan_can_atlas_2018,"Lung Adenocarcinoma (TCGA, PanCancer Atlas)",Lung Adenocarcinoma,566,FRAS1,Fras1,80144,42,7.420494699646643
luad_tcga_pan_can_atlas_2018,"Lung Adenocarcinoma (TCGA, PanCancer Atlas)",Lung Adenocarcinoma,566,FREM1,Frem1,158326,30,5.30035335689046
luad_tcga_pan_can_atlas_2018,"Lung Adenocarcinoma (TCGA, PanCancer Atlas)",Lung Adenocarcinoma,566,FRMPD4,Frmpd4,9758,40,7.067137809187279
luad_tcga_pan_can_atlas_2018,"Lung Adenocarcinoma (TCGA, PanCancer Atlas)",Lung Adenocarcinoma,566,FRY,Fry,10129,27,4.770318021201414
luad_tcga_pan_can_atlas_2018,"Lung Adenocarcinoma (TCGA, PanCancer Atlas)",Lung Adenocarcinoma,566,FSTL4,Fstl4,23105,8,1.4134275618374559
luad_tcga_pan_can_atlas_2018,"Lung Adenocarcinoma (TCGA, PanCancer Atlas)",Lung Adenocarcinoma,566,FSTL5,Fstl5,56884,47,8.303886925795053
luad_tcga_pan_can_atlas_2018,"Lung Adenocarcinoma (TCGA, PanCancer Atlas)",Lung Adenocarcinoma,566,FUT9,Fut9,10690,15,2.65017667844523
luad_tcga_pan_can_atlas_2018,"Lung Adenocarcinoma (TCGA, PanCancer Atlas)",Lung Adenocarcinoma,566,GABBR1,Gabbr1,2550,10,1.7667844522968197
luad_tcga_pan_can_atlas_2018,"Lung Adenocarcinoma (TCGA, PanCancer Atlas)",Lung Adenocarcinoma,566,GABBR2,Gabbr2,9568,15,2.65017667844523
luad_tcga_pan_can_atlas_2018,"Lung Adenocarcinoma (TCGA, PanCancer Atlas)",Lung Adenocarcinoma,566,GABRA1,Gabra1,2554,22,3.8869257950530036
luad_tcga_pan_can_atlas_2018,"Lung Adenocarcinoma (TCGA, PanCancer Atlas)",Lung Adenocarcinoma,566,GABRA2,Gabra2,2555,33,5.830388692579505
luad_tcga_pan_can_atlas_2018,"Lung Adenocarcinoma (TCGA, PanCancer Atlas)",Lung Adenocarcinoma,566,GABRB1,Gabrb1,2560,23,4.063604240282685
luad_tcga_pan_can_atlas_2018,"Lung Adenocarcinoma (TCGA, PanCancer Atlas)",Lung Adenocarcinoma,566,GABRB2,Gabrb2,2561,8,1.4134275618374559
luad_tcga_pan_can_atlas_2018,"Lung Adenocarcinoma (TCGA, PanCancer Atlas)",Lung Adenocarcinoma,566,GABRD,Gabrd,2563,9,1.5901060070671378
luad_tcga_pan_can_atlas_2018,"Lung Adenocarcinoma (TCGA, PanCancer Atlas)",Lung Adenocarcinoma,566,GABRG2,Gabrg2,2566,29,5.123674911660777
luad_tcga_pan_can_atlas_2018,"Lung Adenocarcinoma (TCGA, PanCancer Atlas)",Lung Adenocarcinoma,566,GABRG3,Gabrg3,2567,30,5.30035335689046
luad_tcga_pan_can_atlas_2018,"Lung Adenocarcinoma (TCGA, PanCancer Atlas)",Lung Adenocarcinoma,566,GAD1,Gad1,2571,7,1.2367491166077738
luad_tcga_pan_can_atlas_2018,"Lung Adenocarcinoma (TCGA, PanCancer Atlas)",Lung Adenocarcinoma,566,GALNT13,Galnt13,114805,31,5.477031802120141
luad_tcga_pan_can_atlas_2018,"Lung Adenocarcinoma (TCGA, PanCancer Atlas)",Lung Adenocarcinoma,566,GALNT14,Galnt14,79623,23,4.063604240282685
luad_tcga_pan_can_atlas_2018,"Lung Adenocarcinoma (TCGA, PanCancer Atlas)",Lung Adenocarcinoma,566,GALNT18,Galnt18,374378,9,1.5901060070671378
luad_tcga_pan_can_atlas_2018,"Lung Adenocarcinoma (TCGA, PanCancer Atlas)",Lung Adenocarcinoma,566,GALNTL6,Galntl6,442117,20,3.5335689045936394
luad_tcga_pan_can_atlas_2018,"Lung Adenocarcinoma (TCGA, PanCancer Atlas)",Lung Adenocarcinoma,566,GAP43,Gap43,2596,11,1.9434628975265018
luad_tcga_pan_can_atlas_2018,"Lung Adenocarcinoma (TCGA, PanCancer Atlas)",Lung Adenocarcinoma,566,GARNL3,Garnl3,84253,11,1.9434628975265018
luad_tcga_pan_can_atlas_2018,"Lung Adenocarcinoma (TCGA, PanCancer Atlas)",Lung Adenocarcinoma,566,GAS7,Gas7,8522,14,2.4734982332155475
luad_tcga_pan_can_atlas_2018,"Lung Adenocarcinoma (TCGA, PanCancer Atlas)",Lung Adenocarcinoma,566,GCC2,Gcc2,9648,16,2.8268551236749118
luad_tcga_pan_can_atlas_2018,"Lung Adenocarcinoma (TCGA, PanCancer Atlas)",Lung Adenocarcinoma,566,GDA,Gda,9615,10,1.7667844522968197
luad_tcga_pan_can_atlas_2018,"Lung Adenocarcinoma (TCGA, PanCancer Atlas)",Lung Adenocarcinoma,566,GHR,Ghr,2690,20,3.5335689045936394
luad_tcga_pan_can_atlas_2018,"Lung Adenocarcinoma (TCGA, PanCancer Atlas)",Lung Adenocarcinoma,566,GNPTAB,Gnptab,79158,5,0.8833922261484098
luad_tcga_pan_can_atlas_2018,"Lung Adenocarcinoma (TCGA, PanCancer Atlas)",Lung Adenocarcinoma,566,GOLIM4,Golim4,27333,10,1.7667844522968197
luad_tcga_pan_can_atlas_2018,"Lung Adenocarcinoma (TCGA, PanCancer Atlas)",Lung Adenocarcinoma,566,GOT1,Got1,2805,3,0.5300353356890459
luad_tcga_pan_can_atlas_2018,"Lung Adenocarcinoma (TCGA, PanCancer Atlas)",Lung Adenocarcinoma,566,GPR158,Gpr158,57512,53,9.363957597173146
luad_tcga_pan_can_atlas_2018,"Lung Adenocarcinoma (TCGA, PanCancer Atlas)",Lung Adenocarcinoma,566,GRIA1,Gria1,2890,16,2.8268551236749118
luad_tcga_pan_can_atlas_2018,"Lung Adenocarcinoma (TCGA, PanCancer Atlas)",Lung Adenocarcinoma,566,GRIA3,Gria3,2892,23,4.063604240282685
luad_tcga_pan_can_atlas_2018,"Lung Adenocarcinoma (TCGA, PanCancer Atlas)",Lung Adenocarcinoma,566,GRIA4,Gria4,2893,25,4.41696113074205
luad_tcga_pan_can_atlas_2018,"Lung Adenocarcinoma (TCGA, PanCancer Atlas)",Lung Adenocarcinoma,566,GRID1,Grid1,2894,30,5.30035335689046
luad_tcga_pan_can_atlas_2018,"Lung Adenocarcinoma (TCGA, PanCancer Atlas)",Lung Adenocarcinoma,566,GRID2,Grid2,2895,52,9.187279151943462
luad_tcga_pan_can_atlas_2018,"Lung Adenocarcinoma (TCGA, PanCancer Atlas)",Lung Adenocarcinoma,566,GRIK1,Grik1,2897,26,4.593639575971731
luad_tcga_pan_can_atlas_2018,"Lung Adenocarcinoma (TCGA, PanCancer Atlas)",Lung Adenocarcinoma,566,GRIK3,Grik3,2899,19,3.3568904593639575
luad_tcga_pan_can_atlas_2018,"Lung Adenocarcinoma (TCGA, PanCancer Atlas)",Lung Adenocarcinoma,566,GRIN2A,Grin2a,2903,53,9.363957597173146
luad_tcga_pan_can_atlas_2018,"Lung Adenocarcinoma (TCGA, PanCancer Atlas)",Lung Adenocarcinoma,566,GRIN3A,Grin3a,116443,40,7.067137809187279
luad_tcga_pan_can_atlas_2018,"Lung Adenocarcinoma (TCGA, PanCancer Atlas)",Lung Adenocarcinoma,566,GRM3,Grm3,2913,17,3.0035335689045937
luad_tcga_pan_can_atlas_2018,"Lung Adenocarcinoma (TCGA, PanCancer Atlas)",Lung Adenocarcinoma,566,GRM5,Grm5,2915,42,7.420494699646643
luad_tcga_pan_can_atlas_2018,"Lung Adenocarcinoma (TCGA, PanCancer Atlas)",Lung Adenocarcinoma,566,GRM7,Grm7,2917,41,7.243816254416961
luad_tcga_pan_can_atlas_2018,"Lung Adenocarcinoma (TCGA, PanCancer Atlas)",Lung Adenocarcinoma,566,GRM8,Grm8,2918,52,9.187279151943462
luad_tcga_pan_can_atlas_2018,"Lung Adenocarcinoma (TCGA, PanCancer Atlas)",Lung Adenocarcinoma,566,HCN1,Hcn1,348980,60,10.60070671378092
luad_tcga_pan_can_atlas_2018,"Lung Adenocarcinoma (TCGA, PanCancer Atlas)",Lung Adenocarcinoma,566,HDAC9,Hdac9,9734,47,8.303886925795053
luad_tcga_pan_can_atlas_2018,"Lung Adenocarcinoma (TCGA, PanCancer Atlas)",Lung Adenocarcinoma,566,HECW1,Hecw1,23072,56,9.89399293286219
luad_tcga_pan_can_atlas_2018,"Lung Adenocarcinoma (TCGA, PanCancer Atlas)",Lung Adenocarcinoma,566,HECW2,Hecw2,57520,29,5.123674911660777
luad_tcga_pan_can_atlas_2018,"Lung Adenocarcinoma (TCGA, PanCancer Atlas)",Lung Adenocarcinoma,566,HERC1,Herc1,8925,30,5.30035335689046
luad_tcga_pan_can_atlas_2018,"Lung Adenocarcinoma (TCGA, PanCancer Atlas)",Lung Adenocarcinoma,566,HIVEP2,Hivep2,3097,31,5.477031802120141
luad_tcga_pan_can_atlas_2018,"Lung Adenocarcinoma (TCGA, PanCancer Atlas)",Lung Adenocarcinoma,566,HIVEP3,Hivep3,59269,33,5.830388692579505
luad_tcga_pan_can_atlas_2018,"Lung Adenocarcinoma (TCGA, PanCancer Atlas)",Lung Adenocarcinoma,566,HS3ST4,Hs3st4,9951,14,2.4734982332155475
luad_tcga_pan_can_atlas_2018,"Lung Adenocarcinoma (TCGA, PanCancer Atlas)",Lung Adenocarcinoma,566,HSPA12A,Hspa12a,259217,16,2.8268551236749118
luad_tcga_pan_can_atlas_2018,"Lung Adenocarcinoma (TCGA, PanCancer Atlas)",Lung Adenocarcinoma,566,HTR2C,Htr2c,3358,9,1.5901060070671378
luad_tcga_pan_can_atlas_2018,"Lung Adenocarcinoma (TCGA, PanCancer Atlas)",Lung Adenocarcinoma,566,IGF1,Igf1,3479,5,0.8833922261484098
luad_tcga_pan_can_atlas_2018,"Lung Adenocarcinoma (TCGA, PanCancer Atlas)",Lung Adenocarcinoma,566,IL1RAPL1,Il1rapl1,11141,29,5.123674911660777
luad_tcga_pan_can_atlas_2018,"Lung Adenocarcinoma (TCGA, PanCancer Atlas)",Lung Adenocarcinoma,566,IL1RAPL2,Il1rapl2,26280,22,3.8869257950530036
luad_tcga_pan_can_atlas_2018,"Lung Adenocarcinoma (TCGA, PanCancer Atlas)",Lung Adenocarcinoma,566,INPP4B,Inpp4b,8821,21,3.7102473498233217
luad_tcga_pan_can_atlas_2018,"Lung Adenocarcinoma (TCGA, PanCancer Atlas)",Lung Adenocarcinoma,566,IQSEC1,Iqsec1,9922,10,1.7667844522968197
luad_tcga_pan_can_atlas_2018,"Lung Adenocarcinoma (TCGA, PanCancer Atlas)",Lung Adenocarcinoma,566,ITGA8,Itga8,8516,49,8.657243816254416
luad_tcga_pan_can_atlas_2018,"Lung Adenocarcinoma (TCGA, PanCancer Atlas)",Lung Adenocarcinoma,566,ITPK1,Itpk1,3705,3,0.5300353356890459
luad_tcga_pan_can_atlas_2018,"Lung Adenocarcinoma (TCGA, PanCancer Atlas)",Lung Adenocarcinoma,566,ITPR1,Itpr1,3708,22,3.8869257950530036
luad_tcga_pan_can_atlas_2018,"Lung Adenocarcinoma (TCGA, PanCancer Atlas)",Lung Adenocarcinoma,566,ITSN1,Itsn1,6453,17,3.0035335689045937
luad_tcga_pan_can_atlas_2018,"Lung Adenocarcinoma (TCGA, PanCancer Atlas)",Lung Adenocarcinoma,566,KALRN,Kalrn,8997,40,7.067137809187279
luad_tcga_pan_can_atlas_2018,"Lung Adenocarcinoma (TCGA, PanCancer Atlas)",Lung Adenocarcinoma,566,KCNAB1,Kcnab1,7881,7,1.2367491166077738
luad_tcga_pan_can_atlas_2018,"Lung Adenocarcinoma (TCGA, PanCancer Atlas)",Lung Adenocarcinoma,566,KCNB1,Kcnb1,3745,29,5.123674911660777
luad_tcga_pan_can_atlas_2018,"Lung Adenocarcinoma (TCGA, PanCancer Atlas)",Lung Adenocarcinoma,566,KCNB2,Kcnb2,9312,43,7.597173144876325
luad_tcga_pan_can_atlas_2018,"Lung Adenocarcinoma (TCGA, PanCancer Atlas)",Lung Adenocarcinoma,566,KCNC1,Kcnc1,3746,7,1.2367491166077738
luad_tcga_pan_can_atlas_2018,"Lung Adenocarcinoma (TCGA, PanCancer Atlas)",Lung Adenocarcinoma,566,KCNC2,Kcnc2,3747,27,4.770318021201414
luad_tcga_pan_can_atlas_2018,"Lung Adenocarcinoma (TCGA, PanCancer Atlas)",Lung Adenocarcinoma,566,KCND3,Kcnd3,3752,15,2.65017667844523
luad_tcga_pan_can_atlas_2018,"Lung Adenocarcinoma (TCGA, PanCancer Atlas)",Lung Adenocarcinoma,566,KCNH1,Kcnh1,3756,36,6.360424028268551
luad_tcga_pan_can_atlas_2018,"Lung Adenocarcinoma (TCGA, PanCancer Atlas)",Lung Adenocarcinoma,566,KCNH5,Kcnh5,27133,39,6.890459363957597
luad_tcga_pan_can_atlas_2018,"Lung Adenocarcinoma (TCGA, PanCancer Atlas)",Lung Adenocarcinoma,566,KCNH7,Kcnh7,90134,30,5.30035335689046
luad_tcga_pan_can_atlas_2018,"Lung Adenocarcinoma (TCGA, PanCancer Atlas)",Lung Adenocarcinoma,566,KCNJ3,Kcnj3,3760,35,6.18374558303887
luad_tcga_pan_can_atlas_2018,"Lung Adenocarcinoma (TCGA, PanCancer Atlas)",Lung Adenocarcinoma,566,KCNMA1,Kcnma1,3778,19,3.3568904593639575
luad_tcga_pan_can_atlas_2018,"Lung Adenocarcinoma (TCGA, PanCancer Atlas)",Lung Adenocarcinoma,566,KCNQ3,Kcnq3,3786,9,1.5901060070671378
luad_tcga_pan_can_atlas_2018,"Lung Adenocarcinoma (TCGA, PanCancer Atlas)",Lung Adenocarcinoma,566,KCNQ5,Kcnq5,56479,13,2.2968197879858656
luad_tcga_pan_can_atlas_2018,"Lung Adenocarcinoma (TCGA, PanCancer Atlas)",Lung Adenocarcinoma,566,KCNT1,Kcnt1,57582,19,3.3568904593639575
luad_tcga_pan_can_atlas_2018,"Lung Adenocarcinoma (TCGA, PanCancer Atlas)",Lung Adenocarcinoma,566,KCNT2,Kcnt2,343450,59,10.424028268551236
luad_tcga_pan_can_atlas_2018,"Lung Adenocarcinoma (TCGA, PanCancer Atlas)",Lung Adenocarcinoma,566,KCTD8,Kctd8,386617,22,3.8869257950530036
luad_tcga_pan_can_atlas_2018,"Lung Adenocarcinoma (TCGA, PanCancer Atlas)",Lung Adenocarcinoma,566,KHDRBS2,Khdrbs2,202559,14,2.4734982332155475
luad_tcga_pan_can_atlas_2018,"Lung Adenocarcinoma (TCGA, PanCancer Atlas)",Lung Adenocarcinoma,566,KIDINS220,Kidins220,57498,17,3.0035335689045937
luad_tcga_pan_can_atlas_2018,"Lung Adenocarcinoma (TCGA, PanCancer Atlas)",Lung Adenocarcinoma,566,KIF1A,Kif1a,547,33,5.830388692579505
luad_tcga_pan_can_atlas_2018,"Lung Adenocarcinoma (TCGA, PanCancer Atlas)",Lung Adenocarcinoma,566,KIF21A,Kif21a,55605,28,4.946996466431095
luad_tcga_pan_can_atlas_2018,"Lung Adenocarcinoma (TCGA, PanCancer Atlas)",Lung Adenocarcinoma,566,KIF26B,Kif26b,55083,22,3.8869257950530036
luad_tcga_pan_can_atlas_2018,"Lung Adenocarcinoma (TCGA, PanCancer Atlas)",Lung Adenocarcinoma,566,KIF5C,Kif5c,3800,11,1.9434628975265018
luad_tcga_pan_can_atlas_2018,"Lung Adenocarcinoma (TCGA, PanCancer Atlas)",Lung Adenocarcinoma,566,KIT,Kit,3815,9,1.5901060070671378
luad_tcga_pan_can_atlas_2018,"Lung Adenocarcinoma (TCGA, PanCancer Atlas)",Lung Adenocarcinoma,566,KLF12,Klf12,11278,3,0.5300353356890459
luad_tcga_pan_can_atlas_2018,"Lung Adenocarcinoma (TCGA, PanCancer Atlas)",Lung Adenocarcinoma,566,L3MBTL4,L3mbtl4,91133,11,1.9434628975265018
luad_tcga_pan_can_atlas_2018,"Lung Adenocarcinoma (TCGA, PanCancer Atlas)",Lung Adenocarcinoma,566,LAMA4,Lama4,3910,43,7.597173144876325
luad_tcga_pan_can_atlas_2018,"Lung Adenocarcinoma (TCGA, PanCancer Atlas)",Lung Adenocarcinoma,566,LAMP5,Lamp5,24141,15,2.65017667844523
luad_tcga_pan_can_atlas_2018,"Lung Adenocarcinoma (TCGA, PanCancer Atlas)",Lung Adenocarcinoma,566,LIMCH1,Limch1,22998,7,1.2367491166077738
luad_tcga_pan_can_atlas_2018,"Lung Adenocarcinoma (TCGA, PanCancer Atlas)",Lung Adenocarcinoma,566,LINGO2,Lingo2,158038,18,3.1802120141342756
luad_tcga_pan_can_atlas_2018,"Lung Adenocarcinoma (TCGA, PanCancer Atlas)",Lung Adenocarcinoma,566,LMO7,Lmo7,4008,18,3.1802120141342756
luad_tcga_pan_can_atlas_2018,"Lung Adenocarcinoma (TCGA, PanCancer Atlas)",Lung Adenocarcinoma,566,LRFN2,Lrfn2,57497,28,4.946996466431095
luad_tcga_pan_can_atlas_2018,"Lung Adenocarcinoma (TCGA, PanCancer Atlas)",Lung Adenocarcinoma,566,LRFN5,Lrfn5,145581,50,8.8339222614841
luad_tcga_pan_can_atlas_2018,"Lung Adenocarcinoma (TCGA, PanCancer Atlas)",Lung Adenocarcinoma,566,LRP1B,Lrp1b,53353,201,35.512367491166074
luad_tcga_pan_can_atlas_2018,"Lung Adenocarcinoma (TCGA, PanCancer Atlas)",Lung Adenocarcinoma,566,LRRC4C,Lrrc4c,57689,45,7.950530035335689
luad_tcga_pan_can_atlas_2018,"Lung Adenocarcinoma (TCGA, PanCancer Atlas)",Lung Adenocarcinoma,566,LRRC7,Lrrc7,57554,83,14.664310954063604
luad_tcga_pan_can_atlas_2018,"Lung Adenocarcinoma (TCGA, PanCancer Atlas)",Lung Adenocarcinoma,566,LRRTM3,Lrrtm3,347731,21,3.7102473498233217
luad_tcga_pan_can_atlas_2018,"Lung Adenocarcinoma (TCGA, PanCancer Atlas)",Lung Adenocarcinoma,566,LUZP1,Luzp1,7798,9,1.5901060070671378
luad_tcga_pan_can_atlas_2018,"Lung Adenocarcinoma (TCGA, PanCancer Atlas)",Lung Adenocarcinoma,566,LUZP2,Luzp2,338645,17,3.0035335689045937
luad_tcga_pan_can_atlas_2018,"Lung Adenocarcinoma (TCGA, PanCancer Atlas)",Lung Adenocarcinoma,566,MACROD2,Macrod2,140733,8,1.4134275618374559
luad_tcga_pan_can_atlas_2018,"Lung Adenocarcinoma (TCGA, PanCancer Atlas)",Lung Adenocarcinoma,566,MAGI1,Magi1,9223,21,3.7102473498233217
luad_tcga_pan_can_atlas_2018,"Lung Adenocarcinoma (TCGA, PanCancer Atlas)",Lung Adenocarcinoma,566,MAGI2,Magi2,9863,32,5.6537102473498235
luad_tcga_pan_can_atlas_2018,"Lung Adenocarcinoma (TCGA, PanCancer Atlas)",Lung Adenocarcinoma,566,MAGI3,Magi3,260425,9,1.5901060070671378
luad_tcga_pan_can_atlas_2018,"Lung Adenocarcinoma (TCGA, PanCancer Atlas)",Lung Adenocarcinoma,566,MAP1A,Map1a,4130,20,3.5335689045936394
luad_tcga_pan_can_atlas_2018,"Lung Adenocarcinoma (TCGA, PanCancer Atlas)",Lung Adenocarcinoma,566,MAP1B,Map1b,4131,24,4.240282685512367
luad_tcga_pan_can_atlas_2018,"Lung Adenocarcinoma (TCGA, PanCancer Atlas)",Lung Adenocarcinoma,566,MAP2,Map2,4133,45,7.950530035335689
luad_tcga_pan_can_atlas_2018,"Lung Adenocarcinoma (TCGA, PanCancer Atlas)",Lung Adenocarcinoma,566,MAP3K5,Map3k5,4217,12,2.1201413427561837
luad_tcga_pan_can_atlas_2018,"Lung Adenocarcinoma (TCGA, PanCancer Atlas)",Lung Adenocarcinoma,566,MAP7D2,Map7d2,256714,12,2.1201413427561837
luad_tcga_pan_can_atlas_2018,"Lung Adenocarcinoma (TCGA, PanCancer Atlas)",Lung Adenocarcinoma,566,MARK1,Mark1,4139,23,4.063604240282685
luad_tcga_pan_can_atlas_2018,"Lung Adenocarcinoma (TCGA, PanCancer Atlas)",Lung Adenocarcinoma,566,MAST3,Mast3,23031,11,1.9434628975265018
luad_tcga_pan_can_atlas_2018,"Lung Adenocarcinoma (TCGA, PanCancer Atlas)",Lung Adenocarcinoma,566,MCC,Mcc,4163,17,3.0035335689045937
luad_tcga_pan_can_atlas_2018,"Lung Adenocarcinoma (TCGA, PanCancer Atlas)",Lung Adenocarcinoma,566,MCTP1,Mctp1,79772,10,1.7667844522968197
luad_tcga_pan_can_atlas_2018,"Lung Adenocarcinoma (TCGA, PanCancer Atlas)",Lung Adenocarcinoma,566,MDGA2,Mdga2,161357,42,7.420494699646643
luad_tcga_pan_can_atlas_2018,"Lung Adenocarcinoma (TCGA, PanCancer Atlas)",Lung Adenocarcinoma,566,MEF2C,Mef2c,4208,6,1.0600706713780919
luad_tcga_pan_can_atlas_2018,"Lung Adenocarcinoma (TCGA, PanCancer Atlas)",Lung Adenocarcinoma,566,MGAT4C,Mgat4c,25834,20,3.5335689045936394
luad_tcga_pan_can_atlas_2018,"Lung Adenocarcinoma (TCGA, PanCancer Atlas)",Lung Adenocarcinoma,566,MGAT5,Mgat5,4249,14,2.4734982332155475
luad_tcga_pan_can_atlas_2018,"Lung Adenocarcinoma (TCGA, PanCancer Atlas)",Lung Adenocarcinoma,566,MICAL2,Mical2,9645,14,2.4734982332155475
luad_tcga_pan_can_atlas_2018,"Lung Adenocarcinoma (TCGA, PanCancer Atlas)",Lung Adenocarcinoma,566,MLIP,Mlip,90523,13,2.2968197879858656
luad_tcga_pan_can_atlas_2018,"Lung Adenocarcinoma (TCGA, PanCancer Atlas)",Lung Adenocarcinoma,566,MMP16,Mmp16,4325,50,8.8339222614841
luad_tcga_pan_can_atlas_2018,"Lung Adenocarcinoma (TCGA, PanCancer Atlas)",Lung Adenocarcinoma,566,MPDZ,Mpdz,8777,19,3.3568904593639575
luad_tcga_pan_can_atlas_2018,"Lung Adenocarcinoma (TCGA, PanCancer Atlas)",Lung Adenocarcinoma,566,MTUS2,Mtus2,23281,34,6.007067137809187
luad_tcga_pan_can_atlas_2018,"Lung Adenocarcinoma (TCGA, PanCancer Atlas)",Lung Adenocarcinoma,566,MYH10,Myh10,4628,10,1.7667844522968197
luad_tcga_pan_can_atlas_2018,"Lung Adenocarcinoma (TCGA, PanCancer Atlas)",Lung Adenocarcinoma,566,MYO16,Myo16,23026,37,6.5371024734982335
luad_tcga_pan_can_atlas_2018,"Lung Adenocarcinoma (TCGA, PanCancer Atlas)",Lung Adenocarcinoma,566,MYO5A,Myo5a,4644,15,2.65017667844523
luad_tcga_pan_can_atlas_2018,"Lung Adenocarcinoma (TCGA, PanCancer Atlas)",Lung Adenocarcinoma,566,MYRIP,Myrip,25924,9,1.5901060070671378
luad_tcga_pan_can_atlas_2018,"Lung Adenocarcinoma (TCGA, PanCancer Atlas)",Lung Adenocarcinoma,566,MYT1L,Myt1l,23040,42,7.420494699646643
luad_tcga_pan_can_atlas_2018,"Lung Adenocarcinoma (TCGA, PanCancer Atlas)",Lung Adenocarcinoma,566,NAV2,Nav2,89797,34,6.007067137809187
luad_tcga_pan_can_atlas_2018,"Lung Adenocarcinoma (TCGA, PanCancer Atlas)",Lung Adenocarcinoma,566,NAV3,Nav3,89795,123,21.731448763250885
luad_tcga_pan_can_atlas_2018,"Lung Adenocarcinoma (TCGA, PanCancer Atlas)",Lung Adenocarcinoma,566,NCAM1,Ncam1,4684,26,4.593639575971731
luad_tcga_pan_can_atlas_2018,"Lung Adenocarcinoma (TCGA, PanCancer Atlas)",Lung Adenocarcinoma,566,NCAM2,Ncam2,4685,29,5.123674911660777
luad_tcga_pan_can_atlas_2018,"Lung Adenocarcinoma (TCGA, PanCancer Atlas)",Lung Adenocarcinoma,566,NDST3,Ndst3,9348,13,2.2968197879858656
luad_tcga_pan_can_atlas_2018,"Lung Adenocarcinoma (TCGA, PanCancer Atlas)",Lung Adenocarcinoma,566,NEBL,Nebl,10529,22,3.8869257950530036
luad_tcga_pan_can_atlas_2018,"Lung Adenocarcinoma (TCGA, PanCancer Atlas)",Lung Adenocarcinoma,566,NEFM,Nefm,4741,10,1.7667844522968197
luad_tcga_pan_can_atlas_2018,"Lung Adenocarcinoma (TCGA, PanCancer Atlas)",Lung Adenocarcinoma,566,NELL1,Nell1,4745,52,9.187279151943462
luad_tcga_pan_can_atlas_2018,"Lung Adenocarcinoma (TCGA, PanCancer Atlas)",Lung Adenocarcinoma,566,NELL2,Nell2,4753,27,4.770318021201414
luad_tcga_pan_can_atlas_2018,"Lung Adenocarcinoma (TCGA, PanCancer Atlas)",Lung Adenocarcinoma,566,NETO1,Neto1,81832,29,5.123674911660777
luad_tcga_pan_can_atlas_2018,"Lung Adenocarcinoma (TCGA, PanCancer Atlas)",Lung Adenocarcinoma,566,NF1,Nf1,4763,66,11.66077738515901
luad_tcga_pan_can_atlas_2018,"Lung Adenocarcinoma (TCGA, PanCancer Atlas)",Lung Adenocarcinoma,566,NFIB,Nfib,4781,4,0.7067137809187279
luad_tcga_pan_can_atlas_2018,"Lung Adenocarcinoma (TCGA, PanCancer Atlas)",Lung Adenocarcinoma,566,NHS,Nhs,4810,18,3.1802120141342756
luad_tcga_pan_can_atlas_2018,"Lung Adenocarcinoma (TCGA, PanCancer Atlas)",Lung Adenocarcinoma,566,NIN,Nin,51199,19,3.3568904593639575
luad_tcga_pan_can_atlas_2018,"Lung Adenocarcinoma (TCGA, PanCancer Atlas)",Lung Adenocarcinoma,566,NLGN1,Nlgn1,22871,30,5.30035335689046
luad_tcga_pan_can_atlas_2018,"Lung Adenocarcinoma (TCGA, PanCancer Atlas)",Lung Adenocarcinoma,566,NOL4,Nol4,8715,23,4.063604240282685
luad_tcga_pan_can_atlas_2018,"Lung Adenocarcinoma (TCGA, PanCancer Atlas)",Lung Adenocarcinoma,566,NPAS2,Npas2,4862,5,0.8833922261484098
luad_tcga_pan_can_atlas_2018,"Lung Adenocarcinoma (TCGA, PanCancer Atlas)",Lung Adenocarcinoma,566,NPAS3,Npas3,64067,18,3.1802120141342756
luad_tcga_pan_can_atlas_2018,"Lung Adenocarcinoma (TCGA, PanCancer Atlas)",Lung Adenocarcinoma,566,NR2F2,Nr2f2,7026,1,0.17667844522968199
luad_tcga_pan_can_atlas_2018,"Lung Adenocarcinoma (TCGA, PanCancer Atlas)",Lung Adenocarcinoma,566,NR3C2,Nr3c2,4306,6,1.0600706713780919
luad_tcga_pan_can_atlas_2018,"Lung Adenocarcinoma (TCGA, PanCancer Atlas)",Lung Adenocarcinoma,566,NRG3,Nrg3,10718,32,5.6537102473498235
luad_tcga_pan_can_atlas_2018,"Lung Adenocarcinoma (TCGA, PanCancer Atlas)",Lung Adenocarcinoma,566,NRXN1,Nrxn1,9378,92,16.25441696113074
luad_tcga_pan_can_atlas_2018,"Lung Adenocarcinoma (TCGA, PanCancer Atlas)",Lung Adenocarcinoma,566,NRXN3,Nrxn3,9369,46,8.12720848056537
luad_tcga_pan_can_atlas_2018,"Lung Adenocarcinoma (TCGA, PanCancer Atlas)",Lung Adenocarcinoma,566,NTN4,Ntn4,59277,7,1.2367491166077738
luad_tcga_pan_can_atlas_2018,"Lung Adenocarcinoma (TCGA, PanCancer Atlas)",Lung Adenocarcinoma,566,NTNG1,Ntng1,22854,34,6.007067137809187
luad_tcga_pan_can_atlas_2018,"Lung Adenocarcinoma (TCGA, PanCancer Atlas)",Lung Adenocarcinoma,566,NTRK3,Ntrk3,4916,44,7.773851590106007
luad_tcga_pan_can_atlas_2018,"Lung Adenocarcinoma (TCGA, PanCancer Atlas)",Lung Adenocarcinoma,566,NXPH1,Nxph1,30010,9,1.5901060070671378
luad_tcga_pan_can_atlas_2018,"Lung Adenocarcinoma (TCGA, PanCancer Atlas)",Lung Adenocarcinoma,566,NYAP2,Nyap2,57624,16,2.8268551236749118
luad_tcga_pan_can_atlas_2018,"Lung Adenocarcinoma (TCGA, PanCancer Atlas)",Lung Adenocarcinoma,566,OLFM3,Olfm3,118427,22,3.8869257950530036
luad_tcga_pan_can_atlas_2018,"Lung Adenocarcinoma (TCGA, PanCancer Atlas)",Lung Adenocarcinoma,566,OPCML,Opcml,4978,14,2.4734982332155475
luad_tcga_pan_can_atlas_2018,"Lung Adenocarcinoma (TCGA, PanCancer Atlas)",Lung Adenocarcinoma,566,OSBPL1A,Osbpl1a,114876,13,2.2968197879858656
luad_tcga_pan_can_atlas_2018,"Lung Adenocarcinoma (TCGA, PanCancer Atlas)",Lung Adenocarcinoma,566,OSBPL3,Osbpl3,26031,15,2.65017667844523
luad_tcga_pan_can_atlas_2018,"Lung Adenocarcinoma (TCGA, PanCancer Atlas)",Lung Adenocarcinoma,566,OSBPL6,Osbpl6,114880,15,2.65017667844523
luad_tcga_pan_can_atlas_2018,"Lung Adenocarcinoma (TCGA, PanCancer Atlas)",Lung Adenocarcinoma,566,OSBPL8,Osbpl8,114882,10,1.7667844522968197
luad_tcga_pan_can_atlas_2018,"Lung Adenocarcinoma (TCGA, PanCancer Atlas)",Lung Adenocarcinoma,566,OXR1,Oxr1,55074,11,1.9434628975265018
luad_tcga_pan_can_atlas_2018,"Lung Adenocarcinoma (TCGA, PanCancer Atlas)",Lung Adenocarcinoma,566,PARM1,Parm1,25849,1,0.17667844522968199
luad_tcga_pan_can_atlas_2018,"Lung Adenocarcinoma (TCGA, PanCancer Atlas)",Lung Adenocarcinoma,566,PCDH11X,Pcdh11x,27328,86,15.19434628975265
luad_tcga_pan_can_atlas_2018,"Lung Adenocarcinoma (TCGA, PanCancer Atlas)",Lung Adenocarcinoma,566,PCDH15,Pcdh15,65217,118,20.848056537102472
luad_tcga_pan_can_atlas_2018,"Lung Adenocarcinoma (TCGA, PanCancer Atlas)",Lung Adenocarcinoma,566,PCDH7,Pcdh7,5099,25,4.41696113074205
luad_tcga_pan_can_atlas_2018,"Lung Adenocarcinoma (TCGA, PanCancer Atlas)",Lung Adenocarcinoma,566,PCDH9,Pcdh9,5101,21,3.7102473498233217
luad_tcga_pan_can_atlas_2018,"Lung Adenocarcinoma (TCGA, PanCancer Atlas)",Lung Adenocarcinoma,566,PCLO,Pclo,27445,109,19.257950530035334
luad_tcga_pan_can_atlas_2018,"Lung Adenocarcinoma (TCGA, PanCancer Atlas)",Lung Adenocarcinoma,566,PCSK2,Pcsk2,5126,12,2.1201413427561837
luad_tcga_pan_can_atlas_2018,"Lung Adenocarcinoma (TCGA, PanCancer Atlas)",Lung Adenocarcinoma,566,PDE1A,Pde1a,5136,17,3.0035335689045937
luad_tcga_pan_can_atlas_2018,"Lung Adenocarcinoma (TCGA, PanCancer Atlas)",Lung Adenocarcinoma,566,PDE1C,Pde1c,5137,29,5.123674911660777
luad_tcga_pan_can_atlas_2018,"Lung Adenocarcinoma (TCGA, PanCancer Atlas)",Lung Adenocarcinoma,566,PDE2A,Pde2a,5138,15,2.65017667844523
luad_tcga_pan_can_atlas_2018,"Lung Adenocarcinoma (TCGA, PanCancer Atlas)",Lung Adenocarcinoma,566,PDE4B,Pde4b,5142,14,2.4734982332155475
luad_tcga_pan_can_atlas_2018,"Lung Adenocarcinoma (TCGA, PanCancer Atlas)",Lung Adenocarcinoma,566,PDZD2,Pdzd2,23037,24,4.240282685512367
luad_tcga_pan_can_atlas_2018,"Lung Adenocarcinoma (TCGA, PanCancer Atlas)",Lung Adenocarcinoma,566,PDZRN3,Pdzrn3,23024,42,7.420494699646643
luad_tcga_pan_can_atlas_2018,"Lung Adenocarcinoma (TCGA, PanCancer Atlas)",Lung Adenocarcinoma,566,PDZRN4,Pdzrn4,29951,29,5.123674911660777
luad_tcga_pan_can_atlas_2018,"Lung Adenocarcinoma (TCGA, PanCancer Atlas)",Lung Adenocarcinoma,566,PENK,Penk,5179,6,1.0600706713780919
luad_tcga_pan_can_atlas_2018,"Lung Adenocarcinoma (TCGA, PanCancer Atlas)",Lung Adenocarcinoma,566,PHACTR1,Phactr1,221692,5,0.8833922261484098
luad_tcga_pan_can_atlas_2018,"Lung Adenocarcinoma (TCGA, PanCancer Atlas)",Lung Adenocarcinoma,566,PI4KA,Pi4ka,5297,20,3.5335689045936394
luad_tcga_pan_can_atlas_2018,"Lung Adenocarcinoma (TCGA, PanCancer Atlas)",Lung Adenocarcinoma,566,PKD1,Pkd1,5310,28,4.946996466431095
luad_tcga_pan_can_atlas_2018,"Lung Adenocarcinoma (TCGA, PanCancer Atlas)",Lung Adenocarcinoma,566,PKP2,Pkp2,5318,26,4.593639575971731
luad_tcga_pan_can_atlas_2018,"Lung Adenocarcinoma (TCGA, PanCancer Atlas)",Lung Adenocarcinoma,566,PLCB1,Plcb1,23236,48,8.480565371024735
luad_tcga_pan_can_atlas_2018,"Lung Adenocarcinoma (TCGA, PanCancer Atlas)",Lung Adenocarcinoma,566,PLCB4,Plcb4,5332,33,5.830388692579505
luad_tcga_pan_can_atlas_2018,"Lung Adenocarcinoma (TCGA, PanCancer Atlas)",Lung Adenocarcinoma,566,PLCH1,Plch1,23007,23,4.063604240282685
luad_tcga_pan_can_atlas_2018,"Lung Adenocarcinoma (TCGA, PanCancer Atlas)",Lung Adenocarcinoma,566,PLCL2,Plcl2,23228,16,2.8268551236749118
luad_tcga_pan_can_atlas_2018,"Lung Adenocarcinoma (TCGA, PanCancer Atlas)",Lung Adenocarcinoma,566,PLCXD3,Plcxd3,345557,14,2.4734982332155475
luad_tcga_pan_can_atlas_2018,"Lung Adenocarcinoma (TCGA, PanCancer Atlas)",Lung Adenocarcinoma,566,PLD3,Pld3,23646,4,0.7067137809187279
luad_tcga_pan_can_atlas_2018,"Lung Adenocarcinoma (TCGA, PanCancer Atlas)",Lung Adenocarcinoma,566,PLD5,Pld5,200150,12,2.1201413427561837
luad_tcga_pan_can_atlas_2018,"Lung Adenocarcinoma (TCGA, PanCancer Atlas)",Lung Adenocarcinoma,566,PLXNA2,Plxna2,5362,27,4.770318021201414
luad_tcga_pan_can_atlas_2018,"Lung Adenocarcinoma (TCGA, PanCancer Atlas)",Lung Adenocarcinoma,566,PLXNA4,Plxna4,91584,57,10.070671378091873
luad_tcga_pan_can_atlas_2018,"Lung Adenocarcinoma (TCGA, PanCancer Atlas)",Lung Adenocarcinoma,566,PPARGC1A,Ppargc1a,10891,22,3.8869257950530036
luad_tcga_pan_can_atlas_2018,"Lung Adenocarcinoma (TCGA, PanCancer Atlas)",Lung Adenocarcinoma,566,PPFIA2,Ppfia2,8499,24,4.240282685512367
luad_tcga_pan_can_atlas_2018,"Lung Adenocarcinoma (TCGA, PanCancer Atlas)",Lung Adenocarcinoma,566,PPFIBP1,Ppfibp1,8496,8,1.4134275618374559
luad_tcga_pan_can_atlas_2018,"Lung Adenocarcinoma (TCGA, PanCancer Atlas)",Lung Adenocarcinoma,566,PPIP5K2,Ppip5k2,23262,12,2.1201413427561837
luad_tcga_pan_can_atlas_2018,"Lung Adenocarcinoma (TCGA, PanCancer Atlas)",Lung Adenocarcinoma,566,PRICKLE1,Prickle1,144165,12,2.1201413427561837
luad_tcga_pan_can_atlas_2018,"Lung Adenocarcinoma (TCGA, PanCancer Atlas)",Lung Adenocarcinoma,566,PRICKLE2,Prickle2,166336,8,1.4134275618374559
luad_tcga_pan_can_atlas_2018,"Lung Adenocarcinoma (TCGA, PanCancer Atlas)",Lung Adenocarcinoma,566,PRKCA,Prkca,5578,9,1.5901060070671378
luad_tcga_pan_can_atlas_2018,"Lung Adenocarcinoma (TCGA, PanCancer Atlas)",Lung Adenocarcinoma,566,PRKD1,Prkd1,5587,27,4.770318021201414
luad_tcga_pan_can_atlas_2018,"Lung Adenocarcinoma (TCGA, PanCancer Atlas)",Lung Adenocarcinoma,566,PRKG1,Prkg1,5592,19,3.3568904593639575
luad_tcga_pan_can_atlas_2018,"Lung Adenocarcinoma (TCGA, PanCancer Atlas)",Lung Adenocarcinoma,566,PRMT8,Prmt8,56341,13,2.2968197879858656
luad_tcga_pan_can_atlas_2018,"Lung Adenocarcinoma (TCGA, PanCancer Atlas)",Lung Adenocarcinoma,566,PROX1,Prox1,5629,19,3.3568904593639575
luad_tcga_pan_can_atlas_2018,"Lung Adenocarcinoma (TCGA, PanCancer Atlas)",Lung Adenocarcinoma,566,PRR16,Prr16,51334,14,2.4734982332155475
luad_tcga_pan_can_atlas_2018,"Lung Adenocarcinoma (TCGA, PanCancer Atlas)",Lung Adenocarcinoma,566,PTCHD4,Ptchd4,442213,30,5.30035335689046
luad_tcga_pan_can_atlas_2018,"Lung Adenocarcinoma (TCGA, PanCancer Atlas)",Lung Adenocarcinoma,566,PTK2B,Ptk2b,2185,16,2.8268551236749118
luad_tcga_pan_can_atlas_2018,"Lung Adenocarcinoma (TCGA, PanCancer Atlas)",Lung Adenocarcinoma,566,PTPRD,Ptprd,5789,92,16.25441696113074
luad_tcga_pan_can_atlas_2018,"Lung Adenocarcinoma (TCGA, PanCancer Atlas)",Lung Adenocarcinoma,566,PTPRE,Ptpre,5791,7,1.2367491166077738
luad_tcga_pan_can_atlas_2018,"Lung Adenocarcinoma (TCGA, PanCancer Atlas)",Lung Adenocarcinoma,566,PTPRG,Ptprg,5793,14,2.4734982332155475
luad_tcga_pan_can_atlas_2018,"Lung Adenocarcinoma (TCGA, PanCancer Atlas)",Lung Adenocarcinoma,566,PTPRM,Ptprm,5797,15,2.65017667844523
luad_tcga_pan_can_atlas_2018,"Lung Adenocarcinoma (TCGA, PanCancer Atlas)",Lung Adenocarcinoma,566,PTPRN,Ptprn,5798,23,4.063604240282685
luad_tcga_pan_can_atlas_2018,"Lung Adenocarcinoma (TCGA, PanCancer Atlas)",Lung Adenocarcinoma,566,PTPRN2,Ptprn2,5799,31,5.477031802120141
luad_tcga_pan_can_atlas_2018,"Lung Adenocarcinoma (TCGA, PanCancer Atlas)",Lung Adenocarcinoma,566,PTPRO,Ptpro,5800,16,2.8268551236749118
luad_tcga_pan_can_atlas_2018,"Lung Adenocarcinoma (TCGA, PanCancer Atlas)",Lung Adenocarcinoma,566,PTPRR,Ptprr,5801,16,2.8268551236749118
luad_tcga_pan_can_atlas_2018,"Lung Adenocarcinoma (TCGA, PanCancer Atlas)",Lung Adenocarcinoma,566,PTPRS,Ptprs,5802,17,3.0035335689045937
luad_tcga_pan_can_atlas_2018,"Lung Adenocarcinoma (TCGA, PanCancer Atlas)",Lung Adenocarcinoma,566,PTPRT,Ptprt,11122,55,9.717314487632509
luad_tcga_pan_can_atlas_2018,"Lung Adenocarcinoma (TCGA, PanCancer Atlas)",Lung Adenocarcinoma,566,RALGAPA2,Ralgapa2,57186,15,2.65017667844523
luad_tcga_pan_can_atlas_2018,"Lung Adenocarcinoma (TCGA, PanCancer Atlas)",Lung Adenocarcinoma,566,RALYL,Ralyl,138046,12,2.1201413427561837
luad_tcga_pan_can_atlas_2018,"Lung Adenocarcinoma (TCGA, PanCancer Atlas)",Lung Adenocarcinoma,566,RAPGEF2,Rapgef2,9693,25,4.41696113074205
luad_tcga_pan_can_atlas_2018,"Lung Adenocarcinoma (TCGA, PanCancer Atlas)",Lung Adenocarcinoma,566,RAPGEF4,Rapgef4,11069,16,2.8268551236749118
luad_tcga_pan_can_atlas_2018,"Lung Adenocarcinoma (TCGA, PanCancer Atlas)",Lung Adenocarcinoma,566,RAPGEF5,Rapgef5,9771,5,0.8833922261484098
luad_tcga_pan_can_atlas_2018,"Lung Adenocarcinoma (TCGA, PanCancer Atlas)",Lung Adenocarcinoma,566,RARB,Rarb,5915,4,0.7067137809187279
luad_tcga_pan_can_atlas_2018,"Lung Adenocarcinoma (TCGA, PanCancer Atlas)",Lung Adenocarcinoma,566,RASAL2,Rasal2,9462,26,4.593639575971731
luad_tcga_pan_can_atlas_2018,"Lung Adenocarcinoma (TCGA, PanCancer Atlas)",Lung Adenocarcinoma,566,RASGRF2,Rasgrf2,5924,21,3.7102473498233217
luad_tcga_pan_can_atlas_2018,"Lung Adenocarcinoma (TCGA, PanCancer Atlas)",Lung Adenocarcinoma,566,RBFOX1,Rbfox1,54715,25,4.41696113074205
luad_tcga_pan_can_atlas_2018,"Lung Adenocarcinoma (TCGA, PanCancer Atlas)",Lung Adenocarcinoma,566,RELN,Reln,5649,86,15.19434628975265
luad_tcga_pan_can_atlas_2018,"Lung Adenocarcinoma (TCGA, PanCancer Atlas)",Lung Adenocarcinoma,566,REV3L,Rev3l,5980,20,3.5335689045936394
luad_tcga_pan_can_atlas_2018,"Lung Adenocarcinoma (TCGA, PanCancer Atlas)",Lung Adenocarcinoma,566,RGS12,Rgs12,6002,16,2.8268551236749118
luad_tcga_pan_can_atlas_2018,"Lung Adenocarcinoma (TCGA, PanCancer Atlas)",Lung Adenocarcinoma,566,RGS6,Rgs6,9628,15,2.65017667844523
luad_tcga_pan_can_atlas_2018,"Lung Adenocarcinoma (TCGA, PanCancer Atlas)",Lung Adenocarcinoma,566,RGS7,Rgs7,6000,31,5.477031802120141
luad_tcga_pan_can_atlas_2018,"Lung Adenocarcinoma (TCGA, PanCancer Atlas)",Lung Adenocarcinoma,566,RIMBP2,Rimbp2,23504,33,5.830388692579505
luad_tcga_pan_can_atlas_2018,"Lung Adenocarcinoma (TCGA, PanCancer Atlas)",Lung Adenocarcinoma,566,ROBO1,Robo1,6091,29,5.123674911660777
luad_tcga_pan_can_atlas_2018,"Lung Adenocarcinoma (TCGA, PanCancer Atlas)",Lung Adenocarcinoma,566,ROBO2,Robo2,6092,52,9.187279151943462
luad_tcga_pan_can_atlas_2018,"Lung Adenocarcinoma (TCGA, PanCancer Atlas)",Lung Adenocarcinoma,566,ROCK2,Rock2,9475,9,1.5901060070671378
luad_tcga_pan_can_atlas_2018,"Lung Adenocarcinoma (TCGA, PanCancer Atlas)",Lung Adenocarcinoma,566,RPH3A,Rph3a,22895,17,3.0035335689045937
luad_tcga_pan_can_atlas_2018,"Lung Adenocarcinoma (TCGA, PanCancer Atlas)",Lung Adenocarcinoma,566,RPS6KA2,Rps6ka2,6196,9,1.5901060070671378
luad_tcga_pan_can_atlas_2018,"Lung Adenocarcinoma (TCGA, PanCancer Atlas)",Lung Adenocarcinoma,566,RPS6KC1,Rps6kc1,26750,13,2.2968197879858656
luad_tcga_pan_can_atlas_2018,"Lung Adenocarcinoma (TCGA, PanCancer Atlas)",Lung Adenocarcinoma,566,RTN1,Rtn1,6252,21,3.7102473498233217
luad_tcga_pan_can_atlas_2018,"Lung Adenocarcinoma (TCGA, PanCancer Atlas)",Lung Adenocarcinoma,566,RUNX1T1,Runx1t1,862,31,5.477031802120141
luad_tcga_pan_can_atlas_2018,"Lung Adenocarcinoma (TCGA, PanCancer Atlas)",Lung Adenocarcinoma,566,RXFP1,Rxfp1,59350,21,3.7102473498233217
luad_tcga_pan_can_atlas_2018,"Lung Adenocarcinoma (TCGA, PanCancer Atlas)",Lung Adenocarcinoma,566,RYR1,Ryr1,6261,95,16.784452296819786
luad_tcga_pan_can_atlas_2018,"Lung Adenocarcinoma (TCGA, PanCancer Atlas)",Lung Adenocarcinoma,566,RYR2,Ryr2,6262,217,38.33922261484099
luad_tcga_pan_can_atlas_2018,"Lung Adenocarcinoma (TCGA, PanCancer Atlas)",Lung Adenocarcinoma,566,RYR3,Ryr3,6263,106,18.72791519434629
luad_tcga_pan_can_atlas_2018,"Lung Adenocarcinoma (TCGA, PanCancer Atlas)",Lung Adenocarcinoma,566,SCN1A,Scn1a,6323,33,5.830388692579505
luad_tcga_pan_can_atlas_2018,"Lung Adenocarcinoma (TCGA, PanCancer Atlas)",Lung Adenocarcinoma,566,SCN3A,Scn3a,6328,54,9.540636042402827
luad_tcga_pan_can_atlas_2018,"Lung Adenocarcinoma (TCGA, PanCancer Atlas)",Lung Adenocarcinoma,566,SCN8A,Scn8a,6334,26,4.593639575971731
luad_tcga_pan_can_atlas_2018,"Lung Adenocarcinoma (TCGA, PanCancer Atlas)",Lung Adenocarcinoma,566,SDK1,Sdk1,221935,42,7.420494699646643
luad_tcga_pan_can_atlas_2018,"Lung Adenocarcinoma (TCGA, PanCancer Atlas)",Lung Adenocarcinoma,566,SEMA5B,Sema5b,54437,30,5.30035335689046
luad_tcga_pan_can_atlas_2018,"Lung Adenocarcinoma (TCGA, PanCancer Atlas)",Lung Adenocarcinoma,566,SEMA6D,Sema6d,80031,39,6.890459363957597
luad_tcga_pan_can_atlas_2018,"Lung Adenocarcinoma (TCGA, PanCancer Atlas)",Lung Adenocarcinoma,566,SERPINI1,Serpini1,5274,8,1.4134275618374559
luad_tcga_pan_can_atlas_2018,"Lung Adenocarcinoma (TCGA, PanCancer Atlas)",Lung Adenocarcinoma,566,SETBP1,Setbp1,26040,61,10.777385159010601
luad_tcga_pan_can_atlas_2018,"Lung Adenocarcinoma (TCGA, PanCancer Atlas)",Lung Adenocarcinoma,566,SEZ6,Sez6,124925,12,2.1201413427561837
luad_tcga_pan_can_atlas_2018,"Lung Adenocarcinoma (TCGA, PanCancer Atlas)",Lung Adenocarcinoma,566,SGCZ,Sgcz,137868,20,3.5335689045936394
luad_tcga_pan_can_atlas_2018,"Lung Adenocarcinoma (TCGA, PanCancer Atlas)",Lung Adenocarcinoma,566,SGK1,Sgk1,6446,4,0.7067137809187279
luad_tcga_pan_can_atlas_2018,"Lung Adenocarcinoma (TCGA, PanCancer Atlas)",Lung Adenocarcinoma,566,SH3GL3,Sh3gl3,6457,8,1.4134275618374559
luad_tcga_pan_can_atlas_2018,"Lung Adenocarcinoma (TCGA, PanCancer Atlas)",Lung Adenocarcinoma,566,SHANK2,Shank2,22941,18,3.1802120141342756
luad_tcga_pan_can_atlas_2018,"Lung Adenocarcinoma (TCGA, PanCancer Atlas)",Lung Adenocarcinoma,566,SIPA1L1,Sipa1l1,26037,21,3.7102473498233217
luad_tcga_pan_can_atlas_2018,"Lung Adenocarcinoma (TCGA, PanCancer Atlas)",Lung Adenocarcinoma,566,SIRPA,Sirpa,140885,13,2.2968197879858656
luad_tcga_pan_can_atlas_2018,"Lung Adenocarcinoma (TCGA, PanCancer Atlas)",Lung Adenocarcinoma,566,SLC24A2,Slc24a2,25769,20,3.5335689045936394
luad_tcga_pan_can_atlas_2018,"Lung Adenocarcinoma (TCGA, PanCancer Atlas)",Lung Adenocarcinoma,566,SLC24A3,Slc24a3,57419,7,1.2367491166077738
luad_tcga_pan_can_atlas_2018,"Lung Adenocarcinoma (TCGA, PanCancer Atlas)",Lung Adenocarcinoma,566,SLC35F3,Slc35f3,148641,11,1.9434628975265018
luad_tcga_pan_can_atlas_2018,"Lung Adenocarcinoma (TCGA, PanCancer Atlas)",Lung Adenocarcinoma,566,SLC35F4,Slc35f4,341880,12,2.1201413427561837
luad_tcga_pan_can_atlas_2018,"Lung Adenocarcinoma (TCGA, PanCancer Atlas)",Lung Adenocarcinoma,566,SLC44A5,Slc44a5,204962,31,5.477031802120141
luad_tcga_pan_can_atlas_2018,"Lung Adenocarcinoma (TCGA, PanCancer Atlas)",Lung Adenocarcinoma,566,SLC4A8,Slc4a8,9498,18,3.1802120141342756
luad_tcga_pan_can_atlas_2018,"Lung Adenocarcinoma (TCGA, PanCancer Atlas)",Lung Adenocarcinoma,566,SLC6A1,Slc6a1,6529,8,1.4134275618374559
luad_tcga_pan_can_atlas_2018,"Lung Adenocarcinoma (TCGA, PanCancer Atlas)",Lung Adenocarcinoma,566,SLC6A17,Slc6a17,388662,13,2.2968197879858656
luad_tcga_pan_can_atlas_2018,"Lung Adenocarcinoma (TCGA, PanCancer Atlas)",Lung Adenocarcinoma,566,SLC8A1,Slc8a1,6546,56,9.89399293286219
luad_tcga_pan_can_atlas_2018,"Lung Adenocarcinoma (TCGA, PanCancer Atlas)",Lung Adenocarcinoma,566,SLC9A9,Slc9a9,285195,15,2.65017667844523
luad_tcga_pan_can_atlas_2018,"Lung Adenocarcinoma (TCGA, PanCancer Atlas)",Lung Adenocarcinoma,566,SLCO3A1,Slco3a1,28232,5,0.8833922261484098
luad_tcga_pan_can_atlas_2018,"Lung Adenocarcinoma (TCGA, PanCancer Atlas)",Lung Adenocarcinoma,566,SLIT2,Slit2,9353,54,9.540636042402827
luad_tcga_pan_can_atlas_2018,"Lung Adenocarcinoma (TCGA, PanCancer Atlas)",Lung Adenocarcinoma,566,SLIT3,Slit3,6586,37,6.5371024734982335
luad_tcga_pan_can_atlas_2018,"Lung Adenocarcinoma (TCGA, PanCancer Atlas)",Lung Adenocarcinoma,566,SMARCA2,Smarca2,6595,22,3.8869257950530036
luad_tcga_pan_can_atlas_2018,"Lung Adenocarcinoma (TCGA, PanCancer Atlas)",Lung Adenocarcinoma,566,SORBS1,Sorbs1,10580,14,2.4734982332155475
luad_tcga_pan_can_atlas_2018,"Lung Adenocarcinoma (TCGA, PanCancer Atlas)",Lung Adenocarcinoma,566,SORBS2,Sorbs2,8470,12,2.1201413427561837
luad_tcga_pan_can_atlas_2018,"Lung Adenocarcinoma (TCGA, PanCancer Atlas)",Lung Adenocarcinoma,566,SORCS1,Sorcs1,114815,69,12.190812720848056
luad_tcga_pan_can_atlas_2018,"Lung Adenocarcinoma (TCGA, PanCancer Atlas)",Lung Adenocarcinoma,566,SORCS2,Sorcs2,57537,6,1.0600706713780919
luad_tcga_pan_can_atlas_2018,"Lung Adenocarcinoma (TCGA, PanCancer Atlas)",Lung Adenocarcinoma,566,SORCS3,Sorcs3,22986,47,8.303886925795053
luad_tcga_pan_can_atlas_2018,"Lung Adenocarcinoma (TCGA, PanCancer Atlas)",Lung Adenocarcinoma,566,SORL1,Sorl1,6653,25,4.41696113074205
luad_tcga_pan_can_atlas_2018,"Lung Adenocarcinoma (TCGA, PanCancer Atlas)",Lung Adenocarcinoma,566,SOX5,Sox5,6660,19,3.3568904593639575
luad_tcga_pan_can_atlas_2018,"Lung Adenocarcinoma (TCGA, PanCancer Atlas)",Lung Adenocarcinoma,566,SOX6,Sox6,55553,19,3.3568904593639575
luad_tcga_pan_can_atlas_2018,"Lung Adenocarcinoma (TCGA, PanCancer Atlas)",Lung Adenocarcinoma,566,SPARCL1,Sparcl1,8404,5,0.8833922261484098
luad_tcga_pan_can_atlas_2018,"Lung Adenocarcinoma (TCGA, PanCancer Atlas)",Lung Adenocarcinoma,566,SPHKAP,Sphkap,80309,52,9.187279151943462
luad_tcga_pan_can_atlas_2018,"Lung Adenocarcinoma (TCGA, PanCancer Atlas)",Lung Adenocarcinoma,566,SPOCK1,Spock1,6695,13,2.2968197879858656
luad_tcga_pan_can_atlas_2018,"Lung Adenocarcinoma (TCGA, PanCancer Atlas)",Lung Adenocarcinoma,566,SPOCK3,Spock3,50859,14,2.4734982332155475
luad_tcga_pan_can_atlas_2018,"Lung Adenocarcinoma (TCGA, PanCancer Atlas)",Lung Adenocarcinoma,566,SPTAN1,Sptan1,6709,21,3.7102473498233217
luad_tcga_pan_can_atlas_2018,"Lung Adenocarcinoma (TCGA, PanCancer Atlas)",Lung Adenocarcinoma,566,SPTBN4,Sptbn4,57731,26,4.593639575971731
luad_tcga_pan_can_atlas_2018,"Lung Adenocarcinoma (TCGA, PanCancer Atlas)",Lung Adenocarcinoma,566,SRGAP3,Srgap3,9901,21,3.7102473498233217
luad_tcga_pan_can_atlas_2018,"Lung Adenocarcinoma (TCGA, PanCancer Atlas)",Lung Adenocarcinoma,566,SRRM4,Srrm4,84530,6,1.0600706713780919
luad_tcga_pan_can_atlas_2018,"Lung Adenocarcinoma (TCGA, PanCancer Atlas)",Lung Adenocarcinoma,566,STARD13,Stard13,90627,18,3.1802120141342756
luad_tcga_pan_can_atlas_2018,"Lung Adenocarcinoma (TCGA, PanCancer Atlas)",Lung Adenocarcinoma,566,STOX2,Stox2,56977,3,0.5300353356890459
luad_tcga_pan_can_atlas_2018,"Lung Adenocarcinoma (TCGA, PanCancer Atlas)",Lung Adenocarcinoma,566,STRBP,Strbp,55342,5,0.8833922261484098
luad_tcga_pan_can_atlas_2018,"Lung Adenocarcinoma (TCGA, PanCancer Atlas)",Lung Adenocarcinoma,566,STXBP5L,Stxbp5l,9515,30,5.30035335689046
luad_tcga_pan_can_atlas_2018,"Lung Adenocarcinoma (TCGA, PanCancer Atlas)",Lung Adenocarcinoma,566,SV2A,Sv2a,9900,18,3.1802120141342756
luad_tcga_pan_can_atlas_2018,"Lung Adenocarcinoma (TCGA, PanCancer Atlas)",Lung Adenocarcinoma,566,SV2C,Sv2c,22987,18,3.1802120141342756
luad_tcga_pan_can_atlas_2018,"Lung Adenocarcinoma (TCGA, PanCancer Atlas)",Lung Adenocarcinoma,566,SYNJ2,Synj2,8871,10,1.7667844522968197
luad_tcga_pan_can_atlas_2018,"Lung Adenocarcinoma (TCGA, PanCancer Atlas)",Lung Adenocarcinoma,566,SYT7,Syt7,9066,6,1.0600706713780919
luad_tcga_pan_can_atlas_2018,"Lung Adenocarcinoma (TCGA, PanCancer Atlas)",Lung Adenocarcinoma,566,SYTL2,Sytl2,54843,9,1.5901060070671378
luad_tcga_pan_can_atlas_2018,"Lung Adenocarcinoma (TCGA, PanCancer Atlas)",Lung Adenocarcinoma,566,TACC1,Tacc1,6867,6,1.0600706713780919
luad_tcga_pan_can_atlas_2018,"Lung Adenocarcinoma (TCGA, PanCancer Atlas)",Lung Adenocarcinoma,566,TENM1,Tenm1,10178,67,11.837455830388693
luad_tcga_pan_can_atlas_2018,"Lung Adenocarcinoma (TCGA, PanCancer Atlas)",Lung Adenocarcinoma,566,TENM2,Tenm2,57451,59,10.424028268551236
luad_tcga_pan_can_atlas_2018,"Lung Adenocarcinoma (TCGA, PanCancer Atlas)",Lung Adenocarcinoma,566,TENM3,Tenm3,55714,58,10.247349823321555
luad_tcga_pan_can_atlas_2018,"Lung Adenocarcinoma (TCGA, PanCancer Atlas)",Lung Adenocarcinoma,566,TENM4,Tenm4,26011,33,5.830388692579505
luad_tcga_pan_can_atlas_2018,"Lung Adenocarcinoma (TCGA, PanCancer Atlas)",Lung Adenocarcinoma,566,THSD7A,Thsd7a,221981,57,10.070671378091873
luad_tcga_pan_can_atlas_2018,"Lung Adenocarcinoma (TCGA, PanCancer Atlas)",Lung Adenocarcinoma,566,THSD7B,Thsd7b,80731,52,9.187279151943462
luad_tcga_pan_can_atlas_2018,"Lung Adenocarcinoma (TCGA, PanCancer Atlas)",Lung Adenocarcinoma,566,TLE4,Tle4,7091,10,1.7667844522968197
luad_tcga_pan_can_atlas_2018,"Lung Adenocarcinoma (TCGA, PanCancer Atlas)",Lung Adenocarcinoma,566,TLL1,Tll1,7092,40,7.067137809187279
luad_tcga_pan_can_atlas_2018,"Lung Adenocarcinoma (TCGA, PanCancer Atlas)",Lung Adenocarcinoma,566,TLN2,Tln2,83660,30,5.30035335689046
luad_tcga_pan_can_atlas_2018,"Lung Adenocarcinoma (TCGA, PanCancer Atlas)",Lung Adenocarcinoma,566,TMEM108,Tmem108,66000,2,0.35335689045936397
luad_tcga_pan_can_atlas_2018,"Lung Adenocarcinoma (TCGA, PanCancer Atlas)",Lung Adenocarcinoma,566,TMEM130,Tmem130,222865,8,1.4134275618374559
luad_tcga_pan_can_atlas_2018,"Lung Adenocarcinoma (TCGA, PanCancer Atlas)",Lung Adenocarcinoma,566,TMEM132B,Tmem132b,114795,37,6.5371024734982335
luad_tcga_pan_can_atlas_2018,"Lung Adenocarcinoma (TCGA, PanCancer Atlas)",Lung Adenocarcinoma,566,TMEM132C,Tmem132c,92293,3,0.5300353356890459
luad_tcga_pan_can_atlas_2018,"Lung Adenocarcinoma (TCGA, PanCancer Atlas)",Lung Adenocarcinoma,566,TMEM132D,Tmem132d,121256,39,6.890459363957597
luad_tcga_pan_can_atlas_2018,"Lung Adenocarcinoma (TCGA, PanCancer Atlas)",Lung Adenocarcinoma,566,TMTC1,Tmtc1,83857,48,8.480565371024735
luad_tcga_pan_can_atlas_2018,"Lung Adenocarcinoma (TCGA, PanCancer Atlas)",Lung Adenocarcinoma,566,TNIK,Tnik,23043,14,2.4734982332155475
luad_tcga_pan_can_atlas_2018,"Lung Adenocarcinoma (TCGA, PanCancer Atlas)",Lung Adenocarcinoma,566,TOX,Tox,9760,6,1.0600706713780919
luad_tcga_pan_can_atlas_2018,"Lung Adenocarcinoma (TCGA, PanCancer Atlas)",Lung Adenocarcinoma,566,TOX2,Tox2,84969,16,2.8268551236749118
luad_tcga_pan_can_atlas_2018,"Lung Adenocarcinoma (TCGA, PanCancer Atlas)",Lung Adenocarcinoma,566,TOX3,Tox3,27324,5,0.8833922261484098
luad_tcga_pan_can_atlas_2018,"Lung Adenocarcinoma (TCGA, PanCancer Atlas)",Lung Adenocarcinoma,566,TRERF1,Trerf1,55809,14,2.4734982332155475
luad_tcga_pan_can_atlas_2018,"Lung Adenocarcinoma (TCGA, PanCancer Atlas)",Lung Adenocarcinoma,566,TRHDE,Trhde,29953,36,6.360424028268551
luad_tcga_pan_can_atlas_2018,"Lung Adenocarcinoma (TCGA, PanCancer Atlas)",Lung Adenocarcinoma,566,TRIO,Trio,7204,34,6.007067137809187
luad_tcga_pan_can_atlas_2018,"Lung Adenocarcinoma (TCGA, PanCancer Atlas)",Lung Adenocarcinoma,566,TRPC3,Trpc3,7222,16,2.8268551236749118
luad_tcga_pan_can_atlas_2018,"Lung Adenocarcinoma (TCGA, PanCancer Atlas)",Lung Adenocarcinoma,566,TRPC5,Trpc5,7224,33,5.830388692579505
luad_tcga_pan_can_atlas_2018,"Lung Adenocarcinoma (TCGA, PanCancer Atlas)",Lung Adenocarcinoma,566,TRPM2,Trpm2,7226,28,4.946996466431095
luad_tcga_pan_can_atlas_2018,"Lung Adenocarcinoma (TCGA, PanCancer Atlas)",Lung Adenocarcinoma,566,TRPM3,Trpm3,80036,22,3.8869257950530036
luad_tcga_pan_can_atlas_2018,"Lung Adenocarcinoma (TCGA, PanCancer Atlas)",Lung Adenocarcinoma,566,TRPS1,Trps1,7227,59,10.424028268551236
luad_tcga_pan_can_atlas_2018,"Lung Adenocarcinoma (TCGA, PanCancer Atlas)",Lung Adenocarcinoma,566,TSC22D1,Tsc22d1,8848,7,1.2367491166077738
luad_tcga_pan_can_atlas_2018,"Lung Adenocarcinoma (TCGA, PanCancer Atlas)",Lung Adenocarcinoma,566,TSHZ3,Tshz3,57616,73,12.897526501766784
luad_tcga_pan_can_atlas_2018,"Lung Adenocarcinoma (TCGA, PanCancer Atlas)",Lung Adenocarcinoma,566,TTBK2,Ttbk2,146057,4,0.7067137809187279
luad_tcga_pan_can_atlas_2018,"Lung Adenocarcinoma (TCGA, PanCancer Atlas)",Lung Adenocarcinoma,566,UNC13C,Unc13c,440279,49,8.657243816254416
luad_tcga_pan_can_atlas_2018,"Lung Adenocarcinoma (TCGA, PanCancer Atlas)",Lung Adenocarcinoma,566,UNC5C,Unc5c,8633,22,3.8869257950530036
luad_tcga_pan_can_atlas_2018,"Lung Adenocarcinoma (TCGA, PanCancer Atlas)",Lung Adenocarcinoma,566,UNC5D,Unc5d,137970,44,7.773851590106007
luad_tcga_pan_can_atlas_2018,"Lung Adenocarcinoma (TCGA, PanCancer Atlas)",Lung Adenocarcinoma,566,USP11,Usp11,8237,11,1.9434628975265018
luad_tcga_pan_can_atlas_2018,"Lung Adenocarcinoma (TCGA, PanCancer Atlas)",Lung Adenocarcinoma,566,USP25,Usp25,29761,8,1.4134275618374559
luad_tcga_pan_can_atlas_2018,"Lung Adenocarcinoma (TCGA, PanCancer Atlas)",Lung Adenocarcinoma,566,UST,Ust,10090,5,0.8833922261484098
luad_tcga_pan_can_atlas_2018,"Lung Adenocarcinoma (TCGA, PanCancer Atlas)",Lung Adenocarcinoma,566,VIP,Vip,7432,6,1.0600706713780919
luad_tcga_pan_can_atlas_2018,"Lung Adenocarcinoma (TCGA, PanCancer Atlas)",Lung Adenocarcinoma,566,VPS13A,Vps13a,23230,25,4.41696113074205
luad_tcga_pan_can_atlas_2018,"Lung Adenocarcinoma (TCGA, PanCancer Atlas)",Lung Adenocarcinoma,566,VPS13D,Vps13d,55187,30,5.30035335689046
luad_tcga_pan_can_atlas_2018,"Lung Adenocarcinoma (TCGA, PanCancer Atlas)",Lung Adenocarcinoma,566,WASF3,Wasf3,10810,13,2.2968197879858656
luad_tcga_pan_can_atlas_2018,"Lung Adenocarcinoma (TCGA, PanCancer Atlas)",Lung Adenocarcinoma,566,WNK2,Wnk2,65268,12,2.1201413427561837
luad_tcga_pan_can_atlas_2018,"Lung Adenocarcinoma (TCGA, PanCancer Atlas)",Lung Adenocarcinoma,566,WWP1,Wwp1,11059,13,2.2968197879858656
luad_tcga_pan_can_atlas_2018,"Lung Adenocarcinoma (TCGA, PanCancer Atlas)",Lung Adenocarcinoma,566,XKR4,Xkr4,114786,12,2.1201413427561837
luad_tcga_pan_can_atlas_2018,"Lung Adenocarcinoma (TCGA, PanCancer Atlas)",Lung Adenocarcinoma,566,XYLT1,Xylt1,64131,36,6.360424028268551
luad_tcga_pan_can_atlas_2018,"Lung Adenocarcinoma (TCGA, PanCancer Atlas)",Lung Adenocarcinoma,566,ZBTB16,Zbtb16,7704,9,1.5901060070671378
luad_tcga_pan_can_atlas_2018,"Lung Adenocarcinoma (TCGA, PanCancer Atlas)",Lung Adenocarcinoma,566,ZFYVE28,Zfyve28,57732,16,2.8268551236749118
luad_tcga_pan_can_atlas_2018,"Lung Adenocarcinoma (TCGA, PanCancer Atlas)",Lung Adenocarcinoma,566,ZMAT4,Zmat4,79698,12,2.1201413427561837
luad_tcga_pan_can_atlas_2018,"Lung Adenocarcinoma (TCGA, PanCancer Atlas)",Lung Adenocarcinoma,566,ZMYND8,Zmynd8,23613,14,2.4734982332155475
coadread_tcga_pan_can_atlas_2018,"Colorectal Adenocarcinoma (TCGA, PanCancer Atlas)",Colorectal Adenocarcinoma,534,ABCC8,Abcc8,6833,25,4.681647940074907
coadread_tcga_pan_can_atlas_2018,"Colorectal Adenocarcinoma (TCGA, PanCancer Atlas)",Colorectal Adenocarcinoma,534,ABR,Abr,29,20,3.745318352059925
coadread_tcga_pan_can_atlas_2018,"Colorectal Adenocarcinoma (TCGA, PanCancer Atlas)",Colorectal Adenocarcinoma,534,ACSL3,Acsl3,2181,7,1.3108614232209739
coadread_tcga_pan_can_atlas_2018,"Colorectal Adenocarcinoma (TCGA, PanCancer Atlas)",Colorectal Adenocarcinoma,534,ADAM23,Adam23,8745,13,2.4344569288389515
coadread_tcga_pan_can_atlas_2018,"Colorectal Adenocarcinoma (TCGA, PanCancer Atlas)",Colorectal Adenocarcinoma,534,ADAMTS17,Adamts17,170691,22,4.119850187265918
coadread_tcga_pan_can_atlas_2018,"Colorectal Adenocarcinoma (TCGA, PanCancer Atlas)",Colorectal Adenocarcinoma,534,ADARB2,Adarb2,105,20,3.745318352059925
coadread_tcga_pan_can_atlas_2018,"Colorectal Adenocarcinoma (TCGA, PanCancer Atlas)",Colorectal Adenocarcinoma,534,ADCY1,Adcy1,107,26,4.868913857677903
coadread_tcga_pan_can_atlas_2018,"Colorectal Adenocarcinoma (TCGA, PanCancer Atlas)",Colorectal Adenocarcinoma,534,ADCY2,Adcy2,108,29,5.430711610486892
coadread_tcga_pan_can_atlas_2018,"Colorectal Adenocarcinoma (TCGA, PanCancer Atlas)",Colorectal Adenocarcinoma,534,ADCY8,Adcy8,114,35,6.5543071161048685
coadread_tcga_pan_can_atlas_2018,"Colorectal Adenocarcinoma (TCGA, PanCancer Atlas)",Colorectal Adenocarcinoma,534,ADRA1A,Adra1a,148,16,2.9962546816479403
coadread_tcga_pan_can_atlas_2018,"Colorectal Adenocarcinoma (TCGA, PanCancer Atlas)",Colorectal Adenocarcinoma,534,AHI1,Ahi1,54806,12,2.247191011235955
coadread_tcga_pan_can_atlas_2018,"Colorectal Adenocarcinoma (TCGA, PanCancer Atlas)",Colorectal Adenocarcinoma,534,AK5,Ak5,26289,17,3.183520599250936
coadread_tcga_pan_can_atlas_2018,"Colorectal Adenocarcinoma (TCGA, PanCancer Atlas)",Colorectal Adenocarcinoma,534,ALK,Alk,238,32,5.992509363295881
coadread_tcga_pan_can_atlas_2018,"Colorectal Adenocarcinoma (TCGA, PanCancer Atlas)",Colorectal Adenocarcinoma,534,ANK1,Ank1,286,35,6.5543071161048685
coadread_tcga_pan_can_atlas_2018,"Colorectal Adenocarcinoma (TCGA, PanCancer Atlas)",Colorectal Adenocarcinoma,534,ANKRD26,Ankrd26,22852,27,5.056179775280899
coadread_tcga_pan_can_atlas_2018,"Colorectal Adenocarcinoma (TCGA, PanCancer Atlas)",Colorectal Adenocarcinoma,534,ANKS1B,Anks1b,56899,23,4.307116104868914
coadread_tcga_pan_can_atlas_2018,"Colorectal Adenocarcinoma (TCGA, PanCancer Atlas)",Colorectal Adenocarcinoma,534,ANO3,Ano3,63982,20,3.745318352059925
coadread_tcga_pan_can_atlas_2018,"Colorectal Adenocarcinoma (TCGA, PanCancer Atlas)",Colorectal Adenocarcinoma,534,ANO4,Ano4,121601,22,4.119850187265918
coadread_tcga_pan_can_atlas_2018,"Colorectal Adenocarcinoma (TCGA, PanCancer Atlas)",Colorectal Adenocarcinoma,534,ANO5,Ano5,203859,20,3.745318352059925
coadread_tcga_pan_can_atlas_2018,"Colorectal Adenocarcinoma (TCGA, PanCancer Atlas)",Colorectal Adenocarcinoma,534,APBA1,Apba1,320,16,2.9962546816479403
coadread_tcga_pan_can_atlas_2018,"Colorectal Adenocarcinoma (TCGA, PanCancer Atlas)",Colorectal Adenocarcinoma,534,APLP1,Aplp1,333,19,3.5580524344569286
coadread_tcga_pan_can_atlas_2018,"Colorectal Adenocarcinoma (TCGA, PanCancer Atlas)",Colorectal Adenocarcinoma,534,ARAP2,Arap2,116984,35,6.5543071161048685
coadread_tcga_pan_can_atlas_2018,"Colorectal Adenocarcinoma (TCGA, PanCancer Atlas)",Colorectal Adenocarcinoma,534,ARHGAP20,Arhgap20,57569,22,4.119850187265918
coadread_tcga_pan_can_atlas_2018,"Colorectal Adenocarcinoma (TCGA, PanCancer Atlas)",Colorectal Adenocarcinoma,534,ARHGAP21,Arhgap21,57584,30,5.617977528089888
coadread_tcga_pan_can_atlas_2018,"Colorectal Adenocarcinoma (TCGA, PanCancer Atlas)",Colorectal Adenocarcinoma,534,ARHGAP5,Arhgap5,394,28,5.2434456928838955
coadread_tcga_pan_can_atlas_2018,"Colorectal Adenocarcinoma (TCGA, PanCancer Atlas)",Colorectal Adenocarcinoma,534,ARID5B,Arid5b,84159,17,3.183520599250936
coadread_tcga_pan_can_atlas_2018,"Colorectal Adenocarcinoma (TCGA, PanCancer Atlas)",Colorectal Adenocarcinoma,534,ARPP21,Arpp21,10777,26,4.868913857677903
coadread_tcga_pan_can_atlas_2018,"Colorectal Adenocarcinoma (TCGA, PanCancer Atlas)",Colorectal Adenocarcinoma,534,ASIC2,Asic2,40,14,2.6217228464419478
coadread_tcga_pan_can_atlas_2018,"Colorectal Adenocarcinoma (TCGA, PanCancer Atlas)",Colorectal Adenocarcinoma,534,ASTN1,Astn1,460,34,6.367041198501872
coadread_tcga_pan_can_atlas_2018,"Colorectal Adenocarcinoma (TCGA, PanCancer Atlas)",Colorectal Adenocarcinoma,534,ASTN2,Astn2,23245,33,6.179775280898877
coadread_tcga_pan_can_atlas_2018,"Colorectal Adenocarcinoma (TCGA, PanCancer Atlas)",Colorectal Adenocarcinoma,534,ATP1A3,Atp1a3,478,11,2.059925093632959
coadread_tcga_pan_can_atlas_2018,"Colorectal Adenocarcinoma (TCGA, PanCancer Atlas)",Colorectal Adenocarcinoma,534,ATP2A2,Atp2a2,488,16,2.9962546816479403
coadread_tcga_pan_can_atlas_2018,"Colorectal Adenocarcinoma (TCGA, PanCancer Atlas)",Colorectal Adenocarcinoma,534,ATP8A2,Atp8a2,51761,29,5.430711610486892
coadread_tcga_pan_can_atlas_2018,"Colorectal Adenocarcinoma (TCGA, PanCancer Atlas)",Colorectal Adenocarcinoma,534,ATRNL1,Atrnl1,26033,22,4.119850187265918
coadread_tcga_pan_can_atlas_2018,"Colorectal Adenocarcinoma (TCGA, PanCancer Atlas)",Colorectal Adenocarcinoma,534,ATXN1,Atxn1,6310,18,3.3707865168539324
coadread_tcga_pan_can_atlas_2018,"Colorectal Adenocarcinoma (TCGA, PanCancer Atlas)",Colorectal Adenocarcinoma,534,BACH2,Bach2,60468,23,4.307116104868914
coadread_tcga_pan_can_atlas_2018,"Colorectal Adenocarcinoma (TCGA, PanCancer Atlas)",Colorectal Adenocarcinoma,534,BAIAP2,Baiap2,10458,6,1.1235955056179776
coadread_tcga_pan_can_atlas_2018,"Colorectal Adenocarcinoma (TCGA, PanCancer Atlas)",Colorectal Adenocarcinoma,534,BCL11A,Bcl11a,53335,16,2.9962546816479403
coadread_tcga_pan_can_atlas_2018,"Colorectal Adenocarcinoma (TCGA, PanCancer Atlas)",Colorectal Adenocarcinoma,534,BCL11B,Bcl11b,64919,10,1.8726591760299625
coadread_tcga_pan_can_atlas_2018,"Colorectal Adenocarcinoma (TCGA, PanCancer Atlas)",Colorectal Adenocarcinoma,534,BDP1,Bdp1,55814,23,4.307116104868914
coadread_tcga_pan_can_atlas_2018,"Colorectal Adenocarcinoma (TCGA, PanCancer Atlas)",Colorectal Adenocarcinoma,534,BMPER,Bmper,168667,22,4.119850187265918
coadread_tcga_pan_can_atlas_2018,"Colorectal Adenocarcinoma (TCGA, PanCancer Atlas)",Colorectal Adenocarcinoma,534,BRINP2,Brinp2,57795,21,3.932584269662921
coadread_tcga_pan_can_atlas_2018,"Colorectal Adenocarcinoma (TCGA, PanCancer Atlas)",Colorectal Adenocarcinoma,534,BRINP3,Brinp3,339479,34,6.367041198501872
coadread_tcga_pan_can_atlas_2018,"Colorectal Adenocarcinoma (TCGA, PanCancer Atlas)",Colorectal Adenocarcinoma,534,BSN,Bsn,8927,52,9.737827715355806
coadread_tcga_pan_can_atlas_2018,"Colorectal Adenocarcinoma (TCGA, PanCancer Atlas)",Colorectal Adenocarcinoma,534,CACNA1A,Cacna1a,773,42,7.865168539325842
coadread_tcga_pan_can_atlas_2018,"Colorectal Adenocarcinoma (TCGA, PanCancer Atlas)",Colorectal Adenocarcinoma,534,CACNA1B,Cacna1b,774,42,7.865168539325842
coadread_tcga_pan_can_atlas_2018,"Colorectal Adenocarcinoma (TCGA, PanCancer Atlas)",Colorectal Adenocarcinoma,534,CACNA1C,Cacna1c,775,43,8.05243445692884
coadread_tcga_pan_can_atlas_2018,"Colorectal Adenocarcinoma (TCGA, PanCancer Atlas)",Colorectal Adenocarcinoma,534,CACNA1D,Cacna1d,776,32,5.992509363295881
coadread_tcga_pan_can_atlas_2018,"Colorectal Adenocarcinoma (TCGA, PanCancer Atlas)",Colorectal Adenocarcinoma,534,CACNA1E,Cacna1e,777,65,12.172284644194757
coadread_tcga_pan_can_atlas_2018,"Colorectal Adenocarcinoma (TCGA, PanCancer Atlas)",Colorectal Adenocarcinoma,534,CACNA2D1,Cacna2d1,781,28,5.2434456928838955
coadread_tcga_pan_can_atlas_2018,"Colorectal Adenocarcinoma (TCGA, PanCancer Atlas)",Colorectal Adenocarcinoma,534,CACNA2D3,Cacna2d3,55799,30,5.617977528089888
coadread_tcga_pan_can_atlas_2018,"Colorectal Adenocarcinoma (TCGA, PanCancer Atlas)",Colorectal Adenocarcinoma,534,CACNB2,Cacnb2,783,14,2.6217228464419478
coadread_tcga_pan_can_atlas_2018,"Colorectal Adenocarcinoma (TCGA, PanCancer Atlas)",Colorectal Adenocarcinoma,534,CACNB4,Cacnb4,785,11,2.059925093632959
coadread_tcga_pan_can_atlas_2018,"Colorectal Adenocarcinoma (TCGA, PanCancer Atlas)",Colorectal Adenocarcinoma,534,CACNG3,Cacng3,10368,15,2.808988764044944
coadread_tcga_pan_can_atlas_2018,"Colorectal Adenocarcinoma (TCGA, PanCancer Atlas)",Colorectal Adenocarcinoma,534,CADM2,Cadm2,253559,14,2.6217228464419478
coadread_tcga_pan_can_atlas_2018,"Colorectal Adenocarcinoma (TCGA, PanCancer Atlas)",Colorectal Adenocarcinoma,534,CADPS,Cadps,8618,31,5.805243445692884
coadread_tcga_pan_can_atlas_2018,"Colorectal Adenocarcinoma (TCGA, PanCancer Atlas)",Colorectal Adenocarcinoma,534,CAMTA1,Camta1,23261,28,5.2434456928838955
coadread_tcga_pan_can_atlas_2018,"Colorectal Adenocarcinoma (TCGA, PanCancer Atlas)",Colorectal Adenocarcinoma,534,CAP2,Cap2,10486,6,1.1235955056179776
coadread_tcga_pan_can_atlas_2018,"Colorectal Adenocarcinoma (TCGA, PanCancer Atlas)",Colorectal Adenocarcinoma,534,CCDC136,Ccdc136,64753,18,3.3707865168539324
coadread_tcga_pan_can_atlas_2018,"Colorectal Adenocarcinoma (TCGA, PanCancer Atlas)",Colorectal Adenocarcinoma,534,CCSER1,Ccser1,401145,22,4.119850187265918
coadread_tcga_pan_can_atlas_2018,"Colorectal Adenocarcinoma (TCGA, PanCancer Atlas)",Colorectal Adenocarcinoma,534,CDH10,Cdh10,1008,42,7.865168539325842
coadread_tcga_pan_can_atlas_2018,"Colorectal Adenocarcinoma (TCGA, PanCancer Atlas)",Colorectal Adenocarcinoma,534,CDH12,Cdh12,1010,24,4.49438202247191
coadread_tcga_pan_can_atlas_2018,"Colorectal Adenocarcinoma (TCGA, PanCancer Atlas)",Colorectal Adenocarcinoma,534,CDH13,Cdh13,1012,22,4.119850187265918
coadread_tcga_pan_can_atlas_2018,"Colorectal Adenocarcinoma (TCGA, PanCancer Atlas)",Colorectal Adenocarcinoma,534,CDH2,Cdh2,1000,31,5.805243445692884
coadread_tcga_pan_can_atlas_2018,"Colorectal Adenocarcinoma (TCGA, PanCancer Atlas)",Colorectal Adenocarcinoma,534,CDH22,Cdh22,64405,20,3.745318352059925
coadread_tcga_pan_can_atlas_2018,"Colorectal Adenocarcinoma (TCGA, PanCancer Atlas)",Colorectal Adenocarcinoma,534,CDH4,Cdh4,1002,34,6.367041198501872
coadread_tcga_pan_can_atlas_2018,"Colorectal Adenocarcinoma (TCGA, PanCancer Atlas)",Colorectal Adenocarcinoma,534,CDH8,Cdh8,1006,35,6.5543071161048685
coadread_tcga_pan_can_atlas_2018,"Colorectal Adenocarcinoma (TCGA, PanCancer Atlas)",Colorectal Adenocarcinoma,534,CDH9,Cdh9,1007,43,8.05243445692884
coadread_tcga_pan_can_atlas_2018,"Colorectal Adenocarcinoma (TCGA, PanCancer Atlas)",Colorectal Adenocarcinoma,534,CDK14,Cdk14,5218,12,2.247191011235955
coadread_tcga_pan_can_atlas_2018,"Colorectal Adenocarcinoma (TCGA, PanCancer Atlas)",Colorectal Adenocarcinoma,534,CDKL5,Cdkl5,6792,14,2.6217228464419478
coadread_tcga_pan_can_atlas_2018,"Colorectal Adenocarcinoma (TCGA, PanCancer Atlas)",Colorectal Adenocarcinoma,534,CELF4,Celf4,56853,14,2.6217228464419478
coadread_tcga_pan_can_atlas_2018,"Colorectal Adenocarcinoma (TCGA, PanCancer Atlas)",Colorectal Adenocarcinoma,534,CEMIP,Cemip,57214,21,3.932584269662921
coadread_tcga_pan_can_atlas_2018,"Colorectal Adenocarcinoma (TCGA, PanCancer Atlas)",Colorectal Adenocarcinoma,534,CHGB,Chgb,1114,14,2.6217228464419478
coadread_tcga_pan_can_atlas_2018,"Colorectal Adenocarcinoma (TCGA, PanCancer Atlas)",Colorectal Adenocarcinoma,534,CHL1,Chl1,10752,34,6.367041198501872
coadread_tcga_pan_can_atlas_2018,"Colorectal Adenocarcinoma (TCGA, PanCancer Atlas)",Colorectal Adenocarcinoma,534,CHRM3,Chrm3,1131,16,2.9962546816479403
coadread_tcga_pan_can_atlas_2018,"Colorectal Adenocarcinoma (TCGA, PanCancer Atlas)",Colorectal Adenocarcinoma,534,CHSY3,Chsy3,337876,10,1.8726591760299625
coadread_tcga_pan_can_atlas_2018,"Colorectal Adenocarcinoma (TCGA, PanCancer Atlas)",Colorectal Adenocarcinoma,534,CIT,Cit,11113,22,4.119850187265918
coadread_tcga_pan_can_atlas_2018,"Colorectal Adenocarcinoma (TCGA, PanCancer Atlas)",Colorectal Adenocarcinoma,534,CLEC16A,Clec16a,23274,23,4.307116104868914
coadread_tcga_pan_can_atlas_2018,"Colorectal Adenocarcinoma (TCGA, PanCancer Atlas)",Colorectal Adenocarcinoma,534,CLIP4,Clip4,79745,15,2.808988764044944
coadread_tcga_pan_can_atlas_2018,"Colorectal Adenocarcinoma (TCGA, PanCancer Atlas)",Colorectal Adenocarcinoma,534,CLSTN2,Clstn2,64084,24,4.49438202247191
coadread_tcga_pan_can_atlas_2018,"Colorectal Adenocarcinoma (TCGA, PanCancer Atlas)",Colorectal Adenocarcinoma,534,CLVS1,Clvs1,157807,7,1.3108614232209739
coadread_tcga_pan_can_atlas_2018,"Colorectal Adenocarcinoma (TCGA, PanCancer Atlas)",Colorectal Adenocarcinoma,534,CNR1,Cnr1,1268,15,2.808988764044944
coadread_tcga_pan_can_atlas_2018,"Colorectal Adenocarcinoma (TCGA, PanCancer Atlas)",Colorectal Adenocarcinoma,534,CNTN3,Cntn3,5067,19,3.5580524344569286
coadread_tcga_pan_can_atlas_2018,"Colorectal Adenocarcinoma (TCGA, PanCancer Atlas)",Colorectal Adenocarcinoma,534,CNTN4,Cntn4,152330,30,5.617977528089888
coadread_tcga_pan_can_atlas_2018,"Colorectal Adenocarcinoma (TCGA, PanCancer Atlas)",Colorectal Adenocarcinoma,534,CNTN5,Cntn5,53942,36,6.741573033707865
coadread_tcga_pan_can_atlas_2018,"Colorectal Adenocarcinoma (TCGA, PanCancer Atlas)",Colorectal Adenocarcinoma,534,CNTN6,Cntn6,27255,38,7.116104868913857
coadread_tcga_pan_can_atlas_2018,"Colorectal Adenocarcinoma (TCGA, PanCancer Atlas)",Colorectal Adenocarcinoma,534,CNTNAP2,Cntnap2,26047,42,7.865168539325842
coadread_tcga_pan_can_atlas_2018,"Colorectal Adenocarcinoma (TCGA, PanCancer Atlas)",Colorectal Adenocarcinoma,534,CNTNAP4,Cntnap4,85445,35,6.5543071161048685
coadread_tcga_pan_can_atlas_2018,"Colorectal Adenocarcinoma (TCGA, PanCancer Atlas)",Colorectal Adenocarcinoma,534,COL11A1,Col11a1,1301,53,9.925093632958802
coadread_tcga_pan_can_atlas_2018,"Colorectal Adenocarcinoma (TCGA, PanCancer Atlas)",Colorectal Adenocarcinoma,534,COL16A1,Col16a1,1307,18,3.3707865168539324
coadread_tcga_pan_can_atlas_2018,"Colorectal Adenocarcinoma (TCGA, PanCancer Atlas)",Colorectal Adenocarcinoma,534,COL19A1,Col19a1,1310,26,4.868913857677903
coadread_tcga_pan_can_atlas_2018,"Colorectal Adenocarcinoma (TCGA, PanCancer Atlas)",Colorectal Adenocarcinoma,534,COL24A1,Col24a1,255631,27,5.056179775280899
coadread_tcga_pan_can_atlas_2018,"Colorectal Adenocarcinoma (TCGA, PanCancer Atlas)",Colorectal Adenocarcinoma,534,COL25A1,Col25a1,84570,14,2.6217228464419478
coadread_tcga_pan_can_atlas_2018,"Colorectal Adenocarcinoma (TCGA, PanCancer Atlas)",Colorectal Adenocarcinoma,534,CORO6,Coro6,84940,6,1.1235955056179776
coadread_tcga_pan_can_atlas_2018,"Colorectal Adenocarcinoma (TCGA, PanCancer Atlas)",Colorectal Adenocarcinoma,534,CPNE4,Cpne4,131034,18,3.3707865168539324
coadread_tcga_pan_can_atlas_2018,"Colorectal Adenocarcinoma (TCGA, PanCancer Atlas)",Colorectal Adenocarcinoma,534,CSMD1,Csmd1,64478,92,17.228464419475657
coadread_tcga_pan_can_atlas_2018,"Colorectal Adenocarcinoma (TCGA, PanCancer Atlas)",Colorectal Adenocarcinoma,534,CSMD2,Csmd2,114784,61,11.423220973782772
coadread_tcga_pan_can_atlas_2018,"Colorectal Adenocarcinoma (TCGA, PanCancer Atlas)",Colorectal Adenocarcinoma,534,CSMD3,Csmd3,114788,89,16.666666666666668
coadread_tcga_pan_can_atlas_2018,"Colorectal Adenocarcinoma (TCGA, PanCancer Atlas)",Colorectal Adenocarcinoma,534,CSRNP3,Csrnp3,80034,13,2.4344569288389515
coadread_tcga_pan_can_atlas_2018,"Colorectal Adenocarcinoma (TCGA, PanCancer Atlas)",Colorectal Adenocarcinoma,534,CUX1,Cux1,1523,21,3.932584269662921
coadread_tcga_pan_can_atlas_2018,"Colorectal Adenocarcinoma (TCGA, PanCancer Atlas)",Colorectal Adenocarcinoma,534,CUX2,Cux2,23316,37,6.928838951310861
coadread_tcga_pan_can_atlas_2018,"Colorectal Adenocarcinoma (TCGA, PanCancer Atlas)",Colorectal Adenocarcinoma,534,CYFIP2,Cyfip2,26999,18,3.3707865168539324
coadread_tcga_pan_can_atlas_2018,"Colorectal Adenocarcinoma (TCGA, PanCancer Atlas)",Colorectal Adenocarcinoma,534,DAAM1,Daam1,23002,17,3.183520599250936
coadread_tcga_pan_can_atlas_2018,"Colorectal Adenocarcinoma (TCGA, PanCancer Atlas)",Colorectal Adenocarcinoma,534,DAB1,Dab1,1600,19,3.5580524344569286
coadread_tcga_pan_can_atlas_2018,"Colorectal Adenocarcinoma (TCGA, PanCancer Atlas)",Colorectal Adenocarcinoma,534,DACH1,Dach1,1602,12,2.247191011235955
coadread_tcga_pan_can_atlas_2018,"Colorectal Adenocarcinoma (TCGA, PanCancer Atlas)",Colorectal Adenocarcinoma,534,DAPK1,Dapk1,1612,30,5.617977528089888
coadread_tcga_pan_can_atlas_2018,"Colorectal Adenocarcinoma (TCGA, PanCancer Atlas)",Colorectal Adenocarcinoma,534,DCC,Dcc,1630,44,8.239700374531836
coadread_tcga_pan_can_atlas_2018,"Colorectal Adenocarcinoma (TCGA, PanCancer Atlas)",Colorectal Adenocarcinoma,534,DENND5B,Dennd5b,160518,20,3.745318352059925
coadread_tcga_pan_can_atlas_2018,"Colorectal Adenocarcinoma (TCGA, PanCancer Atlas)",Colorectal Adenocarcinoma,534,DGKB,Dgkb,1607,21,3.932584269662921
coadread_tcga_pan_can_atlas_2018,"Colorectal Adenocarcinoma (TCGA, PanCancer Atlas)",Colorectal Adenocarcinoma,534,DGKD,Dgkd,8527,21,3.932584269662921
coadread_tcga_pan_can_atlas_2018,"Colorectal Adenocarcinoma (TCGA, PanCancer Atlas)",Colorectal Adenocarcinoma,534,DGKG,Dgkg,1608,12,2.247191011235955
coadread_tcga_pan_can_atlas_2018,"Colorectal Adenocarcinoma (TCGA, PanCancer Atlas)",Colorectal Adenocarcinoma,534,DGKH,Dgkh,160851,12,2.247191011235955
coadread_tcga_pan_can_atlas_2018,"Colorectal Adenocarcinoma (TCGA, PanCancer Atlas)",Colorectal Adenocarcinoma,534,DGKI,Dgki,9162,25,4.681647940074907
coadread_tcga_pan_can_atlas_2018,"Colorectal Adenocarcinoma (TCGA, PanCancer Atlas)",Colorectal Adenocarcinoma,534,DIP2A,Dip2a,23181,25,4.681647940074907
coadread_tcga_pan_can_atlas_2018,"Colorectal Adenocarcinoma (TCGA, PanCancer Atlas)",Colorectal Adenocarcinoma,534,DLC1,Dlc1,10395,39,7.303370786516854
coadread_tcga_pan_can_atlas_2018,"Colorectal Adenocarcinoma (TCGA, PanCancer Atlas)",Colorectal Adenocarcinoma,534,DLG2,Dlg2,1740,34,6.367041198501872
coadread_tcga_pan_can_atlas_2018,"Colorectal Adenocarcinoma (TCGA, PanCancer Atlas)",Colorectal Adenocarcinoma,534,DLGAP1,Dlgap1,9229,19,3.5580524344569286
coadread_tcga_pan_can_atlas_2018,"Colorectal Adenocarcinoma (TCGA, PanCancer Atlas)",Colorectal Adenocarcinoma,534,DLGAP2,Dlgap2,9228,34,6.367041198501872
coadread_tcga_pan_can_atlas_2018,"Colorectal Adenocarcinoma (TCGA, PanCancer Atlas)",Colorectal Adenocarcinoma,534,DMD,Dmd,1756,72,13.48314606741573
coadread_tcga_pan_can_atlas_2018,"Colorectal Adenocarcinoma (TCGA, PanCancer Atlas)",Colorectal Adenocarcinoma,534,DNER,Dner,92737,23,4.307116104868914
coadread_tcga_pan_can_atlas_2018,"Colorectal Adenocarcinoma (TCGA, PanCancer Atlas)",Colorectal Adenocarcinoma,534,DOCK10,Dock10,55619,26,4.868913857677903
coadread_tcga_pan_can_atlas_2018,"Colorectal Adenocarcinoma (TCGA, PanCancer Atlas)",Colorectal Adenocarcinoma,534,DOCK3,Dock3,1795,49,9.176029962546817
coadread_tcga_pan_can_atlas_2018,"Colorectal Adenocarcinoma (TCGA, PanCancer Atlas)",Colorectal Adenocarcinoma,534,DOCK4,Dock4,9732,32,5.992509363295881
coadread_tcga_pan_can_atlas_2018,"Colorectal Adenocarcinoma (TCGA, PanCancer Atlas)",Colorectal Adenocarcinoma,534,DOCK9,Dock9,23348,32,5.992509363295881
coadread_tcga_pan_can_atlas_2018,"Colorectal Adenocarcinoma (TCGA, PanCancer Atlas)",Colorectal Adenocarcinoma,534,DOK5,Dok5,55816,14,2.6217228464419478
coadread_tcga_pan_can_atlas_2018,"Colorectal Adenocarcinoma (TCGA, PanCancer Atlas)",Colorectal Adenocarcinoma,534,DPP6,Dpp6,1804,24,4.49438202247191
coadread_tcga_pan_can_atlas_2018,"Colorectal Adenocarcinoma (TCGA, PanCancer Atlas)",Colorectal Adenocarcinoma,534,DSCAM,Dscam,1826,54,10.112359550561798
coadread_tcga_pan_can_atlas_2018,"Colorectal Adenocarcinoma (TCGA, PanCancer Atlas)",Colorectal Adenocarcinoma,534,DSCAML1,Dscaml1,57453,44,8.239700374531836
coadread_tcga_pan_can_atlas_2018,"Colorectal Adenocarcinoma (TCGA, PanCancer Atlas)",Colorectal Adenocarcinoma,534,DYNC1H1,Dync1h1,1778,43,8.05243445692884
coadread_tcga_pan_can_atlas_2018,"Colorectal Adenocarcinoma (TCGA, PanCancer Atlas)",Colorectal Adenocarcinoma,534,DYNC1I1,Dync1i1,1780,18,3.3707865168539324
coadread_tcga_pan_can_atlas_2018,"Colorectal Adenocarcinoma (TCGA, PanCancer Atlas)",Colorectal Adenocarcinoma,534,DYNC2H1,Dync2h1,79659,54,10.112359550561798
coadread_tcga_pan_can_atlas_2018,"Colorectal Adenocarcinoma (TCGA, PanCancer Atlas)",Colorectal Adenocarcinoma,534,EEPD1,Eepd1,80820,10,1.8726591760299625
coadread_tcga_pan_can_atlas_2018,"Colorectal Adenocarcinoma (TCGA, PanCancer Atlas)",Colorectal Adenocarcinoma,534,EFR3A,Efr3a,23167,13,2.4344569288389515
coadread_tcga_pan_can_atlas_2018,"Colorectal Adenocarcinoma (TCGA, PanCancer Atlas)",Colorectal Adenocarcinoma,534,EGFR,Egfr,1956,15,2.808988764044944
coadread_tcga_pan_can_atlas_2018,"Colorectal Adenocarcinoma (TCGA, PanCancer Atlas)",Colorectal Adenocarcinoma,534,ELAVL2,Elavl2,1993,12,2.247191011235955
coadread_tcga_pan_can_atlas_2018,"Colorectal Adenocarcinoma (TCGA, PanCancer Atlas)",Colorectal Adenocarcinoma,534,ENOX1,Enox1,55068,9,1.6853932584269662
coadread_tcga_pan_can_atlas_2018,"Colorectal Adenocarcinoma (TCGA, PanCancer Atlas)",Colorectal Adenocarcinoma,534,EPHA3,Epha3,2042,31,5.805243445692884
coadread_tcga_pan_can_atlas_2018,"Colorectal Adenocarcinoma (TCGA, PanCancer Atlas)",Colorectal Adenocarcinoma,534,EPHA4,Epha4,2043,20,3.745318352059925
coadread_tcga_pan_can_atlas_2018,"Colorectal Adenocarcinoma (TCGA, PanCancer Atlas)",Colorectal Adenocarcinoma,534,EPHA6,Epha6,285220,26,4.868913857677903
coadread_tcga_pan_can_atlas_2018,"Colorectal Adenocarcinoma (TCGA, PanCancer Atlas)",Colorectal Adenocarcinoma,534,EPHB6,Ephb6,2051,18,3.3707865168539324
coadread_tcga_pan_can_atlas_2018,"Colorectal Adenocarcinoma (TCGA, PanCancer Atlas)",Colorectal Adenocarcinoma,534,ERBB4,Erbb4,2066,49,9.176029962546817
coadread_tcga_pan_can_atlas_2018,"Colorectal Adenocarcinoma (TCGA, PanCancer Atlas)",Colorectal Adenocarcinoma,534,ERC2,Erc2,26059,25,4.681647940074907
coadread_tcga_pan_can_atlas_2018,"Colorectal Adenocarcinoma (TCGA, PanCancer Atlas)",Colorectal Adenocarcinoma,534,ESRRG,Esrrg,2104,14,2.6217228464419478
coadread_tcga_pan_can_atlas_2018,"Colorectal Adenocarcinoma (TCGA, PanCancer Atlas)",Colorectal Adenocarcinoma,534,ETV6,Etv6,2120,15,2.808988764044944
coadread_tcga_pan_can_atlas_2018,"Colorectal Adenocarcinoma (TCGA, PanCancer Atlas)",Colorectal Adenocarcinoma,534,EXOC4,Exoc4,60412,20,3.745318352059925
coadread_tcga_pan_can_atlas_2018,"Colorectal Adenocarcinoma (TCGA, PanCancer Atlas)",Colorectal Adenocarcinoma,534,EYA4,Eya4,2070,16,2.9962546816479403
coadread_tcga_pan_can_atlas_2018,"Colorectal Adenocarcinoma (TCGA, PanCancer Atlas)",Colorectal Adenocarcinoma,534,FAM135B,Fam135b,51059,39,7.303370786516854
coadread_tcga_pan_can_atlas_2018,"Colorectal Adenocarcinoma (TCGA, PanCancer Atlas)",Colorectal Adenocarcinoma,534,FAT1,Fat1,2195,56,10.486891385767791
coadread_tcga_pan_can_atlas_2018,"Colorectal Adenocarcinoma (TCGA, PanCancer Atlas)",Colorectal Adenocarcinoma,534,FAT3,Fat3,120114,81,15.168539325842696
coadread_tcga_pan_can_atlas_2018,"Colorectal Adenocarcinoma (TCGA, PanCancer Atlas)",Colorectal Adenocarcinoma,534,FGF13,Fgf13,2258,17,3.183520599250936
coadread_tcga_pan_can_atlas_2018,"Colorectal Adenocarcinoma (TCGA, PanCancer Atlas)",Colorectal Adenocarcinoma,534,FHOD3,Fhod3,80206,34,6.367041198501872
coadread_tcga_pan_can_atlas_2018,"Colorectal Adenocarcinoma (TCGA, PanCancer Atlas)",Colorectal Adenocarcinoma,534,FMN1,Fmn1,342184,11,2.059925093632959
coadread_tcga_pan_can_atlas_2018,"Colorectal Adenocarcinoma (TCGA, PanCancer Atlas)",Colorectal Adenocarcinoma,534,FMN2,Fmn2,56776,47,8.801498127340825
coadread_tcga_pan_can_atlas_2018,"Colorectal Adenocarcinoma (TCGA, PanCancer Atlas)",Colorectal Adenocarcinoma,534,FOCAD,Focad,54914,16,2.9962546816479403
coadread_tcga_pan_can_atlas_2018,"Colorectal Adenocarcinoma (TCGA, PanCancer Atlas)",Colorectal Adenocarcinoma,534,FRAS1,Fras1,80144,49,9.176029962546817
coadread_tcga_pan_can_atlas_2018,"Colorectal Adenocarcinoma (TCGA, PanCancer Atlas)",Colorectal Adenocarcinoma,534,FREM1,Frem1,158326,27,5.056179775280899
coadread_tcga_pan_can_atlas_2018,"Colorectal Adenocarcinoma (TCGA, PanCancer Atlas)",Colorectal Adenocarcinoma,534,FRMPD4,Frmpd4,9758,24,4.49438202247191
coadread_tcga_pan_can_atlas_2018,"Colorectal Adenocarcinoma (TCGA, PanCancer Atlas)",Colorectal Adenocarcinoma,534,FRY,Fry,10129,52,9.737827715355806
coadread_tcga_pan_can_atlas_2018,"Colorectal Adenocarcinoma (TCGA, PanCancer Atlas)",Colorectal Adenocarcinoma,534,FSTL4,Fstl4,23105,17,3.183520599250936
coadread_tcga_pan_can_atlas_2018,"Colorectal Adenocarcinoma (TCGA, PanCancer Atlas)",Colorectal Adenocarcinoma,534,FSTL5,Fstl5,56884,29,5.430711610486892
coadread_tcga_pan_can_atlas_2018,"Colorectal Adenocarcinoma (TCGA, PanCancer Atlas)",Colorectal Adenocarcinoma,534,FUT9,Fut9,10690,18,3.3707865168539324
coadread_tcga_pan_can_atlas_2018,"Colorectal Adenocarcinoma (TCGA, PanCancer Atlas)",Colorectal Adenocarcinoma,534,GABBR1,Gabbr1,2550,22,4.119850187265918
coadread_tcga_pan_can_atlas_2018,"Colorectal Adenocarcinoma (TCGA, PanCancer Atlas)",Colorectal Adenocarcinoma,534,GABBR2,Gabbr2,9568,24,4.49438202247191
coadread_tcga_pan_can_atlas_2018,"Colorectal Adenocarcinoma (TCGA, PanCancer Atlas)",Colorectal Adenocarcinoma,534,GABRA1,Gabra1,2554,17,3.183520599250936
coadread_tcga_pan_can_atlas_2018,"Colorectal Adenocarcinoma (TCGA, PanCancer Atlas)",Colorectal Adenocarcinoma,534,GABRA2,Gabra2,2555,13,2.4344569288389515
coadread_tcga_pan_can_atlas_2018,"Colorectal Adenocarcinoma (TCGA, PanCancer Atlas)",Colorectal Adenocarcinoma,534,GABRB1,Gabrb1,2560,12,2.247191011235955
coadread_tcga_pan_can_atlas_2018,"Colorectal Adenocarcinoma (TCGA, PanCancer Atlas)",Colorectal Adenocarcinoma,534,GABRB2,Gabrb2,2561,15,2.808988764044944
coadread_tcga_pan_can_atlas_2018,"Colorectal Adenocarcinoma (TCGA, PanCancer Atlas)",Colorectal Adenocarcinoma,534,GABRD,Gabrd,2563,7,1.3108614232209739
coadread_tcga_pan_can_atlas_2018,"Colorectal Adenocarcinoma (TCGA, PanCancer Atlas)",Colorectal Adenocarcinoma,534,GABRG2,Gabrg2,2566,17,3.183520599250936
coadread_tcga_pan_can_atlas_2018,"Colorectal Adenocarcinoma (TCGA, PanCancer Atlas)",Colorectal Adenocarcinoma,534,GABRG3,Gabrg3,2567,19,3.5580524344569286
coadread_tcga_pan_can_atlas_2018,"Colorectal Adenocarcinoma (TCGA, PanCancer Atlas)",Colorectal Adenocarcinoma,534,GAD1,Gad1,2571,17,3.183520599250936
coadread_tcga_pan_can_atlas_2018,"Colorectal Adenocarcinoma (TCGA, PanCancer Atlas)",Colorectal Adenocarcinoma,534,GALNT13,Galnt13,114805,17,3.183520599250936
coadread_tcga_pan_can_atlas_2018,"Colorectal Adenocarcinoma (TCGA, PanCancer Atlas)",Colorectal Adenocarcinoma,534,GALNT14,Galnt14,79623,21,3.932584269662921
coadread_tcga_pan_can_atlas_2018,"Colorectal Adenocarcinoma (TCGA, PanCancer Atlas)",Colorectal Adenocarcinoma,534,GALNT18,Galnt18,374378,11,2.059925093632959
coadread_tcga_pan_can_atlas_2018,"Colorectal Adenocarcinoma (TCGA, PanCancer Atlas)",Colorectal Adenocarcinoma,534,GALNTL6,Galntl6,442117,15,2.808988764044944
coadread_tcga_pan_can_atlas_2018,"Colorectal Adenocarcinoma (TCGA, PanCancer Atlas)",Colorectal Adenocarcinoma,534,GAP43,Gap43,2596,8,1.4981273408239701
coadread_tcga_pan_can_atlas_2018,"Colorectal Adenocarcinoma (TCGA, PanCancer Atlas)",Colorectal Adenocarcinoma,534,GARNL3,Garnl3,84253,16,2.9962546816479403
coadread_tcga_pan_can_atlas_2018,"Colorectal Adenocarcinoma (TCGA, PanCancer Atlas)",Colorectal Adenocarcinoma,534,GAS7,Gas7,8522,10,1.8726591760299625
coadread_tcga_pan_can_atlas_2018,"Colorectal Adenocarcinoma (TCGA, PanCancer Atlas)",Colorectal Adenocarcinoma,534,GCC2,Gcc2,9648,23,4.307116104868914
coadread_tcga_pan_can_atlas_2018,"Colorectal Adenocarcinoma (TCGA, PanCancer Atlas)",Colorectal Adenocarcinoma,534,GDA,Gda,9615,4,0.7490636704119851
coadread_tcga_pan_can_atlas_2018,"Colorectal Adenocarcinoma (TCGA, PanCancer Atlas)",Colorectal Adenocarcinoma,534,GHR,Ghr,2690,11,2.059925093632959
coadread_tcga_pan_can_atlas_2018,"Colorectal Adenocarcinoma (TCGA, PanCancer Atlas)",Colorectal Adenocarcinoma,534,GNPTAB,Gnptab,79158,13,2.4344569288389515
coadread_tcga_pan_can_atlas_2018,"Colorectal Adenocarcinoma (TCGA, PanCancer Atlas)",Colorectal Adenocarcinoma,534,GOLIM4,Golim4,27333,11,2.059925093632959
coadread_tcga_pan_can_atlas_2018,"Colorectal Adenocarcinoma (TCGA, PanCancer Atlas)",Colorectal Adenocarcinoma,534,GOT1,Got1,2805,9,1.6853932584269662
coadread_tcga_pan_can_atlas_2018,"Colorectal Adenocarcinoma (TCGA, PanCancer Atlas)",Colorectal Adenocarcinoma,534,GPR158,Gpr158,57512,39,7.303370786516854
coadread_tcga_pan_can_atlas_2018,"Colorectal Adenocarcinoma (TCGA, PanCancer Atlas)",Colorectal Adenocarcinoma,534,GRIA1,Gria1,2890,32,5.992509363295881
coadread_tcga_pan_can_atlas_2018,"Colorectal Adenocarcinoma (TCGA, PanCancer Atlas)",Colorectal Adenocarcinoma,534,GRIA3,Gria3,2892,16,2.9962546816479403
coadread_tcga_pan_can_atlas_2018,"Colorectal Adenocarcinoma (TCGA, PanCancer Atlas)",Colorectal Adenocarcinoma,534,GRIA4,Gria4,2893,26,4.868913857677903
coadread_tcga_pan_can_atlas_2018,"Colorectal Adenocarcinoma (TCGA, PanCancer Atlas)",Colorectal Adenocarcinoma,534,GRID1,Grid1,2894,22,4.119850187265918
coadread_tcga_pan_can_atlas_2018,"Colorectal Adenocarcinoma (TCGA, PanCancer Atlas)",Colorectal Adenocarcinoma,534,GRID2,Grid2,2895,23,4.307116104868914
coadread_tcga_pan_can_atlas_2018,"Colorectal Adenocarcinoma (TCGA, PanCancer Atlas)",Colorectal Adenocarcinoma,534,GRIK1,Grik1,2897,15,2.808988764044944
coadread_tcga_pan_can_atlas_2018,"Colorectal Adenocarcinoma (TCGA, PanCancer Atlas)",Colorectal Adenocarcinoma,534,GRIK3,Grik3,2899,34,6.367041198501872
coadread_tcga_pan_can_atlas_2018,"Colorectal Adenocarcinoma (TCGA, PanCancer Atlas)",Colorectal Adenocarcinoma,534,GRIN2A,Grin2a,2903,45,8.426966292134832
coadread_tcga_pan_can_atlas_2018,"Colorectal Adenocarcinoma (TCGA, PanCancer Atlas)",Colorectal Adenocarcinoma,534,GRIN3A,Grin3a,116443,21,3.932584269662921
coadread_tcga_pan_can_atlas_2018,"Colorectal Adenocarcinoma (TCGA, PanCancer Atlas)",Colorectal Adenocarcinoma,534,GRM3,Grm3,2913,22,4.119850187265918
coadread_tcga_pan_can_atlas_2018,"Colorectal Adenocarcinoma (TCGA, PanCancer Atlas)",Colorectal Adenocarcinoma,534,GRM5,Grm5,2915,34,6.367041198501872
coadread_tcga_pan_can_atlas_2018,"Colorectal Adenocarcinoma (TCGA, PanCancer Atlas)",Colorectal Adenocarcinoma,534,GRM7,Grm7,2917,33,6.179775280898877
coadread_tcga_pan_can_atlas_2018,"Colorectal Adenocarcinoma (TCGA, PanCancer Atlas)",Colorectal Adenocarcinoma,534,GRM8,Grm8,2918,22,4.119850187265918
coadread_tcga_pan_can_atlas_2018,"Colorectal Adenocarcinoma (TCGA, PanCancer Atlas)",Colorectal Adenocarcinoma,534,HCN1,Hcn1,348980,25,4.681647940074907
coadread_tcga_pan_can_atlas_2018,"Colorectal Adenocarcinoma (TCGA, PanCancer Atlas)",Colorectal Adenocarcinoma,534,HDAC9,Hdac9,9734,35,6.5543071161048685
coadread_tcga_pan_can_atlas_2018,"Colorectal Adenocarcinoma (TCGA, PanCancer Atlas)",Colorectal Adenocarcinoma,534,HECW1,Hecw1,23072,59,11.04868913857678
coadread_tcga_pan_can_atlas_2018,"Colorectal Adenocarcinoma (TCGA, PanCancer Atlas)",Colorectal Adenocarcinoma,534,HECW2,Hecw2,57520,32,5.992509363295881
coadread_tcga_pan_can_atlas_2018,"Colorectal Adenocarcinoma (TCGA, PanCancer Atlas)",Colorectal Adenocarcinoma,534,HERC1,Herc1,8925,35,6.5543071161048685
coadread_tcga_pan_can_atlas_2018,"Colorectal Adenocarcinoma (TCGA, PanCancer Atlas)",Colorectal Adenocarcinoma,534,HIVEP2,Hivep2,3097,29,5.430711610486892
coadread_tcga_pan_can_atlas_2018,"Colorectal Adenocarcinoma (TCGA, PanCancer Atlas)",Colorectal Adenocarcinoma,534,HIVEP3,Hivep3,59269,22,4.119850187265918
coadread_tcga_pan_can_atlas_2018,"Colorectal Adenocarcinoma (TCGA, PanCancer Atlas)",Colorectal Adenocarcinoma,534,HS3ST4,Hs3st4,9951,13,2.4344569288389515
coadread_tcga_pan_can_atlas_2018,"Colorectal Adenocarcinoma (TCGA, PanCancer Atlas)",Colorectal Adenocarcinoma,534,HSPA12A,Hspa12a,259217,16,2.9962546816479403
coadread_tcga_pan_can_atlas_2018,"Colorectal Adenocarcinoma (TCGA, PanCancer Atlas)",Colorectal Adenocarcinoma,534,HTR2C,Htr2c,3358,19,3.5580524344569286
coadread_tcga_pan_can_atlas_2018,"Colorectal Adenocarcinoma (TCGA, PanCancer Atlas)",Colorectal Adenocarcinoma,534,IGF1,Igf1,3479,7,1.3108614232209739
coadread_tcga_pan_can_atlas_2018,"Colorectal Adenocarcinoma (TCGA, PanCancer Atlas)",Colorectal Adenocarcinoma,534,IL1RAPL1,Il1rapl1,11141,18,3.3707865168539324
coadread_tcga_pan_can_atlas_2018,"Colorectal Adenocarcinoma (TCGA, PanCancer Atlas)",Colorectal Adenocarcinoma,534,IL1RAPL2,Il1rapl2,26280,18,3.3707865168539324
coadread_tcga_pan_can_atlas_2018,"Colorectal Adenocarcinoma (TCGA, PanCancer Atlas)",Colorectal Adenocarcinoma,534,INPP4B,Inpp4b,8821,11,2.059925093632959
coadread_tcga_pan_can_atlas_2018,"Colorectal Adenocarcinoma (TCGA, PanCancer Atlas)",Colorectal Adenocarcinoma,534,IQSEC1,Iqsec1,9922,15,2.808988764044944
coadread_tcga_pan_can_atlas_2018,"Colorectal Adenocarcinoma (TCGA, PanCancer Atlas)",Colorectal Adenocarcinoma,534,ITGA8,Itga8,8516,24,4.49438202247191
coadread_tcga_pan_can_atlas_2018,"Colorectal Adenocarcinoma (TCGA, PanCancer Atlas)",Colorectal Adenocarcinoma,534,ITPK1,Itpk1,3705,6,1.1235955056179776
coadread_tcga_pan_can_atlas_2018,"Colorectal Adenocarcinoma (TCGA, PanCancer Atlas)",Colorectal Adenocarcinoma,534,ITPR1,Itpr1,3708,36,6.741573033707865
coadread_tcga_pan_can_atlas_2018,"Colorectal Adenocarcinoma (TCGA, PanCancer Atlas)",Colorectal Adenocarcinoma,534,ITSN1,Itsn1,6453,29,5.430711610486892
coadread_tcga_pan_can_atlas_2018,"Colorectal Adenocarcinoma (TCGA, PanCancer Atlas)",Colorectal Adenocarcinoma,534,KALRN,Kalrn,8997,37,6.928838951310861
coadread_tcga_pan_can_atlas_2018,"Colorectal Adenocarcinoma (TCGA, PanCancer Atlas)",Colorectal Adenocarcinoma,534,KCNAB1,Kcnab1,7881,10,1.8726591760299625
coadread_tcga_pan_can_atlas_2018,"Colorectal Adenocarcinoma (TCGA, PanCancer Atlas)",Colorectal Adenocarcinoma,534,KCNB1,Kcnb1,3745,24,4.49438202247191
coadread_tcga_pan_can_atlas_2018,"Colorectal Adenocarcinoma (TCGA, PanCancer Atlas)",Colorectal Adenocarcinoma,534,KCNB2,Kcnb2,9312,36,6.741573033707865
coadread_tcga_pan_can_atlas_2018,"Colorectal Adenocarcinoma (TCGA, PanCancer Atlas)",Colorectal Adenocarcinoma,534,KCNC1,Kcnc1,3746,7,1.3108614232209739
coadread_tcga_pan_can_atlas_2018,"Colorectal Adenocarcinoma (TCGA, PanCancer Atlas)",Colorectal Adenocarcinoma,534,KCNC2,Kcnc2,3747,18,3.3707865168539324
coadread_tcga_pan_can_atlas_2018,"Colorectal Adenocarcinoma (TCGA, PanCancer Atlas)",Colorectal Adenocarcinoma,534,KCND3,Kcnd3,3752,22,4.119850187265918
coadread_tcga_pan_can_atlas_2018,"Colorectal Adenocarcinoma (TCGA, PanCancer Atlas)",Colorectal Adenocarcinoma,534,KCNH1,Kcnh1,3756,34,6.367041198501872
coadread_tcga_pan_can_atlas_2018,"Colorectal Adenocarcinoma (TCGA, PanCancer Atlas)",Colorectal Adenocarcinoma,534,KCNH5,Kcnh5,27133,27,5.056179775280899
coadread_tcga_pan_can_atlas_2018,"Colorectal Adenocarcinoma (TCGA, PanCancer Atlas)",Colorectal Adenocarcinoma,534,KCNH7,Kcnh7,90134,32,5.992509363295881
coadread_tcga_pan_can_atlas_2018,"Colorectal Adenocarcinoma (TCGA, PanCancer Atlas)",Colorectal Adenocarcinoma,534,KCNJ3,Kcnj3,3760,17,3.183520599250936
coadread_tcga_pan_can_atlas_2018,"Colorectal Adenocarcinoma (TCGA, PanCancer Atlas)",Colorectal Adenocarcinoma,534,KCNMA1,Kcnma1,3778,18,3.3707865168539324
coadread_tcga_pan_can_atlas_2018,"Colorectal Adenocarcinoma (TCGA, PanCancer Atlas)",Colorectal Adenocarcinoma,534,KCNQ3,Kcnq3,3786,29,5.430711610486892
coadread_tcga_pan_can_atlas_2018,"Colorectal Adenocarcinoma (TCGA, PanCancer Atlas)",Colorectal Adenocarcinoma,534,KCNQ5,Kcnq5,56479,27,5.056179775280899
coadread_tcga_pan_can_atlas_2018,"Colorectal Adenocarcinoma (TCGA, PanCancer Atlas)",Colorectal Adenocarcinoma,534,KCNT1,Kcnt1,57582,18,3.3707865168539324
coadread_tcga_pan_can_atlas_2018,"Colorectal Adenocarcinoma (TCGA, PanCancer Atlas)",Colorectal Adenocarcinoma,534,KCNT2,Kcnt2,343450,30,5.617977528089888
coadread_tcga_pan_can_atlas_2018,"Colorectal Adenocarcinoma (TCGA, PanCancer Atlas)",Colorectal Adenocarcinoma,534,KCTD8,Kctd8,386617,16,2.9962546816479403
coadread_tcga_pan_can_atlas_2018,"Colorectal Adenocarcinoma (TCGA, PanCancer Atlas)",Colorectal Adenocarcinoma,534,KHDRBS2,Khdrbs2,202559,13,2.4344569288389515
coadread_tcga_pan_can_atlas_2018,"Colorectal Adenocarcinoma (TCGA, PanCancer Atlas)",Colorectal Adenocarcinoma,534,KIDINS220,Kidins220,57498,26,4.868913857677903
coadread_tcga_pan_can_atlas_2018,"Colorectal Adenocarcinoma (TCGA, PanCancer Atlas)",Colorectal Adenocarcinoma,534,KIF1A,Kif1a,547,32,5.992509363295881
coadread_tcga_pan_can_atlas_2018,"Colorectal Adenocarcinoma (TCGA, PanCancer Atlas)",Colorectal Adenocarcinoma,534,KIF21A,Kif21a,55605,32,5.992509363295881
coadread_tcga_pan_can_atlas_2018,"Colorectal Adenocarcinoma (TCGA, PanCancer Atlas)",Colorectal Adenocarcinoma,534,KIF26B,Kif26b,55083,38,7.116104868913857
coadread_tcga_pan_can_atlas_2018,"Colorectal Adenocarcinoma (TCGA, PanCancer Atlas)",Colorectal Adenocarcinoma,534,KIF5C,Kif5c,3800,16,2.9962546816479403
coadread_tcga_pan_can_atlas_2018,"Colorectal Adenocarcinoma (TCGA, PanCancer Atlas)",Colorectal Adenocarcinoma,534,KIT,Kit,3815,26,4.868913857677903
coadread_tcga_pan_can_atlas_2018,"Colorectal Adenocarcinoma (TCGA, PanCancer Atlas)",Colorectal Adenocarcinoma,534,KLF12,Klf12,11278,7,1.3108614232209739
coadread_tcga_pan_can_atlas_2018,"Colorectal Adenocarcinoma (TCGA, PanCancer Atlas)",Colorectal Adenocarcinoma,534,L3MBTL4,L3mbtl4,91133,15,2.808988764044944
coadread_tcga_pan_can_atlas_2018,"Colorectal Adenocarcinoma (TCGA, PanCancer Atlas)",Colorectal Adenocarcinoma,534,LAMA4,Lama4,3910,38,7.116104868913857
coadread_tcga_pan_can_atlas_2018,"Colorectal Adenocarcinoma (TCGA, PanCancer Atlas)",Colorectal Adenocarcinoma,534,LAMP5,Lamp5,24141,7,1.3108614232209739
coadread_tcga_pan_can_atlas_2018,"Colorectal Adenocarcinoma (TCGA, PanCancer Atlas)",Colorectal Adenocarcinoma,534,LIMCH1,Limch1,22998,18,3.3707865168539324
coadread_tcga_pan_can_atlas_2018,"Colorectal Adenocarcinoma (TCGA, PanCancer Atlas)",Colorectal Adenocarcinoma,534,LINGO2,Lingo2,158038,24,4.49438202247191
coadread_tcga_pan_can_atlas_2018,"Colorectal Adenocarcinoma (TCGA, PanCancer Atlas)",Colorectal Adenocarcinoma,534,LMO7,Lmo7,4008,23,4.307116104868914
coadread_tcga_pan_can_atlas_2018,"Colorectal Adenocarcinoma (TCGA, PanCancer Atlas)",Colorectal Adenocarcinoma,534,LRFN2,Lrfn2,57497,25,4.681647940074907
coadread_tcga_pan_can_atlas_2018,"Colorectal Adenocarcinoma (TCGA, PanCancer Atlas)",Colorectal Adenocarcinoma,534,LRFN5,Lrfn5,145581,27,5.056179775280899
coadread_tcga_pan_can_atlas_2018,"Colorectal Adenocarcinoma (TCGA, PanCancer Atlas)",Colorectal Adenocarcinoma,534,LRP1B,Lrp1b,53353,94,17.60299625468165
coadread_tcga_pan_can_atlas_2018,"Colorectal Adenocarcinoma (TCGA, PanCancer Atlas)",Colorectal Adenocarcinoma,534,LRRC4C,Lrrc4c,57689,18,3.3707865168539324
coadread_tcga_pan_can_atlas_2018,"Colorectal Adenocarcinoma (TCGA, PanCancer Atlas)",Colorectal Adenocarcinoma,534,LRRC7,Lrrc7,57554,41,7.677902621722846
coadread_tcga_pan_can_atlas_2018,"Colorectal Adenocarcinoma (TCGA, PanCancer Atlas)",Colorectal Adenocarcinoma,534,LRRTM3,Lrrtm3,347731,12,2.247191011235955
coadread_tcga_pan_can_atlas_2018,"Colorectal Adenocarcinoma (TCGA, PanCancer Atlas)",Colorectal Adenocarcinoma,534,LUZP1,Luzp1,7798,20,3.745318352059925
coadread_tcga_pan_can_atlas_2018,"Colorectal Adenocarcinoma (TCGA, PanCancer Atlas)",Colorectal Adenocarcinoma,534,LUZP2,Luzp2,338645,13,2.4344569288389515
coadread_tcga_pan_can_atlas_2018,"Colorectal Adenocarcinoma (TCGA, PanCancer Atlas)",Colorectal Adenocarcinoma,534,MACROD2,Macrod2,140733,11,2.059925093632959
coadread_tcga_pan_can_atlas_2018,"Colorectal Adenocarcinoma (TCGA, PanCancer Atlas)",Colorectal Adenocarcinoma,534,MAGI1,Magi1,9223,28,5.2434456928838955
coadread_tcga_pan_can_atlas_2018,"Colorectal Adenocarcinoma (TCGA, PanCancer Atlas)",Colorectal Adenocarcinoma,534,MAGI2,Magi2,9863,30,5.617977528089888
coadread_tcga_pan_can_atlas_2018,"Colorectal Adenocarcinoma (TCGA, PanCancer Atlas)",Colorectal Adenocarcinoma,534,MAGI3,Magi3,260425,11,2.059925093632959
coadread_tcga_pan_can_atlas_2018,"Colorectal Adenocarcinoma (TCGA, PanCancer Atlas)",Colorectal Adenocarcinoma,534,MAP1A,Map1a,4130,35,6.5543071161048685
coadread_tcga_pan_can_atlas_2018,"Colorectal Adenocarcinoma (TCGA, PanCancer Atlas)",Colorectal Adenocarcinoma,534,MAP1B,Map1b,4131,36,6.741573033707865
coadread_tcga_pan_can_atlas_2018,"Colorectal Adenocarcinoma (TCGA, PanCancer Atlas)",Colorectal Adenocarcinoma,534,MAP2,Map2,4133,43,8.05243445692884
coadread_tcga_pan_can_atlas_2018,"Colorectal Adenocarcinoma (TCGA, PanCancer Atlas)",Colorectal Adenocarcinoma,534,MAP3K5,Map3k5,4217,20,3.745318352059925
coadread_tcga_pan_can_atlas_2018,"Colorectal Adenocarcinoma (TCGA, PanCancer Atlas)",Colorectal Adenocarcinoma,534,MAP7D2,Map7d2,256714,12,2.247191011235955
coadread_tcga_pan_can_atlas_2018,"Colorectal Adenocarcinoma (TCGA, PanCancer Atlas)",Colorectal Adenocarcinoma,534,MARK1,Mark1,4139,27,5.056179775280899
coadread_tcga_pan_can_atlas_2018,"Colorectal Adenocarcinoma (TCGA, PanCancer Atlas)",Colorectal Adenocarcinoma,534,MAST3,Mast3,23031,21,3.932584269662921
coadread_tcga_pan_can_atlas_2018,"Colorectal Adenocarcinoma (TCGA, PanCancer Atlas)",Colorectal Adenocarcinoma,534,MCC,Mcc,4163,26,4.868913857677903
coadread_tcga_pan_can_atlas_2018,"Colorectal Adenocarcinoma (TCGA, PanCancer Atlas)",Colorectal Adenocarcinoma,534,MCTP1,Mctp1,79772,20,3.745318352059925
coadread_tcga_pan_can_atlas_2018,"Colorectal Adenocarcinoma (TCGA, PanCancer Atlas)",Colorectal Adenocarcinoma,534,MDGA2,Mdga2,161357,30,5.617977528089888
coadread_tcga_pan_can_atlas_2018,"Colorectal Adenocarcinoma (TCGA, PanCancer Atlas)",Colorectal Adenocarcinoma,534,MEF2C,Mef2c,4208,14,2.6217228464419478
coadread_tcga_pan_can_atlas_2018,"Colorectal Adenocarcinoma (TCGA, PanCancer Atlas)",Colorectal Adenocarcinoma,534,MGAT4C,Mgat4c,25834,20,3.745318352059925
coadread_tcga_pan_can_atlas_2018,"Colorectal Adenocarcinoma (TCGA, PanCancer Atlas)",Colorectal Adenocarcinoma,534,MGAT5,Mgat5,4249,13,2.4344569288389515
coadread_tcga_pan_can_atlas_2018,"Colorectal Adenocarcinoma (TCGA, PanCancer Atlas)",Colorectal Adenocarcinoma,534,MICAL2,Mical2,9645,15,2.808988764044944
coadread_tcga_pan_can_atlas_2018,"Colorectal Adenocarcinoma (TCGA, PanCancer Atlas)",Colorectal Adenocarcinoma,534,MLIP,Mlip,90523,13,2.4344569288389515
coadread_tcga_pan_can_atlas_2018,"Colorectal Adenocarcinoma (TCGA, PanCancer Atlas)",Colorectal Adenocarcinoma,534,MMP16,Mmp16,4325,20,3.745318352059925
coadread_tcga_pan_can_atlas_2018,"Colorectal Adenocarcinoma (TCGA, PanCancer Atlas)",Colorectal Adenocarcinoma,534,MPDZ,Mpdz,8777,31,5.805243445692884
coadread_tcga_pan_can_atlas_2018,"Colorectal Adenocarcinoma (TCGA, PanCancer Atlas)",Colorectal Adenocarcinoma,534,MTUS2,Mtus2,23281,39,7.303370786516854
coadread_tcga_pan_can_atlas_2018,"Colorectal Adenocarcinoma (TCGA, PanCancer Atlas)",Colorectal Adenocarcinoma,534,MYH10,Myh10,4628,19,3.5580524344569286
coadread_tcga_pan_can_atlas_2018,"Colorectal Adenocarcinoma (TCGA, PanCancer Atlas)",Colorectal Adenocarcinoma,534,MYO16,Myo16,23026,33,6.179775280898877
coadread_tcga_pan_can_atlas_2018,"Colorectal Adenocarcinoma (TCGA, PanCancer Atlas)",Colorectal Adenocarcinoma,534,MYO5A,Myo5a,4644,33,6.179775280898877
coadread_tcga_pan_can_atlas_2018,"Colorectal Adenocarcinoma (TCGA, PanCancer Atlas)",Colorectal Adenocarcinoma,534,MYRIP,Myrip,25924,18,3.3707865168539324
coadread_tcga_pan_can_atlas_2018,"Colorectal Adenocarcinoma (TCGA, PanCancer Atlas)",Colorectal Adenocarcinoma,534,MYT1L,Myt1l,23040,24,4.49438202247191
coadread_tcga_pan_can_atlas_2018,"Colorectal Adenocarcinoma (TCGA, PanCancer Atlas)",Colorectal Adenocarcinoma,534,NAV2,Nav2,89797,41,7.677902621722846
coadread_tcga_pan_can_atlas_2018,"Colorectal Adenocarcinoma (TCGA, PanCancer Atlas)",Colorectal Adenocarcinoma,534,NAV3,Nav3,89795,53,9.925093632958802
coadread_tcga_pan_can_atlas_2018,"Colorectal Adenocarcinoma (TCGA, PanCancer Atlas)",Colorectal Adenocarcinoma,534,NCAM1,Ncam1,4684,29,5.430711610486892
coadread_tcga_pan_can_atlas_2018,"Colorectal Adenocarcinoma (TCGA, PanCancer Atlas)",Colorectal Adenocarcinoma,534,NCAM2,Ncam2,4685,31,5.805243445692884
coadread_tcga_pan_can_atlas_2018,"Colorectal Adenocarcinoma (TCGA, PanCancer Atlas)",Colorectal Adenocarcinoma,534,NDST3,Ndst3,9348,22,4.119850187265918
coadread_tcga_pan_can_atlas_2018,"Colorectal Adenocarcinoma (TCGA, PanCancer Atlas)",Colorectal Adenocarcinoma,534,NEBL,Nebl,10529,13,2.4344569288389515
coadread_tcga_pan_can_atlas_2018,"Colorectal Adenocarcinoma (TCGA, PanCancer Atlas)",Colorectal Adenocarcinoma,534,NEFM,Nefm,4741,25,4.681647940074907
coadread_tcga_pan_can_atlas_2018,"Colorectal Adenocarcinoma (TCGA, PanCancer Atlas)",Colorectal Adenocarcinoma,534,NELL1,Nell1,4745,20,3.745318352059925
coadread_tcga_pan_can_atlas_2018,"Colorectal Adenocarcinoma (TCGA, PanCancer Atlas)",Colorectal Adenocarcinoma,534,NELL2,Nell2,4753,24,4.49438202247191
coadread_tcga_pan_can_atlas_2018,"Colorectal Adenocarcinoma (TCGA, PanCancer Atlas)",Colorectal Adenocarcinoma,534,NETO1,Neto1,81832,21,3.932584269662921
coadread_tcga_pan_can_atlas_2018,"Colorectal Adenocarcinoma (TCGA, PanCancer Atlas)",Colorectal Adenocarcinoma,534,NF1,Nf1,4763,31,5.805243445692884
coadread_tcga_pan_can_atlas_2018,"Colorectal Adenocarcinoma (TCGA, PanCancer Atlas)",Colorectal Adenocarcinoma,534,NFIB,Nfib,4781,13,2.4344569288389515
coadread_tcga_pan_can_atlas_2018,"Colorectal Adenocarcinoma (TCGA, PanCancer Atlas)",Colorectal Adenocarcinoma,534,NHS,Nhs,4810,20,3.745318352059925
coadread_tcga_pan_can_atlas_2018,"Colorectal Adenocarcinoma (TCGA, PanCancer Atlas)",Colorectal Adenocarcinoma,534,NIN,Nin,51199,24,4.49438202247191
coadread_tcga_pan_can_atlas_2018,"Colorectal Adenocarcinoma (TCGA, PanCancer Atlas)",Colorectal Adenocarcinoma,534,NLGN1,Nlgn1,22871,18,3.3707865168539324
coadread_tcga_pan_can_atlas_2018,"Colorectal Adenocarcinoma (TCGA, PanCancer Atlas)",Colorectal Adenocarcinoma,534,NOL4,Nol4,8715,18,3.3707865168539324
coadread_tcga_pan_can_atlas_2018,"Colorectal Adenocarcinoma (TCGA, PanCancer Atlas)",Colorectal Adenocarcinoma,534,NPAS2,Npas2,4862,10,1.8726591760299625
coadread_tcga_pan_can_atlas_2018,"Colorectal Adenocarcinoma (TCGA, PanCancer Atlas)",Colorectal Adenocarcinoma,534,NPAS3,Npas3,64067,16,2.9962546816479403
coadread_tcga_pan_can_atlas_2018,"Colorectal Adenocarcinoma (TCGA, PanCancer Atlas)",Colorectal Adenocarcinoma,534,NR2F2,Nr2f2,7026,8,1.4981273408239701
coadread_tcga_pan_can_atlas_2018,"Colorectal Adenocarcinoma (TCGA, PanCancer Atlas)",Colorectal Adenocarcinoma,534,NR3C2,Nr3c2,4306,19,3.5580524344569286
coadread_tcga_pan_can_atlas_2018,"Colorectal Adenocarcinoma (TCGA, PanCancer Atlas)",Colorectal Adenocarcinoma,534,NRG3,Nrg3,10718,23,4.307116104868914
coadread_tcga_pan_can_atlas_2018,"Colorectal Adenocarcinoma (TCGA, PanCancer Atlas)",Colorectal Adenocarcinoma,534,NRXN1,Nrxn1,9378,52,9.737827715355806
coadread_tcga_pan_can_atlas_2018,"Colorectal Adenocarcinoma (TCGA, PanCancer Atlas)",Colorectal Adenocarcinoma,534,NRXN3,Nrxn3,9369,26,4.868913857677903
coadread_tcga_pan_can_atlas_2018,"Colorectal Adenocarcinoma (TCGA, PanCancer Atlas)",Colorectal Adenocarcinoma,534,NTN4,Ntn4,59277,16,2.9962546816479403
coadread_tcga_pan_can_atlas_2018,"Colorectal Adenocarcinoma (TCGA, PanCancer Atlas)",Colorectal Adenocarcinoma,534,NTNG1,Ntng1,22854,14,2.6217228464419478
coadread_tcga_pan_can_atlas_2018,"Colorectal Adenocarcinoma (TCGA, PanCancer Atlas)",Colorectal Adenocarcinoma,534,NTRK3,Ntrk3,4916,22,4.119850187265918
coadread_tcga_pan_can_atlas_2018,"Colorectal Adenocarcinoma (TCGA, PanCancer Atlas)",Colorectal Adenocarcinoma,534,NXPH1,Nxph1,30010,8,1.4981273408239701
coadread_tcga_pan_can_atlas_2018,"Colorectal Adenocarcinoma (TCGA, PanCancer Atlas)",Colorectal Adenocarcinoma,534,NYAP2,Nyap2,57624,35,6.5543071161048685
coadread_tcga_pan_can_atlas_2018,"Colorectal Adenocarcinoma (TCGA, PanCancer Atlas)",Colorectal Adenocarcinoma,534,OLFM3,Olfm3,118427,9,1.6853932584269662
coadread_tcga_pan_can_atlas_2018,"Colorectal Adenocarcinoma (TCGA, PanCancer Atlas)",Colorectal Adenocarcinoma,534,OPCML,Opcml,4978,22,4.119850187265918
coadread_tcga_pan_can_atlas_2018,"Colorectal Adenocarcinoma (TCGA, PanCancer Atlas)",Colorectal Adenocarcinoma,534,OSBPL1A,Osbpl1a,114876,10,1.8726591760299625
coadread_tcga_pan_can_atlas_2018,"Colorectal Adenocarcinoma (TCGA, PanCancer Atlas)",Colorectal Adenocarcinoma,534,OSBPL3,Osbpl3,26031,14,2.6217228464419478
coadread_tcga_pan_can_atlas_2018,"Colorectal Adenocarcinoma (TCGA, PanCancer Atlas)",Colorectal Adenocarcinoma,534,OSBPL6,Osbpl6,114880,22,4.119850187265918
coadread_tcga_pan_can_atlas_2018,"Colorectal Adenocarcinoma (TCGA, PanCancer Atlas)",Colorectal Adenocarcinoma,534,OSBPL8,Osbpl8,114882,8,1.4981273408239701
coadread_tcga_pan_can_atlas_2018,"Colorectal Adenocarcinoma (TCGA, PanCancer Atlas)",Colorectal Adenocarcinoma,534,OXR1,Oxr1,55074,17,3.183520599250936
coadread_tcga_pan_can_atlas_2018,"Colorectal Adenocarcinoma (TCGA, PanCancer Atlas)",Colorectal Adenocarcinoma,534,PARM1,Parm1,25849,6,1.1235955056179776
coadread_tcga_pan_can_atlas_2018,"Colorectal Adenocarcinoma (TCGA, PanCancer Atlas)",Colorectal Adenocarcinoma,534,PCDH11X,Pcdh11x,27328,50,9.363295880149813
coadread_tcga_pan_can_atlas_2018,"Colorectal Adenocarcinoma (TCGA, PanCancer Atlas)",Colorectal Adenocarcinoma,534,PCDH15,Pcdh15,65217,63,11.797752808988765
coadread_tcga_pan_can_atlas_2018,"Colorectal Adenocarcinoma (TCGA, PanCancer Atlas)",Colorectal Adenocarcinoma,534,PCDH7,Pcdh7,5099,28,5.2434456928838955
coadread_tcga_pan_can_atlas_2018,"Colorectal Adenocarcinoma (TCGA, PanCancer Atlas)",Colorectal Adenocarcinoma,534,PCDH9,Pcdh9,5101,49,9.176029962546817
coadread_tcga_pan_can_atlas_2018,"Colorectal Adenocarcinoma (TCGA, PanCancer Atlas)",Colorectal Adenocarcinoma,534,PCLO,Pclo,27445,80,14.9812734082397
coadread_tcga_pan_can_atlas_2018,"Colorectal Adenocarcinoma (TCGA, PanCancer Atlas)",Colorectal Adenocarcinoma,534,PCSK2,Pcsk2,5126,8,1.4981273408239701
coadread_tcga_pan_can_atlas_2018,"Colorectal Adenocarcinoma (TCGA, PanCancer Atlas)",Colorectal Adenocarcinoma,534,PDE1A,Pde1a,5136,10,1.8726591760299625
coadread_tcga_pan_can_atlas_2018,"Colorectal Adenocarcinoma (TCGA, PanCancer Atlas)",Colorectal Adenocarcinoma,534,PDE1C,Pde1c,5137,18,3.3707865168539324
coadread_tcga_pan_can_atlas_2018,"Colorectal Adenocarcinoma (TCGA, PanCancer Atlas)",Colorectal Adenocarcinoma,534,PDE2A,Pde2a,5138,14,2.6217228464419478
coadread_tcga_pan_can_atlas_2018,"Colorectal Adenocarcinoma (TCGA, PanCancer Atlas)",Colorectal Adenocarcinoma,534,PDE4B,Pde4b,5142,13,2.4344569288389515
coadread_tcga_pan_can_atlas_2018,"Colorectal Adenocarcinoma (TCGA, PanCancer Atlas)",Colorectal Adenocarcinoma,534,PDZD2,Pdzd2,23037,40,7.49063670411985
coadread_tcga_pan_can_atlas_2018,"Colorectal Adenocarcinoma (TCGA, PanCancer Atlas)",Colorectal Adenocarcinoma,534,PDZRN3,Pdzrn3,23024,15,2.808988764044944
coadread_tcga_pan_can_atlas_2018,"Colorectal Adenocarcinoma (TCGA, PanCancer Atlas)",Colorectal Adenocarcinoma,534,PDZRN4,Pdzrn4,29951,25,4.681647940074907
coadread_tcga_pan_can_atlas_2018,"Colorectal Adenocarcinoma (TCGA, PanCancer Atlas)",Colorectal Adenocarcinoma,534,PENK,Penk,5179,6,1.1235955056179776
coadread_tcga_pan_can_atlas_2018,"Colorectal Adenocarcinoma (TCGA, PanCancer Atlas)",Colorectal Adenocarcinoma,534,PHACTR1,Phactr1,221692,11,2.059925093632959
coadread_tcga_pan_can_atlas_2018,"Colorectal Adenocarcinoma (TCGA, PanCancer Atlas)",Colorectal Adenocarcinoma,534,PI4KA,Pi4ka,5297,24,4.49438202247191
coadread_tcga_pan_can_atlas_2018,"Colorectal Adenocarcinoma (TCGA, PanCancer Atlas)",Colorectal Adenocarcinoma,534,PKD1,Pkd1,5310,33,6.179775280898877
coadread_tcga_pan_can_atlas_2018,"Colorectal Adenocarcinoma (TCGA, PanCancer Atlas)",Colorectal Adenocarcinoma,534,PKP2,Pkp2,5318,13,2.4344569288389515
coadread_tcga_pan_can_atlas_2018,"Colorectal Adenocarcinoma (TCGA, PanCancer Atlas)",Colorectal Adenocarcinoma,534,PLCB1,Plcb1,23236,19,3.5580524344569286
coadread_tcga_pan_can_atlas_2018,"Colorectal Adenocarcinoma (TCGA, PanCancer Atlas)",Colorectal Adenocarcinoma,534,PLCB4,Plcb4,5332,23,4.307116104868914
coadread_tcga_pan_can_atlas_2018,"Colorectal Adenocarcinoma (TCGA, PanCancer Atlas)",Colorectal Adenocarcinoma,534,PLCH1,Plch1,23007,27,5.056179775280899
coadread_tcga_pan_can_atlas_2018,"Colorectal Adenocarcinoma (TCGA, PanCancer Atlas)",Colorectal Adenocarcinoma,534,PLCL2,Plcl2,23228,17,3.183520599250936
coadread_tcga_pan_can_atlas_2018,"Colorectal Adenocarcinoma (TCGA, PanCancer Atlas)",Colorectal Adenocarcinoma,534,PLCXD3,Plcxd3,345557,7,1.3108614232209739
coadread_tcga_pan_can_atlas_2018,"Colorectal Adenocarcinoma (TCGA, PanCancer Atlas)",Colorectal Adenocarcinoma,534,PLD3,Pld3,23646,9,1.6853932584269662
coadread_tcga_pan_can_atlas_2018,"Colorectal Adenocarcinoma (TCGA, PanCancer Atlas)",Colorectal Adenocarcinoma,534,PLD5,Pld5,200150,12,2.247191011235955
coadread_tcga_pan_can_atlas_2018,"Colorectal Adenocarcinoma (TCGA, PanCancer Atlas)",Colorectal Adenocarcinoma,534,PLXNA2,Plxna2,5362,33,6.179775280898877
coadread_tcga_pan_can_atlas_2018,"Colorectal Adenocarcinoma (TCGA, PanCancer Atlas)",Colorectal Adenocarcinoma,534,PLXNA4,Plxna4,91584,45,8.426966292134832
coadread_tcga_pan_can_atlas_2018,"Colorectal Adenocarcinoma (TCGA, PanCancer Atlas)",Colorectal Adenocarcinoma,534,PPARGC1A,Ppargc1a,10891,20,3.745318352059925
coadread_tcga_pan_can_atlas_2018,"Colorectal Adenocarcinoma (TCGA, PanCancer Atlas)",Colorectal Adenocarcinoma,534,PPFIA2,Ppfia2,8499,29,5.430711610486892
coadread_tcga_pan_can_atlas_2018,"Colorectal Adenocarcinoma (TCGA, PanCancer Atlas)",Colorectal Adenocarcinoma,534,PPFIBP1,Ppfibp1,8496,13,2.4344569288389515
coadread_tcga_pan_can_atlas_2018,"Colorectal Adenocarcinoma (TCGA, PanCancer Atlas)",Colorectal Adenocarcinoma,534,PPIP5K2,Ppip5k2,23262,11,2.059925093632959
coadread_tcga_pan_can_atlas_2018,"Colorectal Adenocarcinoma (TCGA, PanCancer Atlas)",Colorectal Adenocarcinoma,534,PRICKLE1,Prickle1,144165,15,2.808988764044944
coadread_tcga_pan_can_atlas_2018,"Colorectal Adenocarcinoma (TCGA, PanCancer Atlas)",Colorectal Adenocarcinoma,534,PRICKLE2,Prickle2,166336,14,2.6217228464419478
coadread_tcga_pan_can_atlas_2018,"Colorectal Adenocarcinoma (TCGA, PanCancer Atlas)",Colorectal Adenocarcinoma,534,PRKCA,Prkca,5578,9,1.6853932584269662
coadread_tcga_pan_can_atlas_2018,"Colorectal Adenocarcinoma (TCGA, PanCancer Atlas)",Colorectal Adenocarcinoma,534,PRKD1,Prkd1,5587,30,5.617977528089888
coadread_tcga_pan_can_atlas_2018,"Colorectal Adenocarcinoma (TCGA, PanCancer Atlas)",Colorectal Adenocarcinoma,534,PRKG1,Prkg1,5592,12,2.247191011235955
coadread_tcga_pan_can_atlas_2018,"Colorectal Adenocarcinoma (TCGA, PanCancer Atlas)",Colorectal Adenocarcinoma,534,PRMT8,Prmt8,56341,11,2.059925093632959
coadread_tcga_pan_can_atlas_2018,"Colorectal Adenocarcinoma (TCGA, PanCancer Atlas)",Colorectal Adenocarcinoma,534,PROX1,Prox1,5629,18,3.3707865168539324
coadread_tcga_pan_can_atlas_2018,"Colorectal Adenocarcinoma (TCGA, PanCancer Atlas)",Colorectal Adenocarcinoma,534,PRR16,Prr16,51334,2,0.37453183520599254
coadread_tcga_pan_can_atlas_2018,"Colorectal Adenocarcinoma (TCGA, PanCancer Atlas)",Colorectal Adenocarcinoma,534,PTCHD4,Ptchd4,442213,17,3.183520599250936
coadread_tcga_pan_can_atlas_2018,"Colorectal Adenocarcinoma (TCGA, PanCancer Atlas)",Colorectal Adenocarcinoma,534,PTK2B,Ptk2b,2185,16,2.9962546816479403
coadread_tcga_pan_can_atlas_2018,"Colorectal Adenocarcinoma (TCGA, PanCancer Atlas)",Colorectal Adenocarcinoma,534,PTPRD,Ptprd,5789,27,5.056179775280899
coadread_tcga_pan_can_atlas_2018,"Colorectal Adenocarcinoma (TCGA, PanCancer Atlas)",Colorectal Adenocarcinoma,534,PTPRE,Ptpre,5791,10,1.8726591760299625
coadread_tcga_pan_can_atlas_2018,"Colorectal Adenocarcinoma (TCGA, PanCancer Atlas)",Colorectal Adenocarcinoma,534,PTPRG,Ptprg,5793,22,4.119850187265918
coadread_tcga_pan_can_atlas_2018,"Colorectal Adenocarcinoma (TCGA, PanCancer Atlas)",Colorectal Adenocarcinoma,534,PTPRM,Ptprm,5797,35,6.5543071161048685
coadread_tcga_pan_can_atlas_2018,"Colorectal Adenocarcinoma (TCGA, PanCancer Atlas)",Colorectal Adenocarcinoma,534,PTPRN,Ptprn,5798,20,3.745318352059925
coadread_tcga_pan_can_atlas_2018,"Colorectal Adenocarcinoma (TCGA, PanCancer Atlas)",Colorectal Adenocarcinoma,534,PTPRN2,Ptprn2,5799,23,4.307116104868914
coadread_tcga_pan_can_atlas_2018,"Colorectal Adenocarcinoma (TCGA, PanCancer Atlas)",Colorectal Adenocarcinoma,534,PTPRO,Ptpro,5800,12,2.247191011235955
coadread_tcga_pan_can_atlas_2018,"Colorectal Adenocarcinoma (TCGA, PanCancer Atlas)",Colorectal Adenocarcinoma,534,PTPRR,Ptprr,5801,15,2.808988764044944
coadread_tcga_pan_can_atlas_2018,"Colorectal Adenocarcinoma (TCGA, PanCancer Atlas)",Colorectal Adenocarcinoma,534,PTPRS,Ptprs,5802,44,8.239700374531836
coadread_tcga_pan_can_atlas_2018,"Colorectal Adenocarcinoma (TCGA, PanCancer Atlas)",Colorectal Adenocarcinoma,534,PTPRT,Ptprt,11122,56,10.486891385767791
coadread_tcga_pan_can_atlas_2018,"Colorectal Adenocarcinoma (TCGA, PanCancer Atlas)",Colorectal Adenocarcinoma,534,RALGAPA2,Ralgapa2,57186,22,4.119850187265918
coadread_tcga_pan_can_atlas_2018,"Colorectal Adenocarcinoma (TCGA, PanCancer Atlas)",Colorectal Adenocarcinoma,534,RALYL,Ralyl,138046,14,2.6217228464419478
coadread_tcga_pan_can_atlas_2018,"Colorectal Adenocarcinoma (TCGA, PanCancer Atlas)",Colorectal Adenocarcinoma,534,RAPGEF2,Rapgef2,9693,23,4.307116104868914
coadread_tcga_pan_can_atlas_2018,"Colorectal Adenocarcinoma (TCGA, PanCancer Atlas)",Colorectal Adenocarcinoma,534,RAPGEF4,Rapgef4,11069,17,3.183520599250936
coadread_tcga_pan_can_atlas_2018,"Colorectal Adenocarcinoma (TCGA, PanCancer Atlas)",Colorectal Adenocarcinoma,534,RAPGEF5,Rapgef5,9771,10,1.8726591760299625
coadread_tcga_pan_can_atlas_2018,"Colorectal Adenocarcinoma (TCGA, PanCancer Atlas)",Colorectal Adenocarcinoma,534,RARB,Rarb,5915,15,2.808988764044944
coadread_tcga_pan_can_atlas_2018,"Colorectal Adenocarcinoma (TCGA, PanCancer Atlas)",Colorectal Adenocarcinoma,534,RASAL2,Rasal2,9462,16,2.9962546816479403
coadread_tcga_pan_can_atlas_2018,"Colorectal Adenocarcinoma (TCGA, PanCancer Atlas)",Colorectal Adenocarcinoma,534,RASGRF2,Rasgrf2,5924,24,4.49438202247191
coadread_tcga_pan_can_atlas_2018,"Colorectal Adenocarcinoma (TCGA, PanCancer Atlas)",Colorectal Adenocarcinoma,534,RBFOX1,Rbfox1,54715,14,2.6217228464419478
coadread_tcga_pan_can_atlas_2018,"Colorectal Adenocarcinoma (TCGA, PanCancer Atlas)",Colorectal Adenocarcinoma,534,RELN,Reln,5649,55,10.299625468164795
coadread_tcga_pan_can_atlas_2018,"Colorectal Adenocarcinoma (TCGA, PanCancer Atlas)",Colorectal Adenocarcinoma,534,REV3L,Rev3l,5980,34,6.367041198501872
coadread_tcga_pan_can_atlas_2018,"Colorectal Adenocarcinoma (TCGA, PanCancer Atlas)",Colorectal Adenocarcinoma,534,RGS12,Rgs12,6002,23,4.307116104868914
coadread_tcga_pan_can_atlas_2018,"Colorectal Adenocarcinoma (TCGA, PanCancer Atlas)",Colorectal Adenocarcinoma,534,RGS6,Rgs6,9628,13,2.4344569288389515
coadread_tcga_pan_can_atlas_2018,"Colorectal Adenocarcinoma (TCGA, PanCancer Atlas)",Colorectal Adenocarcinoma,534,RGS7,Rgs7,6000,11,2.059925093632959
coadread_tcga_pan_can_atlas_2018,"Colorectal Adenocarcinoma (TCGA, PanCancer Atlas)",Colorectal Adenocarcinoma,534,RIMBP2,Rimbp2,23504,38,7.116104868913857
coadread_tcga_pan_can_atlas_2018,"Colorectal Adenocarcinoma (TCGA, PanCancer Atlas)",Colorectal Adenocarcinoma,534,ROBO1,Robo1,6091,52,9.737827715355806
coadread_tcga_pan_can_atlas_2018,"Colorectal Adenocarcinoma (TCGA, PanCancer Atlas)",Colorectal Adenocarcinoma,534,ROBO2,Robo2,6092,57,10.674157303370787
coadread_tcga_pan_can_atlas_2018,"Colorectal Adenocarcinoma (TCGA, PanCancer Atlas)",Colorectal Adenocarcinoma,534,ROCK2,Rock2,9475,17,3.183520599250936
coadread_tcga_pan_can_atlas_2018,"Colorectal Adenocarcinoma (TCGA, PanCancer Atlas)",Colorectal Adenocarcinoma,534,RPH3A,Rph3a,22895,16,2.9962546816479403
coadread_tcga_pan_can_atlas_2018,"Colorectal Adenocarcinoma (TCGA, PanCancer Atlas)",Colorectal Adenocarcinoma,534,RPS6KA2,Rps6ka2,6196,20,3.745318352059925
coadread_tcga_pan_can_atlas_2018,"Colorectal Adenocarcinoma (TCGA, PanCancer Atlas)",Colorectal Adenocarcinoma,534,RPS6KC1,Rps6kc1,26750,17,3.183520599250936
coadread_tcga_pan_can_atlas_2018,"Colorectal Adenocarcinoma (TCGA, PanCancer Atlas)",Colorectal Adenocarcinoma,534,RTN1,Rtn1,6252,21,3.932584269662921
coadread_tcga_pan_can_atlas_2018,"Colorectal Adenocarcinoma (TCGA, PanCancer Atlas)",Colorectal Adenocarcinoma,534,RUNX1T1,Runx1t1,862,28,5.2434456928838955
coadread_tcga_pan_can_atlas_2018,"Colorectal Adenocarcinoma (TCGA, PanCancer Atlas)",Colorectal Adenocarcinoma,534,RXFP1,Rxfp1,59350,11,2.059925093632959
coadread_tcga_pan_can_atlas_2018,"Colorectal Adenocarcinoma (TCGA, PanCancer Atlas)",Colorectal Adenocarcinoma,534,RYR1,Ryr1,6261,83,15.543071161048688
coadread_tcga_pan_can_atlas_2018,"Colorectal Adenocarcinoma (TCGA, PanCancer Atlas)",Colorectal Adenocarcinoma,534,RYR2,Ryr2,6262,105,19.662921348314608
coadread_tcga_pan_can_atlas_2018,"Colorectal Adenocarcinoma (TCGA, PanCancer Atlas)",Colorectal Adenocarcinoma,534,RYR3,Ryr3,6263,77,14.41947565543071
coadread_tcga_pan_can_atlas_2018,"Colorectal Adenocarcinoma (TCGA, PanCancer Atlas)",Colorectal Adenocarcinoma,534,SCN1A,Scn1a,6323,47,8.801498127340825
coadread_tcga_pan_can_atlas_2018,"Colorectal Adenocarcinoma (TCGA, PanCancer Atlas)",Colorectal Adenocarcinoma,534,SCN3A,Scn3a,6328,42,7.865168539325842
coadread_tcga_pan_can_atlas_2018,"Colorectal Adenocarcinoma (TCGA, PanCancer Atlas)",Colorectal Adenocarcinoma,534,SCN8A,Scn8a,6334,26,4.868913857677903
coadread_tcga_pan_can_atlas_2018,"Colorectal Adenocarcinoma (TCGA, PanCancer Atlas)",Colorectal Adenocarcinoma,534,SDK1,Sdk1,221935,70,13.108614232209737
coadread_tcga_pan_can_atlas_2018,"Colorectal Adenocarcinoma (TCGA, PanCancer Atlas)",Colorectal Adenocarcinoma,534,SEMA5B,Sema5b,54437,24,4.49438202247191
coadread_tcga_pan_can_atlas_2018,"Colorectal Adenocarcinoma (TCGA, PanCancer Atlas)",Colorectal Adenocarcinoma,534,SEMA6D,Sema6d,80031,16,2.9962546816479403
coadread_tcga_pan_can_atlas_2018,"Colorectal Adenocarcinoma (TCGA, PanCancer Atlas)",Colorectal Adenocarcinoma,534,SERPINI1,Serpini1,5274,5,0.9363295880149812
coadread_tcga_pan_can_atlas_2018,"Colorectal Adenocarcinoma (TCGA, PanCancer Atlas)",Colorectal Adenocarcinoma,534,SETBP1,Setbp1,26040,34,6.367041198501872
coadread_tcga_pan_can_atlas_2018,"Colorectal Adenocarcinoma (TCGA, PanCancer Atlas)",Colorectal Adenocarcinoma,534,SEZ6,Sez6,124925,13,2.4344569288389515
coadread_tcga_pan_can_atlas_2018,"Colorectal Adenocarcinoma (TCGA, PanCancer Atlas)",Colorectal Adenocarcinoma,534,SGCZ,Sgcz,137868,10,1.8726591760299625
coadread_tcga_pan_can_atlas_2018,"Colorectal Adenocarcinoma (TCGA, PanCancer Atlas)",Colorectal Adenocarcinoma,534,SGK1,Sgk1,6446,9,1.6853932584269662
coadread_tcga_pan_can_atlas_2018,"Colorectal Adenocarcinoma (TCGA, PanCancer Atlas)",Colorectal Adenocarcinoma,534,SH3GL3,Sh3gl3,6457,12,2.247191011235955
coadread_tcga_pan_can_atlas_2018,"Colorectal Adenocarcinoma (TCGA, PanCancer Atlas)",Colorectal Adenocarcinoma,534,SHANK2,Shank2,22941,29,5.430711610486892
coadread_tcga_pan_can_atlas_2018,"Colorectal Adenocarcinoma (TCGA, PanCancer Atlas)",Colorectal Adenocarcinoma,534,SIPA1L1,Sipa1l1,26037,31,5.805243445692884
coadread_tcga_pan_can_atlas_2018,"Colorectal Adenocarcinoma (TCGA, PanCancer Atlas)",Colorectal Adenocarcinoma,534,SIRPA,Sirpa,140885,10,1.8726591760299625
coadread_tcga_pan_can_atlas_2018,"Colorectal Adenocarcinoma (TCGA, PanCancer Atlas)",Colorectal Adenocarcinoma,534,SLC24A2,Slc24a2,25769,23,4.307116104868914
coadread_tcga_pan_can_atlas_2018,"Colorectal Adenocarcinoma (TCGA, PanCancer Atlas)",Colorectal Adenocarcinoma,534,SLC24A3,Slc24a3,57419,17,3.183520599250936
coadread_tcga_pan_can_atlas_2018,"Colorectal Adenocarcinoma (TCGA, PanCancer Atlas)",Colorectal Adenocarcinoma,534,SLC35F3,Slc35f3,148641,14,2.6217228464419478
coadread_tcga_pan_can_atlas_2018,"Colorectal Adenocarcinoma (TCGA, PanCancer Atlas)",Colorectal Adenocarcinoma,534,SLC35F4,Slc35f4,341880,10,1.8726591760299625
coadread_tcga_pan_can_atlas_2018,"Colorectal Adenocarcinoma (TCGA, PanCancer Atlas)",Colorectal Adenocarcinoma,534,SLC44A5,Slc44a5,204962,20,3.745318352059925
coadread_tcga_pan_can_atlas_2018,"Colorectal Adenocarcinoma (TCGA, PanCancer Atlas)",Colorectal Adenocarcinoma,534,SLC4A8,Slc4a8,9498,15,2.808988764044944
coadread_tcga_pan_can_atlas_2018,"Colorectal Adenocarcinoma (TCGA, PanCancer Atlas)",Colorectal Adenocarcinoma,534,SLC6A1,Slc6a1,6529,15,2.808988764044944
coadread_tcga_pan_can_atlas_2018,"Colorectal Adenocarcinoma (TCGA, PanCancer Atlas)",Colorectal Adenocarcinoma,534,SLC6A17,Slc6a17,388662,16,2.9962546816479403
coadread_tcga_pan_can_atlas_2018,"Colorectal Adenocarcinoma (TCGA, PanCancer Atlas)",Colorectal Adenocarcinoma,534,SLC8A1,Slc8a1,6546,25,4.681647940074907
coadread_tcga_pan_can_atlas_2018,"Colorectal Adenocarcinoma (TCGA, PanCancer Atlas)",Colorectal Adenocarcinoma,534,SLC9A9,Slc9a9,285195,16,2.9962546816479403
coadread_tcga_pan_can_atlas_2018,"Colorectal Adenocarcinoma (TCGA, PanCancer Atlas)",Colorectal Adenocarcinoma,534,SLCO3A1,Slco3a1,28232,19,3.5580524344569286
coadread_tcga_pan_can_atlas_2018,"Colorectal Adenocarcinoma (TCGA, PanCancer Atlas)",Colorectal Adenocarcinoma,534,SLIT2,Slit2,9353,29,5.430711610486892
coadread_tcga_pan_can_atlas_2018,"Colorectal Adenocarcinoma (TCGA, PanCancer Atlas)",Colorectal Adenocarcinoma,534,SLIT3,Slit3,6586,27,5.056179775280899
coadread_tcga_pan_can_atlas_2018,"Colorectal Adenocarcinoma (TCGA, PanCancer Atlas)",Colorectal Adenocarcinoma,534,SMARCA2,Smarca2,6595,25,4.681647940074907
coadread_tcga_pan_can_atlas_2018,"Colorectal Adenocarcinoma (TCGA, PanCancer Atlas)",Colorectal Adenocarcinoma,534,SORBS1,Sorbs1,10580,15,2.808988764044944
coadread_tcga_pan_can_atlas_2018,"Colorectal Adenocarcinoma (TCGA, PanCancer Atlas)",Colorectal Adenocarcinoma,534,SORBS2,Sorbs2,8470,24,4.49438202247191
coadread_tcga_pan_can_atlas_2018,"Colorectal Adenocarcinoma (TCGA, PanCancer Atlas)",Colorectal Adenocarcinoma,534,SORCS1,Sorcs1,114815,34,6.367041198501872
coadread_tcga_pan_can_atlas_2018,"Colorectal Adenocarcinoma (TCGA, PanCancer Atlas)",Colorectal Adenocarcinoma,534,SORCS2,Sorcs2,57537,18,3.3707865168539324
coadread_tcga_pan_can_atlas_2018,"Colorectal Adenocarcinoma (TCGA, PanCancer Atlas)",Colorectal Adenocarcinoma,534,SORCS3,Sorcs3,22986,19,3.5580524344569286
coadread_tcga_pan_can_atlas_2018,"Colorectal Adenocarcinoma (TCGA, PanCancer Atlas)",Colorectal Adenocarcinoma,534,SORL1,Sorl1,6653,22,4.119850187265918
coadread_tcga_pan_can_atlas_2018,"Colorectal Adenocarcinoma (TCGA, PanCancer Atlas)",Colorectal Adenocarcinoma,534,SOX5,Sox5,6660,25,4.681647940074907
coadread_tcga_pan_can_atlas_2018,"Colorectal Adenocarcinoma (TCGA, PanCancer Atlas)",Colorectal Adenocarcinoma,534,SOX6,Sox6,55553,20,3.745318352059925
coadread_tcga_pan_can_atlas_2018,"Colorectal Adenocarcinoma (TCGA, PanCancer Atlas)",Colorectal Adenocarcinoma,534,SPARCL1,Sparcl1,8404,14,2.6217228464419478
coadread_tcga_pan_can_atlas_2018,"Colorectal Adenocarcinoma (TCGA, PanCancer Atlas)",Colorectal Adenocarcinoma,534,SPHKAP,Sphkap,80309,36,6.741573033707865
coadread_tcga_pan_can_atlas_2018,"Colorectal Adenocarcinoma (TCGA, PanCancer Atlas)",Colorectal Adenocarcinoma,534,SPOCK1,Spock1,6695,7,1.3108614232209739
coadread_tcga_pan_can_atlas_2018,"Colorectal Adenocarcinoma (TCGA, PanCancer Atlas)",Colorectal Adenocarcinoma,534,SPOCK3,Spock3,50859,20,3.745318352059925
coadread_tcga_pan_can_atlas_2018,"Colorectal Adenocarcinoma (TCGA, PanCancer Atlas)",Colorectal Adenocarcinoma,534,SPTAN1,Sptan1,6709,27,5.056179775280899
coadread_tcga_pan_can_atlas_2018,"Colorectal Adenocarcinoma (TCGA, PanCancer Atlas)",Colorectal Adenocarcinoma,534,SPTBN4,Sptbn4,57731,19,3.5580524344569286
coadread_tcga_pan_can_atlas_2018,"Colorectal Adenocarcinoma (TCGA, PanCancer Atlas)",Colorectal Adenocarcinoma,534,SRGAP3,Srgap3,9901,21,3.932584269662921
coadread_tcga_pan_can_atlas_2018,"Colorectal Adenocarcinoma (TCGA, PanCancer Atlas)",Colorectal Adenocarcinoma,534,SRRM4,Srrm4,84530,21,3.932584269662921
coadread_tcga_pan_can_atlas_2018,"Colorectal Adenocarcinoma (TCGA, PanCancer Atlas)",Colorectal Adenocarcinoma,534,STARD13,Stard13,90627,13,2.4344569288389515
coadread_tcga_pan_can_atlas_2018,"Colorectal Adenocarcinoma (TCGA, PanCancer Atlas)",Colorectal Adenocarcinoma,534,STOX2,Stox2,56977,21,3.932584269662921
coadread_tcga_pan_can_atlas_2018,"Colorectal Adenocarcinoma (TCGA, PanCancer Atlas)",Colorectal Adenocarcinoma,534,STRBP,Strbp,55342,10,1.8726591760299625
coadread_tcga_pan_can_atlas_2018,"Colorectal Adenocarcinoma (TCGA, PanCancer Atlas)",Colorectal Adenocarcinoma,534,STXBP5L,Stxbp5l,9515,22,4.119850187265918
coadread_tcga_pan_can_atlas_2018,"Colorectal Adenocarcinoma (TCGA, PanCancer Atlas)",Colorectal Adenocarcinoma,534,SV2A,Sv2a,9900,20,3.745318352059925
coadread_tcga_pan_can_atlas_2018,"Colorectal Adenocarcinoma (TCGA, PanCancer Atlas)",Colorectal Adenocarcinoma,534,SV2C,Sv2c,22987,20,3.745318352059925
coadread_tcga_pan_can_atlas_2018,"Colorectal Adenocarcinoma (TCGA, PanCancer Atlas)",Colorectal Adenocarcinoma,534,SYNJ2,Synj2,8871,20,3.745318352059925
coadread_tcga_pan_can_atlas_2018,"Colorectal Adenocarcinoma (TCGA, PanCancer Atlas)",Colorectal Adenocarcinoma,534,SYT7,Syt7,9066,6,1.1235955056179776
coadread_tcga_pan_can_atlas_2018,"Colorectal Adenocarcinoma (TCGA, PanCancer Atlas)",Colorectal Adenocarcinoma,534,SYTL2,Sytl2,54843,6,1.1235955056179776
coadread_tcga_pan_can_atlas_2018,"Colorectal Adenocarcinoma (TCGA, PanCancer Atlas)",Colorectal Adenocarcinoma,534,TACC1,Tacc1,6867,13,2.4344569288389515
coadread_tcga_pan_can_atlas_2018,"Colorectal Adenocarcinoma (TCGA, PanCancer Atlas)",Colorectal Adenocarcinoma,534,TENM1,Tenm1,10178,57,10.674157303370787
coadread_tcga_pan_can_atlas_2018,"Colorectal Adenocarcinoma (TCGA, PanCancer Atlas)",Colorectal Adenocarcinoma,534,TENM2,Tenm2,57451,49,9.176029962546817
coadread_tcga_pan_can_atlas_2018,"Colorectal Adenocarcinoma (TCGA, PanCancer Atlas)",Colorectal Adenocarcinoma,534,TENM3,Tenm3,55714,58,10.861423220973784
coadread_tcga_pan_can_atlas_2018,"Colorectal Adenocarcinoma (TCGA, PanCancer Atlas)",Colorectal Adenocarcinoma,534,TENM4,Tenm4,26011,54,10.112359550561798
coadread_tcga_pan_can_atlas_2018,"Colorectal Adenocarcinoma (TCGA, PanCancer Atlas)",Colorectal Adenocarcinoma,534,THSD7A,Thsd7a,221981,33,6.179775280898877
coadread_tcga_pan_can_atlas_2018,"Colorectal Adenocarcinoma (TCGA, PanCancer Atlas)",Colorectal Adenocarcinoma,534,THSD7B,Thsd7b,80731,41,7.677902621722846
coadread_tcga_pan_can_atlas_2018,"Colorectal Adenocarcinoma (TCGA, PanCancer Atlas)",Colorectal Adenocarcinoma,534,TLE4,Tle4,7091,25,4.681647940074907
coadread_tcga_pan_can_atlas_2018,"Colorectal Adenocarcinoma (TCGA, PanCancer Atlas)",Colorectal Adenocarcinoma,534,TLL1,Tll1,7092,29,5.430711610486892
coadread_tcga_pan_can_atlas_2018,"Colorectal Adenocarcinoma (TCGA, PanCancer Atlas)",Colorectal Adenocarcinoma,534,TLN2,Tln2,83660,18,3.3707865168539324
coadread_tcga_pan_can_atlas_2018,"Colorectal Adenocarcinoma (TCGA, PanCancer Atlas)",Colorectal Adenocarcinoma,534,TMEM108,Tmem108,66000,8,1.4981273408239701
coadread_tcga_pan_can_atlas_2018,"Colorectal Adenocarcinoma (TCGA, PanCancer Atlas)",Colorectal Adenocarcinoma,534,TMEM130,Tmem130,222865,11,2.059925093632959
coadread_tcga_pan_can_atlas_2018,"Colorectal Adenocarcinoma (TCGA, PanCancer Atlas)",Colorectal Adenocarcinoma,534,TMEM132B,Tmem132b,114795,30,5.617977528089888
coadread_tcga_pan_can_atlas_2018,"Colorectal Adenocarcinoma (TCGA, PanCancer Atlas)",Colorectal Adenocarcinoma,534,TMEM132C,Tmem132c,92293,20,3.745318352059925
coadread_tcga_pan_can_atlas_2018,"Colorectal Adenocarcinoma (TCGA, PanCancer Atlas)",Colorectal Adenocarcinoma,534,TMEM132D,Tmem132d,121256,45,8.426966292134832
coadread_tcga_pan_can_atlas_2018,"Colorectal Adenocarcinoma (TCGA, PanCancer Atlas)",Colorectal Adenocarcinoma,534,TMTC1,Tmtc1,83857,18,3.3707865168539324
coadread_tcga_pan_can_atlas_2018,"Colorectal Adenocarcinoma (TCGA, PanCancer Atlas)",Colorectal Adenocarcinoma,534,TNIK,Tnik,23043,30,5.617977528089888
coadread_tcga_pan_can_atlas_2018,"Colorectal Adenocarcinoma (TCGA, PanCancer Atlas)",Colorectal Adenocarcinoma,534,TOX,Tox,9760,14,2.6217228464419478
coadread_tcga_pan_can_atlas_2018,"Colorectal Adenocarcinoma (TCGA, PanCancer Atlas)",Colorectal Adenocarcinoma,534,TOX2,Tox2,84969,9,1.6853932584269662
coadread_tcga_pan_can_atlas_2018,"Colorectal Adenocarcinoma (TCGA, PanCancer Atlas)",Colorectal Adenocarcinoma,534,TOX3,Tox3,27324,9,1.6853932584269662
coadread_tcga_pan_can_atlas_2018,"Colorectal Adenocarcinoma (TCGA, PanCancer Atlas)",Colorectal Adenocarcinoma,534,TRERF1,Trerf1,55809,25,4.681647940074907
coadread_tcga_pan_can_atlas_2018,"Colorectal Adenocarcinoma (TCGA, PanCancer Atlas)",Colorectal Adenocarcinoma,534,TRHDE,Trhde,29953,29,5.430711610486892
coadread_tcga_pan_can_atlas_2018,"Colorectal Adenocarcinoma (TCGA, PanCancer Atlas)",Colorectal Adenocarcinoma,534,TRIO,Trio,7204,35,6.5543071161048685
coadread_tcga_pan_can_atlas_2018,"Colorectal Adenocarcinoma (TCGA, PanCancer Atlas)",Colorectal Adenocarcinoma,534,TRPC3,Trpc3,7222,28,5.2434456928838955
coadread_tcga_pan_can_atlas_2018,"Colorectal Adenocarcinoma (TCGA, PanCancer Atlas)",Colorectal Adenocarcinoma,534,TRPC5,Trpc5,7224,23,4.307116104868914
coadread_tcga_pan_can_atlas_2018,"Colorectal Adenocarcinoma (TCGA, PanCancer Atlas)",Colorectal Adenocarcinoma,534,TRPM2,Trpm2,7226,33,6.179775280898877
coadread_tcga_pan_can_atlas_2018,"Colorectal Adenocarcinoma (TCGA, PanCancer Atlas)",Colorectal Adenocarcinoma,534,TRPM3,Trpm3,80036,32,5.992509363295881
coadread_tcga_pan_can_atlas_2018,"Colorectal Adenocarcinoma (TCGA, PanCancer Atlas)",Colorectal Adenocarcinoma,534,TRPS1,Trps1,7227,59,11.04868913857678
coadread_tcga_pan_can_atlas_2018,"Colorectal Adenocarcinoma (TCGA, PanCancer Atlas)",Colorectal Adenocarcinoma,534,TSC22D1,Tsc22d1,8848,16,2.9962546816479403
coadread_tcga_pan_can_atlas_2018,"Colorectal Adenocarcinoma (TCGA, PanCancer Atlas)",Colorectal Adenocarcinoma,534,TSHZ3,Tshz3,57616,48,8.98876404494382
coadread_tcga_pan_can_atlas_2018,"Colorectal Adenocarcinoma (TCGA, PanCancer Atlas)",Colorectal Adenocarcinoma,534,TTBK2,Ttbk2,146057,14,2.6217228464419478
coadread_tcga_pan_can_atlas_2018,"Colorectal Adenocarcinoma (TCGA, PanCancer Atlas)",Colorectal Adenocarcinoma,534,UNC13C,Unc13c,440279,59,11.04868913857678
coadread_tcga_pan_can_atlas_2018,"Colorectal Adenocarcinoma (TCGA, PanCancer Atlas)",Colorectal Adenocarcinoma,534,UNC5C,Unc5c,8633,22,4.119850187265918
coadread_tcga_pan_can_atlas_2018,"Colorectal Adenocarcinoma (TCGA, PanCancer Atlas)",Colorectal Adenocarcinoma,534,UNC5D,Unc5d,137970,21,3.932584269662921
coadread_tcga_pan_can_atlas_2018,"Colorectal Adenocarcinoma (TCGA, PanCancer Atlas)",Colorectal Adenocarcinoma,534,USP11,Usp11,8237,8,1.4981273408239701
coadread_tcga_pan_can_atlas_2018,"Colorectal Adenocarcinoma (TCGA, PanCancer Atlas)",Colorectal Adenocarcinoma,534,USP25,Usp25,29761,15,2.808988764044944
coadread_tcga_pan_can_atlas_2018,"Colorectal Adenocarcinoma (TCGA, PanCancer Atlas)",Colorectal Adenocarcinoma,534,UST,Ust,10090,10,1.8726591760299625
coadread_tcga_pan_can_atlas_2018,"Colorectal Adenocarcinoma (TCGA, PanCancer Atlas)",Colorectal Adenocarcinoma,534,VIP,Vip,7432,5,0.9363295880149812
coadread_tcga_pan_can_atlas_2018,"Colorectal Adenocarcinoma (TCGA, PanCancer Atlas)",Colorectal Adenocarcinoma,534,VPS13A,Vps13a,23230,37,6.928838951310861
coadread_tcga_pan_can_atlas_2018,"Colorectal Adenocarcinoma (TCGA, PanCancer Atlas)",Colorectal Adenocarcinoma,534,VPS13D,Vps13d,55187,30,5.617977528089888
coadread_tcga_pan_can_atlas_2018,"Colorectal Adenocarcinoma (TCGA, PanCancer Atlas)",Colorectal Adenocarcinoma,534,WASF3,Wasf3,10810,17,3.183520599250936
coadread_tcga_pan_can_atlas_2018,"Colorectal Adenocarcinoma (TCGA, PanCancer Atlas)",Colorectal Adenocarcinoma,534,WNK2,Wnk2,65268,27,5.056179775280899
coadread_tcga_pan_can_atlas_2018,"Colorectal Adenocarcinoma (TCGA, PanCancer Atlas)",Colorectal Adenocarcinoma,534,WWP1,Wwp1,11059,27,5.056179775280899
coadread_tcga_pan_can_atlas_2018,"Colorectal Adenocarcinoma (TCGA, PanCancer Atlas)",Colorectal Adenocarcinoma,534,XKR4,Xkr4,114786,19,3.5580524344569286
coadread_tcga_pan_can_atlas_2018,"Colorectal Adenocarcinoma (TCGA, PanCancer Atlas)",Colorectal Adenocarcinoma,534,XYLT1,Xylt1,64131,10,1.8726591760299625
coadread_tcga_pan_can_atlas_2018,"Colorectal Adenocarcinoma (TCGA, PanCancer Atlas)",Colorectal Adenocarcinoma,534,ZBTB16,Zbtb16,7704,14,2.6217228464419478
coadread_tcga_pan_can_atlas_2018,"Colorectal Adenocarcinoma (TCGA, PanCancer Atlas)",Colorectal Adenocarcinoma,534,ZFYVE28,Zfyve28,57732,19,3.5580524344569286
coadread_tcga_pan_can_atlas_2018,"Colorectal Adenocarcinoma (TCGA, PanCancer Atlas)",Colorectal Adenocarcinoma,534,ZMAT4,Zmat4,79698,7,1.3108614232209739
coadread_tcga_pan_can_atlas_2018,"Colorectal Adenocarcinoma (TCGA, PanCancer Atlas)",Colorectal Adenocarcinoma,534,ZMYND8,Zmynd8,23613,24,4.49438202247191
paad_tcga_pan_can_atlas_2018,"Pancreatic Adenocarcinoma (TCGA, PanCancer Atlas)",Pancreatic Adenocarcinoma,179,ABCC8,Abcc8,6833,1,0.5586592178770949
paad_tcga_pan_can_atlas_2018,"Pancreatic Adenocarcinoma (TCGA, PanCancer Atlas)",Pancreatic Adenocarcinoma,179,ABR,Abr,29,1,0.5586592178770949
paad_tcga_pan_can_atlas_2018,"Pancreatic Adenocarcinoma (TCGA, PanCancer Atlas)",Pancreatic Adenocarcinoma,179,ACSL3,Acsl3,2181,1,0.5586592178770949
paad_tcga_pan_can_atlas_2018,"Pancreatic Adenocarcinoma (TCGA, PanCancer Atlas)",Pancreatic Adenocarcinoma,179,ADAM23,Adam23,8745,2,1.1173184357541899
paad_tcga_pan_can_atlas_2018,"Pancreatic Adenocarcinoma (TCGA, PanCancer Atlas)",Pancreatic Adenocarcinoma,179,ADAMTS17,Adamts17,170691,1,0.5586592178770949
paad_tcga_pan_can_atlas_2018,"Pancreatic Adenocarcinoma (TCGA, PanCancer Atlas)",Pancreatic Adenocarcinoma,179,ADARB2,Adarb2,105,3,1.675977653631285
paad_tcga_pan_can_atlas_2018,"Pancreatic Adenocarcinoma (TCGA, PanCancer Atlas)",Pancreatic Adenocarcinoma,179,ADCY1,Adcy1,107,2,1.1173184357541899
paad_tcga_pan_can_atlas_2018,"Pancreatic Adenocarcinoma (TCGA, PanCancer Atlas)",Pancreatic Adenocarcinoma,179,ADCY2,Adcy2,108,1,0.5586592178770949
paad_tcga_pan_can_atlas_2018,"Pancreatic Adenocarcinoma (TCGA, PanCancer Atlas)",Pancreatic Adenocarcinoma,179,ADCY8,Adcy8,114,3,1.675977653631285
paad_tcga_pan_can_atlas_2018,"Pancreatic Adenocarcinoma (TCGA, PanCancer Atlas)",Pancreatic Adenocarcinoma,179,ADRA1A,Adra1a,148,3,1.675977653631285
paad_tcga_pan_can_atlas_2018,"Pancreatic Adenocarcinoma (TCGA, PanCancer Atlas)",Pancreatic Adenocarcinoma,179,AHI1,Ahi1,54806,1,0.5586592178770949
paad_tcga_pan_can_atlas_2018,"Pancreatic Adenocarcinoma (TCGA, PanCancer Atlas)",Pancreatic Adenocarcinoma,179,AK5,Ak5,26289,0,0.0
paad_tcga_pan_can_atlas_2018,"Pancreatic Adenocarcinoma (TCGA, PanCancer Atlas)",Pancreatic Adenocarcinoma,179,ALK,Alk,238,2,1.1173184357541899
paad_tcga_pan_can_atlas_2018,"Pancreatic Adenocarcinoma (TCGA, PanCancer Atlas)",Pancreatic Adenocarcinoma,179,ANK1,Ank1,286,2,1.1173184357541899
paad_tcga_pan_can_atlas_2018,"Pancreatic Adenocarcinoma (TCGA, PanCancer Atlas)",Pancreatic Adenocarcinoma,179,ANKRD26,Ankrd26,22852,2,1.1173184357541899
paad_tcga_pan_can_atlas_2018,"Pancreatic Adenocarcinoma (TCGA, PanCancer Atlas)",Pancreatic Adenocarcinoma,179,ANKS1B,Anks1b,56899,3,1.675977653631285
paad_tcga_pan_can_atlas_2018,"Pancreatic Adenocarcinoma (TCGA, PanCancer Atlas)",Pancreatic Adenocarcinoma,179,ANO3,Ano3,63982,4,2.2346368715083798
paad_tcga_pan_can_atlas_2018,"Pancreatic Adenocarcinoma (TCGA, PanCancer Atlas)",Pancreatic Adenocarcinoma,179,ANO4,Ano4,121601,1,0.5586592178770949
paad_tcga_pan_can_atlas_2018,"Pancreatic Adenocarcinoma (TCGA, PanCancer Atlas)",Pancreatic Adenocarcinoma,179,ANO5,Ano5,203859,1,0.5586592178770949
paad_tcga_pan_can_atlas_2018,"Pancreatic Adenocarcinoma (TCGA, PanCancer Atlas)",Pancreatic Adenocarcinoma,179,APBA1,Apba1,320,2,1.1173184357541899
paad_tcga_pan_can_atlas_2018,"Pancreatic Adenocarcinoma (TCGA, PanCancer Atlas)",Pancreatic Adenocarcinoma,179,APLP1,Aplp1,333,1,0.5586592178770949
paad_tcga_pan_can_atlas_2018,"Pancreatic Adenocarcinoma (TCGA, PanCancer Atlas)",Pancreatic Adenocarcinoma,179,ARAP2,Arap2,116984,1,0.5586592178770949
paad_tcga_pan_can_atlas_2018,"Pancreatic Adenocarcinoma (TCGA, PanCancer Atlas)",Pancreatic Adenocarcinoma,179,ARHGAP20,Arhgap20,57569,1,0.5586592178770949
paad_tcga_pan_can_atlas_2018,"Pancreatic Adenocarcinoma (TCGA, PanCancer Atlas)",Pancreatic Adenocarcinoma,179,ARHGAP21,Arhgap21,57584,3,1.675977653631285
paad_tcga_pan_can_atlas_2018,"Pancreatic Adenocarcinoma (TCGA, PanCancer Atlas)",Pancreatic Adenocarcinoma,179,ARHGAP5,Arhgap5,394,3,1.675977653631285
paad_tcga_pan_can_atlas_2018,"Pancreatic Adenocarcinoma (TCGA, PanCancer Atlas)",Pancreatic Adenocarcinoma,179,ARID5B,Arid5b,84159,0,0.0
paad_tcga_pan_can_atlas_2018,"Pancreatic Adenocarcinoma (TCGA, PanCancer Atlas)",Pancreatic Adenocarcinoma,179,ARPP21,Arpp21,10777,0,0.0
paad_tcga_pan_can_atlas_2018,"Pancreatic Adenocarcinoma (TCGA, PanCancer Atlas)",Pancreatic Adenocarcinoma,179,ASIC2,Asic2,40,0,0.0
paad_tcga_pan_can_atlas_2018,"Pancreatic Adenocarcinoma (TCGA, PanCancer Atlas)",Pancreatic Adenocarcinoma,179,ASTN1,Astn1,460,4,2.2346368715083798
paad_tcga_pan_can_atlas_2018,"Pancreatic Adenocarcinoma (TCGA, PanCancer Atlas)",Pancreatic Adenocarcinoma,179,ASTN2,Astn2,23245,5,2.793296089385475
paad_tcga_pan_can_atlas_2018,"Pancreatic Adenocarcinoma (TCGA, PanCancer Atlas)",Pancreatic Adenocarcinoma,179,ATP1A3,Atp1a3,478,1,0.5586592178770949
paad_tcga_pan_can_atlas_2018,"Pancreatic Adenocarcinoma (TCGA, PanCancer Atlas)",Pancreatic Adenocarcinoma,179,ATP2A2,Atp2a2,488,2,1.1173184357541899
paad_tcga_pan_can_atlas_2018,"Pancreatic Adenocarcinoma (TCGA, PanCancer Atlas)",Pancreatic Adenocarcinoma,179,ATP8A2,Atp8a2,51761,2,1.1173184357541899
paad_tcga_pan_can_atlas_2018,"Pancreatic Adenocarcinoma (TCGA, PanCancer Atlas)",Pancreatic Adenocarcinoma,179,ATRNL1,Atrnl1,26033,4,2.2346368715083798
paad_tcga_pan_can_atlas_2018,"Pancreatic Adenocarcinoma (TCGA, PanCancer Atlas)",Pancreatic Adenocarcinoma,179,ATXN1,Atxn1,6310,1,0.5586592178770949
paad_tcga_pan_can_atlas_2018,"Pancreatic Adenocarcinoma (TCGA, PanCancer Atlas)",Pancreatic Adenocarcinoma,179,BACH2,Bach2,60468,1,0.5586592178770949
paad_tcga_pan_can_atlas_2018,"Pancreatic Adenocarcinoma (TCGA, PanCancer Atlas)",Pancreatic Adenocarcinoma,179,BAIAP2,Baiap2,10458,1,0.5586592178770949
paad_tcga_pan_can_atlas_2018,"Pancreatic Adenocarcinoma (TCGA, PanCancer Atlas)",Pancreatic Adenocarcinoma,179,BCL11A,Bcl11a,53335,1,0.5586592178770949
paad_tcga_pan_can_atlas_2018,"Pancreatic Adenocarcinoma (TCGA, PanCancer Atlas)",Pancreatic Adenocarcinoma,179,BCL11B,Bcl11b,64919,2,1.1173184357541899
paad_tcga_pan_can_atlas_2018,"Pancreatic Adenocarcinoma (TCGA, PanCancer Atlas)",Pancreatic Adenocarcinoma,179,BDP1,Bdp1,55814,3,1.675977653631285
paad_tcga_pan_can_atlas_2018,"Pancreatic Adenocarcinoma (TCGA, PanCancer Atlas)",Pancreatic Adenocarcinoma,179,BMPER,Bmper,168667,1,0.5586592178770949
paad_tcga_pan_can_atlas_2018,"Pancreatic Adenocarcinoma (TCGA, PanCancer Atlas)",Pancreatic Adenocarcinoma,179,BRINP2,Brinp2,57795,4,2.2346368715083798
paad_tcga_pan_can_atlas_2018,"Pancreatic Adenocarcinoma (TCGA, PanCancer Atlas)",Pancreatic Adenocarcinoma,179,BRINP3,Brinp3,339479,4,2.2346368715083798
paad_tcga_pan_can_atlas_2018,"Pancreatic Adenocarcinoma (TCGA, PanCancer Atlas)",Pancreatic Adenocarcinoma,179,BSN,Bsn,8927,2,1.1173184357541899
paad_tcga_pan_can_atlas_2018,"Pancreatic Adenocarcinoma (TCGA, PanCancer Atlas)",Pancreatic Adenocarcinoma,179,CACNA1A,Cacna1a,773,3,1.675977653631285
paad_tcga_pan_can_atlas_2018,"Pancreatic Adenocarcinoma (TCGA, PanCancer Atlas)",Pancreatic Adenocarcinoma,179,CACNA1B,Cacna1b,774,8,4.4692737430167595
paad_tcga_pan_can_atlas_2018,"Pancreatic Adenocarcinoma (TCGA, PanCancer Atlas)",Pancreatic Adenocarcinoma,179,CACNA1C,Cacna1c,775,4,2.2346368715083798
paad_tcga_pan_can_atlas_2018,"Pancreatic Adenocarcinoma (TCGA, PanCancer Atlas)",Pancreatic Adenocarcinoma,179,CACNA1D,Cacna1d,776,3,1.675977653631285
paad_tcga_pan_can_atlas_2018,"Pancreatic Adenocarcinoma (TCGA, PanCancer Atlas)",Pancreatic Adenocarcinoma,179,CACNA1E,Cacna1e,777,2,1.1173184357541899
paad_tcga_pan_can_atlas_2018,"Pancreatic Adenocarcinoma (TCGA, PanCancer Atlas)",Pancreatic Adenocarcinoma,179,CACNA2D1,Cacna2d1,781,1,0.5586592178770949
paad_tcga_pan_can_atlas_2018,"Pancreatic Adenocarcinoma (TCGA, PanCancer Atlas)",Pancreatic Adenocarcinoma,179,CACNA2D3,Cacna2d3,55799,2,1.1173184357541899
paad_tcga_pan_can_atlas_2018,"Pancreatic Adenocarcinoma (TCGA, PanCancer Atlas)",Pancreatic Adenocarcinoma,179,CACNB2,Cacnb2,783,2,1.1173184357541899
paad_tcga_pan_can_atlas_2018,"Pancreatic Adenocarcinoma (TCGA, PanCancer Atlas)",Pancreatic Adenocarcinoma,179,CACNB4,Cacnb4,785,0,0.0
paad_tcga_pan_can_atlas_2018,"Pancreatic Adenocarcinoma (TCGA, PanCancer Atlas)",Pancreatic Adenocarcinoma,179,CACNG3,Cacng3,10368,2,1.1173184357541899
paad_tcga_pan_can_atlas_2018,"Pancreatic Adenocarcinoma (TCGA, PanCancer Atlas)",Pancreatic Adenocarcinoma,179,CADM2,Cadm2,253559,2,1.1173184357541899
paad_tcga_pan_can_atlas_2018,"Pancreatic Adenocarcinoma (TCGA, PanCancer Atlas)",Pancreatic Adenocarcinoma,179,CADPS,Cadps,8618,2,1.1173184357541899
paad_tcga_pan_can_atlas_2018,"Pancreatic Adenocarcinoma (TCGA, PanCancer Atlas)",Pancreatic Adenocarcinoma,179,CAMTA1,Camta1,23261,1,0.5586592178770949
paad_tcga_pan_can_atlas_2018,"Pancreatic Adenocarcinoma (TCGA, PanCancer Atlas)",Pancreatic Adenocarcinoma,179,CAP2,Cap2,10486,1,0.5586592178770949
paad_tcga_pan_can_atlas_2018,"Pancreatic Adenocarcinoma (TCGA, PanCancer Atlas)",Pancreatic Adenocarcinoma,179,CCDC136,Ccdc136,64753,0,0.0
paad_tcga_pan_can_atlas_2018,"Pancreatic Adenocarcinoma (TCGA, PanCancer Atlas)",Pancreatic Adenocarcinoma,179,CCSER1,Ccser1,401145,1,0.5586592178770949
paad_tcga_pan_can_atlas_2018,"Pancreatic Adenocarcinoma (TCGA, PanCancer Atlas)",Pancreatic Adenocarcinoma,179,CDH10,Cdh10,1008,4,2.2346368715083798
paad_tcga_pan_can_atlas_2018,"Pancreatic Adenocarcinoma (TCGA, PanCancer Atlas)",Pancreatic Adenocarcinoma,179,CDH12,Cdh12,1010,1,0.5586592178770949
paad_tcga_pan_can_atlas_2018,"Pancreatic Adenocarcinoma (TCGA, PanCancer Atlas)",Pancreatic Adenocarcinoma,179,CDH13,Cdh13,1012,0,0.0
paad_tcga_pan_can_atlas_2018,"Pancreatic Adenocarcinoma (TCGA, PanCancer Atlas)",Pancreatic Adenocarcinoma,179,CDH2,Cdh2,1000,3,1.675977653631285
paad_tcga_pan_can_atlas_2018,"Pancreatic Adenocarcinoma (TCGA, PanCancer Atlas)",Pancreatic Adenocarcinoma,179,CDH22,Cdh22,64405,3,1.675977653631285
paad_tcga_pan_can_atlas_2018,"Pancreatic Adenocarcinoma (TCGA, PanCancer Atlas)",Pancreatic Adenocarcinoma,179,CDH4,Cdh4,1002,2,1.1173184357541899
paad_tcga_pan_can_atlas_2018,"Pancreatic Adenocarcinoma (TCGA, PanCancer Atlas)",Pancreatic Adenocarcinoma,179,CDH8,Cdh8,1006,3,1.675977653631285
paad_tcga_pan_can_atlas_2018,"Pancreatic Adenocarcinoma (TCGA, PanCancer Atlas)",Pancreatic Adenocarcinoma,179,CDH9,Cdh9,1007,2,1.1173184357541899
paad_tcga_pan_can_atlas_2018,"Pancreatic Adenocarcinoma (TCGA, PanCancer Atlas)",Pancreatic Adenocarcinoma,179,CDK14,Cdk14,5218,2,1.1173184357541899
paad_tcga_pan_can_atlas_2018,"Pancreatic Adenocarcinoma (TCGA, PanCancer Atlas)",Pancreatic Adenocarcinoma,179,CDKL5,Cdkl5,6792,1,0.5586592178770949
paad_tcga_pan_can_atlas_2018,"Pancreatic Adenocarcinoma (TCGA, PanCancer Atlas)",Pancreatic Adenocarcinoma,179,CELF4,Celf4,56853,2,1.1173184357541899
paad_tcga_pan_can_atlas_2018,"Pancreatic Adenocarcinoma (TCGA, PanCancer Atlas)",Pancreatic Adenocarcinoma,179,CEMIP,Cemip,57214,3,1.675977653631285
paad_tcga_pan_can_atlas_2018,"Pancreatic Adenocarcinoma (TCGA, PanCancer Atlas)",Pancreatic Adenocarcinoma,179,CHGB,Chgb,1114,1,0.5586592178770949
paad_tcga_pan_can_atlas_2018,"Pancreatic Adenocarcinoma (TCGA, PanCancer Atlas)",Pancreatic Adenocarcinoma,179,CHL1,Chl1,10752,2,1.1173184357541899
paad_tcga_pan_can_atlas_2018,"Pancreatic Adenocarcinoma (TCGA, PanCancer Atlas)",Pancreatic Adenocarcinoma,179,CHRM3,Chrm3,1131,1,0.5586592178770949
paad_tcga_pan_can_atlas_2018,"Pancreatic Adenocarcinoma (TCGA, PanCancer Atlas)",Pancreatic Adenocarcinoma,179,CHSY3,Chsy3,337876,1,0.5586592178770949
paad_tcga_pan_can_atlas_2018,"Pancreatic Adenocarcinoma (TCGA, PanCancer Atlas)",Pancreatic Adenocarcinoma,179,CIT,Cit,11113,1,0.5586592178770949
paad_tcga_pan_can_atlas_2018,"Pancreatic Adenocarcinoma (TCGA, PanCancer Atlas)",Pancreatic Adenocarcinoma,179,CLEC16A,Clec16a,23274,1,0.5586592178770949
paad_tcga_pan_can_atlas_2018,"Pancreatic Adenocarcinoma (TCGA, PanCancer Atlas)",Pancreatic Adenocarcinoma,179,CLIP4,Clip4,79745,1,0.5586592178770949
paad_tcga_pan_can_atlas_2018,"Pancreatic Adenocarcinoma (TCGA, PanCancer Atlas)",Pancreatic Adenocarcinoma,179,CLSTN2,Clstn2,64084,4,2.2346368715083798
paad_tcga_pan_can_atlas_2018,"Pancreatic Adenocarcinoma (TCGA, PanCancer Atlas)",Pancreatic Adenocarcinoma,179,CLVS1,Clvs1,157807,2,1.1173184357541899
paad_tcga_pan_can_atlas_2018,"Pancreatic Adenocarcinoma (TCGA, PanCancer Atlas)",Pancreatic Adenocarcinoma,179,CNR1,Cnr1,1268,0,0.0
paad_tcga_pan_can_atlas_2018,"Pancreatic Adenocarcinoma (TCGA, PanCancer Atlas)",Pancreatic Adenocarcinoma,179,CNTN3,Cntn3,5067,3,1.675977653631285
paad_tcga_pan_can_atlas_2018,"Pancreatic Adenocarcinoma (TCGA, PanCancer Atlas)",Pancreatic Adenocarcinoma,179,CNTN4,Cntn4,152330,3,1.675977653631285
paad_tcga_pan_can_atlas_2018,"Pancreatic Adenocarcinoma (TCGA, PanCancer Atlas)",Pancreatic Adenocarcinoma,179,CNTN5,Cntn5,53942,2,1.1173184357541899
paad_tcga_pan_can_atlas_2018,"Pancreatic Adenocarcinoma (TCGA, PanCancer Atlas)",Pancreatic Adenocarcinoma,179,CNTN6,Cntn6,27255,2,1.1173184357541899
paad_tcga_pan_can_atlas_2018,"Pancreatic Adenocarcinoma (TCGA, PanCancer Atlas)",Pancreatic Adenocarcinoma,179,CNTNAP2,Cntnap2,26047,3,1.675977653631285
paad_tcga_pan_can_atlas_2018,"Pancreatic Adenocarcinoma (TCGA, PanCancer Atlas)",Pancreatic Adenocarcinoma,179,CNTNAP4,Cntnap4,85445,3,1.675977653631285
paad_tcga_pan_can_atlas_2018,"Pancreatic Adenocarcinoma (TCGA, PanCancer Atlas)",Pancreatic Adenocarcinoma,179,COL11A1,Col11a1,1301,5,2.793296089385475
paad_tcga_pan_can_atlas_2018,"Pancreatic Adenocarcinoma (TCGA, PanCancer Atlas)",Pancreatic Adenocarcinoma,179,COL16A1,Col16a1,1307,1,0.5586592178770949
paad_tcga_pan_can_atlas_2018,"Pancreatic Adenocarcinoma (TCGA, PanCancer Atlas)",Pancreatic Adenocarcinoma,179,COL19A1,Col19a1,1310,1,0.5586592178770949
paad_tcga_pan_can_atlas_2018,"Pancreatic Adenocarcinoma (TCGA, PanCancer Atlas)",Pancreatic Adenocarcinoma,179,COL24A1,Col24a1,255631,4,2.2346368715083798
paad_tcga_pan_can_atlas_2018,"Pancreatic Adenocarcinoma (TCGA, PanCancer Atlas)",Pancreatic Adenocarcinoma,179,COL25A1,Col25a1,84570,3,1.675977653631285
paad_tcga_pan_can_atlas_2018,"Pancreatic Adenocarcinoma (TCGA, PanCancer Atlas)",Pancreatic Adenocarcinoma,179,CORO6,Coro6,84940,0,0.0
paad_tcga_pan_can_atlas_2018,"Pancreatic Adenocarcinoma (TCGA, PanCancer Atlas)",Pancreatic Adenocarcinoma,179,CPNE4,Cpne4,131034,2,1.1173184357541899
paad_tcga_pan_can_atlas_2018,"Pancreatic Adenocarcinoma (TCGA, PanCancer Atlas)",Pancreatic Adenocarcinoma,179,CSMD1,Csmd1,64478,4,2.2346368715083798
paad_tcga_pan_can_atlas_2018,"Pancreatic Adenocarcinoma (TCGA, PanCancer Atlas)",Pancreatic Adenocarcinoma,179,CSMD2,Csmd2,114784,10,5.58659217877095
paad_tcga_pan_can_atlas_2018,"Pancreatic Adenocarcinoma (TCGA, PanCancer Atlas)",Pancreatic Adenocarcinoma,179,CSMD3,Csmd3,114788,5,2.793296089385475
paad_tcga_pan_can_atlas_2018,"Pancreatic Adenocarcinoma (TCGA, PanCancer Atlas)",Pancreatic Adenocarcinoma,179,CSRNP3,Csrnp3,80034,2,1.1173184357541899
paad_tcga_pan_can_atlas_2018,"Pancreatic Adenocarcinoma (TCGA, PanCancer Atlas)",Pancreatic Adenocarcinoma,179,CUX1,Cux1,1523,2,1.1173184357541899
paad_tcga_pan_can_atlas_2018,"Pancreatic Adenocarcinoma (TCGA, PanCancer Atlas)",Pancreatic Adenocarcinoma,179,CUX2,Cux2,23316,2,1.1173184357541899
paad_tcga_pan_can_atlas_2018,"Pancreatic Adenocarcinoma (TCGA, PanCancer Atlas)",Pancreatic Adenocarcinoma,179,CYFIP2,Cyfip2,26999,1,0.5586592178770949
paad_tcga_pan_can_atlas_2018,"Pancreatic Adenocarcinoma (TCGA, PanCancer Atlas)",Pancreatic Adenocarcinoma,179,DAAM1,Daam1,23002,4,2.2346368715083798
paad_tcga_pan_can_atlas_2018,"Pancreatic Adenocarcinoma (TCGA, PanCancer Atlas)",Pancreatic Adenocarcinoma,179,DAB1,Dab1,1600,0,0.0
paad_tcga_pan_can_atlas_2018,"Pancreatic Adenocarcinoma (TCGA, PanCancer Atlas)",Pancreatic Adenocarcinoma,179,DACH1,Dach1,1602,2,1.1173184357541899
paad_tcga_pan_can_atlas_2018,"Pancreatic Adenocarcinoma (TCGA, PanCancer Atlas)",Pancreatic Adenocarcinoma,179,DAPK1,Dapk1,1612,1,0.5586592178770949
paad_tcga_pan_can_atlas_2018,"Pancreatic Adenocarcinoma (TCGA, PanCancer Atlas)",Pancreatic Adenocarcinoma,179,DCC,Dcc,1630,1,0.5586592178770949
paad_tcga_pan_can_atlas_2018,"Pancreatic Adenocarcinoma (TCGA, PanCancer Atlas)",Pancreatic Adenocarcinoma,179,DENND5B,Dennd5b,160518,1,0.5586592178770949
paad_tcga_pan_can_atlas_2018,"Pancreatic Adenocarcinoma (TCGA, PanCancer Atlas)",Pancreatic Adenocarcinoma,179,DGKB,Dgkb,1607,4,2.2346368715083798
paad_tcga_pan_can_atlas_2018,"Pancreatic Adenocarcinoma (TCGA, PanCancer Atlas)",Pancreatic Adenocarcinoma,179,DGKD,Dgkd,8527,1,0.5586592178770949
paad_tcga_pan_can_atlas_2018,"Pancreatic Adenocarcinoma (TCGA, PanCancer Atlas)",Pancreatic Adenocarcinoma,179,DGKG,Dgkg,1608,1,0.5586592178770949
paad_tcga_pan_can_atlas_2018,"Pancreatic Adenocarcinoma (TCGA, PanCancer Atlas)",Pancreatic Adenocarcinoma,179,DGKH,Dgkh,160851,1,0.5586592178770949
paad_tcga_pan_can_atlas_2018,"Pancreatic Adenocarcinoma (TCGA, PanCancer Atlas)",Pancreatic Adenocarcinoma,179,DGKI,Dgki,9162,4,2.2346368715083798
paad_tcga_pan_can_atlas_2018,"Pancreatic Adenocarcinoma (TCGA, PanCancer Atlas)",Pancreatic Adenocarcinoma,179,DIP2A,Dip2a,23181,3,1.675977653631285
paad_tcga_pan_can_atlas_2018,"Pancreatic Adenocarcinoma (TCGA, PanCancer Atlas)",Pancreatic Adenocarcinoma,179,DLC1,Dlc1,10395,1,0.5586592178770949
paad_tcga_pan_can_atlas_2018,"Pancreatic Adenocarcinoma (TCGA, PanCancer Atlas)",Pancreatic Adenocarcinoma,179,DLG2,Dlg2,1740,1,0.5586592178770949
paad_tcga_pan_can_atlas_2018,"Pancreatic Adenocarcinoma (TCGA, PanCancer Atlas)",Pancreatic Adenocarcinoma,179,DLGAP1,Dlgap1,9229,2,1.1173184357541899
paad_tcga_pan_can_atlas_2018,"Pancreatic Adenocarcinoma (TCGA, PanCancer Atlas)",Pancreatic Adenocarcinoma,179,DLGAP2,Dlgap2,9228,4,2.2346368715083798
paad_tcga_pan_can_atlas_2018,"Pancreatic Adenocarcinoma (TCGA, PanCancer Atlas)",Pancreatic Adenocarcinoma,179,DMD,Dmd,1756,5,2.793296089385475
paad_tcga_pan_can_atlas_2018,"Pancreatic Adenocarcinoma (TCGA, PanCancer Atlas)",Pancreatic Adenocarcinoma,179,DNER,Dner,92737,3,1.675977653631285
paad_tcga_pan_can_atlas_2018,"Pancreatic Adenocarcinoma (TCGA, PanCancer Atlas)",Pancreatic Adenocarcinoma,179,DOCK10,Dock10,55619,3,1.675977653631285
paad_tcga_pan_can_atlas_2018,"Pancreatic Adenocarcinoma (TCGA, PanCancer Atlas)",Pancreatic Adenocarcinoma,179,DOCK3,Dock3,1795,4,2.2346368715083798
paad_tcga_pan_can_atlas_2018,"Pancreatic Adenocarcinoma (TCGA, PanCancer Atlas)",Pancreatic Adenocarcinoma,179,DOCK4,Dock4,9732,3,1.675977653631285
paad_tcga_pan_can_atlas_2018,"Pancreatic Adenocarcinoma (TCGA, PanCancer Atlas)",Pancreatic Adenocarcinoma,179,DOCK9,Dock9,23348,3,1.675977653631285
paad_tcga_pan_can_atlas_2018,"Pancreatic Adenocarcinoma (TCGA, PanCancer Atlas)",Pancreatic Adenocarcinoma,179,DOK5,Dok5,55816,1,0.5586592178770949
paad_tcga_pan_can_atlas_2018,"Pancreatic Adenocarcinoma (TCGA, PanCancer Atlas)",Pancreatic Adenocarcinoma,179,DPP6,Dpp6,1804,3,1.675977653631285
paad_tcga_pan_can_atlas_2018,"Pancreatic Adenocarcinoma (TCGA, PanCancer Atlas)",Pancreatic Adenocarcinoma,179,DSCAM,Dscam,1826,5,2.793296089385475
paad_tcga_pan_can_atlas_2018,"Pancreatic Adenocarcinoma (TCGA, PanCancer Atlas)",Pancreatic Adenocarcinoma,179,DSCAML1,Dscaml1,57453,7,3.910614525139665
paad_tcga_pan_can_atlas_2018,"Pancreatic Adenocarcinoma (TCGA, PanCancer Atlas)",Pancreatic Adenocarcinoma,179,DYNC1H1,Dync1h1,1778,1,0.5586592178770949
paad_tcga_pan_can_atlas_2018,"Pancreatic Adenocarcinoma (TCGA, PanCancer Atlas)",Pancreatic Adenocarcinoma,179,DYNC1I1,Dync1i1,1780,2,1.1173184357541899
paad_tcga_pan_can_atlas_2018,"Pancreatic Adenocarcinoma (TCGA, PanCancer Atlas)",Pancreatic Adenocarcinoma,179,DYNC2H1,Dync2h1,79659,4,2.2346368715083798
paad_tcga_pan_can_atlas_2018,"Pancreatic Adenocarcinoma (TCGA, PanCancer Atlas)",Pancreatic Adenocarcinoma,179,EEPD1,Eepd1,80820,2,1.1173184357541899
paad_tcga_pan_can_atlas_2018,"Pancreatic Adenocarcinoma (TCGA, PanCancer Atlas)",Pancreatic Adenocarcinoma,179,EFR3A,Efr3a,23167,1,0.5586592178770949
paad_tcga_pan_can_atlas_2018,"Pancreatic Adenocarcinoma (TCGA, PanCancer Atlas)",Pancreatic Adenocarcinoma,179,EGFR,Egfr,1956,1,0.5586592178770949
paad_tcga_pan_can_atlas_2018,"Pancreatic Adenocarcinoma (TCGA, PanCancer Atlas)",Pancreatic Adenocarcinoma,179,ELAVL2,Elavl2,1993,2,1.1173184357541899
paad_tcga_pan_can_atlas_2018,"Pancreatic Adenocarcinoma (TCGA, PanCancer Atlas)",Pancreatic Adenocarcinoma,179,ENOX1,Enox1,55068,2,1.1173184357541899
paad_tcga_pan_can_atlas_2018,"Pancreatic Adenocarcinoma (TCGA, PanCancer Atlas)",Pancreatic Adenocarcinoma,179,EPHA3,Epha3,2042,0,0.0
paad_tcga_pan_can_atlas_2018,"Pancreatic Adenocarcinoma (TCGA, PanCancer Atlas)",Pancreatic Adenocarcinoma,179,EPHA4,Epha4,2043,3,1.675977653631285
paad_tcga_pan_can_atlas_2018,"Pancreatic Adenocarcinoma (TCGA, PanCancer Atlas)",Pancreatic Adenocarcinoma,179,EPHA6,Epha6,285220,1,0.5586592178770949
paad_tcga_pan_can_atlas_2018,"Pancreatic Adenocarcinoma (TCGA, PanCancer Atlas)",Pancreatic Adenocarcinoma,179,EPHB6,Ephb6,2051,1,0.5586592178770949
paad_tcga_pan_can_atlas_2018,"Pancreatic Adenocarcinoma (TCGA, PanCancer Atlas)",Pancreatic Adenocarcinoma,179,ERBB4,Erbb4,2066,2,1.1173184357541899
paad_tcga_pan_can_atlas_2018,"Pancreatic Adenocarcinoma (TCGA, PanCancer Atlas)",Pancreatic Adenocarcinoma,179,ERC2,Erc2,26059,1,0.5586592178770949
paad_tcga_pan_can_atlas_2018,"Pancreatic Adenocarcinoma (TCGA, PanCancer Atlas)",Pancreatic Adenocarcinoma,179,ESRRG,Esrrg,2104,0,0.0
paad_tcga_pan_can_atlas_2018,"Pancreatic Adenocarcinoma (TCGA, PanCancer Atlas)",Pancreatic Adenocarcinoma,179,ETV6,Etv6,2120,1,0.5586592178770949
paad_tcga_pan_can_atlas_2018,"Pancreatic Adenocarcinoma (TCGA, PanCancer Atlas)",Pancreatic Adenocarcinoma,179,EXOC4,Exoc4,60412,1,0.5586592178770949
paad_tcga_pan_can_atlas_2018,"Pancreatic Adenocarcinoma (TCGA, PanCancer Atlas)",Pancreatic Adenocarcinoma,179,EYA4,Eya4,2070,1,0.5586592178770949
paad_tcga_pan_can_atlas_2018,"Pancreatic Adenocarcinoma (TCGA, PanCancer Atlas)",Pancreatic Adenocarcinoma,179,FAM135B,Fam135b,51059,5,2.793296089385475
paad_tcga_pan_can_atlas_2018,"Pancreatic Adenocarcinoma (TCGA, PanCancer Atlas)",Pancreatic Adenocarcinoma,179,FAT1,Fat1,2195,3,1.675977653631285
paad_tcga_pan_can_atlas_2018,"Pancreatic Adenocarcinoma (TCGA, PanCancer Atlas)",Pancreatic Adenocarcinoma,179,FAT3,Fat3,120114,7,3.910614525139665
paad_tcga_pan_can_atlas_2018,"Pancreatic Adenocarcinoma (TCGA, PanCancer Atlas)",Pancreatic Adenocarcinoma,179,FGF13,Fgf13,2258,2,1.1173184357541899
paad_tcga_pan_can_atlas_2018,"Pancreatic Adenocarcinoma (TCGA, PanCancer Atlas)",Pancreatic Adenocarcinoma,179,FHOD3,Fhod3,80206,2,1.1173184357541899
paad_tcga_pan_can_atlas_2018,"Pancreatic Adenocarcinoma (TCGA, PanCancer Atlas)",Pancreatic Adenocarcinoma,179,FMN1,Fmn1,342184,1,0.5586592178770949
paad_tcga_pan_can_atlas_2018,"Pancreatic Adenocarcinoma (TCGA, PanCancer Atlas)",Pancreatic Adenocarcinoma,179,FMN2,Fmn2,56776,4,2.2346368715083798
paad_tcga_pan_can_atlas_2018,"Pancreatic Adenocarcinoma (TCGA, PanCancer Atlas)",Pancreatic Adenocarcinoma,179,FOCAD,Focad,54914,2,1.1173184357541899
paad_tcga_pan_can_atlas_2018,"Pancreatic Adenocarcinoma (TCGA, PanCancer Atlas)",Pancreatic Adenocarcinoma,179,FRAS1,Fras1,80144,1,0.5586592178770949
paad_tcga_pan_can_atlas_2018,"Pancreatic Adenocarcinoma (TCGA, PanCancer Atlas)",Pancreatic Adenocarcinoma,179,FREM1,Frem1,158326,1,0.5586592178770949
paad_tcga_pan_can_atlas_2018,"Pancreatic Adenocarcinoma (TCGA, PanCancer Atlas)",Pancreatic Adenocarcinoma,179,FRMPD4,Frmpd4,9758,2,1.1173184357541899
paad_tcga_pan_can_atlas_2018,"Pancreatic Adenocarcinoma (TCGA, PanCancer Atlas)",Pancreatic Adenocarcinoma,179,FRY,Fry,10129,3,1.675977653631285
paad_tcga_pan_can_atlas_2018,"Pancreatic Adenocarcinoma (TCGA, PanCancer Atlas)",Pancreatic Adenocarcinoma,179,FSTL4,Fstl4,23105,2,1.1173184357541899
paad_tcga_pan_can_atlas_2018,"Pancreatic Adenocarcinoma (TCGA, PanCancer Atlas)",Pancreatic Adenocarcinoma,179,FSTL5,Fstl5,56884,3,1.675977653631285
paad_tcga_pan_can_atlas_2018,"Pancreatic Adenocarcinoma (TCGA, PanCancer Atlas)",Pancreatic Adenocarcinoma,179,FUT9,Fut9,10690,1,0.5586592178770949
paad_tcga_pan_can_atlas_2018,"Pancreatic Adenocarcinoma (TCGA, PanCancer Atlas)",Pancreatic Adenocarcinoma,179,GABBR1,Gabbr1,2550,1,0.5586592178770949
paad_tcga_pan_can_atlas_2018,"Pancreatic Adenocarcinoma (TCGA, PanCancer Atlas)",Pancreatic Adenocarcinoma,179,GABBR2,Gabbr2,9568,2,1.1173184357541899
paad_tcga_pan_can_atlas_2018,"Pancreatic Adenocarcinoma (TCGA, PanCancer Atlas)",Pancreatic Adenocarcinoma,179,GABRA1,Gabra1,2554,0,0.0
paad_tcga_pan_can_atlas_2018,"Pancreatic Adenocarcinoma (TCGA, PanCancer Atlas)",Pancreatic Adenocarcinoma,179,GABRA2,Gabra2,2555,1,0.5586592178770949
paad_tcga_pan_can_atlas_2018,"Pancreatic Adenocarcinoma (TCGA, PanCancer Atlas)",Pancreatic Adenocarcinoma,179,GABRB1,Gabrb1,2560,3,1.675977653631285
paad_tcga_pan_can_atlas_2018,"Pancreatic Adenocarcinoma (TCGA, PanCancer Atlas)",Pancreatic Adenocarcinoma,179,GABRB2,Gabrb2,2561,0,0.0
paad_tcga_pan_can_atlas_2018,"Pancreatic Adenocarcinoma (TCGA, PanCancer Atlas)",Pancreatic Adenocarcinoma,179,GABRD,Gabrd,2563,2,1.1173184357541899
paad_tcga_pan_can_atlas_2018,"Pancreatic Adenocarcinoma (TCGA, PanCancer Atlas)",Pancreatic Adenocarcinoma,179,GABRG2,Gabrg2,2566,1,0.5586592178770949
paad_tcga_pan_can_atlas_2018,"Pancreatic Adenocarcinoma (TCGA, PanCancer Atlas)",Pancreatic Adenocarcinoma,179,GABRG3,Gabrg3,2567,2,1.1173184357541899
paad_tcga_pan_can_atlas_2018,"Pancreatic Adenocarcinoma (TCGA, PanCancer Atlas)",Pancreatic Adenocarcinoma,179,GAD1,Gad1,2571,2,1.1173184357541899
paad_tcga_pan_can_atlas_2018,"Pancreatic Adenocarcinoma (TCGA, PanCancer Atlas)",Pancreatic Adenocarcinoma,179,GALNT13,Galnt13,114805,1,0.5586592178770949
paad_tcga_pan_can_atlas_2018,"Pancreatic Adenocarcinoma (TCGA, PanCancer Atlas)",Pancreatic Adenocarcinoma,179,GALNT14,Galnt14,79623,1,0.5586592178770949
paad_tcga_pan_can_atlas_2018,"Pancreatic Adenocarcinoma (TCGA, PanCancer Atlas)",Pancreatic Adenocarcinoma,179,GALNT18,Galnt18,374378,3,1.675977653631285
paad_tcga_pan_can_atlas_2018,"Pancreatic Adenocarcinoma (TCGA, PanCancer Atlas)",Pancreatic Adenocarcinoma,179,GALNTL6,Galntl6,442117,0,0.0
paad_tcga_pan_can_atlas_2018,"Pancreatic Adenocarcinoma (TCGA, PanCancer Atlas)",Pancreatic Adenocarcinoma,179,GAP43,Gap43,2596,1,0.5586592178770949
paad_tcga_pan_can_atlas_2018,"Pancreatic Adenocarcinoma (TCGA, PanCancer Atlas)",Pancreatic Adenocarcinoma,179,GARNL3,Garnl3,84253,0,0.0
paad_tcga_pan_can_atlas_2018,"Pancreatic Adenocarcinoma (TCGA, PanCancer Atlas)",Pancreatic Adenocarcinoma,179,GAS7,Gas7,8522,3,1.675977653631285
paad_tcga_pan_can_atlas_2018,"Pancreatic Adenocarcinoma (TCGA, PanCancer Atlas)",Pancreatic Adenocarcinoma,179,GCC2,Gcc2,9648,1,0.5586592178770949
paad_tcga_pan_can_atlas_2018,"Pancreatic Adenocarcinoma (TCGA, PanCancer Atlas)",Pancreatic Adenocarcinoma,179,GDA,Gda,9615,0,0.0
paad_tcga_pan_can_atlas_2018,"Pancreatic Adenocarcinoma (TCGA, PanCancer Atlas)",Pancreatic Adenocarcinoma,179,GHR,Ghr,2690,1,0.5586592178770949
paad_tcga_pan_can_atlas_2018,"Pancreatic Adenocarcinoma (TCGA, PanCancer Atlas)",Pancreatic Adenocarcinoma,179,GNPTAB,Gnptab,79158,1,0.5586592178770949
paad_tcga_pan_can_atlas_2018,"Pancreatic Adenocarcinoma (TCGA, PanCancer Atlas)",Pancreatic Adenocarcinoma,179,GOLIM4,Golim4,27333,1,0.5586592178770949
paad_tcga_pan_can_atlas_2018,"Pancreatic Adenocarcinoma (TCGA, PanCancer Atlas)",Pancreatic Adenocarcinoma,179,GOT1,Got1,2805,2,1.1173184357541899
paad_tcga_pan_can_atlas_2018,"Pancreatic Adenocarcinoma (TCGA, PanCancer Atlas)",Pancreatic Adenocarcinoma,179,GPR158,Gpr158,57512,3,1.675977653631285
paad_tcga_pan_can_atlas_2018,"Pancreatic Adenocarcinoma (TCGA, PanCancer Atlas)",Pancreatic Adenocarcinoma,179,GRIA1,Gria1,2890,2,1.1173184357541899
paad_tcga_pan_can_atlas_2018,"Pancreatic Adenocarcinoma (TCGA, PanCancer Atlas)",Pancreatic Adenocarcinoma,179,GRIA3,Gria3,2892,0,0.0
paad_tcga_pan_can_atlas_2018,"Pancreatic Adenocarcinoma (TCGA, PanCancer Atlas)",Pancreatic Adenocarcinoma,179,GRIA4,Gria4,2893,1,0.5586592178770949
paad_tcga_pan_can_atlas_2018,"Pancreatic Adenocarcinoma (TCGA, PanCancer Atlas)",Pancreatic Adenocarcinoma,179,GRID1,Grid1,2894,3,1.675977653631285
paad_tcga_pan_can_atlas_2018,"Pancreatic Adenocarcinoma (TCGA, PanCancer Atlas)",Pancreatic Adenocarcinoma,179,GRID2,Grid2,2895,4,2.2346368715083798
paad_tcga_pan_can_atlas_2018,"Pancreatic Adenocarcinoma (TCGA, PanCancer Atlas)",Pancreatic Adenocarcinoma,179,GRIK1,Grik1,2897,0,0.0
paad_tcga_pan_can_atlas_2018,"Pancreatic Adenocarcinoma (TCGA, PanCancer Atlas)",Pancreatic Adenocarcinoma,179,GRIK3,Grik3,2899,2,1.1173184357541899
paad_tcga_pan_can_atlas_2018,"Pancreatic Adenocarcinoma (TCGA, PanCancer Atlas)",Pancreatic Adenocarcinoma,179,GRIN2A,Grin2a,2903,1,0.5586592178770949
paad_tcga_pan_can_atlas_2018,"Pancreatic Adenocarcinoma (TCGA, PanCancer Atlas)",Pancreatic Adenocarcinoma,179,GRIN3A,Grin3a,116443,1,0.5586592178770949
paad_tcga_pan_can_atlas_2018,"Pancreatic Adenocarcinoma (TCGA, PanCancer Atlas)",Pancreatic Adenocarcinoma,179,GRM3,Grm3,2913,1,0.5586592178770949
paad_tcga_pan_can_atlas_2018,"Pancreatic Adenocarcinoma (TCGA, PanCancer Atlas)",Pancreatic Adenocarcinoma,179,GRM5,Grm5,2915,1,0.5586592178770949
paad_tcga_pan_can_atlas_2018,"Pancreatic Adenocarcinoma (TCGA, PanCancer Atlas)",Pancreatic Adenocarcinoma,179,GRM7,Grm7,2917,1,0.5586592178770949
paad_tcga_pan_can_atlas_2018,"Pancreatic Adenocarcinoma (TCGA, PanCancer Atlas)",Pancreatic Adenocarcinoma,179,GRM8,Grm8,2918,5,2.793296089385475
paad_tcga_pan_can_atlas_2018,"Pancreatic Adenocarcinoma (TCGA, PanCancer Atlas)",Pancreatic Adenocarcinoma,179,HCN1,Hcn1,348980,4,2.2346368715083798
paad_tcga_pan_can_atlas_2018,"Pancreatic Adenocarcinoma (TCGA, PanCancer Atlas)",Pancreatic Adenocarcinoma,179,HDAC9,Hdac9,9734,3,1.675977653631285
paad_tcga_pan_can_atlas_2018,"Pancreatic Adenocarcinoma (TCGA, PanCancer Atlas)",Pancreatic Adenocarcinoma,179,HECW1,Hecw1,23072,3,1.675977653631285
paad_tcga_pan_can_atlas_2018,"Pancreatic Adenocarcinoma (TCGA, PanCancer Atlas)",Pancreatic Adenocarcinoma,179,HECW2,Hecw2,57520,8,4.4692737430167595
paad_tcga_pan_can_atlas_2018,"Pancreatic Adenocarcinoma (TCGA, PanCancer Atlas)",Pancreatic Adenocarcinoma,179,HERC1,Herc1,8925,3,1.675977653631285
paad_tcga_pan_can_atlas_2018,"Pancreatic Adenocarcinoma (TCGA, PanCancer Atlas)",Pancreatic Adenocarcinoma,179,HIVEP2,Hivep2,3097,1,0.5586592178770949
paad_tcga_pan_can_atlas_2018,"Pancreatic Adenocarcinoma (TCGA, PanCancer Atlas)",Pancreatic Adenocarcinoma,179,HIVEP3,Hivep3,59269,2,1.1173184357541899
paad_tcga_pan_can_atlas_2018,"Pancreatic Adenocarcinoma (TCGA, PanCancer Atlas)",Pancreatic Adenocarcinoma,179,HS3ST4,Hs3st4,9951,1,0.5586592178770949
paad_tcga_pan_can_atlas_2018,"Pancreatic Adenocarcinoma (TCGA, PanCancer Atlas)",Pancreatic Adenocarcinoma,179,HSPA12A,Hspa12a,259217,2,1.1173184357541899
paad_tcga_pan_can_atlas_2018,"Pancreatic Adenocarcinoma (TCGA, PanCancer Atlas)",Pancreatic Adenocarcinoma,179,HTR2C,Htr2c,3358,2,1.1173184357541899
paad_tcga_pan_can_atlas_2018,"Pancreatic Adenocarcinoma (TCGA, PanCancer Atlas)",Pancreatic Adenocarcinoma,179,IGF1,Igf1,3479,0,0.0
paad_tcga_pan_can_atlas_2018,"Pancreatic Adenocarcinoma (TCGA, PanCancer Atlas)",Pancreatic Adenocarcinoma,179,IL1RAPL1,Il1rapl1,11141,1,0.5586592178770949
paad_tcga_pan_can_atlas_2018,"Pancreatic Adenocarcinoma (TCGA, PanCancer Atlas)",Pancreatic Adenocarcinoma,179,IL1RAPL2,Il1rapl2,26280,1,0.5586592178770949
paad_tcga_pan_can_atlas_2018,"Pancreatic Adenocarcinoma (TCGA, PanCancer Atlas)",Pancreatic Adenocarcinoma,179,INPP4B,Inpp4b,8821,1,0.5586592178770949
paad_tcga_pan_can_atlas_2018,"Pancreatic Adenocarcinoma (TCGA, PanCancer Atlas)",Pancreatic Adenocarcinoma,179,IQSEC1,Iqsec1,9922,2,1.1173184357541899
paad_tcga_pan_can_atlas_2018,"Pancreatic Adenocarcinoma (TCGA, PanCancer Atlas)",Pancreatic Adenocarcinoma,179,ITGA8,Itga8,8516,1,0.5586592178770949
paad_tcga_pan_can_atlas_2018,"Pancreatic Adenocarcinoma (TCGA, PanCancer Atlas)",Pancreatic Adenocarcinoma,179,ITPK1,Itpk1,3705,1,0.5586592178770949
paad_tcga_pan_can_atlas_2018,"Pancreatic Adenocarcinoma (TCGA, PanCancer Atlas)",Pancreatic Adenocarcinoma,179,ITPR1,Itpr1,3708,3,1.675977653631285
paad_tcga_pan_can_atlas_2018,"Pancreatic Adenocarcinoma (TCGA, PanCancer Atlas)",Pancreatic Adenocarcinoma,179,ITSN1,Itsn1,6453,1,0.5586592178770949
paad_tcga_pan_can_atlas_2018,"Pancreatic Adenocarcinoma (TCGA, PanCancer Atlas)",Pancreatic Adenocarcinoma,179,KALRN,Kalrn,8997,4,2.2346368715083798
paad_tcga_pan_can_atlas_2018,"Pancreatic Adenocarcinoma (TCGA, PanCancer Atlas)",Pancreatic Adenocarcinoma,179,KCNAB1,Kcnab1,7881,0,0.0
paad_tcga_pan_can_atlas_2018,"Pancreatic Adenocarcinoma (TCGA, PanCancer Atlas)",Pancreatic Adenocarcinoma,179,KCNB1,Kcnb1,3745,1,0.5586592178770949
paad_tcga_pan_can_atlas_2018,"Pancreatic Adenocarcinoma (TCGA, PanCancer Atlas)",Pancreatic Adenocarcinoma,179,KCNB2,Kcnb2,9312,5,2.793296089385475
paad_tcga_pan_can_atlas_2018,"Pancreatic Adenocarcinoma (TCGA, PanCancer Atlas)",Pancreatic Adenocarcinoma,179,KCNC1,Kcnc1,3746,2,1.1173184357541899
paad_tcga_pan_can_atlas_2018,"Pancreatic Adenocarcinoma (TCGA, PanCancer Atlas)",Pancreatic Adenocarcinoma,179,KCNC2,Kcnc2,3747,2,1.1173184357541899
paad_tcga_pan_can_atlas_2018,"Pancreatic Adenocarcinoma (TCGA, PanCancer Atlas)",Pancreatic Adenocarcinoma,179,KCND3,Kcnd3,3752,1,0.5586592178770949
paad_tcga_pan_can_atlas_2018,"Pancreatic Adenocarcinoma (TCGA, PanCancer Atlas)",Pancreatic Adenocarcinoma,179,KCNH1,Kcnh1,3756,2,1.1173184357541899
paad_tcga_pan_can_atlas_2018,"Pancreatic Adenocarcinoma (TCGA, PanCancer Atlas)",Pancreatic Adenocarcinoma,179,KCNH5,Kcnh5,27133,3,1.675977653631285
paad_tcga_pan_can_atlas_2018,"Pancreatic Adenocarcinoma (TCGA, PanCancer Atlas)",Pancreatic Adenocarcinoma,179,KCNH7,Kcnh7,90134,2,1.1173184357541899
paad_tcga_pan_can_atlas_2018,"Pancreatic Adenocarcinoma (TCGA, PanCancer Atlas)",Pancreatic Adenocarcinoma,179,KCNJ3,Kcnj3,3760,0,0.0
paad_tcga_pan_can_atlas_2018,"Pancreatic Adenocarcinoma (TCGA, PanCancer Atlas)",Pancreatic Adenocarcinoma,179,KCNMA1,Kcnma1,3778,1,0.5586592178770949
paad_tcga_pan_can_atlas_2018,"Pancreatic Adenocarcinoma (TCGA, PanCancer Atlas)",Pancreatic Adenocarcinoma,179,KCNQ3,Kcnq3,3786,4,2.2346368715083798
paad_tcga_pan_can_atlas_2018,"Pancreatic Adenocarcinoma (TCGA, PanCancer Atlas)",Pancreatic Adenocarcinoma,179,KCNQ5,Kcnq5,56479,2,1.1173184357541899
paad_tcga_pan_can_atlas_2018,"Pancreatic Adenocarcinoma (TCGA, PanCancer Atlas)",Pancreatic Adenocarcinoma,179,KCNT1,Kcnt1,57582,2,1.1173184357541899
paad_tcga_pan_can_atlas_2018,"Pancreatic Adenocarcinoma (TCGA, PanCancer Atlas)",Pancreatic Adenocarcinoma,179,KCNT2,Kcnt2,343450,2,1.1173184357541899
paad_tcga_pan_can_atlas_2018,"Pancreatic Adenocarcinoma (TCGA, PanCancer Atlas)",Pancreatic Adenocarcinoma,179,KCTD8,Kctd8,386617,2,1.1173184357541899
paad_tcga_pan_can_atlas_2018,"Pancreatic Adenocarcinoma (TCGA, PanCancer Atlas)",Pancreatic Adenocarcinoma,179,KHDRBS2,Khdrbs2,202559,2,1.1173184357541899
paad_tcga_pan_can_atlas_2018,"Pancreatic Adenocarcinoma (TCGA, PanCancer Atlas)",Pancreatic Adenocarcinoma,179,KIDINS220,Kidins220,57498,2,1.1173184357541899
paad_tcga_pan_can_atlas_2018,"Pancreatic Adenocarcinoma (TCGA, PanCancer Atlas)",Pancreatic Adenocarcinoma,179,KIF1A,Kif1a,547,5,2.793296089385475
paad_tcga_pan_can_atlas_2018,"Pancreatic Adenocarcinoma (TCGA, PanCancer Atlas)",Pancreatic Adenocarcinoma,179,KIF21A,Kif21a,55605,2,1.1173184357541899
paad_tcga_pan_can_atlas_2018,"Pancreatic Adenocarcinoma (TCGA, PanCancer Atlas)",Pancreatic Adenocarcinoma,179,KIF26B,Kif26b,55083,4,2.2346368715083798
paad_tcga_pan_can_atlas_2018,"Pancreatic Adenocarcinoma (TCGA, PanCancer Atlas)",Pancreatic Adenocarcinoma,179,KIF5C,Kif5c,3800,2,1.1173184357541899
paad_tcga_pan_can_atlas_2018,"Pancreatic Adenocarcinoma (TCGA, PanCancer Atlas)",Pancreatic Adenocarcinoma,179,KIT,Kit,3815,1,0.5586592178770949
paad_tcga_pan_can_atlas_2018,"Pancreatic Adenocarcinoma (TCGA, PanCancer Atlas)",Pancreatic Adenocarcinoma,179,KLF12,Klf12,11278,1,0.5586592178770949
paad_tcga_pan_can_atlas_2018,"Pancreatic Adenocarcinoma (TCGA, PanCancer Atlas)",Pancreatic Adenocarcinoma,179,L3MBTL4,L3mbtl4,91133,1,0.5586592178770949
paad_tcga_pan_can_atlas_2018,"Pancreatic Adenocarcinoma (TCGA, PanCancer Atlas)",Pancreatic Adenocarcinoma,179,LAMA4,Lama4,3910,2,1.1173184357541899
paad_tcga_pan_can_atlas_2018,"Pancreatic Adenocarcinoma (TCGA, PanCancer Atlas)",Pancreatic Adenocarcinoma,179,LAMP5,Lamp5,24141,0,0.0
paad_tcga_pan_can_atlas_2018,"Pancreatic Adenocarcinoma (TCGA, PanCancer Atlas)",Pancreatic Adenocarcinoma,179,LIMCH1,Limch1,22998,0,0.0
paad_tcga_pan_can_atlas_2018,"Pancreatic Adenocarcinoma (TCGA, PanCancer Atlas)",Pancreatic Adenocarcinoma,179,LINGO2,Lingo2,158038,1,0.5586592178770949
paad_tcga_pan_can_atlas_2018,"Pancreatic Adenocarcinoma (TCGA, PanCancer Atlas)",Pancreatic Adenocarcinoma,179,LMO7,Lmo7,4008,1,0.5586592178770949
paad_tcga_pan_can_atlas_2018,"Pancreatic Adenocarcinoma (TCGA, PanCancer Atlas)",Pancreatic Adenocarcinoma,179,LRFN2,Lrfn2,57497,1,0.5586592178770949
paad_tcga_pan_can_atlas_2018,"Pancreatic Adenocarcinoma (TCGA, PanCancer Atlas)",Pancreatic Adenocarcinoma,179,LRFN5,Lrfn5,145581,3,1.675977653631285
paad_tcga_pan_can_atlas_2018,"Pancreatic Adenocarcinoma (TCGA, PanCancer Atlas)",Pancreatic Adenocarcinoma,179,LRP1B,Lrp1b,53353,7,3.910614525139665
paad_tcga_pan_can_atlas_2018,"Pancreatic Adenocarcinoma (TCGA, PanCancer Atlas)",Pancreatic Adenocarcinoma,179,LRRC4C,Lrrc4c,57689,2,1.1173184357541899
paad_tcga_pan_can_atlas_2018,"Pancreatic Adenocarcinoma (TCGA, PanCancer Atlas)",Pancreatic Adenocarcinoma,179,LRRC7,Lrrc7,57554,4,2.2346368715083798
paad_tcga_pan_can_atlas_2018,"Pancreatic Adenocarcinoma (TCGA, PanCancer Atlas)",Pancreatic Adenocarcinoma,179,LRRTM3,Lrrtm3,347731,1,0.5586592178770949
paad_tcga_pan_can_atlas_2018,"Pancreatic Adenocarcinoma (TCGA, PanCancer Atlas)",Pancreatic Adenocarcinoma,179,LUZP1,Luzp1,7798,2,1.1173184357541899
paad_tcga_pan_can_atlas_2018,"Pancreatic Adenocarcinoma (TCGA, PanCancer Atlas)",Pancreatic Adenocarcinoma,179,LUZP2,Luzp2,338645,0,0.0
paad_tcga_pan_can_atlas_2018,"Pancreatic Adenocarcinoma (TCGA, PanCancer Atlas)",Pancreatic Adenocarcinoma,179,MACROD2,Macrod2,140733,1,0.5586592178770949
paad_tcga_pan_can_atlas_2018,"Pancreatic Adenocarcinoma (TCGA, PanCancer Atlas)",Pancreatic Adenocarcinoma,179,MAGI1,Magi1,9223,1,0.5586592178770949
paad_tcga_pan_can_atlas_2018,"Pancreatic Adenocarcinoma (TCGA, PanCancer Atlas)",Pancreatic Adenocarcinoma,179,MAGI2,Magi2,9863,3,1.675977653631285
paad_tcga_pan_can_atlas_2018,"Pancreatic Adenocarcinoma (TCGA, PanCancer Atlas)",Pancreatic Adenocarcinoma,179,MAGI3,Magi3,260425,1,0.5586592178770949
paad_tcga_pan_can_atlas_2018,"Pancreatic Adenocarcinoma (TCGA, PanCancer Atlas)",Pancreatic Adenocarcinoma,179,MAP1A,Map1a,4130,1,0.5586592178770949
paad_tcga_pan_can_atlas_2018,"Pancreatic Adenocarcinoma (TCGA, PanCancer Atlas)",Pancreatic Adenocarcinoma,179,MAP1B,Map1b,4131,3,1.675977653631285
paad_tcga_pan_can_atlas_2018,"Pancreatic Adenocarcinoma (TCGA, PanCancer Atlas)",Pancreatic Adenocarcinoma,179,MAP2,Map2,4133,3,1.675977653631285
paad_tcga_pan_can_atlas_2018,"Pancreatic Adenocarcinoma (TCGA, PanCancer Atlas)",Pancreatic Adenocarcinoma,179,MAP3K5,Map3k5,4217,2,1.1173184357541899
paad_tcga_pan_can_atlas_2018,"Pancreatic Adenocarcinoma (TCGA, PanCancer Atlas)",Pancreatic Adenocarcinoma,179,MAP7D2,Map7d2,256714,1,0.5586592178770949
paad_tcga_pan_can_atlas_2018,"Pancreatic Adenocarcinoma (TCGA, PanCancer Atlas)",Pancreatic Adenocarcinoma,179,MARK1,Mark1,4139,1,0.5586592178770949
paad_tcga_pan_can_atlas_2018,"Pancreatic Adenocarcinoma (TCGA, PanCancer Atlas)",Pancreatic Adenocarcinoma,179,MAST3,Mast3,23031,1,0.5586592178770949
paad_tcga_pan_can_atlas_2018,"Pancreatic Adenocarcinoma (TCGA, PanCancer Atlas)",Pancreatic Adenocarcinoma,179,MCC,Mcc,4163,1,0.5586592178770949
paad_tcga_pan_can_atlas_2018,"Pancreatic Adenocarcinoma (TCGA, PanCancer Atlas)",Pancreatic Adenocarcinoma,179,MCTP1,Mctp1,79772,0,0.0
paad_tcga_pan_can_atlas_2018,"Pancreatic Adenocarcinoma (TCGA, PanCancer Atlas)",Pancreatic Adenocarcinoma,179,MDGA2,Mdga2,161357,2,1.1173184357541899
paad_tcga_pan_can_atlas_2018,"Pancreatic Adenocarcinoma (TCGA, PanCancer Atlas)",Pancreatic Adenocarcinoma,179,MEF2C,Mef2c,4208,1,0.5586592178770949
paad_tcga_pan_can_atlas_2018,"Pancreatic Adenocarcinoma (TCGA, PanCancer Atlas)",Pancreatic Adenocarcinoma,179,MGAT4C,Mgat4c,25834,0,0.0
paad_tcga_pan_can_atlas_2018,"Pancreatic Adenocarcinoma (TCGA, PanCancer Atlas)",Pancreatic Adenocarcinoma,179,MGAT5,Mgat5,4249,2,1.1173184357541899
paad_tcga_pan_can_atlas_2018,"Pancreatic Adenocarcinoma (TCGA, PanCancer Atlas)",Pancreatic Adenocarcinoma,179,MICAL2,Mical2,9645,3,1.675977653631285
paad_tcga_pan_can_atlas_2018,"Pancreatic Adenocarcinoma (TCGA, PanCancer Atlas)",Pancreatic Adenocarcinoma,179,MLIP,Mlip,90523,1,0.5586592178770949
paad_tcga_pan_can_atlas_2018,"Pancreatic Adenocarcinoma (TCGA, PanCancer Atlas)",Pancreatic Adenocarcinoma,179,MMP16,Mmp16,4325,2,1.1173184357541899
paad_tcga_pan_can_atlas_2018,"Pancreatic Adenocarcinoma (TCGA, PanCancer Atlas)",Pancreatic Adenocarcinoma,179,MPDZ,Mpdz,8777,1,0.5586592178770949
paad_tcga_pan_can_atlas_2018,"Pancreatic Adenocarcinoma (TCGA, PanCancer Atlas)",Pancreatic Adenocarcinoma,179,MTUS2,Mtus2,23281,3,1.675977653631285
paad_tcga_pan_can_atlas_2018,"Pancreatic Adenocarcinoma (TCGA, PanCancer Atlas)",Pancreatic Adenocarcinoma,179,MYH10,Myh10,4628,2,1.1173184357541899
paad_tcga_pan_can_atlas_2018,"Pancreatic Adenocarcinoma (TCGA, PanCancer Atlas)",Pancreatic Adenocarcinoma,179,MYO16,Myo16,23026,5,2.793296089385475
paad_tcga_pan_can_atlas_2018,"Pancreatic Adenocarcinoma (TCGA, PanCancer Atlas)",Pancreatic Adenocarcinoma,179,MYO5A,Myo5a,4644,2,1.1173184357541899
paad_tcga_pan_can_atlas_2018,"Pancreatic Adenocarcinoma (TCGA, PanCancer Atlas)",Pancreatic Adenocarcinoma,179,MYRIP,Myrip,25924,1,0.5586592178770949
paad_tcga_pan_can_atlas_2018,"Pancreatic Adenocarcinoma (TCGA, PanCancer Atlas)",Pancreatic Adenocarcinoma,179,MYT1L,Myt1l,23040,3,1.675977653631285
paad_tcga_pan_can_atlas_2018,"Pancreatic Adenocarcinoma (TCGA, PanCancer Atlas)",Pancreatic Adenocarcinoma,179,NAV2,Nav2,89797,1,0.5586592178770949
paad_tcga_pan_can_atlas_2018,"Pancreatic Adenocarcinoma (TCGA, PanCancer Atlas)",Pancreatic Adenocarcinoma,179,NAV3,Nav3,89795,2,1.1173184357541899
paad_tcga_pan_can_atlas_2018,"Pancreatic Adenocarcinoma (TCGA, PanCancer Atlas)",Pancreatic Adenocarcinoma,179,NCAM1,Ncam1,4684,3,1.675977653631285
paad_tcga_pan_can_atlas_2018,"Pancreatic Adenocarcinoma (TCGA, PanCancer Atlas)",Pancreatic Adenocarcinoma,179,NCAM2,Ncam2,4685,1,0.5586592178770949
paad_tcga_pan_can_atlas_2018,"Pancreatic Adenocarcinoma (TCGA, PanCancer Atlas)",Pancreatic Adenocarcinoma,179,NDST3,Ndst3,9348,2,1.1173184357541899
paad_tcga_pan_can_atlas_2018,"Pancreatic Adenocarcinoma (TCGA, PanCancer Atlas)",Pancreatic Adenocarcinoma,179,NEBL,Nebl,10529,2,1.1173184357541899
paad_tcga_pan_can_atlas_2018,"Pancreatic Adenocarcinoma (TCGA, PanCancer Atlas)",Pancreatic Adenocarcinoma,179,NEFM,Nefm,4741,1,0.5586592178770949
paad_tcga_pan_can_atlas_2018,"Pancreatic Adenocarcinoma (TCGA, PanCancer Atlas)",Pancreatic Adenocarcinoma,179,NELL1,Nell1,4745,2,1.1173184357541899
paad_tcga_pan_can_atlas_2018,"Pancreatic Adenocarcinoma (TCGA, PanCancer Atlas)",Pancreatic Adenocarcinoma,179,NELL2,Nell2,4753,3,1.675977653631285
paad_tcga_pan_can_atlas_2018,"Pancreatic Adenocarcinoma (TCGA, PanCancer Atlas)",Pancreatic Adenocarcinoma,179,NETO1,Neto1,81832,1,0.5586592178770949
paad_tcga_pan_can_atlas_2018,"Pancreatic Adenocarcinoma (TCGA, PanCancer Atlas)",Pancreatic Adenocarcinoma,179,NF1,Nf1,4763,3,1.675977653631285
paad_tcga_pan_can_atlas_2018,"Pancreatic Adenocarcinoma (TCGA, PanCancer Atlas)",Pancreatic Adenocarcinoma,179,NFIB,Nfib,4781,0,0.0
paad_tcga_pan_can_atlas_2018,"Pancreatic Adenocarcinoma (TCGA, PanCancer Atlas)",Pancreatic Adenocarcinoma,179,NHS,Nhs,4810,1,0.5586592178770949
paad_tcga_pan_can_atlas_2018,"Pancreatic Adenocarcinoma (TCGA, PanCancer Atlas)",Pancreatic Adenocarcinoma,179,NIN,Nin,51199,1,0.5586592178770949
paad_tcga_pan_can_atlas_2018,"Pancreatic Adenocarcinoma (TCGA, PanCancer Atlas)",Pancreatic Adenocarcinoma,179,NLGN1,Nlgn1,22871,2,1.1173184357541899
paad_tcga_pan_can_atlas_2018,"Pancreatic Adenocarcinoma (TCGA, PanCancer Atlas)",Pancreatic Adenocarcinoma,179,NOL4,Nol4,8715,3,1.675977653631285
paad_tcga_pan_can_atlas_2018,"Pancreatic Adenocarcinoma (TCGA, PanCancer Atlas)",Pancreatic Adenocarcinoma,179,NPAS2,Npas2,4862,1,0.5586592178770949
paad_tcga_pan_can_atlas_2018,"Pancreatic Adenocarcinoma (TCGA, PanCancer Atlas)",Pancreatic Adenocarcinoma,179,NPAS3,Npas3,64067,3,1.675977653631285
paad_tcga_pan_can_atlas_2018,"Pancreatic Adenocarcinoma (TCGA, PanCancer Atlas)",Pancreatic Adenocarcinoma,179,NR2F2,Nr2f2,7026,1,0.5586592178770949
paad_tcga_pan_can_atlas_2018,"Pancreatic Adenocarcinoma (TCGA, PanCancer Atlas)",Pancreatic Adenocarcinoma,179,NR3C2,Nr3c2,4306,0,0.0
paad_tcga_pan_can_atlas_2018,"Pancreatic Adenocarcinoma (TCGA, PanCancer Atlas)",Pancreatic Adenocarcinoma,179,NRG3,Nrg3,10718,0,0.0
paad_tcga_pan_can_atlas_2018,"Pancreatic Adenocarcinoma (TCGA, PanCancer Atlas)",Pancreatic Adenocarcinoma,179,NRXN1,Nrxn1,9378,3,1.675977653631285
paad_tcga_pan_can_atlas_2018,"Pancreatic Adenocarcinoma (TCGA, PanCancer Atlas)",Pancreatic Adenocarcinoma,179,NRXN3,Nrxn3,9369,3,1.675977653631285
paad_tcga_pan_can_atlas_2018,"Pancreatic Adenocarcinoma (TCGA, PanCancer Atlas)",Pancreatic Adenocarcinoma,179,NTN4,Ntn4,59277,1,0.5586592178770949
paad_tcga_pan_can_atlas_2018,"Pancreatic Adenocarcinoma (TCGA, PanCancer Atlas)",Pancreatic Adenocarcinoma,179,NTNG1,Ntng1,22854,2,1.1173184357541899
paad_tcga_pan_can_atlas_2018,"Pancreatic Adenocarcinoma (TCGA, PanCancer Atlas)",Pancreatic Adenocarcinoma,179,NTRK3,Ntrk3,4916,2,1.1173184357541899
paad_tcga_pan_can_atlas_2018,"Pancreatic Adenocarcinoma (TCGA, PanCancer Atlas)",Pancreatic Adenocarcinoma,179,NXPH1,Nxph1,30010,2,1.1173184357541899
paad_tcga_pan_can_atlas_2018,"Pancreatic Adenocarcinoma (TCGA, PanCancer Atlas)",Pancreatic Adenocarcinoma,179,NYAP2,Nyap2,57624,3,1.675977653631285
paad_tcga_pan_can_atlas_2018,"Pancreatic Adenocarcinoma (TCGA, PanCancer Atlas)",Pancreatic Adenocarcinoma,179,OLFM3,Olfm3,118427,0,0.0
paad_tcga_pan_can_atlas_2018,"Pancreatic Adenocarcinoma (TCGA, PanCancer Atlas)",Pancreatic Adenocarcinoma,179,OPCML,Opcml,4978,2,1.1173184357541899
paad_tcga_pan_can_atlas_2018,"Pancreatic Adenocarcinoma (TCGA, PanCancer Atlas)",Pancreatic Adenocarcinoma,179,OSBPL1A,Osbpl1a,114876,3,1.675977653631285
paad_tcga_pan_can_atlas_2018,"Pancreatic Adenocarcinoma (TCGA, PanCancer Atlas)",Pancreatic Adenocarcinoma,179,OSBPL3,Osbpl3,26031,1,0.5586592178770949
paad_tcga_pan_can_atlas_2018,"Pancreatic Adenocarcinoma (TCGA, PanCancer Atlas)",Pancreatic Adenocarcinoma,179,OSBPL6,Osbpl6,114880,2,1.1173184357541899
paad_tcga_pan_can_atlas_2018,"Pancreatic Adenocarcinoma (TCGA, PanCancer Atlas)",Pancreatic Adenocarcinoma,179,OSBPL8,Osbpl8,114882,2,1.1173184357541899
paad_tcga_pan_can_atlas_2018,"Pancreatic Adenocarcinoma (TCGA, PanCancer Atlas)",Pancreatic Adenocarcinoma,179,OXR1,Oxr1,55074,1,0.5586592178770949
paad_tcga_pan_can_atlas_2018,"Pancreatic Adenocarcinoma (TCGA, PanCancer Atlas)",Pancreatic Adenocarcinoma,179,PARM1,Parm1,25849,1,0.5586592178770949
paad_tcga_pan_can_atlas_2018,"Pancreatic Adenocarcinoma (TCGA, PanCancer Atlas)",Pancreatic Adenocarcinoma,179,PCDH11X,Pcdh11x,27328,3,1.675977653631285
paad_tcga_pan_can_atlas_2018,"Pancreatic Adenocarcinoma (TCGA, PanCancer Atlas)",Pancreatic Adenocarcinoma,179,PCDH15,Pcdh15,65217,9,5.027932960893855
paad_tcga_pan_can_atlas_2018,"Pancreatic Adenocarcinoma (TCGA, PanCancer Atlas)",Pancreatic Adenocarcinoma,179,PCDH7,Pcdh7,5099,1,0.5586592178770949
paad_tcga_pan_can_atlas_2018,"Pancreatic Adenocarcinoma (TCGA, PanCancer Atlas)",Pancreatic Adenocarcinoma,179,PCDH9,Pcdh9,5101,6,3.35195530726257
paad_tcga_pan_can_atlas_2018,"Pancreatic Adenocarcinoma (TCGA, PanCancer Atlas)",Pancreatic Adenocarcinoma,179,PCLO,Pclo,27445,5,2.793296089385475
paad_tcga_pan_can_atlas_2018,"Pancreatic Adenocarcinoma (TCGA, PanCancer Atlas)",Pancreatic Adenocarcinoma,179,PCSK2,Pcsk2,5126,1,0.5586592178770949
paad_tcga_pan_can_atlas_2018,"Pancreatic Adenocarcinoma (TCGA, PanCancer Atlas)",Pancreatic Adenocarcinoma,179,PDE1A,Pde1a,5136,0,0.0
paad_tcga_pan_can_atlas_2018,"Pancreatic Adenocarcinoma (TCGA, PanCancer Atlas)",Pancreatic Adenocarcinoma,179,PDE1C,Pde1c,5137,1,0.5586592178770949
paad_tcga_pan_can_atlas_2018,"Pancreatic Adenocarcinoma (TCGA, PanCancer Atlas)",Pancreatic Adenocarcinoma,179,PDE2A,Pde2a,5138,1,0.5586592178770949
paad_tcga_pan_can_atlas_2018,"Pancreatic Adenocarcinoma (TCGA, PanCancer Atlas)",Pancreatic Adenocarcinoma,179,PDE4B,Pde4b,5142,0,0.0
paad_tcga_pan_can_atlas_2018,"Pancreatic Adenocarcinoma (TCGA, PanCancer Atlas)",Pancreatic Adenocarcinoma,179,PDZD2,Pdzd2,23037,2,1.1173184357541899
paad_tcga_pan_can_atlas_2018,"Pancreatic Adenocarcinoma (TCGA, PanCancer Atlas)",Pancreatic Adenocarcinoma,179,PDZRN3,Pdzrn3,23024,5,2.793296089385475
paad_tcga_pan_can_atlas_2018,"Pancreatic Adenocarcinoma (TCGA, PanCancer Atlas)",Pancreatic Adenocarcinoma,179,PDZRN4,Pdzrn4,29951,3,1.675977653631285
paad_tcga_pan_can_atlas_2018,"Pancreatic Adenocarcinoma (TCGA, PanCancer Atlas)",Pancreatic Adenocarcinoma,179,PENK,Penk,5179,1,0.5586592178770949
paad_tcga_pan_can_atlas_2018,"Pancreatic Adenocarcinoma (TCGA, PanCancer Atlas)",Pancreatic Adenocarcinoma,179,PHACTR1,Phactr1,221692,4,2.2346368715083798
paad_tcga_pan_can_atlas_2018,"Pancreatic Adenocarcinoma (TCGA, PanCancer Atlas)",Pancreatic Adenocarcinoma,179,PI4KA,Pi4ka,5297,1,0.5586592178770949
paad_tcga_pan_can_atlas_2018,"Pancreatic Adenocarcinoma (TCGA, PanCancer Atlas)",Pancreatic Adenocarcinoma,179,PKD1,Pkd1,5310,3,1.675977653631285
paad_tcga_pan_can_atlas_2018,"Pancreatic Adenocarcinoma (TCGA, PanCancer Atlas)",Pancreatic Adenocarcinoma,179,PKP2,Pkp2,5318,2,1.1173184357541899
paad_tcga_pan_can_atlas_2018,"Pancreatic Adenocarcinoma (TCGA, PanCancer Atlas)",Pancreatic Adenocarcinoma,179,PLCB1,Plcb1,23236,1,0.5586592178770949
paad_tcga_pan_can_atlas_2018,"Pancreatic Adenocarcinoma (TCGA, PanCancer Atlas)",Pancreatic Adenocarcinoma,179,PLCB4,Plcb4,5332,1,0.5586592178770949
paad_tcga_pan_can_atlas_2018,"Pancreatic Adenocarcinoma (TCGA, PanCancer Atlas)",Pancreatic Adenocarcinoma,179,PLCH1,Plch1,23007,2,1.1173184357541899
paad_tcga_pan_can_atlas_2018,"Pancreatic Adenocarcinoma (TCGA, PanCancer Atlas)",Pancreatic Adenocarcinoma,179,PLCL2,Plcl2,23228,1,0.5586592178770949
paad_tcga_pan_can_atlas_2018,"Pancreatic Adenocarcinoma (TCGA, PanCancer Atlas)",Pancreatic Adenocarcinoma,179,PLCXD3,Plcxd3,345557,0,0.0
paad_tcga_pan_can_atlas_2018,"Pancreatic Adenocarcinoma (TCGA, PanCancer Atlas)",Pancreatic Adenocarcinoma,179,PLD3,Pld3,23646,1,0.5586592178770949
paad_tcga_pan_can_atlas_2018,"Pancreatic Adenocarcinoma (TCGA, PanCancer Atlas)",Pancreatic Adenocarcinoma,179,PLD5,Pld5,200150,4,2.2346368715083798
paad_tcga_pan_can_atlas_2018,"Pancreatic Adenocarcinoma (TCGA, PanCancer Atlas)",Pancreatic Adenocarcinoma,179,PLXNA2,Plxna2,5362,3,1.675977653631285
paad_tcga_pan_can_atlas_2018,"Pancreatic Adenocarcinoma (TCGA, PanCancer Atlas)",Pancreatic Adenocarcinoma,179,PLXNA4,Plxna4,91584,1,0.5586592178770949
paad_tcga_pan_can_atlas_2018,"Pancreatic Adenocarcinoma (TCGA, PanCancer Atlas)",Pancreatic Adenocarcinoma,179,PPARGC1A,Ppargc1a,10891,1,0.5586592178770949
paad_tcga_pan_can_atlas_2018,"Pancreatic Adenocarcinoma (TCGA, PanCancer Atlas)",Pancreatic Adenocarcinoma,179,PPFIA2,Ppfia2,8499,3,1.675977653631285
paad_tcga_pan_can_atlas_2018,"Pancreatic Adenocarcinoma (TCGA, PanCancer Atlas)",Pancreatic Adenocarcinoma,179,PPFIBP1,Ppfibp1,8496,0,0.0
paad_tcga_pan_can_atlas_2018,"Pancreatic Adenocarcinoma (TCGA, PanCancer Atlas)",Pancreatic Adenocarcinoma,179,PPIP5K2,Ppip5k2,23262,1,0.5586592178770949
paad_tcga_pan_can_atlas_2018,"Pancreatic Adenocarcinoma (TCGA, PanCancer Atlas)",Pancreatic Adenocarcinoma,179,PRICKLE1,Prickle1,144165,2,1.1173184357541899
paad_tcga_pan_can_atlas_2018,"Pancreatic Adenocarcinoma (TCGA, PanCancer Atlas)",Pancreatic Adenocarcinoma,179,PRICKLE2,Prickle2,166336,2,1.1173184357541899
paad_tcga_pan_can_atlas_2018,"Pancreatic Adenocarcinoma (TCGA, PanCancer Atlas)",Pancreatic Adenocarcinoma,179,PRKCA,Prkca,5578,1,0.5586592178770949
paad_tcga_pan_can_atlas_2018,"Pancreatic Adenocarcinoma (TCGA, PanCancer Atlas)",Pancreatic Adenocarcinoma,179,PRKD1,Prkd1,5587,1,0.5586592178770949
paad_tcga_pan_can_atlas_2018,"Pancreatic Adenocarcinoma (TCGA, PanCancer Atlas)",Pancreatic Adenocarcinoma,179,PRKG1,Prkg1,5592,1,0.5586592178770949
paad_tcga_pan_can_atlas_2018,"Pancreatic Adenocarcinoma (TCGA, PanCancer Atlas)",Pancreatic Adenocarcinoma,179,PRMT8,Prmt8,56341,0,0.0
paad_tcga_pan_can_atlas_2018,"Pancreatic Adenocarcinoma (TCGA, PanCancer Atlas)",Pancreatic Adenocarcinoma,179,PROX1,Prox1,5629,1,0.5586592178770949
paad_tcga_pan_can_atlas_2018,"Pancreatic Adenocarcinoma (TCGA, PanCancer Atlas)",Pancreatic Adenocarcinoma,179,PRR16,Prr16,51334,2,1.1173184357541899
paad_tcga_pan_can_atlas_2018,"Pancreatic Adenocarcinoma (TCGA, PanCancer Atlas)",Pancreatic Adenocarcinoma,179,PTCHD4,Ptchd4,442213,2,1.1173184357541899
paad_tcga_pan_can_atlas_2018,"Pancreatic Adenocarcinoma (TCGA, PanCancer Atlas)",Pancreatic Adenocarcinoma,179,PTK2B,Ptk2b,2185,1,0.5586592178770949
paad_tcga_pan_can_atlas_2018,"Pancreatic Adenocarcinoma (TCGA, PanCancer Atlas)",Pancreatic Adenocarcinoma,179,PTPRD,Ptprd,5789,1,0.5586592178770949
paad_tcga_pan_can_atlas_2018,"Pancreatic Adenocarcinoma (TCGA, PanCancer Atlas)",Pancreatic Adenocarcinoma,179,PTPRE,Ptpre,5791,4,2.2346368715083798
paad_tcga_pan_can_atlas_2018,"Pancreatic Adenocarcinoma (TCGA, PanCancer Atlas)",Pancreatic Adenocarcinoma,179,PTPRG,Ptprg,5793,3,1.675977653631285
paad_tcga_pan_can_atlas_2018,"Pancreatic Adenocarcinoma (TCGA, PanCancer Atlas)",Pancreatic Adenocarcinoma,179,PTPRM,Ptprm,5797,2,1.1173184357541899
paad_tcga_pan_can_atlas_2018,"Pancreatic Adenocarcinoma (TCGA, PanCancer Atlas)",Pancreatic Adenocarcinoma,179,PTPRN,Ptprn,5798,2,1.1173184357541899
paad_tcga_pan_can_atlas_2018,"Pancreatic Adenocarcinoma (TCGA, PanCancer Atlas)",Pancreatic Adenocarcinoma,179,PTPRN2,Ptprn2,5799,2,1.1173184357541899
paad_tcga_pan_can_atlas_2018,"Pancreatic Adenocarcinoma (TCGA, PanCancer Atlas)",Pancreatic Adenocarcinoma,179,PTPRO,Ptpro,5800,2,1.1173184357541899
paad_tcga_pan_can_atlas_2018,"Pancreatic Adenocarcinoma (TCGA, PanCancer Atlas)",Pancreatic Adenocarcinoma,179,PTPRR,Ptprr,5801,0,0.0
paad_tcga_pan_can_atlas_2018,"Pancreatic Adenocarcinoma (TCGA, PanCancer Atlas)",Pancreatic Adenocarcinoma,179,PTPRS,Ptprs,5802,2,1.1173184357541899
paad_tcga_pan_can_atlas_2018,"Pancreatic Adenocarcinoma (TCGA, PanCancer Atlas)",Pancreatic Adenocarcinoma,179,PTPRT,Ptprt,11122,4,2.2346368715083798
paad_tcga_pan_can_atlas_2018,"Pancreatic Adenocarcinoma (TCGA, PanCancer Atlas)",Pancreatic Adenocarcinoma,179,RALGAPA2,Ralgapa2,57186,2,1.1173184357541899
paad_tcga_pan_can_atlas_2018,"Pancreatic Adenocarcinoma (TCGA, PanCancer Atlas)",Pancreatic Adenocarcinoma,179,RALYL,Ralyl,138046,1,0.5586592178770949
paad_tcga_pan_can_atlas_2018,"Pancreatic Adenocarcinoma (TCGA, PanCancer Atlas)",Pancreatic Adenocarcinoma,179,RAPGEF2,Rapgef2,9693,3,1.675977653631285
paad_tcga_pan_can_atlas_2018,"Pancreatic Adenocarcinoma (TCGA, PanCancer Atlas)",Pancreatic Adenocarcinoma,179,RAPGEF4,Rapgef4,11069,1,0.5586592178770949
paad_tcga_pan_can_atlas_2018,"Pancreatic Adenocarcinoma (TCGA, PanCancer Atlas)",Pancreatic Adenocarcinoma,179,RAPGEF5,Rapgef5,9771,1,0.5586592178770949
paad_tcga_pan_can_atlas_2018,"Pancreatic Adenocarcinoma (TCGA, PanCancer Atlas)",Pancreatic Adenocarcinoma,179,RARB,Rarb,5915,1,0.5586592178770949
paad_tcga_pan_can_atlas_2018,"Pancreatic Adenocarcinoma (TCGA, PanCancer Atlas)",Pancreatic Adenocarcinoma,179,RASAL2,Rasal2,9462,1,0.5586592178770949
paad_tcga_pan_can_atlas_2018,"Pancreatic Adenocarcinoma (TCGA, PanCancer Atlas)",Pancreatic Adenocarcinoma,179,RASGRF2,Rasgrf2,5924,2,1.1173184357541899
paad_tcga_pan_can_atlas_2018,"Pancreatic Adenocarcinoma (TCGA, PanCancer Atlas)",Pancreatic Adenocarcinoma,179,RBFOX1,Rbfox1,54715,4,2.2346368715083798
paad_tcga_pan_can_atlas_2018,"Pancreatic Adenocarcinoma (TCGA, PanCancer Atlas)",Pancreatic Adenocarcinoma,179,RELN,Reln,5649,7,3.910614525139665
paad_tcga_pan_can_atlas_2018,"Pancreatic Adenocarcinoma (TCGA, PanCancer Atlas)",Pancreatic Adenocarcinoma,179,REV3L,Rev3l,5980,2,1.1173184357541899
paad_tcga_pan_can_atlas_2018,"Pancreatic Adenocarcinoma (TCGA, PanCancer Atlas)",Pancreatic Adenocarcinoma,179,RGS12,Rgs12,6002,2,1.1173184357541899
paad_tcga_pan_can_atlas_2018,"Pancreatic Adenocarcinoma (TCGA, PanCancer Atlas)",Pancreatic Adenocarcinoma,179,RGS6,Rgs6,9628,0,0.0
paad_tcga_pan_can_atlas_2018,"Pancreatic Adenocarcinoma (TCGA, PanCancer Atlas)",Pancreatic Adenocarcinoma,179,RGS7,Rgs7,6000,1,0.5586592178770949
paad_tcga_pan_can_atlas_2018,"Pancreatic Adenocarcinoma (TCGA, PanCancer Atlas)",Pancreatic Adenocarcinoma,179,RIMBP2,Rimbp2,23504,2,1.1173184357541899
paad_tcga_pan_can_atlas_2018,"Pancreatic Adenocarcinoma (TCGA, PanCancer Atlas)",Pancreatic Adenocarcinoma,179,ROBO1,Robo1,6091,3,1.675977653631285
paad_tcga_pan_can_atlas_2018,"Pancreatic Adenocarcinoma (TCGA, PanCancer Atlas)",Pancreatic Adenocarcinoma,179,ROBO2,Robo2,6092,4,2.2346368715083798
paad_tcga_pan_can_atlas_2018,"Pancreatic Adenocarcinoma (TCGA, PanCancer Atlas)",Pancreatic Adenocarcinoma,179,ROCK2,Rock2,9475,1,0.5586592178770949
paad_tcga_pan_can_atlas_2018,"Pancreatic Adenocarcinoma (TCGA, PanCancer Atlas)",Pancreatic Adenocarcinoma,179,RPH3A,Rph3a,22895,1,0.5586592178770949
paad_tcga_pan_can_atlas_2018,"Pancreatic Adenocarcinoma (TCGA, PanCancer Atlas)",Pancreatic Adenocarcinoma,179,RPS6KA2,Rps6ka2,6196,2,1.1173184357541899
paad_tcga_pan_can_atlas_2018,"Pancreatic Adenocarcinoma (TCGA, PanCancer Atlas)",Pancreatic Adenocarcinoma,179,RPS6KC1,Rps6kc1,26750,1,0.5586592178770949
paad_tcga_pan_can_atlas_2018,"Pancreatic Adenocarcinoma (TCGA, PanCancer Atlas)",Pancreatic Adenocarcinoma,179,RTN1,Rtn1,6252,2,1.1173184357541899
paad_tcga_pan_can_atlas_2018,"Pancreatic Adenocarcinoma (TCGA, PanCancer Atlas)",Pancreatic Adenocarcinoma,179,RUNX1T1,Runx1t1,862,1,0.5586592178770949
paad_tcga_pan_can_atlas_2018,"Pancreatic Adenocarcinoma (TCGA, PanCancer Atlas)",Pancreatic Adenocarcinoma,179,RXFP1,Rxfp1,59350,1,0.5586592178770949
paad_tcga_pan_can_atlas_2018,"Pancreatic Adenocarcinoma (TCGA, PanCancer Atlas)",Pancreatic Adenocarcinoma,179,RYR1,Ryr1,6261,10,5.58659217877095
paad_tcga_pan_can_atlas_2018,"Pancreatic Adenocarcinoma (TCGA, PanCancer Atlas)",Pancreatic Adenocarcinoma,179,RYR2,Ryr2,6262,5,2.793296089385475
paad_tcga_pan_can_atlas_2018,"Pancreatic Adenocarcinoma (TCGA, PanCancer Atlas)",Pancreatic Adenocarcinoma,179,RYR3,Ryr3,6263,6,3.35195530726257
paad_tcga_pan_can_atlas_2018,"Pancreatic Adenocarcinoma (TCGA, PanCancer Atlas)",Pancreatic Adenocarcinoma,179,SCN1A,Scn1a,6323,4,2.2346368715083798
paad_tcga_pan_can_atlas_2018,"Pancreatic Adenocarcinoma (TCGA, PanCancer Atlas)",Pancreatic Adenocarcinoma,179,SCN3A,Scn3a,6328,2,1.1173184357541899
paad_tcga_pan_can_atlas_2018,"Pancreatic Adenocarcinoma (TCGA, PanCancer Atlas)",Pancreatic Adenocarcinoma,179,SCN8A,Scn8a,6334,2,1.1173184357541899
paad_tcga_pan_can_atlas_2018,"Pancreatic Adenocarcinoma (TCGA, PanCancer Atlas)",Pancreatic Adenocarcinoma,179,SDK1,Sdk1,221935,5,2.793296089385475
paad_tcga_pan_can_atlas_2018,"Pancreatic Adenocarcinoma (TCGA, PanCancer Atlas)",Pancreatic Adenocarcinoma,179,SEMA5B,Sema5b,54437,2,1.1173184357541899
paad_tcga_pan_can_atlas_2018,"Pancreatic Adenocarcinoma (TCGA, PanCancer Atlas)",Pancreatic Adenocarcinoma,179,SEMA6D,Sema6d,80031,0,0.0
paad_tcga_pan_can_atlas_2018,"Pancreatic Adenocarcinoma (TCGA, PanCancer Atlas)",Pancreatic Adenocarcinoma,179,SERPINI1,Serpini1,5274,1,0.5586592178770949
paad_tcga_pan_can_atlas_2018,"Pancreatic Adenocarcinoma (TCGA, PanCancer Atlas)",Pancreatic Adenocarcinoma,179,SETBP1,Setbp1,26040,2,1.1173184357541899
paad_tcga_pan_can_atlas_2018,"Pancreatic Adenocarcinoma (TCGA, PanCancer Atlas)",Pancreatic Adenocarcinoma,179,SEZ6,Sez6,124925,1,0.5586592178770949
paad_tcga_pan_can_atlas_2018,"Pancreatic Adenocarcinoma (TCGA, PanCancer Atlas)",Pancreatic Adenocarcinoma,179,SGCZ,Sgcz,137868,2,1.1173184357541899
paad_tcga_pan_can_atlas_2018,"Pancreatic Adenocarcinoma (TCGA, PanCancer Atlas)",Pancreatic Adenocarcinoma,179,SGK1,Sgk1,6446,0,0.0
paad_tcga_pan_can_atlas_2018,"Pancreatic Adenocarcinoma (TCGA, PanCancer Atlas)",Pancreatic Adenocarcinoma,179,SH3GL3,Sh3gl3,6457,1,0.5586592178770949
paad_tcga_pan_can_atlas_2018,"Pancreatic Adenocarcinoma (TCGA, PanCancer Atlas)",Pancreatic Adenocarcinoma,179,SHANK2,Shank2,22941,1,0.5586592178770949
paad_tcga_pan_can_atlas_2018,"Pancreatic Adenocarcinoma (TCGA, PanCancer Atlas)",Pancreatic Adenocarcinoma,179,SIPA1L1,Sipa1l1,26037,1,0.5586592178770949
paad_tcga_pan_can_atlas_2018,"Pancreatic Adenocarcinoma (TCGA, PanCancer Atlas)",Pancreatic Adenocarcinoma,179,SIRPA,Sirpa,140885,1,0.5586592178770949
paad_tcga_pan_can_atlas_2018,"Pancreatic Adenocarcinoma (TCGA, PanCancer Atlas)",Pancreatic Adenocarcinoma,179,SLC24A2,Slc24a2,25769,1,0.5586592178770949
paad_tcga_pan_can_atlas_2018,"Pancreatic Adenocarcinoma (TCGA, PanCancer Atlas)",Pancreatic Adenocarcinoma,179,SLC24A3,Slc24a3,57419,1,0.5586592178770949
paad_tcga_pan_can_atlas_2018,"Pancreatic Adenocarcinoma (TCGA, PanCancer Atlas)",Pancreatic Adenocarcinoma,179,SLC35F3,Slc35f3,148641,0,0.0
paad_tcga_pan_can_atlas_2018,"Pancreatic Adenocarcinoma (TCGA, PanCancer Atlas)",Pancreatic Adenocarcinoma,179,SLC35F4,Slc35f4,341880,1,0.5586592178770949
paad_tcga_pan_can_atlas_2018,"Pancreatic Adenocarcinoma (TCGA, PanCancer Atlas)",Pancreatic Adenocarcinoma,179,SLC44A5,Slc44a5,204962,2,1.1173184357541899
paad_tcga_pan_can_atlas_2018,"Pancreatic Adenocarcinoma (TCGA, PanCancer Atlas)",Pancreatic Adenocarcinoma,179,SLC4A8,Slc4a8,9498,0,0.0
paad_tcga_pan_can_atlas_2018,"Pancreatic Adenocarcinoma (TCGA, PanCancer Atlas)",Pancreatic Adenocarcinoma,179,SLC6A1,Slc6a1,6529,1,0.5586592178770949
paad_tcga_pan_can_atlas_2018,"Pancreatic Adenocarcinoma (TCGA, PanCancer Atlas)",Pancreatic Adenocarcinoma,179,SLC6A17,Slc6a17,388662,2,1.1173184357541899
paad_tcga_pan_can_atlas_2018,"Pancreatic Adenocarcinoma (TCGA, PanCancer Atlas)",Pancreatic Adenocarcinoma,179,SLC8A1,Slc8a1,6546,0,0.0
paad_tcga_pan_can_atlas_2018,"Pancreatic Adenocarcinoma (TCGA, PanCancer Atlas)",Pancreatic Adenocarcinoma,179,SLC9A9,Slc9a9,285195,1,0.5586592178770949
paad_tcga_pan_can_atlas_2018,"Pancreatic Adenocarcinoma (TCGA, PanCancer Atlas)",Pancreatic Adenocarcinoma,179,SLCO3A1,Slco3a1,28232,2,1.1173184357541899
paad_tcga_pan_can_atlas_2018,"Pancreatic Adenocarcinoma (TCGA, PanCancer Atlas)",Pancreatic Adenocarcinoma,179,SLIT2,Slit2,9353,3,1.675977653631285
paad_tcga_pan_can_atlas_2018,"Pancreatic Adenocarcinoma (TCGA, PanCancer Atlas)",Pancreatic Adenocarcinoma,179,SLIT3,Slit3,6586,2,1.1173184357541899
paad_tcga_pan_can_atlas_2018,"Pancreatic Adenocarcinoma (TCGA, PanCancer Atlas)",Pancreatic Adenocarcinoma,179,SMARCA2,Smarca2,6595,1,0.5586592178770949
paad_tcga_pan_can_atlas_2018,"Pancreatic Adenocarcinoma (TCGA, PanCancer Atlas)",Pancreatic Adenocarcinoma,179,SORBS1,Sorbs1,10580,1,0.5586592178770949
paad_tcga_pan_can_atlas_2018,"Pancreatic Adenocarcinoma (TCGA, PanCancer Atlas)",Pancreatic Adenocarcinoma,179,SORBS2,Sorbs2,8470,1,0.5586592178770949
paad_tcga_pan_can_atlas_2018,"Pancreatic Adenocarcinoma (TCGA, PanCancer Atlas)",Pancreatic Adenocarcinoma,179,SORCS1,Sorcs1,114815,2,1.1173184357541899
paad_tcga_pan_can_atlas_2018,"Pancreatic Adenocarcinoma (TCGA, PanCancer Atlas)",Pancreatic Adenocarcinoma,179,SORCS2,Sorcs2,57537,3,1.675977653631285
paad_tcga_pan_can_atlas_2018,"Pancreatic Adenocarcinoma (TCGA, PanCancer Atlas)",Pancreatic Adenocarcinoma,179,SORCS3,Sorcs3,22986,2,1.1173184357541899
paad_tcga_pan_can_atlas_2018,"Pancreatic Adenocarcinoma (TCGA, PanCancer Atlas)",Pancreatic Adenocarcinoma,179,SORL1,Sorl1,6653,2,1.1173184357541899
paad_tcga_pan_can_atlas_2018,"Pancreatic Adenocarcinoma (TCGA, PanCancer Atlas)",Pancreatic Adenocarcinoma,179,SOX5,Sox5,6660,3,1.675977653631285
paad_tcga_pan_can_atlas_2018,"Pancreatic Adenocarcinoma (TCGA, PanCancer Atlas)",Pancreatic Adenocarcinoma,179,SOX6,Sox6,55553,2,1.1173184357541899
paad_tcga_pan_can_atlas_2018,"Pancreatic Adenocarcinoma (TCGA, PanCancer Atlas)",Pancreatic Adenocarcinoma,179,SPARCL1,Sparcl1,8404,2,1.1173184357541899
paad_tcga_pan_can_atlas_2018,"Pancreatic Adenocarcinoma (TCGA, PanCancer Atlas)",Pancreatic Adenocarcinoma,179,SPHKAP,Sphkap,80309,3,1.675977653631285
paad_tcga_pan_can_atlas_2018,"Pancreatic Adenocarcinoma (TCGA, PanCancer Atlas)",Pancreatic Adenocarcinoma,179,SPOCK1,Spock1,6695,1,0.5586592178770949
paad_tcga_pan_can_atlas_2018,"Pancreatic Adenocarcinoma (TCGA, PanCancer Atlas)",Pancreatic Adenocarcinoma,179,SPOCK3,Spock3,50859,1,0.5586592178770949
paad_tcga_pan_can_atlas_2018,"Pancreatic Adenocarcinoma (TCGA, PanCancer Atlas)",Pancreatic Adenocarcinoma,179,SPTAN1,Sptan1,6709,2,1.1173184357541899
paad_tcga_pan_can_atlas_2018,"Pancreatic Adenocarcinoma (TCGA, PanCancer Atlas)",Pancreatic Adenocarcinoma,179,SPTBN4,Sptbn4,57731,1,0.5586592178770949
paad_tcga_pan_can_atlas_2018,"Pancreatic Adenocarcinoma (TCGA, PanCancer Atlas)",Pancreatic Adenocarcinoma,179,SRGAP3,Srgap3,9901,3,1.675977653631285
paad_tcga_pan_can_atlas_2018,"Pancreatic Adenocarcinoma (TCGA, PanCancer Atlas)",Pancreatic Adenocarcinoma,179,SRRM4,Srrm4,84530,2,1.1173184357541899
paad_tcga_pan_can_atlas_2018,"Pancreatic Adenocarcinoma (TCGA, PanCancer Atlas)",Pancreatic Adenocarcinoma,179,STARD13,Stard13,90627,0,0.0
paad_tcga_pan_can_atlas_2018,"Pancreatic Adenocarcinoma (TCGA, PanCancer Atlas)",Pancreatic Adenocarcinoma,179,STOX2,Stox2,56977,3,1.675977653631285
paad_tcga_pan_can_atlas_2018,"Pancreatic Adenocarcinoma (TCGA, PanCancer Atlas)",Pancreatic Adenocarcinoma,179,STRBP,Strbp,55342,0,0.0
paad_tcga_pan_can_atlas_2018,"Pancreatic Adenocarcinoma (TCGA, PanCancer Atlas)",Pancreatic Adenocarcinoma,179,STXBP5L,Stxbp5l,9515,3,1.675977653631285
paad_tcga_pan_can_atlas_2018,"Pancreatic Adenocarcinoma (TCGA, PanCancer Atlas)",Pancreatic Adenocarcinoma,179,SV2A,Sv2a,9900,1,0.5586592178770949
paad_tcga_pan_can_atlas_2018,"Pancreatic Adenocarcinoma (TCGA, PanCancer Atlas)",Pancreatic Adenocarcinoma,179,SV2C,Sv2c,22987,1,0.5586592178770949
paad_tcga_pan_can_atlas_2018,"Pancreatic Adenocarcinoma (TCGA, PanCancer Atlas)",Pancreatic Adenocarcinoma,179,SYNJ2,Synj2,8871,2,1.1173184357541899
paad_tcga_pan_can_atlas_2018,"Pancreatic Adenocarcinoma (TCGA, PanCancer Atlas)",Pancreatic Adenocarcinoma,179,SYT7,Syt7,9066,1,0.5586592178770949
paad_tcga_pan_can_atlas_2018,"Pancreatic Adenocarcinoma (TCGA, PanCancer Atlas)",Pancreatic Adenocarcinoma,179,SYTL2,Sytl2,54843,1,0.5586592178770949
paad_tcga_pan_can_atlas_2018,"Pancreatic Adenocarcinoma (TCGA, PanCancer Atlas)",Pancreatic Adenocarcinoma,179,TACC1,Tacc1,6867,1,0.5586592178770949
paad_tcga_pan_can_atlas_2018,"Pancreatic Adenocarcinoma (TCGA, PanCancer Atlas)",Pancreatic Adenocarcinoma,179,TENM1,Tenm1,10178,3,1.675977653631285
paad_tcga_pan_can_atlas_2018,"Pancreatic Adenocarcinoma (TCGA, PanCancer Atlas)",Pancreatic Adenocarcinoma,179,TENM2,Tenm2,57451,3,1.675977653631285
paad_tcga_pan_can_atlas_2018,"Pancreatic Adenocarcinoma (TCGA, PanCancer Atlas)",Pancreatic Adenocarcinoma,179,TENM3,Tenm3,55714,5,2.793296089385475
paad_tcga_pan_can_atlas_2018,"Pancreatic Adenocarcinoma (TCGA, PanCancer Atlas)",Pancreatic Adenocarcinoma,179,TENM4,Tenm4,26011,3,1.675977653631285
paad_tcga_pan_can_atlas_2018,"Pancreatic Adenocarcinoma (TCGA, PanCancer Atlas)",Pancreatic Adenocarcinoma,179,THSD7A,Thsd7a,221981,1,0.5586592178770949
paad_tcga_pan_can_atlas_2018,"Pancreatic Adenocarcinoma (TCGA, PanCancer Atlas)",Pancreatic Adenocarcinoma,179,THSD7B,Thsd7b,80731,4,2.2346368715083798
paad_tcga_pan_can_atlas_2018,"Pancreatic Adenocarcinoma (TCGA, PanCancer Atlas)",Pancreatic Adenocarcinoma,179,TLE4,Tle4,7091,1,0.5586592178770949
paad_tcga_pan_can_atlas_2018,"Pancreatic Adenocarcinoma (TCGA, PanCancer Atlas)",Pancreatic Adenocarcinoma,179,TLL1,Tll1,7092,0,0.0
paad_tcga_pan_can_atlas_2018,"Pancreatic Adenocarcinoma (TCGA, PanCancer Atlas)",Pancreatic Adenocarcinoma,179,TLN2,Tln2,83660,4,2.2346368715083798
paad_tcga_pan_can_atlas_2018,"Pancreatic Adenocarcinoma (TCGA, PanCancer Atlas)",Pancreatic Adenocarcinoma,179,TMEM108,Tmem108,66000,1,0.5586592178770949
paad_tcga_pan_can_atlas_2018,"Pancreatic Adenocarcinoma (TCGA, PanCancer Atlas)",Pancreatic Adenocarcinoma,179,TMEM130,Tmem130,222865,0,0.0
paad_tcga_pan_can_atlas_2018,"Pancreatic Adenocarcinoma (TCGA, PanCancer Atlas)",Pancreatic Adenocarcinoma,179,TMEM132B,Tmem132b,114795,2,1.1173184357541899
paad_tcga_pan_can_atlas_2018,"Pancreatic Adenocarcinoma (TCGA, PanCancer Atlas)",Pancreatic Adenocarcinoma,179,TMEM132C,Tmem132c,92293,0,0.0
paad_tcga_pan_can_atlas_2018,"Pancreatic Adenocarcinoma (TCGA, PanCancer Atlas)",Pancreatic Adenocarcinoma,179,TMEM132D,Tmem132d,121256,4,2.2346368715083798
paad_tcga_pan_can_atlas_2018,"Pancreatic Adenocarcinoma (TCGA, PanCancer Atlas)",Pancreatic Adenocarcinoma,179,TMTC1,Tmtc1,83857,1,0.5586592178770949
paad_tcga_pan_can_atlas_2018,"Pancreatic Adenocarcinoma (TCGA, PanCancer Atlas)",Pancreatic Adenocarcinoma,179,TNIK,Tnik,23043,3,1.675977653631285
paad_tcga_pan_can_atlas_2018,"Pancreatic Adenocarcinoma (TCGA, PanCancer Atlas)",Pancreatic Adenocarcinoma,179,TOX,Tox,9760,0,0.0
paad_tcga_pan_can_atlas_2018,"Pancreatic Adenocarcinoma (TCGA, PanCancer Atlas)",Pancreatic Adenocarcinoma,179,TOX2,Tox2,84969,4,2.2346368715083798
paad_tcga_pan_can_atlas_2018,"Pancreatic Adenocarcinoma (TCGA, PanCancer Atlas)",Pancreatic Adenocarcinoma,179,TOX3,Tox3,27324,1,0.5586592178770949
paad_tcga_pan_can_atlas_2018,"Pancreatic Adenocarcinoma (TCGA, PanCancer Atlas)",Pancreatic Adenocarcinoma,179,TRERF1,Trerf1,55809,1,0.5586592178770949
paad_tcga_pan_can_atlas_2018,"Pancreatic Adenocarcinoma (TCGA, PanCancer Atlas)",Pancreatic Adenocarcinoma,179,TRHDE,Trhde,29953,2,1.1173184357541899
paad_tcga_pan_can_atlas_2018,"Pancreatic Adenocarcinoma (TCGA, PanCancer Atlas)",Pancreatic Adenocarcinoma,179,TRIO,Trio,7204,1,0.5586592178770949
paad_tcga_pan_can_atlas_2018,"Pancreatic Adenocarcinoma (TCGA, PanCancer Atlas)",Pancreatic Adenocarcinoma,179,TRPC3,Trpc3,7222,1,0.5586592178770949
paad_tcga_pan_can_atlas_2018,"Pancreatic Adenocarcinoma (TCGA, PanCancer Atlas)",Pancreatic Adenocarcinoma,179,TRPC5,Trpc5,7224,1,0.5586592178770949
paad_tcga_pan_can_atlas_2018,"Pancreatic Adenocarcinoma (TCGA, PanCancer Atlas)",Pancreatic Adenocarcinoma,179,TRPM2,Trpm2,7226,4,2.2346368715083798
paad_tcga_pan_can_atlas_2018,"Pancreatic Adenocarcinoma (TCGA, PanCancer Atlas)",Pancreatic Adenocarcinoma,179,TRPM3,Trpm3,80036,2,1.1173184357541899
paad_tcga_pan_can_atlas_2018,"Pancreatic Adenocarcinoma (TCGA, PanCancer Atlas)",Pancreatic Adenocarcinoma,179,TRPS1,Trps1,7227,3,1.675977653631285
paad_tcga_pan_can_atlas_2018,"Pancreatic Adenocarcinoma (TCGA, PanCancer Atlas)",Pancreatic Adenocarcinoma,179,TSC22D1,Tsc22d1,8848,1,0.5586592178770949
paad_tcga_pan_can_atlas_2018,"Pancreatic Adenocarcinoma (TCGA, PanCancer Atlas)",Pancreatic Adenocarcinoma,179,TSHZ3,Tshz3,57616,3,1.675977653631285
paad_tcga_pan_can_atlas_2018,"Pancreatic Adenocarcinoma (TCGA, PanCancer Atlas)",Pancreatic Adenocarcinoma,179,TTBK2,Ttbk2,146057,1,0.5586592178770949
paad_tcga_pan_can_atlas_2018,"Pancreatic Adenocarcinoma (TCGA, PanCancer Atlas)",Pancreatic Adenocarcinoma,179,UNC13C,Unc13c,440279,4,2.2346368715083798
paad_tcga_pan_can_atlas_2018,"Pancreatic Adenocarcinoma (TCGA, PanCancer Atlas)",Pancreatic Adenocarcinoma,179,UNC5C,Unc5c,8633,1,0.5586592178770949
paad_tcga_pan_can_atlas_2018,"Pancreatic Adenocarcinoma (TCGA, PanCancer Atlas)",Pancreatic Adenocarcinoma,179,UNC5D,Unc5d,137970,2,1.1173184357541899
paad_tcga_pan_can_atlas_2018,"Pancreatic Adenocarcinoma (TCGA, PanCancer Atlas)",Pancreatic Adenocarcinoma,179,USP11,Usp11,8237,1,0.5586592178770949
paad_tcga_pan_can_atlas_2018,"Pancreatic Adenocarcinoma (TCGA, PanCancer Atlas)",Pancreatic Adenocarcinoma,179,USP25,Usp25,29761,2,1.1173184357541899
paad_tcga_pan_can_atlas_2018,"Pancreatic Adenocarcinoma (TCGA, PanCancer Atlas)",Pancreatic Adenocarcinoma,179,UST,Ust,10090,0,0.0
paad_tcga_pan_can_atlas_2018,"Pancreatic Adenocarcinoma (TCGA, PanCancer Atlas)",Pancreatic Adenocarcinoma,179,VIP,Vip,7432,0,0.0
paad_tcga_pan_can_atlas_2018,"Pancreatic Adenocarcinoma (TCGA, PanCancer Atlas)",Pancreatic Adenocarcinoma,179,VPS13A,Vps13a,23230,2,1.1173184357541899
paad_tcga_pan_can_atlas_2018,"Pancreatic Adenocarcinoma (TCGA, PanCancer Atlas)",Pancreatic Adenocarcinoma,179,VPS13D,Vps13d,55187,3,1.675977653631285
paad_tcga_pan_can_atlas_2018,"Pancreatic Adenocarcinoma (TCGA, PanCancer Atlas)",Pancreatic Adenocarcinoma,179,WASF3,Wasf3,10810,1,0.5586592178770949
paad_tcga_pan_can_atlas_2018,"Pancreatic Adenocarcinoma (TCGA, PanCancer Atlas)",Pancreatic Adenocarcinoma,179,WNK2,Wnk2,65268,1,0.5586592178770949
paad_tcga_pan_can_atlas_2018,"Pancreatic Adenocarcinoma (TCGA, PanCancer Atlas)",Pancreatic Adenocarcinoma,179,WWP1,Wwp1,11059,1,0.5586592178770949
paad_tcga_pan_can_atlas_2018,"Pancreatic Adenocarcinoma (TCGA, PanCancer Atlas)",Pancreatic Adenocarcinoma,179,XKR4,Xkr4,114786,1,0.5586592178770949
paad_tcga_pan_can_atlas_2018,"Pancreatic Adenocarcinoma (TCGA, PanCancer Atlas)",Pancreatic Adenocarcinoma,179,XYLT1,Xylt1,64131,4,2.2346368715083798
paad_tcga_pan_can_atlas_2018,"Pancreatic Adenocarcinoma (TCGA, PanCancer Atlas)",Pancreatic Adenocarcinoma,179,ZBTB16,Zbtb16,7704,1,0.5586592178770949
paad_tcga_pan_can_atlas_2018,"Pancreatic Adenocarcinoma (TCGA, PanCancer Atlas)",Pancreatic Adenocarcinoma,179,ZFYVE28,Zfyve28,57732,1,0.5586592178770949
paad_tcga_pan_can_atlas_2018,"Pancreatic Adenocarcinoma (TCGA, PanCancer Atlas)",Pancreatic Adenocarcinoma,179,ZMAT4,Zmat4,79698,1,0.5586592178770949
paad_tcga_pan_can_atlas_2018,"Pancreatic Adenocarcinoma (TCGA, PanCancer Atlas)",Pancreatic Adenocarcinoma,179,ZMYND8,Zmynd8,23613,3,1.675977653631285
skcm_tcga_pan_can_atlas_2018,"Skin Cutaneous Melanoma (TCGA, PanCancer Atlas)",Cutaneous Melanoma,440,ABCC8,Abcc8,6833,43,9.772727272727273
skcm_tcga_pan_can_atlas_2018,"Skin Cutaneous Melanoma (TCGA, PanCancer Atlas)",Cutaneous Melanoma,440,ABR,Abr,29,12,2.727272727272727
skcm_tcga_pan_can_atlas_2018,"Skin Cutaneous Melanoma (TCGA, PanCancer Atlas)",Cutaneous Melanoma,440,ACSL3,Acsl3,2181,16,3.6363636363636362
skcm_tcga_pan_can_atlas_2018,"Skin Cutaneous Melanoma (TCGA, PanCancer Atlas)",Cutaneous Melanoma,440,ADAM23,Adam23,8745,42,9.545454545454545
skcm_tcga_pan_can_atlas_2018,"Skin Cutaneous Melanoma (TCGA, PanCancer Atlas)",Cutaneous Melanoma,440,ADAMTS17,Adamts17,170691,36,8.181818181818182
skcm_tcga_pan_can_atlas_2018,"Skin Cutaneous Melanoma (TCGA, PanCancer Atlas)",Cutaneous Melanoma,440,ADARB2,Adarb2,105,23,5.2272727272727275
skcm_tcga_pan_can_atlas_2018,"Skin Cutaneous Melanoma (TCGA, PanCancer Atlas)",Cutaneous Melanoma,440,ADCY1,Adcy1,107,44,10.0
skcm_tcga_pan_can_atlas_2018,"Skin Cutaneous Melanoma (TCGA, PanCancer Atlas)",Cutaneous Melanoma,440,ADCY2,Adcy2,108,17,3.8636363636363638
skcm_tcga_pan_can_atlas_2018,"Skin Cutaneous Melanoma (TCGA, PanCancer Atlas)",Cutaneous Melanoma,440,ADCY8,Adcy8,114,80,18.181818181818183
skcm_tcga_pan_can_atlas_2018,"Skin Cutaneous Melanoma (TCGA, PanCancer Atlas)",Cutaneous Melanoma,440,ADRA1A,Adra1a,148,21,4.7727272727272725
skcm_tcga_pan_can_atlas_2018,"Skin Cutaneous Melanoma (TCGA, PanCancer Atlas)",Cutaneous Melanoma,440,AHI1,Ahi1,54806,15,3.409090909090909
skcm_tcga_pan_can_atlas_2018,"Skin Cutaneous Melanoma (TCGA, PanCancer Atlas)",Cutaneous Melanoma,440,AK5,Ak5,26289,31,7.045454545454546
skcm_tcga_pan_can_atlas_2018,"Skin Cutaneous Melanoma (TCGA, PanCancer Atlas)",Cutaneous Melanoma,440,ALK,Alk,238,65,14.772727272727273
skcm_tcga_pan_can_atlas_2018,"Skin Cutaneous Melanoma (TCGA, PanCancer Atlas)",Cutaneous Melanoma,440,ANK1,Ank1,286,67,15.227272727272727
skcm_tcga_pan_can_atlas_2018,"Skin Cutaneous Melanoma (TCGA, PanCancer Atlas)",Cutaneous Melanoma,440,ANKRD26,Ankrd26,22852,21,4.7727272727272725
skcm_tcga_pan_can_atlas_2018,"Skin Cutaneous Melanoma (TCGA, PanCancer Atlas)",Cutaneous Melanoma,440,ANKS1B,Anks1b,56899,40,9.090909090909092
skcm_tcga_pan_can_atlas_2018,"Skin Cutaneous Melanoma (TCGA, PanCancer Atlas)",Cutaneous Melanoma,440,ANO3,Ano3,63982,38,8.636363636363637
skcm_tcga_pan_can_atlas_2018,"Skin Cutaneous Melanoma (TCGA, PanCancer Atlas)",Cutaneous Melanoma,440,ANO4,Ano4,121601,80,18.181818181818183
skcm_tcga_pan_can_atlas_2018,"Skin Cutaneous Melanoma (TCGA, PanCancer Atlas)",Cutaneous Melanoma,440,ANO5,Ano5,203859,35,7.954545454545454
skcm_tcga_pan_can_atlas_2018,"Skin Cutaneous Melanoma (TCGA, PanCancer Atlas)",Cutaneous Melanoma,440,APBA1,Apba1,320,27,6.136363636363637
skcm_tcga_pan_can_atlas_2018,"Skin Cutaneous Melanoma (TCGA, PanCancer Atlas)",Cutaneous Melanoma,440,APLP1,Aplp1,333,22,5.0
skcm_tcga_pan_can_atlas_2018,"Skin Cutaneous Melanoma (TCGA, PanCancer Atlas)",Cutaneous Melanoma,440,ARAP2,Arap2,116984,63,14.318181818181818
skcm_tcga_pan_can_atlas_2018,"Skin Cutaneous Melanoma (TCGA, PanCancer Atlas)",Cutaneous Melanoma,440,ARHGAP20,Arhgap20,57569,25,5.681818181818182
skcm_tcga_pan_can_atlas_2018,"Skin Cutaneous Melanoma (TCGA, PanCancer Atlas)",Cutaneous Melanoma,440,ARHGAP21,Arhgap21,57584,36,8.181818181818182
skcm_tcga_pan_can_atlas_2018,"Skin Cutaneous Melanoma (TCGA, PanCancer Atlas)",Cutaneous Melanoma,440,ARHGAP5,Arhgap5,394,30,6.818181818181818
skcm_tcga_pan_can_atlas_2018,"Skin Cutaneous Melanoma (TCGA, PanCancer Atlas)",Cutaneous Melanoma,440,ARID5B,Arid5b,84159,26,5.909090909090909
skcm_tcga_pan_can_atlas_2018,"Skin Cutaneous Melanoma (TCGA, PanCancer Atlas)",Cutaneous Melanoma,440,ARPP21,Arpp21,10777,56,12.727272727272727
skcm_tcga_pan_can_atlas_2018,"Skin Cutaneous Melanoma (TCGA, PanCancer Atlas)",Cutaneous Melanoma,440,ASIC2,Asic2,40,25,5.681818181818182
skcm_tcga_pan_can_atlas_2018,"Skin Cutaneous Melanoma (TCGA, PanCancer Atlas)",Cutaneous Melanoma,440,ASTN1,Astn1,460,86,19.545454545454547
skcm_tcga_pan_can_atlas_2018,"Skin Cutaneous Melanoma (TCGA, PanCancer Atlas)",Cutaneous Melanoma,440,ASTN2,Astn2,23245,64,14.545454545454545
skcm_tcga_pan_can_atlas_2018,"Skin Cutaneous Melanoma (TCGA, PanCancer Atlas)",Cutaneous Melanoma,440,ATP1A3,Atp1a3,478,45,10.227272727272727
skcm_tcga_pan_can_atlas_2018,"Skin Cutaneous Melanoma (TCGA, PanCancer Atlas)",Cutaneous Melanoma,440,ATP2A2,Atp2a2,488,32,7.2727272727272725
skcm_tcga_pan_can_atlas_2018,"Skin Cutaneous Melanoma (TCGA, PanCancer Atlas)",Cutaneous Melanoma,440,ATP8A2,Atp8a2,51761,28,6.363636363636363
skcm_tcga_pan_can_atlas_2018,"Skin Cutaneous Melanoma (TCGA, PanCancer Atlas)",Cutaneous Melanoma,440,ATRNL1,Atrnl1,26033,48,10.909090909090908
skcm_tcga_pan_can_atlas_2018,"Skin Cutaneous Melanoma (TCGA, PanCancer Atlas)",Cutaneous Melanoma,440,ATXN1,Atxn1,6310,26,5.909090909090909
skcm_tcga_pan_can_atlas_2018,"Skin Cutaneous Melanoma (TCGA, PanCancer Atlas)",Cutaneous Melanoma,440,BACH2,Bach2,60468,27,6.136363636363637
skcm_tcga_pan_can_atlas_2018,"Skin Cutaneous Melanoma (TCGA, PanCancer Atlas)",Cutaneous Melanoma,440,BAIAP2,Baiap2,10458,14,3.1818181818181817
skcm_tcga_pan_can_atlas_2018,"Skin Cutaneous Melanoma (TCGA, PanCancer Atlas)",Cutaneous Melanoma,440,BCL11A,Bcl11a,53335,39,8.863636363636363
skcm_tcga_pan_can_atlas_2018,"Skin Cutaneous Melanoma (TCGA, PanCancer Atlas)",Cutaneous Melanoma,440,BCL11B,Bcl11b,64919,40,9.090909090909092
skcm_tcga_pan_can_atlas_2018,"Skin Cutaneous Melanoma (TCGA, PanCancer Atlas)",Cutaneous Melanoma,440,BDP1,Bdp1,55814,35,7.954545454545454
skcm_tcga_pan_can_atlas_2018,"Skin Cutaneous Melanoma (TCGA, PanCancer Atlas)",Cutaneous Melanoma,440,BMPER,Bmper,168667,54,12.272727272727273
skcm_tcga_pan_can_atlas_2018,"Skin Cutaneous Melanoma (TCGA, PanCancer Atlas)",Cutaneous Melanoma,440,BRINP2,Brinp2,57795,57,12.954545454545455
skcm_tcga_pan_can_atlas_2018,"Skin Cutaneous Melanoma (TCGA, PanCancer Atlas)",Cutaneous Melanoma,440,BRINP3,Brinp3,339479,81,18.40909090909091
skcm_tcga_pan_can_atlas_2018,"Skin Cutaneous Melanoma (TCGA, PanCancer Atlas)",Cutaneous Melanoma,440,BSN,Bsn,8927,101,22.954545454545453
skcm_tcga_pan_can_atlas_2018,"Skin Cutaneous Melanoma (TCGA, PanCancer Atlas)",Cutaneous Melanoma,440,CACNA1A,Cacna1a,773,62,14.090909090909092
skcm_tcga_pan_can_atlas_2018,"Skin Cutaneous Melanoma (TCGA, PanCancer Atlas)",Cutaneous Melanoma,440,CACNA1B,Cacna1b,774,53,12.045454545454545
skcm_tcga_pan_can_atlas_2018,"Skin Cutaneous Melanoma (TCGA, PanCancer Atlas)",Cutaneous Melanoma,440,CACNA1C,Cacna1c,775,83,18.863636363636363
skcm_tcga_pan_can_atlas_2018,"Skin Cutaneous Melanoma (TCGA, PanCancer Atlas)",Cutaneous Melanoma,440,CACNA1D,Cacna1d,776,52,11.818181818181818
skcm_tcga_pan_can_atlas_2018,"Skin Cutaneous Melanoma (TCGA, PanCancer Atlas)",Cutaneous Melanoma,440,CACNA1E,Cacna1e,777,112,25.454545454545453
skcm_tcga_pan_can_atlas_2018,"Skin Cutaneous Melanoma (TCGA, PanCancer Atlas)",Cutaneous Melanoma,440,CACNA2D1,Cacna2d1,781,43,9.772727272727273
skcm_tcga_pan_can_atlas_2018,"Skin Cutaneous Melanoma (TCGA, PanCancer Atlas)",Cutaneous Melanoma,440,CACNA2D3,Cacna2d3,55799,82,18.636363636363637
skcm_tcga_pan_can_atlas_2018,"Skin Cutaneous Melanoma (TCGA, PanCancer Atlas)",Cutaneous Melanoma,440,CACNB2,Cacnb2,783,26,5.909090909090909
skcm_tcga_pan_can_atlas_2018,"Skin Cutaneous Melanoma (TCGA, PanCancer Atlas)",Cutaneous Melanoma,440,CACNB4,Cacnb4,785,22,5.0
skcm_tcga_pan_can_atlas_2018,"Skin Cutaneous Melanoma (TCGA, PanCancer Atlas)",Cutaneous Melanoma,440,CACNG3,Cacng3,10368,30,6.818181818181818
skcm_tcga_pan_can_atlas_2018,"Skin Cutaneous Melanoma (TCGA, PanCancer Atlas)",Cutaneous Melanoma,440,CADM2,Cadm2,253559,41,9.318181818181818
skcm_tcga_pan_can_atlas_2018,"Skin Cutaneous Melanoma (TCGA, PanCancer Atlas)",Cutaneous Melanoma,440,CADPS,Cadps,8618,36,8.181818181818182
skcm_tcga_pan_can_atlas_2018,"Skin Cutaneous Melanoma (TCGA, PanCancer Atlas)",Cutaneous Melanoma,440,CAMTA1,Camta1,23261,43,9.772727272727273
skcm_tcga_pan_can_atlas_2018,"Skin Cutaneous Melanoma (TCGA, PanCancer Atlas)",Cutaneous Melanoma,440,CAP2,Cap2,10486,24,5.454545454545454
skcm_tcga_pan_can_atlas_2018,"Skin Cutaneous Melanoma (TCGA, PanCancer Atlas)",Cutaneous Melanoma,440,CCDC136,Ccdc136,64753,19,4.318181818181818
skcm_tcga_pan_can_atlas_2018,"Skin Cutaneous Melanoma (TCGA, PanCancer Atlas)",Cutaneous Melanoma,440,CCSER1,Ccser1,401145,26,5.909090909090909
skcm_tcga_pan_can_atlas_2018,"Skin Cutaneous Melanoma (TCGA, PanCancer Atlas)",Cutaneous Melanoma,440,CDH10,Cdh10,1008,58,13.181818181818182
skcm_tcga_pan_can_atlas_2018,"Skin Cutaneous Melanoma (TCGA, PanCancer Atlas)",Cutaneous Melanoma,440,CDH12,Cdh12,1010,53,12.045454545454545
skcm_tcga_pan_can_atlas_2018,"Skin Cutaneous Melanoma (TCGA, PanCancer Atlas)",Cutaneous Melanoma,440,CDH13,Cdh13,1012,40,9.090909090909092
skcm_tcga_pan_can_atlas_2018,"Skin Cutaneous Melanoma (TCGA, PanCancer Atlas)",Cutaneous Melanoma,440,CDH2,Cdh2,1000,31,7.045454545454546
skcm_tcga_pan_can_atlas_2018,"Skin Cutaneous Melanoma (TCGA, PanCancer Atlas)",Cutaneous Melanoma,440,CDH22,Cdh22,64405,19,4.318181818181818
skcm_tcga_pan_can_atlas_2018,"Skin Cutaneous Melanoma (TCGA, PanCancer Atlas)",Cutaneous Melanoma,440,CDH4,Cdh4,1002,54,12.272727272727273
skcm_tcga_pan_can_atlas_2018,"Skin Cutaneous Melanoma (TCGA, PanCancer Atlas)",Cutaneous Melanoma,440,CDH8,Cdh8,1006,68,15.454545454545455
skcm_tcga_pan_can_atlas_2018,"Skin Cutaneous Melanoma (TCGA, PanCancer Atlas)",Cutaneous Melanoma,440,CDH9,Cdh9,1007,66,15.0
skcm_tcga_pan_can_atlas_2018,"Skin Cutaneous Melanoma (TCGA, PanCancer Atlas)",Cutaneous Melanoma,440,CDK14,Cdk14,5218,17,3.8636363636363638
skcm_tcga_pan_can_atlas_2018,"Skin Cutaneous Melanoma (TCGA, PanCancer Atlas)",Cutaneous Melanoma,440,CDKL5,Cdkl5,6792,30,6.818181818181818
skcm_tcga_pan_can_atlas_2018,"Skin Cutaneous Melanoma (TCGA, PanCancer Atlas)",Cutaneous Melanoma,440,CELF4,Celf4,56853,15,3.409090909090909
skcm_tcga_pan_can_atlas_2018,"Skin Cutaneous Melanoma (TCGA, PanCancer Atlas)",Cutaneous Melanoma,440,CEMIP,Cemip,57214,49,11.136363636363637
skcm_tcga_pan_can_atlas_2018,"Skin Cutaneous Melanoma (TCGA, PanCancer Atlas)",Cutaneous Melanoma,440,CHGB,Chgb,1114,55,12.5
skcm_tcga_pan_can_atlas_2018,"Skin Cutaneous Melanoma (TCGA, PanCancer Atlas)",Cutaneous Melanoma,440,CHL1,Chl1,10752,67,15.227272727272727
skcm_tcga_pan_can_atlas_2018,"Skin Cutaneous Melanoma (TCGA, PanCancer Atlas)",Cutaneous Melanoma,440,CHRM3,Chrm3,1131,40,9.090909090909092
skcm_tcga_pan_can_atlas_2018,"Skin Cutaneous Melanoma (TCGA, PanCancer Atlas)",Cutaneous Melanoma,440,CHSY3,Chsy3,337876,21,4.7727272727272725
skcm_tcga_pan_can_atlas_2018,"Skin Cutaneous Melanoma (TCGA, PanCancer Atlas)",Cutaneous Melanoma,440,CIT,Cit,11113,35,7.954545454545454
skcm_tcga_pan_can_atlas_2018,"Skin Cutaneous Melanoma (TCGA, PanCancer Atlas)",Cutaneous Melanoma,440,CLEC16A,Clec16a,23274,25,5.681818181818182
skcm_tcga_pan_can_atlas_2018,"Skin Cutaneous Melanoma (TCGA, PanCancer Atlas)",Cutaneous Melanoma,440,CLIP4,Clip4,79745,26,5.909090909090909
skcm_tcga_pan_can_atlas_2018,"Skin Cutaneous Melanoma (TCGA, PanCancer Atlas)",Cutaneous Melanoma,440,CLSTN2,Clstn2,64084,47,10.681818181818182
skcm_tcga_pan_can_atlas_2018,"Skin Cutaneous Melanoma (TCGA, PanCancer Atlas)",Cutaneous Melanoma,440,CLVS1,Clvs1,157807,38,8.636363636363637
skcm_tcga_pan_can_atlas_2018,"Skin Cutaneous Melanoma (TCGA, PanCancer Atlas)",Cutaneous Melanoma,440,CNR1,Cnr1,1268,21,4.7727272727272725
skcm_tcga_pan_can_atlas_2018,"Skin Cutaneous Melanoma (TCGA, PanCancer Atlas)",Cutaneous Melanoma,440,CNTN3,Cntn3,5067,35,7.954545454545454
skcm_tcga_pan_can_atlas_2018,"Skin Cutaneous Melanoma (TCGA, PanCancer Atlas)",Cutaneous Melanoma,440,CNTN4,Cntn4,152330,83,18.863636363636363
skcm_tcga_pan_can_atlas_2018,"Skin Cutaneous Melanoma (TCGA, PanCancer Atlas)",Cutaneous Melanoma,440,CNTN5,Cntn5,53942,101,22.954545454545453
skcm_tcga_pan_can_atlas_2018,"Skin Cutaneous Melanoma (TCGA, PanCancer Atlas)",Cutaneous Melanoma,440,CNTN6,Cntn6,27255,58,13.181818181818182
skcm_tcga_pan_can_atlas_2018,"Skin Cutaneous Melanoma (TCGA, PanCancer Atlas)",Cutaneous Melanoma,440,CNTNAP2,Cntnap2,26047,102,23.181818181818183
skcm_tcga_pan_can_atlas_2018,"Skin Cutaneous Melanoma (TCGA, PanCancer Atlas)",Cutaneous Melanoma,440,CNTNAP4,Cntnap4,85445,62,14.090909090909092
skcm_tcga_pan_can_atlas_2018,"Skin Cutaneous Melanoma (TCGA, PanCancer Atlas)",Cutaneous Melanoma,440,COL11A1,Col11a1,1301,117,26.59090909090909
skcm_tcga_pan_can_atlas_2018,"Skin Cutaneous Melanoma (TCGA, PanCancer Atlas)",Cutaneous Melanoma,440,COL16A1,Col16a1,1307,37,8.409090909090908
skcm_tcga_pan_can_atlas_2018,"Skin Cutaneous Melanoma (TCGA, PanCancer Atlas)",Cutaneous Melanoma,440,COL19A1,Col19a1,1310,67,15.227272727272727
skcm_tcga_pan_can_atlas_2018,"Skin Cutaneous Melanoma (TCGA, PanCancer Atlas)",Cutaneous Melanoma,440,COL24A1,Col24a1,255631,62,14.090909090909092
skcm_tcga_pan_can_atlas_2018,"Skin Cutaneous Melanoma (TCGA, PanCancer Atlas)",Cutaneous Melanoma,440,COL25A1,Col25a1,84570,37,8.409090909090908
skcm_tcga_pan_can_atlas_2018,"Skin Cutaneous Melanoma (TCGA, PanCancer Atlas)",Cutaneous Melanoma,440,CORO6,Coro6,84940,6,1.3636363636363635
skcm_tcga_pan_can_atlas_2018,"Skin Cutaneous Melanoma (TCGA, PanCancer Atlas)",Cutaneous Melanoma,440,CPNE4,Cpne4,131034,37,8.409090909090908
skcm_tcga_pan_can_atlas_2018,"Skin Cutaneous Melanoma (TCGA, PanCancer Atlas)",Cutaneous Melanoma,440,CSMD1,Csmd1,64478,175,39.77272727272727
skcm_tcga_pan_can_atlas_2018,"Skin Cutaneous Melanoma (TCGA, PanCancer Atlas)",Cutaneous Melanoma,440,CSMD2,Csmd2,114784,174,39.54545454545455
skcm_tcga_pan_can_atlas_2018,"Skin Cutaneous Melanoma (TCGA, PanCancer Atlas)",Cutaneous Melanoma,440,CSMD3,Csmd3,114788,164,37.27272727272727
skcm_tcga_pan_can_atlas_2018,"Skin Cutaneous Melanoma (TCGA, PanCancer Atlas)",Cutaneous Melanoma,440,CSRNP3,Csrnp3,80034,18,4.090909090909091
skcm_tcga_pan_can_atlas_2018,"Skin Cutaneous Melanoma (TCGA, PanCancer Atlas)",Cutaneous Melanoma,440,CUX1,Cux1,1523,40,9.090909090909092
skcm_tcga_pan_can_atlas_2018,"Skin Cutaneous Melanoma (TCGA, PanCancer Atlas)",Cutaneous Melanoma,440,CUX2,Cux2,23316,56,12.727272727272727
skcm_tcga_pan_can_atlas_2018,"Skin Cutaneous Melanoma (TCGA, PanCancer Atlas)",Cutaneous Melanoma,440,CYFIP2,Cyfip2,26999,30,6.818181818181818
skcm_tcga_pan_can_atlas_2018,"Skin Cutaneous Melanoma (TCGA, PanCancer Atlas)",Cutaneous Melanoma,440,DAAM1,Daam1,23002,26,5.909090909090909
skcm_tcga_pan_can_atlas_2018,"Skin Cutaneous Melanoma (TCGA, PanCancer Atlas)",Cutaneous Melanoma,440,DAB1,Dab1,1600,63,14.318181818181818
skcm_tcga_pan_can_atlas_2018,"Skin Cutaneous Melanoma (TCGA, PanCancer Atlas)",Cutaneous Melanoma,440,DACH1,Dach1,1602,42,9.545454545454545
skcm_tcga_pan_can_atlas_2018,"Skin Cutaneous Melanoma (TCGA, PanCancer Atlas)",Cutaneous Melanoma,440,DAPK1,Dapk1,1612,25,5.681818181818182
skcm_tcga_pan_can_atlas_2018,"Skin Cutaneous Melanoma (TCGA, PanCancer Atlas)",Cutaneous Melanoma,440,DCC,Dcc,1630,117,26.59090909090909
skcm_tcga_pan_can_atlas_2018,"Skin Cutaneous Melanoma (TCGA, PanCancer Atlas)",Cutaneous Melanoma,440,DENND5B,Dennd5b,160518,25,5.681818181818182
skcm_tcga_pan_can_atlas_2018,"Skin Cutaneous Melanoma (TCGA, PanCancer Atlas)",Cutaneous Melanoma,440,DGKB,Dgkb,1607,47,10.681818181818182
skcm_tcga_pan_can_atlas_2018,"Skin Cutaneous Melanoma (TCGA, PanCancer Atlas)",Cutaneous Melanoma,440,DGKD,Dgkd,8527,27,6.136363636363637
skcm_tcga_pan_can_atlas_2018,"Skin Cutaneous Melanoma (TCGA, PanCancer Atlas)",Cutaneous Melanoma,440,DGKG,Dgkg,1608,36,8.181818181818182
skcm_tcga_pan_can_atlas_2018,"Skin Cutaneous Melanoma (TCGA, PanCancer Atlas)",Cutaneous Melanoma,440,DGKH,Dgkh,160851,20,4.545454545454546
skcm_tcga_pan_can_atlas_2018,"Skin Cutaneous Melanoma (TCGA, PanCancer Atlas)",Cutaneous Melanoma,440,DGKI,Dgki,9162,49,11.136363636363637
skcm_tcga_pan_can_atlas_2018,"Skin Cutaneous Melanoma (TCGA, PanCancer Atlas)",Cutaneous Melanoma,440,DIP2A,Dip2a,23181,30,6.818181818181818
skcm_tcga_pan_can_atlas_2018,"Skin Cutaneous Melanoma (TCGA, PanCancer Atlas)",Cutaneous Melanoma,440,DLC1,Dlc1,10395,39,8.863636363636363
skcm_tcga_pan_can_atlas_2018,"Skin Cutaneous Melanoma (TCGA, PanCancer Atlas)",Cutaneous Melanoma,440,DLG2,Dlg2,1740,49,11.136363636363637
skcm_tcga_pan_can_atlas_2018,"Skin Cutaneous Melanoma (TCGA, PanCancer Atlas)",Cutaneous Melanoma,440,DLGAP1,Dlgap1,9229,28,6.363636363636363
skcm_tcga_pan_can_atlas_2018,"Skin Cutaneous Melanoma (TCGA, PanCancer Atlas)",Cutaneous Melanoma,440,DLGAP2,Dlgap2,9228,31,7.045454545454546
skcm_tcga_pan_can_atlas_2018,"Skin Cutaneous Melanoma (TCGA, PanCancer Atlas)",Cutaneous Melanoma,440,DMD,Dmd,1756,69,15.681818181818182
skcm_tcga_pan_can_atlas_2018,"Skin Cutaneous Melanoma (TCGA, PanCancer Atlas)",Cutaneous Melanoma,440,DNER,Dner,92737,43,9.772727272727273
skcm_tcga_pan_can_atlas_2018,"Skin Cutaneous Melanoma (TCGA, PanCancer Atlas)",Cutaneous Melanoma,440,DOCK10,Dock10,55619,48,10.909090909090908
skcm_tcga_pan_can_atlas_2018,"Skin Cutaneous Melanoma (TCGA, PanCancer Atlas)",Cutaneous Melanoma,440,DOCK3,Dock3,1795,91,20.681818181818183
skcm_tcga_pan_can_atlas_2018,"Skin Cutaneous Melanoma (TCGA, PanCancer Atlas)",Cutaneous Melanoma,440,DOCK4,Dock4,9732,52,11.818181818181818
skcm_tcga_pan_can_atlas_2018,"Skin Cutaneous Melanoma (TCGA, PanCancer Atlas)",Cutaneous Melanoma,440,DOCK9,Dock9,23348,48,10.909090909090908
skcm_tcga_pan_can_atlas_2018,"Skin Cutaneous Melanoma (TCGA, PanCancer Atlas)",Cutaneous Melanoma,440,DOK5,Dok5,55816,17,3.8636363636363638
skcm_tcga_pan_can_atlas_2018,"Skin Cutaneous Melanoma (TCGA, PanCancer Atlas)",Cutaneous Melanoma,440,DPP6,Dpp6,1804,36,8.181818181818182
skcm_tcga_pan_can_atlas_2018,"Skin Cutaneous Melanoma (TCGA, PanCancer Atlas)",Cutaneous Melanoma,440,DSCAM,Dscam,1826,151,34.31818181818182
skcm_tcga_pan_can_atlas_2018,"Skin Cutaneous Melanoma (TCGA, PanCancer Atlas)",Cutaneous Melanoma,440,DSCAML1,Dscaml1,57453,75,17.045454545454547
skcm_tcga_pan_can_atlas_2018,"Skin Cutaneous Melanoma (TCGA, PanCancer Atlas)",Cutaneous Melanoma,440,DYNC1H1,Dync1h1,1778,62,14.090909090909092
skcm_tcga_pan_can_atlas_2018,"Skin Cutaneous Melanoma (TCGA, PanCancer Atlas)",Cutaneous Melanoma,440,DYNC1I1,Dync1i1,1780,17,3.8636363636363638
skcm_tcga_pan_can_atlas_2018,"Skin Cutaneous Melanoma (TCGA, PanCancer Atlas)",Cutaneous Melanoma,440,DYNC2H1,Dync2h1,79659,71,16.136363636363637
skcm_tcga_pan_can_atlas_2018,"Skin Cutaneous Melanoma (TCGA, PanCancer Atlas)",Cutaneous Melanoma,440,EEPD1,Eepd1,80820,16,3.6363636363636362
skcm_tcga_pan_can_atlas_2018,"Skin Cutaneous Melanoma (TCGA, PanCancer Atlas)",Cutaneous Melanoma,440,EFR3A,Efr3a,23167,22,5.0
skcm_tcga_pan_can_atlas_2018,"Skin Cutaneous Melanoma (TCGA, PanCancer Atlas)",Cutaneous Melanoma,440,EGFR,Egfr,1956,35,7.954545454545454
skcm_tcga_pan_can_atlas_2018,"Skin Cutaneous Melanoma (TCGA, PanCancer Atlas)",Cutaneous Melanoma,440,ELAVL2,Elavl2,1993,30,6.818181818181818
skcm_tcga_pan_can_atlas_2018,"Skin Cutaneous Melanoma (TCGA, PanCancer Atlas)",Cutaneous Melanoma,440,ENOX1,Enox1,55068,21,4.7727272727272725
skcm_tcga_pan_can_atlas_2018,"Skin Cutaneous Melanoma (TCGA, PanCancer Atlas)",Cutaneous Melanoma,440,EPHA3,Epha3,2042,55,12.5
skcm_tcga_pan_can_atlas_2018,"Skin Cutaneous Melanoma (TCGA, PanCancer Atlas)",Cutaneous Melanoma,440,EPHA4,Epha4,2043,37,8.409090909090908
skcm_tcga_pan_can_atlas_2018,"Skin Cutaneous Melanoma (TCGA, PanCancer Atlas)",Cutaneous Melanoma,440,EPHA6,Epha6,285220,83,18.863636363636363
skcm_tcga_pan_can_atlas_2018,"Skin Cutaneous Melanoma (TCGA, PanCancer Atlas)",Cutaneous Melanoma,440,EPHB6,Ephb6,2051,40,9.090909090909092
skcm_tcga_pan_can_atlas_2018,"Skin Cutaneous Melanoma (TCGA, PanCancer Atlas)",Cutaneous Melanoma,440,ERBB4,Erbb4,2066,77,17.5
skcm_tcga_pan_can_atlas_2018,"Skin Cutaneous Melanoma (TCGA, PanCancer Atlas)",Cutaneous Melanoma,440,ERC2,Erc2,26059,76,17.272727272727273
skcm_tcga_pan_can_atlas_2018,"Skin Cutaneous Melanoma (TCGA, PanCancer Atlas)",Cutaneous Melanoma,440,ESRRG,Esrrg,2104,23,5.2272727272727275
skcm_tcga_pan_can_atlas_2018,"Skin Cutaneous Melanoma (TCGA, PanCancer Atlas)",Cutaneous Melanoma,440,ETV6,Etv6,2120,16,3.6363636363636362
skcm_tcga_pan_can_atlas_2018,"Skin Cutaneous Melanoma (TCGA, PanCancer Atlas)",Cutaneous Melanoma,440,EXOC4,Exoc4,60412,19,4.318181818181818
skcm_tcga_pan_can_atlas_2018,"Skin Cutaneous Melanoma (TCGA, PanCancer Atlas)",Cutaneous Melanoma,440,EYA4,Eya4,2070,53,12.045454545454545
skcm_tcga_pan_can_atlas_2018,"Skin Cutaneous Melanoma (TCGA, PanCancer Atlas)",Cutaneous Melanoma,440,FAM135B,Fam135b,51059,122,27.727272727272727
skcm_tcga_pan_can_atlas_2018,"Skin Cutaneous Melanoma (TCGA, PanCancer Atlas)",Cutaneous Melanoma,440,FAT1,Fat1,2195,60,13.636363636363637
skcm_tcga_pan_can_atlas_2018,"Skin Cutaneous Melanoma (TCGA, PanCancer Atlas)",Cutaneous Melanoma,440,FAT3,Fat3,120114,137,31.136363636363637
skcm_tcga_pan_can_atlas_2018,"Skin Cutaneous Melanoma (TCGA, PanCancer Atlas)",Cutaneous Melanoma,440,FGF13,Fgf13,2258,13,2.9545454545454546
skcm_tcga_pan_can_atlas_2018,"Skin Cutaneous Melanoma (TCGA, PanCancer Atlas)",Cutaneous Melanoma,440,FHOD3,Fhod3,80206,25,5.681818181818182
skcm_tcga_pan_can_atlas_2018,"Skin Cutaneous Melanoma (TCGA, PanCancer Atlas)",Cutaneous Melanoma,440,FMN1,Fmn1,342184,6,1.3636363636363635
skcm_tcga_pan_can_atlas_2018,"Skin Cutaneous Melanoma (TCGA, PanCancer Atlas)",Cutaneous Melanoma,440,FMN2,Fmn2,56776,95,21.59090909090909
skcm_tcga_pan_can_atlas_2018,"Skin Cutaneous Melanoma (TCGA, PanCancer Atlas)",Cutaneous Melanoma,440,FOCAD,Focad,54914,33,7.5
skcm_tcga_pan_can_atlas_2018,"Skin Cutaneous Melanoma (TCGA, PanCancer Atlas)",Cutaneous Melanoma,440,FRAS1,Fras1,80144,107,24.318181818181817
skcm_tcga_pan_can_atlas_2018,"Skin Cutaneous Melanoma (TCGA, PanCancer Atlas)",Cutaneous Melanoma,440,FREM1,Frem1,158326,81,18.40909090909091
skcm_tcga_pan_can_atlas_2018,"Skin Cutaneous Melanoma (TCGA, PanCancer Atlas)",Cutaneous Melanoma,440,FRMPD4,Frmpd4,9758,50,11.363636363636363
skcm_tcga_pan_can_atlas_2018,"Skin Cutaneous Melanoma (TCGA, PanCancer Atlas)",Cutaneous Melanoma,440,FRY,Fry,10129,52,11.818181818181818
skcm_tcga_pan_can_atlas_2018,"Skin Cutaneous Melanoma (TCGA, PanCancer Atlas)",Cutaneous Melanoma,440,FSTL4,Fstl4,23105,22,5.0
skcm_tcga_pan_can_atlas_2018,"Skin Cutaneous Melanoma (TCGA, PanCancer Atlas)",Cutaneous Melanoma,440,FSTL5,Fstl5,56884,55,12.5
skcm_tcga_pan_can_atlas_2018,"Skin Cutaneous Melanoma (TCGA, PanCancer Atlas)",Cutaneous Melanoma,440,FUT9,Fut9,10690,47,10.681818181818182
skcm_tcga_pan_can_atlas_2018,"Skin Cutaneous Melanoma (TCGA, PanCancer Atlas)",Cutaneous Melanoma,440,GABBR1,Gabbr1,2550,20,4.545454545454546
skcm_tcga_pan_can_atlas_2018,"Skin Cutaneous Melanoma (TCGA, PanCancer Atlas)",Cutaneous Melanoma,440,GABBR2,Gabbr2,9568,34,7.7272727272727275
skcm_tcga_pan_can_atlas_2018,"Skin Cutaneous Melanoma (TCGA, PanCancer Atlas)",Cutaneous Melanoma,440,GABRA1,Gabra1,2554,29,6.590909090909091
skcm_tcga_pan_can_atlas_2018,"Skin Cutaneous Melanoma (TCGA, PanCancer Atlas)",Cutaneous Melanoma,440,GABRA2,Gabra2,2555,33,7.5
skcm_tcga_pan_can_atlas_2018,"Skin Cutaneous Melanoma (TCGA, PanCancer Atlas)",Cutaneous Melanoma,440,GABRB1,Gabrb1,2560,23,5.2272727272727275
skcm_tcga_pan_can_atlas_2018,"Skin Cutaneous Melanoma (TCGA, PanCancer Atlas)",Cutaneous Melanoma,440,GABRB2,Gabrb2,2561,43,9.772727272727273
skcm_tcga_pan_can_atlas_2018,"Skin Cutaneous Melanoma (TCGA, PanCancer Atlas)",Cutaneous Melanoma,440,GABRD,Gabrd,2563,15,3.409090909090909
skcm_tcga_pan_can_atlas_2018,"Skin Cutaneous Melanoma (TCGA, PanCancer Atlas)",Cutaneous Melanoma,440,GABRG2,Gabrg2,2566,32,7.2727272727272725
skcm_tcga_pan_can_atlas_2018,"Skin Cutaneous Melanoma (TCGA, PanCancer Atlas)",Cutaneous Melanoma,440,GABRG3,Gabrg3,2567,20,4.545454545454546
skcm_tcga_pan_can_atlas_2018,"Skin Cutaneous Melanoma (TCGA, PanCancer Atlas)",Cutaneous Melanoma,440,GAD1,Gad1,2571,26,5.909090909090909
skcm_tcga_pan_can_atlas_2018,"Skin Cutaneous Melanoma (TCGA, PanCancer Atlas)",Cutaneous Melanoma,440,GALNT13,Galnt13,114805,54,12.272727272727273
skcm_tcga_pan_can_atlas_2018,"Skin Cutaneous Melanoma (TCGA, PanCancer Atlas)",Cutaneous Melanoma,440,GALNT14,Galnt14,79623,42,9.545454545454545
skcm_tcga_pan_can_atlas_2018,"Skin Cutaneous Melanoma (TCGA, PanCancer Atlas)",Cutaneous Melanoma,440,GALNT18,Galnt18,374378,23,5.2272727272727275
skcm_tcga_pan_can_atlas_2018,"Skin Cutaneous Melanoma (TCGA, PanCancer Atlas)",Cutaneous Melanoma,440,GALNTL6,Galntl6,442117,34,7.7272727272727275
skcm_tcga_pan_can_atlas_2018,"Skin Cutaneous Melanoma (TCGA, PanCancer Atlas)",Cutaneous Melanoma,440,GAP43,Gap43,2596,17,3.8636363636363638
skcm_tcga_pan_can_atlas_2018,"Skin Cutaneous Melanoma (TCGA, PanCancer Atlas)",Cutaneous Melanoma,440,GARNL3,Garnl3,84253,18,4.090909090909091
skcm_tcga_pan_can_atlas_2018,"Skin Cutaneous Melanoma (TCGA, PanCancer Atlas)",Cutaneous Melanoma,440,GAS7,Gas7,8522,8,1.8181818181818181
skcm_tcga_pan_can_atlas_2018,"Skin Cutaneous Melanoma (TCGA, PanCancer Atlas)",Cutaneous Melanoma,440,GCC2,Gcc2,9648,18,4.090909090909091
skcm_tcga_pan_can_atlas_2018,"Skin Cutaneous Melanoma (TCGA, PanCancer Atlas)",Cutaneous Melanoma,440,GDA,Gda,9615,20,4.545454545454546
skcm_tcga_pan_can_atlas_2018,"Skin Cutaneous Melanoma (TCGA, PanCancer Atlas)",Cutaneous Melanoma,440,GHR,Ghr,2690,56,12.727272727272727
skcm_tcga_pan_can_atlas_2018,"Skin Cutaneous Melanoma (TCGA, PanCancer Atlas)",Cutaneous Melanoma,440,GNPTAB,Gnptab,79158,13,2.9545454545454546
skcm_tcga_pan_can_atlas_2018,"Skin Cutaneous Melanoma (TCGA, PanCancer Atlas)",Cutaneous Melanoma,440,GOLIM4,Golim4,27333,12,2.727272727272727
skcm_tcga_pan_can_atlas_2018,"Skin Cutaneous Melanoma (TCGA, PanCancer Atlas)",Cutaneous Melanoma,440,GOT1,Got1,2805,11,2.5
skcm_tcga_pan_can_atlas_2018,"Skin Cutaneous Melanoma (TCGA, PanCancer Atlas)",Cutaneous Melanoma,440,GPR158,Gpr158,57512,60,13.636363636363637
skcm_tcga_pan_can_atlas_2018,"Skin Cutaneous Melanoma (TCGA, PanCancer Atlas)",Cutaneous Melanoma,440,GRIA1,Gria1,2890,64,14.545454545454545
skcm_tcga_pan_can_atlas_2018,"Skin Cutaneous Melanoma (TCGA, PanCancer Atlas)",Cutaneous Melanoma,440,GRIA3,Gria3,2892,36,8.181818181818182
skcm_tcga_pan_can_atlas_2018,"Skin Cutaneous Melanoma (TCGA, PanCancer Atlas)",Cutaneous Melanoma,440,GRIA4,Gria4,2893,41,9.318181818181818
skcm_tcga_pan_can_atlas_2018,"Skin Cutaneous Melanoma (TCGA, PanCancer Atlas)",Cutaneous Melanoma,440,GRID1,Grid1,2894,47,10.681818181818182
skcm_tcga_pan_can_atlas_2018,"Skin Cutaneous Melanoma (TCGA, PanCancer Atlas)",Cutaneous Melanoma,440,GRID2,Grid2,2895,72,16.363636363636363
skcm_tcga_pan_can_atlas_2018,"Skin Cutaneous Melanoma (TCGA, PanCancer Atlas)",Cutaneous Melanoma,440,GRIK1,Grik1,2897,43,9.772727272727273
skcm_tcga_pan_can_atlas_2018,"Skin Cutaneous Melanoma (TCGA, PanCancer Atlas)",Cutaneous Melanoma,440,GRIK3,Grik3,2899,44,10.0
skcm_tcga_pan_can_atlas_2018,"Skin Cutaneous Melanoma (TCGA, PanCancer Atlas)",Cutaneous Melanoma,440,GRIN2A,Grin2a,2903,118,26.818181818181817
skcm_tcga_pan_can_atlas_2018,"Skin Cutaneous Melanoma (TCGA, PanCancer Atlas)",Cutaneous Melanoma,440,GRIN3A,Grin3a,116443,71,16.136363636363637
skcm_tcga_pan_can_atlas_2018,"Skin Cutaneous Melanoma (TCGA, PanCancer Atlas)",Cutaneous Melanoma,440,GRM3,Grm3,2913,76,17.272727272727273
skcm_tcga_pan_can_atlas_2018,"Skin Cutaneous Melanoma (TCGA, PanCancer Atlas)",Cutaneous Melanoma,440,GRM5,Grm5,2915,30,6.818181818181818
skcm_tcga_pan_can_atlas_2018,"Skin Cutaneous Melanoma (TCGA, PanCancer Atlas)",Cutaneous Melanoma,440,GRM7,Grm7,2917,65,14.772727272727273
skcm_tcga_pan_can_atlas_2018,"Skin Cutaneous Melanoma (TCGA, PanCancer Atlas)",Cutaneous Melanoma,440,GRM8,Grm8,2918,67,15.227272727272727
skcm_tcga_pan_can_atlas_2018,"Skin Cutaneous Melanoma (TCGA, PanCancer Atlas)",Cutaneous Melanoma,440,HCN1,Hcn1,348980,63,14.318181818181818
skcm_tcga_pan_can_atlas_2018,"Skin Cutaneous Melanoma (TCGA, PanCancer Atlas)",Cutaneous Melanoma,440,HDAC9,Hdac9,9734,71,16.136363636363637
skcm_tcga_pan_can_atlas_2018,"Skin Cutaneous Melanoma (TCGA, PanCancer Atlas)",Cutaneous Melanoma,440,HECW1,Hecw1,23072,72,16.363636363636363
skcm_tcga_pan_can_atlas_2018,"Skin Cutaneous Melanoma (TCGA, PanCancer Atlas)",Cutaneous Melanoma,440,HECW2,Hecw2,57520,79,17.954545454545453
skcm_tcga_pan_can_atlas_2018,"Skin Cutaneous Melanoma (TCGA, PanCancer Atlas)",Cutaneous Melanoma,440,HERC1,Herc1,8925,63,14.318181818181818
skcm_tcga_pan_can_atlas_2018,"Skin Cutaneous Melanoma (TCGA, PanCancer Atlas)",Cutaneous Melanoma,440,HIVEP2,Hivep2,3097,47,10.681818181818182
skcm_tcga_pan_can_atlas_2018,"Skin Cutaneous Melanoma (TCGA, PanCancer Atlas)",Cutaneous Melanoma,440,HIVEP3,Hivep3,59269,62,14.090909090909092
skcm_tcga_pan_can_atlas_2018,"Skin Cutaneous Melanoma (TCGA, PanCancer Atlas)",Cutaneous Melanoma,440,HS3ST4,Hs3st4,9951,36,8.181818181818182
skcm_tcga_pan_can_atlas_2018,"Skin Cutaneous Melanoma (TCGA, PanCancer Atlas)",Cutaneous Melanoma,440,HSPA12A,Hspa12a,259217,13,2.9545454545454546
skcm_tcga_pan_can_atlas_2018,"Skin Cutaneous Melanoma (TCGA, PanCancer Atlas)",Cutaneous Melanoma,440,HTR2C,Htr2c,3358,23,5.2272727272727275
skcm_tcga_pan_can_atlas_2018,"Skin Cutaneous Melanoma (TCGA, PanCancer Atlas)",Cutaneous Melanoma,440,IGF1,Igf1,3479,12,2.727272727272727
skcm_tcga_pan_can_atlas_2018,"Skin Cutaneous Melanoma (TCGA, PanCancer Atlas)",Cutaneous Melanoma,440,IL1RAPL1,Il1rapl1,11141,32,7.2727272727272725
skcm_tcga_pan_can_atlas_2018,"Skin Cutaneous Melanoma (TCGA, PanCancer Atlas)",Cutaneous Melanoma,440,IL1RAPL2,Il1rapl2,26280,29,6.590909090909091
skcm_tcga_pan_can_atlas_2018,"Skin Cutaneous Melanoma (TCGA, PanCancer Atlas)",Cutaneous Melanoma,440,INPP4B,Inpp4b,8821,15,3.409090909090909
skcm_tcga_pan_can_atlas_2018,"Skin Cutaneous Melanoma (TCGA, PanCancer Atlas)",Cutaneous Melanoma,440,IQSEC1,Iqsec1,9922,20,4.545454545454546
skcm_tcga_pan_can_atlas_2018,"Skin Cutaneous Melanoma (TCGA, PanCancer Atlas)",Cutaneous Melanoma,440,ITGA8,Itga8,8516,58,13.181818181818182
skcm_tcga_pan_can_atlas_2018,"Skin Cutaneous Melanoma (TCGA, PanCancer Atlas)",Cutaneous Melanoma,440,ITPK1,Itpk1,3705,12,2.727272727272727
skcm_tcga_pan_can_atlas_2018,"Skin Cutaneous Melanoma (TCGA, PanCancer Atlas)",Cutaneous Melanoma,440,ITPR1,Itpr1,3708,63,14.318181818181818
skcm_tcga_pan_can_atlas_2018,"Skin Cutaneous Melanoma (TCGA, PanCancer Atlas)",Cutaneous Melanoma,440,ITSN1,Itsn1,6453,41,9.318181818181818
skcm_tcga_pan_can_atlas_2018,"Skin Cutaneous Melanoma (TCGA, PanCancer Atlas)",Cutaneous Melanoma,440,KALRN,Kalrn,8997,83,18.863636363636363
skcm_tcga_pan_can_atlas_2018,"Skin Cutaneous Melanoma (TCGA, PanCancer Atlas)",Cutaneous Melanoma,440,KCNAB1,Kcnab1,7881,17,3.8636363636363638
skcm_tcga_pan_can_atlas_2018,"Skin Cutaneous Melanoma (TCGA, PanCancer Atlas)",Cutaneous Melanoma,440,KCNB1,Kcnb1,3745,52,11.818181818181818
skcm_tcga_pan_can_atlas_2018,"Skin Cutaneous Melanoma (TCGA, PanCancer Atlas)",Cutaneous Melanoma,440,KCNB2,Kcnb2,9312,97,22.045454545454547
skcm_tcga_pan_can_atlas_2018,"Skin Cutaneous Melanoma (TCGA, PanCancer Atlas)",Cutaneous Melanoma,440,KCNC1,Kcnc1,3746,14,3.1818181818181817
skcm_tcga_pan_can_atlas_2018,"Skin Cutaneous Melanoma (TCGA, PanCancer Atlas)",Cutaneous Melanoma,440,KCNC2,Kcnc2,3747,18,4.090909090909091
skcm_tcga_pan_can_atlas_2018,"Skin Cutaneous Melanoma (TCGA, PanCancer Atlas)",Cutaneous Melanoma,440,KCND3,Kcnd3,3752,38,8.636363636363637
skcm_tcga_pan_can_atlas_2018,"Skin Cutaneous Melanoma (TCGA, PanCancer Atlas)",Cutaneous Melanoma,440,KCNH1,Kcnh1,3756,36,8.181818181818182
skcm_tcga_pan_can_atlas_2018,"Skin Cutaneous Melanoma (TCGA, PanCancer Atlas)",Cutaneous Melanoma,440,KCNH5,Kcnh5,27133,88,20.0
skcm_tcga_pan_can_atlas_2018,"Skin Cutaneous Melanoma (TCGA, PanCancer Atlas)",Cutaneous Melanoma,440,KCNH7,Kcnh7,90134,80,18.181818181818183
skcm_tcga_pan_can_atlas_2018,"Skin Cutaneous Melanoma (TCGA, PanCancer Atlas)",Cutaneous Melanoma,440,KCNJ3,Kcnj3,3760,36,8.181818181818182
skcm_tcga_pan_can_atlas_2018,"Skin Cutaneous Melanoma (TCGA, PanCancer Atlas)",Cutaneous Melanoma,440,KCNMA1,Kcnma1,3778,31,7.045454545454546
skcm_tcga_pan_can_atlas_2018,"Skin Cutaneous Melanoma (TCGA, PanCancer Atlas)",Cutaneous Melanoma,440,KCNQ3,Kcnq3,3786,71,16.136363636363637
skcm_tcga_pan_can_atlas_2018,"Skin Cutaneous Melanoma (TCGA, PanCancer Atlas)",Cutaneous Melanoma,440,KCNQ5,Kcnq5,56479,65,14.772727272727273
skcm_tcga_pan_can_atlas_2018,"Skin Cutaneous Melanoma (TCGA, PanCancer Atlas)",Cutaneous Melanoma,440,KCNT1,Kcnt1,57582,40,9.090909090909092
skcm_tcga_pan_can_atlas_2018,"Skin Cutaneous Melanoma (TCGA, PanCancer Atlas)",Cutaneous Melanoma,440,KCNT2,Kcnt2,343450,85,19.318181818181817
skcm_tcga_pan_can_atlas_2018,"Skin Cutaneous Melanoma (TCGA, PanCancer Atlas)",Cutaneous Melanoma,440,KCTD8,Kctd8,386617,21,4.7727272727272725
skcm_tcga_pan_can_atlas_2018,"Skin Cutaneous Melanoma (TCGA, PanCancer Atlas)",Cutaneous Melanoma,440,KHDRBS2,Khdrbs2,202559,36,8.181818181818182
skcm_tcga_pan_can_atlas_2018,"Skin Cutaneous Melanoma (TCGA, PanCancer Atlas)",Cutaneous Melanoma,440,KIDINS220,Kidins220,57498,38,8.636363636363637
skcm_tcga_pan_can_atlas_2018,"Skin Cutaneous Melanoma (TCGA, PanCancer Atlas)",Cutaneous Melanoma,440,KIF1A,Kif1a,547,48,10.909090909090908
skcm_tcga_pan_can_atlas_2018,"Skin Cutaneous Melanoma (TCGA, PanCancer Atlas)",Cutaneous Melanoma,440,KIF21A,Kif21a,55605,28,6.363636363636363
skcm_tcga_pan_can_atlas_2018,"Skin Cutaneous Melanoma (TCGA, PanCancer Atlas)",Cutaneous Melanoma,440,KIF26B,Kif26b,55083,34,7.7272727272727275
skcm_tcga_pan_can_atlas_2018,"Skin Cutaneous Melanoma (TCGA, PanCancer Atlas)",Cutaneous Melanoma,440,KIF5C,Kif5c,3800,23,5.2272727272727275
skcm_tcga_pan_can_atlas_2018,"Skin Cutaneous Melanoma (TCGA, PanCancer Atlas)",Cutaneous Melanoma,440,KIT,Kit,3815,30,6.818181818181818
skcm_tcga_pan_can_atlas_2018,"Skin Cutaneous Melanoma (TCGA, PanCancer Atlas)",Cutaneous Melanoma,440,KLF12,Klf12,11278,13,2.9545454545454546
skcm_tcga_pan_can_atlas_2018,"Skin Cutaneous Melanoma (TCGA, PanCancer Atlas)",Cutaneous Melanoma,440,L3MBTL4,L3mbtl4,91133,37,8.409090909090908
skcm_tcga_pan_can_atlas_2018,"Skin Cutaneous Melanoma (TCGA, PanCancer Atlas)",Cutaneous Melanoma,440,LAMA4,Lama4,3910,36,8.181818181818182
skcm_tcga_pan_can_atlas_2018,"Skin Cutaneous Melanoma (TCGA, PanCancer Atlas)",Cutaneous Melanoma,440,LAMP5,Lamp5,24141,29,6.590909090909091
skcm_tcga_pan_can_atlas_2018,"Skin Cutaneous Melanoma (TCGA, PanCancer Atlas)",Cutaneous Melanoma,440,LIMCH1,Limch1,22998,53,12.045454545454545
skcm_tcga_pan_can_atlas_2018,"Skin Cutaneous Melanoma (TCGA, PanCancer Atlas)",Cutaneous Melanoma,440,LINGO2,Lingo2,158038,28,6.363636363636363
skcm_tcga_pan_can_atlas_2018,"Skin Cutaneous Melanoma (TCGA, PanCancer Atlas)",Cutaneous Melanoma,440,LMO7,Lmo7,4008,44,10.0
skcm_tcga_pan_can_atlas_2018,"Skin Cutaneous Melanoma (TCGA, PanCancer Atlas)",Cutaneous Melanoma,440,LRFN2,Lrfn2,57497,46,10.454545454545455
skcm_tcga_pan_can_atlas_2018,"Skin Cutaneous Melanoma (TCGA, PanCancer Atlas)",Cutaneous Melanoma,440,LRFN5,Lrfn5,145581,32,7.2727272727272725
skcm_tcga_pan_can_atlas_2018,"Skin Cutaneous Melanoma (TCGA, PanCancer Atlas)",Cutaneous Melanoma,440,LRP1B,Lrp1b,53353,206,46.81818181818182
skcm_tcga_pan_can_atlas_2018,"Skin Cutaneous Melanoma (TCGA, PanCancer Atlas)",Cutaneous Melanoma,440,LRRC4C,Lrrc4c,57689,62,14.090909090909092
skcm_tcga_pan_can_atlas_2018,"Skin Cutaneous Melanoma (TCGA, PanCancer Atlas)",Cutaneous Melanoma,440,LRRC7,Lrrc7,57554,64,14.545454545454545
skcm_tcga_pan_can_atlas_2018,"Skin Cutaneous Melanoma (TCGA, PanCancer Atlas)",Cutaneous Melanoma,440,LRRTM3,Lrrtm3,347731,16,3.6363636363636362
skcm_tcga_pan_can_atlas_2018,"Skin Cutaneous Melanoma (TCGA, PanCancer Atlas)",Cutaneous Melanoma,440,LUZP1,Luzp1,7798,12,2.727272727272727
skcm_tcga_pan_can_atlas_2018,"Skin Cutaneous Melanoma (TCGA, PanCancer Atlas)",Cutaneous Melanoma,440,LUZP2,Luzp2,338645,41,9.318181818181818
skcm_tcga_pan_can_atlas_2018,"Skin Cutaneous Melanoma (TCGA, PanCancer Atlas)",Cutaneous Melanoma,440,MACROD2,Macrod2,140733,26,5.909090909090909
skcm_tcga_pan_can_atlas_2018,"Skin Cutaneous Melanoma (TCGA, PanCancer Atlas)",Cutaneous Melanoma,440,MAGI1,Magi1,9223,58,13.181818181818182
skcm_tcga_pan_can_atlas_2018,"Skin Cutaneous Melanoma (TCGA, PanCancer Atlas)",Cutaneous Melanoma,440,MAGI2,Magi2,9863,44,10.0
skcm_tcga_pan_can_atlas_2018,"Skin Cutaneous Melanoma (TCGA, PanCancer Atlas)",Cutaneous Melanoma,440,MAGI3,Magi3,260425,25,5.681818181818182
skcm_tcga_pan_can_atlas_2018,"Skin Cutaneous Melanoma (TCGA, PanCancer Atlas)",Cutaneous Melanoma,440,MAP1A,Map1a,4130,68,15.454545454545455
skcm_tcga_pan_can_atlas_2018,"Skin Cutaneous Melanoma (TCGA, PanCancer Atlas)",Cutaneous Melanoma,440,MAP1B,Map1b,4131,34,7.7272727272727275
skcm_tcga_pan_can_atlas_2018,"Skin Cutaneous Melanoma (TCGA, PanCancer Atlas)",Cutaneous Melanoma,440,MAP2,Map2,4133,44,10.0
skcm_tcga_pan_can_atlas_2018,"Skin Cutaneous Melanoma (TCGA, PanCancer Atlas)",Cutaneous Melanoma,440,MAP3K5,Map3k5,4217,45,10.227272727272727
skcm_tcga_pan_can_atlas_2018,"Skin Cutaneous Melanoma (TCGA, PanCancer Atlas)",Cutaneous Melanoma,440,MAP7D2,Map7d2,256714,16,3.6363636363636362
skcm_tcga_pan_can_atlas_2018,"Skin Cutaneous Melanoma (TCGA, PanCancer Atlas)",Cutaneous Melanoma,440,MARK1,Mark1,4139,29,6.590909090909091
skcm_tcga_pan_can_atlas_2018,"Skin Cutaneous Melanoma (TCGA, PanCancer Atlas)",Cutaneous Melanoma,440,MAST3,Mast3,23031,27,6.136363636363637
skcm_tcga_pan_can_atlas_2018,"Skin Cutaneous Melanoma (TCGA, PanCancer Atlas)",Cutaneous Melanoma,440,MCC,Mcc,4163,22,5.0
skcm_tcga_pan_can_atlas_2018,"Skin Cutaneous Melanoma (TCGA, PanCancer Atlas)",Cutaneous Melanoma,440,MCTP1,Mctp1,79772,47,10.681818181818182
skcm_tcga_pan_can_atlas_2018,"Skin Cutaneous Melanoma (TCGA, PanCancer Atlas)",Cutaneous Melanoma,440,MDGA2,Mdga2,161357,22,5.0
skcm_tcga_pan_can_atlas_2018,"Skin Cutaneous Melanoma (TCGA, PanCancer Atlas)",Cutaneous Melanoma,440,MEF2C,Mef2c,4208,6,1.3636363636363635
skcm_tcga_pan_can_atlas_2018,"Skin Cutaneous Melanoma (TCGA, PanCancer Atlas)",Cutaneous Melanoma,440,MGAT4C,Mgat4c,25834,35,7.954545454545454
skcm_tcga_pan_can_atlas_2018,"Skin Cutaneous Melanoma (TCGA, PanCancer Atlas)",Cutaneous Melanoma,440,MGAT5,Mgat5,4249,12,2.727272727272727
skcm_tcga_pan_can_atlas_2018,"Skin Cutaneous Melanoma (TCGA, PanCancer Atlas)",Cutaneous Melanoma,440,MICAL2,Mical2,9645,32,7.2727272727272725
skcm_tcga_pan_can_atlas_2018,"Skin Cutaneous Melanoma (TCGA, PanCancer Atlas)",Cutaneous Melanoma,440,MLIP,Mlip,90523,31,7.045454545454546
skcm_tcga_pan_can_atlas_2018,"Skin Cutaneous Melanoma (TCGA, PanCancer Atlas)",Cutaneous Melanoma,440,MMP16,Mmp16,4325,22,5.0
skcm_tcga_pan_can_atlas_2018,"Skin Cutaneous Melanoma (TCGA, PanCancer Atlas)",Cutaneous Melanoma,440,MPDZ,Mpdz,8777,32,7.2727272727272725
skcm_tcga_pan_can_atlas_2018,"Skin Cutaneous Melanoma (TCGA, PanCancer Atlas)",Cutaneous Melanoma,440,MTUS2,Mtus2,23281,81,18.40909090909091
skcm_tcga_pan_can_atlas_2018,"Skin Cutaneous Melanoma (TCGA, PanCancer Atlas)",Cutaneous Melanoma,440,MYH10,Myh10,4628,30,6.818181818181818
skcm_tcga_pan_can_atlas_2018,"Skin Cutaneous Melanoma (TCGA, PanCancer Atlas)",Cutaneous Melanoma,440,MYO16,Myo16,23026,60,13.636363636363637
skcm_tcga_pan_can_atlas_2018,"Skin Cutaneous Melanoma (TCGA, PanCancer Atlas)",Cutaneous Melanoma,440,MYO5A,Myo5a,4644,26,5.909090909090909
skcm_tcga_pan_can_atlas_2018,"Skin Cutaneous Melanoma (TCGA, PanCancer Atlas)",Cutaneous Melanoma,440,MYRIP,Myrip,25924,32,7.2727272727272725
skcm_tcga_pan_can_atlas_2018,"Skin Cutaneous Melanoma (TCGA, PanCancer Atlas)",Cutaneous Melanoma,440,MYT1L,Myt1l,23040,60,13.636363636363637
skcm_tcga_pan_can_atlas_2018,"Skin Cutaneous Melanoma (TCGA, PanCancer Atlas)",Cutaneous Melanoma,440,NAV2,Nav2,89797,40,9.090909090909092
skcm_tcga_pan_can_atlas_2018,"Skin Cutaneous Melanoma (TCGA, PanCancer Atlas)",Cutaneous Melanoma,440,NAV3,Nav3,89795,69,15.681818181818182
skcm_tcga_pan_can_atlas_2018,"Skin Cutaneous Melanoma (TCGA, PanCancer Atlas)",Cutaneous Melanoma,440,NCAM1,Ncam1,4684,34,7.7272727272727275
skcm_tcga_pan_can_atlas_2018,"Skin Cutaneous Melanoma (TCGA, PanCancer Atlas)",Cutaneous Melanoma,440,NCAM2,Ncam2,4685,35,7.954545454545454
skcm_tcga_pan_can_atlas_2018,"Skin Cutaneous Melanoma (TCGA, PanCancer Atlas)",Cutaneous Melanoma,440,NDST3,Ndst3,9348,43,9.772727272727273
skcm_tcga_pan_can_atlas_2018,"Skin Cutaneous Melanoma (TCGA, PanCancer Atlas)",Cutaneous Melanoma,440,NEBL,Nebl,10529,83,18.863636363636363
skcm_tcga_pan_can_atlas_2018,"Skin Cutaneous Melanoma (TCGA, PanCancer Atlas)",Cutaneous Melanoma,440,NEFM,Nefm,4741,40,9.090909090909092
skcm_tcga_pan_can_atlas_2018,"Skin Cutaneous Melanoma (TCGA, PanCancer Atlas)",Cutaneous Melanoma,440,NELL1,Nell1,4745,44,10.0
skcm_tcga_pan_can_atlas_2018,"Skin Cutaneous Melanoma (TCGA, PanCancer Atlas)",Cutaneous Melanoma,440,NELL2,Nell2,4753,46,10.454545454545455
skcm_tcga_pan_can_atlas_2018,"Skin Cutaneous Melanoma (TCGA, PanCancer Atlas)",Cutaneous Melanoma,440,NETO1,Neto1,81832,44,10.0
skcm_tcga_pan_can_atlas_2018,"Skin Cutaneous Melanoma (TCGA, PanCancer Atlas)",Cutaneous Melanoma,440,NF1,Nf1,4763,76,17.272727272727273
skcm_tcga_pan_can_atlas_2018,"Skin Cutaneous Melanoma (TCGA, PanCancer Atlas)",Cutaneous Melanoma,440,NFIB,Nfib,4781,12,2.727272727272727
skcm_tcga_pan_can_atlas_2018,"Skin Cutaneous Melanoma (TCGA, PanCancer Atlas)",Cutaneous Melanoma,440,NHS,Nhs,4810,38,8.636363636363637
skcm_tcga_pan_can_atlas_2018,"Skin Cutaneous Melanoma (TCGA, PanCancer Atlas)",Cutaneous Melanoma,440,NIN,Nin,51199,28,6.363636363636363
skcm_tcga_pan_can_atlas_2018,"Skin Cutaneous Melanoma (TCGA, PanCancer Atlas)",Cutaneous Melanoma,440,NLGN1,Nlgn1,22871,13,2.9545454545454546
skcm_tcga_pan_can_atlas_2018,"Skin Cutaneous Melanoma (TCGA, PanCancer Atlas)",Cutaneous Melanoma,440,NOL4,Nol4,8715,43,9.772727272727273
skcm_tcga_pan_can_atlas_2018,"Skin Cutaneous Melanoma (TCGA, PanCancer Atlas)",Cutaneous Melanoma,440,NPAS2,Npas2,4862,20,4.545454545454546
skcm_tcga_pan_can_atlas_2018,"Skin Cutaneous Melanoma (TCGA, PanCancer Atlas)",Cutaneous Melanoma,440,NPAS3,Npas3,64067,31,7.045454545454546
skcm_tcga_pan_can_atlas_2018,"Skin Cutaneous Melanoma (TCGA, PanCancer Atlas)",Cutaneous Melanoma,440,NR2F2,Nr2f2,7026,7,1.5909090909090908
skcm_tcga_pan_can_atlas_2018,"Skin Cutaneous Melanoma (TCGA, PanCancer Atlas)",Cutaneous Melanoma,440,NR3C2,Nr3c2,4306,36,8.181818181818182
skcm_tcga_pan_can_atlas_2018,"Skin Cutaneous Melanoma (TCGA, PanCancer Atlas)",Cutaneous Melanoma,440,NRG3,Nrg3,10718,35,7.954545454545454
skcm_tcga_pan_can_atlas_2018,"Skin Cutaneous Melanoma (TCGA, PanCancer Atlas)",Cutaneous Melanoma,440,NRXN1,Nrxn1,9378,80,18.181818181818183
skcm_tcga_pan_can_atlas_2018,"Skin Cutaneous Melanoma (TCGA, PanCancer Atlas)",Cutaneous Melanoma,440,NRXN3,Nrxn3,9369,55,12.5
skcm_tcga_pan_can_atlas_2018,"Skin Cutaneous Melanoma (TCGA, PanCancer Atlas)",Cutaneous Melanoma,440,NTN4,Ntn4,59277,33,7.5
skcm_tcga_pan_can_atlas_2018,"Skin Cutaneous Melanoma (TCGA, PanCancer Atlas)",Cutaneous Melanoma,440,NTNG1,Ntng1,22854,25,5.681818181818182
skcm_tcga_pan_can_atlas_2018,"Skin Cutaneous Melanoma (TCGA, PanCancer Atlas)",Cutaneous Melanoma,440,NTRK3,Ntrk3,4916,49,11.136363636363637
skcm_tcga_pan_can_atlas_2018,"Skin Cutaneous Melanoma (TCGA, PanCancer Atlas)",Cutaneous Melanoma,440,NXPH1,Nxph1,30010,13,2.9545454545454546
skcm_tcga_pan_can_atlas_2018,"Skin Cutaneous Melanoma (TCGA, PanCancer Atlas)",Cutaneous Melanoma,440,NYAP2,Nyap2,57624,50,11.363636363636363
skcm_tcga_pan_can_atlas_2018,"Skin Cutaneous Melanoma (TCGA, PanCancer Atlas)",Cutaneous Melanoma,440,OLFM3,Olfm3,118427,27,6.136363636363637
skcm_tcga_pan_can_atlas_2018,"Skin Cutaneous Melanoma (TCGA, PanCancer Atlas)",Cutaneous Melanoma,440,OPCML,Opcml,4978,18,4.090909090909091
skcm_tcga_pan_can_atlas_2018,"Skin Cutaneous Melanoma (TCGA, PanCancer Atlas)",Cutaneous Melanoma,440,OSBPL1A,Osbpl1a,114876,16,3.6363636363636362
skcm_tcga_pan_can_atlas_2018,"Skin Cutaneous Melanoma (TCGA, PanCancer Atlas)",Cutaneous Melanoma,440,OSBPL3,Osbpl3,26031,20,4.545454545454546
skcm_tcga_pan_can_atlas_2018,"Skin Cutaneous Melanoma (TCGA, PanCancer Atlas)",Cutaneous Melanoma,440,OSBPL6,Osbpl6,114880,26,5.909090909090909
skcm_tcga_pan_can_atlas_2018,"Skin Cutaneous Melanoma (TCGA, PanCancer Atlas)",Cutaneous Melanoma,440,OSBPL8,Osbpl8,114882,18,4.090909090909091
skcm_tcga_pan_can_atlas_2018,"Skin Cutaneous Melanoma (TCGA, PanCancer Atlas)",Cutaneous Melanoma,440,OXR1,Oxr1,55074,16,3.6363636363636362
skcm_tcga_pan_can_atlas_2018,"Skin Cutaneous Melanoma (TCGA, PanCancer Atlas)",Cutaneous Melanoma,440,PARM1,Parm1,25849,33,7.5
skcm_tcga_pan_can_atlas_2018,"Skin Cutaneous Melanoma (TCGA, PanCancer Atlas)",Cutaneous Melanoma,440,PCDH11X,Pcdh11x,27328,36,8.181818181818182
skcm_tcga_pan_can_atlas_2018,"Skin Cutaneous Melanoma (TCGA, PanCancer Atlas)",Cutaneous Melanoma,440,PCDH15,Pcdh15,65217,141,32.04545454545455
skcm_tcga_pan_can_atlas_2018,"Skin Cutaneous Melanoma (TCGA, PanCancer Atlas)",Cutaneous Melanoma,440,PCDH7,Pcdh7,5099,20,4.545454545454546
skcm_tcga_pan_can_atlas_2018,"Skin Cutaneous Melanoma (TCGA, PanCancer Atlas)",Cutaneous Melanoma,440,PCDH9,Pcdh9,5101,27,6.136363636363637
skcm_tcga_pan_can_atlas_2018,"Skin Cutaneous Melanoma (TCGA, PanCancer Atlas)",Cutaneous Melanoma,440,PCLO,Pclo,27445,216,49.09090909090909
skcm_tcga_pan_can_atlas_2018,"Skin Cutaneous Melanoma (TCGA, PanCancer Atlas)",Cutaneous Melanoma,440,PCSK2,Pcsk2,5126,24,5.454545454545454
skcm_tcga_pan_can_atlas_2018,"Skin Cutaneous Melanoma (TCGA, PanCancer Atlas)",Cutaneous Melanoma,440,PDE1A,Pde1a,5136,56,12.727272727272727
skcm_tcga_pan_can_atlas_2018,"Skin Cutaneous Melanoma (TCGA, PanCancer Atlas)",Cutaneous Melanoma,440,PDE1C,Pde1c,5137,69,15.681818181818182
skcm_tcga_pan_can_atlas_2018,"Skin Cutaneous Melanoma (TCGA, PanCancer Atlas)",Cutaneous Melanoma,440,PDE2A,Pde2a,5138,16,3.6363636363636362
skcm_tcga_pan_can_atlas_2018,"Skin Cutaneous Melanoma (TCGA, PanCancer Atlas)",Cutaneous Melanoma,440,PDE4B,Pde4b,5142,21,4.7727272727272725
skcm_tcga_pan_can_atlas_2018,"Skin Cutaneous Melanoma (TCGA, PanCancer Atlas)",Cutaneous Melanoma,440,PDZD2,Pdzd2,23037,79,17.954545454545453
skcm_tcga_pan_can_atlas_2018,"Skin Cutaneous Melanoma (TCGA, PanCancer Atlas)",Cutaneous Melanoma,440,PDZRN3,Pdzrn3,23024,21,4.7727272727272725
skcm_tcga_pan_can_atlas_2018,"Skin Cutaneous Melanoma (TCGA, PanCancer Atlas)",Cutaneous Melanoma,440,PDZRN4,Pdzrn4,29951,42,9.545454545454545
skcm_tcga_pan_can_atlas_2018,"Skin Cutaneous Melanoma (TCGA, PanCancer Atlas)",Cutaneous Melanoma,440,PENK,Penk,5179,38,8.636363636363637
skcm_tcga_pan_can_atlas_2018,"Skin Cutaneous Melanoma (TCGA, PanCancer Atlas)",Cutaneous Melanoma,440,PHACTR1,Phactr1,221692,10,2.272727272727273
skcm_tcga_pan_can_atlas_2018,"Skin Cutaneous Melanoma (TCGA, PanCancer Atlas)",Cutaneous Melanoma,440,PI4KA,Pi4ka,5297,45,10.227272727272727
skcm_tcga_pan_can_atlas_2018,"Skin Cutaneous Melanoma (TCGA, PanCancer Atlas)",Cutaneous Melanoma,440,PKD1,Pkd1,5310,59,13.409090909090908
skcm_tcga_pan_can_atlas_2018,"Skin Cutaneous Melanoma (TCGA, PanCancer Atlas)",Cutaneous Melanoma,440,PKP2,Pkp2,5318,38,8.636363636363637
skcm_tcga_pan_can_atlas_2018,"Skin Cutaneous Melanoma (TCGA, PanCancer Atlas)",Cutaneous Melanoma,440,PLCB1,Plcb1,23236,75,17.045454545454547
skcm_tcga_pan_can_atlas_2018,"Skin Cutaneous Melanoma (TCGA, PanCancer Atlas)",Cutaneous Melanoma,440,PLCB4,Plcb4,5332,104,23.636363636363637
skcm_tcga_pan_can_atlas_2018,"Skin Cutaneous Melanoma (TCGA, PanCancer Atlas)",Cutaneous Melanoma,440,PLCH1,Plch1,23007,88,20.0
skcm_tcga_pan_can_atlas_2018,"Skin Cutaneous Melanoma (TCGA, PanCancer Atlas)",Cutaneous Melanoma,440,PLCL2,Plcl2,23228,52,11.818181818181818
skcm_tcga_pan_can_atlas_2018,"Skin Cutaneous Melanoma (TCGA, PanCancer Atlas)",Cutaneous Melanoma,440,PLCXD3,Plcxd3,345557,27,6.136363636363637
skcm_tcga_pan_can_atlas_2018,"Skin Cutaneous Melanoma (TCGA, PanCancer Atlas)",Cutaneous Melanoma,440,PLD3,Pld3,23646,14,3.1818181818181817
skcm_tcga_pan_can_atlas_2018,"Skin Cutaneous Melanoma (TCGA, PanCancer Atlas)",Cutaneous Melanoma,440,PLD5,Pld5,200150,24,5.454545454545454
skcm_tcga_pan_can_atlas_2018,"Skin Cutaneous Melanoma (TCGA, PanCancer Atlas)",Cutaneous Melanoma,440,PLXNA2,Plxna2,5362,31,7.045454545454546
skcm_tcga_pan_can_atlas_2018,"Skin Cutaneous Melanoma (TCGA, PanCancer Atlas)",Cutaneous Melanoma,440,PLXNA4,Plxna4,91584,76,17.272727272727273
skcm_tcga_pan_can_atlas_2018,"Skin Cutaneous Melanoma (TCGA, PanCancer Atlas)",Cutaneous Melanoma,440,PPARGC1A,Ppargc1a,10891,34,7.7272727272727275
skcm_tcga_pan_can_atlas_2018,"Skin Cutaneous Melanoma (TCGA, PanCancer Atlas)",Cutaneous Melanoma,440,PPFIA2,Ppfia2,8499,72,16.363636363636363
skcm_tcga_pan_can_atlas_2018,"Skin Cutaneous Melanoma (TCGA, PanCancer Atlas)",Cutaneous Melanoma,440,PPFIBP1,Ppfibp1,8496,17,3.8636363636363638
skcm_tcga_pan_can_atlas_2018,"Skin Cutaneous Melanoma (TCGA, PanCancer Atlas)",Cutaneous Melanoma,440,PPIP5K2,Ppip5k2,23262,22,5.0
skcm_tcga_pan_can_atlas_2018,"Skin Cutaneous Melanoma (TCGA, PanCancer Atlas)",Cutaneous Melanoma,440,PRICKLE1,Prickle1,144165,26,5.909090909090909
skcm_tcga_pan_can_atlas_2018,"Skin Cutaneous Melanoma (TCGA, PanCancer Atlas)",Cutaneous Melanoma,440,PRICKLE2,Prickle2,166336,14,3.1818181818181817
skcm_tcga_pan_can_atlas_2018,"Skin Cutaneous Melanoma (TCGA, PanCancer Atlas)",Cutaneous Melanoma,440,PRKCA,Prkca,5578,18,4.090909090909091
skcm_tcga_pan_can_atlas_2018,"Skin Cutaneous Melanoma (TCGA, PanCancer Atlas)",Cutaneous Melanoma,440,PRKD1,Prkd1,5587,19,4.318181818181818
skcm_tcga_pan_can_atlas_2018,"Skin Cutaneous Melanoma (TCGA, PanCancer Atlas)",Cutaneous Melanoma,440,PRKG1,Prkg1,5592,35,7.954545454545454
skcm_tcga_pan_can_atlas_2018,"Skin Cutaneous Melanoma (TCGA, PanCancer Atlas)",Cutaneous Melanoma,440,PRMT8,Prmt8,56341,17,3.8636363636363638
skcm_tcga_pan_can_atlas_2018,"Skin Cutaneous Melanoma (TCGA, PanCancer Atlas)",Cutaneous Melanoma,440,PROX1,Prox1,5629,30,6.818181818181818
skcm_tcga_pan_can_atlas_2018,"Skin Cutaneous Melanoma (TCGA, PanCancer Atlas)",Cutaneous Melanoma,440,PRR16,Prr16,51334,27,6.136363636363637
skcm_tcga_pan_can_atlas_2018,"Skin Cutaneous Melanoma (TCGA, PanCancer Atlas)",Cutaneous Melanoma,440,PTCHD4,Ptchd4,442213,24,5.454545454545454
skcm_tcga_pan_can_atlas_2018,"Skin Cutaneous Melanoma (TCGA, PanCancer Atlas)",Cutaneous Melanoma,440,PTK2B,Ptk2b,2185,30,6.818181818181818
skcm_tcga_pan_can_atlas_2018,"Skin Cutaneous Melanoma (TCGA, PanCancer Atlas)",Cutaneous Melanoma,440,PTPRD,Ptprd,5789,95,21.59090909090909
skcm_tcga_pan_can_atlas_2018,"Skin Cutaneous Melanoma (TCGA, PanCancer Atlas)",Cutaneous Melanoma,440,PTPRE,Ptpre,5791,28,6.363636363636363
skcm_tcga_pan_can_atlas_2018,"Skin Cutaneous Melanoma (TCGA, PanCancer Atlas)",Cutaneous Melanoma,440,PTPRG,Ptprg,5793,36,8.181818181818182
skcm_tcga_pan_can_atlas_2018,"Skin Cutaneous Melanoma (TCGA, PanCancer Atlas)",Cutaneous Melanoma,440,PTPRM,Ptprm,5797,29,6.590909090909091
skcm_tcga_pan_can_atlas_2018,"Skin Cutaneous Melanoma (TCGA, PanCancer Atlas)",Cutaneous Melanoma,440,PTPRN,Ptprn,5798,26,5.909090909090909
skcm_tcga_pan_can_atlas_2018,"Skin Cutaneous Melanoma (TCGA, PanCancer Atlas)",Cutaneous Melanoma,440,PTPRN2,Ptprn2,5799,60,13.636363636363637
skcm_tcga_pan_can_atlas_2018,"Skin Cutaneous Melanoma (TCGA, PanCancer Atlas)",Cutaneous Melanoma,440,PTPRO,Ptpro,5800,48,10.909090909090908
skcm_tcga_pan_can_atlas_2018,"Skin Cutaneous Melanoma (TCGA, PanCancer Atlas)",Cutaneous Melanoma,440,PTPRR,Ptprr,5801,38,8.636363636363637
skcm_tcga_pan_can_atlas_2018,"Skin Cutaneous Melanoma (TCGA, PanCancer Atlas)",Cutaneous Melanoma,440,PTPRS,Ptprs,5802,30,6.818181818181818
skcm_tcga_pan_can_atlas_2018,"Skin Cutaneous Melanoma (TCGA, PanCancer Atlas)",Cutaneous Melanoma,440,PTPRT,Ptprt,11122,127,28.863636363636363
skcm_tcga_pan_can_atlas_2018,"Skin Cutaneous Melanoma (TCGA, PanCancer Atlas)",Cutaneous Melanoma,440,RALGAPA2,Ralgapa2,57186,36,8.181818181818182
skcm_tcga_pan_can_atlas_2018,"Skin Cutaneous Melanoma (TCGA, PanCancer Atlas)",Cutaneous Melanoma,440,RALYL,Ralyl,138046,20,4.545454545454546
skcm_tcga_pan_can_atlas_2018,"Skin Cutaneous Melanoma (TCGA, PanCancer Atlas)",Cutaneous Melanoma,440,RAPGEF2,Rapgef2,9693,22,5.0
skcm_tcga_pan_can_atlas_2018,"Skin Cutaneous Melanoma (TCGA, PanCancer Atlas)",Cutaneous Melanoma,440,RAPGEF4,Rapgef4,11069,32,7.2727272727272725
skcm_tcga_pan_can_atlas_2018,"Skin Cutaneous Melanoma (TCGA, PanCancer Atlas)",Cutaneous Melanoma,440,RAPGEF5,Rapgef5,9771,35,7.954545454545454
skcm_tcga_pan_can_atlas_2018,"Skin Cutaneous Melanoma (TCGA, PanCancer Atlas)",Cutaneous Melanoma,440,RARB,Rarb,5915,13,2.9545454545454546
skcm_tcga_pan_can_atlas_2018,"Skin Cutaneous Melanoma (TCGA, PanCancer Atlas)",Cutaneous Melanoma,440,RASAL2,Rasal2,9462,33,7.5
skcm_tcga_pan_can_atlas_2018,"Skin Cutaneous Melanoma (TCGA, PanCancer Atlas)",Cutaneous Melanoma,440,RASGRF2,Rasgrf2,5924,31,7.045454545454546
skcm_tcga_pan_can_atlas_2018,"Skin Cutaneous Melanoma (TCGA, PanCancer Atlas)",Cutaneous Melanoma,440,RBFOX1,Rbfox1,54715,41,9.318181818181818
skcm_tcga_pan_can_atlas_2018,"Skin Cutaneous Melanoma (TCGA, PanCancer Atlas)",Cutaneous Melanoma,440,RELN,Reln,5649,118,26.818181818181817
skcm_tcga_pan_can_atlas_2018,"Skin Cutaneous Melanoma (TCGA, PanCancer Atlas)",Cutaneous Melanoma,440,REV3L,Rev3l,5980,47,10.681818181818182
skcm_tcga_pan_can_atlas_2018,"Skin Cutaneous Melanoma (TCGA, PanCancer Atlas)",Cutaneous Melanoma,440,RGS12,Rgs12,6002,23,5.2272727272727275
skcm_tcga_pan_can_atlas_2018,"Skin Cutaneous Melanoma (TCGA, PanCancer Atlas)",Cutaneous Melanoma,440,RGS6,Rgs6,9628,34,7.7272727272727275
skcm_tcga_pan_can_atlas_2018,"Skin Cutaneous Melanoma (TCGA, PanCancer Atlas)",Cutaneous Melanoma,440,RGS7,Rgs7,6000,58,13.181818181818182
skcm_tcga_pan_can_atlas_2018,"Skin Cutaneous Melanoma (TCGA, PanCancer Atlas)",Cutaneous Melanoma,440,RIMBP2,Rimbp2,23504,55,12.5
skcm_tcga_pan_can_atlas_2018,"Skin Cutaneous Melanoma (TCGA, PanCancer Atlas)",Cutaneous Melanoma,440,ROBO1,Robo1,6091,42,9.545454545454545
skcm_tcga_pan_can_atlas_2018,"Skin Cutaneous Melanoma (TCGA, PanCancer Atlas)",Cutaneous Melanoma,440,ROBO2,Robo2,6092,70,15.909090909090908
skcm_tcga_pan_can_atlas_2018,"Skin Cutaneous Melanoma (TCGA, PanCancer Atlas)",Cutaneous Melanoma,440,ROCK2,Rock2,9475,23,5.2272727272727275
skcm_tcga_pan_can_atlas_2018,"Skin Cutaneous Melanoma (TCGA, PanCancer Atlas)",Cutaneous Melanoma,440,RPH3A,Rph3a,22895,35,7.954545454545454
skcm_tcga_pan_can_atlas_2018,"Skin Cutaneous Melanoma (TCGA, PanCancer Atlas)",Cutaneous Melanoma,440,RPS6KA2,Rps6ka2,6196,25,5.681818181818182
skcm_tcga_pan_can_atlas_2018,"Skin Cutaneous Melanoma (TCGA, PanCancer Atlas)",Cutaneous Melanoma,440,RPS6KC1,Rps6kc1,26750,21,4.7727272727272725
skcm_tcga_pan_can_atlas_2018,"Skin Cutaneous Melanoma (TCGA, PanCancer Atlas)",Cutaneous Melanoma,440,RTN1,Rtn1,6252,24,5.454545454545454
skcm_tcga_pan_can_atlas_2018,"Skin Cutaneous Melanoma (TCGA, PanCancer Atlas)",Cutaneous Melanoma,440,RUNX1T1,Runx1t1,862,55,12.5
skcm_tcga_pan_can_atlas_2018,"Skin Cutaneous Melanoma (TCGA, PanCancer Atlas)",Cutaneous Melanoma,440,RXFP1,Rxfp1,59350,33,7.5
skcm_tcga_pan_can_atlas_2018,"Skin Cutaneous Melanoma (TCGA, PanCancer Atlas)",Cutaneous Melanoma,440,RYR1,Ryr1,6261,145,32.95454545454545
skcm_tcga_pan_can_atlas_2018,"Skin Cutaneous Melanoma (TCGA, PanCancer Atlas)",Cutaneous Melanoma,440,RYR2,Ryr2,6262,132,30.0
skcm_tcga_pan_can_atlas_2018,"Skin Cutaneous Melanoma (TCGA, PanCancer Atlas)",Cutaneous Melanoma,440,RYR3,Ryr3,6263,124,28.181818181818183
skcm_tcga_pan_can_atlas_2018,"Skin Cutaneous Melanoma (TCGA, PanCancer Atlas)",Cutaneous Melanoma,440,SCN1A,Scn1a,6323,89,20.227272727272727
skcm_tcga_pan_can_atlas_2018,"Skin Cutaneous Melanoma (TCGA, PanCancer Atlas)",Cutaneous Melanoma,440,SCN3A,Scn3a,6328,77,17.5
skcm_tcga_pan_can_atlas_2018,"Skin Cutaneous Melanoma (TCGA, PanCancer Atlas)",Cutaneous Melanoma,440,SCN8A,Scn8a,6334,49,11.136363636363637
skcm_tcga_pan_can_atlas_2018,"Skin Cutaneous Melanoma (TCGA, PanCancer Atlas)",Cutaneous Melanoma,440,SDK1,Sdk1,221935,72,16.363636363636363
skcm_tcga_pan_can_atlas_2018,"Skin Cutaneous Melanoma (TCGA, PanCancer Atlas)",Cutaneous Melanoma,440,SEMA5B,Sema5b,54437,47,10.681818181818182
skcm_tcga_pan_can_atlas_2018,"Skin Cutaneous Melanoma (TCGA, PanCancer Atlas)",Cutaneous Melanoma,440,SEMA6D,Sema6d,80031,18,4.090909090909091
skcm_tcga_pan_can_atlas_2018,"Skin Cutaneous Melanoma (TCGA, PanCancer Atlas)",Cutaneous Melanoma,440,SERPINI1,Serpini1,5274,21,4.7727272727272725
skcm_tcga_pan_can_atlas_2018,"Skin Cutaneous Melanoma (TCGA, PanCancer Atlas)",Cutaneous Melanoma,440,SETBP1,Setbp1,26040,54,12.272727272727273
skcm_tcga_pan_can_atlas_2018,"Skin Cutaneous Melanoma (TCGA, PanCancer Atlas)",Cutaneous Melanoma,440,SEZ6,Sez6,124925,26,5.909090909090909
skcm_tcga_pan_can_atlas_2018,"Skin Cutaneous Melanoma (TCGA, PanCancer Atlas)",Cutaneous Melanoma,440,SGCZ,Sgcz,137868,38,8.636363636363637
skcm_tcga_pan_can_atlas_2018,"Skin Cutaneous Melanoma (TCGA, PanCancer Atlas)",Cutaneous Melanoma,440,SGK1,Sgk1,6446,10,2.272727272727273
skcm_tcga_pan_can_atlas_2018,"Skin Cutaneous Melanoma (TCGA, PanCancer Atlas)",Cutaneous Melanoma,440,SH3GL3,Sh3gl3,6457,18,4.090909090909091
skcm_tcga_pan_can_atlas_2018,"Skin Cutaneous Melanoma (TCGA, PanCancer Atlas)",Cutaneous Melanoma,440,SHANK2,Shank2,22941,57,12.954545454545455
skcm_tcga_pan_can_atlas_2018,"Skin Cutaneous Melanoma (TCGA, PanCancer Atlas)",Cutaneous Melanoma,440,SIPA1L1,Sipa1l1,26037,58,13.181818181818182
skcm_tcga_pan_can_atlas_2018,"Skin Cutaneous Melanoma (TCGA, PanCancer Atlas)",Cutaneous Melanoma,440,SIRPA,Sirpa,140885,6,1.3636363636363635
skcm_tcga_pan_can_atlas_2018,"Skin Cutaneous Melanoma (TCGA, PanCancer Atlas)",Cutaneous Melanoma,440,SLC24A2,Slc24a2,25769,16,3.6363636363636362
skcm_tcga_pan_can_atlas_2018,"Skin Cutaneous Melanoma (TCGA, PanCancer Atlas)",Cutaneous Melanoma,440,SLC24A3,Slc24a3,57419,32,7.2727272727272725
skcm_tcga_pan_can_atlas_2018,"Skin Cutaneous Melanoma (TCGA, PanCancer Atlas)",Cutaneous Melanoma,440,SLC35F3,Slc35f3,148641,27,6.136363636363637
skcm_tcga_pan_can_atlas_2018,"Skin Cutaneous Melanoma (TCGA, PanCancer Atlas)",Cutaneous Melanoma,440,SLC35F4,Slc35f4,341880,32,7.2727272727272725
skcm_tcga_pan_can_atlas_2018,"Skin Cutaneous Melanoma (TCGA, PanCancer Atlas)",Cutaneous Melanoma,440,SLC44A5,Slc44a5,204962,47,10.681818181818182
skcm_tcga_pan_can_atlas_2018,"Skin Cutaneous Melanoma (TCGA, PanCancer Atlas)",Cutaneous Melanoma,440,SLC4A8,Slc4a8,9498,48,10.909090909090908
skcm_tcga_pan_can_atlas_2018,"Skin Cutaneous Melanoma (TCGA, PanCancer Atlas)",Cutaneous Melanoma,440,SLC6A1,Slc6a1,6529,41,9.318181818181818
skcm_tcga_pan_can_atlas_2018,"Skin Cutaneous Melanoma (TCGA, PanCancer Atlas)",Cutaneous Melanoma,440,SLC6A17,Slc6a17,388662,21,4.7727272727272725
skcm_tcga_pan_can_atlas_2018,"Skin Cutaneous Melanoma (TCGA, PanCancer Atlas)",Cutaneous Melanoma,440,SLC8A1,Slc8a1,6546,56,12.727272727272727
skcm_tcga_pan_can_atlas_2018,"Skin Cutaneous Melanoma (TCGA, PanCancer Atlas)",Cutaneous Melanoma,440,SLC9A9,Slc9a9,285195,33,7.5
skcm_tcga_pan_can_atlas_2018,"Skin Cutaneous Melanoma (TCGA, PanCancer Atlas)",Cutaneous Melanoma,440,SLCO3A1,Slco3a1,28232,24,5.454545454545454
skcm_tcga_pan_can_atlas_2018,"Skin Cutaneous Melanoma (TCGA, PanCancer Atlas)",Cutaneous Melanoma,440,SLIT2,Slit2,9353,88,20.0
skcm_tcga_pan_can_atlas_2018,"Skin Cutaneous Melanoma (TCGA, PanCancer Atlas)",Cutaneous Melanoma,440,SLIT3,Slit3,6586,84,19.09090909090909
skcm_tcga_pan_can_atlas_2018,"Skin Cutaneous Melanoma (TCGA, PanCancer Atlas)",Cutaneous Melanoma,440,SMARCA2,Smarca2,6595,35,7.954545454545454
skcm_tcga_pan_can_atlas_2018,"Skin Cutaneous Melanoma (TCGA, PanCancer Atlas)",Cutaneous Melanoma,440,SORBS1,Sorbs1,10580,34,7.7272727272727275
skcm_tcga_pan_can_atlas_2018,"Skin Cutaneous Melanoma (TCGA, PanCancer Atlas)",Cutaneous Melanoma,440,SORBS2,Sorbs2,8470,28,6.363636363636363
skcm_tcga_pan_can_atlas_2018,"Skin Cutaneous Melanoma (TCGA, PanCancer Atlas)",Cutaneous Melanoma,440,SORCS1,Sorcs1,114815,34,7.7272727272727275
skcm_tcga_pan_can_atlas_2018,"Skin Cutaneous Melanoma (TCGA, PanCancer Atlas)",Cutaneous Melanoma,440,SORCS2,Sorcs2,57537,26,5.909090909090909
skcm_tcga_pan_can_atlas_2018,"Skin Cutaneous Melanoma (TCGA, PanCancer Atlas)",Cutaneous Melanoma,440,SORCS3,Sorcs3,22986,74,16.818181818181817
skcm_tcga_pan_can_atlas_2018,"Skin Cutaneous Melanoma (TCGA, PanCancer Atlas)",Cutaneous Melanoma,440,SORL1,Sorl1,6653,101,22.954545454545453
skcm_tcga_pan_can_atlas_2018,"Skin Cutaneous Melanoma (TCGA, PanCancer Atlas)",Cutaneous Melanoma,440,SOX5,Sox5,6660,10,2.272727272727273
skcm_tcga_pan_can_atlas_2018,"Skin Cutaneous Melanoma (TCGA, PanCancer Atlas)",Cutaneous Melanoma,440,SOX6,Sox6,55553,24,5.454545454545454
skcm_tcga_pan_can_atlas_2018,"Skin Cutaneous Melanoma (TCGA, PanCancer Atlas)",Cutaneous Melanoma,440,SPARCL1,Sparcl1,8404,18,4.090909090909091
skcm_tcga_pan_can_atlas_2018,"Skin Cutaneous Melanoma (TCGA, PanCancer Atlas)",Cutaneous Melanoma,440,SPHKAP,Sphkap,80309,127,28.863636363636363
skcm_tcga_pan_can_atlas_2018,"Skin Cutaneous Melanoma (TCGA, PanCancer Atlas)",Cutaneous Melanoma,440,SPOCK1,Spock1,6695,20,4.545454545454546
skcm_tcga_pan_can_atlas_2018,"Skin Cutaneous Melanoma (TCGA, PanCancer Atlas)",Cutaneous Melanoma,440,SPOCK3,Spock3,50859,48,10.909090909090908
skcm_tcga_pan_can_atlas_2018,"Skin Cutaneous Melanoma (TCGA, PanCancer Atlas)",Cutaneous Melanoma,440,SPTAN1,Sptan1,6709,33,7.5
skcm_tcga_pan_can_atlas_2018,"Skin Cutaneous Melanoma (TCGA, PanCancer Atlas)",Cutaneous Melanoma,440,SPTBN4,Sptbn4,57731,56,12.727272727272727
skcm_tcga_pan_can_atlas_2018,"Skin Cutaneous Melanoma (TCGA, PanCancer Atlas)",Cutaneous Melanoma,440,SRGAP3,Srgap3,9901,60,13.636363636363637
skcm_tcga_pan_can_atlas_2018,"Skin Cutaneous Melanoma (TCGA, PanCancer Atlas)",Cutaneous Melanoma,440,SRRM4,Srrm4,84530,21,4.7727272727272725
skcm_tcga_pan_can_atlas_2018,"Skin Cutaneous Melanoma (TCGA, PanCancer Atlas)",Cutaneous Melanoma,440,STARD13,Stard13,90627,37,8.409090909090908
skcm_tcga_pan_can_atlas_2018,"Skin Cutaneous Melanoma (TCGA, PanCancer Atlas)",Cutaneous Melanoma,440,STOX2,Stox2,56977,29,6.590909090909091
skcm_tcga_pan_can_atlas_2018,"Skin Cutaneous Melanoma (TCGA, PanCancer Atlas)",Cutaneous Melanoma,440,STRBP,Strbp,55342,14,3.1818181818181817
skcm_tcga_pan_can_atlas_2018,"Skin Cutaneous Melanoma (TCGA, PanCancer Atlas)",Cutaneous Melanoma,440,STXBP5L,Stxbp5l,9515,110,25.0
skcm_tcga_pan_can_atlas_2018,"Skin Cutaneous Melanoma (TCGA, PanCancer Atlas)",Cutaneous Melanoma,440,SV2A,Sv2a,9900,20,4.545454545454546
skcm_tcga_pan_can_atlas_2018,"Skin Cutaneous Melanoma (TCGA, PanCancer Atlas)",Cutaneous Melanoma,440,SV2C,Sv2c,22987,32,7.2727272727272725
skcm_tcga_pan_can_atlas_2018,"Skin Cutaneous Melanoma (TCGA, PanCancer Atlas)",Cutaneous Melanoma,440,SYNJ2,Synj2,8871,46,10.454545454545455
skcm_tcga_pan_can_atlas_2018,"Skin Cutaneous Melanoma (TCGA, PanCancer Atlas)",Cutaneous Melanoma,440,SYT7,Syt7,9066,17,3.8636363636363638
skcm_tcga_pan_can_atlas_2018,"Skin Cutaneous Melanoma (TCGA, PanCancer Atlas)",Cutaneous Melanoma,440,SYTL2,Sytl2,54843,26,5.909090909090909
skcm_tcga_pan_can_atlas_2018,"Skin Cutaneous Melanoma (TCGA, PanCancer Atlas)",Cutaneous Melanoma,440,TACC1,Tacc1,6867,15,3.409090909090909
skcm_tcga_pan_can_atlas_2018,"Skin Cutaneous Melanoma (TCGA, PanCancer Atlas)",Cutaneous Melanoma,440,TENM1,Tenm1,10178,100,22.727272727272727
skcm_tcga_pan_can_atlas_2018,"Skin Cutaneous Melanoma (TCGA, PanCancer Atlas)",Cutaneous Melanoma,440,TENM2,Tenm2,57451,74,16.818181818181817
skcm_tcga_pan_can_atlas_2018,"Skin Cutaneous Melanoma (TCGA, PanCancer Atlas)",Cutaneous Melanoma,440,TENM3,Tenm3,55714,112,25.454545454545453
skcm_tcga_pan_can_atlas_2018,"Skin Cutaneous Melanoma (TCGA, PanCancer Atlas)",Cutaneous Melanoma,440,TENM4,Tenm4,26011,75,17.045454545454547
skcm_tcga_pan_can_atlas_2018,"Skin Cutaneous Melanoma (TCGA, PanCancer Atlas)",Cutaneous Melanoma,440,THSD7A,Thsd7a,221981,64,14.545454545454545
skcm_tcga_pan_can_atlas_2018,"Skin Cutaneous Melanoma (TCGA, PanCancer Atlas)",Cutaneous Melanoma,440,THSD7B,Thsd7b,80731,157,35.68181818181818
skcm_tcga_pan_can_atlas_2018,"Skin Cutaneous Melanoma (TCGA, PanCancer Atlas)",Cutaneous Melanoma,440,TLE4,Tle4,7091,26,5.909090909090909
skcm_tcga_pan_can_atlas_2018,"Skin Cutaneous Melanoma (TCGA, PanCancer Atlas)",Cutaneous Melanoma,440,TLL1,Tll1,7092,107,24.318181818181817
skcm_tcga_pan_can_atlas_2018,"Skin Cutaneous Melanoma (TCGA, PanCancer Atlas)",Cutaneous Melanoma,440,TLN2,Tln2,83660,54,12.272727272727273
skcm_tcga_pan_can_atlas_2018,"Skin Cutaneous Melanoma (TCGA, PanCancer Atlas)",Cutaneous Melanoma,440,TMEM108,Tmem108,66000,31,7.045454545454546
skcm_tcga_pan_can_atlas_2018,"Skin Cutaneous Melanoma (TCGA, PanCancer Atlas)",Cutaneous Melanoma,440,TMEM130,Tmem130,222865,24,5.454545454545454
skcm_tcga_pan_can_atlas_2018,"Skin Cutaneous Melanoma (TCGA, PanCancer Atlas)",Cutaneous Melanoma,440,TMEM132B,Tmem132b,114795,85,19.318181818181817
skcm_tcga_pan_can_atlas_2018,"Skin Cutaneous Melanoma (TCGA, PanCancer Atlas)",Cutaneous Melanoma,440,TMEM132C,Tmem132c,92293,4,0.9090909090909091
skcm_tcga_pan_can_atlas_2018,"Skin Cutaneous Melanoma (TCGA, PanCancer Atlas)",Cutaneous Melanoma,440,TMEM132D,Tmem132d,121256,63,14.318181818181818
skcm_tcga_pan_can_atlas_2018,"Skin Cutaneous Melanoma (TCGA, PanCancer Atlas)",Cutaneous Melanoma,440,TMTC1,Tmtc1,83857,17,3.8636363636363638
skcm_tcga_pan_can_atlas_2018,"Skin Cutaneous Melanoma (TCGA, PanCancer Atlas)",Cutaneous Melanoma,440,TNIK,Tnik,23043,41,9.318181818181818
skcm_tcga_pan_can_atlas_2018,"Skin Cutaneous Melanoma (TCGA, PanCancer Atlas)",Cutaneous Melanoma,440,TOX,Tox,9760,25,5.681818181818182
skcm_tcga_pan_can_atlas_2018,"Skin Cutaneous Melanoma (TCGA, PanCancer Atlas)",Cutaneous Melanoma,440,TOX2,Tox2,84969,39,8.863636363636363
skcm_tcga_pan_can_atlas_2018,"Skin Cutaneous Melanoma (TCGA, PanCancer Atlas)",Cutaneous Melanoma,440,TOX3,Tox3,27324,14,3.1818181818181817
skcm_tcga_pan_can_atlas_2018,"Skin Cutaneous Melanoma (TCGA, PanCancer Atlas)",Cutaneous Melanoma,440,TRERF1,Trerf1,55809,51,11.590909090909092
skcm_tcga_pan_can_atlas_2018,"Skin Cutaneous Melanoma (TCGA, PanCancer Atlas)",Cutaneous Melanoma,440,TRHDE,Trhde,29953,83,18.863636363636363
skcm_tcga_pan_can_atlas_2018,"Skin Cutaneous Melanoma (TCGA, PanCancer Atlas)",Cutaneous Melanoma,440,TRIO,Trio,7204,48,10.909090909090908
skcm_tcga_pan_can_atlas_2018,"Skin Cutaneous Melanoma (TCGA, PanCancer Atlas)",Cutaneous Melanoma,440,TRPC3,Trpc3,7222,37,8.409090909090908
skcm_tcga_pan_can_atlas_2018,"Skin Cutaneous Melanoma (TCGA, PanCancer Atlas)",Cutaneous Melanoma,440,TRPC5,Trpc5,7224,51,11.590909090909092
skcm_tcga_pan_can_atlas_2018,"Skin Cutaneous Melanoma (TCGA, PanCancer Atlas)",Cutaneous Melanoma,440,TRPM2,Trpm2,7226,61,13.863636363636363
skcm_tcga_pan_can_atlas_2018,"Skin Cutaneous Melanoma (TCGA, PanCancer Atlas)",Cutaneous Melanoma,440,TRPM3,Trpm3,80036,42,9.545454545454545
skcm_tcga_pan_can_atlas_2018,"Skin Cutaneous Melanoma (TCGA, PanCancer Atlas)",Cutaneous Melanoma,440,TRPS1,Trps1,7227,33,7.5
skcm_tcga_pan_can_atlas_2018,"Skin Cutaneous Melanoma (TCGA, PanCancer Atlas)",Cutaneous Melanoma,440,TSC22D1,Tsc22d1,8848,11,2.5
skcm_tcga_pan_can_atlas_2018,"Skin Cutaneous Melanoma (TCGA, PanCancer Atlas)",Cutaneous Melanoma,440,TSHZ3,Tshz3,57616,27,6.136363636363637
skcm_tcga_pan_can_atlas_2018,"Skin Cutaneous Melanoma (TCGA, PanCancer Atlas)",Cutaneous Melanoma,440,TTBK2,Ttbk2,146057,28,6.363636363636363
skcm_tcga_pan_can_atlas_2018,"Skin Cutaneous Melanoma (TCGA, PanCancer Atlas)",Cutaneous Melanoma,440,UNC13C,Unc13c,440279,128,29.09090909090909
skcm_tcga_pan_can_atlas_2018,"Skin Cutaneous Melanoma (TCGA, PanCancer Atlas)",Cutaneous Melanoma,440,UNC5C,Unc5c,8633,28,6.363636363636363
skcm_tcga_pan_can_atlas_2018,"Skin Cutaneous Melanoma (TCGA, PanCancer Atlas)",Cutaneous Melanoma,440,UNC5D,Unc5d,137970,50,11.363636363636363
skcm_tcga_pan_can_atlas_2018,"Skin Cutaneous Melanoma (TCGA, PanCancer Atlas)",Cutaneous Melanoma,440,USP11,Usp11,8237,26,5.909090909090909
skcm_tcga_pan_can_atlas_2018,"Skin Cutaneous Melanoma (TCGA, PanCancer Atlas)",Cutaneous Melanoma,440,USP25,Usp25,29761,23,5.2272727272727275
skcm_tcga_pan_can_atlas_2018,"Skin Cutaneous Melanoma (TCGA, PanCancer Atlas)",Cutaneous Melanoma,440,UST,Ust,10090,8,1.8181818181818181
skcm_tcga_pan_can_atlas_2018,"Skin Cutaneous Melanoma (TCGA, PanCancer Atlas)",Cutaneous Melanoma,440,VIP,Vip,7432,15,3.409090909090909
skcm_tcga_pan_can_atlas_2018,"Skin Cutaneous Melanoma (TCGA, PanCancer Atlas)",Cutaneous Melanoma,440,VPS13A,Vps13a,23230,58,13.181818181818182
skcm_tcga_pan_can_atlas_2018,"Skin Cutaneous Melanoma (TCGA, PanCancer Atlas)",Cutaneous Melanoma,440,VPS13D,Vps13d,55187,72,16.363636363636363
skcm_tcga_pan_can_atlas_2018,"Skin Cutaneous Melanoma (TCGA, PanCancer Atlas)",Cutaneous Melanoma,440,WASF3,Wasf3,10810,21,4.7727272727272725
skcm_tcga_pan_can_atlas_2018,"Skin Cutaneous Melanoma (TCGA, PanCancer Atlas)",Cutaneous Melanoma,440,WNK2,Wnk2,65268,42,9.545454545454545
skcm_tcga_pan_can_atlas_2018,"Skin Cutaneous Melanoma (TCGA, PanCancer Atlas)",Cutaneous Melanoma,440,WWP1,Wwp1,11059,11,2.5
skcm_tcga_pan_can_atlas_2018,"Skin Cutaneous Melanoma (TCGA, PanCancer Atlas)",Cutaneous Melanoma,440,XKR4,Xkr4,114786,32,7.2727272727272725
skcm_tcga_pan_can_atlas_2018,"Skin Cutaneous Melanoma (TCGA, PanCancer Atlas)",Cutaneous Melanoma,440,XYLT1,Xylt1,64131,30,6.818181818181818
skcm_tcga_pan_can_atlas_2018,"Skin Cutaneous Melanoma (TCGA, PanCancer Atlas)",Cutaneous Melanoma,440,ZBTB16,Zbtb16,7704,28,6.363636363636363
skcm_tcga_pan_can_atlas_2018,"Skin Cutaneous Melanoma (TCGA, PanCancer Atlas)",Cutaneous Melanoma,440,ZFYVE28,Zfyve28,57732,25,5.681818181818182
skcm_tcga_pan_can_atlas_2018,"Skin Cutaneous Melanoma (TCGA, PanCancer Atlas)",Cutaneous Melanoma,440,ZMAT4,Zmat4,79698,17,3.8636363636363638
skcm_tcga_pan_can_atlas_2018,"Skin Cutaneous Melanoma (TCGA, PanCancer Atlas)",Cutaneous Melanoma,440,ZMYND8,Zmynd8,23613,22,5.0
prad_tcga_pan_can_atlas_2018,"Prostate Adenocarcinoma (TCGA, PanCancer Atlas)",Prostate Adenocarcinoma,494,ABCC8,Abcc8,6833,2,0.4048582995951417
prad_tcga_pan_can_atlas_2018,"Prostate Adenocarcinoma (TCGA, PanCancer Atlas)",Prostate Adenocarcinoma,494,ABR,Abr,29,2,0.4048582995951417
prad_tcga_pan_can_atlas_2018,"Prostate Adenocarcinoma (TCGA, PanCancer Atlas)",Prostate Adenocarcinoma,494,ACSL3,Acsl3,2181,0,0.0
prad_tcga_pan_can_atlas_2018,"Prostate Adenocarcinoma (TCGA, PanCancer Atlas)",Prostate Adenocarcinoma,494,ADAM23,Adam23,8745,4,0.8097165991902834
prad_tcga_pan_can_atlas_2018,"Prostate Adenocarcinoma (TCGA, PanCancer Atlas)",Prostate Adenocarcinoma,494,ADAMTS17,Adamts17,170691,2,0.4048582995951417
prad_tcga_pan_can_atlas_2018,"Prostate Adenocarcinoma (TCGA, PanCancer Atlas)",Prostate Adenocarcinoma,494,ADARB2,Adarb2,105,3,0.6072874493927125
prad_tcga_pan_can_atlas_2018,"Prostate Adenocarcinoma (TCGA, PanCancer Atlas)",Prostate Adenocarcinoma,494,ADCY1,Adcy1,107,2,0.4048582995951417
prad_tcga_pan_can_atlas_2018,"Prostate Adenocarcinoma (TCGA, PanCancer Atlas)",Prostate Adenocarcinoma,494,ADCY2,Adcy2,108,3,0.6072874493927125
prad_tcga_pan_can_atlas_2018,"Prostate Adenocarcinoma (TCGA, PanCancer Atlas)",Prostate Adenocarcinoma,494,ADCY8,Adcy8,114,6,1.214574898785425
prad_tcga_pan_can_atlas_2018,"Prostate Adenocarcinoma (TCGA, PanCancer Atlas)",Prostate Adenocarcinoma,494,ADRA1A,Adra1a,148,1,0.20242914979757085
prad_tcga_pan_can_atlas_2018,"Prostate Adenocarcinoma (TCGA, PanCancer Atlas)",Prostate Adenocarcinoma,494,AHI1,Ahi1,54806,2,0.4048582995951417
prad_tcga_pan_can_atlas_2018,"Prostate Adenocarcinoma (TCGA, PanCancer Atlas)",Prostate Adenocarcinoma,494,AK5,Ak5,26289,1,0.20242914979757085
prad_tcga_pan_can_atlas_2018,"Prostate Adenocarcinoma (TCGA, PanCancer Atlas)",Prostate Adenocarcinoma,494,ALK,Alk,238,2,0.4048582995951417
prad_tcga_pan_can_atlas_2018,"Prostate Adenocarcinoma (TCGA, PanCancer Atlas)",Prostate Adenocarcinoma,494,ANK1,Ank1,286,7,1.417004048582996
prad_tcga_pan_can_atlas_2018,"Prostate Adenocarcinoma (TCGA, PanCancer Atlas)",Prostate Adenocarcinoma,494,ANKRD26,Ankrd26,22852,4,0.8097165991902834
prad_tcga_pan_can_atlas_2018,"Prostate Adenocarcinoma (TCGA, PanCancer Atlas)",Prostate Adenocarcinoma,494,ANKS1B,Anks1b,56899,2,0.4048582995951417
prad_tcga_pan_can_atlas_2018,"Prostate Adenocarcinoma (TCGA, PanCancer Atlas)",Prostate Adenocarcinoma,494,ANO3,Ano3,63982,3,0.6072874493927125
prad_tcga_pan_can_atlas_2018,"Prostate Adenocarcinoma (TCGA, PanCancer Atlas)",Prostate Adenocarcinoma,494,ANO4,Ano4,121601,8,1.6194331983805668
prad_tcga_pan_can_atlas_2018,"Prostate Adenocarcinoma (TCGA, PanCancer Atlas)",Prostate Adenocarcinoma,494,ANO5,Ano5,203859,2,0.4048582995951417
prad_tcga_pan_can_atlas_2018,"Prostate Adenocarcinoma (TCGA, PanCancer Atlas)",Prostate Adenocarcinoma,494,APBA1,Apba1,320,3,0.6072874493927125
prad_tcga_pan_can_atlas_2018,"Prostate Adenocarcinoma (TCGA, PanCancer Atlas)",Prostate Adenocarcinoma,494,APLP1,Aplp1,333,4,0.8097165991902834
prad_tcga_pan_can_atlas_2018,"Prostate Adenocarcinoma (TCGA, PanCancer Atlas)",Prostate Adenocarcinoma,494,ARAP2,Arap2,116984,0,0.0
prad_tcga_pan_can_atlas_2018,"Prostate Adenocarcinoma (TCGA, PanCancer Atlas)",Prostate Adenocarcinoma,494,ARHGAP20,Arhgap20,57569,1,0.20242914979757085
prad_tcga_pan_can_atlas_2018,"Prostate Adenocarcinoma (TCGA, PanCancer Atlas)",Prostate Adenocarcinoma,494,ARHGAP21,Arhgap21,57584,4,0.8097165991902834
prad_tcga_pan_can_atlas_2018,"Prostate Adenocarcinoma (TCGA, PanCancer Atlas)",Prostate Adenocarcinoma,494,ARHGAP5,Arhgap5,394,4,0.8097165991902834
prad_tcga_pan_can_atlas_2018,"Prostate Adenocarcinoma (TCGA, PanCancer Atlas)",Prostate Adenocarcinoma,494,ARID5B,Arid5b,84159,4,0.8097165991902834
prad_tcga_pan_can_atlas_2018,"Prostate Adenocarcinoma (TCGA, PanCancer Atlas)",Prostate Adenocarcinoma,494,ARPP21,Arpp21,10777,4,0.8097165991902834
prad_tcga_pan_can_atlas_2018,"Prostate Adenocarcinoma (TCGA, PanCancer Atlas)",Prostate Adenocarcinoma,494,ASIC2,Asic2,40,2,0.4048582995951417
prad_tcga_pan_can_atlas_2018,"Prostate Adenocarcinoma (TCGA, PanCancer Atlas)",Prostate Adenocarcinoma,494,ASTN1,Astn1,460,8,1.6194331983805668
prad_tcga_pan_can_atlas_2018,"Prostate Adenocarcinoma (TCGA, PanCancer Atlas)",Prostate Adenocarcinoma,494,ASTN2,Astn2,23245,3,0.6072874493927125
prad_tcga_pan_can_atlas_2018,"Prostate Adenocarcinoma (TCGA, PanCancer Atlas)",Prostate Adenocarcinoma,494,ATP1A3,Atp1a3,478,3,0.6072874493927125
prad_tcga_pan_can_atlas_2018,"Prostate Adenocarcinoma (TCGA, PanCancer Atlas)",Prostate Adenocarcinoma,494,ATP2A2,Atp2a2,488,1,0.20242914979757085
prad_tcga_pan_can_atlas_2018,"Prostate Adenocarcinoma (TCGA, PanCancer Atlas)",Prostate Adenocarcinoma,494,ATP8A2,Atp8a2,51761,0,0.0
prad_tcga_pan_can_atlas_2018,"Prostate Adenocarcinoma (TCGA, PanCancer Atlas)",Prostate Adenocarcinoma,494,ATRNL1,Atrnl1,26033,2,0.4048582995951417
prad_tcga_pan_can_atlas_2018,"Prostate Adenocarcinoma (TCGA, PanCancer Atlas)",Prostate Adenocarcinoma,494,ATXN1,Atxn1,6310,1,0.20242914979757085
prad_tcga_pan_can_atlas_2018,"Prostate Adenocarcinoma (TCGA, PanCancer Atlas)",Prostate Adenocarcinoma,494,BACH2,Bach2,60468,3,0.6072874493927125
prad_tcga_pan_can_atlas_2018,"Prostate Adenocarcinoma (TCGA, PanCancer Atlas)",Prostate Adenocarcinoma,494,BAIAP2,Baiap2,10458,1,0.20242914979757085
prad_tcga_pan_can_atlas_2018,"Prostate Adenocarcinoma (TCGA, PanCancer Atlas)",Prostate Adenocarcinoma,494,BCL11A,Bcl11a,53335,3,0.6072874493927125
prad_tcga_pan_can_atlas_2018,"Prostate Adenocarcinoma (TCGA, PanCancer Atlas)",Prostate Adenocarcinoma,494,BCL11B,Bcl11b,64919,3,0.6072874493927125
prad_tcga_pan_can_atlas_2018,"Prostate Adenocarcinoma (TCGA, PanCancer Atlas)",Prostate Adenocarcinoma,494,BDP1,Bdp1,55814,3,0.6072874493927125
prad_tcga_pan_can_atlas_2018,"Prostate Adenocarcinoma (TCGA, PanCancer Atlas)",Prostate Adenocarcinoma,494,BMPER,Bmper,168667,2,0.4048582995951417
prad_tcga_pan_can_atlas_2018,"Prostate Adenocarcinoma (TCGA, PanCancer Atlas)",Prostate Adenocarcinoma,494,BRINP2,Brinp2,57795,1,0.20242914979757085
prad_tcga_pan_can_atlas_2018,"Prostate Adenocarcinoma (TCGA, PanCancer Atlas)",Prostate Adenocarcinoma,494,BRINP3,Brinp3,339479,3,0.6072874493927125
prad_tcga_pan_can_atlas_2018,"Prostate Adenocarcinoma (TCGA, PanCancer Atlas)",Prostate Adenocarcinoma,494,BSN,Bsn,8927,6,1.214574898785425
prad_tcga_pan_can_atlas_2018,"Prostate Adenocarcinoma (TCGA, PanCancer Atlas)",Prostate Adenocarcinoma,494,CACNA1A,Cacna1a,773,10,2.0242914979757085
prad_tcga_pan_can_atlas_2018,"Prostate Adenocarcinoma (TCGA, PanCancer Atlas)",Prostate Adenocarcinoma,494,CACNA1B,Cacna1b,774,4,0.8097165991902834
prad_tcga_pan_can_atlas_2018,"Prostate Adenocarcinoma (TCGA, PanCancer Atlas)",Prostate Adenocarcinoma,494,CACNA1C,Cacna1c,775,3,0.6072874493927125
prad_tcga_pan_can_atlas_2018,"Prostate Adenocarcinoma (TCGA, PanCancer Atlas)",Prostate Adenocarcinoma,494,CACNA1D,Cacna1d,776,4,0.8097165991902834
prad_tcga_pan_can_atlas_2018,"Prostate Adenocarcinoma (TCGA, PanCancer Atlas)",Prostate Adenocarcinoma,494,CACNA1E,Cacna1e,777,15,3.0364372469635628
prad_tcga_pan_can_atlas_2018,"Prostate Adenocarcinoma (TCGA, PanCancer Atlas)",Prostate Adenocarcinoma,494,CACNA2D1,Cacna2d1,781,2,0.4048582995951417
prad_tcga_pan_can_atlas_2018,"Prostate Adenocarcinoma (TCGA, PanCancer Atlas)",Prostate Adenocarcinoma,494,CACNA2D3,Cacna2d3,55799,2,0.4048582995951417
prad_tcga_pan_can_atlas_2018,"Prostate Adenocarcinoma (TCGA, PanCancer Atlas)",Prostate Adenocarcinoma,494,CACNB2,Cacnb2,783,2,0.4048582995951417
prad_tcga_pan_can_atlas_2018,"Prostate Adenocarcinoma (TCGA, PanCancer Atlas)",Prostate Adenocarcinoma,494,CACNB4,Cacnb4,785,1,0.20242914979757085
prad_tcga_pan_can_atlas_2018,"Prostate Adenocarcinoma (TCGA, PanCancer Atlas)",Prostate Adenocarcinoma,494,CACNG3,Cacng3,10368,0,0.0
prad_tcga_pan_can_atlas_2018,"Prostate Adenocarcinoma (TCGA, PanCancer Atlas)",Prostate Adenocarcinoma,494,CADM2,Cadm2,253559,2,0.4048582995951417
prad_tcga_pan_can_atlas_2018,"Prostate Adenocarcinoma (TCGA, PanCancer Atlas)",Prostate Adenocarcinoma,494,CADPS,Cadps,8618,4,0.8097165991902834
prad_tcga_pan_can_atlas_2018,"Prostate Adenocarcinoma (TCGA, PanCancer Atlas)",Prostate Adenocarcinoma,494,CAMTA1,Camta1,23261,5,1.0121457489878543
prad_tcga_pan_can_atlas_2018,"Prostate Adenocarcinoma (TCGA, PanCancer Atlas)",Prostate Adenocarcinoma,494,CAP2,Cap2,10486,2,0.4048582995951417
prad_tcga_pan_can_atlas_2018,"Prostate Adenocarcinoma (TCGA, PanCancer Atlas)",Prostate Adenocarcinoma,494,CCDC136,Ccdc136,64753,3,0.6072874493927125
prad_tcga_pan_can_atlas_2018,"Prostate Adenocarcinoma (TCGA, PanCancer Atlas)",Prostate Adenocarcinoma,494,CCSER1,Ccser1,401145,1,0.20242914979757085
prad_tcga_pan_can_atlas_2018,"Prostate Adenocarcinoma (TCGA, PanCancer Atlas)",Prostate Adenocarcinoma,494,CDH10,Cdh10,1008,1,0.20242914979757085
prad_tcga_pan_can_atlas_2018,"Prostate Adenocarcinoma (TCGA, PanCancer Atlas)",Prostate Adenocarcinoma,494,CDH12,Cdh12,1010,6,1.214574898785425
prad_tcga_pan_can_atlas_2018,"Prostate Adenocarcinoma (TCGA, PanCancer Atlas)",Prostate Adenocarcinoma,494,CDH13,Cdh13,1012,1,0.20242914979757085
prad_tcga_pan_can_atlas_2018,"Prostate Adenocarcinoma (TCGA, PanCancer Atlas)",Prostate Adenocarcinoma,494,CDH2,Cdh2,1000,1,0.20242914979757085
prad_tcga_pan_can_atlas_2018,"Prostate Adenocarcinoma (TCGA, PanCancer Atlas)",Prostate Adenocarcinoma,494,CDH22,Cdh22,64405,2,0.4048582995951417
prad_tcga_pan_can_atlas_2018,"Prostate Adenocarcinoma (TCGA, PanCancer Atlas)",Prostate Adenocarcinoma,494,CDH4,Cdh4,1002,4,0.8097165991902834
prad_tcga_pan_can_atlas_2018,"Prostate Adenocarcinoma (TCGA, PanCancer Atlas)",Prostate Adenocarcinoma,494,CDH8,Cdh8,1006,4,0.8097165991902834
prad_tcga_pan_can_atlas_2018,"Prostate Adenocarcinoma (TCGA, PanCancer Atlas)",Prostate Adenocarcinoma,494,CDH9,Cdh9,1007,3,0.6072874493927125
prad_tcga_pan_can_atlas_2018,"Prostate Adenocarcinoma (TCGA, PanCancer Atlas)",Prostate Adenocarcinoma,494,CDK14,Cdk14,5218,1,0.20242914979757085
prad_tcga_pan_can_atlas_2018,"Prostate Adenocarcinoma (TCGA, PanCancer Atlas)",Prostate Adenocarcinoma,494,CDKL5,Cdkl5,6792,1,0.20242914979757085
prad_tcga_pan_can_atlas_2018,"Prostate Adenocarcinoma (TCGA, PanCancer Atlas)",Prostate Adenocarcinoma,494,CELF4,Celf4,56853,2,0.4048582995951417
prad_tcga_pan_can_atlas_2018,"Prostate Adenocarcinoma (TCGA, PanCancer Atlas)",Prostate Adenocarcinoma,494,CEMIP,Cemip,57214,2,0.4048582995951417
prad_tcga_pan_can_atlas_2018,"Prostate Adenocarcinoma (TCGA, PanCancer Atlas)",Prostate Adenocarcinoma,494,CHGB,Chgb,1114,1,0.20242914979757085
prad_tcga_pan_can_atlas_2018,"Prostate Adenocarcinoma (TCGA, PanCancer Atlas)",Prostate Adenocarcinoma,494,CHL1,Chl1,10752,4,0.8097165991902834
prad_tcga_pan_can_atlas_2018,"Prostate Adenocarcinoma (TCGA, PanCancer Atlas)",Prostate Adenocarcinoma,494,CHRM3,Chrm3,1131,1,0.20242914979757085
prad_tcga_pan_can_atlas_2018,"Prostate Adenocarcinoma (TCGA, PanCancer Atlas)",Prostate Adenocarcinoma,494,CHSY3,Chsy3,337876,2,0.4048582995951417
prad_tcga_pan_can_atlas_2018,"Prostate Adenocarcinoma (TCGA, PanCancer Atlas)",Prostate Adenocarcinoma,494,CIT,Cit,11113,2,0.4048582995951417
prad_tcga_pan_can_atlas_2018,"Prostate Adenocarcinoma (TCGA, PanCancer Atlas)",Prostate Adenocarcinoma,494,CLEC16A,Clec16a,23274,3,0.6072874493927125
prad_tcga_pan_can_atlas_2018,"Prostate Adenocarcinoma (TCGA, PanCancer Atlas)",Prostate Adenocarcinoma,494,CLIP4,Clip4,79745,2,0.4048582995951417
prad_tcga_pan_can_atlas_2018,"Prostate Adenocarcinoma (TCGA, PanCancer Atlas)",Prostate Adenocarcinoma,494,CLSTN2,Clstn2,64084,3,0.6072874493927125
prad_tcga_pan_can_atlas_2018,"Prostate Adenocarcinoma (TCGA, PanCancer Atlas)",Prostate Adenocarcinoma,494,CLVS1,Clvs1,157807,2,0.4048582995951417
prad_tcga_pan_can_atlas_2018,"Prostate Adenocarcinoma (TCGA, PanCancer Atlas)",Prostate Adenocarcinoma,494,CNR1,Cnr1,1268,4,0.8097165991902834
prad_tcga_pan_can_atlas_2018,"Prostate Adenocarcinoma (TCGA, PanCancer Atlas)",Prostate Adenocarcinoma,494,CNTN3,Cntn3,5067,1,0.20242914979757085
prad_tcga_pan_can_atlas_2018,"Prostate Adenocarcinoma (TCGA, PanCancer Atlas)",Prostate Adenocarcinoma,494,CNTN4,Cntn4,152330,2,0.4048582995951417
prad_tcga_pan_can_atlas_2018,"Prostate Adenocarcinoma (TCGA, PanCancer Atlas)",Prostate Adenocarcinoma,494,CNTN5,Cntn5,53942,1,0.20242914979757085
prad_tcga_pan_can_atlas_2018,"Prostate Adenocarcinoma (TCGA, PanCancer Atlas)",Prostate Adenocarcinoma,494,CNTN6,Cntn6,27255,6,1.214574898785425
prad_tcga_pan_can_atlas_2018,"Prostate Adenocarcinoma (TCGA, PanCancer Atlas)",Prostate Adenocarcinoma,494,CNTNAP2,Cntnap2,26047,2,0.4048582995951417
prad_tcga_pan_can_atlas_2018,"Prostate Adenocarcinoma (TCGA, PanCancer Atlas)",Prostate Adenocarcinoma,494,CNTNAP4,Cntnap4,85445,2,0.4048582995951417
prad_tcga_pan_can_atlas_2018,"Prostate Adenocarcinoma (TCGA, PanCancer Atlas)",Prostate Adenocarcinoma,494,COL11A1,Col11a1,1301,15,3.0364372469635628
prad_tcga_pan_can_atlas_2018,"Prostate Adenocarcinoma (TCGA, PanCancer Atlas)",Prostate Adenocarcinoma,494,COL16A1,Col16a1,1307,5,1.0121457489878543
prad_tcga_pan_can_atlas_2018,"Prostate Adenocarcinoma (TCGA, PanCancer Atlas)",Prostate Adenocarcinoma,494,COL19A1,Col19a1,1310,4,0.8097165991902834
prad_tcga_pan_can_atlas_2018,"Prostate Adenocarcinoma (TCGA, PanCancer Atlas)",Prostate Adenocarcinoma,494,COL24A1,Col24a1,255631,5,1.0121457489878543
prad_tcga_pan_can_atlas_2018,"Prostate Adenocarcinoma (TCGA, PanCancer Atlas)",Prostate Adenocarcinoma,494,COL25A1,Col25a1,84570,1,0.20242914979757085
prad_tcga_pan_can_atlas_2018,"Prostate Adenocarcinoma (TCGA, PanCancer Atlas)",Prostate Adenocarcinoma,494,CORO6,Coro6,84940,1,0.20242914979757085
prad_tcga_pan_can_atlas_2018,"Prostate Adenocarcinoma (TCGA, PanCancer Atlas)",Prostate Adenocarcinoma,494,CPNE4,Cpne4,131034,0,0.0
prad_tcga_pan_can_atlas_2018,"Prostate Adenocarcinoma (TCGA, PanCancer Atlas)",Prostate Adenocarcinoma,494,CSMD1,Csmd1,64478,12,2.42914979757085
prad_tcga_pan_can_atlas_2018,"Prostate Adenocarcinoma (TCGA, PanCancer Atlas)",Prostate Adenocarcinoma,494,CSMD2,Csmd2,114784,8,1.6194331983805668
prad_tcga_pan_can_atlas_2018,"Prostate Adenocarcinoma (TCGA, PanCancer Atlas)",Prostate Adenocarcinoma,494,CSMD3,Csmd3,114788,19,3.8461538461538463
prad_tcga_pan_can_atlas_2018,"Prostate Adenocarcinoma (TCGA, PanCancer Atlas)",Prostate Adenocarcinoma,494,CSRNP3,Csrnp3,80034,0,0.0
prad_tcga_pan_can_atlas_2018,"Prostate Adenocarcinoma (TCGA, PanCancer Atlas)",Prostate Adenocarcinoma,494,CUX1,Cux1,1523,1,0.20242914979757085
prad_tcga_pan_can_atlas_2018,"Prostate Adenocarcinoma (TCGA, PanCancer Atlas)",Prostate Adenocarcinoma,494,CUX2,Cux2,23316,1,0.20242914979757085
prad_tcga_pan_can_atlas_2018,"Prostate Adenocarcinoma (TCGA, PanCancer Atlas)",Prostate Adenocarcinoma,494,CYFIP2,Cyfip2,26999,5,1.0121457489878543
prad_tcga_pan_can_atlas_2018,"Prostate Adenocarcinoma (TCGA, PanCancer Atlas)",Prostate Adenocarcinoma,494,DAAM1,Daam1,23002,3,0.6072874493927125
prad_tcga_pan_can_atlas_2018,"Prostate Adenocarcinoma (TCGA, PanCancer Atlas)",Prostate Adenocarcinoma,494,DAB1,Dab1,1600,1,0.20242914979757085
prad_tcga_pan_can_atlas_2018,"Prostate Adenocarcinoma (TCGA, PanCancer Atlas)",Prostate Adenocarcinoma,494,DACH1,Dach1,1602,0,0.0
prad_tcga_pan_can_atlas_2018,"Prostate Adenocarcinoma (TCGA, PanCancer Atlas)",Prostate Adenocarcinoma,494,DAPK1,Dapk1,1612,6,1.214574898785425
prad_tcga_pan_can_atlas_2018,"Prostate Adenocarcinoma (TCGA, PanCancer Atlas)",Prostate Adenocarcinoma,494,DCC,Dcc,1630,7,1.417004048582996
prad_tcga_pan_can_atlas_2018,"Prostate Adenocarcinoma (TCGA, PanCancer Atlas)",Prostate Adenocarcinoma,494,DENND5B,Dennd5b,160518,2,0.4048582995951417
prad_tcga_pan_can_atlas_2018,"Prostate Adenocarcinoma (TCGA, PanCancer Atlas)",Prostate Adenocarcinoma,494,DGKB,Dgkb,1607,2,0.4048582995951417
prad_tcga_pan_can_atlas_2018,"Prostate Adenocarcinoma (TCGA, PanCancer Atlas)",Prostate Adenocarcinoma,494,DGKD,Dgkd,8527,4,0.8097165991902834
prad_tcga_pan_can_atlas_2018,"Prostate Adenocarcinoma (TCGA, PanCancer Atlas)",Prostate Adenocarcinoma,494,DGKG,Dgkg,1608,0,0.0
prad_tcga_pan_can_atlas_2018,"Prostate Adenocarcinoma (TCGA, PanCancer Atlas)",Prostate Adenocarcinoma,494,DGKH,Dgkh,160851,1,0.20242914979757085
prad_tcga_pan_can_atlas_2018,"Prostate Adenocarcinoma (TCGA, PanCancer Atlas)",Prostate Adenocarcinoma,494,DGKI,Dgki,9162,6,1.214574898785425
prad_tcga_pan_can_atlas_2018,"Prostate Adenocarcinoma (TCGA, PanCancer Atlas)",Prostate Adenocarcinoma,494,DIP2A,Dip2a,23181,2,0.4048582995951417
prad_tcga_pan_can_atlas_2018,"Prostate Adenocarcinoma (TCGA, PanCancer Atlas)",Prostate Adenocarcinoma,494,DLC1,Dlc1,10395,1,0.20242914979757085
prad_tcga_pan_can_atlas_2018,"Prostate Adenocarcinoma (TCGA, PanCancer Atlas)",Prostate Adenocarcinoma,494,DLG2,Dlg2,1740,2,0.4048582995951417
prad_tcga_pan_can_atlas_2018,"Prostate Adenocarcinoma (TCGA, PanCancer Atlas)",Prostate Adenocarcinoma,494,DLGAP1,Dlgap1,9229,4,0.8097165991902834
prad_tcga_pan_can_atlas_2018,"Prostate Adenocarcinoma (TCGA, PanCancer Atlas)",Prostate Adenocarcinoma,494,DLGAP2,Dlgap2,9228,4,0.8097165991902834
prad_tcga_pan_can_atlas_2018,"Prostate Adenocarcinoma (TCGA, PanCancer Atlas)",Prostate Adenocarcinoma,494,DMD,Dmd,1756,4,0.8097165991902834
prad_tcga_pan_can_atlas_2018,"Prostate Adenocarcinoma (TCGA, PanCancer Atlas)",Prostate Adenocarcinoma,494,DNER,Dner,92737,3,0.6072874493927125
prad_tcga_pan_can_atlas_2018,"Prostate Adenocarcinoma (TCGA, PanCancer Atlas)",Prostate Adenocarcinoma,494,DOCK10,Dock10,55619,5,1.0121457489878543
prad_tcga_pan_can_atlas_2018,"Prostate Adenocarcinoma (TCGA, PanCancer Atlas)",Prostate Adenocarcinoma,494,DOCK3,Dock3,1795,3,0.6072874493927125
prad_tcga_pan_can_atlas_2018,"Prostate Adenocarcinoma (TCGA, PanCancer Atlas)",Prostate Adenocarcinoma,494,DOCK4,Dock4,9732,5,1.0121457489878543
prad_tcga_pan_can_atlas_2018,"Prostate Adenocarcinoma (TCGA, PanCancer Atlas)",Prostate Adenocarcinoma,494,DOCK9,Dock9,23348,2,0.4048582995951417
prad_tcga_pan_can_atlas_2018,"Prostate Adenocarcinoma (TCGA, PanCancer Atlas)",Prostate Adenocarcinoma,494,DOK5,Dok5,55816,0,0.0
prad_tcga_pan_can_atlas_2018,"Prostate Adenocarcinoma (TCGA, PanCancer Atlas)",Prostate Adenocarcinoma,494,DPP6,Dpp6,1804,3,0.6072874493927125
prad_tcga_pan_can_atlas_2018,"Prostate Adenocarcinoma (TCGA, PanCancer Atlas)",Prostate Adenocarcinoma,494,DSCAM,Dscam,1826,4,0.8097165991902834
prad_tcga_pan_can_atlas_2018,"Prostate Adenocarcinoma (TCGA, PanCancer Atlas)",Prostate Adenocarcinoma,494,DSCAML1,Dscaml1,57453,4,0.8097165991902834
prad_tcga_pan_can_atlas_2018,"Prostate Adenocarcinoma (TCGA, PanCancer Atlas)",Prostate Adenocarcinoma,494,DYNC1H1,Dync1h1,1778,6,1.214574898785425
prad_tcga_pan_can_atlas_2018,"Prostate Adenocarcinoma (TCGA, PanCancer Atlas)",Prostate Adenocarcinoma,494,DYNC1I1,Dync1i1,1780,2,0.4048582995951417
prad_tcga_pan_can_atlas_2018,"Prostate Adenocarcinoma (TCGA, PanCancer Atlas)",Prostate Adenocarcinoma,494,DYNC2H1,Dync2h1,79659,1,0.20242914979757085
prad_tcga_pan_can_atlas_2018,"Prostate Adenocarcinoma (TCGA, PanCancer Atlas)",Prostate Adenocarcinoma,494,EEPD1,Eepd1,80820,0,0.0
prad_tcga_pan_can_atlas_2018,"Prostate Adenocarcinoma (TCGA, PanCancer Atlas)",Prostate Adenocarcinoma,494,EFR3A,Efr3a,23167,1,0.20242914979757085
prad_tcga_pan_can_atlas_2018,"Prostate Adenocarcinoma (TCGA, PanCancer Atlas)",Prostate Adenocarcinoma,494,EGFR,Egfr,1956,3,0.6072874493927125
prad_tcga_pan_can_atlas_2018,"Prostate Adenocarcinoma (TCGA, PanCancer Atlas)",Prostate Adenocarcinoma,494,ELAVL2,Elavl2,1993,2,0.4048582995951417
prad_tcga_pan_can_atlas_2018,"Prostate Adenocarcinoma (TCGA, PanCancer Atlas)",Prostate Adenocarcinoma,494,ENOX1,Enox1,55068,3,0.6072874493927125
prad_tcga_pan_can_atlas_2018,"Prostate Adenocarcinoma (TCGA, PanCancer Atlas)",Prostate Adenocarcinoma,494,EPHA3,Epha3,2042,5,1.0121457489878543
prad_tcga_pan_can_atlas_2018,"Prostate Adenocarcinoma (TCGA, PanCancer Atlas)",Prostate Adenocarcinoma,494,EPHA4,Epha4,2043,2,0.4048582995951417
prad_tcga_pan_can_atlas_2018,"Prostate Adenocarcinoma (TCGA, PanCancer Atlas)",Prostate Adenocarcinoma,494,EPHA6,Epha6,285220,2,0.4048582995951417
prad_tcga_pan_can_atlas_2018,"Prostate Adenocarcinoma (TCGA, PanCancer Atlas)",Prostate Adenocarcinoma,494,EPHB6,Ephb6,2051,1,0.20242914979757085
prad_tcga_pan_can_atlas_2018,"Prostate Adenocarcinoma (TCGA, PanCancer Atlas)",Prostate Adenocarcinoma,494,ERBB4,Erbb4,2066,5,1.0121457489878543
prad_tcga_pan_can_atlas_2018,"Prostate Adenocarcinoma (TCGA, PanCancer Atlas)",Prostate Adenocarcinoma,494,ERC2,Erc2,26059,2,0.4048582995951417
prad_tcga_pan_can_atlas_2018,"Prostate Adenocarcinoma (TCGA, PanCancer Atlas)",Prostate Adenocarcinoma,494,ESRRG,Esrrg,2104,1,0.20242914979757085
prad_tcga_pan_can_atlas_2018,"Prostate Adenocarcinoma (TCGA, PanCancer Atlas)",Prostate Adenocarcinoma,494,ETV6,Etv6,2120,1,0.20242914979757085
prad_tcga_pan_can_atlas_2018,"Prostate Adenocarcinoma (TCGA, PanCancer Atlas)",Prostate Adenocarcinoma,494,EXOC4,Exoc4,60412,2,0.4048582995951417
prad_tcga_pan_can_atlas_2018,"Prostate Adenocarcinoma (TCGA, PanCancer Atlas)",Prostate Adenocarcinoma,494,EYA4,Eya4,2070,2,0.4048582995951417
prad_tcga_pan_can_atlas_2018,"Prostate Adenocarcinoma (TCGA, PanCancer Atlas)",Prostate Adenocarcinoma,494,FAM135B,Fam135b,51059,5,1.0121457489878543
prad_tcga_pan_can_atlas_2018,"Prostate Adenocarcinoma (TCGA, PanCancer Atlas)",Prostate Adenocarcinoma,494,FAT1,Fat1,2195,3,0.6072874493927125
prad_tcga_pan_can_atlas_2018,"Prostate Adenocarcinoma (TCGA, PanCancer Atlas)",Prostate Adenocarcinoma,494,FAT3,Fat3,120114,18,3.6437246963562755
prad_tcga_pan_can_atlas_2018,"Prostate Adenocarcinoma (TCGA, PanCancer Atlas)",Prostate Adenocarcinoma,494,FGF13,Fgf13,2258,0,0.0
prad_tcga_pan_can_atlas_2018,"Prostate Adenocarcinoma (TCGA, PanCancer Atlas)",Prostate Adenocarcinoma,494,FHOD3,Fhod3,80206,3,0.6072874493927125
prad_tcga_pan_can_atlas_2018,"Prostate Adenocarcinoma (TCGA, PanCancer Atlas)",Prostate Adenocarcinoma,494,FMN1,Fmn1,342184,1,0.20242914979757085
prad_tcga_pan_can_atlas_2018,"Prostate Adenocarcinoma (TCGA, PanCancer Atlas)",Prostate Adenocarcinoma,494,FMN2,Fmn2,56776,6,1.214574898785425
prad_tcga_pan_can_atlas_2018,"Prostate Adenocarcinoma (TCGA, PanCancer Atlas)",Prostate Adenocarcinoma,494,FOCAD,Focad,54914,1,0.20242914979757085
prad_tcga_pan_can_atlas_2018,"Prostate Adenocarcinoma (TCGA, PanCancer Atlas)",Prostate Adenocarcinoma,494,FRAS1,Fras1,80144,6,1.214574898785425
prad_tcga_pan_can_atlas_2018,"Prostate Adenocarcinoma (TCGA, PanCancer Atlas)",Prostate Adenocarcinoma,494,FREM1,Frem1,158326,5,1.0121457489878543
prad_tcga_pan_can_atlas_2018,"Prostate Adenocarcinoma (TCGA, PanCancer Atlas)",Prostate Adenocarcinoma,494,FRMPD4,Frmpd4,9758,1,0.20242914979757085
prad_tcga_pan_can_atlas_2018,"Prostate Adenocarcinoma (TCGA, PanCancer Atlas)",Prostate Adenocarcinoma,494,FRY,Fry,10129,4,0.8097165991902834
prad_tcga_pan_can_atlas_2018,"Prostate Adenocarcinoma (TCGA, PanCancer Atlas)",Prostate Adenocarcinoma,494,FSTL4,Fstl4,23105,2,0.4048582995951417
prad_tcga_pan_can_atlas_2018,"Prostate Adenocarcinoma (TCGA, PanCancer Atlas)",Prostate Adenocarcinoma,494,FSTL5,Fstl5,56884,2,0.4048582995951417
prad_tcga_pan_can_atlas_2018,"Prostate Adenocarcinoma (TCGA, PanCancer Atlas)",Prostate Adenocarcinoma,494,FUT9,Fut9,10690,0,0.0
prad_tcga_pan_can_atlas_2018,"Prostate Adenocarcinoma (TCGA, PanCancer Atlas)",Prostate Adenocarcinoma,494,GABBR1,Gabbr1,2550,1,0.20242914979757085
prad_tcga_pan_can_atlas_2018,"Prostate Adenocarcinoma (TCGA, PanCancer Atlas)",Prostate Adenocarcinoma,494,GABBR2,Gabbr2,9568,4,0.8097165991902834
prad_tcga_pan_can_atlas_2018,"Prostate Adenocarcinoma (TCGA, PanCancer Atlas)",Prostate Adenocarcinoma,494,GABRA1,Gabra1,2554,0,0.0
prad_tcga_pan_can_atlas_2018,"Prostate Adenocarcinoma (TCGA, PanCancer Atlas)",Prostate Adenocarcinoma,494,GABRA2,Gabra2,2555,0,0.0
prad_tcga_pan_can_atlas_2018,"Prostate Adenocarcinoma (TCGA, PanCancer Atlas)",Prostate Adenocarcinoma,494,GABRB1,Gabrb1,2560,4,0.8097165991902834
prad_tcga_pan_can_atlas_2018,"Prostate Adenocarcinoma (TCGA, PanCancer Atlas)",Prostate Adenocarcinoma,494,GABRB2,Gabrb2,2561,2,0.4048582995951417
prad_tcga_pan_can_atlas_2018,"Prostate Adenocarcinoma (TCGA, PanCancer Atlas)",Prostate Adenocarcinoma,494,GABRD,Gabrd,2563,2,0.4048582995951417
prad_tcga_pan_can_atlas_2018,"Prostate Adenocarcinoma (TCGA, PanCancer Atlas)",Prostate Adenocarcinoma,494,GABRG2,Gabrg2,2566,1,0.20242914979757085
prad_tcga_pan_can_atlas_2018,"Prostate Adenocarcinoma (TCGA, PanCancer Atlas)",Prostate Adenocarcinoma,494,GABRG3,Gabrg3,2567,0,0.0
prad_tcga_pan_can_atlas_2018,"Prostate Adenocarcinoma (TCGA, PanCancer Atlas)",Prostate Adenocarcinoma,494,GAD1,Gad1,2571,2,0.4048582995951417
prad_tcga_pan_can_atlas_2018,"Prostate Adenocarcinoma (TCGA, PanCancer Atlas)",Prostate Adenocarcinoma,494,GALNT13,Galnt13,114805,1,0.20242914979757085
prad_tcga_pan_can_atlas_2018,"Prostate Adenocarcinoma (TCGA, PanCancer Atlas)",Prostate Adenocarcinoma,494,GALNT14,Galnt14,79623,3,0.6072874493927125
prad_tcga_pan_can_atlas_2018,"Prostate Adenocarcinoma (TCGA, PanCancer Atlas)",Prostate Adenocarcinoma,494,GALNT18,Galnt18,374378,1,0.20242914979757085
prad_tcga_pan_can_atlas_2018,"Prostate Adenocarcinoma (TCGA, PanCancer Atlas)",Prostate Adenocarcinoma,494,GALNTL6,Galntl6,442117,1,0.20242914979757085
prad_tcga_pan_can_atlas_2018,"Prostate Adenocarcinoma (TCGA, PanCancer Atlas)",Prostate Adenocarcinoma,494,GAP43,Gap43,2596,1,0.20242914979757085
prad_tcga_pan_can_atlas_2018,"Prostate Adenocarcinoma (TCGA, PanCancer Atlas)",Prostate Adenocarcinoma,494,GARNL3,Garnl3,84253,1,0.20242914979757085
prad_tcga_pan_can_atlas_2018,"Prostate Adenocarcinoma (TCGA, PanCancer Atlas)",Prostate Adenocarcinoma,494,GAS7,Gas7,8522,0,0.0
prad_tcga_pan_can_atlas_2018,"Prostate Adenocarcinoma (TCGA, PanCancer Atlas)",Prostate Adenocarcinoma,494,GCC2,Gcc2,9648,2,0.4048582995951417
prad_tcga_pan_can_atlas_2018,"Prostate Adenocarcinoma (TCGA, PanCancer Atlas)",Prostate Adenocarcinoma,494,GDA,Gda,9615,0,0.0
prad_tcga_pan_can_atlas_2018,"Prostate Adenocarcinoma (TCGA, PanCancer Atlas)",Prostate Adenocarcinoma,494,GHR,Ghr,2690,1,0.20242914979757085
prad_tcga_pan_can_atlas_2018,"Prostate Adenocarcinoma (TCGA, PanCancer Atlas)",Prostate Adenocarcinoma,494,GNPTAB,Gnptab,79158,2,0.4048582995951417
prad_tcga_pan_can_atlas_2018,"Prostate Adenocarcinoma (TCGA, PanCancer Atlas)",Prostate Adenocarcinoma,494,GOLIM4,Golim4,27333,1,0.20242914979757085
prad_tcga_pan_can_atlas_2018,"Prostate Adenocarcinoma (TCGA, PanCancer Atlas)",Prostate Adenocarcinoma,494,GOT1,Got1,2805,1,0.20242914979757085
prad_tcga_pan_can_atlas_2018,"Prostate Adenocarcinoma (TCGA, PanCancer Atlas)",Prostate Adenocarcinoma,494,GPR158,Gpr158,57512,8,1.6194331983805668
prad_tcga_pan_can_atlas_2018,"Prostate Adenocarcinoma (TCGA, PanCancer Atlas)",Prostate Adenocarcinoma,494,GRIA1,Gria1,2890,11,2.2267206477732793
prad_tcga_pan_can_atlas_2018,"Prostate Adenocarcinoma (TCGA, PanCancer Atlas)",Prostate Adenocarcinoma,494,GRIA3,Gria3,2892,1,0.20242914979757085
prad_tcga_pan_can_atlas_2018,"Prostate Adenocarcinoma (TCGA, PanCancer Atlas)",Prostate Adenocarcinoma,494,GRIA4,Gria4,2893,2,0.4048582995951417
prad_tcga_pan_can_atlas_2018,"Prostate Adenocarcinoma (TCGA, PanCancer Atlas)",Prostate Adenocarcinoma,494,GRID1,Grid1,2894,4,0.8097165991902834
prad_tcga_pan_can_atlas_2018,"Prostate Adenocarcinoma (TCGA, PanCancer Atlas)",Prostate Adenocarcinoma,494,GRID2,Grid2,2895,3,0.6072874493927125
prad_tcga_pan_can_atlas_2018,"Prostate Adenocarcinoma (TCGA, PanCancer Atlas)",Prostate Adenocarcinoma,494,GRIK1,Grik1,2897,4,0.8097165991902834
prad_tcga_pan_can_atlas_2018,"Prostate Adenocarcinoma (TCGA, PanCancer Atlas)",Prostate Adenocarcinoma,494,GRIK3,Grik3,2899,5,1.0121457489878543
prad_tcga_pan_can_atlas_2018,"Prostate Adenocarcinoma (TCGA, PanCancer Atlas)",Prostate Adenocarcinoma,494,GRIN2A,Grin2a,2903,9,1.8218623481781377
prad_tcga_pan_can_atlas_2018,"Prostate Adenocarcinoma (TCGA, PanCancer Atlas)",Prostate Adenocarcinoma,494,GRIN3A,Grin3a,116443,3,0.6072874493927125
prad_tcga_pan_can_atlas_2018,"Prostate Adenocarcinoma (TCGA, PanCancer Atlas)",Prostate Adenocarcinoma,494,GRM3,Grm3,2913,3,0.6072874493927125
prad_tcga_pan_can_atlas_2018,"Prostate Adenocarcinoma (TCGA, PanCancer Atlas)",Prostate Adenocarcinoma,494,GRM5,Grm5,2915,3,0.6072874493927125
prad_tcga_pan_can_atlas_2018,"Prostate Adenocarcinoma (TCGA, PanCancer Atlas)",Prostate Adenocarcinoma,494,GRM7,Grm7,2917,2,0.4048582995951417
prad_tcga_pan_can_atlas_2018,"Prostate Adenocarcinoma (TCGA, PanCancer Atlas)",Prostate Adenocarcinoma,494,GRM8,Grm8,2918,2,0.4048582995951417
prad_tcga_pan_can_atlas_2018,"Prostate Adenocarcinoma (TCGA, PanCancer Atlas)",Prostate Adenocarcinoma,494,HCN1,Hcn1,348980,6,1.214574898785425
prad_tcga_pan_can_atlas_2018,"Prostate Adenocarcinoma (TCGA, PanCancer Atlas)",Prostate Adenocarcinoma,494,HDAC9,Hdac9,9734,1,0.20242914979757085
prad_tcga_pan_can_atlas_2018,"Prostate Adenocarcinoma (TCGA, PanCancer Atlas)",Prostate Adenocarcinoma,494,HECW1,Hecw1,23072,2,0.4048582995951417
prad_tcga_pan_can_atlas_2018,"Prostate Adenocarcinoma (TCGA, PanCancer Atlas)",Prostate Adenocarcinoma,494,HECW2,Hecw2,57520,0,0.0
prad_tcga_pan_can_atlas_2018,"Prostate Adenocarcinoma (TCGA, PanCancer Atlas)",Prostate Adenocarcinoma,494,HERC1,Herc1,8925,3,0.6072874493927125
prad_tcga_pan_can_atlas_2018,"Prostate Adenocarcinoma (TCGA, PanCancer Atlas)",Prostate Adenocarcinoma,494,HIVEP2,Hivep2,3097,3,0.6072874493927125
prad_tcga_pan_can_atlas_2018,"Prostate Adenocarcinoma (TCGA, PanCancer Atlas)",Prostate Adenocarcinoma,494,HIVEP3,Hivep3,59269,5,1.0121457489878543
prad_tcga_pan_can_atlas_2018,"Prostate Adenocarcinoma (TCGA, PanCancer Atlas)",Prostate Adenocarcinoma,494,HS3ST4,Hs3st4,9951,0,0.0
prad_tcga_pan_can_atlas_2018,"Prostate Adenocarcinoma (TCGA, PanCancer Atlas)",Prostate Adenocarcinoma,494,HSPA12A,Hspa12a,259217,2,0.4048582995951417
prad_tcga_pan_can_atlas_2018,"Prostate Adenocarcinoma (TCGA, PanCancer Atlas)",Prostate Adenocarcinoma,494,HTR2C,Htr2c,3358,2,0.4048582995951417
prad_tcga_pan_can_atlas_2018,"Prostate Adenocarcinoma (TCGA, PanCancer Atlas)",Prostate Adenocarcinoma,494,IGF1,Igf1,3479,0,0.0
prad_tcga_pan_can_atlas_2018,"Prostate Adenocarcinoma (TCGA, PanCancer Atlas)",Prostate Adenocarcinoma,494,IL1RAPL1,Il1rapl1,11141,1,0.20242914979757085
prad_tcga_pan_can_atlas_2018,"Prostate Adenocarcinoma (TCGA, PanCancer Atlas)",Prostate Adenocarcinoma,494,IL1RAPL2,Il1rapl2,26280,3,0.6072874493927125
prad_tcga_pan_can_atlas_2018,"Prostate Adenocarcinoma (TCGA, PanCancer Atlas)",Prostate Adenocarcinoma,494,INPP4B,Inpp4b,8821,1,0.20242914979757085
prad_tcga_pan_can_atlas_2018,"Prostate Adenocarcinoma (TCGA, PanCancer Atlas)",Prostate Adenocarcinoma,494,IQSEC1,Iqsec1,9922,1,0.20242914979757085
prad_tcga_pan_can_atlas_2018,"Prostate Adenocarcinoma (TCGA, PanCancer Atlas)",Prostate Adenocarcinoma,494,ITGA8,Itga8,8516,2,0.4048582995951417
prad_tcga_pan_can_atlas_2018,"Prostate Adenocarcinoma (TCGA, PanCancer Atlas)",Prostate Adenocarcinoma,494,ITPK1,Itpk1,3705,1,0.20242914979757085
prad_tcga_pan_can_atlas_2018,"Prostate Adenocarcinoma (TCGA, PanCancer Atlas)",Prostate Adenocarcinoma,494,ITPR1,Itpr1,3708,3,0.6072874493927125
prad_tcga_pan_can_atlas_2018,"Prostate Adenocarcinoma (TCGA, PanCancer Atlas)",Prostate Adenocarcinoma,494,ITSN1,Itsn1,6453,2,0.4048582995951417
prad_tcga_pan_can_atlas_2018,"Prostate Adenocarcinoma (TCGA, PanCancer Atlas)",Prostate Adenocarcinoma,494,KALRN,Kalrn,8997,2,0.4048582995951417
prad_tcga_pan_can_atlas_2018,"Prostate Adenocarcinoma (TCGA, PanCancer Atlas)",Prostate Adenocarcinoma,494,KCNAB1,Kcnab1,7881,1,0.20242914979757085
prad_tcga_pan_can_atlas_2018,"Prostate Adenocarcinoma (TCGA, PanCancer Atlas)",Prostate Adenocarcinoma,494,KCNB1,Kcnb1,3745,3,0.6072874493927125
prad_tcga_pan_can_atlas_2018,"Prostate Adenocarcinoma (TCGA, PanCancer Atlas)",Prostate Adenocarcinoma,494,KCNB2,Kcnb2,9312,7,1.417004048582996
prad_tcga_pan_can_atlas_2018,"Prostate Adenocarcinoma (TCGA, PanCancer Atlas)",Prostate Adenocarcinoma,494,KCNC1,Kcnc1,3746,3,0.6072874493927125
prad_tcga_pan_can_atlas_2018,"Prostate Adenocarcinoma (TCGA, PanCancer Atlas)",Prostate Adenocarcinoma,494,KCNC2,Kcnc2,3747,0,0.0
prad_tcga_pan_can_atlas_2018,"Prostate Adenocarcinoma (TCGA, PanCancer Atlas)",Prostate Adenocarcinoma,494,KCND3,Kcnd3,3752,4,0.8097165991902834
prad_tcga_pan_can_atlas_2018,"Prostate Adenocarcinoma (TCGA, PanCancer Atlas)",Prostate Adenocarcinoma,494,KCNH1,Kcnh1,3756,2,0.4048582995951417
prad_tcga_pan_can_atlas_2018,"Prostate Adenocarcinoma (TCGA, PanCancer Atlas)",Prostate Adenocarcinoma,494,KCNH5,Kcnh5,27133,4,0.8097165991902834
prad_tcga_pan_can_atlas_2018,"Prostate Adenocarcinoma (TCGA, PanCancer Atlas)",Prostate Adenocarcinoma,494,KCNH7,Kcnh7,90134,5,1.0121457489878543
prad_tcga_pan_can_atlas_2018,"Prostate Adenocarcinoma (TCGA, PanCancer Atlas)",Prostate Adenocarcinoma,494,KCNJ3,Kcnj3,3760,0,0.0
prad_tcga_pan_can_atlas_2018,"Prostate Adenocarcinoma (TCGA, PanCancer Atlas)",Prostate Adenocarcinoma,494,KCNMA1,Kcnma1,3778,1,0.20242914979757085
prad_tcga_pan_can_atlas_2018,"Prostate Adenocarcinoma (TCGA, PanCancer Atlas)",Prostate Adenocarcinoma,494,KCNQ3,Kcnq3,3786,3,0.6072874493927125
prad_tcga_pan_can_atlas_2018,"Prostate Adenocarcinoma (TCGA, PanCancer Atlas)",Prostate Adenocarcinoma,494,KCNQ5,Kcnq5,56479,2,0.4048582995951417
prad_tcga_pan_can_atlas_2018,"Prostate Adenocarcinoma (TCGA, PanCancer Atlas)",Prostate Adenocarcinoma,494,KCNT1,Kcnt1,57582,5,1.0121457489878543
prad_tcga_pan_can_atlas_2018,"Prostate Adenocarcinoma (TCGA, PanCancer Atlas)",Prostate Adenocarcinoma,494,KCNT2,Kcnt2,343450,6,1.214574898785425
prad_tcga_pan_can_atlas_2018,"Prostate Adenocarcinoma (TCGA, PanCancer Atlas)",Prostate Adenocarcinoma,494,KCTD8,Kctd8,386617,1,0.20242914979757085
prad_tcga_pan_can_atlas_2018,"Prostate Adenocarcinoma (TCGA, PanCancer Atlas)",Prostate Adenocarcinoma,494,KHDRBS2,Khdrbs2,202559,0,0.0
prad_tcga_pan_can_atlas_2018,"Prostate Adenocarcinoma (TCGA, PanCancer Atlas)",Prostate Adenocarcinoma,494,KIDINS220,Kidins220,57498,3,0.6072874493927125
prad_tcga_pan_can_atlas_2018,"Prostate Adenocarcinoma (TCGA, PanCancer Atlas)",Prostate Adenocarcinoma,494,KIF1A,Kif1a,547,7,1.417004048582996
prad_tcga_pan_can_atlas_2018,"Prostate Adenocarcinoma (TCGA, PanCancer Atlas)",Prostate Adenocarcinoma,494,KIF21A,Kif21a,55605,3,0.6072874493927125
prad_tcga_pan_can_atlas_2018,"Prostate Adenocarcinoma (TCGA, PanCancer Atlas)",Prostate Adenocarcinoma,494,KIF26B,Kif26b,55083,3,0.6072874493927125
prad_tcga_pan_can_atlas_2018,"Prostate Adenocarcinoma (TCGA, PanCancer Atlas)",Prostate Adenocarcinoma,494,KIF5C,Kif5c,3800,1,0.20242914979757085
prad_tcga_pan_can_atlas_2018,"Prostate Adenocarcinoma (TCGA, PanCancer Atlas)",Prostate Adenocarcinoma,494,KIT,Kit,3815,2,0.4048582995951417
prad_tcga_pan_can_atlas_2018,"Prostate Adenocarcinoma (TCGA, PanCancer Atlas)",Prostate Adenocarcinoma,494,KLF12,Klf12,11278,0,0.0
prad_tcga_pan_can_atlas_2018,"Prostate Adenocarcinoma (TCGA, PanCancer Atlas)",Prostate Adenocarcinoma,494,L3MBTL4,L3mbtl4,91133,2,0.4048582995951417
prad_tcga_pan_can_atlas_2018,"Prostate Adenocarcinoma (TCGA, PanCancer Atlas)",Prostate Adenocarcinoma,494,LAMA4,Lama4,3910,5,1.0121457489878543
prad_tcga_pan_can_atlas_2018,"Prostate Adenocarcinoma (TCGA, PanCancer Atlas)",Prostate Adenocarcinoma,494,LAMP5,Lamp5,24141,0,0.0
prad_tcga_pan_can_atlas_2018,"Prostate Adenocarcinoma (TCGA, PanCancer Atlas)",Prostate Adenocarcinoma,494,LIMCH1,Limch1,22998,1,0.20242914979757085
prad_tcga_pan_can_atlas_2018,"Prostate Adenocarcinoma (TCGA, PanCancer Atlas)",Prostate Adenocarcinoma,494,LINGO2,Lingo2,158038,6,1.214574898785425
prad_tcga_pan_can_atlas_2018,"Prostate Adenocarcinoma (TCGA, PanCancer Atlas)",Prostate Adenocarcinoma,494,LMO7,Lmo7,4008,0,0.0
prad_tcga_pan_can_atlas_2018,"Prostate Adenocarcinoma (TCGA, PanCancer Atlas)",Prostate Adenocarcinoma,494,LRFN2,Lrfn2,57497,1,0.20242914979757085
prad_tcga_pan_can_atlas_2018,"Prostate Adenocarcinoma (TCGA, PanCancer Atlas)",Prostate Adenocarcinoma,494,LRFN5,Lrfn5,145581,1,0.20242914979757085
prad_tcga_pan_can_atlas_2018,"Prostate Adenocarcinoma (TCGA, PanCancer Atlas)",Prostate Adenocarcinoma,494,LRP1B,Lrp1b,53353,22,4.4534412955465585
prad_tcga_pan_can_atlas_2018,"Prostate Adenocarcinoma (TCGA, PanCancer Atlas)",Prostate Adenocarcinoma,494,LRRC4C,Lrrc4c,57689,3,0.6072874493927125
prad_tcga_pan_can_atlas_2018,"Prostate Adenocarcinoma (TCGA, PanCancer Atlas)",Prostate Adenocarcinoma,494,LRRC7,Lrrc7,57554,4,0.8097165991902834
prad_tcga_pan_can_atlas_2018,"Prostate Adenocarcinoma (TCGA, PanCancer Atlas)",Prostate Adenocarcinoma,494,LRRTM3,Lrrtm3,347731,2,0.4048582995951417
prad_tcga_pan_can_atlas_2018,"Prostate Adenocarcinoma (TCGA, PanCancer Atlas)",Prostate Adenocarcinoma,494,LUZP1,Luzp1,7798,2,0.4048582995951417
prad_tcga_pan_can_atlas_2018,"Prostate Adenocarcinoma (TCGA, PanCancer Atlas)",Prostate Adenocarcinoma,494,LUZP2,Luzp2,338645,2,0.4048582995951417
prad_tcga_pan_can_atlas_2018,"Prostate Adenocarcinoma (TCGA, PanCancer Atlas)",Prostate Adenocarcinoma,494,MACROD2,Macrod2,140733,2,0.4048582995951417
prad_tcga_pan_can_atlas_2018,"Prostate Adenocarcinoma (TCGA, PanCancer Atlas)",Prostate Adenocarcinoma,494,MAGI1,Magi1,9223,1,0.20242914979757085
prad_tcga_pan_can_atlas_2018,"Prostate Adenocarcinoma (TCGA, PanCancer Atlas)",Prostate Adenocarcinoma,494,MAGI2,Magi2,9863,1,0.20242914979757085
prad_tcga_pan_can_atlas_2018,"Prostate Adenocarcinoma (TCGA, PanCancer Atlas)",Prostate Adenocarcinoma,494,MAGI3,Magi3,260425,2,0.4048582995951417
prad_tcga_pan_can_atlas_2018,"Prostate Adenocarcinoma (TCGA, PanCancer Atlas)",Prostate Adenocarcinoma,494,MAP1A,Map1a,4130,5,1.0121457489878543
prad_tcga_pan_can_atlas_2018,"Prostate Adenocarcinoma (TCGA, PanCancer Atlas)",Prostate Adenocarcinoma,494,MAP1B,Map1b,4131,2,0.4048582995951417
prad_tcga_pan_can_atlas_2018,"Prostate Adenocarcinoma (TCGA, PanCancer Atlas)",Prostate Adenocarcinoma,494,MAP2,Map2,4133,3,0.6072874493927125
prad_tcga_pan_can_atlas_2018,"Prostate Adenocarcinoma (TCGA, PanCancer Atlas)",Prostate Adenocarcinoma,494,MAP3K5,Map3k5,4217,2,0.4048582995951417
prad_tcga_pan_can_atlas_2018,"Prostate Adenocarcinoma (TCGA, PanCancer Atlas)",Prostate Adenocarcinoma,494,MAP7D2,Map7d2,256714,3,0.6072874493927125
prad_tcga_pan_can_atlas_2018,"Prostate Adenocarcinoma (TCGA, PanCancer Atlas)",Prostate Adenocarcinoma,494,MARK1,Mark1,4139,0,0.0
prad_tcga_pan_can_atlas_2018,"Prostate Adenocarcinoma (TCGA, PanCancer Atlas)",Prostate Adenocarcinoma,494,MAST3,Mast3,23031,1,0.20242914979757085
prad_tcga_pan_can_atlas_2018,"Prostate Adenocarcinoma (TCGA, PanCancer Atlas)",Prostate Adenocarcinoma,494,MCC,Mcc,4163,3,0.6072874493927125
prad_tcga_pan_can_atlas_2018,"Prostate Adenocarcinoma (TCGA, PanCancer Atlas)",Prostate Adenocarcinoma,494,MCTP1,Mctp1,79772,3,0.6072874493927125
prad_tcga_pan_can_atlas_2018,"Prostate Adenocarcinoma (TCGA, PanCancer Atlas)",Prostate Adenocarcinoma,494,MDGA2,Mdga2,161357,4,0.8097165991902834
prad_tcga_pan_can_atlas_2018,"Prostate Adenocarcinoma (TCGA, PanCancer Atlas)",Prostate Adenocarcinoma,494,MEF2C,Mef2c,4208,3,0.6072874493927125
prad_tcga_pan_can_atlas_2018,"Prostate Adenocarcinoma (TCGA, PanCancer Atlas)",Prostate Adenocarcinoma,494,MGAT4C,Mgat4c,25834,2,0.4048582995951417
prad_tcga_pan_can_atlas_2018,"Prostate Adenocarcinoma (TCGA, PanCancer Atlas)",Prostate Adenocarcinoma,494,MGAT5,Mgat5,4249,0,0.0
prad_tcga_pan_can_atlas_2018,"Prostate Adenocarcinoma (TCGA, PanCancer Atlas)",Prostate Adenocarcinoma,494,MICAL2,Mical2,9645,2,0.4048582995951417
prad_tcga_pan_can_atlas_2018,"Prostate Adenocarcinoma (TCGA, PanCancer Atlas)",Prostate Adenocarcinoma,494,MLIP,Mlip,90523,1,0.20242914979757085
prad_tcga_pan_can_atlas_2018,"Prostate Adenocarcinoma (TCGA, PanCancer Atlas)",Prostate Adenocarcinoma,494,MMP16,Mmp16,4325,3,0.6072874493927125
prad_tcga_pan_can_atlas_2018,"Prostate Adenocarcinoma (TCGA, PanCancer Atlas)",Prostate Adenocarcinoma,494,MPDZ,Mpdz,8777,3,0.6072874493927125
prad_tcga_pan_can_atlas_2018,"Prostate Adenocarcinoma (TCGA, PanCancer Atlas)",Prostate Adenocarcinoma,494,MTUS2,Mtus2,23281,4,0.8097165991902834
prad_tcga_pan_can_atlas_2018,"Prostate Adenocarcinoma (TCGA, PanCancer Atlas)",Prostate Adenocarcinoma,494,MYH10,Myh10,4628,6,1.214574898785425
prad_tcga_pan_can_atlas_2018,"Prostate Adenocarcinoma (TCGA, PanCancer Atlas)",Prostate Adenocarcinoma,494,MYO16,Myo16,23026,1,0.20242914979757085
prad_tcga_pan_can_atlas_2018,"Prostate Adenocarcinoma (TCGA, PanCancer Atlas)",Prostate Adenocarcinoma,494,MYO5A,Myo5a,4644,3,0.6072874493927125
prad_tcga_pan_can_atlas_2018,"Prostate Adenocarcinoma (TCGA, PanCancer Atlas)",Prostate Adenocarcinoma,494,MYRIP,Myrip,25924,3,0.6072874493927125
prad_tcga_pan_can_atlas_2018,"Prostate Adenocarcinoma (TCGA, PanCancer Atlas)",Prostate Adenocarcinoma,494,MYT1L,Myt1l,23040,4,0.8097165991902834
prad_tcga_pan_can_atlas_2018,"Prostate Adenocarcinoma (TCGA, PanCancer Atlas)",Prostate Adenocarcinoma,494,NAV2,Nav2,89797,9,1.8218623481781377
prad_tcga_pan_can_atlas_2018,"Prostate Adenocarcinoma (TCGA, PanCancer Atlas)",Prostate Adenocarcinoma,494,NAV3,Nav3,89795,3,0.6072874493927125
prad_tcga_pan_can_atlas_2018,"Prostate Adenocarcinoma (TCGA, PanCancer Atlas)",Prostate Adenocarcinoma,494,NCAM1,Ncam1,4684,2,0.4048582995951417
prad_tcga_pan_can_atlas_2018,"Prostate Adenocarcinoma (TCGA, PanCancer Atlas)",Prostate Adenocarcinoma,494,NCAM2,Ncam2,4685,3,0.6072874493927125
prad_tcga_pan_can_atlas_2018,"Prostate Adenocarcinoma (TCGA, PanCancer Atlas)",Prostate Adenocarcinoma,494,NDST3,Ndst3,9348,2,0.4048582995951417
prad_tcga_pan_can_atlas_2018,"Prostate Adenocarcinoma (TCGA, PanCancer Atlas)",Prostate Adenocarcinoma,494,NEBL,Nebl,10529,3,0.6072874493927125
prad_tcga_pan_can_atlas_2018,"Prostate Adenocarcinoma (TCGA, PanCancer Atlas)",Prostate Adenocarcinoma,494,NEFM,Nefm,4741,2,0.4048582995951417
prad_tcga_pan_can_atlas_2018,"Prostate Adenocarcinoma (TCGA, PanCancer Atlas)",Prostate Adenocarcinoma,494,NELL1,Nell1,4745,4,0.8097165991902834
prad_tcga_pan_can_atlas_2018,"Prostate Adenocarcinoma (TCGA, PanCancer Atlas)",Prostate Adenocarcinoma,494,NELL2,Nell2,4753,2,0.4048582995951417
prad_tcga_pan_can_atlas_2018,"Prostate Adenocarcinoma (TCGA, PanCancer Atlas)",Prostate Adenocarcinoma,494,NETO1,Neto1,81832,4,0.8097165991902834
prad_tcga_pan_can_atlas_2018,"Prostate Adenocarcinoma (TCGA, PanCancer Atlas)",Prostate Adenocarcinoma,494,NF1,Nf1,4763,2,0.4048582995951417
prad_tcga_pan_can_atlas_2018,"Prostate Adenocarcinoma (TCGA, PanCancer Atlas)",Prostate Adenocarcinoma,494,NFIB,Nfib,4781,1,0.20242914979757085
prad_tcga_pan_can_atlas_2018,"Prostate Adenocarcinoma (TCGA, PanCancer Atlas)",Prostate Adenocarcinoma,494,NHS,Nhs,4810,5,1.0121457489878543
prad_tcga_pan_can_atlas_2018,"Prostate Adenocarcinoma (TCGA, PanCancer Atlas)",Prostate Adenocarcinoma,494,NIN,Nin,51199,2,0.4048582995951417
prad_tcga_pan_can_atlas_2018,"Prostate Adenocarcinoma (TCGA, PanCancer Atlas)",Prostate Adenocarcinoma,494,NLGN1,Nlgn1,22871,1,0.20242914979757085
prad_tcga_pan_can_atlas_2018,"Prostate Adenocarcinoma (TCGA, PanCancer Atlas)",Prostate Adenocarcinoma,494,NOL4,Nol4,8715,3,0.6072874493927125
prad_tcga_pan_can_atlas_2018,"Prostate Adenocarcinoma (TCGA, PanCancer Atlas)",Prostate Adenocarcinoma,494,NPAS2,Npas2,4862,1,0.20242914979757085
prad_tcga_pan_can_atlas_2018,"Prostate Adenocarcinoma (TCGA, PanCancer Atlas)",Prostate Adenocarcinoma,494,NPAS3,Npas3,64067,0,0.0
prad_tcga_pan_can_atlas_2018,"Prostate Adenocarcinoma (TCGA, PanCancer Atlas)",Prostate Adenocarcinoma,494,NR2F2,Nr2f2,7026,1,0.20242914979757085
prad_tcga_pan_can_atlas_2018,"Prostate Adenocarcinoma (TCGA, PanCancer Atlas)",Prostate Adenocarcinoma,494,NR3C2,Nr3c2,4306,4,0.8097165991902834
prad_tcga_pan_can_atlas_2018,"Prostate Adenocarcinoma (TCGA, PanCancer Atlas)",Prostate Adenocarcinoma,494,NRG3,Nrg3,10718,3,0.6072874493927125
prad_tcga_pan_can_atlas_2018,"Prostate Adenocarcinoma (TCGA, PanCancer Atlas)",Prostate Adenocarcinoma,494,NRXN1,Nrxn1,9378,2,0.4048582995951417
prad_tcga_pan_can_atlas_2018,"Prostate Adenocarcinoma (TCGA, PanCancer Atlas)",Prostate Adenocarcinoma,494,NRXN3,Nrxn3,9369,8,1.6194331983805668
prad_tcga_pan_can_atlas_2018,"Prostate Adenocarcinoma (TCGA, PanCancer Atlas)",Prostate Adenocarcinoma,494,NTN4,Ntn4,59277,0,0.0
prad_tcga_pan_can_atlas_2018,"Prostate Adenocarcinoma (TCGA, PanCancer Atlas)",Prostate Adenocarcinoma,494,NTNG1,Ntng1,22854,3,0.6072874493927125
prad_tcga_pan_can_atlas_2018,"Prostate Adenocarcinoma (TCGA, PanCancer Atlas)",Prostate Adenocarcinoma,494,NTRK3,Ntrk3,4916,3,0.6072874493927125
prad_tcga_pan_can_atlas_2018,"Prostate Adenocarcinoma (TCGA, PanCancer Atlas)",Prostate Adenocarcinoma,494,NXPH1,Nxph1,30010,0,0.0
prad_tcga_pan_can_atlas_2018,"Prostate Adenocarcinoma (TCGA, PanCancer Atlas)",Prostate Adenocarcinoma,494,NYAP2,Nyap2,57624,4,0.8097165991902834
prad_tcga_pan_can_atlas_2018,"Prostate Adenocarcinoma (TCGA, PanCancer Atlas)",Prostate Adenocarcinoma,494,OLFM3,Olfm3,118427,1,0.20242914979757085
prad_tcga_pan_can_atlas_2018,"Prostate Adenocarcinoma (TCGA, PanCancer Atlas)",Prostate Adenocarcinoma,494,OPCML,Opcml,4978,3,0.6072874493927125
prad_tcga_pan_can_atlas_2018,"Prostate Adenocarcinoma (TCGA, PanCancer Atlas)",Prostate Adenocarcinoma,494,OSBPL1A,Osbpl1a,114876,1,0.20242914979757085
prad_tcga_pan_can_atlas_2018,"Prostate Adenocarcinoma (TCGA, PanCancer Atlas)",Prostate Adenocarcinoma,494,OSBPL3,Osbpl3,26031,3,0.6072874493927125
prad_tcga_pan_can_atlas_2018,"Prostate Adenocarcinoma (TCGA, PanCancer Atlas)",Prostate Adenocarcinoma,494,OSBPL6,Osbpl6,114880,2,0.4048582995951417
prad_tcga_pan_can_atlas_2018,"Prostate Adenocarcinoma (TCGA, PanCancer Atlas)",Prostate Adenocarcinoma,494,OSBPL8,Osbpl8,114882,0,0.0
prad_tcga_pan_can_atlas_2018,"Prostate Adenocarcinoma (TCGA, PanCancer Atlas)",Prostate Adenocarcinoma,494,OXR1,Oxr1,55074,2,0.4048582995951417
prad_tcga_pan_can_atlas_2018,"Prostate Adenocarcinoma (TCGA, PanCancer Atlas)",Prostate Adenocarcinoma,494,PARM1,Parm1,25849,1,0.20242914979757085
prad_tcga_pan_can_atlas_2018,"Prostate Adenocarcinoma (TCGA, PanCancer Atlas)",Prostate Adenocarcinoma,494,PCDH11X,Pcdh11x,27328,6,1.214574898785425
prad_tcga_pan_can_atlas_2018,"Prostate Adenocarcinoma (TCGA, PanCancer Atlas)",Prostate Adenocarcinoma,494,PCDH15,Pcdh15,65217,9,1.8218623481781377
prad_tcga_pan_can_atlas_2018,"Prostate Adenocarcinoma (TCGA, PanCancer Atlas)",Prostate Adenocarcinoma,494,PCDH7,Pcdh7,5099,2,0.4048582995951417
prad_tcga_pan_can_atlas_2018,"Prostate Adenocarcinoma (TCGA, PanCancer Atlas)",Prostate Adenocarcinoma,494,PCDH9,Pcdh9,5101,4,0.8097165991902834
prad_tcga_pan_can_atlas_2018,"Prostate Adenocarcinoma (TCGA, PanCancer Atlas)",Prostate Adenocarcinoma,494,PCLO,Pclo,27445,10,2.0242914979757085
prad_tcga_pan_can_atlas_2018,"Prostate Adenocarcinoma (TCGA, PanCancer Atlas)",Prostate Adenocarcinoma,494,PCSK2,Pcsk2,5126,5,1.0121457489878543
prad_tcga_pan_can_atlas_2018,"Prostate Adenocarcinoma (TCGA, PanCancer Atlas)",Prostate Adenocarcinoma,494,PDE1A,Pde1a,5136,1,0.20242914979757085
prad_tcga_pan_can_atlas_2018,"Prostate Adenocarcinoma (TCGA, PanCancer Atlas)",Prostate Adenocarcinoma,494,PDE1C,Pde1c,5137,3,0.6072874493927125
prad_tcga_pan_can_atlas_2018,"Prostate Adenocarcinoma (TCGA, PanCancer Atlas)",Prostate Adenocarcinoma,494,PDE2A,Pde2a,5138,2,0.4048582995951417
prad_tcga_pan_can_atlas_2018,"Prostate Adenocarcinoma (TCGA, PanCancer Atlas)",Prostate Adenocarcinoma,494,PDE4B,Pde4b,5142,0,0.0
prad_tcga_pan_can_atlas_2018,"Prostate Adenocarcinoma (TCGA, PanCancer Atlas)",Prostate Adenocarcinoma,494,PDZD2,Pdzd2,23037,6,1.214574898785425
prad_tcga_pan_can_atlas_2018,"Prostate Adenocarcinoma (TCGA, PanCancer Atlas)",Prostate Adenocarcinoma,494,PDZRN3,Pdzrn3,23024,5,1.0121457489878543
prad_tcga_pan_can_atlas_2018,"Prostate Adenocarcinoma (TCGA, PanCancer Atlas)",Prostate Adenocarcinoma,494,PDZRN4,Pdzrn4,29951,2,0.4048582995951417
prad_tcga_pan_can_atlas_2018,"Prostate Adenocarcinoma (TCGA, PanCancer Atlas)",Prostate Adenocarcinoma,494,PENK,Penk,5179,0,0.0
prad_tcga_pan_can_atlas_2018,"Prostate Adenocarcinoma (TCGA, PanCancer Atlas)",Prostate Adenocarcinoma,494,PHACTR1,Phactr1,221692,2,0.4048582995951417
prad_tcga_pan_can_atlas_2018,"Prostate Adenocarcinoma (TCGA, PanCancer Atlas)",Prostate Adenocarcinoma,494,PI4KA,Pi4ka,5297,4,0.8097165991902834
prad_tcga_pan_can_atlas_2018,"Prostate Adenocarcinoma (TCGA, PanCancer Atlas)",Prostate Adenocarcinoma,494,PKD1,Pkd1,5310,9,1.8218623481781377
prad_tcga_pan_can_atlas_2018,"Prostate Adenocarcinoma (TCGA, PanCancer Atlas)",Prostate Adenocarcinoma,494,PKP2,Pkp2,5318,1,0.20242914979757085
prad_tcga_pan_can_atlas_2018,"Prostate Adenocarcinoma (TCGA, PanCancer Atlas)",Prostate Adenocarcinoma,494,PLCB1,Plcb1,23236,2,0.4048582995951417
prad_tcga_pan_can_atlas_2018,"Prostate Adenocarcinoma (TCGA, PanCancer Atlas)",Prostate Adenocarcinoma,494,PLCB4,Plcb4,5332,8,1.6194331983805668
prad_tcga_pan_can_atlas_2018,"Prostate Adenocarcinoma (TCGA, PanCancer Atlas)",Prostate Adenocarcinoma,494,PLCH1,Plch1,23007,5,1.0121457489878543
prad_tcga_pan_can_atlas_2018,"Prostate Adenocarcinoma (TCGA, PanCancer Atlas)",Prostate Adenocarcinoma,494,PLCL2,Plcl2,23228,1,0.20242914979757085
prad_tcga_pan_can_atlas_2018,"Prostate Adenocarcinoma (TCGA, PanCancer Atlas)",Prostate Adenocarcinoma,494,PLCXD3,Plcxd3,345557,2,0.4048582995951417
prad_tcga_pan_can_atlas_2018,"Prostate Adenocarcinoma (TCGA, PanCancer Atlas)",Prostate Adenocarcinoma,494,PLD3,Pld3,23646,0,0.0
prad_tcga_pan_can_atlas_2018,"Prostate Adenocarcinoma (TCGA, PanCancer Atlas)",Prostate Adenocarcinoma,494,PLD5,Pld5,200150,1,0.20242914979757085
prad_tcga_pan_can_atlas_2018,"Prostate Adenocarcinoma (TCGA, PanCancer Atlas)",Prostate Adenocarcinoma,494,PLXNA2,Plxna2,5362,3,0.6072874493927125
prad_tcga_pan_can_atlas_2018,"Prostate Adenocarcinoma (TCGA, PanCancer Atlas)",Prostate Adenocarcinoma,494,PLXNA4,Plxna4,91584,4,0.8097165991902834
prad_tcga_pan_can_atlas_2018,"Prostate Adenocarcinoma (TCGA, PanCancer Atlas)",Prostate Adenocarcinoma,494,PPARGC1A,Ppargc1a,10891,4,0.8097165991902834
prad_tcga_pan_can_atlas_2018,"Prostate Adenocarcinoma (TCGA, PanCancer Atlas)",Prostate Adenocarcinoma,494,PPFIA2,Ppfia2,8499,0,0.0
prad_tcga_pan_can_atlas_2018,"Prostate Adenocarcinoma (TCGA, PanCancer Atlas)",Prostate Adenocarcinoma,494,PPFIBP1,Ppfibp1,8496,4,0.8097165991902834
prad_tcga_pan_can_atlas_2018,"Prostate Adenocarcinoma (TCGA, PanCancer Atlas)",Prostate Adenocarcinoma,494,PPIP5K2,Ppip5k2,23262,2,0.4048582995951417
prad_tcga_pan_can_atlas_2018,"Prostate Adenocarcinoma (TCGA, PanCancer Atlas)",Prostate Adenocarcinoma,494,PRICKLE1,Prickle1,144165,2,0.4048582995951417
prad_tcga_pan_can_atlas_2018,"Prostate Adenocarcinoma (TCGA, PanCancer Atlas)",Prostate Adenocarcinoma,494,PRICKLE2,Prickle2,166336,5,1.0121457489878543
prad_tcga_pan_can_atlas_2018,"Prostate Adenocarcinoma (TCGA, PanCancer Atlas)",Prostate Adenocarcinoma,494,PRKCA,Prkca,5578,2,0.4048582995951417
prad_tcga_pan_can_atlas_2018,"Prostate Adenocarcinoma (TCGA, PanCancer Atlas)",Prostate Adenocarcinoma,494,PRKD1,Prkd1,5587,2,0.4048582995951417
prad_tcga_pan_can_atlas_2018,"Prostate Adenocarcinoma (TCGA, PanCancer Atlas)",Prostate Adenocarcinoma,494,PRKG1,Prkg1,5592,1,0.20242914979757085
prad_tcga_pan_can_atlas_2018,"Prostate Adenocarcinoma (TCGA, PanCancer Atlas)",Prostate Adenocarcinoma,494,PRMT8,Prmt8,56341,0,0.0
prad_tcga_pan_can_atlas_2018,"Prostate Adenocarcinoma (TCGA, PanCancer Atlas)",Prostate Adenocarcinoma,494,PROX1,Prox1,5629,3,0.6072874493927125
prad_tcga_pan_can_atlas_2018,"Prostate Adenocarcinoma (TCGA, PanCancer Atlas)",Prostate Adenocarcinoma,494,PRR16,Prr16,51334,0,0.0
prad_tcga_pan_can_atlas_2018,"Prostate Adenocarcinoma (TCGA, PanCancer Atlas)",Prostate Adenocarcinoma,494,PTCHD4,Ptchd4,442213,6,1.214574898785425
prad_tcga_pan_can_atlas_2018,"Prostate Adenocarcinoma (TCGA, PanCancer Atlas)",Prostate Adenocarcinoma,494,PTK2B,Ptk2b,2185,0,0.0
prad_tcga_pan_can_atlas_2018,"Prostate Adenocarcinoma (TCGA, PanCancer Atlas)",Prostate Adenocarcinoma,494,PTPRD,Ptprd,5789,5,1.0121457489878543
prad_tcga_pan_can_atlas_2018,"Prostate Adenocarcinoma (TCGA, PanCancer Atlas)",Prostate Adenocarcinoma,494,PTPRE,Ptpre,5791,1,0.20242914979757085
prad_tcga_pan_can_atlas_2018,"Prostate Adenocarcinoma (TCGA, PanCancer Atlas)",Prostate Adenocarcinoma,494,PTPRG,Ptprg,5793,4,0.8097165991902834
prad_tcga_pan_can_atlas_2018,"Prostate Adenocarcinoma (TCGA, PanCancer Atlas)",Prostate Adenocarcinoma,494,PTPRM,Ptprm,5797,1,0.20242914979757085
prad_tcga_pan_can_atlas_2018,"Prostate Adenocarcinoma (TCGA, PanCancer Atlas)",Prostate Adenocarcinoma,494,PTPRN,Ptprn,5798,3,0.6072874493927125
prad_tcga_pan_can_atlas_2018,"Prostate Adenocarcinoma (TCGA, PanCancer Atlas)",Prostate Adenocarcinoma,494,PTPRN2,Ptprn2,5799,0,0.0
prad_tcga_pan_can_atlas_2018,"Prostate Adenocarcinoma (TCGA, PanCancer Atlas)",Prostate Adenocarcinoma,494,PTPRO,Ptpro,5800,4,0.8097165991902834
prad_tcga_pan_can_atlas_2018,"Prostate Adenocarcinoma (TCGA, PanCancer Atlas)",Prostate Adenocarcinoma,494,PTPRR,Ptprr,5801,1,0.20242914979757085
prad_tcga_pan_can_atlas_2018,"Prostate Adenocarcinoma (TCGA, PanCancer Atlas)",Prostate Adenocarcinoma,494,PTPRS,Ptprs,5802,2,0.4048582995951417
prad_tcga_pan_can_atlas_2018,"Prostate Adenocarcinoma (TCGA, PanCancer Atlas)",Prostate Adenocarcinoma,494,PTPRT,Ptprt,11122,1,0.20242914979757085
prad_tcga_pan_can_atlas_2018,"Prostate Adenocarcinoma (TCGA, PanCancer Atlas)",Prostate Adenocarcinoma,494,RALGAPA2,Ralgapa2,57186,2,0.4048582995951417
prad_tcga_pan_can_atlas_2018,"Prostate Adenocarcinoma (TCGA, PanCancer Atlas)",Prostate Adenocarcinoma,494,RALYL,Ralyl,138046,2,0.4048582995951417
prad_tcga_pan_can_atlas_2018,"Prostate Adenocarcinoma (TCGA, PanCancer Atlas)",Prostate Adenocarcinoma,494,RAPGEF2,Rapgef2,9693,1,0.20242914979757085
prad_tcga_pan_can_atlas_2018,"Prostate Adenocarcinoma (TCGA, PanCancer Atlas)",Prostate Adenocarcinoma,494,RAPGEF4,Rapgef4,11069,3,0.6072874493927125
prad_tcga_pan_can_atlas_2018,"Prostate Adenocarcinoma (TCGA, PanCancer Atlas)",Prostate Adenocarcinoma,494,RAPGEF5,Rapgef5,9771,0,0.0
prad_tcga_pan_can_atlas_2018,"Prostate Adenocarcinoma (TCGA, PanCancer Atlas)",Prostate Adenocarcinoma,494,RARB,Rarb,5915,3,0.6072874493927125
prad_tcga_pan_can_atlas_2018,"Prostate Adenocarcinoma (TCGA, PanCancer Atlas)",Prostate Adenocarcinoma,494,RASAL2,Rasal2,9462,3,0.6072874493927125
prad_tcga_pan_can_atlas_2018,"Prostate Adenocarcinoma (TCGA, PanCancer Atlas)",Prostate Adenocarcinoma,494,RASGRF2,Rasgrf2,5924,2,0.4048582995951417
prad_tcga_pan_can_atlas_2018,"Prostate Adenocarcinoma (TCGA, PanCancer Atlas)",Prostate Adenocarcinoma,494,RBFOX1,Rbfox1,54715,6,1.214574898785425
prad_tcga_pan_can_atlas_2018,"Prostate Adenocarcinoma (TCGA, PanCancer Atlas)",Prostate Adenocarcinoma,494,RELN,Reln,5649,6,1.214574898785425
prad_tcga_pan_can_atlas_2018,"Prostate Adenocarcinoma (TCGA, PanCancer Atlas)",Prostate Adenocarcinoma,494,REV3L,Rev3l,5980,3,0.6072874493927125
prad_tcga_pan_can_atlas_2018,"Prostate Adenocarcinoma (TCGA, PanCancer Atlas)",Prostate Adenocarcinoma,494,RGS12,Rgs12,6002,1,0.20242914979757085
prad_tcga_pan_can_atlas_2018,"Prostate Adenocarcinoma (TCGA, PanCancer Atlas)",Prostate Adenocarcinoma,494,RGS6,Rgs6,9628,2,0.4048582995951417
prad_tcga_pan_can_atlas_2018,"Prostate Adenocarcinoma (TCGA, PanCancer Atlas)",Prostate Adenocarcinoma,494,RGS7,Rgs7,6000,1,0.20242914979757085
prad_tcga_pan_can_atlas_2018,"Prostate Adenocarcinoma (TCGA, PanCancer Atlas)",Prostate Adenocarcinoma,494,RIMBP2,Rimbp2,23504,4,0.8097165991902834
prad_tcga_pan_can_atlas_2018,"Prostate Adenocarcinoma (TCGA, PanCancer Atlas)",Prostate Adenocarcinoma,494,ROBO1,Robo1,6091,5,1.0121457489878543
prad_tcga_pan_can_atlas_2018,"Prostate Adenocarcinoma (TCGA, PanCancer Atlas)",Prostate Adenocarcinoma,494,ROBO2,Robo2,6092,7,1.417004048582996
prad_tcga_pan_can_atlas_2018,"Prostate Adenocarcinoma (TCGA, PanCancer Atlas)",Prostate Adenocarcinoma,494,ROCK2,Rock2,9475,1,0.20242914979757085
prad_tcga_pan_can_atlas_2018,"Prostate Adenocarcinoma (TCGA, PanCancer Atlas)",Prostate Adenocarcinoma,494,RPH3A,Rph3a,22895,3,0.6072874493927125
prad_tcga_pan_can_atlas_2018,"Prostate Adenocarcinoma (TCGA, PanCancer Atlas)",Prostate Adenocarcinoma,494,RPS6KA2,Rps6ka2,6196,1,0.20242914979757085
prad_tcga_pan_can_atlas_2018,"Prostate Adenocarcinoma (TCGA, PanCancer Atlas)",Prostate Adenocarcinoma,494,RPS6KC1,Rps6kc1,26750,1,0.20242914979757085
prad_tcga_pan_can_atlas_2018,"Prostate Adenocarcinoma (TCGA, PanCancer Atlas)",Prostate Adenocarcinoma,494,RTN1,Rtn1,6252,1,0.20242914979757085
prad_tcga_pan_can_atlas_2018,"Prostate Adenocarcinoma (TCGA, PanCancer Atlas)",Prostate Adenocarcinoma,494,RUNX1T1,Runx1t1,862,4,0.8097165991902834
prad_tcga_pan_can_atlas_2018,"Prostate Adenocarcinoma (TCGA, PanCancer Atlas)",Prostate Adenocarcinoma,494,RXFP1,Rxfp1,59350,2,0.4048582995951417
prad_tcga_pan_can_atlas_2018,"Prostate Adenocarcinoma (TCGA, PanCancer Atlas)",Prostate Adenocarcinoma,494,RYR1,Ryr1,6261,15,3.0364372469635628
prad_tcga_pan_can_atlas_2018,"Prostate Adenocarcinoma (TCGA, PanCancer Atlas)",Prostate Adenocarcinoma,494,RYR2,Ryr2,6262,18,3.6437246963562755
prad_tcga_pan_can_atlas_2018,"Prostate Adenocarcinoma (TCGA, PanCancer Atlas)",Prostate Adenocarcinoma,494,RYR3,Ryr3,6263,11,2.2267206477732793
prad_tcga_pan_can_atlas_2018,"Prostate Adenocarcinoma (TCGA, PanCancer Atlas)",Prostate Adenocarcinoma,494,SCN1A,Scn1a,6323,8,1.6194331983805668
prad_tcga_pan_can_atlas_2018,"Prostate Adenocarcinoma (TCGA, PanCancer Atlas)",Prostate Adenocarcinoma,494,SCN3A,Scn3a,6328,2,0.4048582995951417
prad_tcga_pan_can_atlas_2018,"Prostate Adenocarcinoma (TCGA, PanCancer Atlas)",Prostate Adenocarcinoma,494,SCN8A,Scn8a,6334,4,0.8097165991902834
prad_tcga_pan_can_atlas_2018,"Prostate Adenocarcinoma (TCGA, PanCancer Atlas)",Prostate Adenocarcinoma,494,SDK1,Sdk1,221935,5,1.0121457489878543
prad_tcga_pan_can_atlas_2018,"Prostate Adenocarcinoma (TCGA, PanCancer Atlas)",Prostate Adenocarcinoma,494,SEMA5B,Sema5b,54437,2,0.4048582995951417
prad_tcga_pan_can_atlas_2018,"Prostate Adenocarcinoma (TCGA, PanCancer Atlas)",Prostate Adenocarcinoma,494,SEMA6D,Sema6d,80031,1,0.20242914979757085
prad_tcga_pan_can_atlas_2018,"Prostate Adenocarcinoma (TCGA, PanCancer Atlas)",Prostate Adenocarcinoma,494,SERPINI1,Serpini1,5274,2,0.4048582995951417
prad_tcga_pan_can_atlas_2018,"Prostate Adenocarcinoma (TCGA, PanCancer Atlas)",Prostate Adenocarcinoma,494,SETBP1,Setbp1,26040,3,0.6072874493927125
prad_tcga_pan_can_atlas_2018,"Prostate Adenocarcinoma (TCGA, PanCancer Atlas)",Prostate Adenocarcinoma,494,SEZ6,Sez6,124925,2,0.4048582995951417
prad_tcga_pan_can_atlas_2018,"Prostate Adenocarcinoma (TCGA, PanCancer Atlas)",Prostate Adenocarcinoma,494,SGCZ,Sgcz,137868,1,0.20242914979757085
prad_tcga_pan_can_atlas_2018,"Prostate Adenocarcinoma (TCGA, PanCancer Atlas)",Prostate Adenocarcinoma,494,SGK1,Sgk1,6446,1,0.20242914979757085
prad_tcga_pan_can_atlas_2018,"Prostate Adenocarcinoma (TCGA, PanCancer Atlas)",Prostate Adenocarcinoma,494,SH3GL3,Sh3gl3,6457,0,0.0
prad_tcga_pan_can_atlas_2018,"Prostate Adenocarcinoma (TCGA, PanCancer Atlas)",Prostate Adenocarcinoma,494,SHANK2,Shank2,22941,5,1.0121457489878543
prad_tcga_pan_can_atlas_2018,"Prostate Adenocarcinoma (TCGA, PanCancer Atlas)",Prostate Adenocarcinoma,494,SIPA1L1,Sipa1l1,26037,5,1.0121457489878543
prad_tcga_pan_can_atlas_2018,"Prostate Adenocarcinoma (TCGA, PanCancer Atlas)",Prostate Adenocarcinoma,494,SIRPA,Sirpa,140885,3,0.6072874493927125
prad_tcga_pan_can_atlas_2018,"Prostate Adenocarcinoma (TCGA, PanCancer Atlas)",Prostate Adenocarcinoma,494,SLC24A2,Slc24a2,25769,0,0.0
prad_tcga_pan_can_atlas_2018,"Prostate Adenocarcinoma (TCGA, PanCancer Atlas)",Prostate Adenocarcinoma,494,SLC24A3,Slc24a3,57419,2,0.4048582995951417
prad_tcga_pan_can_atlas_2018,"Prostate Adenocarcinoma (TCGA, PanCancer Atlas)",Prostate Adenocarcinoma,494,SLC35F3,Slc35f3,148641,3,0.6072874493927125
prad_tcga_pan_can_atlas_2018,"Prostate Adenocarcinoma (TCGA, PanCancer Atlas)",Prostate Adenocarcinoma,494,SLC35F4,Slc35f4,341880,2,0.4048582995951417
prad_tcga_pan_can_atlas_2018,"Prostate Adenocarcinoma (TCGA, PanCancer Atlas)",Prostate Adenocarcinoma,494,SLC44A5,Slc44a5,204962,2,0.4048582995951417
prad_tcga_pan_can_atlas_2018,"Prostate Adenocarcinoma (TCGA, PanCancer Atlas)",Prostate Adenocarcinoma,494,SLC4A8,Slc4a8,9498,3,0.6072874493927125
prad_tcga_pan_can_atlas_2018,"Prostate Adenocarcinoma (TCGA, PanCancer Atlas)",Prostate Adenocarcinoma,494,SLC6A1,Slc6a1,6529,3,0.6072874493927125
prad_tcga_pan_can_atlas_2018,"Prostate Adenocarcinoma (TCGA, PanCancer Atlas)",Prostate Adenocarcinoma,494,SLC6A17,Slc6a17,388662,1,0.20242914979757085
prad_tcga_pan_can_atlas_2018,"Prostate Adenocarcinoma (TCGA, PanCancer Atlas)",Prostate Adenocarcinoma,494,SLC8A1,Slc8a1,6546,5,1.0121457489878543
prad_tcga_pan_can_atlas_2018,"Prostate Adenocarcinoma (TCGA, PanCancer Atlas)",Prostate Adenocarcinoma,494,SLC9A9,Slc9a9,285195,1,0.20242914979757085
prad_tcga_pan_can_atlas_2018,"Prostate Adenocarcinoma (TCGA, PanCancer Atlas)",Prostate Adenocarcinoma,494,SLCO3A1,Slco3a1,28232,3,0.6072874493927125
prad_tcga_pan_can_atlas_2018,"Prostate Adenocarcinoma (TCGA, PanCancer Atlas)",Prostate Adenocarcinoma,494,SLIT2,Slit2,9353,2,0.4048582995951417
prad_tcga_pan_can_atlas_2018,"Prostate Adenocarcinoma (TCGA, PanCancer Atlas)",Prostate Adenocarcinoma,494,SLIT3,Slit3,6586,5,1.0121457489878543
prad_tcga_pan_can_atlas_2018,"Prostate Adenocarcinoma (TCGA, PanCancer Atlas)",Prostate Adenocarcinoma,494,SMARCA2,Smarca2,6595,3,0.6072874493927125
prad_tcga_pan_can_atlas_2018,"Prostate Adenocarcinoma (TCGA, PanCancer Atlas)",Prostate Adenocarcinoma,494,SORBS1,Sorbs1,10580,2,0.4048582995951417
prad_tcga_pan_can_atlas_2018,"Prostate Adenocarcinoma (TCGA, PanCancer Atlas)",Prostate Adenocarcinoma,494,SORBS2,Sorbs2,8470,1,0.20242914979757085
prad_tcga_pan_can_atlas_2018,"Prostate Adenocarcinoma (TCGA, PanCancer Atlas)",Prostate Adenocarcinoma,494,SORCS1,Sorcs1,114815,8,1.6194331983805668
prad_tcga_pan_can_atlas_2018,"Prostate Adenocarcinoma (TCGA, PanCancer Atlas)",Prostate Adenocarcinoma,494,SORCS2,Sorcs2,57537,3,0.6072874493927125
prad_tcga_pan_can_atlas_2018,"Prostate Adenocarcinoma (TCGA, PanCancer Atlas)",Prostate Adenocarcinoma,494,SORCS3,Sorcs3,22986,3,0.6072874493927125
prad_tcga_pan_can_atlas_2018,"Prostate Adenocarcinoma (TCGA, PanCancer Atlas)",Prostate Adenocarcinoma,494,SORL1,Sorl1,6653,3,0.6072874493927125
prad_tcga_pan_can_atlas_2018,"Prostate Adenocarcinoma (TCGA, PanCancer Atlas)",Prostate Adenocarcinoma,494,SOX5,Sox5,6660,2,0.4048582995951417
prad_tcga_pan_can_atlas_2018,"Prostate Adenocarcinoma (TCGA, PanCancer Atlas)",Prostate Adenocarcinoma,494,SOX6,Sox6,55553,2,0.4048582995951417
prad_tcga_pan_can_atlas_2018,"Prostate Adenocarcinoma (TCGA, PanCancer Atlas)",Prostate Adenocarcinoma,494,SPARCL1,Sparcl1,8404,2,0.4048582995951417
prad_tcga_pan_can_atlas_2018,"Prostate Adenocarcinoma (TCGA, PanCancer Atlas)",Prostate Adenocarcinoma,494,SPHKAP,Sphkap,80309,7,1.417004048582996
prad_tcga_pan_can_atlas_2018,"Prostate Adenocarcinoma (TCGA, PanCancer Atlas)",Prostate Adenocarcinoma,494,SPOCK1,Spock1,6695,0,0.0
prad_tcga_pan_can_atlas_2018,"Prostate Adenocarcinoma (TCGA, PanCancer Atlas)",Prostate Adenocarcinoma,494,SPOCK3,Spock3,50859,1,0.20242914979757085
prad_tcga_pan_can_atlas_2018,"Prostate Adenocarcinoma (TCGA, PanCancer Atlas)",Prostate Adenocarcinoma,494,SPTAN1,Sptan1,6709,2,0.4048582995951417
prad_tcga_pan_can_atlas_2018,"Prostate Adenocarcinoma (TCGA, PanCancer Atlas)",Prostate Adenocarcinoma,494,SPTBN4,Sptbn4,57731,3,0.6072874493927125
prad_tcga_pan_can_atlas_2018,"Prostate Adenocarcinoma (TCGA, PanCancer Atlas)",Prostate Adenocarcinoma,494,SRGAP3,Srgap3,9901,1,0.20242914979757085
prad_tcga_pan_can_atlas_2018,"Prostate Adenocarcinoma (TCGA, PanCancer Atlas)",Prostate Adenocarcinoma,494,SRRM4,Srrm4,84530,3,0.6072874493927125
prad_tcga_pan_can_atlas_2018,"Prostate Adenocarcinoma (TCGA, PanCancer Atlas)",Prostate Adenocarcinoma,494,STARD13,Stard13,90627,2,0.4048582995951417
prad_tcga_pan_can_atlas_2018,"Prostate Adenocarcinoma (TCGA, PanCancer Atlas)",Prostate Adenocarcinoma,494,STOX2,Stox2,56977,3,0.6072874493927125
prad_tcga_pan_can_atlas_2018,"Prostate Adenocarcinoma (TCGA, PanCancer Atlas)",Prostate Adenocarcinoma,494,STRBP,Strbp,55342,1,0.20242914979757085
prad_tcga_pan_can_atlas_2018,"Prostate Adenocarcinoma (TCGA, PanCancer Atlas)",Prostate Adenocarcinoma,494,STXBP5L,Stxbp5l,9515,4,0.8097165991902834
prad_tcga_pan_can_atlas_2018,"Prostate Adenocarcinoma (TCGA, PanCancer Atlas)",Prostate Adenocarcinoma,494,SV2A,Sv2a,9900,4,0.8097165991902834
prad_tcga_pan_can_atlas_2018,"Prostate Adenocarcinoma (TCGA, PanCancer Atlas)",Prostate Adenocarcinoma,494,SV2C,Sv2c,22987,0,0.0
prad_tcga_pan_can_atlas_2018,"Prostate Adenocarcinoma (TCGA, PanCancer Atlas)",Prostate Adenocarcinoma,494,SYNJ2,Synj2,8871,3,0.6072874493927125
prad_tcga_pan_can_atlas_2018,"Prostate Adenocarcinoma (TCGA, PanCancer Atlas)",Prostate Adenocarcinoma,494,SYT7,Syt7,9066,1,0.20242914979757085
prad_tcga_pan_can_atlas_2018,"Prostate Adenocarcinoma (TCGA, PanCancer Atlas)",Prostate Adenocarcinoma,494,SYTL2,Sytl2,54843,0,0.0
prad_tcga_pan_can_atlas_2018,"Prostate Adenocarcinoma (TCGA, PanCancer Atlas)",Prostate Adenocarcinoma,494,TACC1,Tacc1,6867,1,0.20242914979757085
prad_tcga_pan_can_atlas_2018,"Prostate Adenocarcinoma (TCGA, PanCancer Atlas)",Prostate Adenocarcinoma,494,TENM1,Tenm1,10178,1,0.20242914979757085
prad_tcga_pan_can_atlas_2018,"Prostate Adenocarcinoma (TCGA, PanCancer Atlas)",Prostate Adenocarcinoma,494,TENM2,Tenm2,57451,5,1.0121457489878543
prad_tcga_pan_can_atlas_2018,"Prostate Adenocarcinoma (TCGA, PanCancer Atlas)",Prostate Adenocarcinoma,494,TENM3,Tenm3,55714,3,0.6072874493927125
prad_tcga_pan_can_atlas_2018,"Prostate Adenocarcinoma (TCGA, PanCancer Atlas)",Prostate Adenocarcinoma,494,TENM4,Tenm4,26011,3,0.6072874493927125
prad_tcga_pan_can_atlas_2018,"Prostate Adenocarcinoma (TCGA, PanCancer Atlas)",Prostate Adenocarcinoma,494,THSD7A,Thsd7a,221981,3,0.6072874493927125
prad_tcga_pan_can_atlas_2018,"Prostate Adenocarcinoma (TCGA, PanCancer Atlas)",Prostate Adenocarcinoma,494,THSD7B,Thsd7b,80731,6,1.214574898785425
prad_tcga_pan_can_atlas_2018,"Prostate Adenocarcinoma (TCGA, PanCancer Atlas)",Prostate Adenocarcinoma,494,TLE4,Tle4,7091,4,0.8097165991902834
prad_tcga_pan_can_atlas_2018,"Prostate Adenocarcinoma (TCGA, PanCancer Atlas)",Prostate Adenocarcinoma,494,TLL1,Tll1,7092,4,0.8097165991902834
prad_tcga_pan_can_atlas_2018,"Prostate Adenocarcinoma (TCGA, PanCancer Atlas)",Prostate Adenocarcinoma,494,TLN2,Tln2,83660,3,0.6072874493927125
prad_tcga_pan_can_atlas_2018,"Prostate Adenocarcinoma (TCGA, PanCancer Atlas)",Prostate Adenocarcinoma,494,TMEM108,Tmem108,66000,1,0.20242914979757085
prad_tcga_pan_can_atlas_2018,"Prostate Adenocarcinoma (TCGA, PanCancer Atlas)",Prostate Adenocarcinoma,494,TMEM130,Tmem130,222865,1,0.20242914979757085
prad_tcga_pan_can_atlas_2018,"Prostate Adenocarcinoma (TCGA, PanCancer Atlas)",Prostate Adenocarcinoma,494,TMEM132B,Tmem132b,114795,3,0.6072874493927125
prad_tcga_pan_can_atlas_2018,"Prostate Adenocarcinoma (TCGA, PanCancer Atlas)",Prostate Adenocarcinoma,494,TMEM132C,Tmem132c,92293,0,0.0
prad_tcga_pan_can_atlas_2018,"Prostate Adenocarcinoma (TCGA, PanCancer Atlas)",Prostate Adenocarcinoma,494,TMEM132D,Tmem132d,121256,5,1.0121457489878543
prad_tcga_pan_can_atlas_2018,"Prostate Adenocarcinoma (TCGA, PanCancer Atlas)",Prostate Adenocarcinoma,494,TMTC1,Tmtc1,83857,0,0.0
prad_tcga_pan_can_atlas_2018,"Prostate Adenocarcinoma (TCGA, PanCancer Atlas)",Prostate Adenocarcinoma,494,TNIK,Tnik,23043,2,0.4048582995951417
prad_tcga_pan_can_atlas_2018,"Prostate Adenocarcinoma (TCGA, PanCancer Atlas)",Prostate Adenocarcinoma,494,TOX,Tox,9760,0,0.0
prad_tcga_pan_can_atlas_2018,"Prostate Adenocarcinoma (TCGA, PanCancer Atlas)",Prostate Adenocarcinoma,494,TOX2,Tox2,84969,1,0.20242914979757085
prad_tcga_pan_can_atlas_2018,"Prostate Adenocarcinoma (TCGA, PanCancer Atlas)",Prostate Adenocarcinoma,494,TOX3,Tox3,27324,2,0.4048582995951417
prad_tcga_pan_can_atlas_2018,"Prostate Adenocarcinoma (TCGA, PanCancer Atlas)",Prostate Adenocarcinoma,494,TRERF1,Trerf1,55809,1,0.20242914979757085
prad_tcga_pan_can_atlas_2018,"Prostate Adenocarcinoma (TCGA, PanCancer Atlas)",Prostate Adenocarcinoma,494,TRHDE,Trhde,29953,3,0.6072874493927125
prad_tcga_pan_can_atlas_2018,"Prostate Adenocarcinoma (TCGA, PanCancer Atlas)",Prostate Adenocarcinoma,494,TRIO,Trio,7204,6,1.214574898785425
prad_tcga_pan_can_atlas_2018,"Prostate Adenocarcinoma (TCGA, PanCancer Atlas)",Prostate Adenocarcinoma,494,TRPC3,Trpc3,7222,2,0.4048582995951417
prad_tcga_pan_can_atlas_2018,"Prostate Adenocarcinoma (TCGA, PanCancer Atlas)",Prostate Adenocarcinoma,494,TRPC5,Trpc5,7224,1,0.20242914979757085
prad_tcga_pan_can_atlas_2018,"Prostate Adenocarcinoma (TCGA, PanCancer Atlas)",Prostate Adenocarcinoma,494,TRPM2,Trpm2,7226,3,0.6072874493927125
prad_tcga_pan_can_atlas_2018,"Prostate Adenocarcinoma (TCGA, PanCancer Atlas)",Prostate Adenocarcinoma,494,TRPM3,Trpm3,80036,4,0.8097165991902834
prad_tcga_pan_can_atlas_2018,"Prostate Adenocarcinoma (TCGA, PanCancer Atlas)",Prostate Adenocarcinoma,494,TRPS1,Trps1,7227,3,0.6072874493927125
prad_tcga_pan_can_atlas_2018,"Prostate Adenocarcinoma (TCGA, PanCancer Atlas)",Prostate Adenocarcinoma,494,TSC22D1,Tsc22d1,8848,1,0.20242914979757085
prad_tcga_pan_can_atlas_2018,"Prostate Adenocarcinoma (TCGA, PanCancer Atlas)",Prostate Adenocarcinoma,494,TSHZ3,Tshz3,57616,2,0.4048582995951417
prad_tcga_pan_can_atlas_2018,"Prostate Adenocarcinoma (TCGA, PanCancer Atlas)",Prostate Adenocarcinoma,494,TTBK2,Ttbk2,146057,4,0.8097165991902834
prad_tcga_pan_can_atlas_2018,"Prostate Adenocarcinoma (TCGA, PanCancer Atlas)",Prostate Adenocarcinoma,494,UNC13C,Unc13c,440279,6,1.214574898785425
prad_tcga_pan_can_atlas_2018,"Prostate Adenocarcinoma (TCGA, PanCancer Atlas)",Prostate Adenocarcinoma,494,UNC5C,Unc5c,8633,0,0.0
prad_tcga_pan_can_atlas_2018,"Prostate Adenocarcinoma (TCGA, PanCancer Atlas)",Prostate Adenocarcinoma,494,UNC5D,Unc5d,137970,1,0.20242914979757085
prad_tcga_pan_can_atlas_2018,"Prostate Adenocarcinoma (TCGA, PanCancer Atlas)",Prostate Adenocarcinoma,494,USP11,Usp11,8237,1,0.20242914979757085
prad_tcga_pan_can_atlas_2018,"Prostate Adenocarcinoma (TCGA, PanCancer Atlas)",Prostate Adenocarcinoma,494,USP25,Usp25,29761,0,0.0
prad_tcga_pan_can_atlas_2018,"Prostate Adenocarcinoma (TCGA, PanCancer Atlas)",Prostate Adenocarcinoma,494,UST,Ust,10090,1,0.20242914979757085
prad_tcga_pan_can_atlas_2018,"Prostate Adenocarcinoma (TCGA, PanCancer Atlas)",Prostate Adenocarcinoma,494,VIP,Vip,7432,0,0.0
prad_tcga_pan_can_atlas_2018,"Prostate Adenocarcinoma (TCGA, PanCancer Atlas)",Prostate Adenocarcinoma,494,VPS13A,Vps13a,23230,1,0.20242914979757085
prad_tcga_pan_can_atlas_2018,"Prostate Adenocarcinoma (TCGA, PanCancer Atlas)",Prostate Adenocarcinoma,494,VPS13D,Vps13d,55187,8,1.6194331983805668
prad_tcga_pan_can_atlas_2018,"Prostate Adenocarcinoma (TCGA, PanCancer Atlas)",Prostate Adenocarcinoma,494,WASF3,Wasf3,10810,1,0.20242914979757085
prad_tcga_pan_can_atlas_2018,"Prostate Adenocarcinoma (TCGA, PanCancer Atlas)",Prostate Adenocarcinoma,494,WNK2,Wnk2,65268,1,0.20242914979757085
prad_tcga_pan_can_atlas_2018,"Prostate Adenocarcinoma (TCGA, PanCancer Atlas)",Prostate Adenocarcinoma,494,WWP1,Wwp1,11059,2,0.4048582995951417
prad_tcga_pan_can_atlas_2018,"Prostate Adenocarcinoma (TCGA, PanCancer Atlas)",Prostate Adenocarcinoma,494,XKR4,Xkr4,114786,5,1.0121457489878543
prad_tcga_pan_can_atlas_2018,"Prostate Adenocarcinoma (TCGA, PanCancer Atlas)",Prostate Adenocarcinoma,494,XYLT1,Xylt1,64131,6,1.214574898785425
prad_tcga_pan_can_atlas_2018,"Prostate Adenocarcinoma (TCGA, PanCancer Atlas)",Prostate Adenocarcinoma,494,ZBTB16,Zbtb16,7704,2,0.4048582995951417
prad_tcga_pan_can_atlas_2018,"Prostate Adenocarcinoma (TCGA, PanCancer Atlas)",Prostate Adenocarcinoma,494,ZFYVE28,Zfyve28,57732,3,0.6072874493927125
prad_tcga_pan_can_atlas_2018,"Prostate Adenocarcinoma (TCGA, PanCancer Atlas)",Prostate Adenocarcinoma,494,ZMAT4,Zmat4,79698,0,0.0
prad_tcga_pan_can_atlas_2018,"Prostate Adenocarcinoma (TCGA, PanCancer Atlas)",Prostate Adenocarcinoma,494,ZMYND8,Zmynd8,23613,2,0.4048582995951417
ucec_tcga_pan_can_atlas_2018,"Uterine Corpus Endometrial Carcinoma (TCGA, PanCancer Atlas)",Endometrial Carcinoma,517,ABCC8,Abcc8,6833,45,8.704061895551257
ucec_tcga_pan_can_atlas_2018,"Uterine Corpus Endometrial Carcinoma (TCGA, PanCancer Atlas)",Endometrial Carcinoma,517,ABR,Abr,29,35,6.769825918762089
ucec_tcga_pan_can_atlas_2018,"Uterine Corpus Endometrial Carcinoma (TCGA, PanCancer Atlas)",Endometrial Carcinoma,517,ACSL3,Acsl3,2181,33,6.382978723404255
ucec_tcga_pan_can_atlas_2018,"Uterine Corpus Endometrial Carcinoma (TCGA, PanCancer Atlas)",Endometrial Carcinoma,517,ADAM23,Adam23,8745,44,8.51063829787234
ucec_tcga_pan_can_atlas_2018,"Uterine Corpus Endometrial Carcinoma (TCGA, PanCancer Atlas)",Endometrial Carcinoma,517,ADAMTS17,Adamts17,170691,40,7.7369439071566735
ucec_tcga_pan_can_atlas_2018,"Uterine Corpus Endometrial Carcinoma (TCGA, PanCancer Atlas)",Endometrial Carcinoma,517,ADARB2,Adarb2,105,31,5.996131528046422
ucec_tcga_pan_can_atlas_2018,"Uterine Corpus Endometrial Carcinoma (TCGA, PanCancer Atlas)",Endometrial Carcinoma,517,ADCY1,Adcy1,107,43,8.317214700193423
ucec_tcga_pan_can_atlas_2018,"Uterine Corpus Endometrial Carcinoma (TCGA, PanCancer Atlas)",Endometrial Carcinoma,517,ADCY2,Adcy2,108,47,9.090909090909092
ucec_tcga_pan_can_atlas_2018,"Uterine Corpus Endometrial Carcinoma (TCGA, PanCancer Atlas)",Endometrial Carcinoma,517,ADCY8,Adcy8,114,48,9.284332688588007
ucec_tcga_pan_can_atlas_2018,"Uterine Corpus Endometrial Carcinoma (TCGA, PanCancer Atlas)",Endometrial Carcinoma,517,ADRA1A,Adra1a,148,25,4.835589941972921
ucec_tcga_pan_can_atlas_2018,"Uterine Corpus Endometrial Carcinoma (TCGA, PanCancer Atlas)",Endometrial Carcinoma,517,AHI1,Ahi1,54806,33,6.382978723404255
ucec_tcga_pan_can_atlas_2018,"Uterine Corpus Endometrial Carcinoma (TCGA, PanCancer Atlas)",Endometrial Carcinoma,517,AK5,Ak5,26289,23,4.448742746615087
ucec_tcga_pan_can_atlas_2018,"Uterine Corpus Endometrial Carcinoma (TCGA, PanCancer Atlas)",Endometrial Carcinoma,517,ALK,Alk,238,52,10.058027079303676
ucec_tcga_pan_can_atlas_2018,"Uterine Corpus Endometrial Carcinoma (TCGA, PanCancer Atlas)",Endometrial Carcinoma,517,ANK1,Ank1,286,63,12.18568665377176
ucec_tcga_pan_can_atlas_2018,"Uterine Corpus Endometrial Carcinoma (TCGA, PanCancer Atlas)",Endometrial Carcinoma,517,ANKRD26,Ankrd26,22852,63,12.18568665377176
ucec_tcga_pan_can_atlas_2018,"Uterine Corpus Endometrial Carcinoma (TCGA, PanCancer Atlas)",Endometrial Carcinoma,517,ANKS1B,Anks1b,56899,38,7.350096711798839
ucec_tcga_pan_can_atlas_2018,"Uterine Corpus Endometrial Carcinoma (TCGA, PanCancer Atlas)",Endometrial Carcinoma,517,ANO3,Ano3,63982,39,7.543520309477756
ucec_tcga_pan_can_atlas_2018,"Uterine Corpus Endometrial Carcinoma (TCGA, PanCancer Atlas)",Endometrial Carcinoma,517,ANO4,Ano4,121601,40,7.7369439071566735
ucec_tcga_pan_can_atlas_2018,"Uterine Corpus Endometrial Carcinoma (TCGA, PanCancer Atlas)",Endometrial Carcinoma,517,ANO5,Ano5,203859,44,8.51063829787234
ucec_tcga_pan_can_atlas_2018,"Uterine Corpus Endometrial Carcinoma (TCGA, PanCancer Atlas)",Endometrial Carcinoma,517,APBA1,Apba1,320,31,5.996131528046422
ucec_tcga_pan_can_atlas_2018,"Uterine Corpus Endometrial Carcinoma (TCGA, PanCancer Atlas)",Endometrial Carcinoma,517,APLP1,Aplp1,333,39,7.543520309477756
ucec_tcga_pan_can_atlas_2018,"Uterine Corpus Endometrial Carcinoma (TCGA, PanCancer Atlas)",Endometrial Carcinoma,517,ARAP2,Arap2,116984,52,10.058027079303676
ucec_tcga_pan_can_atlas_2018,"Uterine Corpus Endometrial Carcinoma (TCGA, PanCancer Atlas)",Endometrial Carcinoma,517,ARHGAP20,Arhgap20,57569,47,9.090909090909092
ucec_tcga_pan_can_atlas_2018,"Uterine Corpus Endometrial Carcinoma (TCGA, PanCancer Atlas)",Endometrial Carcinoma,517,ARHGAP21,Arhgap21,57584,62,11.992263056092844
ucec_tcga_pan_can_atlas_2018,"Uterine Corpus Endometrial Carcinoma (TCGA, PanCancer Atlas)",Endometrial Carcinoma,517,ARHGAP5,Arhgap5,394,52,10.058027079303676
ucec_tcga_pan_can_atlas_2018,"Uterine Corpus Endometrial Carcinoma (TCGA, PanCancer Atlas)",Endometrial Carcinoma,517,ARID5B,Arid5b,84159,78,15.087040618955513
ucec_tcga_pan_can_atlas_2018,"Uterine Corpus Endometrial Carcinoma (TCGA, PanCancer Atlas)",Endometrial Carcinoma,517,ARPP21,Arpp21,10777,40,7.7369439071566735
ucec_tcga_pan_can_atlas_2018,"Uterine Corpus Endometrial Carcinoma (TCGA, PanCancer Atlas)",Endometrial Carcinoma,517,ASIC2,Asic2,40,18,3.481624758220503
ucec_tcga_pan_can_atlas_2018,"Uterine Corpus Endometrial Carcinoma (TCGA, PanCancer Atlas)",Endometrial Carcinoma,517,ASTN1,Astn1,460,55,10.638297872340425
ucec_tcga_pan_can_atlas_2018,"Uterine Corpus Endometrial Carcinoma (TCGA, PanCancer Atlas)",Endometrial Carcinoma,517,ASTN2,Astn2,23245,48,9.284332688588007
ucec_tcga_pan_can_atlas_2018,"Uterine Corpus Endometrial Carcinoma (TCGA, PanCancer Atlas)",Endometrial Carcinoma,517,ATP1A3,Atp1a3,478,36,6.963249516441006
ucec_tcga_pan_can_atlas_2018,"Uterine Corpus Endometrial Carcinoma (TCGA, PanCancer Atlas)",Endometrial Carcinoma,517,ATP2A2,Atp2a2,488,28,5.415860735009671
ucec_tcga_pan_can_atlas_2018,"Uterine Corpus Endometrial Carcinoma (TCGA, PanCancer Atlas)",Endometrial Carcinoma,517,ATP8A2,Atp8a2,51761,51,9.864603481624759
ucec_tcga_pan_can_atlas_2018,"Uterine Corpus Endometrial Carcinoma (TCGA, PanCancer Atlas)",Endometrial Carcinoma,517,ATRNL1,Atrnl1,26033,50,9.671179883945841
ucec_tcga_pan_can_atlas_2018,"Uterine Corpus Endometrial Carcinoma (TCGA, PanCancer Atlas)",Endometrial Carcinoma,517,ATXN1,Atxn1,6310,25,4.835589941972921
ucec_tcga_pan_can_atlas_2018,"Uterine Corpus Endometrial Carcinoma (TCGA, PanCancer Atlas)",Endometrial Carcinoma,517,BACH2,Bach2,60468,32,6.189555125725338
ucec_tcga_pan_can_atlas_2018,"Uterine Corpus Endometrial Carcinoma (TCGA, PanCancer Atlas)",Endometrial Carcinoma,517,BAIAP2,Baiap2,10458,23,4.448742746615087
ucec_tcga_pan_can_atlas_2018,"Uterine Corpus Endometrial Carcinoma (TCGA, PanCancer Atlas)",Endometrial Carcinoma,517,BCL11A,Bcl11a,53335,43,8.317214700193423
ucec_tcga_pan_can_atlas_2018,"Uterine Corpus Endometrial Carcinoma (TCGA, PanCancer Atlas)",Endometrial Carcinoma,517,BCL11B,Bcl11b,64919,28,5.415860735009671
ucec_tcga_pan_can_atlas_2018,"Uterine Corpus Endometrial Carcinoma (TCGA, PanCancer Atlas)",Endometrial Carcinoma,517,BDP1,Bdp1,55814,52,10.058027079303676
ucec_tcga_pan_can_atlas_2018,"Uterine Corpus Endometrial Carcinoma (TCGA, PanCancer Atlas)",Endometrial Carcinoma,517,BMPER,Bmper,168667,35,6.769825918762089
ucec_tcga_pan_can_atlas_2018,"Uterine Corpus Endometrial Carcinoma (TCGA, PanCancer Atlas)",Endometrial Carcinoma,517,BRINP2,Brinp2,57795,35,6.769825918762089
ucec_tcga_pan_can_atlas_2018,"Uterine Corpus Endometrial Carcinoma (TCGA, PanCancer Atlas)",Endometrial Carcinoma,517,BRINP3,Brinp3,339479,42,8.123791102514506
ucec_tcga_pan_can_atlas_2018,"Uterine Corpus Endometrial Carcinoma (TCGA, PanCancer Atlas)",Endometrial Carcinoma,517,BSN,Bsn,8927,75,14.506769825918763
ucec_tcga_pan_can_atlas_2018,"Uterine Corpus Endometrial Carcinoma (TCGA, PanCancer Atlas)",Endometrial Carcinoma,517,CACNA1A,Cacna1a,773,61,11.798839458413926
ucec_tcga_pan_can_atlas_2018,"Uterine Corpus Endometrial Carcinoma (TCGA, PanCancer Atlas)",Endometrial Carcinoma,517,CACNA1B,Cacna1b,774,64,12.379110251450676
ucec_tcga_pan_can_atlas_2018,"Uterine Corpus Endometrial Carcinoma (TCGA, PanCancer Atlas)",Endometrial Carcinoma,517,CACNA1C,Cacna1c,775,65,12.572533849129593
ucec_tcga_pan_can_atlas_2018,"Uterine Corpus Endometrial Carcinoma (TCGA, PanCancer Atlas)",Endometrial Carcinoma,517,CACNA1D,Cacna1d,776,74,14.313346228239846
ucec_tcga_pan_can_atlas_2018,"Uterine Corpus Endometrial Carcinoma (TCGA, PanCancer Atlas)",Endometrial Carcinoma,517,CACNA1E,Cacna1e,777,91,17.60154738878143
ucec_tcga_pan_can_atlas_2018,"Uterine Corpus Endometrial Carcinoma (TCGA, PanCancer Atlas)",Endometrial Carcinoma,517,CACNA2D1,Cacna2d1,781,38,7.350096711798839
ucec_tcga_pan_can_atlas_2018,"Uterine Corpus Endometrial Carcinoma (TCGA, PanCancer Atlas)",Endometrial Carcinoma,517,CACNA2D3,Cacna2d3,55799,49,9.477756286266924
ucec_tcga_pan_can_atlas_2018,"Uterine Corpus Endometrial Carcinoma (TCGA, PanCancer Atlas)",Endometrial Carcinoma,517,CACNB2,Cacnb2,783,38,7.350096711798839
ucec_tcga_pan_can_atlas_2018,"Uterine Corpus Endometrial Carcinoma (TCGA, PanCancer Atlas)",Endometrial Carcinoma,517,CACNB4,Cacnb4,785,27,5.222437137330754
ucec_tcga_pan_can_atlas_2018,"Uterine Corpus Endometrial Carcinoma (TCGA, PanCancer Atlas)",Endometrial Carcinoma,517,CACNG3,Cacng3,10368,22,4.25531914893617
ucec_tcga_pan_can_atlas_2018,"Uterine Corpus Endometrial Carcinoma (TCGA, PanCancer Atlas)",Endometrial Carcinoma,517,CADM2,Cadm2,253559,22,4.25531914893617
ucec_tcga_pan_can_atlas_2018,"Uterine Corpus Endometrial Carcinoma (TCGA, PanCancer Atlas)",Endometrial Carcinoma,517,CADPS,Cadps,8618,58,11.218568665377177
ucec_tcga_pan_can_atlas_2018,"Uterine Corpus Endometrial Carcinoma (TCGA, PanCancer Atlas)",Endometrial Carcinoma,517,CAMTA1,Camta1,23261,56,10.831721470019342
ucec_tcga_pan_can_atlas_2018,"Uterine Corpus Endometrial Carcinoma (TCGA, PanCancer Atlas)",Endometrial Carcinoma,517,CAP2,Cap2,10486,22,4.25531914893617
ucec_tcga_pan_can_atlas_2018,"Uterine Corpus Endometrial Carcinoma (TCGA, PanCancer Atlas)",Endometrial Carcinoma,517,CCDC136,Ccdc136,64753,39,7.543520309477756
ucec_tcga_pan_can_atlas_2018,"Uterine Corpus Endometrial Carcinoma (TCGA, PanCancer Atlas)",Endometrial Carcinoma,517,CCSER1,Ccser1,401145,41,7.93036750483559
ucec_tcga_pan_can_atlas_2018,"Uterine Corpus Endometrial Carcinoma (TCGA, PanCancer Atlas)",Endometrial Carcinoma,517,CDH10,Cdh10,1008,62,11.992263056092844
ucec_tcga_pan_can_atlas_2018,"Uterine Corpus Endometrial Carcinoma (TCGA, PanCancer Atlas)",Endometrial Carcinoma,517,CDH12,Cdh12,1010,46,8.897485493230175
ucec_tcga_pan_can_atlas_2018,"Uterine Corpus Endometrial Carcinoma (TCGA, PanCancer Atlas)",Endometrial Carcinoma,517,CDH13,Cdh13,1012,32,6.189555125725338
ucec_tcga_pan_can_atlas_2018,"Uterine Corpus Endometrial Carcinoma (TCGA, PanCancer Atlas)",Endometrial Carcinoma,517,CDH2,Cdh2,1000,40,7.7369439071566735
ucec_tcga_pan_can_atlas_2018,"Uterine Corpus Endometrial Carcinoma (TCGA, PanCancer Atlas)",Endometrial Carcinoma,517,CDH22,Cdh22,64405,25,4.835589941972921
ucec_tcga_pan_can_atlas_2018,"Uterine Corpus Endometrial Carcinoma (TCGA, PanCancer Atlas)",Endometrial Carcinoma,517,CDH4,Cdh4,1002,38,7.350096711798839
ucec_tcga_pan_can_atlas_2018,"Uterine Corpus Endometrial Carcinoma (TCGA, PanCancer Atlas)",Endometrial Carcinoma,517,CDH8,Cdh8,1006,52,10.058027079303676
ucec_tcga_pan_can_atlas_2018,"Uterine Corpus Endometrial Carcinoma (TCGA, PanCancer Atlas)",Endometrial Carcinoma,517,CDH9,Cdh9,1007,43,8.317214700193423
ucec_tcga_pan_can_atlas_2018,"Uterine Corpus Endometrial Carcinoma (TCGA, PanCancer Atlas)",Endometrial Carcinoma,517,CDK14,Cdk14,5218,17,3.288201160541586
ucec_tcga_pan_can_atlas_2018,"Uterine Corpus Endometrial Carcinoma (TCGA, PanCancer Atlas)",Endometrial Carcinoma,517,CDKL5,Cdkl5,6792,55,10.638297872340425
ucec_tcga_pan_can_atlas_2018,"Uterine Corpus Endometrial Carcinoma (TCGA, PanCancer Atlas)",Endometrial Carcinoma,517,CELF4,Celf4,56853,27,5.222437137330754
ucec_tcga_pan_can_atlas_2018,"Uterine Corpus Endometrial Carcinoma (TCGA, PanCancer Atlas)",Endometrial Carcinoma,517,CEMIP,Cemip,57214,39,7.543520309477756
ucec_tcga_pan_can_atlas_2018,"Uterine Corpus Endometrial Carcinoma (TCGA, PanCancer Atlas)",Endometrial Carcinoma,517,CHGB,Chgb,1114,19,3.6750483558994196
ucec_tcga_pan_can_atlas_2018,"Uterine Corpus Endometrial Carcinoma (TCGA, PanCancer Atlas)",Endometrial Carcinoma,517,CHL1,Chl1,10752,62,11.992263056092844
ucec_tcga_pan_can_atlas_2018,"Uterine Corpus Endometrial Carcinoma (TCGA, PanCancer Atlas)",Endometrial Carcinoma,517,CHRM3,Chrm3,1131,38,7.350096711798839
ucec_tcga_pan_can_atlas_2018,"Uterine Corpus Endometrial Carcinoma (TCGA, PanCancer Atlas)",Endometrial Carcinoma,517,CHSY3,Chsy3,337876,32,6.189555125725338
ucec_tcga_pan_can_atlas_2018,"Uterine Corpus Endometrial Carcinoma (TCGA, PanCancer Atlas)",Endometrial Carcinoma,517,CIT,Cit,11113,67,12.959381044487428
ucec_tcga_pan_can_atlas_2018,"Uterine Corpus Endometrial Carcinoma (TCGA, PanCancer Atlas)",Endometrial Carcinoma,517,CLEC16A,Clec16a,23274,27,5.222437137330754
ucec_tcga_pan_can_atlas_2018,"Uterine Corpus Endometrial Carcinoma (TCGA, PanCancer Atlas)",Endometrial Carcinoma,517,CLIP4,Clip4,79745,28,5.415860735009671
ucec_tcga_pan_can_atlas_2018,"Uterine Corpus Endometrial Carcinoma (TCGA, PanCancer Atlas)",Endometrial Carcinoma,517,CLSTN2,Clstn2,64084,32,6.189555125725338
ucec_tcga_pan_can_atlas_2018,"Uterine Corpus Endometrial Carcinoma (TCGA, PanCancer Atlas)",Endometrial Carcinoma,517,CLVS1,Clvs1,157807,16,3.094777562862669
ucec_tcga_pan_can_atlas_2018,"Uterine Corpus Endometrial Carcinoma (TCGA, PanCancer Atlas)",Endometrial Carcinoma,517,CNR1,Cnr1,1268,27,5.222437137330754
ucec_tcga_pan_can_atlas_2018,"Uterine Corpus Endometrial Carcinoma (TCGA, PanCancer Atlas)",Endometrial Carcinoma,517,CNTN3,Cntn3,5067,42,8.123791102514506
ucec_tcga_pan_can_atlas_2018,"Uterine Corpus Endometrial Carcinoma (TCGA, PanCancer Atlas)",Endometrial Carcinoma,517,CNTN4,Cntn4,152330,51,9.864603481624759
ucec_tcga_pan_can_atlas_2018,"Uterine Corpus Endometrial Carcinoma (TCGA, PanCancer Atlas)",Endometrial Carcinoma,517,CNTN5,Cntn5,53942,48,9.284332688588007
ucec_tcga_pan_can_atlas_2018,"Uterine Corpus Endometrial Carcinoma (TCGA, PanCancer Atlas)",Endometrial Carcinoma,517,CNTN6,Cntn6,27255,69,13.346228239845262
ucec_tcga_pan_can_atlas_2018,"Uterine Corpus Endometrial Carcinoma (TCGA, PanCancer Atlas)",Endometrial Carcinoma,517,CNTNAP2,Cntnap2,26047,66,12.76595744680851
ucec_tcga_pan_can_atlas_2018,"Uterine Corpus Endometrial Carcinoma (TCGA, PanCancer Atlas)",Endometrial Carcinoma,517,CNTNAP4,Cntnap4,85445,50,9.671179883945841
ucec_tcga_pan_can_atlas_2018,"Uterine Corpus Endometrial Carcinoma (TCGA, PanCancer Atlas)",Endometrial Carcinoma,517,COL11A1,Col11a1,1301,75,14.506769825918763
ucec_tcga_pan_can_atlas_2018,"Uterine Corpus Endometrial Carcinoma (TCGA, PanCancer Atlas)",Endometrial Carcinoma,517,COL16A1,Col16a1,1307,44,8.51063829787234
ucec_tcga_pan_can_atlas_2018,"Uterine Corpus Endometrial Carcinoma (TCGA, PanCancer Atlas)",Endometrial Carcinoma,517,COL19A1,Col19a1,1310,52,10.058027079303676
ucec_tcga_pan_can_atlas_2018,"Uterine Corpus Endometrial Carcinoma (TCGA, PanCancer Atlas)",Endometrial Carcinoma,517,COL24A1,Col24a1,255631,48,9.284332688588007
ucec_tcga_pan_can_atlas_2018,"Uterine Corpus Endometrial Carcinoma (TCGA, PanCancer Atlas)",Endometrial Carcinoma,517,COL25A1,Col25a1,84570,36,6.963249516441006
ucec_tcga_pan_can_atlas_2018,"Uterine Corpus Endometrial Carcinoma (TCGA, PanCancer Atlas)",Endometrial Carcinoma,517,CORO6,Coro6,84940,12,2.3210831721470018
ucec_tcga_pan_can_atlas_2018,"Uterine Corpus Endometrial Carcinoma (TCGA, PanCancer Atlas)",Endometrial Carcinoma,517,CPNE4,Cpne4,131034,30,5.802707930367505
ucec_tcga_pan_can_atlas_2018,"Uterine Corpus Endometrial Carcinoma (TCGA, PanCancer Atlas)",Endometrial Carcinoma,517,CSMD1,Csmd1,64478,92,17.79497098646035
ucec_tcga_pan_can_atlas_2018,"Uterine Corpus Endometrial Carcinoma (TCGA, PanCancer Atlas)",Endometrial Carcinoma,517,CSMD2,Csmd2,114784,85,16.44100580270793
ucec_tcga_pan_can_atlas_2018,"Uterine Corpus Endometrial Carcinoma (TCGA, PanCancer Atlas)",Endometrial Carcinoma,517,CSMD3,Csmd3,114788,122,23.597678916827853
ucec_tcga_pan_can_atlas_2018,"Uterine Corpus Endometrial Carcinoma (TCGA, PanCancer Atlas)",Endometrial Carcinoma,517,CSRNP3,Csrnp3,80034,25,4.835589941972921
ucec_tcga_pan_can_atlas_2018,"Uterine Corpus Endometrial Carcinoma (TCGA, PanCancer Atlas)",Endometrial Carcinoma,517,CUX1,Cux1,1523,64,12.379110251450676
ucec_tcga_pan_can_atlas_2018,"Uterine Corpus Endometrial Carcinoma (TCGA, PanCancer Atlas)",Endometrial Carcinoma,517,CUX2,Cux2,23316,39,7.543520309477756
ucec_tcga_pan_can_atlas_2018,"Uterine Corpus Endometrial Carcinoma (TCGA, PanCancer Atlas)",Endometrial Carcinoma,517,CYFIP2,Cyfip2,26999,52,10.058027079303676
ucec_tcga_pan_can_atlas_2018,"Uterine Corpus Endometrial Carcinoma (TCGA, PanCancer Atlas)",Endometrial Carcinoma,517,DAAM1,Daam1,23002,40,7.7369439071566735
ucec_tcga_pan_can_atlas_2018,"Uterine Corpus Endometrial Carcinoma (TCGA, PanCancer Atlas)",Endometrial Carcinoma,517,DAB1,Dab1,1600,26,5.029013539651838
ucec_tcga_pan_can_atlas_2018,"Uterine Corpus Endometrial Carcinoma (TCGA, PanCancer Atlas)",Endometrial Carcinoma,517,DACH1,Dach1,1602,21,4.061895551257253
ucec_tcga_pan_can_atlas_2018,"Uterine Corpus Endometrial Carcinoma (TCGA, PanCancer Atlas)",Endometrial Carcinoma,517,DAPK1,Dapk1,1612,51,9.864603481624759
ucec_tcga_pan_can_atlas_2018,"Uterine Corpus Endometrial Carcinoma (TCGA, PanCancer Atlas)",Endometrial Carcinoma,517,DCC,Dcc,1630,74,14.313346228239846
ucec_tcga_pan_can_atlas_2018,"Uterine Corpus Endometrial Carcinoma (TCGA, PanCancer Atlas)",Endometrial Carcinoma,517,DENND5B,Dennd5b,160518,40,7.7369439071566735
ucec_tcga_pan_can_atlas_2018,"Uterine Corpus Endometrial Carcinoma (TCGA, PanCancer Atlas)",Endometrial Carcinoma,517,DGKB,Dgkb,1607,41,7.93036750483559
ucec_tcga_pan_can_atlas_2018,"Uterine Corpus Endometrial Carcinoma (TCGA, PanCancer Atlas)",Endometrial Carcinoma,517,DGKD,Dgkd,8527,46,8.897485493230175
ucec_tcga_pan_can_atlas_2018,"Uterine Corpus Endometrial Carcinoma (TCGA, PanCancer Atlas)",Endometrial Carcinoma,517,DGKG,Dgkg,1608,36,6.963249516441006
ucec_tcga_pan_can_atlas_2018,"Uterine Corpus Endometrial Carcinoma (TCGA, PanCancer Atlas)",Endometrial Carcinoma,517,DGKH,Dgkh,160851,35,6.769825918762089
ucec_tcga_pan_can_atlas_2018,"Uterine Corpus Endometrial Carcinoma (TCGA, PanCancer Atlas)",Endometrial Carcinoma,517,DGKI,Dgki,9162,40,7.7369439071566735
ucec_tcga_pan_can_atlas_2018,"Uterine Corpus Endometrial Carcinoma (TCGA, PanCancer Atlas)",Endometrial Carcinoma,517,DIP2A,Dip2a,23181,46,8.897485493230175
ucec_tcga_pan_can_atlas_2018,"Uterine Corpus Endometrial Carcinoma (TCGA, PanCancer Atlas)",Endometrial Carcinoma,517,DLC1,Dlc1,10395,48,9.284332688588007
ucec_tcga_pan_can_atlas_2018,"Uterine Corpus Endometrial Carcinoma (TCGA, PanCancer Atlas)",Endometrial Carcinoma,517,DLG2,Dlg2,1740,51,9.864603481624759
ucec_tcga_pan_can_atlas_2018,"Uterine Corpus Endometrial Carcinoma (TCGA, PanCancer Atlas)",Endometrial Carcinoma,517,DLGAP1,Dlgap1,9229,31,5.996131528046422
ucec_tcga_pan_can_atlas_2018,"Uterine Corpus Endometrial Carcinoma (TCGA, PanCancer Atlas)",Endometrial Carcinoma,517,DLGAP2,Dlgap2,9228,38,7.350096711798839
ucec_tcga_pan_can_atlas_2018,"Uterine Corpus Endometrial Carcinoma (TCGA, PanCancer Atlas)",Endometrial Carcinoma,517,DMD,Dmd,1756,103,19.922630560928432
ucec_tcga_pan_can_atlas_2018,"Uterine Corpus Endometrial Carcinoma (TCGA, PanCancer Atlas)",Endometrial Carcinoma,517,DNER,Dner,92737,46,8.897485493230175
ucec_tcga_pan_can_atlas_2018,"Uterine Corpus Endometrial Carcinoma (TCGA, PanCancer Atlas)",Endometrial Carcinoma,517,DOCK10,Dock10,55619,68,13.152804642166345
ucec_tcga_pan_can_atlas_2018,"Uterine Corpus Endometrial Carcinoma (TCGA, PanCancer Atlas)",Endometrial Carcinoma,517,DOCK3,Dock3,1795,83,16.054158607350097
ucec_tcga_pan_can_atlas_2018,"Uterine Corpus Endometrial Carcinoma (TCGA, PanCancer Atlas)",Endometrial Carcinoma,517,DOCK4,Dock4,9732,59,11.411992263056092
ucec_tcga_pan_can_atlas_2018,"Uterine Corpus Endometrial Carcinoma (TCGA, PanCancer Atlas)",Endometrial Carcinoma,517,DOCK9,Dock9,23348,55,10.638297872340425
ucec_tcga_pan_can_atlas_2018,"Uterine Corpus Endometrial Carcinoma (TCGA, PanCancer Atlas)",Endometrial Carcinoma,517,DOK5,Dok5,55816,25,4.835589941972921
ucec_tcga_pan_can_atlas_2018,"Uterine Corpus Endometrial Carcinoma (TCGA, PanCancer Atlas)",Endometrial Carcinoma,517,DPP6,Dpp6,1804,42,8.123791102514506
ucec_tcga_pan_can_atlas_2018,"Uterine Corpus Endometrial Carcinoma (TCGA, PanCancer Atlas)",Endometrial Carcinoma,517,DSCAM,Dscam,1826,71,13.733075435203094
ucec_tcga_pan_can_atlas_2018,"Uterine Corpus Endometrial Carcinoma (TCGA, PanCancer Atlas)",Endometrial Carcinoma,517,DSCAML1,Dscaml1,57453,62,11.992263056092844
ucec_tcga_pan_can_atlas_2018,"Uterine Corpus Endometrial Carcinoma (TCGA, PanCancer Atlas)",Endometrial Carcinoma,517,DYNC1H1,Dync1h1,1778,84,16.247582205029012
ucec_tcga_pan_can_atlas_2018,"Uterine Corpus Endometrial Carcinoma (TCGA, PanCancer Atlas)",Endometrial Carcinoma,517,DYNC1I1,Dync1i1,1780,30,5.802707930367505
ucec_tcga_pan_can_atlas_2018,"Uterine Corpus Endometrial Carcinoma (TCGA, PanCancer Atlas)",Endometrial Carcinoma,517,DYNC2H1,Dync2h1,79659,86,16.634429400386846
ucec_tcga_pan_can_atlas_2018,"Uterine Corpus Endometrial Carcinoma (TCGA, PanCancer Atlas)",Endometrial Carcinoma,517,EEPD1,Eepd1,80820,19,3.6750483558994196
ucec_tcga_pan_can_atlas_2018,"Uterine Corpus Endometrial Carcinoma (TCGA, PanCancer Atlas)",Endometrial Carcinoma,517,EFR3A,Efr3a,23167,44,8.51063829787234
ucec_tcga_pan_can_atlas_2018,"Uterine Corpus Endometrial Carcinoma (TCGA, PanCancer Atlas)",Endometrial Carcinoma,517,EGFR,Egfr,1956,36,6.963249516441006
ucec_tcga_pan_can_atlas_2018,"Uterine Corpus Endometrial Carcinoma (TCGA, PanCancer Atlas)",Endometrial Carcinoma,517,ELAVL2,Elavl2,1993,16,3.094777562862669
ucec_tcga_pan_can_atlas_2018,"Uterine Corpus Endometrial Carcinoma (TCGA, PanCancer Atlas)",Endometrial Carcinoma,517,ENOX1,Enox1,55068,29,5.609284332688588
ucec_tcga_pan_can_atlas_2018,"Uterine Corpus Endometrial Carcinoma (TCGA, PanCancer Atlas)",Endometrial Carcinoma,517,EPHA3,Epha3,2042,50,9.671179883945841
ucec_tcga_pan_can_atlas_2018,"Uterine Corpus Endometrial Carcinoma (TCGA, PanCancer Atlas)",Endometrial Carcinoma,517,EPHA4,Epha4,2043,42,8.123791102514506
ucec_tcga_pan_can_atlas_2018,"Uterine Corpus Endometrial Carcinoma (TCGA, PanCancer Atlas)",Endometrial Carcinoma,517,EPHA6,Epha6,285220,40,7.7369439071566735
ucec_tcga_pan_can_atlas_2018,"Uterine Corpus Endometrial Carcinoma (TCGA, PanCancer Atlas)",Endometrial Carcinoma,517,EPHB6,Ephb6,2051,36,6.963249516441006
ucec_tcga_pan_can_atlas_2018,"Uterine Corpus Endometrial Carcinoma (TCGA, PanCancer Atlas)",Endometrial Carcinoma,517,ERBB4,Erbb4,2066,53,10.251450676982591
ucec_tcga_pan_can_atlas_2018,"Uterine Corpus Endometrial Carcinoma (TCGA, PanCancer Atlas)",Endometrial Carcinoma,517,ERC2,Erc2,26059,38,7.350096711798839
ucec_tcga_pan_can_atlas_2018,"Uterine Corpus Endometrial Carcinoma (TCGA, PanCancer Atlas)",Endometrial Carcinoma,517,ESRRG,Esrrg,2104,27,5.222437137330754
ucec_tcga_pan_can_atlas_2018,"Uterine Corpus Endometrial Carcinoma (TCGA, PanCancer Atlas)",Endometrial Carcinoma,517,ETV6,Etv6,2120,24,4.6421663442940035
ucec_tcga_pan_can_atlas_2018,"Uterine Corpus Endometrial Carcinoma (TCGA, PanCancer Atlas)",Endometrial Carcinoma,517,EXOC4,Exoc4,60412,36,6.963249516441006
ucec_tcga_pan_can_atlas_2018,"Uterine Corpus Endometrial Carcinoma (TCGA, PanCancer Atlas)",Endometrial Carcinoma,517,EYA4,Eya4,2070,39,7.543520309477756
ucec_tcga_pan_can_atlas_2018,"Uterine Corpus Endometrial Carcinoma (TCGA, PanCancer Atlas)",Endometrial Carcinoma,517,FAM135B,Fam135b,51059,72,13.926499032882012
ucec_tcga_pan_can_atlas_2018,"Uterine Corpus Endometrial Carcinoma (TCGA, PanCancer Atlas)",Endometrial Carcinoma,517,FAT1,Fat1,2195,103,19.922630560928432
ucec_tcga_pan_can_atlas_2018,"Uterine Corpus Endometrial Carcinoma (TCGA, PanCancer Atlas)",Endometrial Carcinoma,517,FAT3,Fat3,120114,99,19.148936170212767
ucec_tcga_pan_can_atlas_2018,"Uterine Corpus Endometrial Carcinoma (TCGA, PanCancer Atlas)",Endometrial Carcinoma,517,FGF13,Fgf13,2258,27,5.222437137330754
ucec_tcga_pan_can_atlas_2018,"Uterine Corpus Endometrial Carcinoma (TCGA, PanCancer Atlas)",Endometrial Carcinoma,517,FHOD3,Fhod3,80206,50,9.671179883945841
ucec_tcga_pan_can_atlas_2018,"Uterine Corpus Endometrial Carcinoma (TCGA, PanCancer Atlas)",Endometrial Carcinoma,517,FMN1,Fmn1,342184,44,8.51063829787234
ucec_tcga_pan_can_atlas_2018,"Uterine Corpus Endometrial Carcinoma (TCGA, PanCancer Atlas)",Endometrial Carcinoma,517,FMN2,Fmn2,56776,58,11.218568665377177
ucec_tcga_pan_can_atlas_2018,"Uterine Corpus Endometrial Carcinoma (TCGA, PanCancer Atlas)",Endometrial Carcinoma,517,FOCAD,Focad,54914,43,8.317214700193423
ucec_tcga_pan_can_atlas_2018,"Uterine Corpus Endometrial Carcinoma (TCGA, PanCancer Atlas)",Endometrial Carcinoma,517,FRAS1,Fras1,80144,75,14.506769825918763
ucec_tcga_pan_can_atlas_2018,"Uterine Corpus Endometrial Carcinoma (TCGA, PanCancer Atlas)",Endometrial Carcinoma,517,FREM1,Frem1,158326,68,13.152804642166345
ucec_tcga_pan_can_atlas_2018,"Uterine Corpus Endometrial Carcinoma (TCGA, PanCancer Atlas)",Endometrial Carcinoma,517,FRMPD4,Frmpd4,9758,50,9.671179883945841
ucec_tcga_pan_can_atlas_2018,"Uterine Corpus Endometrial Carcinoma (TCGA, PanCancer Atlas)",Endometrial Carcinoma,517,FRY,Fry,10129,65,12.572533849129593
ucec_tcga_pan_can_atlas_2018,"Uterine Corpus Endometrial Carcinoma (TCGA, PanCancer Atlas)",Endometrial Carcinoma,517,FSTL4,Fstl4,23105,27,5.222437137330754
ucec_tcga_pan_can_atlas_2018,"Uterine Corpus Endometrial Carcinoma (TCGA, PanCancer Atlas)",Endometrial Carcinoma,517,FSTL5,Fstl5,56884,50,9.671179883945841
ucec_tcga_pan_can_atlas_2018,"Uterine Corpus Endometrial Carcinoma (TCGA, PanCancer Atlas)",Endometrial Carcinoma,517,FUT9,Fut9,10690,22,4.25531914893617
ucec_tcga_pan_can_atlas_2018,"Uterine Corpus Endometrial Carcinoma (TCGA, PanCancer Atlas)",Endometrial Carcinoma,517,GABBR1,Gabbr1,2550,45,8.704061895551257
ucec_tcga_pan_can_atlas_2018,"Uterine Corpus Endometrial Carcinoma (TCGA, PanCancer Atlas)",Endometrial Carcinoma,517,GABBR2,Gabbr2,9568,30,5.802707930367505
ucec_tcga_pan_can_atlas_2018,"Uterine Corpus Endometrial Carcinoma (TCGA, PanCancer Atlas)",Endometrial Carcinoma,517,GABRA1,Gabra1,2554,31,5.996131528046422
ucec_tcga_pan_can_atlas_2018,"Uterine Corpus Endometrial Carcinoma (TCGA, PanCancer Atlas)",Endometrial Carcinoma,517,GABRA2,Gabra2,2555,31,5.996131528046422
ucec_tcga_pan_can_atlas_2018,"Uterine Corpus Endometrial Carcinoma (TCGA, PanCancer Atlas)",Endometrial Carcinoma,517,GABRB1,Gabrb1,2560,29,5.609284332688588
ucec_tcga_pan_can_atlas_2018,"Uterine Corpus Endometrial Carcinoma (TCGA, PanCancer Atlas)",Endometrial Carcinoma,517,GABRB2,Gabrb2,2561,38,7.350096711798839
ucec_tcga_pan_can_atlas_2018,"Uterine Corpus Endometrial Carcinoma (TCGA, PanCancer Atlas)",Endometrial Carcinoma,517,GABRD,Gabrd,2563,19,3.6750483558994196
ucec_tcga_pan_can_atlas_2018,"Uterine Corpus Endometrial Carcinoma (TCGA, PanCancer Atlas)",Endometrial Carcinoma,517,GABRG2,Gabrg2,2566,38,7.350096711798839
ucec_tcga_pan_can_atlas_2018,"Uterine Corpus Endometrial Carcinoma (TCGA, PanCancer Atlas)",Endometrial Carcinoma,517,GABRG3,Gabrg3,2567,37,7.156673114119923
ucec_tcga_pan_can_atlas_2018,"Uterine Corpus Endometrial Carcinoma (TCGA, PanCancer Atlas)",Endometrial Carcinoma,517,GAD1,Gad1,2571,21,4.061895551257253
ucec_tcga_pan_can_atlas_2018,"Uterine Corpus Endometrial Carcinoma (TCGA, PanCancer Atlas)",Endometrial Carcinoma,517,GALNT13,Galnt13,114805,40,7.7369439071566735
ucec_tcga_pan_can_atlas_2018,"Uterine Corpus Endometrial Carcinoma (TCGA, PanCancer Atlas)",Endometrial Carcinoma,517,GALNT14,Galnt14,79623,25,4.835589941972921
ucec_tcga_pan_can_atlas_2018,"Uterine Corpus Endometrial Carcinoma (TCGA, PanCancer Atlas)",Endometrial Carcinoma,517,GALNT18,Galnt18,374378,25,4.835589941972921
ucec_tcga_pan_can_atlas_2018,"Uterine Corpus Endometrial Carcinoma (TCGA, PanCancer Atlas)",Endometrial Carcinoma,517,GALNTL6,Galntl6,442117,32,6.189555125725338
ucec_tcga_pan_can_atlas_2018,"Uterine Corpus Endometrial Carcinoma (TCGA, PanCancer Atlas)",Endometrial Carcinoma,517,GAP43,Gap43,2596,17,3.288201160541586
ucec_tcga_pan_can_atlas_2018,"Uterine Corpus Endometrial Carcinoma (TCGA, PanCancer Atlas)",Endometrial Carcinoma,517,GARNL3,Garnl3,84253,34,6.576402321083172
ucec_tcga_pan_can_atlas_2018,"Uterine Corpus Endometrial Carcinoma (TCGA, PanCancer Atlas)",Endometrial Carcinoma,517,GAS7,Gas7,8522,22,4.25531914893617
ucec_tcga_pan_can_atlas_2018,"Uterine Corpus Endometrial Carcinoma (TCGA, PanCancer Atlas)",Endometrial Carcinoma,517,GCC2,Gcc2,9648,48,9.284332688588007
ucec_tcga_pan_can_atlas_2018,"Uterine Corpus Endometrial Carcinoma (TCGA, PanCancer Atlas)",Endometrial Carcinoma,517,GDA,Gda,9615,21,4.061895551257253
ucec_tcga_pan_can_atlas_2018,"Uterine Corpus Endometrial Carcinoma (TCGA, PanCancer Atlas)",Endometrial Carcinoma,517,GHR,Ghr,2690,22,4.25531914893617
ucec_tcga_pan_can_atlas_2018,"Uterine Corpus Endometrial Carcinoma (TCGA, PanCancer Atlas)",Endometrial Carcinoma,517,GNPTAB,Gnptab,79158,52,10.058027079303676
ucec_tcga_pan_can_atlas_2018,"Uterine Corpus Endometrial Carcinoma (TCGA, PanCancer Atlas)",Endometrial Carcinoma,517,GOLIM4,Golim4,27333,29,5.609284332688588
ucec_tcga_pan_can_atlas_2018,"Uterine Corpus Endometrial Carcinoma (TCGA, PanCancer Atlas)",Endometrial Carcinoma,517,GOT1,Got1,2805,25,4.835589941972921
ucec_tcga_pan_can_atlas_2018,"Uterine Corpus Endometrial Carcinoma (TCGA, PanCancer Atlas)",Endometrial Carcinoma,517,GPR158,Gpr158,57512,64,12.379110251450676
ucec_tcga_pan_can_atlas_2018,"Uterine Corpus Endometrial Carcinoma (TCGA, PanCancer Atlas)",Endometrial Carcinoma,517,GRIA1,Gria1,2890,37,7.156673114119923
ucec_tcga_pan_can_atlas_2018,"Uterine Corpus Endometrial Carcinoma (TCGA, PanCancer Atlas)",Endometrial Carcinoma,517,GRIA3,Gria3,2892,45,8.704061895551257
ucec_tcga_pan_can_atlas_2018,"Uterine Corpus Endometrial Carcinoma (TCGA, PanCancer Atlas)",Endometrial Carcinoma,517,GRIA4,Gria4,2893,42,8.123791102514506
ucec_tcga_pan_can_atlas_2018,"Uterine Corpus Endometrial Carcinoma (TCGA, PanCancer Atlas)",Endometrial Carcinoma,517,GRID1,Grid1,2894,47,9.090909090909092
ucec_tcga_pan_can_atlas_2018,"Uterine Corpus Endometrial Carcinoma (TCGA, PanCancer Atlas)",Endometrial Carcinoma,517,GRID2,Grid2,2895,48,9.284332688588007
ucec_tcga_pan_can_atlas_2018,"Uterine Corpus Endometrial Carcinoma (TCGA, PanCancer Atlas)",Endometrial Carcinoma,517,GRIK1,Grik1,2897,48,9.284332688588007
ucec_tcga_pan_can_atlas_2018,"Uterine Corpus Endometrial Carcinoma (TCGA, PanCancer Atlas)",Endometrial Carcinoma,517,GRIK3,Grik3,2899,43,8.317214700193423
ucec_tcga_pan_can_atlas_2018,"Uterine Corpus Endometrial Carcinoma (TCGA, PanCancer Atlas)",Endometrial Carcinoma,517,GRIN2A,Grin2a,2903,58,11.218568665377177
ucec_tcga_pan_can_atlas_2018,"Uterine Corpus Endometrial Carcinoma (TCGA, PanCancer Atlas)",Endometrial Carcinoma,517,GRIN3A,Grin3a,116443,43,8.317214700193423
ucec_tcga_pan_can_atlas_2018,"Uterine Corpus Endometrial Carcinoma (TCGA, PanCancer Atlas)",Endometrial Carcinoma,517,GRM3,Grm3,2913,44,8.51063829787234
ucec_tcga_pan_can_atlas_2018,"Uterine Corpus Endometrial Carcinoma (TCGA, PanCancer Atlas)",Endometrial Carcinoma,517,GRM5,Grm5,2915,48,9.284332688588007
ucec_tcga_pan_can_atlas_2018,"Uterine Corpus Endometrial Carcinoma (TCGA, PanCancer Atlas)",Endometrial Carcinoma,517,GRM7,Grm7,2917,56,10.831721470019342
ucec_tcga_pan_can_atlas_2018,"Uterine Corpus Endometrial Carcinoma (TCGA, PanCancer Atlas)",Endometrial Carcinoma,517,GRM8,Grm8,2918,51,9.864603481624759
ucec_tcga_pan_can_atlas_2018,"Uterine Corpus Endometrial Carcinoma (TCGA, PanCancer Atlas)",Endometrial Carcinoma,517,HCN1,Hcn1,348980,56,10.831721470019342
ucec_tcga_pan_can_atlas_2018,"Uterine Corpus Endometrial Carcinoma (TCGA, PanCancer Atlas)",Endometrial Carcinoma,517,HDAC9,Hdac9,9734,32,6.189555125725338
ucec_tcga_pan_can_atlas_2018,"Uterine Corpus Endometrial Carcinoma (TCGA, PanCancer Atlas)",Endometrial Carcinoma,517,HECW1,Hecw1,23072,64,12.379110251450676
ucec_tcga_pan_can_atlas_2018,"Uterine Corpus Endometrial Carcinoma (TCGA, PanCancer Atlas)",Endometrial Carcinoma,517,HECW2,Hecw2,57520,67,12.959381044487428
ucec_tcga_pan_can_atlas_2018,"Uterine Corpus Endometrial Carcinoma (TCGA, PanCancer Atlas)",Endometrial Carcinoma,517,HERC1,Herc1,8925,81,15.667311411992262
ucec_tcga_pan_can_atlas_2018,"Uterine Corpus Endometrial Carcinoma (TCGA, PanCancer Atlas)",Endometrial Carcinoma,517,HIVEP2,Hivep2,3097,69,13.346228239845262
ucec_tcga_pan_can_atlas_2018,"Uterine Corpus Endometrial Carcinoma (TCGA, PanCancer Atlas)",Endometrial Carcinoma,517,HIVEP3,Hivep3,59269,60,11.60541586073501
ucec_tcga_pan_can_atlas_2018,"Uterine Corpus Endometrial Carcinoma (TCGA, PanCancer Atlas)",Endometrial Carcinoma,517,HS3ST4,Hs3st4,9951,14,2.7079303675048356
ucec_tcga_pan_can_atlas_2018,"Uterine Corpus Endometrial Carcinoma (TCGA, PanCancer Atlas)",Endometrial Carcinoma,517,HSPA12A,Hspa12a,259217,31,5.996131528046422
ucec_tcga_pan_can_atlas_2018,"Uterine Corpus Endometrial Carcinoma (TCGA, PanCancer Atlas)",Endometrial Carcinoma,517,HTR2C,Htr2c,3358,34,6.576402321083172
ucec_tcga_pan_can_atlas_2018,"Uterine Corpus Endometrial Carcinoma (TCGA, PanCancer Atlas)",Endometrial Carcinoma,517,IGF1,Igf1,3479,14,2.7079303675048356
ucec_tcga_pan_can_atlas_2018,"Uterine Corpus Endometrial Carcinoma (TCGA, PanCancer Atlas)",Endometrial Carcinoma,517,IL1RAPL1,Il1rapl1,11141,44,8.51063829787234
ucec_tcga_pan_can_atlas_2018,"Uterine Corpus Endometrial Carcinoma (TCGA, PanCancer Atlas)",Endometrial Carcinoma,517,IL1RAPL2,Il1rapl2,26280,44,8.51063829787234
ucec_tcga_pan_can_atlas_2018,"Uterine Corpus Endometrial Carcinoma (TCGA, PanCancer Atlas)",Endometrial Carcinoma,517,INPP4B,Inpp4b,8821,47,9.090909090909092
ucec_tcga_pan_can_atlas_2018,"Uterine Corpus Endometrial Carcinoma (TCGA, PanCancer Atlas)",Endometrial Carcinoma,517,IQSEC1,Iqsec1,9922,32,6.189555125725338
ucec_tcga_pan_can_atlas_2018,"Uterine Corpus Endometrial Carcinoma (TCGA, PanCancer Atlas)",Endometrial Carcinoma,517,ITGA8,Itga8,8516,41,7.93036750483559
ucec_tcga_pan_can_atlas_2018,"Uterine Corpus Endometrial Carcinoma (TCGA, PanCancer Atlas)",Endometrial Carcinoma,517,ITPK1,Itpk1,3705,16,3.094777562862669
ucec_tcga_pan_can_atlas_2018,"Uterine Corpus Endometrial Carcinoma (TCGA, PanCancer Atlas)",Endometrial Carcinoma,517,ITPR1,Itpr1,3708,72,13.926499032882012
ucec_tcga_pan_can_atlas_2018,"Uterine Corpus Endometrial Carcinoma (TCGA, PanCancer Atlas)",Endometrial Carcinoma,517,ITSN1,Itsn1,6453,59,11.411992263056092
ucec_tcga_pan_can_atlas_2018,"Uterine Corpus Endometrial Carcinoma (TCGA, PanCancer Atlas)",Endometrial Carcinoma,517,KALRN,Kalrn,8997,74,14.313346228239846
ucec_tcga_pan_can_atlas_2018,"Uterine Corpus Endometrial Carcinoma (TCGA, PanCancer Atlas)",Endometrial Carcinoma,517,KCNAB1,Kcnab1,7881,24,4.6421663442940035
ucec_tcga_pan_can_atlas_2018,"Uterine Corpus Endometrial Carcinoma (TCGA, PanCancer Atlas)",Endometrial Carcinoma,517,KCNB1,Kcnb1,3745,40,7.7369439071566735
ucec_tcga_pan_can_atlas_2018,"Uterine Corpus Endometrial Carcinoma (TCGA, PanCancer Atlas)",Endometrial Carcinoma,517,KCNB2,Kcnb2,9312,40,7.7369439071566735
ucec_tcga_pan_can_atlas_2018,"Uterine Corpus Endometrial Carcinoma (TCGA, PanCancer Atlas)",Endometrial Carcinoma,517,KCNC1,Kcnc1,3746,28,5.415860735009671
ucec_tcga_pan_can_atlas_2018,"Uterine Corpus Endometrial Carcinoma (TCGA, PanCancer Atlas)",Endometrial Carcinoma,517,KCNC2,Kcnc2,3747,34,6.576402321083172
ucec_tcga_pan_can_atlas_2018,"Uterine Corpus Endometrial Carcinoma (TCGA, PanCancer Atlas)",Endometrial Carcinoma,517,KCND3,Kcnd3,3752,29,5.609284332688588
ucec_tcga_pan_can_atlas_2018,"Uterine Corpus Endometrial Carcinoma (TCGA, PanCancer Atlas)",Endometrial Carcinoma,517,KCNH1,Kcnh1,3756,45,8.704061895551257
ucec_tcga_pan_can_atlas_2018,"Uterine Corpus Endometrial Carcinoma (TCGA, PanCancer Atlas)",Endometrial Carcinoma,517,KCNH5,Kcnh5,27133,42,8.123791102514506
ucec_tcga_pan_can_atlas_2018,"Uterine Corpus Endometrial Carcinoma (TCGA, PanCancer Atlas)",Endometrial Carcinoma,517,KCNH7,Kcnh7,90134,46,8.897485493230175
ucec_tcga_pan_can_atlas_2018,"Uterine Corpus Endometrial Carcinoma (TCGA, PanCancer Atlas)",Endometrial Carcinoma,517,KCNJ3,Kcnj3,3760,40,7.7369439071566735
ucec_tcga_pan_can_atlas_2018,"Uterine Corpus Endometrial Carcinoma (TCGA, PanCancer Atlas)",Endometrial Carcinoma,517,KCNMA1,Kcnma1,3778,49,9.477756286266924
ucec_tcga_pan_can_atlas_2018,"Uterine Corpus Endometrial Carcinoma (TCGA, PanCancer Atlas)",Endometrial Carcinoma,517,KCNQ3,Kcnq3,3786,46,8.897485493230175
ucec_tcga_pan_can_atlas_2018,"Uterine Corpus Endometrial Carcinoma (TCGA, PanCancer Atlas)",Endometrial Carcinoma,517,KCNQ5,Kcnq5,56479,43,8.317214700193423
ucec_tcga_pan_can_atlas_2018,"Uterine Corpus Endometrial Carcinoma (TCGA, PanCancer Atlas)",Endometrial Carcinoma,517,KCNT1,Kcnt1,57582,37,7.156673114119923
ucec_tcga_pan_can_atlas_2018,"Uterine Corpus Endometrial Carcinoma (TCGA, PanCancer Atlas)",Endometrial Carcinoma,517,KCNT2,Kcnt2,343450,52,10.058027079303676
ucec_tcga_pan_can_atlas_2018,"Uterine Corpus Endometrial Carcinoma (TCGA, PanCancer Atlas)",Endometrial Carcinoma,517,KCTD8,Kctd8,386617,35,6.769825918762089
ucec_tcga_pan_can_atlas_2018,"Uterine Corpus Endometrial Carcinoma (TCGA, PanCancer Atlas)",Endometrial Carcinoma,517,KHDRBS2,Khdrbs2,202559,28,5.415860735009671
ucec_tcga_pan_can_atlas_2018,"Uterine Corpus Endometrial Carcinoma (TCGA, PanCancer Atlas)",Endometrial Carcinoma,517,KIDINS220,Kidins220,57498,58,11.218568665377177
ucec_tcga_pan_can_atlas_2018,"Uterine Corpus Endometrial Carcinoma (TCGA, PanCancer Atlas)",Endometrial Carcinoma,517,KIF1A,Kif1a,547,53,10.251450676982591
ucec_tcga_pan_can_atlas_2018,"Uterine Corpus Endometrial Carcinoma (TCGA, PanCancer Atlas)",Endometrial Carcinoma,517,KIF21A,Kif21a,55605,59,11.411992263056092
ucec_tcga_pan_can_atlas_2018,"Uterine Corpus Endometrial Carcinoma (TCGA, PanCancer Atlas)",Endometrial Carcinoma,517,KIF26B,Kif26b,55083,67,12.959381044487428
ucec_tcga_pan_can_atlas_2018,"Uterine Corpus Endometrial Carcinoma (TCGA, PanCancer Atlas)",Endometrial Carcinoma,517,KIF5C,Kif5c,3800,45,8.704061895551257
ucec_tcga_pan_can_atlas_2018,"Uterine Corpus Endometrial Carcinoma (TCGA, PanCancer Atlas)",Endometrial Carcinoma,517,KIT,Kit,3815,48,9.284332688588007
ucec_tcga_pan_can_atlas_2018,"Uterine Corpus Endometrial Carcinoma (TCGA, PanCancer Atlas)",Endometrial Carcinoma,517,KLF12,Klf12,11278,21,4.061895551257253
ucec_tcga_pan_can_atlas_2018,"Uterine Corpus Endometrial Carcinoma (TCGA, PanCancer Atlas)",Endometrial Carcinoma,517,L3MBTL4,L3mbtl4,91133,25,4.835589941972921
ucec_tcga_pan_can_atlas_2018,"Uterine Corpus Endometrial Carcinoma (TCGA, PanCancer Atlas)",Endometrial Carcinoma,517,LAMA4,Lama4,3910,51,9.864603481624759
ucec_tcga_pan_can_atlas_2018,"Uterine Corpus Endometrial Carcinoma (TCGA, PanCancer Atlas)",Endometrial Carcinoma,517,LAMP5,Lamp5,24141,15,2.9013539651837523
ucec_tcga_pan_can_atlas_2018,"Uterine Corpus Endometrial Carcinoma (TCGA, PanCancer Atlas)",Endometrial Carcinoma,517,LIMCH1,Limch1,22998,41,7.93036750483559
ucec_tcga_pan_can_atlas_2018,"Uterine Corpus Endometrial Carcinoma (TCGA, PanCancer Atlas)",Endometrial Carcinoma,517,LINGO2,Lingo2,158038,37,7.156673114119923
ucec_tcga_pan_can_atlas_2018,"Uterine Corpus Endometrial Carcinoma (TCGA, PanCancer Atlas)",Endometrial Carcinoma,517,LMO7,Lmo7,4008,39,7.543520309477756
ucec_tcga_pan_can_atlas_2018,"Uterine Corpus Endometrial Carcinoma (TCGA, PanCancer Atlas)",Endometrial Carcinoma,517,LRFN2,Lrfn2,57497,35,6.769825918762089
ucec_tcga_pan_can_atlas_2018,"Uterine Corpus Endometrial Carcinoma (TCGA, PanCancer Atlas)",Endometrial Carcinoma,517,LRFN5,Lrfn5,145581,42,8.123791102514506
ucec_tcga_pan_can_atlas_2018,"Uterine Corpus Endometrial Carcinoma (TCGA, PanCancer Atlas)",Endometrial Carcinoma,517,LRP1B,Lrp1b,53353,99,19.148936170212767
ucec_tcga_pan_can_atlas_2018,"Uterine Corpus Endometrial Carcinoma (TCGA, PanCancer Atlas)",Endometrial Carcinoma,517,LRRC4C,Lrrc4c,57689,32,6.189555125725338
ucec_tcga_pan_can_atlas_2018,"Uterine Corpus Endometrial Carcinoma (TCGA, PanCancer Atlas)",Endometrial Carcinoma,517,LRRC7,Lrrc7,57554,59,11.411992263056092
ucec_tcga_pan_can_atlas_2018,"Uterine Corpus Endometrial Carcinoma (TCGA, PanCancer Atlas)",Endometrial Carcinoma,517,LRRTM3,Lrrtm3,347731,33,6.382978723404255
ucec_tcga_pan_can_atlas_2018,"Uterine Corpus Endometrial Carcinoma (TCGA, PanCancer Atlas)",Endometrial Carcinoma,517,LUZP1,Luzp1,7798,42,8.123791102514506
ucec_tcga_pan_can_atlas_2018,"Uterine Corpus Endometrial Carcinoma (TCGA, PanCancer Atlas)",Endometrial Carcinoma,517,LUZP2,Luzp2,338645,29,5.609284332688588
ucec_tcga_pan_can_atlas_2018,"Uterine Corpus Endometrial Carcinoma (TCGA, PanCancer Atlas)",Endometrial Carcinoma,517,MACROD2,Macrod2,140733,22,4.25531914893617
ucec_tcga_pan_can_atlas_2018,"Uterine Corpus Endometrial Carcinoma (TCGA, PanCancer Atlas)",Endometrial Carcinoma,517,MAGI1,Magi1,9223,45,8.704061895551257
ucec_tcga_pan_can_atlas_2018,"Uterine Corpus Endometrial Carcinoma (TCGA, PanCancer Atlas)",Endometrial Carcinoma,517,MAGI2,Magi2,9863,41,7.93036750483559
ucec_tcga_pan_can_atlas_2018,"Uterine Corpus Endometrial Carcinoma (TCGA, PanCancer Atlas)",Endometrial Carcinoma,517,MAGI3,Magi3,260425,35,6.769825918762089
ucec_tcga_pan_can_atlas_2018,"Uterine Corpus Endometrial Carcinoma (TCGA, PanCancer Atlas)",Endometrial Carcinoma,517,MAP1A,Map1a,4130,59,11.411992263056092
ucec_tcga_pan_can_atlas_2018,"Uterine Corpus Endometrial Carcinoma (TCGA, PanCancer Atlas)",Endometrial Carcinoma,517,MAP1B,Map1b,4131,66,12.76595744680851
ucec_tcga_pan_can_atlas_2018,"Uterine Corpus Endometrial Carcinoma (TCGA, PanCancer Atlas)",Endometrial Carcinoma,517,MAP2,Map2,4133,53,10.251450676982591
ucec_tcga_pan_can_atlas_2018,"Uterine Corpus Endometrial Carcinoma (TCGA, PanCancer Atlas)",Endometrial Carcinoma,517,MAP3K5,Map3k5,4217,45,8.704061895551257
ucec_tcga_pan_can_atlas_2018,"Uterine Corpus Endometrial Carcinoma (TCGA, PanCancer Atlas)",Endometrial Carcinoma,517,MAP7D2,Map7d2,256714,47,9.090909090909092
ucec_tcga_pan_can_atlas_2018,"Uterine Corpus Endometrial Carcinoma (TCGA, PanCancer Atlas)",Endometrial Carcinoma,517,MARK1,Mark1,4139,31,5.996131528046422
ucec_tcga_pan_can_atlas_2018,"Uterine Corpus Endometrial Carcinoma (TCGA, PanCancer Atlas)",Endometrial Carcinoma,517,MAST3,Mast3,23031,38,7.350096711798839
ucec_tcga_pan_can_atlas_2018,"Uterine Corpus Endometrial Carcinoma (TCGA, PanCancer Atlas)",Endometrial Carcinoma,517,MCC,Mcc,4163,45,8.704061895551257
ucec_tcga_pan_can_atlas_2018,"Uterine Corpus Endometrial Carcinoma (TCGA, PanCancer Atlas)",Endometrial Carcinoma,517,MCTP1,Mctp1,79772,40,7.7369439071566735
ucec_tcga_pan_can_atlas_2018,"Uterine Corpus Endometrial Carcinoma (TCGA, PanCancer Atlas)",Endometrial Carcinoma,517,MDGA2,Mdga2,161357,51,9.864603481624759
ucec_tcga_pan_can_atlas_2018,"Uterine Corpus Endometrial Carcinoma (TCGA, PanCancer Atlas)",Endometrial Carcinoma,517,MEF2C,Mef2c,4208,23,4.448742746615087
ucec_tcga_pan_can_atlas_2018,"Uterine Corpus Endometrial Carcinoma (TCGA, PanCancer Atlas)",Endometrial Carcinoma,517,MGAT4C,Mgat4c,25834,30,5.802707930367505
ucec_tcga_pan_can_atlas_2018,"Uterine Corpus Endometrial Carcinoma (TCGA, PanCancer Atlas)",Endometrial Carcinoma,517,MGAT5,Mgat5,4249,27,5.222437137330754
ucec_tcga_pan_can_atlas_2018,"Uterine Corpus Endometrial Carcinoma (TCGA, PanCancer Atlas)",Endometrial Carcinoma,517,MICAL2,Mical2,9645,38,7.350096711798839
ucec_tcga_pan_can_atlas_2018,"Uterine Corpus Endometrial Carcinoma (TCGA, PanCancer Atlas)",Endometrial Carcinoma,517,MLIP,Mlip,90523,23,4.448742746615087
ucec_tcga_pan_can_atlas_2018,"Uterine Corpus Endometrial Carcinoma (TCGA, PanCancer Atlas)",Endometrial Carcinoma,517,MMP16,Mmp16,4325,35,6.769825918762089
ucec_tcga_pan_can_atlas_2018,"Uterine Corpus Endometrial Carcinoma (TCGA, PanCancer Atlas)",Endometrial Carcinoma,517,MPDZ,Mpdz,8777,51,9.864603481624759
ucec_tcga_pan_can_atlas_2018,"Uterine Corpus Endometrial Carcinoma (TCGA, PanCancer Atlas)",Endometrial Carcinoma,517,MTUS2,Mtus2,23281,59,11.411992263056092
ucec_tcga_pan_can_atlas_2018,"Uterine Corpus Endometrial Carcinoma (TCGA, PanCancer Atlas)",Endometrial Carcinoma,517,MYH10,Myh10,4628,61,11.798839458413926
ucec_tcga_pan_can_atlas_2018,"Uterine Corpus Endometrial Carcinoma (TCGA, PanCancer Atlas)",Endometrial Carcinoma,517,MYO16,Myo16,23026,67,12.959381044487428
ucec_tcga_pan_can_atlas_2018,"Uterine Corpus Endometrial Carcinoma (TCGA, PanCancer Atlas)",Endometrial Carcinoma,517,MYO5A,Myo5a,4644,55,10.638297872340425
ucec_tcga_pan_can_atlas_2018,"Uterine Corpus Endometrial Carcinoma (TCGA, PanCancer Atlas)",Endometrial Carcinoma,517,MYRIP,Myrip,25924,32,6.189555125725338
ucec_tcga_pan_can_atlas_2018,"Uterine Corpus Endometrial Carcinoma (TCGA, PanCancer Atlas)",Endometrial Carcinoma,517,MYT1L,Myt1l,23040,53,10.251450676982591
ucec_tcga_pan_can_atlas_2018,"Uterine Corpus Endometrial Carcinoma (TCGA, PanCancer Atlas)",Endometrial Carcinoma,517,NAV2,Nav2,89797,78,15.087040618955513
ucec_tcga_pan_can_atlas_2018,"Uterine Corpus Endometrial Carcinoma (TCGA, PanCancer Atlas)",Endometrial Carcinoma,517,NAV3,Nav3,89795,74,14.313346228239846
ucec_tcga_pan_can_atlas_2018,"Uterine Corpus Endometrial Carcinoma (TCGA, PanCancer Atlas)",Endometrial Carcinoma,517,NCAM1,Ncam1,4684,35,6.769825918762089
ucec_tcga_pan_can_atlas_2018,"Uterine Corpus Endometrial Carcinoma (TCGA, PanCancer Atlas)",Endometrial Carcinoma,517,NCAM2,Ncam2,4685,56,10.831721470019342
ucec_tcga_pan_can_atlas_2018,"Uterine Corpus Endometrial Carcinoma (TCGA, PanCancer Atlas)",Endometrial Carcinoma,517,NDST3,Ndst3,9348,40,7.7369439071566735
ucec_tcga_pan_can_atlas_2018,"Uterine Corpus Endometrial Carcinoma (TCGA, PanCancer Atlas)",Endometrial Carcinoma,517,NEBL,Nebl,10529,53,10.251450676982591
ucec_tcga_pan_can_atlas_2018,"Uterine Corpus Endometrial Carcinoma (TCGA, PanCancer Atlas)",Endometrial Carcinoma,517,NEFM,Nefm,4741,39,7.543520309477756
ucec_tcga_pan_can_atlas_2018,"Uterine Corpus Endometrial Carcinoma (TCGA, PanCancer Atlas)",Endometrial Carcinoma,517,NELL1,Nell1,4745,44,8.51063829787234
ucec_tcga_pan_can_atlas_2018,"Uterine Corpus Endometrial Carcinoma (TCGA, PanCancer Atlas)",Endometrial Carcinoma,517,NELL2,Nell2,4753,29,5.609284332688588
ucec_tcga_pan_can_atlas_2018,"Uterine Corpus Endometrial Carcinoma (TCGA, PanCancer Atlas)",Endometrial Carcinoma,517,NETO1,Neto1,81832,40,7.7369439071566735
ucec_tcga_pan_can_atlas_2018,"Uterine Corpus Endometrial Carcinoma (TCGA, PanCancer Atlas)",Endometrial Carcinoma,517,NF1,Nf1,4763,72,13.926499032882012
ucec_tcga_pan_can_atlas_2018,"Uterine Corpus Endometrial Carcinoma (TCGA, PanCancer Atlas)",Endometrial Carcinoma,517,NFIB,Nfib,4781,22,4.25531914893617
ucec_tcga_pan_can_atlas_2018,"Uterine Corpus Endometrial Carcinoma (TCGA, PanCancer Atlas)",Endometrial Carcinoma,517,NHS,Nhs,4810,59,11.411992263056092
ucec_tcga_pan_can_atlas_2018,"Uterine Corpus Endometrial Carcinoma (TCGA, PanCancer Atlas)",Endometrial Carcinoma,517,NIN,Nin,51199,53,10.251450676982591
ucec_tcga_pan_can_atlas_2018,"Uterine Corpus Endometrial Carcinoma (TCGA, PanCancer Atlas)",Endometrial Carcinoma,517,NLGN1,Nlgn1,22871,35,6.769825918762089
ucec_tcga_pan_can_atlas_2018,"Uterine Corpus Endometrial Carcinoma (TCGA, PanCancer Atlas)",Endometrial Carcinoma,517,NOL4,Nol4,8715,54,10.444874274661508
ucec_tcga_pan_can_atlas_2018,"Uterine Corpus Endometrial Carcinoma (TCGA, PanCancer Atlas)",Endometrial Carcinoma,517,NPAS2,Npas2,4862,29,5.609284332688588
ucec_tcga_pan_can_atlas_2018,"Uterine Corpus Endometrial Carcinoma (TCGA, PanCancer Atlas)",Endometrial Carcinoma,517,NPAS3,Npas3,64067,27,5.222437137330754
ucec_tcga_pan_can_atlas_2018,"Uterine Corpus Endometrial Carcinoma (TCGA, PanCancer Atlas)",Endometrial Carcinoma,517,NR2F2,Nr2f2,7026,14,2.7079303675048356
ucec_tcga_pan_can_atlas_2018,"Uterine Corpus Endometrial Carcinoma (TCGA, PanCancer Atlas)",Endometrial Carcinoma,517,NR3C2,Nr3c2,4306,39,7.543520309477756
ucec_tcga_pan_can_atlas_2018,"Uterine Corpus Endometrial Carcinoma (TCGA, PanCancer Atlas)",Endometrial Carcinoma,517,NRG3,Nrg3,10718,39,7.543520309477756
ucec_tcga_pan_can_atlas_2018,"Uterine Corpus Endometrial Carcinoma (TCGA, PanCancer Atlas)",Endometrial Carcinoma,517,NRXN1,Nrxn1,9378,56,10.831721470019342
ucec_tcga_pan_can_atlas_2018,"Uterine Corpus Endometrial Carcinoma (TCGA, PanCancer Atlas)",Endometrial Carcinoma,517,NRXN3,Nrxn3,9369,51,9.864603481624759
ucec_tcga_pan_can_atlas_2018,"Uterine Corpus Endometrial Carcinoma (TCGA, PanCancer Atlas)",Endometrial Carcinoma,517,NTN4,Ntn4,59277,19,3.6750483558994196
ucec_tcga_pan_can_atlas_2018,"Uterine Corpus Endometrial Carcinoma (TCGA, PanCancer Atlas)",Endometrial Carcinoma,517,NTNG1,Ntng1,22854,26,5.029013539651838
ucec_tcga_pan_can_atlas_2018,"Uterine Corpus Endometrial Carcinoma (TCGA, PanCancer Atlas)",Endometrial Carcinoma,517,NTRK3,Ntrk3,4916,39,7.543520309477756
ucec_tcga_pan_can_atlas_2018,"Uterine Corpus Endometrial Carcinoma (TCGA, PanCancer Atlas)",Endometrial Carcinoma,517,NXPH1,Nxph1,30010,17,3.288201160541586
ucec_tcga_pan_can_atlas_2018,"Uterine Corpus Endometrial Carcinoma (TCGA, PanCancer Atlas)",Endometrial Carcinoma,517,NYAP2,Nyap2,57624,50,9.671179883945841
ucec_tcga_pan_can_atlas_2018,"Uterine Corpus Endometrial Carcinoma (TCGA, PanCancer Atlas)",Endometrial Carcinoma,517,OLFM3,Olfm3,118427,24,4.6421663442940035
ucec_tcga_pan_can_atlas_2018,"Uterine Corpus Endometrial Carcinoma (TCGA, PanCancer Atlas)",Endometrial Carcinoma,517,OPCML,Opcml,4978,20,3.8684719535783367
ucec_tcga_pan_can_atlas_2018,"Uterine Corpus Endometrial Carcinoma (TCGA, PanCancer Atlas)",Endometrial Carcinoma,517,OSBPL1A,Osbpl1a,114876,36,6.963249516441006
ucec_tcga_pan_can_atlas_2018,"Uterine Corpus Endometrial Carcinoma (TCGA, PanCancer Atlas)",Endometrial Carcinoma,517,OSBPL3,Osbpl3,26031,35,6.769825918762089
ucec_tcga_pan_can_atlas_2018,"Uterine Corpus Endometrial Carcinoma (TCGA, PanCancer Atlas)",Endometrial Carcinoma,517,OSBPL6,Osbpl6,114880,48,9.284332688588007
ucec_tcga_pan_can_atlas_2018,"Uterine Corpus Endometrial Carcinoma (TCGA, PanCancer Atlas)",Endometrial Carcinoma,517,OSBPL8,Osbpl8,114882,33,6.382978723404255
ucec_tcga_pan_can_atlas_2018,"Uterine Corpus Endometrial Carcinoma (TCGA, PanCancer Atlas)",Endometrial Carcinoma,517,OXR1,Oxr1,55074,37,7.156673114119923
ucec_tcga_pan_can_atlas_2018,"Uterine Corpus Endometrial Carcinoma (TCGA, PanCancer Atlas)",Endometrial Carcinoma,517,PARM1,Parm1,25849,15,2.9013539651837523
ucec_tcga_pan_can_atlas_2018,"Uterine Corpus Endometrial Carcinoma (TCGA, PanCancer Atlas)",Endometrial Carcinoma,517,PCDH11X,Pcdh11x,27328,56,10.831721470019342
ucec_tcga_pan_can_atlas_2018,"Uterine Corpus Endometrial Carcinoma (TCGA, PanCancer Atlas)",Endometrial Carcinoma,517,PCDH15,Pcdh15,65217,87,16.827852998065765
ucec_tcga_pan_can_atlas_2018,"Uterine Corpus Endometrial Carcinoma (TCGA, PanCancer Atlas)",Endometrial Carcinoma,517,PCDH7,Pcdh7,5099,24,4.6421663442940035
ucec_tcga_pan_can_atlas_2018,"Uterine Corpus Endometrial Carcinoma (TCGA, PanCancer Atlas)",Endometrial Carcinoma,517,PCDH9,Pcdh9,5101,60,11.60541586073501
ucec_tcga_pan_can_atlas_2018,"Uterine Corpus Endometrial Carcinoma (TCGA, PanCancer Atlas)",Endometrial Carcinoma,517,PCLO,Pclo,27445,102,19.729206963249517
ucec_tcga_pan_can_atlas_2018,"Uterine Corpus Endometrial Carcinoma (TCGA, PanCancer Atlas)",Endometrial Carcinoma,517,PCSK2,Pcsk2,5126,20,3.8684719535783367
ucec_tcga_pan_can_atlas_2018,"Uterine Corpus Endometrial Carcinoma (TCGA, PanCancer Atlas)",Endometrial Carcinoma,517,PDE1A,Pde1a,5136,28,5.415860735009671
ucec_tcga_pan_can_atlas_2018,"Uterine Corpus Endometrial Carcinoma (TCGA, PanCancer Atlas)",Endometrial Carcinoma,517,PDE1C,Pde1c,5137,43,8.317214700193423
ucec_tcga_pan_can_atlas_2018,"Uterine Corpus Endometrial Carcinoma (TCGA, PanCancer Atlas)",Endometrial Carcinoma,517,PDE2A,Pde2a,5138,30,5.802707930367505
ucec_tcga_pan_can_atlas_2018,"Uterine Corpus Endometrial Carcinoma (TCGA, PanCancer Atlas)",Endometrial Carcinoma,517,PDE4B,Pde4b,5142,28,5.415860735009671
ucec_tcga_pan_can_atlas_2018,"Uterine Corpus Endometrial Carcinoma (TCGA, PanCancer Atlas)",Endometrial Carcinoma,517,PDZD2,Pdzd2,23037,59,11.411992263056092
ucec_tcga_pan_can_atlas_2018,"Uterine Corpus Endometrial Carcinoma (TCGA, PanCancer Atlas)",Endometrial Carcinoma,517,PDZRN3,Pdzrn3,23024,25,4.835589941972921
ucec_tcga_pan_can_atlas_2018,"Uterine Corpus Endometrial Carcinoma (TCGA, PanCancer Atlas)",Endometrial Carcinoma,517,PDZRN4,Pdzrn4,29951,37,7.156673114119923
ucec_tcga_pan_can_atlas_2018,"Uterine Corpus Endometrial Carcinoma (TCGA, PanCancer Atlas)",Endometrial Carcinoma,517,PENK,Penk,5179,17,3.288201160541586
ucec_tcga_pan_can_atlas_2018,"Uterine Corpus Endometrial Carcinoma (TCGA, PanCancer Atlas)",Endometrial Carcinoma,517,PHACTR1,Phactr1,221692,23,4.448742746615087
ucec_tcga_pan_can_atlas_2018,"Uterine Corpus Endometrial Carcinoma (TCGA, PanCancer Atlas)",Endometrial Carcinoma,517,PI4KA,Pi4ka,5297,61,11.798839458413926
ucec_tcga_pan_can_atlas_2018,"Uterine Corpus Endometrial Carcinoma (TCGA, PanCancer Atlas)",Endometrial Carcinoma,517,PKD1,Pkd1,5310,65,12.572533849129593
ucec_tcga_pan_can_atlas_2018,"Uterine Corpus Endometrial Carcinoma (TCGA, PanCancer Atlas)",Endometrial Carcinoma,517,PKP2,Pkp2,5318,23,4.448742746615087
ucec_tcga_pan_can_atlas_2018,"Uterine Corpus Endometrial Carcinoma (TCGA, PanCancer Atlas)",Endometrial Carcinoma,517,PLCB1,Plcb1,23236,31,5.996131528046422
ucec_tcga_pan_can_atlas_2018,"Uterine Corpus Endometrial Carcinoma (TCGA, PanCancer Atlas)",Endometrial Carcinoma,517,PLCB4,Plcb4,5332,37,7.156673114119923
ucec_tcga_pan_can_atlas_2018,"Uterine Corpus Endometrial Carcinoma (TCGA, PanCancer Atlas)",Endometrial Carcinoma,517,PLCH1,Plch1,23007,54,10.444874274661508
ucec_tcga_pan_can_atlas_2018,"Uterine Corpus Endometrial Carcinoma (TCGA, PanCancer Atlas)",Endometrial Carcinoma,517,PLCL2,Plcl2,23228,35,6.769825918762089
ucec_tcga_pan_can_atlas_2018,"Uterine Corpus Endometrial Carcinoma (TCGA, PanCancer Atlas)",Endometrial Carcinoma,517,PLCXD3,Plcxd3,345557,12,2.3210831721470018
ucec_tcga_pan_can_atlas_2018,"Uterine Corpus Endometrial Carcinoma (TCGA, PanCancer Atlas)",Endometrial Carcinoma,517,PLD3,Pld3,23646,21,4.061895551257253
ucec_tcga_pan_can_atlas_2018,"Uterine Corpus Endometrial Carcinoma (TCGA, PanCancer Atlas)",Endometrial Carcinoma,517,PLD5,Pld5,200150,29,5.609284332688588
ucec_tcga_pan_can_atlas_2018,"Uterine Corpus Endometrial Carcinoma (TCGA, PanCancer Atlas)",Endometrial Carcinoma,517,PLXNA2,Plxna2,5362,67,12.959381044487428
ucec_tcga_pan_can_atlas_2018,"Uterine Corpus Endometrial Carcinoma (TCGA, PanCancer Atlas)",Endometrial Carcinoma,517,PLXNA4,Plxna4,91584,73,14.119922630560929
ucec_tcga_pan_can_atlas_2018,"Uterine Corpus Endometrial Carcinoma (TCGA, PanCancer Atlas)",Endometrial Carcinoma,517,PPARGC1A,Ppargc1a,10891,32,6.189555125725338
ucec_tcga_pan_can_atlas_2018,"Uterine Corpus Endometrial Carcinoma (TCGA, PanCancer Atlas)",Endometrial Carcinoma,517,PPFIA2,Ppfia2,8499,65,12.572533849129593
ucec_tcga_pan_can_atlas_2018,"Uterine Corpus Endometrial Carcinoma (TCGA, PanCancer Atlas)",Endometrial Carcinoma,517,PPFIBP1,Ppfibp1,8496,34,6.576402321083172
ucec_tcga_pan_can_atlas_2018,"Uterine Corpus Endometrial Carcinoma (TCGA, PanCancer Atlas)",Endometrial Carcinoma,517,PPIP5K2,Ppip5k2,23262,42,8.123791102514506
ucec_tcga_pan_can_atlas_2018,"Uterine Corpus Endometrial Carcinoma (TCGA, PanCancer Atlas)",Endometrial Carcinoma,517,PRICKLE1,Prickle1,144165,27,5.222437137330754
ucec_tcga_pan_can_atlas_2018,"Uterine Corpus Endometrial Carcinoma (TCGA, PanCancer Atlas)",Endometrial Carcinoma,517,PRICKLE2,Prickle2,166336,24,4.6421663442940035
ucec_tcga_pan_can_atlas_2018,"Uterine Corpus Endometrial Carcinoma (TCGA, PanCancer Atlas)",Endometrial Carcinoma,517,PRKCA,Prkca,5578,24,4.6421663442940035
ucec_tcga_pan_can_atlas_2018,"Uterine Corpus Endometrial Carcinoma (TCGA, PanCancer Atlas)",Endometrial Carcinoma,517,PRKD1,Prkd1,5587,37,7.156673114119923
ucec_tcga_pan_can_atlas_2018,"Uterine Corpus Endometrial Carcinoma (TCGA, PanCancer Atlas)",Endometrial Carcinoma,517,PRKG1,Prkg1,5592,29,5.609284332688588
ucec_tcga_pan_can_atlas_2018,"Uterine Corpus Endometrial Carcinoma (TCGA, PanCancer Atlas)",Endometrial Carcinoma,517,PRMT8,Prmt8,56341,27,5.222437137330754
ucec_tcga_pan_can_atlas_2018,"Uterine Corpus Endometrial Carcinoma (TCGA, PanCancer Atlas)",Endometrial Carcinoma,517,PROX1,Prox1,5629,40,7.7369439071566735
ucec_tcga_pan_can_atlas_2018,"Uterine Corpus Endometrial Carcinoma (TCGA, PanCancer Atlas)",Endometrial Carcinoma,517,PRR16,Prr16,51334,17,3.288201160541586
ucec_tcga_pan_can_atlas_2018,"Uterine Corpus Endometrial Carcinoma (TCGA, PanCancer Atlas)",Endometrial Carcinoma,517,PTCHD4,Ptchd4,442213,32,6.189555125725338
ucec_tcga_pan_can_atlas_2018,"Uterine Corpus Endometrial Carcinoma (TCGA, PanCancer Atlas)",Endometrial Carcinoma,517,PTK2B,Ptk2b,2185,34,6.576402321083172
ucec_tcga_pan_can_atlas_2018,"Uterine Corpus Endometrial Carcinoma (TCGA, PanCancer Atlas)",Endometrial Carcinoma,517,PTPRD,Ptprd,5789,70,13.539651837524177
ucec_tcga_pan_can_atlas_2018,"Uterine Corpus Endometrial Carcinoma (TCGA, PanCancer Atlas)",Endometrial Carcinoma,517,PTPRE,Ptpre,5791,31,5.996131528046422
ucec_tcga_pan_can_atlas_2018,"Uterine Corpus Endometrial Carcinoma (TCGA, PanCancer Atlas)",Endometrial Carcinoma,517,PTPRG,Ptprg,5793,50,9.671179883945841
ucec_tcga_pan_can_atlas_2018,"Uterine Corpus Endometrial Carcinoma (TCGA, PanCancer Atlas)",Endometrial Carcinoma,517,PTPRM,Ptprm,5797,45,8.704061895551257
ucec_tcga_pan_can_atlas_2018,"Uterine Corpus Endometrial Carcinoma (TCGA, PanCancer Atlas)",Endometrial Carcinoma,517,PTPRN,Ptprn,5798,36,6.963249516441006
ucec_tcga_pan_can_atlas_2018,"Uterine Corpus Endometrial Carcinoma (TCGA, PanCancer Atlas)",Endometrial Carcinoma,517,PTPRN2,Ptprn2,5799,51,9.864603481624759
ucec_tcga_pan_can_atlas_2018,"Uterine Corpus Endometrial Carcinoma (TCGA, PanCancer Atlas)",Endometrial Carcinoma,517,PTPRO,Ptpro,5800,43,8.317214700193423
ucec_tcga_pan_can_atlas_2018,"Uterine Corpus Endometrial Carcinoma (TCGA, PanCancer Atlas)",Endometrial Carcinoma,517,PTPRR,Ptprr,5801,40,7.7369439071566735
ucec_tcga_pan_can_atlas_2018,"Uterine Corpus Endometrial Carcinoma (TCGA, PanCancer Atlas)",Endometrial Carcinoma,517,PTPRS,Ptprs,5802,50,9.671179883945841
ucec_tcga_pan_can_atlas_2018,"Uterine Corpus Endometrial Carcinoma (TCGA, PanCancer Atlas)",Endometrial Carcinoma,517,PTPRT,Ptprt,11122,61,11.798839458413926
ucec_tcga_pan_can_atlas_2018,"Uterine Corpus Endometrial Carcinoma (TCGA, PanCancer Atlas)",Endometrial Carcinoma,517,RALGAPA2,Ralgapa2,57186,49,9.477756286266924
ucec_tcga_pan_can_atlas_2018,"Uterine Corpus Endometrial Carcinoma (TCGA, PanCancer Atlas)",Endometrial Carcinoma,517,RALYL,Ralyl,138046,24,4.6421663442940035
ucec_tcga_pan_can_atlas_2018,"Uterine Corpus Endometrial Carcinoma (TCGA, PanCancer Atlas)",Endometrial Carcinoma,517,RAPGEF2,Rapgef2,9693,49,9.477756286266924
ucec_tcga_pan_can_atlas_2018,"Uterine Corpus Endometrial Carcinoma (TCGA, PanCancer Atlas)",Endometrial Carcinoma,517,RAPGEF4,Rapgef4,11069,48,9.284332688588007
ucec_tcga_pan_can_atlas_2018,"Uterine Corpus Endometrial Carcinoma (TCGA, PanCancer Atlas)",Endometrial Carcinoma,517,RAPGEF5,Rapgef5,9771,25,4.835589941972921
ucec_tcga_pan_can_atlas_2018,"Uterine Corpus Endometrial Carcinoma (TCGA, PanCancer Atlas)",Endometrial Carcinoma,517,RARB,Rarb,5915,20,3.8684719535783367
ucec_tcga_pan_can_atlas_2018,"Uterine Corpus Endometrial Carcinoma (TCGA, PanCancer Atlas)",Endometrial Carcinoma,517,RASAL2,Rasal2,9462,45,8.704061895551257
ucec_tcga_pan_can_atlas_2018,"Uterine Corpus Endometrial Carcinoma (TCGA, PanCancer Atlas)",Endometrial Carcinoma,517,RASGRF2,Rasgrf2,5924,41,7.93036750483559
ucec_tcga_pan_can_atlas_2018,"Uterine Corpus Endometrial Carcinoma (TCGA, PanCancer Atlas)",Endometrial Carcinoma,517,RBFOX1,Rbfox1,54715,36,6.963249516441006
ucec_tcga_pan_can_atlas_2018,"Uterine Corpus Endometrial Carcinoma (TCGA, PanCancer Atlas)",Endometrial Carcinoma,517,RELN,Reln,5649,70,13.539651837524177
ucec_tcga_pan_can_atlas_2018,"Uterine Corpus Endometrial Carcinoma (TCGA, PanCancer Atlas)",Endometrial Carcinoma,517,REV3L,Rev3l,5980,77,14.893617021276595
ucec_tcga_pan_can_atlas_2018,"Uterine Corpus Endometrial Carcinoma (TCGA, PanCancer Atlas)",Endometrial Carcinoma,517,RGS12,Rgs12,6002,52,10.058027079303676
ucec_tcga_pan_can_atlas_2018,"Uterine Corpus Endometrial Carcinoma (TCGA, PanCancer Atlas)",Endometrial Carcinoma,517,RGS6,Rgs6,9628,26,5.029013539651838
ucec_tcga_pan_can_atlas_2018,"Uterine Corpus Endometrial Carcinoma (TCGA, PanCancer Atlas)",Endometrial Carcinoma,517,RGS7,Rgs7,6000,29,5.609284332688588
ucec_tcga_pan_can_atlas_2018,"Uterine Corpus Endometrial Carcinoma (TCGA, PanCancer Atlas)",Endometrial Carcinoma,517,RIMBP2,Rimbp2,23504,43,8.317214700193423
ucec_tcga_pan_can_atlas_2018,"Uterine Corpus Endometrial Carcinoma (TCGA, PanCancer Atlas)",Endometrial Carcinoma,517,ROBO1,Robo1,6091,64,12.379110251450676
ucec_tcga_pan_can_atlas_2018,"Uterine Corpus Endometrial Carcinoma (TCGA, PanCancer Atlas)",Endometrial Carcinoma,517,ROBO2,Robo2,6092,52,10.058027079303676
ucec_tcga_pan_can_atlas_2018,"Uterine Corpus Endometrial Carcinoma (TCGA, PanCancer Atlas)",Endometrial Carcinoma,517,ROCK2,Rock2,9475,50,9.671179883945841
ucec_tcga_pan_can_atlas_2018,"Uterine Corpus Endometrial Carcinoma (TCGA, PanCancer Atlas)",Endometrial Carcinoma,517,RPH3A,Rph3a,22895,22,4.25531914893617
ucec_tcga_pan_can_atlas_2018,"Uterine Corpus Endometrial Carcinoma (TCGA, PanCancer Atlas)",Endometrial Carcinoma,517,RPS6KA2,Rps6ka2,6196,37,7.156673114119923
ucec_tcga_pan_can_atlas_2018,"Uterine Corpus Endometrial Carcinoma (TCGA, PanCancer Atlas)",Endometrial Carcinoma,517,RPS6KC1,Rps6kc1,26750,38,7.350096711798839
ucec_tcga_pan_can_atlas_2018,"Uterine Corpus Endometrial Carcinoma (TCGA, PanCancer Atlas)",Endometrial Carcinoma,517,RTN1,Rtn1,6252,28,5.415860735009671
ucec_tcga_pan_can_atlas_2018,"Uterine Corpus Endometrial Carcinoma (TCGA, PanCancer Atlas)",Endometrial Carcinoma,517,RUNX1T1,Runx1t1,862,45,8.704061895551257
ucec_tcga_pan_can_atlas_2018,"Uterine Corpus Endometrial Carcinoma (TCGA, PanCancer Atlas)",Endometrial Carcinoma,517,RXFP1,Rxfp1,59350,36,6.963249516441006
ucec_tcga_pan_can_atlas_2018,"Uterine Corpus Endometrial Carcinoma (TCGA, PanCancer Atlas)",Endometrial Carcinoma,517,RYR1,Ryr1,6261,98,18.95551257253385
ucec_tcga_pan_can_atlas_2018,"Uterine Corpus Endometrial Carcinoma (TCGA, PanCancer Atlas)",Endometrial Carcinoma,517,RYR2,Ryr2,6262,125,24.177949709864603
ucec_tcga_pan_can_atlas_2018,"Uterine Corpus Endometrial Carcinoma (TCGA, PanCancer Atlas)",Endometrial Carcinoma,517,RYR3,Ryr3,6263,102,19.729206963249517
ucec_tcga_pan_can_atlas_2018,"Uterine Corpus Endometrial Carcinoma (TCGA, PanCancer Atlas)",Endometrial Carcinoma,517,SCN1A,Scn1a,6323,65,12.572533849129593
ucec_tcga_pan_can_atlas_2018,"Uterine Corpus Endometrial Carcinoma (TCGA, PanCancer Atlas)",Endometrial Carcinoma,517,SCN3A,Scn3a,6328,60,11.60541586073501
ucec_tcga_pan_can_atlas_2018,"Uterine Corpus Endometrial Carcinoma (TCGA, PanCancer Atlas)",Endometrial Carcinoma,517,SCN8A,Scn8a,6334,47,9.090909090909092
ucec_tcga_pan_can_atlas_2018,"Uterine Corpus Endometrial Carcinoma (TCGA, PanCancer Atlas)",Endometrial Carcinoma,517,SDK1,Sdk1,221935,69,13.346228239845262
ucec_tcga_pan_can_atlas_2018,"Uterine Corpus Endometrial Carcinoma (TCGA, PanCancer Atlas)",Endometrial Carcinoma,517,SEMA5B,Sema5b,54437,35,6.769825918762089
ucec_tcga_pan_can_atlas_2018,"Uterine Corpus Endometrial Carcinoma (TCGA, PanCancer Atlas)",Endometrial Carcinoma,517,SEMA6D,Sema6d,80031,53,10.251450676982591
ucec_tcga_pan_can_atlas_2018,"Uterine Corpus Endometrial Carcinoma (TCGA, PanCancer Atlas)",Endometrial Carcinoma,517,SERPINI1,Serpini1,5274,22,4.25531914893617
ucec_tcga_pan_can_atlas_2018,"Uterine Corpus Endometrial Carcinoma (TCGA, PanCancer Atlas)",Endometrial Carcinoma,517,SETBP1,Setbp1,26040,48,9.284332688588007
ucec_tcga_pan_can_atlas_2018,"Uterine Corpus Endometrial Carcinoma (TCGA, PanCancer Atlas)",Endometrial Carcinoma,517,SEZ6,Sez6,124925,28,5.415860735009671
ucec_tcga_pan_can_atlas_2018,"Uterine Corpus Endometrial Carcinoma (TCGA, PanCancer Atlas)",Endometrial Carcinoma,517,SGCZ,Sgcz,137868,18,3.481624758220503
ucec_tcga_pan_can_atlas_2018,"Uterine Corpus Endometrial Carcinoma (TCGA, PanCancer Atlas)",Endometrial Carcinoma,517,SGK1,Sgk1,6446,31,5.996131528046422
ucec_tcga_pan_can_atlas_2018,"Uterine Corpus Endometrial Carcinoma (TCGA, PanCancer Atlas)",Endometrial Carcinoma,517,SH3GL3,Sh3gl3,6457,23,4.448742746615087
ucec_tcga_pan_can_atlas_2018,"Uterine Corpus Endometrial Carcinoma (TCGA, PanCancer Atlas)",Endometrial Carcinoma,517,SHANK2,Shank2,22941,53,10.251450676982591
ucec_tcga_pan_can_atlas_2018,"Uterine Corpus Endometrial Carcinoma (TCGA, PanCancer Atlas)",Endometrial Carcinoma,517,SIPA1L1,Sipa1l1,26037,59,11.411992263056092
ucec_tcga_pan_can_atlas_2018,"Uterine Corpus Endometrial Carcinoma (TCGA, PanCancer Atlas)",Endometrial Carcinoma,517,SIRPA,Sirpa,140885,23,4.448742746615087
ucec_tcga_pan_can_atlas_2018,"Uterine Corpus Endometrial Carcinoma (TCGA, PanCancer Atlas)",Endometrial Carcinoma,517,SLC24A2,Slc24a2,25769,25,4.835589941972921
ucec_tcga_pan_can_atlas_2018,"Uterine Corpus Endometrial Carcinoma (TCGA, PanCancer Atlas)",Endometrial Carcinoma,517,SLC24A3,Slc24a3,57419,33,6.382978723404255
ucec_tcga_pan_can_atlas_2018,"Uterine Corpus Endometrial Carcinoma (TCGA, PanCancer Atlas)",Endometrial Carcinoma,517,SLC35F3,Slc35f3,148641,21,4.061895551257253
ucec_tcga_pan_can_atlas_2018,"Uterine Corpus Endometrial Carcinoma (TCGA, PanCancer Atlas)",Endometrial Carcinoma,517,SLC35F4,Slc35f4,341880,21,4.061895551257253
ucec_tcga_pan_can_atlas_2018,"Uterine Corpus Endometrial Carcinoma (TCGA, PanCancer Atlas)",Endometrial Carcinoma,517,SLC44A5,Slc44a5,204962,38,7.350096711798839
ucec_tcga_pan_can_atlas_2018,"Uterine Corpus Endometrial Carcinoma (TCGA, PanCancer Atlas)",Endometrial Carcinoma,517,SLC4A8,Slc4a8,9498,37,7.156673114119923
ucec_tcga_pan_can_atlas_2018,"Uterine Corpus Endometrial Carcinoma (TCGA, PanCancer Atlas)",Endometrial Carcinoma,517,SLC6A1,Slc6a1,6529,26,5.029013539651838
ucec_tcga_pan_can_atlas_2018,"Uterine Corpus Endometrial Carcinoma (TCGA, PanCancer Atlas)",Endometrial Carcinoma,517,SLC6A17,Slc6a17,388662,29,5.609284332688588
ucec_tcga_pan_can_atlas_2018,"Uterine Corpus Endometrial Carcinoma (TCGA, PanCancer Atlas)",Endometrial Carcinoma,517,SLC8A1,Slc8a1,6546,34,6.576402321083172
ucec_tcga_pan_can_atlas_2018,"Uterine Corpus Endometrial Carcinoma (TCGA, PanCancer Atlas)",Endometrial Carcinoma,517,SLC9A9,Slc9a9,285195,34,6.576402321083172
ucec_tcga_pan_can_atlas_2018,"Uterine Corpus Endometrial Carcinoma (TCGA, PanCancer Atlas)",Endometrial Carcinoma,517,SLCO3A1,Slco3a1,28232,34,6.576402321083172
ucec_tcga_pan_can_atlas_2018,"Uterine Corpus Endometrial Carcinoma (TCGA, PanCancer Atlas)",Endometrial Carcinoma,517,SLIT2,Slit2,9353,49,9.477756286266924
ucec_tcga_pan_can_atlas_2018,"Uterine Corpus Endometrial Carcinoma (TCGA, PanCancer Atlas)",Endometrial Carcinoma,517,SLIT3,Slit3,6586,50,9.671179883945841
ucec_tcga_pan_can_atlas_2018,"Uterine Corpus Endometrial Carcinoma (TCGA, PanCancer Atlas)",Endometrial Carcinoma,517,SMARCA2,Smarca2,6595,50,9.671179883945841
ucec_tcga_pan_can_atlas_2018,"Uterine Corpus Endometrial Carcinoma (TCGA, PanCancer Atlas)",Endometrial Carcinoma,517,SORBS1,Sorbs1,10580,38,7.350096711798839
ucec_tcga_pan_can_atlas_2018,"Uterine Corpus Endometrial Carcinoma (TCGA, PanCancer Atlas)",Endometrial Carcinoma,517,SORBS2,Sorbs2,8470,45,8.704061895551257
ucec_tcga_pan_can_atlas_2018,"Uterine Corpus Endometrial Carcinoma (TCGA, PanCancer Atlas)",Endometrial Carcinoma,517,SORCS1,Sorcs1,114815,59,11.411992263056092
ucec_tcga_pan_can_atlas_2018,"Uterine Corpus Endometrial Carcinoma (TCGA, PanCancer Atlas)",Endometrial Carcinoma,517,SORCS2,Sorcs2,57537,36,6.963249516441006
ucec_tcga_pan_can_atlas_2018,"Uterine Corpus Endometrial Carcinoma (TCGA, PanCancer Atlas)",Endometrial Carcinoma,517,SORCS3,Sorcs3,22986,44,8.51063829787234
ucec_tcga_pan_can_atlas_2018,"Uterine Corpus Endometrial Carcinoma (TCGA, PanCancer Atlas)",Endometrial Carcinoma,517,SORL1,Sorl1,6653,59,11.411992263056092
ucec_tcga_pan_can_atlas_2018,"Uterine Corpus Endometrial Carcinoma (TCGA, PanCancer Atlas)",Endometrial Carcinoma,517,SOX5,Sox5,6660,27,5.222437137330754
ucec_tcga_pan_can_atlas_2018,"Uterine Corpus Endometrial Carcinoma (TCGA, PanCancer Atlas)",Endometrial Carcinoma,517,SOX6,Sox6,55553,38,7.350096711798839
ucec_tcga_pan_can_atlas_2018,"Uterine Corpus Endometrial Carcinoma (TCGA, PanCancer Atlas)",Endometrial Carcinoma,517,SPARCL1,Sparcl1,8404,26,5.029013539651838
ucec_tcga_pan_can_atlas_2018,"Uterine Corpus Endometrial Carcinoma (TCGA, PanCancer Atlas)",Endometrial Carcinoma,517,SPHKAP,Sphkap,80309,50,9.671179883945841
ucec_tcga_pan_can_atlas_2018,"Uterine Corpus Endometrial Carcinoma (TCGA, PanCancer Atlas)",Endometrial Carcinoma,517,SPOCK1,Spock1,6695,16,3.094777562862669
ucec_tcga_pan_can_atlas_2018,"Uterine Corpus Endometrial Carcinoma (TCGA, PanCancer Atlas)",Endometrial Carcinoma,517,SPOCK3,Spock3,50859,24,4.6421663442940035
ucec_tcga_pan_can_atlas_2018,"Uterine Corpus Endometrial Carcinoma (TCGA, PanCancer Atlas)",Endometrial Carcinoma,517,SPTAN1,Sptan1,6709,60,11.60541586073501
ucec_tcga_pan_can_atlas_2018,"Uterine Corpus Endometrial Carcinoma (TCGA, PanCancer Atlas)",Endometrial Carcinoma,517,SPTBN4,Sptbn4,57731,53,10.251450676982591
ucec_tcga_pan_can_atlas_2018,"Uterine Corpus Endometrial Carcinoma (TCGA, PanCancer Atlas)",Endometrial Carcinoma,517,SRGAP3,Srgap3,9901,30,5.802707930367505
ucec_tcga_pan_can_atlas_2018,"Uterine Corpus Endometrial Carcinoma (TCGA, PanCancer Atlas)",Endometrial Carcinoma,517,SRRM4,Srrm4,84530,39,7.543520309477756
ucec_tcga_pan_can_atlas_2018,"Uterine Corpus Endometrial Carcinoma (TCGA, PanCancer Atlas)",Endometrial Carcinoma,517,STARD13,Stard13,90627,40,7.7369439071566735
ucec_tcga_pan_can_atlas_2018,"Uterine Corpus Endometrial Carcinoma (TCGA, PanCancer Atlas)",Endometrial Carcinoma,517,STOX2,Stox2,56977,31,5.996131528046422
ucec_tcga_pan_can_atlas_2018,"Uterine Corpus Endometrial Carcinoma (TCGA, PanCancer Atlas)",Endometrial Carcinoma,517,STRBP,Strbp,55342,34,6.576402321083172
ucec_tcga_pan_can_atlas_2018,"Uterine Corpus Endometrial Carcinoma (TCGA, PanCancer Atlas)",Endometrial Carcinoma,517,STXBP5L,Stxbp5l,9515,43,8.317214700193423
ucec_tcga_pan_can_atlas_2018,"Uterine Corpus Endometrial Carcinoma (TCGA, PanCancer Atlas)",Endometrial Carcinoma,517,SV2A,Sv2a,9900,40,7.7369439071566735
ucec_tcga_pan_can_atlas_2018,"Uterine Corpus Endometrial Carcinoma (TCGA, PanCancer Atlas)",Endometrial Carcinoma,517,SV2C,Sv2c,22987,38,7.350096711798839
ucec_tcga_pan_can_atlas_2018,"Uterine Corpus Endometrial Carcinoma (TCGA, PanCancer Atlas)",Endometrial Carcinoma,517,SYNJ2,Synj2,8871,45,8.704061895551257
ucec_tcga_pan_can_atlas_2018,"Uterine Corpus Endometrial Carcinoma (TCGA, PanCancer Atlas)",Endometrial Carcinoma,517,SYT7,Syt7,9066,13,2.514506769825919
ucec_tcga_pan_can_atlas_2018,"Uterine Corpus Endometrial Carcinoma (TCGA, PanCancer Atlas)",Endometrial Carcinoma,517,SYTL2,Sytl2,54843,38,7.350096711798839
ucec_tcga_pan_can_atlas_2018,"Uterine Corpus Endometrial Carcinoma (TCGA, PanCancer Atlas)",Endometrial Carcinoma,517,TACC1,Tacc1,6867,20,3.8684719535783367
ucec_tcga_pan_can_atlas_2018,"Uterine Corpus Endometrial Carcinoma (TCGA, PanCancer Atlas)",Endometrial Carcinoma,517,TENM1,Tenm1,10178,94,18.181818181818183
ucec_tcga_pan_can_atlas_2018,"Uterine Corpus Endometrial Carcinoma (TCGA, PanCancer Atlas)",Endometrial Carcinoma,517,TENM2,Tenm2,57451,71,13.733075435203094
ucec_tcga_pan_can_atlas_2018,"Uterine Corpus Endometrial Carcinoma (TCGA, PanCancer Atlas)",Endometrial Carcinoma,517,TENM3,Tenm3,55714,74,14.313346228239846
ucec_tcga_pan_can_atlas_2018,"Uterine Corpus Endometrial Carcinoma (TCGA, PanCancer Atlas)",Endometrial Carcinoma,517,TENM4,Tenm4,26011,74,14.313346228239846
ucec_tcga_pan_can_atlas_2018,"Uterine Corpus Endometrial Carcinoma (TCGA, PanCancer Atlas)",Endometrial Carcinoma,517,THSD7A,Thsd7a,221981,47,9.090909090909092
ucec_tcga_pan_can_atlas_2018,"Uterine Corpus Endometrial Carcinoma (TCGA, PanCancer Atlas)",Endometrial Carcinoma,517,THSD7B,Thsd7b,80731,63,12.18568665377176
ucec_tcga_pan_can_atlas_2018,"Uterine Corpus Endometrial Carcinoma (TCGA, PanCancer Atlas)",Endometrial Carcinoma,517,TLE4,Tle4,7091,33,6.382978723404255
ucec_tcga_pan_can_atlas_2018,"Uterine Corpus Endometrial Carcinoma (TCGA, PanCancer Atlas)",Endometrial Carcinoma,517,TLL1,Tll1,7092,48,9.284332688588007
ucec_tcga_pan_can_atlas_2018,"Uterine Corpus Endometrial Carcinoma (TCGA, PanCancer Atlas)",Endometrial Carcinoma,517,TLN2,Tln2,83660,52,10.058027079303676
ucec_tcga_pan_can_atlas_2018,"Uterine Corpus Endometrial Carcinoma (TCGA, PanCancer Atlas)",Endometrial Carcinoma,517,TMEM108,Tmem108,66000,21,4.061895551257253
ucec_tcga_pan_can_atlas_2018,"Uterine Corpus Endometrial Carcinoma (TCGA, PanCancer Atlas)",Endometrial Carcinoma,517,TMEM130,Tmem130,222865,21,4.061895551257253
ucec_tcga_pan_can_atlas_2018,"Uterine Corpus Endometrial Carcinoma (TCGA, PanCancer Atlas)",Endometrial Carcinoma,517,TMEM132B,Tmem132b,114795,49,9.477756286266924
ucec_tcga_pan_can_atlas_2018,"Uterine Corpus Endometrial Carcinoma (TCGA, PanCancer Atlas)",Endometrial Carcinoma,517,TMEM132C,Tmem132c,92293,48,9.284332688588007
ucec_tcga_pan_can_atlas_2018,"Uterine Corpus Endometrial Carcinoma (TCGA, PanCancer Atlas)",Endometrial Carcinoma,517,TMEM132D,Tmem132d,121256,50,9.671179883945841
ucec_tcga_pan_can_atlas_2018,"Uterine Corpus Endometrial Carcinoma (TCGA, PanCancer Atlas)",Endometrial Carcinoma,517,TMTC1,Tmtc1,83857,38,7.350096711798839
ucec_tcga_pan_can_atlas_2018,"Uterine Corpus Endometrial Carcinoma (TCGA, PanCancer Atlas)",Endometrial Carcinoma,517,TNIK,Tnik,23043,58,11.218568665377177
ucec_tcga_pan_can_atlas_2018,"Uterine Corpus Endometrial Carcinoma (TCGA, PanCancer Atlas)",Endometrial Carcinoma,517,TOX,Tox,9760,28,5.415860735009671
ucec_tcga_pan_can_atlas_2018,"Uterine Corpus Endometrial Carcinoma (TCGA, PanCancer Atlas)",Endometrial Carcinoma,517,TOX2,Tox2,84969,19,3.6750483558994196
ucec_tcga_pan_can_atlas_2018,"Uterine Corpus Endometrial Carcinoma (TCGA, PanCancer Atlas)",Endometrial Carcinoma,517,TOX3,Tox3,27324,21,4.061895551257253
ucec_tcga_pan_can_atlas_2018,"Uterine Corpus Endometrial Carcinoma (TCGA, PanCancer Atlas)",Endometrial Carcinoma,517,TRERF1,Trerf1,55809,43,8.317214700193423
ucec_tcga_pan_can_atlas_2018,"Uterine Corpus Endometrial Carcinoma (TCGA, PanCancer Atlas)",Endometrial Carcinoma,517,TRHDE,Trhde,29953,40,7.7369439071566735
ucec_tcga_pan_can_atlas_2018,"Uterine Corpus Endometrial Carcinoma (TCGA, PanCancer Atlas)",Endometrial Carcinoma,517,TRIO,Trio,7204,78,15.087040618955513
ucec_tcga_pan_can_atlas_2018,"Uterine Corpus Endometrial Carcinoma (TCGA, PanCancer Atlas)",Endometrial Carcinoma,517,TRPC3,Trpc3,7222,43,8.317214700193423
ucec_tcga_pan_can_atlas_2018,"Uterine Corpus Endometrial Carcinoma (TCGA, PanCancer Atlas)",Endometrial Carcinoma,517,TRPC5,Trpc5,7224,45,8.704061895551257
ucec_tcga_pan_can_atlas_2018,"Uterine Corpus Endometrial Carcinoma (TCGA, PanCancer Atlas)",Endometrial Carcinoma,517,TRPM2,Trpm2,7226,48,9.284332688588007
ucec_tcga_pan_can_atlas_2018,"Uterine Corpus Endometrial Carcinoma (TCGA, PanCancer Atlas)",Endometrial Carcinoma,517,TRPM3,Trpm3,80036,66,12.76595744680851
ucec_tcga_pan_can_atlas_2018,"Uterine Corpus Endometrial Carcinoma (TCGA, PanCancer Atlas)",Endometrial Carcinoma,517,TRPS1,Trps1,7227,47,9.090909090909092
ucec_tcga_pan_can_atlas_2018,"Uterine Corpus Endometrial Carcinoma (TCGA, PanCancer Atlas)",Endometrial Carcinoma,517,TSC22D1,Tsc22d1,8848,27,5.222437137330754
ucec_tcga_pan_can_atlas_2018,"Uterine Corpus Endometrial Carcinoma (TCGA, PanCancer Atlas)",Endometrial Carcinoma,517,TSHZ3,Tshz3,57616,69,13.346228239845262
ucec_tcga_pan_can_atlas_2018,"Uterine Corpus Endometrial Carcinoma (TCGA, PanCancer Atlas)",Endometrial Carcinoma,517,TTBK2,Ttbk2,146057,34,6.576402321083172
ucec_tcga_pan_can_atlas_2018,"Uterine Corpus Endometrial Carcinoma (TCGA, PanCancer Atlas)",Endometrial Carcinoma,517,UNC13C,Unc13c,440279,70,13.539651837524177
ucec_tcga_pan_can_atlas_2018,"Uterine Corpus Endometrial Carcinoma (TCGA, PanCancer Atlas)",Endometrial Carcinoma,517,UNC5C,Unc5c,8633,31,5.996131528046422
ucec_tcga_pan_can_atlas_2018,"Uterine Corpus Endometrial Carcinoma (TCGA, PanCancer Atlas)",Endometrial Carcinoma,517,UNC5D,Unc5d,137970,42,8.123791102514506
ucec_tcga_pan_can_atlas_2018,"Uterine Corpus Endometrial Carcinoma (TCGA, PanCancer Atlas)",Endometrial Carcinoma,517,USP11,Usp11,8237,35,6.769825918762089
ucec_tcga_pan_can_atlas_2018,"Uterine Corpus Endometrial Carcinoma (TCGA, PanCancer Atlas)",Endometrial Carcinoma,517,USP25,Usp25,29761,51,9.864603481624759
ucec_tcga_pan_can_atlas_2018,"Uterine Corpus Endometrial Carcinoma (TCGA, PanCancer Atlas)",Endometrial Carcinoma,517,UST,Ust,10090,18,3.481624758220503
ucec_tcga_pan_can_atlas_2018,"Uterine Corpus Endometrial Carcinoma (TCGA, PanCancer Atlas)",Endometrial Carcinoma,517,VIP,Vip,7432,13,2.514506769825919
ucec_tcga_pan_can_atlas_2018,"Uterine Corpus Endometrial Carcinoma (TCGA, PanCancer Atlas)",Endometrial Carcinoma,517,VPS13A,Vps13a,23230,75,14.506769825918763
ucec_tcga_pan_can_atlas_2018,"Uterine Corpus Endometrial Carcinoma (TCGA, PanCancer Atlas)",Endometrial Carcinoma,517,VPS13D,Vps13d,55187,75,14.506769825918763
ucec_tcga_pan_can_atlas_2018,"Uterine Corpus Endometrial Carcinoma (TCGA, PanCancer Atlas)",Endometrial Carcinoma,517,WASF3,Wasf3,10810,26,5.029013539651838
ucec_tcga_pan_can_atlas_2018,"Uterine Corpus Endometrial Carcinoma (TCGA, PanCancer Atlas)",Endometrial Carcinoma,517,WNK2,Wnk2,65268,40,7.7369439071566735
ucec_tcga_pan_can_atlas_2018,"Uterine Corpus Endometrial Carcinoma (TCGA, PanCancer Atlas)",Endometrial Carcinoma,517,WWP1,Wwp1,11059,44,8.51063829787234
ucec_tcga_pan_can_atlas_2018,"Uterine Corpus Endometrial Carcinoma (TCGA, PanCancer Atlas)",Endometrial Carcinoma,517,XKR4,Xkr4,114786,24,4.6421663442940035
ucec_tcga_pan_can_atlas_2018,"Uterine Corpus Endometrial Carcinoma (TCGA, PanCancer Atlas)",Endometrial Carcinoma,517,XYLT1,Xylt1,64131,39,7.543520309477756
ucec_tcga_pan_can_atlas_2018,"Uterine Corpus Endometrial Carcinoma (TCGA, PanCancer Atlas)",Endometrial Carcinoma,517,ZBTB16,Zbtb16,7704,26,5.029013539651838
ucec_tcga_pan_can_atlas_2018,"Uterine Corpus Endometrial Carcinoma (TCGA, PanCancer Atlas)",Endometrial Carcinoma,517,ZFYVE28,Zfyve28,57732,24,4.6421663442940035
ucec_tcga_pan_can_atlas_2018,"Uterine Corpus Endometrial Carcinoma (TCGA, PanCancer Atlas)",Endometrial Carcinoma,517,ZMAT4,Zmat4,79698,11,2.127659574468085
ucec_tcga_pan_can_atlas_2018,"Uterine Corpus Endometrial Carcinoma (TCGA, PanCancer Atlas)",Endometrial Carcinoma,517,ZMYND8,Zmynd8,23613,45,8.704061895551257
ov_tcga_pan_can_atlas_2018,"Ovarian Serous Cystadenocarcinoma (TCGA, PanCancer Atlas)",High-Grade Serous Ovarian Cancer,523,ABCC8,Abcc8,6833,7,1.338432122370937
ov_tcga_pan_can_atlas_2018,"Ovarian Serous Cystadenocarcinoma (TCGA, PanCancer Atlas)",High-Grade Serous Ovarian Cancer,523,ABR,Abr,29,1,0.19120458891013384
ov_tcga_pan_can_atlas_2018,"Ovarian Serous Cystadenocarcinoma (TCGA, PanCancer Atlas)",High-Grade Serous Ovarian Cancer,523,ACSL3,Acsl3,2181,2,0.3824091778202677
ov_tcga_pan_can_atlas_2018,"Ovarian Serous Cystadenocarcinoma (TCGA, PanCancer Atlas)",High-Grade Serous Ovarian Cancer,523,ADAM23,Adam23,8745,4,0.7648183556405354
ov_tcga_pan_can_atlas_2018,"Ovarian Serous Cystadenocarcinoma (TCGA, PanCancer Atlas)",High-Grade Serous Ovarian Cancer,523,ADAMTS17,Adamts17,170691,4,0.7648183556405354
ov_tcga_pan_can_atlas_2018,"Ovarian Serous Cystadenocarcinoma (TCGA, PanCancer Atlas)",High-Grade Serous Ovarian Cancer,523,ADARB2,Adarb2,105,1,0.19120458891013384
ov_tcga_pan_can_atlas_2018,"Ovarian Serous Cystadenocarcinoma (TCGA, PanCancer Atlas)",High-Grade Serous Ovarian Cancer,523,ADCY1,Adcy1,107,4,0.7648183556405354
ov_tcga_pan_can_atlas_2018,"Ovarian Serous Cystadenocarcinoma (TCGA, PanCancer Atlas)",High-Grade Serous Ovarian Cancer,523,ADCY2,Adcy2,108,10,1.9120458891013383
ov_tcga_pan_can_atlas_2018,"Ovarian Serous Cystadenocarcinoma (TCGA, PanCancer Atlas)",High-Grade Serous Ovarian Cancer,523,ADCY8,Adcy8,114,11,2.1032504780114722
ov_tcga_pan_can_atlas_2018,"Ovarian Serous Cystadenocarcinoma (TCGA, PanCancer Atlas)",High-Grade Serous Ovarian Cancer,523,ADRA1A,Adra1a,148,1,0.19120458891013384
ov_tcga_pan_can_atlas_2018,"Ovarian Serous Cystadenocarcinoma (TCGA, PanCancer Atlas)",High-Grade Serous Ovarian Cancer,523,AHI1,Ahi1,54806,0,0.0
ov_tcga_pan_can_atlas_2018,"Ovarian Serous Cystadenocarcinoma (TCGA, PanCancer Atlas)",High-Grade Serous Ovarian Cancer,523,AK5,Ak5,26289,4,0.7648183556405354
ov_tcga_pan_can_atlas_2018,"Ovarian Serous Cystadenocarcinoma (TCGA, PanCancer Atlas)",High-Grade Serous Ovarian Cancer,523,ALK,Alk,238,10,1.9120458891013383
ov_tcga_pan_can_atlas_2018,"Ovarian Serous Cystadenocarcinoma (TCGA, PanCancer Atlas)",High-Grade Serous Ovarian Cancer,523,ANK1,Ank1,286,9,1.7208413001912046
ov_tcga_pan_can_atlas_2018,"Ovarian Serous Cystadenocarcinoma (TCGA, PanCancer Atlas)",High-Grade Serous Ovarian Cancer,523,ANKRD26,Ankrd26,22852,5,0.9560229445506692
ov_tcga_pan_can_atlas_2018,"Ovarian Serous Cystadenocarcinoma (TCGA, PanCancer Atlas)",High-Grade Serous Ovarian Cancer,523,ANKS1B,Anks1b,56899,2,0.3824091778202677
ov_tcga_pan_can_atlas_2018,"Ovarian Serous Cystadenocarcinoma (TCGA, PanCancer Atlas)",High-Grade Serous Ovarian Cancer,523,ANO3,Ano3,63982,2,0.3824091778202677
ov_tcga_pan_can_atlas_2018,"Ovarian Serous Cystadenocarcinoma (TCGA, PanCancer Atlas)",High-Grade Serous Ovarian Cancer,523,ANO4,Ano4,121601,3,0.5736137667304015
ov_tcga_pan_can_atlas_2018,"Ovarian Serous Cystadenocarcinoma (TCGA, PanCancer Atlas)",High-Grade Serous Ovarian Cancer,523,ANO5,Ano5,203859,6,1.147227533460803
ov_tcga_pan_can_atlas_2018,"Ovarian Serous Cystadenocarcinoma (TCGA, PanCancer Atlas)",High-Grade Serous Ovarian Cancer,523,APBA1,Apba1,320,3,0.5736137667304015
ov_tcga_pan_can_atlas_2018,"Ovarian Serous Cystadenocarcinoma (TCGA, PanCancer Atlas)",High-Grade Serous Ovarian Cancer,523,APLP1,Aplp1,333,2,0.3824091778202677
ov_tcga_pan_can_atlas_2018,"Ovarian Serous Cystadenocarcinoma (TCGA, PanCancer Atlas)",High-Grade Serous Ovarian Cancer,523,ARAP2,Arap2,116984,4,0.7648183556405354
ov_tcga_pan_can_atlas_2018,"Ovarian Serous Cystadenocarcinoma (TCGA, PanCancer Atlas)",High-Grade Serous Ovarian Cancer,523,ARHGAP20,Arhgap20,57569,5,0.9560229445506692
ov_tcga_pan_can_atlas_2018,"Ovarian Serous Cystadenocarcinoma (TCGA, PanCancer Atlas)",High-Grade Serous Ovarian Cancer,523,ARHGAP21,Arhgap21,57584,9,1.7208413001912046
ov_tcga_pan_can_atlas_2018,"Ovarian Serous Cystadenocarcinoma (TCGA, PanCancer Atlas)",High-Grade Serous Ovarian Cancer,523,ARHGAP5,Arhgap5,394,3,0.5736137667304015
ov_tcga_pan_can_atlas_2018,"Ovarian Serous Cystadenocarcinoma (TCGA, PanCancer Atlas)",High-Grade Serous Ovarian Cancer,523,ARID5B,Arid5b,84159,1,0.19120458891013384
ov_tcga_pan_can_atlas_2018,"Ovarian Serous Cystadenocarcinoma (TCGA, PanCancer Atlas)",High-Grade Serous Ovarian Cancer,523,ARPP21,Arpp21,10777,4,0.7648183556405354
ov_tcga_pan_can_atlas_2018,"Ovarian Serous Cystadenocarcinoma (TCGA, PanCancer Atlas)",High-Grade Serous Ovarian Cancer,523,ASIC2,Asic2,40,2,0.3824091778202677
ov_tcga_pan_can_atlas_2018,"Ovarian Serous Cystadenocarcinoma (TCGA, PanCancer Atlas)",High-Grade Serous Ovarian Cancer,523,ASTN1,Astn1,460,6,1.147227533460803
ov_tcga_pan_can_atlas_2018,"Ovarian Serous Cystadenocarcinoma (TCGA, PanCancer Atlas)",High-Grade Serous Ovarian Cancer,523,ASTN2,Astn2,23245,6,1.147227533460803
ov_tcga_pan_can_atlas_2018,"Ovarian Serous Cystadenocarcinoma (TCGA, PanCancer Atlas)",High-Grade Serous Ovarian Cancer,523,ATP1A3,Atp1a3,478,3,0.5736137667304015
ov_tcga_pan_can_atlas_2018,"Ovarian Serous Cystadenocarcinoma (TCGA, PanCancer Atlas)",High-Grade Serous Ovarian Cancer,523,ATP2A2,Atp2a2,488,2,0.3824091778202677
ov_tcga_pan_can_atlas_2018,"Ovarian Serous Cystadenocarcinoma (TCGA, PanCancer Atlas)",High-Grade Serous Ovarian Cancer,523,ATP8A2,Atp8a2,51761,5,0.9560229445506692
ov_tcga_pan_can_atlas_2018,"Ovarian Serous Cystadenocarcinoma (TCGA, PanCancer Atlas)",High-Grade Serous Ovarian Cancer,523,ATRNL1,Atrnl1,26033,12,2.294455066921606
ov_tcga_pan_can_atlas_2018,"Ovarian Serous Cystadenocarcinoma (TCGA, PanCancer Atlas)",High-Grade Serous Ovarian Cancer,523,ATXN1,Atxn1,6310,3,0.5736137667304015
ov_tcga_pan_can_atlas_2018,"Ovarian Serous Cystadenocarcinoma (TCGA, PanCancer Atlas)",High-Grade Serous Ovarian Cancer,523,BACH2,Bach2,60468,2,0.3824091778202677
ov_tcga_pan_can_atlas_2018,"Ovarian Serous Cystadenocarcinoma (TCGA, PanCancer Atlas)",High-Grade Serous Ovarian Cancer,523,BAIAP2,Baiap2,10458,1,0.19120458891013384
ov_tcga_pan_can_atlas_2018,"Ovarian Serous Cystadenocarcinoma (TCGA, PanCancer Atlas)",High-Grade Serous Ovarian Cancer,523,BCL11A,Bcl11a,53335,3,0.5736137667304015
ov_tcga_pan_can_atlas_2018,"Ovarian Serous Cystadenocarcinoma (TCGA, PanCancer Atlas)",High-Grade Serous Ovarian Cancer,523,BCL11B,Bcl11b,64919,0,0.0
ov_tcga_pan_can_atlas_2018,"Ovarian Serous Cystadenocarcinoma (TCGA, PanCancer Atlas)",High-Grade Serous Ovarian Cancer,523,BDP1,Bdp1,55814,4,0.7648183556405354
ov_tcga_pan_can_atlas_2018,"Ovarian Serous Cystadenocarcinoma (TCGA, PanCancer Atlas)",High-Grade Serous Ovarian Cancer,523,BMPER,Bmper,168667,3,0.5736137667304015
ov_tcga_pan_can_atlas_2018,"Ovarian Serous Cystadenocarcinoma (TCGA, PanCancer Atlas)",High-Grade Serous Ovarian Cancer,523,BRINP2,Brinp2,57795,7,1.338432122370937
ov_tcga_pan_can_atlas_2018,"Ovarian Serous Cystadenocarcinoma (TCGA, PanCancer Atlas)",High-Grade Serous Ovarian Cancer,523,BRINP3,Brinp3,339479,9,1.7208413001912046
ov_tcga_pan_can_atlas_2018,"Ovarian Serous Cystadenocarcinoma (TCGA, PanCancer Atlas)",High-Grade Serous Ovarian Cancer,523,BSN,Bsn,8927,12,2.294455066921606
ov_tcga_pan_can_atlas_2018,"Ovarian Serous Cystadenocarcinoma (TCGA, PanCancer Atlas)",High-Grade Serous Ovarian Cancer,523,CACNA1A,Cacna1a,773,13,2.48565965583174
ov_tcga_pan_can_atlas_2018,"Ovarian Serous Cystadenocarcinoma (TCGA, PanCancer Atlas)",High-Grade Serous Ovarian Cancer,523,CACNA1B,Cacna1b,774,6,1.147227533460803
ov_tcga_pan_can_atlas_2018,"Ovarian Serous Cystadenocarcinoma (TCGA, PanCancer Atlas)",High-Grade Serous Ovarian Cancer,523,CACNA1C,Cacna1c,775,16,3.0592734225621414
ov_tcga_pan_can_atlas_2018,"Ovarian Serous Cystadenocarcinoma (TCGA, PanCancer Atlas)",High-Grade Serous Ovarian Cancer,523,CACNA1D,Cacna1d,776,10,1.9120458891013383
ov_tcga_pan_can_atlas_2018,"Ovarian Serous Cystadenocarcinoma (TCGA, PanCancer Atlas)",High-Grade Serous Ovarian Cancer,523,CACNA1E,Cacna1e,777,4,0.7648183556405354
ov_tcga_pan_can_atlas_2018,"Ovarian Serous Cystadenocarcinoma (TCGA, PanCancer Atlas)",High-Grade Serous Ovarian Cancer,523,CACNA2D1,Cacna2d1,781,4,0.7648183556405354
ov_tcga_pan_can_atlas_2018,"Ovarian Serous Cystadenocarcinoma (TCGA, PanCancer Atlas)",High-Grade Serous Ovarian Cancer,523,CACNA2D3,Cacna2d3,55799,3,0.5736137667304015
ov_tcga_pan_can_atlas_2018,"Ovarian Serous Cystadenocarcinoma (TCGA, PanCancer Atlas)",High-Grade Serous Ovarian Cancer,523,CACNB2,Cacnb2,783,1,0.19120458891013384
ov_tcga_pan_can_atlas_2018,"Ovarian Serous Cystadenocarcinoma (TCGA, PanCancer Atlas)",High-Grade Serous Ovarian Cancer,523,CACNB4,Cacnb4,785,2,0.3824091778202677
ov_tcga_pan_can_atlas_2018,"Ovarian Serous Cystadenocarcinoma (TCGA, PanCancer Atlas)",High-Grade Serous Ovarian Cancer,523,CACNG3,Cacng3,10368,3,0.5736137667304015
ov_tcga_pan_can_atlas_2018,"Ovarian Serous Cystadenocarcinoma (TCGA, PanCancer Atlas)",High-Grade Serous Ovarian Cancer,523,CADM2,Cadm2,253559,2,0.3824091778202677
ov_tcga_pan_can_atlas_2018,"Ovarian Serous Cystadenocarcinoma (TCGA, PanCancer Atlas)",High-Grade Serous Ovarian Cancer,523,CADPS,Cadps,8618,4,0.7648183556405354
ov_tcga_pan_can_atlas_2018,"Ovarian Serous Cystadenocarcinoma (TCGA, PanCancer Atlas)",High-Grade Serous Ovarian Cancer,523,CAMTA1,Camta1,23261,9,1.7208413001912046
ov_tcga_pan_can_atlas_2018,"Ovarian Serous Cystadenocarcinoma (TCGA, PanCancer Atlas)",High-Grade Serous Ovarian Cancer,523,CAP2,Cap2,10486,2,0.3824091778202677
ov_tcga_pan_can_atlas_2018,"Ovarian Serous Cystadenocarcinoma (TCGA, PanCancer Atlas)",High-Grade Serous Ovarian Cancer,523,CCDC136,Ccdc136,64753,5,0.9560229445506692
ov_tcga_pan_can_atlas_2018,"Ovarian Serous Cystadenocarcinoma (TCGA, PanCancer Atlas)",High-Grade Serous Ovarian Cancer,523,CCSER1,Ccser1,401145,1,0.19120458891013384
ov_tcga_pan_can_atlas_2018,"Ovarian Serous Cystadenocarcinoma (TCGA, PanCancer Atlas)",High-Grade Serous Ovarian Cancer,523,CDH10,Cdh10,1008,11,2.1032504780114722
ov_tcga_pan_can_atlas_2018,"Ovarian Serous Cystadenocarcinoma (TCGA, PanCancer Atlas)",High-Grade Serous Ovarian Cancer,523,CDH12,Cdh12,1010,6,1.147227533460803
ov_tcga_pan_can_atlas_2018,"Ovarian Serous Cystadenocarcinoma (TCGA, PanCancer Atlas)",High-Grade Serous Ovarian Cancer,523,CDH13,Cdh13,1012,1,0.19120458891013384
ov_tcga_pan_can_atlas_2018,"Ovarian Serous Cystadenocarcinoma (TCGA, PanCancer Atlas)",High-Grade Serous Ovarian Cancer,523,CDH2,Cdh2,1000,7,1.338432122370937
ov_tcga_pan_can_atlas_2018,"Ovarian Serous Cystadenocarcinoma (TCGA, PanCancer Atlas)",High-Grade Serous Ovarian Cancer,523,CDH22,Cdh22,64405,3,0.5736137667304015
ov_tcga_pan_can_atlas_2018,"Ovarian Serous Cystadenocarcinoma (TCGA, PanCancer Atlas)",High-Grade Serous Ovarian Cancer,523,CDH4,Cdh4,1002,3,0.5736137667304015
ov_tcga_pan_can_atlas_2018,"Ovarian Serous Cystadenocarcinoma (TCGA, PanCancer Atlas)",High-Grade Serous Ovarian Cancer,523,CDH8,Cdh8,1006,5,0.9560229445506692
ov_tcga_pan_can_atlas_2018,"Ovarian Serous Cystadenocarcinoma (TCGA, PanCancer Atlas)",High-Grade Serous Ovarian Cancer,523,CDH9,Cdh9,1007,4,0.7648183556405354
ov_tcga_pan_can_atlas_2018,"Ovarian Serous Cystadenocarcinoma (TCGA, PanCancer Atlas)",High-Grade Serous Ovarian Cancer,523,CDK14,Cdk14,5218,1,0.19120458891013384
ov_tcga_pan_can_atlas_2018,"Ovarian Serous Cystadenocarcinoma (TCGA, PanCancer Atlas)",High-Grade Serous Ovarian Cancer,523,CDKL5,Cdkl5,6792,4,0.7648183556405354
ov_tcga_pan_can_atlas_2018,"Ovarian Serous Cystadenocarcinoma (TCGA, PanCancer Atlas)",High-Grade Serous Ovarian Cancer,523,CELF4,Celf4,56853,3,0.5736137667304015
ov_tcga_pan_can_atlas_2018,"Ovarian Serous Cystadenocarcinoma (TCGA, PanCancer Atlas)",High-Grade Serous Ovarian Cancer,523,CEMIP,Cemip,57214,3,0.5736137667304015
ov_tcga_pan_can_atlas_2018,"Ovarian Serous Cystadenocarcinoma (TCGA, PanCancer Atlas)",High-Grade Serous Ovarian Cancer,523,CHGB,Chgb,1114,4,0.7648183556405354
ov_tcga_pan_can_atlas_2018,"Ovarian Serous Cystadenocarcinoma (TCGA, PanCancer Atlas)",High-Grade Serous Ovarian Cancer,523,CHL1,Chl1,10752,1,0.19120458891013384
ov_tcga_pan_can_atlas_2018,"Ovarian Serous Cystadenocarcinoma (TCGA, PanCancer Atlas)",High-Grade Serous Ovarian Cancer,523,CHRM3,Chrm3,1131,4,0.7648183556405354
ov_tcga_pan_can_atlas_2018,"Ovarian Serous Cystadenocarcinoma (TCGA, PanCancer Atlas)",High-Grade Serous Ovarian Cancer,523,CHSY3,Chsy3,337876,2,0.3824091778202677
ov_tcga_pan_can_atlas_2018,"Ovarian Serous Cystadenocarcinoma (TCGA, PanCancer Atlas)",High-Grade Serous Ovarian Cancer,523,CIT,Cit,11113,6,1.147227533460803
ov_tcga_pan_can_atlas_2018,"Ovarian Serous Cystadenocarcinoma (TCGA, PanCancer Atlas)",High-Grade Serous Ovarian Cancer,523,CLEC16A,Clec16a,23274,2,0.3824091778202677
ov_tcga_pan_can_atlas_2018,"Ovarian Serous Cystadenocarcinoma (TCGA, PanCancer Atlas)",High-Grade Serous Ovarian Cancer,523,CLIP4,Clip4,79745,3,0.5736137667304015
ov_tcga_pan_can_atlas_2018,"Ovarian Serous Cystadenocarcinoma (TCGA, PanCancer Atlas)",High-Grade Serous Ovarian Cancer,523,CLSTN2,Clstn2,64084,1,0.19120458891013384
ov_tcga_pan_can_atlas_2018,"Ovarian Serous Cystadenocarcinoma (TCGA, PanCancer Atlas)",High-Grade Serous Ovarian Cancer,523,CLVS1,Clvs1,157807,3,0.5736137667304015
ov_tcga_pan_can_atlas_2018,"Ovarian Serous Cystadenocarcinoma (TCGA, PanCancer Atlas)",High-Grade Serous Ovarian Cancer,523,CNR1,Cnr1,1268,2,0.3824091778202677
ov_tcga_pan_can_atlas_2018,"Ovarian Serous Cystadenocarcinoma (TCGA, PanCancer Atlas)",High-Grade Serous Ovarian Cancer,523,CNTN3,Cntn3,5067,3,0.5736137667304015
ov_tcga_pan_can_atlas_2018,"Ovarian Serous Cystadenocarcinoma (TCGA, PanCancer Atlas)",High-Grade Serous Ovarian Cancer,523,CNTN4,Cntn4,152330,4,0.7648183556405354
ov_tcga_pan_can_atlas_2018,"Ovarian Serous Cystadenocarcinoma (TCGA, PanCancer Atlas)",High-Grade Serous Ovarian Cancer,523,CNTN5,Cntn5,53942,6,1.147227533460803
ov_tcga_pan_can_atlas_2018,"Ovarian Serous Cystadenocarcinoma (TCGA, PanCancer Atlas)",High-Grade Serous Ovarian Cancer,523,CNTN6,Cntn6,27255,5,0.9560229445506692
ov_tcga_pan_can_atlas_2018,"Ovarian Serous Cystadenocarcinoma (TCGA, PanCancer Atlas)",High-Grade Serous Ovarian Cancer,523,CNTNAP2,Cntnap2,26047,14,2.676864244741874
ov_tcga_pan_can_atlas_2018,"Ovarian Serous Cystadenocarcinoma (TCGA, PanCancer Atlas)",High-Grade Serous Ovarian Cancer,523,CNTNAP4,Cntnap4,85445,5,0.9560229445506692
ov_tcga_pan_can_atlas_2018,"Ovarian Serous Cystadenocarcinoma (TCGA, PanCancer Atlas)",High-Grade Serous Ovarian Cancer,523,COL11A1,Col11a1,1301,15,2.8680688336520075
ov_tcga_pan_can_atlas_2018,"Ovarian Serous Cystadenocarcinoma (TCGA, PanCancer Atlas)",High-Grade Serous Ovarian Cancer,523,COL16A1,Col16a1,1307,5,0.9560229445506692
ov_tcga_pan_can_atlas_2018,"Ovarian Serous Cystadenocarcinoma (TCGA, PanCancer Atlas)",High-Grade Serous Ovarian Cancer,523,COL19A1,Col19a1,1310,7,1.338432122370937
ov_tcga_pan_can_atlas_2018,"Ovarian Serous Cystadenocarcinoma (TCGA, PanCancer Atlas)",High-Grade Serous Ovarian Cancer,523,COL24A1,Col24a1,255631,4,0.7648183556405354
ov_tcga_pan_can_atlas_2018,"Ovarian Serous Cystadenocarcinoma (TCGA, PanCancer Atlas)",High-Grade Serous Ovarian Cancer,523,COL25A1,Col25a1,84570,3,0.5736137667304015
ov_tcga_pan_can_atlas_2018,"Ovarian Serous Cystadenocarcinoma (TCGA, PanCancer Atlas)",High-Grade Serous Ovarian Cancer,523,CORO6,Coro6,84940,0,0.0
ov_tcga_pan_can_atlas_2018,"Ovarian Serous Cystadenocarcinoma (TCGA, PanCancer Atlas)",High-Grade Serous Ovarian Cancer,523,CPNE4,Cpne4,131034,0,0.0
ov_tcga_pan_can_atlas_2018,"Ovarian Serous Cystadenocarcinoma (TCGA, PanCancer Atlas)",High-Grade Serous Ovarian Cancer,523,CSMD1,Csmd1,64478,16,3.0592734225621414
ov_tcga_pan_can_atlas_2018,"Ovarian Serous Cystadenocarcinoma (TCGA, PanCancer Atlas)",High-Grade Serous Ovarian Cancer,523,CSMD2,Csmd2,114784,14,2.676864244741874
ov_tcga_pan_can_atlas_2018,"Ovarian Serous Cystadenocarcinoma (TCGA, PanCancer Atlas)",High-Grade Serous Ovarian Cancer,523,CSMD3,Csmd3,114788,38,7.265774378585086
ov_tcga_pan_can_atlas_2018,"Ovarian Serous Cystadenocarcinoma (TCGA, PanCancer Atlas)",High-Grade Serous Ovarian Cancer,523,CSRNP3,Csrnp3,80034,4,0.7648183556405354
ov_tcga_pan_can_atlas_2018,"Ovarian Serous Cystadenocarcinoma (TCGA, PanCancer Atlas)",High-Grade Serous Ovarian Cancer,523,CUX1,Cux1,1523,7,1.338432122370937
ov_tcga_pan_can_atlas_2018,"Ovarian Serous Cystadenocarcinoma (TCGA, PanCancer Atlas)",High-Grade Serous Ovarian Cancer,523,CUX2,Cux2,23316,4,0.7648183556405354
ov_tcga_pan_can_atlas_2018,"Ovarian Serous Cystadenocarcinoma (TCGA, PanCancer Atlas)",High-Grade Serous Ovarian Cancer,523,CYFIP2,Cyfip2,26999,4,0.7648183556405354
ov_tcga_pan_can_atlas_2018,"Ovarian Serous Cystadenocarcinoma (TCGA, PanCancer Atlas)",High-Grade Serous Ovarian Cancer,523,DAAM1,Daam1,23002,2,0.3824091778202677
ov_tcga_pan_can_atlas_2018,"Ovarian Serous Cystadenocarcinoma (TCGA, PanCancer Atlas)",High-Grade Serous Ovarian Cancer,523,DAB1,Dab1,1600,4,0.7648183556405354
ov_tcga_pan_can_atlas_2018,"Ovarian Serous Cystadenocarcinoma (TCGA, PanCancer Atlas)",High-Grade Serous Ovarian Cancer,523,DACH1,Dach1,1602,2,0.3824091778202677
ov_tcga_pan_can_atlas_2018,"Ovarian Serous Cystadenocarcinoma (TCGA, PanCancer Atlas)",High-Grade Serous Ovarian Cancer,523,DAPK1,Dapk1,1612,3,0.5736137667304015
ov_tcga_pan_can_atlas_2018,"Ovarian Serous Cystadenocarcinoma (TCGA, PanCancer Atlas)",High-Grade Serous Ovarian Cancer,523,DCC,Dcc,1630,9,1.7208413001912046
ov_tcga_pan_can_atlas_2018,"Ovarian Serous Cystadenocarcinoma (TCGA, PanCancer Atlas)",High-Grade Serous Ovarian Cancer,523,DENND5B,Dennd5b,160518,3,0.5736137667304015
ov_tcga_pan_can_atlas_2018,"Ovarian Serous Cystadenocarcinoma (TCGA, PanCancer Atlas)",High-Grade Serous Ovarian Cancer,523,DGKB,Dgkb,1607,6,1.147227533460803
ov_tcga_pan_can_atlas_2018,"Ovarian Serous Cystadenocarcinoma (TCGA, PanCancer Atlas)",High-Grade Serous Ovarian Cancer,523,DGKD,Dgkd,8527,6,1.147227533460803
ov_tcga_pan_can_atlas_2018,"Ovarian Serous Cystadenocarcinoma (TCGA, PanCancer Atlas)",High-Grade Serous Ovarian Cancer,523,DGKG,Dgkg,1608,4,0.7648183556405354
ov_tcga_pan_can_atlas_2018,"Ovarian Serous Cystadenocarcinoma (TCGA, PanCancer Atlas)",High-Grade Serous Ovarian Cancer,523,DGKH,Dgkh,160851,5,0.9560229445506692
ov_tcga_pan_can_atlas_2018,"Ovarian Serous Cystadenocarcinoma (TCGA, PanCancer Atlas)",High-Grade Serous Ovarian Cancer,523,DGKI,Dgki,9162,4,0.7648183556405354
ov_tcga_pan_can_atlas_2018,"Ovarian Serous Cystadenocarcinoma (TCGA, PanCancer Atlas)",High-Grade Serous Ovarian Cancer,523,DIP2A,Dip2a,23181,4,0.7648183556405354
ov_tcga_pan_can_atlas_2018,"Ovarian Serous Cystadenocarcinoma (TCGA, PanCancer Atlas)",High-Grade Serous Ovarian Cancer,523,DLC1,Dlc1,10395,5,0.9560229445506692
ov_tcga_pan_can_atlas_2018,"Ovarian Serous Cystadenocarcinoma (TCGA, PanCancer Atlas)",High-Grade Serous Ovarian Cancer,523,DLG2,Dlg2,1740,6,1.147227533460803
ov_tcga_pan_can_atlas_2018,"Ovarian Serous Cystadenocarcinoma (TCGA, PanCancer Atlas)",High-Grade Serous Ovarian Cancer,523,DLGAP1,Dlgap1,9229,5,0.9560229445506692
ov_tcga_pan_can_atlas_2018,"Ovarian Serous Cystadenocarcinoma (TCGA, PanCancer Atlas)",High-Grade Serous Ovarian Cancer,523,DLGAP2,Dlgap2,9228,4,0.7648183556405354
ov_tcga_pan_can_atlas_2018,"Ovarian Serous Cystadenocarcinoma (TCGA, PanCancer Atlas)",High-Grade Serous Ovarian Cancer,523,DMD,Dmd,1756,16,3.0592734225621414
ov_tcga_pan_can_atlas_2018,"Ovarian Serous Cystadenocarcinoma (TCGA, PanCancer Atlas)",High-Grade Serous Ovarian Cancer,523,DNER,Dner,92737,4,0.7648183556405354
ov_tcga_pan_can_atlas_2018,"Ovarian Serous Cystadenocarcinoma (TCGA, PanCancer Atlas)",High-Grade Serous Ovarian Cancer,523,DOCK10,Dock10,55619,8,1.5296367112810707
ov_tcga_pan_can_atlas_2018,"Ovarian Serous Cystadenocarcinoma (TCGA, PanCancer Atlas)",High-Grade Serous Ovarian Cancer,523,DOCK3,Dock3,1795,9,1.7208413001912046
ov_tcga_pan_can_atlas_2018,"Ovarian Serous Cystadenocarcinoma (TCGA, PanCancer Atlas)",High-Grade Serous Ovarian Cancer,523,DOCK4,Dock4,9732,11,2.1032504780114722
ov_tcga_pan_can_atlas_2018,"Ovarian Serous Cystadenocarcinoma (TCGA, PanCancer Atlas)",High-Grade Serous Ovarian Cancer,523,DOCK9,Dock9,23348,3,0.5736137667304015
ov_tcga_pan_can_atlas_2018,"Ovarian Serous Cystadenocarcinoma (TCGA, PanCancer Atlas)",High-Grade Serous Ovarian Cancer,523,DOK5,Dok5,55816,2,0.3824091778202677
ov_tcga_pan_can_atlas_2018,"Ovarian Serous Cystadenocarcinoma (TCGA, PanCancer Atlas)",High-Grade Serous Ovarian Cancer,523,DPP6,Dpp6,1804,4,0.7648183556405354
ov_tcga_pan_can_atlas_2018,"Ovarian Serous Cystadenocarcinoma (TCGA, PanCancer Atlas)",High-Grade Serous Ovarian Cancer,523,DSCAM,Dscam,1826,9,1.7208413001912046
ov_tcga_pan_can_atlas_2018,"Ovarian Serous Cystadenocarcinoma (TCGA, PanCancer Atlas)",High-Grade Serous Ovarian Cancer,523,DSCAML1,Dscaml1,57453,11,2.1032504780114722
ov_tcga_pan_can_atlas_2018,"Ovarian Serous Cystadenocarcinoma (TCGA, PanCancer Atlas)",High-Grade Serous Ovarian Cancer,523,DYNC1H1,Dync1h1,1778,18,3.4416826003824093
ov_tcga_pan_can_atlas_2018,"Ovarian Serous Cystadenocarcinoma (TCGA, PanCancer Atlas)",High-Grade Serous Ovarian Cancer,523,DYNC1I1,Dync1i1,1780,7,1.338432122370937
ov_tcga_pan_can_atlas_2018,"Ovarian Serous Cystadenocarcinoma (TCGA, PanCancer Atlas)",High-Grade Serous Ovarian Cancer,523,DYNC2H1,Dync2h1,79659,6,1.147227533460803
ov_tcga_pan_can_atlas_2018,"Ovarian Serous Cystadenocarcinoma (TCGA, PanCancer Atlas)",High-Grade Serous Ovarian Cancer,523,EEPD1,Eepd1,80820,1,0.19120458891013384
ov_tcga_pan_can_atlas_2018,"Ovarian Serous Cystadenocarcinoma (TCGA, PanCancer Atlas)",High-Grade Serous Ovarian Cancer,523,EFR3A,Efr3a,23167,2,0.3824091778202677
ov_tcga_pan_can_atlas_2018,"Ovarian Serous Cystadenocarcinoma (TCGA, PanCancer Atlas)",High-Grade Serous Ovarian Cancer,523,EGFR,Egfr,1956,6,1.147227533460803
ov_tcga_pan_can_atlas_2018,"Ovarian Serous Cystadenocarcinoma (TCGA, PanCancer Atlas)",High-Grade Serous Ovarian Cancer,523,ELAVL2,Elavl2,1993,3,0.5736137667304015
ov_tcga_pan_can_atlas_2018,"Ovarian Serous Cystadenocarcinoma (TCGA, PanCancer Atlas)",High-Grade Serous Ovarian Cancer,523,ENOX1,Enox1,55068,3,0.5736137667304015
ov_tcga_pan_can_atlas_2018,"Ovarian Serous Cystadenocarcinoma (TCGA, PanCancer Atlas)",High-Grade Serous Ovarian Cancer,523,EPHA3,Epha3,2042,5,0.9560229445506692
ov_tcga_pan_can_atlas_2018,"Ovarian Serous Cystadenocarcinoma (TCGA, PanCancer Atlas)",High-Grade Serous Ovarian Cancer,523,EPHA4,Epha4,2043,2,0.3824091778202677
ov_tcga_pan_can_atlas_2018,"Ovarian Serous Cystadenocarcinoma (TCGA, PanCancer Atlas)",High-Grade Serous Ovarian Cancer,523,EPHA6,Epha6,285220,3,0.5736137667304015
ov_tcga_pan_can_atlas_2018,"Ovarian Serous Cystadenocarcinoma (TCGA, PanCancer Atlas)",High-Grade Serous Ovarian Cancer,523,EPHB6,Ephb6,2051,6,1.147227533460803
ov_tcga_pan_can_atlas_2018,"Ovarian Serous Cystadenocarcinoma (TCGA, PanCancer Atlas)",High-Grade Serous Ovarian Cancer,523,ERBB4,Erbb4,2066,3,0.5736137667304015
ov_tcga_pan_can_atlas_2018,"Ovarian Serous Cystadenocarcinoma (TCGA, PanCancer Atlas)",High-Grade Serous Ovarian Cancer,523,ERC2,Erc2,26059,3,0.5736137667304015
ov_tcga_pan_can_atlas_2018,"Ovarian Serous Cystadenocarcinoma (TCGA, PanCancer Atlas)",High-Grade Serous Ovarian Cancer,523,ESRRG,Esrrg,2104,5,0.9560229445506692
ov_tcga_pan_can_atlas_2018,"Ovarian Serous Cystadenocarcinoma (TCGA, PanCancer Atlas)",High-Grade Serous Ovarian Cancer,523,ETV6,Etv6,2120,2,0.3824091778202677
ov_tcga_pan_can_atlas_2018,"Ovarian Serous Cystadenocarcinoma (TCGA, PanCancer Atlas)",High-Grade Serous Ovarian Cancer,523,EXOC4,Exoc4,60412,4,0.7648183556405354
ov_tcga_pan_can_atlas_2018,"Ovarian Serous Cystadenocarcinoma (TCGA, PanCancer Atlas)",High-Grade Serous Ovarian Cancer,523,EYA4,Eya4,2070,1,0.19120458891013384
ov_tcga_pan_can_atlas_2018,"Ovarian Serous Cystadenocarcinoma (TCGA, PanCancer Atlas)",High-Grade Serous Ovarian Cancer,523,FAM135B,Fam135b,51059,10,1.9120458891013383
ov_tcga_pan_can_atlas_2018,"Ovarian Serous Cystadenocarcinoma (TCGA, PanCancer Atlas)",High-Grade Serous Ovarian Cancer,523,FAT1,Fat1,2195,12,2.294455066921606
ov_tcga_pan_can_atlas_2018,"Ovarian Serous Cystadenocarcinoma (TCGA, PanCancer Atlas)",High-Grade Serous Ovarian Cancer,523,FAT3,Fat3,120114,24,4.588910133843212
ov_tcga_pan_can_atlas_2018,"Ovarian Serous Cystadenocarcinoma (TCGA, PanCancer Atlas)",High-Grade Serous Ovarian Cancer,523,FGF13,Fgf13,2258,1,0.19120458891013384
ov_tcga_pan_can_atlas_2018,"Ovarian Serous Cystadenocarcinoma (TCGA, PanCancer Atlas)",High-Grade Serous Ovarian Cancer,523,FHOD3,Fhod3,80206,5,0.9560229445506692
ov_tcga_pan_can_atlas_2018,"Ovarian Serous Cystadenocarcinoma (TCGA, PanCancer Atlas)",High-Grade Serous Ovarian Cancer,523,FMN1,Fmn1,342184,4,0.7648183556405354
ov_tcga_pan_can_atlas_2018,"Ovarian Serous Cystadenocarcinoma (TCGA, PanCancer Atlas)",High-Grade Serous Ovarian Cancer,523,FMN2,Fmn2,56776,6,1.147227533460803
ov_tcga_pan_can_atlas_2018,"Ovarian Serous Cystadenocarcinoma (TCGA, PanCancer Atlas)",High-Grade Serous Ovarian Cancer,523,FOCAD,Focad,54914,6,1.147227533460803
ov_tcga_pan_can_atlas_2018,"Ovarian Serous Cystadenocarcinoma (TCGA, PanCancer Atlas)",High-Grade Serous Ovarian Cancer,523,FRAS1,Fras1,80144,11,2.1032504780114722
ov_tcga_pan_can_atlas_2018,"Ovarian Serous Cystadenocarcinoma (TCGA, PanCancer Atlas)",High-Grade Serous Ovarian Cancer,523,FREM1,Frem1,158326,10,1.9120458891013383
ov_tcga_pan_can_atlas_2018,"Ovarian Serous Cystadenocarcinoma (TCGA, PanCancer Atlas)",High-Grade Serous Ovarian Cancer,523,FRMPD4,Frmpd4,9758,8,1.5296367112810707
ov_tcga_pan_can_atlas_2018,"Ovarian Serous Cystadenocarcinoma (TCGA, PanCancer Atlas)",High-Grade Serous Ovarian Cancer,523,FRY,Fry,10129,6,1.147227533460803
ov_tcga_pan_can_atlas_2018,"Ovarian Serous Cystadenocarcinoma (TCGA, PanCancer Atlas)",High-Grade Serous Ovarian Cancer,523,FSTL4,Fstl4,23105,4,0.7648183556405354
ov_tcga_pan_can_atlas_2018,"Ovarian Serous Cystadenocarcinoma (TCGA, PanCancer Atlas)",High-Grade Serous Ovarian Cancer,523,FSTL5,Fstl5,56884,4,0.7648183556405354
ov_tcga_pan_can_atlas_2018,"Ovarian Serous Cystadenocarcinoma (TCGA, PanCancer Atlas)",High-Grade Serous Ovarian Cancer,523,FUT9,Fut9,10690,1,0.19120458891013384
ov_tcga_pan_can_atlas_2018,"Ovarian Serous Cystadenocarcinoma (TCGA, PanCancer Atlas)",High-Grade Serous Ovarian Cancer,523,GABBR1,Gabbr1,2550,6,1.147227533460803
ov_tcga_pan_can_atlas_2018,"Ovarian Serous Cystadenocarcinoma (TCGA, PanCancer Atlas)",High-Grade Serous Ovarian Cancer,523,GABBR2,Gabbr2,9568,4,0.7648183556405354
ov_tcga_pan_can_atlas_2018,"Ovarian Serous Cystadenocarcinoma (TCGA, PanCancer Atlas)",High-Grade Serous Ovarian Cancer,523,GABRA1,Gabra1,2554,5,0.9560229445506692
ov_tcga_pan_can_atlas_2018,"Ovarian Serous Cystadenocarcinoma (TCGA, PanCancer Atlas)",High-Grade Serous Ovarian Cancer,523,GABRA2,Gabra2,2555,5,0.9560229445506692
ov_tcga_pan_can_atlas_2018,"Ovarian Serous Cystadenocarcinoma (TCGA, PanCancer Atlas)",High-Grade Serous Ovarian Cancer,523,GABRB1,Gabrb1,2560,3,0.5736137667304015
ov_tcga_pan_can_atlas_2018,"Ovarian Serous Cystadenocarcinoma (TCGA, PanCancer Atlas)",High-Grade Serous Ovarian Cancer,523,GABRB2,Gabrb2,2561,2,0.3824091778202677
ov_tcga_pan_can_atlas_2018,"Ovarian Serous Cystadenocarcinoma (TCGA, PanCancer Atlas)",High-Grade Serous Ovarian Cancer,523,GABRD,Gabrd,2563,0,0.0
ov_tcga_pan_can_atlas_2018,"Ovarian Serous Cystadenocarcinoma (TCGA, PanCancer Atlas)",High-Grade Serous Ovarian Cancer,523,GABRG2,Gabrg2,2566,5,0.9560229445506692
ov_tcga_pan_can_atlas_2018,"Ovarian Serous Cystadenocarcinoma (TCGA, PanCancer Atlas)",High-Grade Serous Ovarian Cancer,523,GABRG3,Gabrg3,2567,1,0.19120458891013384
ov_tcga_pan_can_atlas_2018,"Ovarian Serous Cystadenocarcinoma (TCGA, PanCancer Atlas)",High-Grade Serous Ovarian Cancer,523,GAD1,Gad1,2571,4,0.7648183556405354
ov_tcga_pan_can_atlas_2018,"Ovarian Serous Cystadenocarcinoma (TCGA, PanCancer Atlas)",High-Grade Serous Ovarian Cancer,523,GALNT13,Galnt13,114805,4,0.7648183556405354
ov_tcga_pan_can_atlas_2018,"Ovarian Serous Cystadenocarcinoma (TCGA, PanCancer Atlas)",High-Grade Serous Ovarian Cancer,523,GALNT14,Galnt14,79623,1,0.19120458891013384
ov_tcga_pan_can_atlas_2018,"Ovarian Serous Cystadenocarcinoma (TCGA, PanCancer Atlas)",High-Grade Serous Ovarian Cancer,523,GALNT18,Galnt18,374378,1,0.19120458891013384
ov_tcga_pan_can_atlas_2018,"Ovarian Serous Cystadenocarcinoma (TCGA, PanCancer Atlas)",High-Grade Serous Ovarian Cancer,523,GALNTL6,Galntl6,442117,1,0.19120458891013384
ov_tcga_pan_can_atlas_2018,"Ovarian Serous Cystadenocarcinoma (TCGA, PanCancer Atlas)",High-Grade Serous Ovarian Cancer,523,GAP43,Gap43,2596,2,0.3824091778202677
ov_tcga_pan_can_atlas_2018,"Ovarian Serous Cystadenocarcinoma (TCGA, PanCancer Atlas)",High-Grade Serous Ovarian Cancer,523,GARNL3,Garnl3,84253,5,0.9560229445506692
ov_tcga_pan_can_atlas_2018,"Ovarian Serous Cystadenocarcinoma (TCGA, PanCancer Atlas)",High-Grade Serous Ovarian Cancer,523,GAS7,Gas7,8522,0,0.0
ov_tcga_pan_can_atlas_2018,"Ovarian Serous Cystadenocarcinoma (TCGA, PanCancer Atlas)",High-Grade Serous Ovarian Cancer,523,GCC2,Gcc2,9648,1,0.19120458891013384
ov_tcga_pan_can_atlas_2018,"Ovarian Serous Cystadenocarcinoma (TCGA, PanCancer Atlas)",High-Grade Serous Ovarian Cancer,523,GDA,Gda,9615,2,0.3824091778202677
ov_tcga_pan_can_atlas_2018,"Ovarian Serous Cystadenocarcinoma (TCGA, PanCancer Atlas)",High-Grade Serous Ovarian Cancer,523,GHR,Ghr,2690,3,0.5736137667304015
ov_tcga_pan_can_atlas_2018,"Ovarian Serous Cystadenocarcinoma (TCGA, PanCancer Atlas)",High-Grade Serous Ovarian Cancer,523,GNPTAB,Gnptab,79158,4,0.7648183556405354
ov_tcga_pan_can_atlas_2018,"Ovarian Serous Cystadenocarcinoma (TCGA, PanCancer Atlas)",High-Grade Serous Ovarian Cancer,523,GOLIM4,Golim4,27333,1,0.19120458891013384
ov_tcga_pan_can_atlas_2018,"Ovarian Serous Cystadenocarcinoma (TCGA, PanCancer Atlas)",High-Grade Serous Ovarian Cancer,523,GOT1,Got1,2805,1,0.19120458891013384
ov_tcga_pan_can_atlas_2018,"Ovarian Serous Cystadenocarcinoma (TCGA, PanCancer Atlas)",High-Grade Serous Ovarian Cancer,523,GPR158,Gpr158,57512,5,0.9560229445506692
ov_tcga_pan_can_atlas_2018,"Ovarian Serous Cystadenocarcinoma (TCGA, PanCancer Atlas)",High-Grade Serous Ovarian Cancer,523,GRIA1,Gria1,2890,1,0.19120458891013384
ov_tcga_pan_can_atlas_2018,"Ovarian Serous Cystadenocarcinoma (TCGA, PanCancer Atlas)",High-Grade Serous Ovarian Cancer,523,GRIA3,Gria3,2892,3,0.5736137667304015
ov_tcga_pan_can_atlas_2018,"Ovarian Serous Cystadenocarcinoma (TCGA, PanCancer Atlas)",High-Grade Serous Ovarian Cancer,523,GRIA4,Gria4,2893,7,1.338432122370937
ov_tcga_pan_can_atlas_2018,"Ovarian Serous Cystadenocarcinoma (TCGA, PanCancer Atlas)",High-Grade Serous Ovarian Cancer,523,GRID1,Grid1,2894,5,0.9560229445506692
ov_tcga_pan_can_atlas_2018,"Ovarian Serous Cystadenocarcinoma (TCGA, PanCancer Atlas)",High-Grade Serous Ovarian Cancer,523,GRID2,Grid2,2895,5,0.9560229445506692
ov_tcga_pan_can_atlas_2018,"Ovarian Serous Cystadenocarcinoma (TCGA, PanCancer Atlas)",High-Grade Serous Ovarian Cancer,523,GRIK1,Grik1,2897,4,0.7648183556405354
ov_tcga_pan_can_atlas_2018,"Ovarian Serous Cystadenocarcinoma (TCGA, PanCancer Atlas)",High-Grade Serous Ovarian Cancer,523,GRIK3,Grik3,2899,5,0.9560229445506692
ov_tcga_pan_can_atlas_2018,"Ovarian Serous Cystadenocarcinoma (TCGA, PanCancer Atlas)",High-Grade Serous Ovarian Cancer,523,GRIN2A,Grin2a,2903,10,1.9120458891013383
ov_tcga_pan_can_atlas_2018,"Ovarian Serous Cystadenocarcinoma (TCGA, PanCancer Atlas)",High-Grade Serous Ovarian Cancer,523,GRIN3A,Grin3a,116443,2,0.3824091778202677
ov_tcga_pan_can_atlas_2018,"Ovarian Serous Cystadenocarcinoma (TCGA, PanCancer Atlas)",High-Grade Serous Ovarian Cancer,523,GRM3,Grm3,2913,6,1.147227533460803
ov_tcga_pan_can_atlas_2018,"Ovarian Serous Cystadenocarcinoma (TCGA, PanCancer Atlas)",High-Grade Serous Ovarian Cancer,523,GRM5,Grm5,2915,3,0.5736137667304015
ov_tcga_pan_can_atlas_2018,"Ovarian Serous Cystadenocarcinoma (TCGA, PanCancer Atlas)",High-Grade Serous Ovarian Cancer,523,GRM7,Grm7,2917,3,0.5736137667304015
ov_tcga_pan_can_atlas_2018,"Ovarian Serous Cystadenocarcinoma (TCGA, PanCancer Atlas)",High-Grade Serous Ovarian Cancer,523,GRM8,Grm8,2918,7,1.338432122370937
ov_tcga_pan_can_atlas_2018,"Ovarian Serous Cystadenocarcinoma (TCGA, PanCancer Atlas)",High-Grade Serous Ovarian Cancer,523,HCN1,Hcn1,348980,3,0.5736137667304015
ov_tcga_pan_can_atlas_2018,"Ovarian Serous Cystadenocarcinoma (TCGA, PanCancer Atlas)",High-Grade Serous Ovarian Cancer,523,HDAC9,Hdac9,9734,3,0.5736137667304015
ov_tcga_pan_can_atlas_2018,"Ovarian Serous Cystadenocarcinoma (TCGA, PanCancer Atlas)",High-Grade Serous Ovarian Cancer,523,HECW1,Hecw1,23072,11,2.1032504780114722
ov_tcga_pan_can_atlas_2018,"Ovarian Serous Cystadenocarcinoma (TCGA, PanCancer Atlas)",High-Grade Serous Ovarian Cancer,523,HECW2,Hecw2,57520,8,1.5296367112810707
ov_tcga_pan_can_atlas_2018,"Ovarian Serous Cystadenocarcinoma (TCGA, PanCancer Atlas)",High-Grade Serous Ovarian Cancer,523,HERC1,Herc1,8925,5,0.9560229445506692
ov_tcga_pan_can_atlas_2018,"Ovarian Serous Cystadenocarcinoma (TCGA, PanCancer Atlas)",High-Grade Serous Ovarian Cancer,523,HIVEP2,Hivep2,3097,8,1.5296367112810707
ov_tcga_pan_can_atlas_2018,"Ovarian Serous Cystadenocarcinoma (TCGA, PanCancer Atlas)",High-Grade Serous Ovarian Cancer,523,HIVEP3,Hivep3,59269,16,3.0592734225621414
ov_tcga_pan_can_atlas_2018,"Ovarian Serous Cystadenocarcinoma (TCGA, PanCancer Atlas)",High-Grade Serous Ovarian Cancer,523,HS3ST4,Hs3st4,9951,1,0.19120458891013384
ov_tcga_pan_can_atlas_2018,"Ovarian Serous Cystadenocarcinoma (TCGA, PanCancer Atlas)",High-Grade Serous Ovarian Cancer,523,HSPA12A,Hspa12a,259217,1,0.19120458891013384
ov_tcga_pan_can_atlas_2018,"Ovarian Serous Cystadenocarcinoma (TCGA, PanCancer Atlas)",High-Grade Serous Ovarian Cancer,523,HTR2C,Htr2c,3358,5,0.9560229445506692
ov_tcga_pan_can_atlas_2018,"Ovarian Serous Cystadenocarcinoma (TCGA, PanCancer Atlas)",High-Grade Serous Ovarian Cancer,523,IGF1,Igf1,3479,0,0.0
ov_tcga_pan_can_atlas_2018,"Ovarian Serous Cystadenocarcinoma (TCGA, PanCancer Atlas)",High-Grade Serous Ovarian Cancer,523,IL1RAPL1,Il1rapl1,11141,5,0.9560229445506692
ov_tcga_pan_can_atlas_2018,"Ovarian Serous Cystadenocarcinoma (TCGA, PanCancer Atlas)",High-Grade Serous Ovarian Cancer,523,IL1RAPL2,Il1rapl2,26280,5,0.9560229445506692
ov_tcga_pan_can_atlas_2018,"Ovarian Serous Cystadenocarcinoma (TCGA, PanCancer Atlas)",High-Grade Serous Ovarian Cancer,523,INPP4B,Inpp4b,8821,2,0.3824091778202677
ov_tcga_pan_can_atlas_2018,"Ovarian Serous Cystadenocarcinoma (TCGA, PanCancer Atlas)",High-Grade Serous Ovarian Cancer,523,IQSEC1,Iqsec1,9922,7,1.338432122370937
ov_tcga_pan_can_atlas_2018,"Ovarian Serous Cystadenocarcinoma (TCGA, PanCancer Atlas)",High-Grade Serous Ovarian Cancer,523,ITGA8,Itga8,8516,6,1.147227533460803
ov_tcga_pan_can_atlas_2018,"Ovarian Serous Cystadenocarcinoma (TCGA, PanCancer Atlas)",High-Grade Serous Ovarian Cancer,523,ITPK1,Itpk1,3705,3,0.5736137667304015
ov_tcga_pan_can_atlas_2018,"Ovarian Serous Cystadenocarcinoma (TCGA, PanCancer Atlas)",High-Grade Serous Ovarian Cancer,523,ITPR1,Itpr1,3708,4,0.7648183556405354
ov_tcga_pan_can_atlas_2018,"Ovarian Serous Cystadenocarcinoma (TCGA, PanCancer Atlas)",High-Grade Serous Ovarian Cancer,523,ITSN1,Itsn1,6453,3,0.5736137667304015
ov_tcga_pan_can_atlas_2018,"Ovarian Serous Cystadenocarcinoma (TCGA, PanCancer Atlas)",High-Grade Serous Ovarian Cancer,523,KALRN,Kalrn,8997,8,1.5296367112810707
ov_tcga_pan_can_atlas_2018,"Ovarian Serous Cystadenocarcinoma (TCGA, PanCancer Atlas)",High-Grade Serous Ovarian Cancer,523,KCNAB1,Kcnab1,7881,2,0.3824091778202677
ov_tcga_pan_can_atlas_2018,"Ovarian Serous Cystadenocarcinoma (TCGA, PanCancer Atlas)",High-Grade Serous Ovarian Cancer,523,KCNB1,Kcnb1,3745,2,0.3824091778202677
ov_tcga_pan_can_atlas_2018,"Ovarian Serous Cystadenocarcinoma (TCGA, PanCancer Atlas)",High-Grade Serous Ovarian Cancer,523,KCNB2,Kcnb2,9312,0,0.0
ov_tcga_pan_can_atlas_2018,"Ovarian Serous Cystadenocarcinoma (TCGA, PanCancer Atlas)",High-Grade Serous Ovarian Cancer,523,KCNC1,Kcnc1,3746,1,0.19120458891013384
ov_tcga_pan_can_atlas_2018,"Ovarian Serous Cystadenocarcinoma (TCGA, PanCancer Atlas)",High-Grade Serous Ovarian Cancer,523,KCNC2,Kcnc2,3747,1,0.19120458891013384
ov_tcga_pan_can_atlas_2018,"Ovarian Serous Cystadenocarcinoma (TCGA, PanCancer Atlas)",High-Grade Serous Ovarian Cancer,523,KCND3,Kcnd3,3752,5,0.9560229445506692
ov_tcga_pan_can_atlas_2018,"Ovarian Serous Cystadenocarcinoma (TCGA, PanCancer Atlas)",High-Grade Serous Ovarian Cancer,523,KCNH1,Kcnh1,3756,9,1.7208413001912046
ov_tcga_pan_can_atlas_2018,"Ovarian Serous Cystadenocarcinoma (TCGA, PanCancer Atlas)",High-Grade Serous Ovarian Cancer,523,KCNH5,Kcnh5,27133,6,1.147227533460803
ov_tcga_pan_can_atlas_2018,"Ovarian Serous Cystadenocarcinoma (TCGA, PanCancer Atlas)",High-Grade Serous Ovarian Cancer,523,KCNH7,Kcnh7,90134,9,1.7208413001912046
ov_tcga_pan_can_atlas_2018,"Ovarian Serous Cystadenocarcinoma (TCGA, PanCancer Atlas)",High-Grade Serous Ovarian Cancer,523,KCNJ3,Kcnj3,3760,3,0.5736137667304015
ov_tcga_pan_can_atlas_2018,"Ovarian Serous Cystadenocarcinoma (TCGA, PanCancer Atlas)",High-Grade Serous Ovarian Cancer,523,KCNMA1,Kcnma1,3778,5,0.9560229445506692
ov_tcga_pan_can_atlas_2018,"Ovarian Serous Cystadenocarcinoma (TCGA, PanCancer Atlas)",High-Grade Serous Ovarian Cancer,523,KCNQ3,Kcnq3,3786,4,0.7648183556405354
ov_tcga_pan_can_atlas_2018,"Ovarian Serous Cystadenocarcinoma (TCGA, PanCancer Atlas)",High-Grade Serous Ovarian Cancer,523,KCNQ5,Kcnq5,56479,6,1.147227533460803
ov_tcga_pan_can_atlas_2018,"Ovarian Serous Cystadenocarcinoma (TCGA, PanCancer Atlas)",High-Grade Serous Ovarian Cancer,523,KCNT1,Kcnt1,57582,3,0.5736137667304015
ov_tcga_pan_can_atlas_2018,"Ovarian Serous Cystadenocarcinoma (TCGA, PanCancer Atlas)",High-Grade Serous Ovarian Cancer,523,KCNT2,Kcnt2,343450,4,0.7648183556405354
ov_tcga_pan_can_atlas_2018,"Ovarian Serous Cystadenocarcinoma (TCGA, PanCancer Atlas)",High-Grade Serous Ovarian Cancer,523,KCTD8,Kctd8,386617,0,0.0
ov_tcga_pan_can_atlas_2018,"Ovarian Serous Cystadenocarcinoma (TCGA, PanCancer Atlas)",High-Grade Serous Ovarian Cancer,523,KHDRBS2,Khdrbs2,202559,4,0.7648183556405354
ov_tcga_pan_can_atlas_2018,"Ovarian Serous Cystadenocarcinoma (TCGA, PanCancer Atlas)",High-Grade Serous Ovarian Cancer,523,KIDINS220,Kidins220,57498,5,0.9560229445506692
ov_tcga_pan_can_atlas_2018,"Ovarian Serous Cystadenocarcinoma (TCGA, PanCancer Atlas)",High-Grade Serous Ovarian Cancer,523,KIF1A,Kif1a,547,4,0.7648183556405354
ov_tcga_pan_can_atlas_2018,"Ovarian Serous Cystadenocarcinoma (TCGA, PanCancer Atlas)",High-Grade Serous Ovarian Cancer,523,KIF21A,Kif21a,55605,11,2.1032504780114722
ov_tcga_pan_can_atlas_2018,"Ovarian Serous Cystadenocarcinoma (TCGA, PanCancer Atlas)",High-Grade Serous Ovarian Cancer,523,KIF26B,Kif26b,55083,8,1.5296367112810707
ov_tcga_pan_can_atlas_2018,"Ovarian Serous Cystadenocarcinoma (TCGA, PanCancer Atlas)",High-Grade Serous Ovarian Cancer,523,KIF5C,Kif5c,3800,1,0.19120458891013384
ov_tcga_pan_can_atlas_2018,"Ovarian Serous Cystadenocarcinoma (TCGA, PanCancer Atlas)",High-Grade Serous Ovarian Cancer,523,KIT,Kit,3815,9,1.7208413001912046
ov_tcga_pan_can_atlas_2018,"Ovarian Serous Cystadenocarcinoma (TCGA, PanCancer Atlas)",High-Grade Serous Ovarian Cancer,523,KLF12,Klf12,11278,2,0.3824091778202677
ov_tcga_pan_can_atlas_2018,"Ovarian Serous Cystadenocarcinoma (TCGA, PanCancer Atlas)",High-Grade Serous Ovarian Cancer,523,L3MBTL4,L3mbtl4,91133,2,0.3824091778202677
ov_tcga_pan_can_atlas_2018,"Ovarian Serous Cystadenocarcinoma (TCGA, PanCancer Atlas)",High-Grade Serous Ovarian Cancer,523,LAMA4,Lama4,3910,6,1.147227533460803
ov_tcga_pan_can_atlas_2018,"Ovarian Serous Cystadenocarcinoma (TCGA, PanCancer Atlas)",High-Grade Serous Ovarian Cancer,523,LAMP5,Lamp5,24141,4,0.7648183556405354
ov_tcga_pan_can_atlas_2018,"Ovarian Serous Cystadenocarcinoma (TCGA, PanCancer Atlas)",High-Grade Serous Ovarian Cancer,523,LIMCH1,Limch1,22998,3,0.5736137667304015
ov_tcga_pan_can_atlas_2018,"Ovarian Serous Cystadenocarcinoma (TCGA, PanCancer Atlas)",High-Grade Serous Ovarian Cancer,523,LINGO2,Lingo2,158038,3,0.5736137667304015
ov_tcga_pan_can_atlas_2018,"Ovarian Serous Cystadenocarcinoma (TCGA, PanCancer Atlas)",High-Grade Serous Ovarian Cancer,523,LMO7,Lmo7,4008,5,0.9560229445506692
ov_tcga_pan_can_atlas_2018,"Ovarian Serous Cystadenocarcinoma (TCGA, PanCancer Atlas)",High-Grade Serous Ovarian Cancer,523,LRFN2,Lrfn2,57497,7,1.338432122370937
ov_tcga_pan_can_atlas_2018,"Ovarian Serous Cystadenocarcinoma (TCGA, PanCancer Atlas)",High-Grade Serous Ovarian Cancer,523,LRFN5,Lrfn5,145581,6,1.147227533460803
ov_tcga_pan_can_atlas_2018,"Ovarian Serous Cystadenocarcinoma (TCGA, PanCancer Atlas)",High-Grade Serous Ovarian Cancer,523,LRP1B,Lrp1b,53353,21,4.015296367112811
ov_tcga_pan_can_atlas_2018,"Ovarian Serous Cystadenocarcinoma (TCGA, PanCancer Atlas)",High-Grade Serous Ovarian Cancer,523,LRRC4C,Lrrc4c,57689,3,0.5736137667304015
ov_tcga_pan_can_atlas_2018,"Ovarian Serous Cystadenocarcinoma (TCGA, PanCancer Atlas)",High-Grade Serous Ovarian Cancer,523,LRRC7,Lrrc7,57554,11,2.1032504780114722
ov_tcga_pan_can_atlas_2018,"Ovarian Serous Cystadenocarcinoma (TCGA, PanCancer Atlas)",High-Grade Serous Ovarian Cancer,523,LRRTM3,Lrrtm3,347731,2,0.3824091778202677
ov_tcga_pan_can_atlas_2018,"Ovarian Serous Cystadenocarcinoma (TCGA, PanCancer Atlas)",High-Grade Serous Ovarian Cancer,523,LUZP1,Luzp1,7798,0,0.0
ov_tcga_pan_can_atlas_2018,"Ovarian Serous Cystadenocarcinoma (TCGA, PanCancer Atlas)",High-Grade Serous Ovarian Cancer,523,LUZP2,Luzp2,338645,2,0.3824091778202677
ov_tcga_pan_can_atlas_2018,"Ovarian Serous Cystadenocarcinoma (TCGA, PanCancer Atlas)",High-Grade Serous Ovarian Cancer,523,MACROD2,Macrod2,140733,3,0.5736137667304015
ov_tcga_pan_can_atlas_2018,"Ovarian Serous Cystadenocarcinoma (TCGA, PanCancer Atlas)",High-Grade Serous Ovarian Cancer,523,MAGI1,Magi1,9223,4,0.7648183556405354
ov_tcga_pan_can_atlas_2018,"Ovarian Serous Cystadenocarcinoma (TCGA, PanCancer Atlas)",High-Grade Serous Ovarian Cancer,523,MAGI2,Magi2,9863,9,1.7208413001912046
ov_tcga_pan_can_atlas_2018,"Ovarian Serous Cystadenocarcinoma (TCGA, PanCancer Atlas)",High-Grade Serous Ovarian Cancer,523,MAGI3,Magi3,260425,7,1.338432122370937
ov_tcga_pan_can_atlas_2018,"Ovarian Serous Cystadenocarcinoma (TCGA, PanCancer Atlas)",High-Grade Serous Ovarian Cancer,523,MAP1A,Map1a,4130,6,1.147227533460803
ov_tcga_pan_can_atlas_2018,"Ovarian Serous Cystadenocarcinoma (TCGA, PanCancer Atlas)",High-Grade Serous Ovarian Cancer,523,MAP1B,Map1b,4131,5,0.9560229445506692
ov_tcga_pan_can_atlas_2018,"Ovarian Serous Cystadenocarcinoma (TCGA, PanCancer Atlas)",High-Grade Serous Ovarian Cancer,523,MAP2,Map2,4133,13,2.48565965583174
ov_tcga_pan_can_atlas_2018,"Ovarian Serous Cystadenocarcinoma (TCGA, PanCancer Atlas)",High-Grade Serous Ovarian Cancer,523,MAP3K5,Map3k5,4217,5,0.9560229445506692
ov_tcga_pan_can_atlas_2018,"Ovarian Serous Cystadenocarcinoma (TCGA, PanCancer Atlas)",High-Grade Serous Ovarian Cancer,523,MAP7D2,Map7d2,256714,1,0.19120458891013384
ov_tcga_pan_can_atlas_2018,"Ovarian Serous Cystadenocarcinoma (TCGA, PanCancer Atlas)",High-Grade Serous Ovarian Cancer,523,MARK1,Mark1,4139,3,0.5736137667304015
ov_tcga_pan_can_atlas_2018,"Ovarian Serous Cystadenocarcinoma (TCGA, PanCancer Atlas)",High-Grade Serous Ovarian Cancer,523,MAST3,Mast3,23031,4,0.7648183556405354
ov_tcga_pan_can_atlas_2018,"Ovarian Serous Cystadenocarcinoma (TCGA, PanCancer Atlas)",High-Grade Serous Ovarian Cancer,523,MCC,Mcc,4163,4,0.7648183556405354
ov_tcga_pan_can_atlas_2018,"Ovarian Serous Cystadenocarcinoma (TCGA, PanCancer Atlas)",High-Grade Serous Ovarian Cancer,523,MCTP1,Mctp1,79772,2,0.3824091778202677
ov_tcga_pan_can_atlas_2018,"Ovarian Serous Cystadenocarcinoma (TCGA, PanCancer Atlas)",High-Grade Serous Ovarian Cancer,523,MDGA2,Mdga2,161357,5,0.9560229445506692
ov_tcga_pan_can_atlas_2018,"Ovarian Serous Cystadenocarcinoma (TCGA, PanCancer Atlas)",High-Grade Serous Ovarian Cancer,523,MEF2C,Mef2c,4208,0,0.0
ov_tcga_pan_can_atlas_2018,"Ovarian Serous Cystadenocarcinoma (TCGA, PanCancer Atlas)",High-Grade Serous Ovarian Cancer,523,MGAT4C,Mgat4c,25834,7,1.338432122370937
ov_tcga_pan_can_atlas_2018,"Ovarian Serous Cystadenocarcinoma (TCGA, PanCancer Atlas)",High-Grade Serous Ovarian Cancer,523,MGAT5,Mgat5,4249,4,0.7648183556405354
ov_tcga_pan_can_atlas_2018,"Ovarian Serous Cystadenocarcinoma (TCGA, PanCancer Atlas)",High-Grade Serous Ovarian Cancer,523,MICAL2,Mical2,9645,4,0.7648183556405354
ov_tcga_pan_can_atlas_2018,"Ovarian Serous Cystadenocarcinoma (TCGA, PanCancer Atlas)",High-Grade Serous Ovarian Cancer,523,MLIP,Mlip,90523,4,0.7648183556405354
ov_tcga_pan_can_atlas_2018,"Ovarian Serous Cystadenocarcinoma (TCGA, PanCancer Atlas)",High-Grade Serous Ovarian Cancer,523,MMP16,Mmp16,4325,5,0.9560229445506692
ov_tcga_pan_can_atlas_2018,"Ovarian Serous Cystadenocarcinoma (TCGA, PanCancer Atlas)",High-Grade Serous Ovarian Cancer,523,MPDZ,Mpdz,8777,9,1.7208413001912046
ov_tcga_pan_can_atlas_2018,"Ovarian Serous Cystadenocarcinoma (TCGA, PanCancer Atlas)",High-Grade Serous Ovarian Cancer,523,MTUS2,Mtus2,23281,5,0.9560229445506692
ov_tcga_pan_can_atlas_2018,"Ovarian Serous Cystadenocarcinoma (TCGA, PanCancer Atlas)",High-Grade Serous Ovarian Cancer,523,MYH10,Myh10,4628,4,0.7648183556405354
ov_tcga_pan_can_atlas_2018,"Ovarian Serous Cystadenocarcinoma (TCGA, PanCancer Atlas)",High-Grade Serous Ovarian Cancer,523,MYO16,Myo16,23026,8,1.5296367112810707
ov_tcga_pan_can_atlas_2018,"Ovarian Serous Cystadenocarcinoma (TCGA, PanCancer Atlas)",High-Grade Serous Ovarian Cancer,523,MYO5A,Myo5a,4644,4,0.7648183556405354
ov_tcga_pan_can_atlas_2018,"Ovarian Serous Cystadenocarcinoma (TCGA, PanCancer Atlas)",High-Grade Serous Ovarian Cancer,523,MYRIP,Myrip,25924,5,0.9560229445506692
ov_tcga_pan_can_atlas_2018,"Ovarian Serous Cystadenocarcinoma (TCGA, PanCancer Atlas)",High-Grade Serous Ovarian Cancer,523,MYT1L,Myt1l,23040,5,0.9560229445506692
ov_tcga_pan_can_atlas_2018,"Ovarian Serous Cystadenocarcinoma (TCGA, PanCancer Atlas)",High-Grade Serous Ovarian Cancer,523,NAV2,Nav2,89797,7,1.338432122370937
ov_tcga_pan_can_atlas_2018,"Ovarian Serous Cystadenocarcinoma (TCGA, PanCancer Atlas)",High-Grade Serous Ovarian Cancer,523,NAV3,Nav3,89795,8,1.5296367112810707
ov_tcga_pan_can_atlas_2018,"Ovarian Serous Cystadenocarcinoma (TCGA, PanCancer Atlas)",High-Grade Serous Ovarian Cancer,523,NCAM1,Ncam1,4684,5,0.9560229445506692
ov_tcga_pan_can_atlas_2018,"Ovarian Serous Cystadenocarcinoma (TCGA, PanCancer Atlas)",High-Grade Serous Ovarian Cancer,523,NCAM2,Ncam2,4685,10,1.9120458891013383
ov_tcga_pan_can_atlas_2018,"Ovarian Serous Cystadenocarcinoma (TCGA, PanCancer Atlas)",High-Grade Serous Ovarian Cancer,523,NDST3,Ndst3,9348,0,0.0
ov_tcga_pan_can_atlas_2018,"Ovarian Serous Cystadenocarcinoma (TCGA, PanCancer Atlas)",High-Grade Serous Ovarian Cancer,523,NEBL,Nebl,10529,6,1.147227533460803
ov_tcga_pan_can_atlas_2018,"Ovarian Serous Cystadenocarcinoma (TCGA, PanCancer Atlas)",High-Grade Serous Ovarian Cancer,523,NEFM,Nefm,4741,1,0.19120458891013384
ov_tcga_pan_can_atlas_2018,"Ovarian Serous Cystadenocarcinoma (TCGA, PanCancer Atlas)",High-Grade Serous Ovarian Cancer,523,NELL1,Nell1,4745,5,0.9560229445506692
ov_tcga_pan_can_atlas_2018,"Ovarian Serous Cystadenocarcinoma (TCGA, PanCancer Atlas)",High-Grade Serous Ovarian Cancer,523,NELL2,Nell2,4753,3,0.5736137667304015
ov_tcga_pan_can_atlas_2018,"Ovarian Serous Cystadenocarcinoma (TCGA, PanCancer Atlas)",High-Grade Serous Ovarian Cancer,523,NETO1,Neto1,81832,6,1.147227533460803
ov_tcga_pan_can_atlas_2018,"Ovarian Serous Cystadenocarcinoma (TCGA, PanCancer Atlas)",High-Grade Serous Ovarian Cancer,523,NF1,Nf1,4763,30,5.736137667304015
ov_tcga_pan_can_atlas_2018,"Ovarian Serous Cystadenocarcinoma (TCGA, PanCancer Atlas)",High-Grade Serous Ovarian Cancer,523,NFIB,Nfib,4781,0,0.0
ov_tcga_pan_can_atlas_2018,"Ovarian Serous Cystadenocarcinoma (TCGA, PanCancer Atlas)",High-Grade Serous Ovarian Cancer,523,NHS,Nhs,4810,4,0.7648183556405354
ov_tcga_pan_can_atlas_2018,"Ovarian Serous Cystadenocarcinoma (TCGA, PanCancer Atlas)",High-Grade Serous Ovarian Cancer,523,NIN,Nin,51199,5,0.9560229445506692
ov_tcga_pan_can_atlas_2018,"Ovarian Serous Cystadenocarcinoma (TCGA, PanCancer Atlas)",High-Grade Serous Ovarian Cancer,523,NLGN1,Nlgn1,22871,4,0.7648183556405354
ov_tcga_pan_can_atlas_2018,"Ovarian Serous Cystadenocarcinoma (TCGA, PanCancer Atlas)",High-Grade Serous Ovarian Cancer,523,NOL4,Nol4,8715,7,1.338432122370937
ov_tcga_pan_can_atlas_2018,"Ovarian Serous Cystadenocarcinoma (TCGA, PanCancer Atlas)",High-Grade Serous Ovarian Cancer,523,NPAS2,Npas2,4862,4,0.7648183556405354
ov_tcga_pan_can_atlas_2018,"Ovarian Serous Cystadenocarcinoma (TCGA, PanCancer Atlas)",High-Grade Serous Ovarian Cancer,523,NPAS3,Npas3,64067,8,1.5296367112810707
ov_tcga_pan_can_atlas_2018,"Ovarian Serous Cystadenocarcinoma (TCGA, PanCancer Atlas)",High-Grade Serous Ovarian Cancer,523,NR2F2,Nr2f2,7026,1,0.19120458891013384
ov_tcga_pan_can_atlas_2018,"Ovarian Serous Cystadenocarcinoma (TCGA, PanCancer Atlas)",High-Grade Serous Ovarian Cancer,523,NR3C2,Nr3c2,4306,5,0.9560229445506692
ov_tcga_pan_can_atlas_2018,"Ovarian Serous Cystadenocarcinoma (TCGA, PanCancer Atlas)",High-Grade Serous Ovarian Cancer,523,NRG3,Nrg3,10718,2,0.3824091778202677
ov_tcga_pan_can_atlas_2018,"Ovarian Serous Cystadenocarcinoma (TCGA, PanCancer Atlas)",High-Grade Serous Ovarian Cancer,523,NRXN1,Nrxn1,9378,6,1.147227533460803
ov_tcga_pan_can_atlas_2018,"Ovarian Serous Cystadenocarcinoma (TCGA, PanCancer Atlas)",High-Grade Serous Ovarian Cancer,523,NRXN3,Nrxn3,9369,6,1.147227533460803
ov_tcga_pan_can_atlas_2018,"Ovarian Serous Cystadenocarcinoma (TCGA, PanCancer Atlas)",High-Grade Serous Ovarian Cancer,523,NTN4,Ntn4,59277,2,0.3824091778202677
ov_tcga_pan_can_atlas_2018,"Ovarian Serous Cystadenocarcinoma (TCGA, PanCancer Atlas)",High-Grade Serous Ovarian Cancer,523,NTNG1,Ntng1,22854,5,0.9560229445506692
ov_tcga_pan_can_atlas_2018,"Ovarian Serous Cystadenocarcinoma (TCGA, PanCancer Atlas)",High-Grade Serous Ovarian Cancer,523,NTRK3,Ntrk3,4916,4,0.7648183556405354
ov_tcga_pan_can_atlas_2018,"Ovarian Serous Cystadenocarcinoma (TCGA, PanCancer Atlas)",High-Grade Serous Ovarian Cancer,523,NXPH1,Nxph1,30010,2,0.3824091778202677
ov_tcga_pan_can_atlas_2018,"Ovarian Serous Cystadenocarcinoma (TCGA, PanCancer Atlas)",High-Grade Serous Ovarian Cancer,523,NYAP2,Nyap2,57624,3,0.5736137667304015
ov_tcga_pan_can_atlas_2018,"Ovarian Serous Cystadenocarcinoma (TCGA, PanCancer Atlas)",High-Grade Serous Ovarian Cancer,523,OLFM3,Olfm3,118427,3,0.5736137667304015
ov_tcga_pan_can_atlas_2018,"Ovarian Serous Cystadenocarcinoma (TCGA, PanCancer Atlas)",High-Grade Serous Ovarian Cancer,523,OPCML,Opcml,4978,4,0.7648183556405354
ov_tcga_pan_can_atlas_2018,"Ovarian Serous Cystadenocarcinoma (TCGA, PanCancer Atlas)",High-Grade Serous Ovarian Cancer,523,OSBPL1A,Osbpl1a,114876,4,0.7648183556405354
ov_tcga_pan_can_atlas_2018,"Ovarian Serous Cystadenocarcinoma (TCGA, PanCancer Atlas)",High-Grade Serous Ovarian Cancer,523,OSBPL3,Osbpl3,26031,2,0.3824091778202677
ov_tcga_pan_can_atlas_2018,"Ovarian Serous Cystadenocarcinoma (TCGA, PanCancer Atlas)",High-Grade Serous Ovarian Cancer,523,OSBPL6,Osbpl6,114880,2,0.3824091778202677
ov_tcga_pan_can_atlas_2018,"Ovarian Serous Cystadenocarcinoma (TCGA, PanCancer Atlas)",High-Grade Serous Ovarian Cancer,523,OSBPL8,Osbpl8,114882,2,0.3824091778202677
ov_tcga_pan_can_atlas_2018,"Ovarian Serous Cystadenocarcinoma (TCGA, PanCancer Atlas)",High-Grade Serous Ovarian Cancer,523,OXR1,Oxr1,55074,0,0.0
ov_tcga_pan_can_atlas_2018,"Ovarian Serous Cystadenocarcinoma (TCGA, PanCancer Atlas)",High-Grade Serous Ovarian Cancer,523,PARM1,Parm1,25849,1,0.19120458891013384
ov_tcga_pan_can_atlas_2018,"Ovarian Serous Cystadenocarcinoma (TCGA, PanCancer Atlas)",High-Grade Serous Ovarian Cancer,523,PCDH11X,Pcdh11x,27328,3,0.5736137667304015
ov_tcga_pan_can_atlas_2018,"Ovarian Serous Cystadenocarcinoma (TCGA, PanCancer Atlas)",High-Grade Serous Ovarian Cancer,523,PCDH15,Pcdh15,65217,16,3.0592734225621414
ov_tcga_pan_can_atlas_2018,"Ovarian Serous Cystadenocarcinoma (TCGA, PanCancer Atlas)",High-Grade Serous Ovarian Cancer,523,PCDH7,Pcdh7,5099,4,0.7648183556405354
ov_tcga_pan_can_atlas_2018,"Ovarian Serous Cystadenocarcinoma (TCGA, PanCancer Atlas)",High-Grade Serous Ovarian Cancer,523,PCDH9,Pcdh9,5101,7,1.338432122370937
ov_tcga_pan_can_atlas_2018,"Ovarian Serous Cystadenocarcinoma (TCGA, PanCancer Atlas)",High-Grade Serous Ovarian Cancer,523,PCLO,Pclo,27445,14,2.676864244741874
ov_tcga_pan_can_atlas_2018,"Ovarian Serous Cystadenocarcinoma (TCGA, PanCancer Atlas)",High-Grade Serous Ovarian Cancer,523,PCSK2,Pcsk2,5126,9,1.7208413001912046
ov_tcga_pan_can_atlas_2018,"Ovarian Serous Cystadenocarcinoma (TCGA, PanCancer Atlas)",High-Grade Serous Ovarian Cancer,523,PDE1A,Pde1a,5136,2,0.3824091778202677
ov_tcga_pan_can_atlas_2018,"Ovarian Serous Cystadenocarcinoma (TCGA, PanCancer Atlas)",High-Grade Serous Ovarian Cancer,523,PDE1C,Pde1c,5137,6,1.147227533460803
ov_tcga_pan_can_atlas_2018,"Ovarian Serous Cystadenocarcinoma (TCGA, PanCancer Atlas)",High-Grade Serous Ovarian Cancer,523,PDE2A,Pde2a,5138,7,1.338432122370937
ov_tcga_pan_can_atlas_2018,"Ovarian Serous Cystadenocarcinoma (TCGA, PanCancer Atlas)",High-Grade Serous Ovarian Cancer,523,PDE4B,Pde4b,5142,2,0.3824091778202677
ov_tcga_pan_can_atlas_2018,"Ovarian Serous Cystadenocarcinoma (TCGA, PanCancer Atlas)",High-Grade Serous Ovarian Cancer,523,PDZD2,Pdzd2,23037,10,1.9120458891013383
ov_tcga_pan_can_atlas_2018,"Ovarian Serous Cystadenocarcinoma (TCGA, PanCancer Atlas)",High-Grade Serous Ovarian Cancer,523,PDZRN3,Pdzrn3,23024,6,1.147227533460803
ov_tcga_pan_can_atlas_2018,"Ovarian Serous Cystadenocarcinoma (TCGA, PanCancer Atlas)",High-Grade Serous Ovarian Cancer,523,PDZRN4,Pdzrn4,29951,5,0.9560229445506692
ov_tcga_pan_can_atlas_2018,"Ovarian Serous Cystadenocarcinoma (TCGA, PanCancer Atlas)",High-Grade Serous Ovarian Cancer,523,PENK,Penk,5179,4,0.7648183556405354
ov_tcga_pan_can_atlas_2018,"Ovarian Serous Cystadenocarcinoma (TCGA, PanCancer Atlas)",High-Grade Serous Ovarian Cancer,523,PHACTR1,Phactr1,221692,1,0.19120458891013384
ov_tcga_pan_can_atlas_2018,"Ovarian Serous Cystadenocarcinoma (TCGA, PanCancer Atlas)",High-Grade Serous Ovarian Cancer,523,PI4KA,Pi4ka,5297,5,0.9560229445506692
ov_tcga_pan_can_atlas_2018,"Ovarian Serous Cystadenocarcinoma (TCGA, PanCancer Atlas)",High-Grade Serous Ovarian Cancer,523,PKD1,Pkd1,5310,1,0.19120458891013384
ov_tcga_pan_can_atlas_2018,"Ovarian Serous Cystadenocarcinoma (TCGA, PanCancer Atlas)",High-Grade Serous Ovarian Cancer,523,PKP2,Pkp2,5318,2,0.3824091778202677
ov_tcga_pan_can_atlas_2018,"Ovarian Serous Cystadenocarcinoma (TCGA, PanCancer Atlas)",High-Grade Serous Ovarian Cancer,523,PLCB1,Plcb1,23236,6,1.147227533460803
ov_tcga_pan_can_atlas_2018,"Ovarian Serous Cystadenocarcinoma (TCGA, PanCancer Atlas)",High-Grade Serous Ovarian Cancer,523,PLCB4,Plcb4,5332,6,1.147227533460803
ov_tcga_pan_can_atlas_2018,"Ovarian Serous Cystadenocarcinoma (TCGA, PanCancer Atlas)",High-Grade Serous Ovarian Cancer,523,PLCH1,Plch1,23007,12,2.294455066921606
ov_tcga_pan_can_atlas_2018,"Ovarian Serous Cystadenocarcinoma (TCGA, PanCancer Atlas)",High-Grade Serous Ovarian Cancer,523,PLCL2,Plcl2,23228,3,0.5736137667304015
ov_tcga_pan_can_atlas_2018,"Ovarian Serous Cystadenocarcinoma (TCGA, PanCancer Atlas)",High-Grade Serous Ovarian Cancer,523,PLCXD3,Plcxd3,345557,5,0.9560229445506692
ov_tcga_pan_can_atlas_2018,"Ovarian Serous Cystadenocarcinoma (TCGA, PanCancer Atlas)",High-Grade Serous Ovarian Cancer,523,PLD3,Pld3,23646,2,0.3824091778202677
ov_tcga_pan_can_atlas_2018,"Ovarian Serous Cystadenocarcinoma (TCGA, PanCancer Atlas)",High-Grade Serous Ovarian Cancer,523,PLD5,Pld5,200150,6,1.147227533460803
ov_tcga_pan_can_atlas_2018,"Ovarian Serous Cystadenocarcinoma (TCGA, PanCancer Atlas)",High-Grade Serous Ovarian Cancer,523,PLXNA2,Plxna2,5362,7,1.338432122370937
ov_tcga_pan_can_atlas_2018,"Ovarian Serous Cystadenocarcinoma (TCGA, PanCancer Atlas)",High-Grade Serous Ovarian Cancer,523,PLXNA4,Plxna4,91584,10,1.9120458891013383
ov_tcga_pan_can_atlas_2018,"Ovarian Serous Cystadenocarcinoma (TCGA, PanCancer Atlas)",High-Grade Serous Ovarian Cancer,523,PPARGC1A,Ppargc1a,10891,5,0.9560229445506692
ov_tcga_pan_can_atlas_2018,"Ovarian Serous Cystadenocarcinoma (TCGA, PanCancer Atlas)",High-Grade Serous Ovarian Cancer,523,PPFIA2,Ppfia2,8499,4,0.7648183556405354
ov_tcga_pan_can_atlas_2018,"Ovarian Serous Cystadenocarcinoma (TCGA, PanCancer Atlas)",High-Grade Serous Ovarian Cancer,523,PPFIBP1,Ppfibp1,8496,2,0.3824091778202677
ov_tcga_pan_can_atlas_2018,"Ovarian Serous Cystadenocarcinoma (TCGA, PanCancer Atlas)",High-Grade Serous Ovarian Cancer,523,PPIP5K2,Ppip5k2,23262,5,0.9560229445506692
ov_tcga_pan_can_atlas_2018,"Ovarian Serous Cystadenocarcinoma (TCGA, PanCancer Atlas)",High-Grade Serous Ovarian Cancer,523,PRICKLE1,Prickle1,144165,5,0.9560229445506692
ov_tcga_pan_can_atlas_2018,"Ovarian Serous Cystadenocarcinoma (TCGA, PanCancer Atlas)",High-Grade Serous Ovarian Cancer,523,PRICKLE2,Prickle2,166336,4,0.7648183556405354
ov_tcga_pan_can_atlas_2018,"Ovarian Serous Cystadenocarcinoma (TCGA, PanCancer Atlas)",High-Grade Serous Ovarian Cancer,523,PRKCA,Prkca,5578,4,0.7648183556405354
ov_tcga_pan_can_atlas_2018,"Ovarian Serous Cystadenocarcinoma (TCGA, PanCancer Atlas)",High-Grade Serous Ovarian Cancer,523,PRKD1,Prkd1,5587,3,0.5736137667304015
ov_tcga_pan_can_atlas_2018,"Ovarian Serous Cystadenocarcinoma (TCGA, PanCancer Atlas)",High-Grade Serous Ovarian Cancer,523,PRKG1,Prkg1,5592,5,0.9560229445506692
ov_tcga_pan_can_atlas_2018,"Ovarian Serous Cystadenocarcinoma (TCGA, PanCancer Atlas)",High-Grade Serous Ovarian Cancer,523,PRMT8,Prmt8,56341,5,0.9560229445506692
ov_tcga_pan_can_atlas_2018,"Ovarian Serous Cystadenocarcinoma (TCGA, PanCancer Atlas)",High-Grade Serous Ovarian Cancer,523,PROX1,Prox1,5629,6,1.147227533460803
ov_tcga_pan_can_atlas_2018,"Ovarian Serous Cystadenocarcinoma (TCGA, PanCancer Atlas)",High-Grade Serous Ovarian Cancer,523,PRR16,Prr16,51334,0,0.0
ov_tcga_pan_can_atlas_2018,"Ovarian Serous Cystadenocarcinoma (TCGA, PanCancer Atlas)",High-Grade Serous Ovarian Cancer,523,PTCHD4,Ptchd4,442213,4,0.7648183556405354
ov_tcga_pan_can_atlas_2018,"Ovarian Serous Cystadenocarcinoma (TCGA, PanCancer Atlas)",High-Grade Serous Ovarian Cancer,523,PTK2B,Ptk2b,2185,5,0.9560229445506692
ov_tcga_pan_can_atlas_2018,"Ovarian Serous Cystadenocarcinoma (TCGA, PanCancer Atlas)",High-Grade Serous Ovarian Cancer,523,PTPRD,Ptprd,5789,10,1.9120458891013383
ov_tcga_pan_can_atlas_2018,"Ovarian Serous Cystadenocarcinoma (TCGA, PanCancer Atlas)",High-Grade Serous Ovarian Cancer,523,PTPRE,Ptpre,5791,3,0.5736137667304015
ov_tcga_pan_can_atlas_2018,"Ovarian Serous Cystadenocarcinoma (TCGA, PanCancer Atlas)",High-Grade Serous Ovarian Cancer,523,PTPRG,Ptprg,5793,11,2.1032504780114722
ov_tcga_pan_can_atlas_2018,"Ovarian Serous Cystadenocarcinoma (TCGA, PanCancer Atlas)",High-Grade Serous Ovarian Cancer,523,PTPRM,Ptprm,5797,5,0.9560229445506692
ov_tcga_pan_can_atlas_2018,"Ovarian Serous Cystadenocarcinoma (TCGA, PanCancer Atlas)",High-Grade Serous Ovarian Cancer,523,PTPRN,Ptprn,5798,2,0.3824091778202677
ov_tcga_pan_can_atlas_2018,"Ovarian Serous Cystadenocarcinoma (TCGA, PanCancer Atlas)",High-Grade Serous Ovarian Cancer,523,PTPRN2,Ptprn2,5799,7,1.338432122370937
ov_tcga_pan_can_atlas_2018,"Ovarian Serous Cystadenocarcinoma (TCGA, PanCancer Atlas)",High-Grade Serous Ovarian Cancer,523,PTPRO,Ptpro,5800,5,0.9560229445506692
ov_tcga_pan_can_atlas_2018,"Ovarian Serous Cystadenocarcinoma (TCGA, PanCancer Atlas)",High-Grade Serous Ovarian Cancer,523,PTPRR,Ptprr,5801,4,0.7648183556405354
ov_tcga_pan_can_atlas_2018,"Ovarian Serous Cystadenocarcinoma (TCGA, PanCancer Atlas)",High-Grade Serous Ovarian Cancer,523,PTPRS,Ptprs,5802,4,0.7648183556405354
ov_tcga_pan_can_atlas_2018,"Ovarian Serous Cystadenocarcinoma (TCGA, PanCancer Atlas)",High-Grade Serous Ovarian Cancer,523,PTPRT,Ptprt,11122,9,1.7208413001912046
ov_tcga_pan_can_atlas_2018,"Ovarian Serous Cystadenocarcinoma (TCGA, PanCancer Atlas)",High-Grade Serous Ovarian Cancer,523,RALGAPA2,Ralgapa2,57186,5,0.9560229445506692
ov_tcga_pan_can_atlas_2018,"Ovarian Serous Cystadenocarcinoma (TCGA, PanCancer Atlas)",High-Grade Serous Ovarian Cancer,523,RALYL,Ralyl,138046,0,0.0
ov_tcga_pan_can_atlas_2018,"Ovarian Serous Cystadenocarcinoma (TCGA, PanCancer Atlas)",High-Grade Serous Ovarian Cancer,523,RAPGEF2,Rapgef2,9693,4,0.7648183556405354
ov_tcga_pan_can_atlas_2018,"Ovarian Serous Cystadenocarcinoma (TCGA, PanCancer Atlas)",High-Grade Serous Ovarian Cancer,523,RAPGEF4,Rapgef4,11069,2,0.3824091778202677
ov_tcga_pan_can_atlas_2018,"Ovarian Serous Cystadenocarcinoma (TCGA, PanCancer Atlas)",High-Grade Serous Ovarian Cancer,523,RAPGEF5,Rapgef5,9771,1,0.19120458891013384
ov_tcga_pan_can_atlas_2018,"Ovarian Serous Cystadenocarcinoma (TCGA, PanCancer Atlas)",High-Grade Serous Ovarian Cancer,523,RARB,Rarb,5915,3,0.5736137667304015
ov_tcga_pan_can_atlas_2018,"Ovarian Serous Cystadenocarcinoma (TCGA, PanCancer Atlas)",High-Grade Serous Ovarian Cancer,523,RASAL2,Rasal2,9462,2,0.3824091778202677
ov_tcga_pan_can_atlas_2018,"Ovarian Serous Cystadenocarcinoma (TCGA, PanCancer Atlas)",High-Grade Serous Ovarian Cancer,523,RASGRF2,Rasgrf2,5924,7,1.338432122370937
ov_tcga_pan_can_atlas_2018,"Ovarian Serous Cystadenocarcinoma (TCGA, PanCancer Atlas)",High-Grade Serous Ovarian Cancer,523,RBFOX1,Rbfox1,54715,3,0.5736137667304015
ov_tcga_pan_can_atlas_2018,"Ovarian Serous Cystadenocarcinoma (TCGA, PanCancer Atlas)",High-Grade Serous Ovarian Cancer,523,RELN,Reln,5649,17,3.2504780114722753
ov_tcga_pan_can_atlas_2018,"Ovarian Serous Cystadenocarcinoma (TCGA, PanCancer Atlas)",High-Grade Serous Ovarian Cancer,523,REV3L,Rev3l,5980,4,0.7648183556405354
ov_tcga_pan_can_atlas_2018,"Ovarian Serous Cystadenocarcinoma (TCGA, PanCancer Atlas)",High-Grade Serous Ovarian Cancer,523,RGS12,Rgs12,6002,3,0.5736137667304015
ov_tcga_pan_can_atlas_2018,"Ovarian Serous Cystadenocarcinoma (TCGA, PanCancer Atlas)",High-Grade Serous Ovarian Cancer,523,RGS6,Rgs6,9628,2,0.3824091778202677
ov_tcga_pan_can_atlas_2018,"Ovarian Serous Cystadenocarcinoma (TCGA, PanCancer Atlas)",High-Grade Serous Ovarian Cancer,523,RGS7,Rgs7,6000,5,0.9560229445506692
ov_tcga_pan_can_atlas_2018,"Ovarian Serous Cystadenocarcinoma (TCGA, PanCancer Atlas)",High-Grade Serous Ovarian Cancer,523,RIMBP2,Rimbp2,23504,7,1.338432122370937
ov_tcga_pan_can_atlas_2018,"Ovarian Serous Cystadenocarcinoma (TCGA, PanCancer Atlas)",High-Grade Serous Ovarian Cancer,523,ROBO1,Robo1,6091,9,1.7208413001912046
ov_tcga_pan_can_atlas_2018,"Ovarian Serous Cystadenocarcinoma (TCGA, PanCancer Atlas)",High-Grade Serous Ovarian Cancer,523,ROBO2,Robo2,6092,9,1.7208413001912046
ov_tcga_pan_can_atlas_2018,"Ovarian Serous Cystadenocarcinoma (TCGA, PanCancer Atlas)",High-Grade Serous Ovarian Cancer,523,ROCK2,Rock2,9475,3,0.5736137667304015
ov_tcga_pan_can_atlas_2018,"Ovarian Serous Cystadenocarcinoma (TCGA, PanCancer Atlas)",High-Grade Serous Ovarian Cancer,523,RPH3A,Rph3a,22895,2,0.3824091778202677
ov_tcga_pan_can_atlas_2018,"Ovarian Serous Cystadenocarcinoma (TCGA, PanCancer Atlas)",High-Grade Serous Ovarian Cancer,523,RPS6KA2,Rps6ka2,6196,0,0.0
ov_tcga_pan_can_atlas_2018,"Ovarian Serous Cystadenocarcinoma (TCGA, PanCancer Atlas)",High-Grade Serous Ovarian Cancer,523,RPS6KC1,Rps6kc1,26750,8,1.5296367112810707
ov_tcga_pan_can_atlas_2018,"Ovarian Serous Cystadenocarcinoma (TCGA, PanCancer Atlas)",High-Grade Serous Ovarian Cancer,523,RTN1,Rtn1,6252,2,0.3824091778202677
ov_tcga_pan_can_atlas_2018,"Ovarian Serous Cystadenocarcinoma (TCGA, PanCancer Atlas)",High-Grade Serous Ovarian Cancer,523,RUNX1T1,Runx1t1,862,3,0.5736137667304015
ov_tcga_pan_can_atlas_2018,"Ovarian Serous Cystadenocarcinoma (TCGA, PanCancer Atlas)",High-Grade Serous Ovarian Cancer,523,RXFP1,Rxfp1,59350,1,0.19120458891013384
ov_tcga_pan_can_atlas_2018,"Ovarian Serous Cystadenocarcinoma (TCGA, PanCancer Atlas)",High-Grade Serous Ovarian Cancer,523,RYR1,Ryr1,6261,23,4.397705544933078
ov_tcga_pan_can_atlas_2018,"Ovarian Serous Cystadenocarcinoma (TCGA, PanCancer Atlas)",High-Grade Serous Ovarian Cancer,523,RYR2,Ryr2,6262,28,5.353728489483748
ov_tcga_pan_can_atlas_2018,"Ovarian Serous Cystadenocarcinoma (TCGA, PanCancer Atlas)",High-Grade Serous Ovarian Cancer,523,RYR3,Ryr3,6263,9,1.7208413001912046
ov_tcga_pan_can_atlas_2018,"Ovarian Serous Cystadenocarcinoma (TCGA, PanCancer Atlas)",High-Grade Serous Ovarian Cancer,523,SCN1A,Scn1a,6323,12,2.294455066921606
ov_tcga_pan_can_atlas_2018,"Ovarian Serous Cystadenocarcinoma (TCGA, PanCancer Atlas)",High-Grade Serous Ovarian Cancer,523,SCN3A,Scn3a,6328,14,2.676864244741874
ov_tcga_pan_can_atlas_2018,"Ovarian Serous Cystadenocarcinoma (TCGA, PanCancer Atlas)",High-Grade Serous Ovarian Cancer,523,SCN8A,Scn8a,6334,10,1.9120458891013383
ov_tcga_pan_can_atlas_2018,"Ovarian Serous Cystadenocarcinoma (TCGA, PanCancer Atlas)",High-Grade Serous Ovarian Cancer,523,SDK1,Sdk1,221935,7,1.338432122370937
ov_tcga_pan_can_atlas_2018,"Ovarian Serous Cystadenocarcinoma (TCGA, PanCancer Atlas)",High-Grade Serous Ovarian Cancer,523,SEMA5B,Sema5b,54437,4,0.7648183556405354
ov_tcga_pan_can_atlas_2018,"Ovarian Serous Cystadenocarcinoma (TCGA, PanCancer Atlas)",High-Grade Serous Ovarian Cancer,523,SEMA6D,Sema6d,80031,3,0.5736137667304015
ov_tcga_pan_can_atlas_2018,"Ovarian Serous Cystadenocarcinoma (TCGA, PanCancer Atlas)",High-Grade Serous Ovarian Cancer,523,SERPINI1,Serpini1,5274,2,0.3824091778202677
ov_tcga_pan_can_atlas_2018,"Ovarian Serous Cystadenocarcinoma (TCGA, PanCancer Atlas)",High-Grade Serous Ovarian Cancer,523,SETBP1,Setbp1,26040,5,0.9560229445506692
ov_tcga_pan_can_atlas_2018,"Ovarian Serous Cystadenocarcinoma (TCGA, PanCancer Atlas)",High-Grade Serous Ovarian Cancer,523,SEZ6,Sez6,124925,1,0.19120458891013384
ov_tcga_pan_can_atlas_2018,"Ovarian Serous Cystadenocarcinoma (TCGA, PanCancer Atlas)",High-Grade Serous Ovarian Cancer,523,SGCZ,Sgcz,137868,2,0.3824091778202677
ov_tcga_pan_can_atlas_2018,"Ovarian Serous Cystadenocarcinoma (TCGA, PanCancer Atlas)",High-Grade Serous Ovarian Cancer,523,SGK1,Sgk1,6446,1,0.19120458891013384
ov_tcga_pan_can_atlas_2018,"Ovarian Serous Cystadenocarcinoma (TCGA, PanCancer Atlas)",High-Grade Serous Ovarian Cancer,523,SH3GL3,Sh3gl3,6457,2,0.3824091778202677
ov_tcga_pan_can_atlas_2018,"Ovarian Serous Cystadenocarcinoma (TCGA, PanCancer Atlas)",High-Grade Serous Ovarian Cancer,523,SHANK2,Shank2,22941,5,0.9560229445506692
ov_tcga_pan_can_atlas_2018,"Ovarian Serous Cystadenocarcinoma (TCGA, PanCancer Atlas)",High-Grade Serous Ovarian Cancer,523,SIPA1L1,Sipa1l1,26037,4,0.7648183556405354
ov_tcga_pan_can_atlas_2018,"Ovarian Serous Cystadenocarcinoma (TCGA, PanCancer Atlas)",High-Grade Serous Ovarian Cancer,523,SIRPA,Sirpa,140885,3,0.5736137667304015
ov_tcga_pan_can_atlas_2018,"Ovarian Serous Cystadenocarcinoma (TCGA, PanCancer Atlas)",High-Grade Serous Ovarian Cancer,523,SLC24A2,Slc24a2,25769,3,0.5736137667304015
ov_tcga_pan_can_atlas_2018,"Ovarian Serous Cystadenocarcinoma (TCGA, PanCancer Atlas)",High-Grade Serous Ovarian Cancer,523,SLC24A3,Slc24a3,57419,0,0.0
ov_tcga_pan_can_atlas_2018,"Ovarian Serous Cystadenocarcinoma (TCGA, PanCancer Atlas)",High-Grade Serous Ovarian Cancer,523,SLC35F3,Slc35f3,148641,2,0.3824091778202677
ov_tcga_pan_can_atlas_2018,"Ovarian Serous Cystadenocarcinoma (TCGA, PanCancer Atlas)",High-Grade Serous Ovarian Cancer,523,SLC35F4,Slc35f4,341880,2,0.3824091778202677
ov_tcga_pan_can_atlas_2018,"Ovarian Serous Cystadenocarcinoma (TCGA, PanCancer Atlas)",High-Grade Serous Ovarian Cancer,523,SLC44A5,Slc44a5,204962,4,0.7648183556405354
ov_tcga_pan_can_atlas_2018,"Ovarian Serous Cystadenocarcinoma (TCGA, PanCancer Atlas)",High-Grade Serous Ovarian Cancer,523,SLC4A8,Slc4a8,9498,4,0.7648183556405354
ov_tcga_pan_can_atlas_2018,"Ovarian Serous Cystadenocarcinoma (TCGA, PanCancer Atlas)",High-Grade Serous Ovarian Cancer,523,SLC6A1,Slc6a1,6529,2,0.3824091778202677
ov_tcga_pan_can_atlas_2018,"Ovarian Serous Cystadenocarcinoma (TCGA, PanCancer Atlas)",High-Grade Serous Ovarian Cancer,523,SLC6A17,Slc6a17,388662,4,0.7648183556405354
ov_tcga_pan_can_atlas_2018,"Ovarian Serous Cystadenocarcinoma (TCGA, PanCancer Atlas)",High-Grade Serous Ovarian Cancer,523,SLC8A1,Slc8a1,6546,6,1.147227533460803
ov_tcga_pan_can_atlas_2018,"Ovarian Serous Cystadenocarcinoma (TCGA, PanCancer Atlas)",High-Grade Serous Ovarian Cancer,523,SLC9A9,Slc9a9,285195,1,0.19120458891013384
ov_tcga_pan_can_atlas_2018,"Ovarian Serous Cystadenocarcinoma (TCGA, PanCancer Atlas)",High-Grade Serous Ovarian Cancer,523,SLCO3A1,Slco3a1,28232,3,0.5736137667304015
ov_tcga_pan_can_atlas_2018,"Ovarian Serous Cystadenocarcinoma (TCGA, PanCancer Atlas)",High-Grade Serous Ovarian Cancer,523,SLIT2,Slit2,9353,8,1.5296367112810707
ov_tcga_pan_can_atlas_2018,"Ovarian Serous Cystadenocarcinoma (TCGA, PanCancer Atlas)",High-Grade Serous Ovarian Cancer,523,SLIT3,Slit3,6586,2,0.3824091778202677
ov_tcga_pan_can_atlas_2018,"Ovarian Serous Cystadenocarcinoma (TCGA, PanCancer Atlas)",High-Grade Serous Ovarian Cancer,523,SMARCA2,Smarca2,6595,8,1.5296367112810707
ov_tcga_pan_can_atlas_2018,"Ovarian Serous Cystadenocarcinoma (TCGA, PanCancer Atlas)",High-Grade Serous Ovarian Cancer,523,SORBS1,Sorbs1,10580,5,0.9560229445506692
ov_tcga_pan_can_atlas_2018,"Ovarian Serous Cystadenocarcinoma (TCGA, PanCancer Atlas)",High-Grade Serous Ovarian Cancer,523,SORBS2,Sorbs2,8470,7,1.338432122370937
ov_tcga_pan_can_atlas_2018,"Ovarian Serous Cystadenocarcinoma (TCGA, PanCancer Atlas)",High-Grade Serous Ovarian Cancer,523,SORCS1,Sorcs1,114815,7,1.338432122370937
ov_tcga_pan_can_atlas_2018,"Ovarian Serous Cystadenocarcinoma (TCGA, PanCancer Atlas)",High-Grade Serous Ovarian Cancer,523,SORCS2,Sorcs2,57537,4,0.7648183556405354
ov_tcga_pan_can_atlas_2018,"Ovarian Serous Cystadenocarcinoma (TCGA, PanCancer Atlas)",High-Grade Serous Ovarian Cancer,523,SORCS3,Sorcs3,22986,7,1.338432122370937
ov_tcga_pan_can_atlas_2018,"Ovarian Serous Cystadenocarcinoma (TCGA, PanCancer Atlas)",High-Grade Serous Ovarian Cancer,523,SORL1,Sorl1,6653,9,1.7208413001912046
ov_tcga_pan_can_atlas_2018,"Ovarian Serous Cystadenocarcinoma (TCGA, PanCancer Atlas)",High-Grade Serous Ovarian Cancer,523,SOX5,Sox5,6660,10,1.9120458891013383
ov_tcga_pan_can_atlas_2018,"Ovarian Serous Cystadenocarcinoma (TCGA, PanCancer Atlas)",High-Grade Serous Ovarian Cancer,523,SOX6,Sox6,55553,3,0.5736137667304015
ov_tcga_pan_can_atlas_2018,"Ovarian Serous Cystadenocarcinoma (TCGA, PanCancer Atlas)",High-Grade Serous Ovarian Cancer,523,SPARCL1,Sparcl1,8404,1,0.19120458891013384
ov_tcga_pan_can_atlas_2018,"Ovarian Serous Cystadenocarcinoma (TCGA, PanCancer Atlas)",High-Grade Serous Ovarian Cancer,523,SPHKAP,Sphkap,80309,8,1.5296367112810707
ov_tcga_pan_can_atlas_2018,"Ovarian Serous Cystadenocarcinoma (TCGA, PanCancer Atlas)",High-Grade Serous Ovarian Cancer,523,SPOCK1,Spock1,6695,3,0.5736137667304015
ov_tcga_pan_can_atlas_2018,"Ovarian Serous Cystadenocarcinoma (TCGA, PanCancer Atlas)",High-Grade Serous Ovarian Cancer,523,SPOCK3,Spock3,50859,1,0.19120458891013384
ov_tcga_pan_can_atlas_2018,"Ovarian Serous Cystadenocarcinoma (TCGA, PanCancer Atlas)",High-Grade Serous Ovarian Cancer,523,SPTAN1,Sptan1,6709,11,2.1032504780114722
ov_tcga_pan_can_atlas_2018,"Ovarian Serous Cystadenocarcinoma (TCGA, PanCancer Atlas)",High-Grade Serous Ovarian Cancer,523,SPTBN4,Sptbn4,57731,5,0.9560229445506692
ov_tcga_pan_can_atlas_2018,"Ovarian Serous Cystadenocarcinoma (TCGA, PanCancer Atlas)",High-Grade Serous Ovarian Cancer,523,SRGAP3,Srgap3,9901,1,0.19120458891013384
ov_tcga_pan_can_atlas_2018,"Ovarian Serous Cystadenocarcinoma (TCGA, PanCancer Atlas)",High-Grade Serous Ovarian Cancer,523,SRRM4,Srrm4,84530,4,0.7648183556405354
ov_tcga_pan_can_atlas_2018,"Ovarian Serous Cystadenocarcinoma (TCGA, PanCancer Atlas)",High-Grade Serous Ovarian Cancer,523,STARD13,Stard13,90627,2,0.3824091778202677
ov_tcga_pan_can_atlas_2018,"Ovarian Serous Cystadenocarcinoma (TCGA, PanCancer Atlas)",High-Grade Serous Ovarian Cancer,523,STOX2,Stox2,56977,3,0.5736137667304015
ov_tcga_pan_can_atlas_2018,"Ovarian Serous Cystadenocarcinoma (TCGA, PanCancer Atlas)",High-Grade Serous Ovarian Cancer,523,STRBP,Strbp,55342,1,0.19120458891013384
ov_tcga_pan_can_atlas_2018,"Ovarian Serous Cystadenocarcinoma (TCGA, PanCancer Atlas)",High-Grade Serous Ovarian Cancer,523,STXBP5L,Stxbp5l,9515,8,1.5296367112810707
ov_tcga_pan_can_atlas_2018,"Ovarian Serous Cystadenocarcinoma (TCGA, PanCancer Atlas)",High-Grade Serous Ovarian Cancer,523,SV2A,Sv2a,9900,2,0.3824091778202677
ov_tcga_pan_can_atlas_2018,"Ovarian Serous Cystadenocarcinoma (TCGA, PanCancer Atlas)",High-Grade Serous Ovarian Cancer,523,SV2C,Sv2c,22987,3,0.5736137667304015
ov_tcga_pan_can_atlas_2018,"Ovarian Serous Cystadenocarcinoma (TCGA, PanCancer Atlas)",High-Grade Serous Ovarian Cancer,523,SYNJ2,Synj2,8871,3,0.5736137667304015
ov_tcga_pan_can_atlas_2018,"Ovarian Serous Cystadenocarcinoma (TCGA, PanCancer Atlas)",High-Grade Serous Ovarian Cancer,523,SYT7,Syt7,9066,2,0.3824091778202677
ov_tcga_pan_can_atlas_2018,"Ovarian Serous Cystadenocarcinoma (TCGA, PanCancer Atlas)",High-Grade Serous Ovarian Cancer,523,SYTL2,Sytl2,54843,3,0.5736137667304015
ov_tcga_pan_can_atlas_2018,"Ovarian Serous Cystadenocarcinoma (TCGA, PanCancer Atlas)",High-Grade Serous Ovarian Cancer,523,TACC1,Tacc1,6867,1,0.19120458891013384
ov_tcga_pan_can_atlas_2018,"Ovarian Serous Cystadenocarcinoma (TCGA, PanCancer Atlas)",High-Grade Serous Ovarian Cancer,523,TENM1,Tenm1,10178,18,3.4416826003824093
ov_tcga_pan_can_atlas_2018,"Ovarian Serous Cystadenocarcinoma (TCGA, PanCancer Atlas)",High-Grade Serous Ovarian Cancer,523,TENM2,Tenm2,57451,11,2.1032504780114722
ov_tcga_pan_can_atlas_2018,"Ovarian Serous Cystadenocarcinoma (TCGA, PanCancer Atlas)",High-Grade Serous Ovarian Cancer,523,TENM3,Tenm3,55714,4,0.7648183556405354
ov_tcga_pan_can_atlas_2018,"Ovarian Serous Cystadenocarcinoma (TCGA, PanCancer Atlas)",High-Grade Serous Ovarian Cancer,523,TENM4,Tenm4,26011,6,1.147227533460803
ov_tcga_pan_can_atlas_2018,"Ovarian Serous Cystadenocarcinoma (TCGA, PanCancer Atlas)",High-Grade Serous Ovarian Cancer,523,THSD7A,Thsd7a,221981,5,0.9560229445506692
ov_tcga_pan_can_atlas_2018,"Ovarian Serous Cystadenocarcinoma (TCGA, PanCancer Atlas)",High-Grade Serous Ovarian Cancer,523,THSD7B,Thsd7b,80731,4,0.7648183556405354
ov_tcga_pan_can_atlas_2018,"Ovarian Serous Cystadenocarcinoma (TCGA, PanCancer Atlas)",High-Grade Serous Ovarian Cancer,523,TLE4,Tle4,7091,6,1.147227533460803
ov_tcga_pan_can_atlas_2018,"Ovarian Serous Cystadenocarcinoma (TCGA, PanCancer Atlas)",High-Grade Serous Ovarian Cancer,523,TLL1,Tll1,7092,5,0.9560229445506692
ov_tcga_pan_can_atlas_2018,"Ovarian Serous Cystadenocarcinoma (TCGA, PanCancer Atlas)",High-Grade Serous Ovarian Cancer,523,TLN2,Tln2,83660,12,2.294455066921606
ov_tcga_pan_can_atlas_2018,"Ovarian Serous Cystadenocarcinoma (TCGA, PanCancer Atlas)",High-Grade Serous Ovarian Cancer,523,TMEM108,Tmem108,66000,2,0.3824091778202677
ov_tcga_pan_can_atlas_2018,"Ovarian Serous Cystadenocarcinoma (TCGA, PanCancer Atlas)",High-Grade Serous Ovarian Cancer,523,TMEM130,Tmem130,222865,2,0.3824091778202677
ov_tcga_pan_can_atlas_2018,"Ovarian Serous Cystadenocarcinoma (TCGA, PanCancer Atlas)",High-Grade Serous Ovarian Cancer,523,TMEM132B,Tmem132b,114795,8,1.5296367112810707
ov_tcga_pan_can_atlas_2018,"Ovarian Serous Cystadenocarcinoma (TCGA, PanCancer Atlas)",High-Grade Serous Ovarian Cancer,523,TMEM132C,Tmem132c,92293,0,0.0
ov_tcga_pan_can_atlas_2018,"Ovarian Serous Cystadenocarcinoma (TCGA, PanCancer Atlas)",High-Grade Serous Ovarian Cancer,523,TMEM132D,Tmem132d,121256,5,0.9560229445506692
ov_tcga_pan_can_atlas_2018,"Ovarian Serous Cystadenocarcinoma (TCGA, PanCancer Atlas)",High-Grade Serous Ovarian Cancer,523,TMTC1,Tmtc1,83857,0,0.0
ov_tcga_pan_can_atlas_2018,"Ovarian Serous Cystadenocarcinoma (TCGA, PanCancer Atlas)",High-Grade Serous Ovarian Cancer,523,TNIK,Tnik,23043,11,2.1032504780114722
ov_tcga_pan_can_atlas_2018,"Ovarian Serous Cystadenocarcinoma (TCGA, PanCancer Atlas)",High-Grade Serous Ovarian Cancer,523,TOX,Tox,9760,3,0.5736137667304015
ov_tcga_pan_can_atlas_2018,"Ovarian Serous Cystadenocarcinoma (TCGA, PanCancer Atlas)",High-Grade Serous Ovarian Cancer,523,TOX2,Tox2,84969,1,0.19120458891013384
ov_tcga_pan_can_atlas_2018,"Ovarian Serous Cystadenocarcinoma (TCGA, PanCancer Atlas)",High-Grade Serous Ovarian Cancer,523,TOX3,Tox3,27324,3,0.5736137667304015
ov_tcga_pan_can_atlas_2018,"Ovarian Serous Cystadenocarcinoma (TCGA, PanCancer Atlas)",High-Grade Serous Ovarian Cancer,523,TRERF1,Trerf1,55809,2,0.3824091778202677
ov_tcga_pan_can_atlas_2018,"Ovarian Serous Cystadenocarcinoma (TCGA, PanCancer Atlas)",High-Grade Serous Ovarian Cancer,523,TRHDE,Trhde,29953,3,0.5736137667304015
ov_tcga_pan_can_atlas_2018,"Ovarian Serous Cystadenocarcinoma (TCGA, PanCancer Atlas)",High-Grade Serous Ovarian Cancer,523,TRIO,Trio,7204,11,2.1032504780114722
ov_tcga_pan_can_atlas_2018,"Ovarian Serous Cystadenocarcinoma (TCGA, PanCancer Atlas)",High-Grade Serous Ovarian Cancer,523,TRPC3,Trpc3,7222,4,0.7648183556405354
ov_tcga_pan_can_atlas_2018,"Ovarian Serous Cystadenocarcinoma (TCGA, PanCancer Atlas)",High-Grade Serous Ovarian Cancer,523,TRPC5,Trpc5,7224,3,0.5736137667304015
ov_tcga_pan_can_atlas_2018,"Ovarian Serous Cystadenocarcinoma (TCGA, PanCancer Atlas)",High-Grade Serous Ovarian Cancer,523,TRPM2,Trpm2,7226,7,1.338432122370937
ov_tcga_pan_can_atlas_2018,"Ovarian Serous Cystadenocarcinoma (TCGA, PanCancer Atlas)",High-Grade Serous Ovarian Cancer,523,TRPM3,Trpm3,80036,6,1.147227533460803
ov_tcga_pan_can_atlas_2018,"Ovarian Serous Cystadenocarcinoma (TCGA, PanCancer Atlas)",High-Grade Serous Ovarian Cancer,523,TRPS1,Trps1,7227,8,1.5296367112810707
ov_tcga_pan_can_atlas_2018,"Ovarian Serous Cystadenocarcinoma (TCGA, PanCancer Atlas)",High-Grade Serous Ovarian Cancer,523,TSC22D1,Tsc22d1,8848,7,1.338432122370937
ov_tcga_pan_can_atlas_2018,"Ovarian Serous Cystadenocarcinoma (TCGA, PanCancer Atlas)",High-Grade Serous Ovarian Cancer,523,TSHZ3,Tshz3,57616,4,0.7648183556405354
ov_tcga_pan_can_atlas_2018,"Ovarian Serous Cystadenocarcinoma (TCGA, PanCancer Atlas)",High-Grade Serous Ovarian Cancer,523,TTBK2,Ttbk2,146057,6,1.147227533460803
ov_tcga_pan_can_atlas_2018,"Ovarian Serous Cystadenocarcinoma (TCGA, PanCancer Atlas)",High-Grade Serous Ovarian Cancer,523,UNC13C,Unc13c,440279,12,2.294455066921606
ov_tcga_pan_can_atlas_2018,"Ovarian Serous Cystadenocarcinoma (TCGA, PanCancer Atlas)",High-Grade Serous Ovarian Cancer,523,UNC5C,Unc5c,8633,2,0.3824091778202677
ov_tcga_pan_can_atlas_2018,"Ovarian Serous Cystadenocarcinoma (TCGA, PanCancer Atlas)",High-Grade Serous Ovarian Cancer,523,UNC5D,Unc5d,137970,7,1.338432122370937
ov_tcga_pan_can_atlas_2018,"Ovarian Serous Cystadenocarcinoma (TCGA, PanCancer Atlas)",High-Grade Serous Ovarian Cancer,523,USP11,Usp11,8237,5,0.9560229445506692
ov_tcga_pan_can_atlas_2018,"Ovarian Serous Cystadenocarcinoma (TCGA, PanCancer Atlas)",High-Grade Serous Ovarian Cancer,523,USP25,Usp25,29761,1,0.19120458891013384
ov_tcga_pan_can_atlas_2018,"Ovarian Serous Cystadenocarcinoma (TCGA, PanCancer Atlas)",High-Grade Serous Ovarian Cancer,523,UST,Ust,10090,2,0.3824091778202677
ov_tcga_pan_can_atlas_2018,"Ovarian Serous Cystadenocarcinoma (TCGA, PanCancer Atlas)",High-Grade Serous Ovarian Cancer,523,VIP,Vip,7432,2,0.3824091778202677
ov_tcga_pan_can_atlas_2018,"Ovarian Serous Cystadenocarcinoma (TCGA, PanCancer Atlas)",High-Grade Serous Ovarian Cancer,523,VPS13A,Vps13a,23230,5,0.9560229445506692
ov_tcga_pan_can_atlas_2018,"Ovarian Serous Cystadenocarcinoma (TCGA, PanCancer Atlas)",High-Grade Serous Ovarian Cancer,523,VPS13D,Vps13d,55187,3,0.5736137667304015
ov_tcga_pan_can_atlas_2018,"Ovarian Serous Cystadenocarcinoma (TCGA, PanCancer Atlas)",High-Grade Serous Ovarian Cancer,523,WASF3,Wasf3,10810,2,0.3824091778202677
ov_tcga_pan_can_atlas_2018,"Ovarian Serous Cystadenocarcinoma (TCGA, PanCancer Atlas)",High-Grade Serous Ovarian Cancer,523,WNK2,Wnk2,65268,2,0.3824091778202677
ov_tcga_pan_can_atlas_2018,"Ovarian Serous Cystadenocarcinoma (TCGA, PanCancer Atlas)",High-Grade Serous Ovarian Cancer,523,WWP1,Wwp1,11059,1,0.19120458891013384
ov_tcga_pan_can_atlas_2018,"Ovarian Serous Cystadenocarcinoma (TCGA, PanCancer Atlas)",High-Grade Serous Ovarian Cancer,523,XKR4,Xkr4,114786,1,0.19120458891013384
ov_tcga_pan_can_atlas_2018,"Ovarian Serous Cystadenocarcinoma (TCGA, PanCancer Atlas)",High-Grade Serous Ovarian Cancer,523,XYLT1,Xylt1,64131,5,0.9560229445506692
ov_tcga_pan_can_atlas_2018,"Ovarian Serous Cystadenocarcinoma (TCGA, PanCancer Atlas)",High-Grade Serous Ovarian Cancer,523,ZBTB16,Zbtb16,7704,3,0.5736137667304015
ov_tcga_pan_can_atlas_2018,"Ovarian Serous Cystadenocarcinoma (TCGA, PanCancer Atlas)",High-Grade Serous Ovarian Cancer,523,ZFYVE28,Zfyve28,57732,3,0.5736137667304015
ov_tcga_pan_can_atlas_2018,"Ovarian Serous Cystadenocarcinoma (TCGA, PanCancer Atlas)",High-Grade Serous Ovarian Cancer,523,ZMAT4,Zmat4,79698,1,0.19120458891013384
ov_tcga_pan_can_atlas_2018,"Ovarian Serous Cystadenocarcinoma (TCGA, PanCancer Atlas)",High-Grade Serous Ovarian Cancer,523,ZMYND8,Zmynd8,23613,3,0.5736137667304015
