rank,gene,mouse_gene,entrez_id,ortholog_method,cbef_discovery_score,bioelectric_evidence_score,cancer_evidence_score,cross_domain_synergy,best_electrical_feature,best_rho,best_feature_q,best_abs_rho,sig_trait_count,mean_abs_rho,matched_neuron_n,mean_mutation_percent,median_mutation_percent,max_mutation_percent,cancer_cohort_breadth,cancer_cohort_gt1pct
1,CACNA2D3,Cacna2d3,55799,homologene,0.5845114613285385,0.9886961093585699,0.1667981072555205,0.4060943728887493,tau,0.6363976095010417,0.0,0.6363976095010417,18,0.30597087104284365,3654,,,,0,0
2,SLIT2,Slit2,9353,homologene,0.5843823665701666,0.9884332281808623,0.1667981072555205,0.40604038174673196,upstroke_downstroke_ratio_long_square,-0.6356815626731748,0.0,0.6356815626731748,18,0.30625426815491735,3654,,,,0,0
3,SYNPR,Synpr,132204,homologene,0.5839950736765773,0.9876445846477392,0.1667981072555205,0.4058783652283127,threshold_i_long_square,-0.6234356616415038,0.0,0.6234356616415038,18,0.3151787665386684,3654,,,,0,0
4,IGF1,Igf1,3479,homologene,0.5833495567579202,0.9863301787592009,0.1667981072555205,0.40560819388423835,upstroke_downstroke_ratio_long_square,0.5943827663861873,0.0,0.5943827663861873,18,0.26223720505017645,3654,,,,0,0
5,SOX5,Sox5,6660,homologene,0.5832204490546143,0.9860672975814931,0.1667981072555205,0.4055541380175514,tau,-0.5865135274148124,0.0,0.5865135274148124,18,0.2844643910936121,3654,,,,0,0
6,PVALB,Pvalb,5816,homologene,0.583091339910107,0.9858044164037855,0.1667981072555205,0.4055000749448567,upstroke_downstroke_ratio_long_square,-0.5862391490630879,0.0,0.5862391490630879,18,0.3318837997050678,3654,,,,0,0
7,RAPGEF5,Rapgef5,9771,homologene,0.5827040038236083,0.9850157728706624,0.1667981072555205,0.40533784246189025,upstroke_downstroke_ratio_long_square,-0.5665115160140508,2.7392038787546467e-307,0.5665115160140508,18,0.24818656210478293,3654,,,,0,0
8,GRIN3A,Grin3a,116443,homologene,0.5797339943945841,0.9789695057833859,0.1667981072555205,0.40409189626314096,tau,0.5391915491858842,1.530606887118145e-272,0.5391915491858842,18,0.19538501555059526,3654,,,,0,0
9,CNTNAP4,Cntnap4,85445,homologene,0.5784424459755273,0.9763406940063092,0.1667981072555205,0.4035489806662801,upstroke_downstroke_ratio_long_square,-0.5239542074449237,5.104145102287967e-255,0.5239542074449237,18,0.2064808308813483,3654,,,,0,0
10,CORO6,Coro6,84940,homologene,0.5763756639972604,0.9721345951629864,0.1667981072555205,0.4026787931724215,upstroke_downstroke_ratio_long_square,-0.5081839445466508,1.6605979373614878e-237,0.5081839445466508,18,0.2849164954943133,3654,,,,0,0
11,TMEM132C,Tmem132c,92293,homologene,0.5756005237148651,0.9705573080967403,0.1667981072555205,0.40235198765949864,upstroke_downstroke_ratio_long_square,-0.5030157742531882,5.9616705894700835e-232,0.5030157742531882,18,0.24313258040681282,3654,,,,0,0
12,UST,Ust,10090,homologene,0.5745669206662454,0.968454258675079,0.1667981072555205,0.40191583361513816,upstroke_downstroke_ratio_long_square,0.4900402964427147,1.939013054795707e-218,0.4900402964427147,18,0.18600742162356823,3654,,,,0,0
13,CNR1,Cnr1,1268,homologene,0.5737916562073587,0.9668769716088329,0.1667981072555205,0.40158840721975897,upstroke_downstroke_ratio_long_square,0.4808006872349161,3.6414166399396016e-209,0.4808006872349161,18,0.20719716164004331,3654,,,,0,0
14,FAM135B,Fam135b,51059,homologene,0.5724994299654517,0.9642481598317559,0.1667981072555205,0.4010421025086462,upstroke_downstroke_ratio_long_square,-0.6751511972515856,0.0,0.6751511972515856,17,0.22559075381710458,3654,,,,0,0
15,SST,Sst,6750,homologene,0.5713362989360833,0.961882229232387,0.1667981072555205,0.40054979121038475,tau,0.6201606394708873,0.0,0.6201606394708873,17,0.22080643112523635,3654,,,,0,0
16,DGKI,Dgki,9162,homologene,0.5709485616888513,0.9610935856992638,0.1667981072555205,0.400385552923752,upstroke_downstroke_ratio_long_square,-0.4514742948172269,1.6852337007987698e-181,0.4514742948172269,18,0.17267642244746795,3654,,,,0,0
17,PCSK2,Pcsk2,5126,homologene,0.5706900627030265,0.9605678233438485,0.1667981072555205,0.4002760232943126,upstroke_downstroke_ratio_long_square,0.4490072264982266,2.6774341843995098e-179,0.4490072264982266,18,0.21067367817039376,3654,,,,0,0
18,LRRC4C,Lrrc4c,57689,homologene,0.5691389427020658,0.9574132492113564,0.1667981072555205,0.3996182150876161,tau,-0.4414997810805423,1.8607243126940732e-172,0.4414997810805423,18,0.1847691868082393,3654,,,,0,0
19,EGFR,Egfr,1956,homologene,0.568751128849994,0.9566246056782334,0.1667981072555205,0.39945359377678397,upstroke_downstroke_ratio_long_square,0.560686310138353,1.0993664888902867e-299,0.560686310138353,17,0.15234962192184134,3654,,,,0,0
20,LINGO2,Lingo2,158038,homologene,0.568363301423704,0.9558359621451104,0.1667981072555205,0.39928890459486066,upstroke_downstroke_ratio_long_square,0.4365573843691633,1.881718708568087e-168,0.4365573843691633,18,0.20422301655646566,3654,,,,0,0
21,DSCAM,Dscam,1826,homologene,0.5682340225955445,0.9555730809674027,0.1667981072555205,0.39923399310390517,threshold_i_long_square,-0.5457330737790306,4.271425691849813e-280,0.5457330737790306,17,0.29720153024506824,3654,,,,0,0
22,GABRD,Gabrd,2563,homologene,0.5679754604063926,0.9550473186119874,0.1667981072555205,0.39912414745782987,ri,-0.5423882702847134,5.40820672270978e-276,0.5423882702847134,17,0.29878945454123834,3654,,,,0,0
23,CEMIP,Cemip,57214,homologene,0.5674583178792805,0.9539957939011567,0.1667981072555205,0.3989043654216391,ri,-0.5405973719193492,6.105389000580452e-274,0.5405973719193492,17,0.3159813356792425,3654,,,,0,0
24,NR2F2,Nr2f2,7026,homologene,0.5673290284628549,0.953732912723449,0.1667981072555205,0.3988494009893531,upstroke_downstroke_ratio_long_square,0.4326251050539651,3.821806707047676e-165,0.4326251050539651,18,0.16175004810374408,3654,,,,0,0
25,VIP,Vip,7432,homologene,0.566941151120406,0.952944269190326,0.1667981072555205,0.39868446222663556,upstroke_downstroke_ratio_long_square,0.5345870044720813,2.4913852276043945e-267,0.5345870044720813,17,0.2517843416969032,3654,,,,0,0
26,PPARGC1A,Ppargc1a,10891,homologene,0.5664239600896501,0.9518927444794953,0.1667981072555205,0.3984644376722252,upstroke_downstroke_ratio_long_square,-0.5307439860290708,7.607724822344536e-263,0.5307439860290708,17,0.20292685212767517,3654,,,,0,0
27,RGS12,Rgs12,6002,homologene,0.5660360508639646,0.9511041009463722,0.1667981072555205,0.3982993394933243,upstroke_downstroke_ratio_long_square,0.4258406421046355,1.614635001884037e-159,0.4258406421046355,18,0.17267055175144197,3654,,,,0,0
28,NRXN1,Nrxn1,9378,homologene,0.5655188172605466,0.9500525762355415,0.1667981072555205,0.3980791020756043,upstroke_downstroke_ratio_long_square,0.4229587494934733,3.6386239031488266e-157,0.4229587494934733,18,0.22031437703429368,3654,,,,0,0
29,EYA4,Eya4,2070,homologene,0.5651308760589984,0.9492639327024185,0.1667981072555205,0.3979138440173893,upstroke_downstroke_ratio_long_square,-0.5109291227027801,1.8913014846678044e-240,0.5109291227027801,17,0.21354737972541307,3654,,,,0,0
30,KCNT2,Kcnt2,343450,homologene,0.564613599759118,0.9482124079915878,0.1667981072555205,0.39769339311735646,upstroke_downstroke_ratio_long_square,0.5099500991012749,2.049632802440964e-239,0.5099500991012749,17,0.20334071008846374,3654,,,,0,0
31,ZMAT4,Zmat4,79698,homologene,0.5644842768648318,0.9479495268138801,0.1667981072555205,0.397638261295768,tau,-0.4204079153329353,8.251106338649884e-155,0.4204079153329353,18,0.15718020763576102,3654,,,,0,0
32,ADCY2,Adcy2,108,homologene,0.5643549524415483,0.9476866456361724,0.1667981072555205,0.39758312182919275,tau,0.5098368369446821,5.94796809213841e-239,0.5098368369446821,17,0.2653928348236094,3654,,,,0,0
33,KCNH7,Kcnh7,90134,homologene,0.5640962990054438,0.9471608832807571,0.1667981072555205,0.39747281994835476,tau,-0.5085774135612029,1.2907862782762213e-237,0.5085774135612029,17,0.24145263104768575,3654,,,,0,0
34,KCND3,Kcnd3,3752,homologene,0.563966969991349,0.9468980021030494,0.1667981072555205,0.397417657527723,upstroke_downstroke_ratio_long_square,0.4177341072160913,5.842693464109752e-153,0.4177341072160913,18,0.23402456218190382,3654,,,,0,0
35,ITPR1,Itpr1,3708,homologene,0.5634496386131376,0.9458464773922186,0.1667981072555205,0.397196931236035,threshold_i_long_square,0.5042362228760511,8.489756594029407e-233,0.5042362228760511,17,0.2693285281945354,3654,,,,0,0
36,GABRA1,Gabra1,2554,homologene,0.5634496386131376,0.9458464773922186,0.1667981072555205,0.397196931236035,tau,-0.5041651557819918,7.00582134367851e-233,0.5041651557819918,17,0.19783493915281447,3654,,,,0,0
37,SLC35F3,Slc35f3,148641,homologene,0.5629322826893223,0.944794952681388,0.1667981072555205,0.3969760822163277,upstroke_downstroke_ratio_long_square,-0.4137537536816432,8.498327358031387e-150,0.4137537536816432,18,0.22214982185078969,3654,,,,0,0
38,TMEM132D,Tmem132d,121256,homologene,0.5622855532048426,0.9434805467928497,0.1667981072555205,0.3966998480431406,upstroke_downstroke_ratio_long_square,-0.4917811216760004,3.2733174702351134e-220,0.4917811216760004,17,0.25221351802611736,3654,,,,0,0
39,KCNC1,Kcnc1,3746,homologene,0.5618974970408097,0.9426919032597266,0.1667981072555205,0.39653401517250275,tau,-0.4111747943178607,1.6553174885717837e-147,0.4111747943178607,18,0.23739314658259753,3654,,,,0,0
40,DOCK4,Dock4,9732,homologene,0.5617681419033784,0.942429022082019,0.1667981072555205,0.39647872213518837,upstroke_downstroke_ratio_long_square,-0.4890809225511095,1.7944087325016986e-217,0.4890809225511095,17,0.20694114126267898,3654,,,,0,0
41,GABRB2,Gabrb2,2561,homologene,0.5607332452213782,0.9403259726603576,0.1667981072555205,0.3960360999239261,tau,-0.4751935705805923,2.313482182402032e-203,0.4751935705805923,17,0.1855846034207242,3654,,,,0,0
42,GALNT14,Galnt14,79623,homologene,0.5600863845182132,0.9390115667718192,0.1667981072555205,0.39575920965731204,threshold_i_long_square,-0.4725215963453826,1.3976403519128333e-200,0.4725215963453826,17,0.27064004285878096,3654,,,,0,0
43,SORCS1,Sorcs1,114815,homologene,0.5600863845182132,0.9390115667718192,0.1667981072555205,0.39575920965731204,upstroke_downstroke_ratio_long_square,0.4721046811008995,1.109413892670926e-200,0.4721046811008995,17,0.23730324592276603,3654,,,,0,0
44,TMSB10,Tmsb10,9168,same-symbol,0.5587925467142772,0.9363827549947423,0.1667981072555205,0.39520484713605525,tau,0.4016840527805982,2.8553884251126226e-140,0.4016840527805982,18,0.21650241122198988,3654,,,,0,0
45,ARL15,Arl15,54622,homologene,0.5577573643684759,0.9342797055730809,0.1667981072555205,0.39476079660578617,upstroke_downstroke_ratio_long_square,-0.4479584031659469,2.248473306089044e-178,0.4479584031659469,17,0.16441410446542765,3654,,,,0,0
46,ESRRG,Esrrg,2104,homologene,0.5568514977867921,0.9324395373291273,0.1667981072555205,0.3943718422462634,upstroke_downstroke_ratio_long_square,-0.4428653833664013,6.677109633057595e-174,0.4428653833664013,17,0.25026936293508045,3654,,,,0,0
47,GRID2,Grid2,2895,homologene,0.5563338252739551,0.9313880126182966,0.1667981072555205,0.39414941028144734,tau,0.4401766540553953,2.520702845406135e-171,0.4401766540553953,17,0.20917677077657532,3654,,,,0,0
48,CBLN2,Cbln2,147381,homologene,0.5555572693925739,0.9298107255520504,0.1667981072555205,0.39381552677359516,upstroke_downstroke_ratio_long_square,0.4345671379019555,9.195806950539418e-167,0.4345671379019555,17,0.2049162706423233,3654,,,,0,0
49,CPLX1,Cplx1,10815,homologene,0.5551689702124678,0.9290220820189274,0.1667981072555205,0.3936484788225912,upstroke_downstroke_ratio_long_square,-0.3900323316749616,7.675681825308728e-132,0.3900323316749616,18,0.20677530590241003,3654,,,,0,0
50,KCNC2,Kcnc2,3747,homologene,0.5545217733841352,0.9277076761303892,0.1667981072555205,0.3933699079301394,upstroke_downstroke_ratio_long_square,-0.658432341097691,0.0,0.658432341097691,16,0.20063728011047224,3654,,,,0,0
51,KIT,Kit,3815,homologene,0.5541334363407578,0.926919032597266,0.1667981072555205,0.3932026706627793,upstroke_downstroke_ratio_long_square,0.6334340322713206,0.0,0.6334340322713206,16,0.1715322082123798,3654,,,,0,0
52,ETV6,Etv6,2120,homologene,0.5540039874978732,0.9266561514195583,0.1667981072555205,0.3931469090981987,upstroke_downstroke_ratio_long_square,-0.4295457848164508,1.3963559059256176e-162,0.4295457848164508,17,0.1902170938346781,3654,,,,0,0
53,KCTD8,Kctd8,386617,homologene,0.5534861762995924,0.9256046267087278,0.1667981072555205,0.39292378370616404,upstroke_downstroke_ratio_long_square,-0.6091040511175504,0.0,0.6091040511175504,16,0.17222855677268264,3654,,,,0,0
54,SOX6,Sox6,55553,homologene,0.5533567195399658,0.9253417455310199,0.1667981072555205,0.39286798255787353,upstroke_downstroke_ratio_long_square,-0.6047096899960531,0.0,0.6047096899960531,16,0.16304657204232909,3654,,,,0,0
55,IGSF11,Igsf11,152404,homologene,0.5528388766409738,0.9242902208201892,0.1667981072555205,0.3926446986622825,tau,-0.5829946091397193,0.0,0.5829946091397193,16,0.25903788814856266,3654,,,,0,0
56,CHL1,Chl1,10752,homologene,0.552579945665713,0.923764458464774,0.1667981072555205,0.39253300908566297,tau,0.3858786782795187,1.1871064820589616e-128,0.3858786782795187,18,0.17646821725304648,3654,,,,0,0
57,DGKG,Dgkg,1608,homologene,0.5511557115113725,0.9208727655099894,0.1667981072555205,0.3919181474622258,tau,0.4172470072350601,2.7367213852271177e-152,0.4172470072350601,17,0.1554711682049137,3654,,,,0,0
58,NFIB,Nfib,4781,homologene,0.5501197835388776,0.918769716088328,0.1667981072555205,0.39147036879848907,upstroke_downstroke_ratio_long_square,0.5412421041568266,2.686901926711781e-275,0.5412421041568266,16,0.14725732721133925,3654,,,,0,0
59,TRHDE,Trhde,29953,homologene,0.5480476195769017,0.9145636172450052,0.1667981072555205,0.390573271386086,tau,0.5181855805548544,3.615332265960773e-248,0.5181855805548544,16,0.18239529484821493,3654,,,,0,0
60,LAMA4,Lama4,3910,homologene,0.5477885700972749,0.9140378548895899,0.1667981072555205,0.3904609892876364,tau,0.4059399384169953,1.7245572415574654e-143,0.4059399384169953,17,0.15299113064107053,3654,,,,0,0
61,ATRNL1,Atrnl1,26033,homologene,0.5472704517539704,0.9129863301787592,0.1667981072555205,0.39023632817048276,tau,-0.4046931435926444,1.5348686786637769e-142,0.4046931435926444,17,0.21403541057922465,3654,,,,0,0
62,GABRG3,Gabrg3,2567,homologene,0.5470113828791299,0.9124605678233437,0.1667981072555205,0.39012394909596515,tau,-0.403611194143129,1.0125947587889573e-141,0.403611194143129,17,0.18723296903477346,3654,,,,0,0
63,PLCXD3,Plcxd3,345557,homologene,0.5459750425612399,0.9103575184016823,0.1667981072555205,0.38967410870525293,upstroke_downstroke_ratio_long_square,-0.3996506680241856,6.2819831500196285e-139,0.3996506680241856,17,0.19862534774652282,3654,,,,0,0
64,PDZRN4,Pdzrn4,29951,homologene,0.5455863881542073,0.9095688748685594,0.1667981072555205,0.3895052846196173,upstroke_downstroke_ratio_long_square,0.3685272243220832,8.642736187657936e-117,0.3685272243220832,18,0.19211037264985004,3654,,,,0,0
65,CSMD3,Csmd3,114788,homologene,0.5451977191060726,0.9087802313354363,0.1667981072555205,0.38933638732847053,upstroke_downstroke_ratio_long_square,0.4946869194149865,3.46313796791945e-223,0.4946869194149865,16,0.1641408382950338,3654,,,,0,0
66,RPH3A,Rph3a,22895,homologene,0.5450681594998226,0.9085173501577287,0.1667981072555205,0.38928007194706243,upstroke_downstroke_ratio_long_square,0.3943588609406621,5.582550769719035e-135,0.3943588609406621,17,0.18320548001151724,3654,,,,0,0
67,HCN1,Hcn1,348980,homologene,0.5448090353977731,0.9079915878023134,0.1667981072555205,0.38916741673649996,tau,-0.3934702290390164,3.952314202787429e-134,0.3934702290390164,17,0.21979552710637992,3654,,,,0,0
68,SLC24A3,Slc24a3,57419,homologene,0.5446794709005582,0.9077287066246057,0.1667981072555205,0.3891110769002675,upstroke_downstroke_ratio_long_square,0.3675126996166235,4.0670794663227474e-116,0.3675126996166235,18,0.1838858219358518,3654,,,,0,0
69,PTPRM,Ptprm,5797,homologene,0.544161196587224,0.9066771819137749,0.1667981072555205,0.3888856359329654,threshold_i_short_square,0.3934210891378464,6.445808005356438e-133,0.3934210891378464,17,0.19418853723780516,3654,,,,0,0
70,ARPP21,Arpp21,10777,homologene,0.5439020496259324,0.9061514195583596,0.1667981072555205,0.38877286642619163,upstroke_downstroke_ratio_long_square,0.4886513573492591,4.766294734678931e-217,0.4886513573492591,16,0.14652732145135394,3654,,,,0,0
71,KCNAB1,Kcnab1,7881,homologene,0.5436428961206388,0.9056256572029443,0.1667981072555205,0.38866006419940796,upstroke_downstroke_ratio_long_square,-0.3911317964295805,1.2678154228383447e-132,0.3911317964295805,17,0.19177122837106295,3654,,,,0,0
72,CACNA1A,Cacna1a,773,homologene,0.5433837360656436,0.9050998948475288,0.1667981072555205,0.3885472292241169,upstroke_downstroke_ratio_long_square,-0.3907205556438083,2.5041355547275202e-132,0.3907205556438083,17,0.1624573944335482,3654,,,,0,0
73,TOX3,Tox3,27324,homologene,0.5431245694552392,0.9045741324921136,0.1667981072555205,0.3884343614717794,threshold_i_long_square,0.3651205795177332,5.387933846373834e-114,0.3651205795177332,18,0.2152837790691445,3654,,,,0,0
74,SLC24A2,Slc24a2,25769,homologene,0.5428653962837093,0.9040483701366983,0.1667981072555205,0.3883214609138149,upstroke_downstroke_ratio_long_square,-0.4736964808792656,3.2991039597335046e-202,0.4736964808792656,16,0.1664634614013848,3654,,,,0,0
75,TAC1,Tac1,6863,homologene,0.5422174346123743,0.9027339642481599,0.1667981072555205,0.3880390658063512,f_i_curve_slope,0.3627466508252739,6.1777470167274525e-112,0.3627466508252739,18,0.23113773786485275,3654,,,,0,0
76,SRRM4,Srrm4,84530,homologene,0.5420878373450819,0.9024710830704521,0.1667981072555205,0.38798256211973114,tau,-0.4691347101841802,1.5281649286883726e-197,0.4691347101841802,16,0.18329310162726015,3654,,,,0,0
77,STXBP6,Stxbp6,29091,homologene,0.5418286378717232,0.9019453207150369,0.1667981072555205,0.38786953005262165,tau,0.4666642186352343,3.0758509496963894e-195,0.4666642186352343,16,0.16043823880615787,3654,,,,0,0
78,CHRM3,Chrm3,1131,homologene,0.541828637871723,0.9019453207150367,0.1667981072555205,0.3878695300526216,tau,0.3888888500833277,8.689735910849011e-131,0.3888888500833277,17,0.1615995119442996,3654,,,,0,0
79,CCDC136,Ccdc136,64753,homologene,0.5416990356642173,0.9016824395373292,0.1667981072555205,0.3878130016649349,upstroke_downstroke_ratio_long_square,-0.3612915595303824,5.457936036890066e-112,0.3612915595303824,18,0.15198815985083097,3654,,,,0,0
80,PRMT8,Prmt8,56341,homologene,0.5407917740222746,0.8998422712933754,0.1667981072555205,0.3874170720041175,tau,-0.3863021028837877,6.114208086260633e-129,0.3863021028837877,17,0.13773459533160712,3654,,,,0,0
81,GAP43,Gap43,2596,homologene,0.5404029228202181,0.8990536277602524,0.1667981072555205,0.38724726394336134,tau,0.3861563458817981,7.635634173379655e-129,0.3861563458817981,17,0.1991793131220685,3654,,,,0,0
82,TRPC3,Trpc3,7222,homologene,0.5401436804096611,0.8985278654048369,0.1667981072555205,0.3871340171902617,tau,-0.4481945265150885,2.582623305144525e-178,0.4481945265150885,16,0.19363466331852913,3654,,,,0,0
83,SHISA6,Shisa6,388336,homologene,0.5384584429360854,0.8951104100946372,0.1667981072555205,0.3863971042703325,tau,0.4400366221815711,3.20518622043161e-171,0.4400366221815711,16,0.21719262979059065,3654,,,,0,0
84,FMN1,Fmn1,342184,homologene,0.5381991506772879,0.8945846477392219,0.1667981072555205,0.38628360827602914,threshold_i_long_square,0.3805217930134761,1.7823388282883614e-124,0.3805217930134761,17,0.19654170827404477,3654,,,,0,0
85,OSBPL3,Osbpl3,26031,homologene,0.5381991506772879,0.8945846477392219,0.1667981072555205,0.38628360827602914,tau,-0.3800124362322258,1.7063590678932943e-124,0.3800124362322258,17,0.14652130516485828,3654,,,,0,0
86,SORCS2,Sorcs2,57537,homologene,0.538069502046508,0.8943217665615143,0.1667981072555205,0.38622684777197197,ri,0.352215614264952,1.1742893845092594e-105,0.352215614264952,18,0.21520137366454226,3654,,,,0,0
87,PDE4B,Pde4b,5142,homologene,0.5376805461398171,0.8935331230283912,0.1667981072555205,0.3860565161880444,upstroke_downstroke_ratio_long_square,0.4338951208974184,3.3503230425881924e-166,0.4338951208974184,16,0.20193841666352616,3654,,,,0,0
88,SCN3B,Scn3b,55800,homologene,0.5376805461398171,0.8935331230283912,0.1667981072555205,0.3860565161880444,tau,0.3795425667348083,3.5933859097334133e-124,0.3795425667348083,17,0.18088720434946803,3654,,,,0,0
89,CACNA1E,Cacna1e,777,homologene,0.5371619148698982,0.8924815983175605,0.1667981072555205,0.38582929043781894,tau,0.3791715830442334,6.441326196173042e-124,0.3791715830442334,17,0.18654102804346634,3654,,,,0,0
90,PRICKLE2,Prickle2,166336,homologene,0.5369025891955079,0.8919558359621451,0.1667981072555205,0.3857156273655519,upstroke_downstroke_ratio_long_square,-0.4325292888038558,4.511083205011821e-165,0.4325292888038558,16,0.17363889459198917,3654,,,,0,0
91,ADARB2,Adarb2,105,homologene,0.5362542456803641,0.8906414300736069,0.1667981072555205,0.38543132303904365,upstroke_downstroke_ratio_long_square,0.6655244889157543,0.0,0.6655244889157543,15,0.20119923204221568,3654,,,,0,0
92,PROX1,Prox1,5629,homologene,0.5361245719435432,0.8903785488958991,0.1667981072555205,0.38537443700478224,upstroke_downstroke_ratio_long_square,0.660313511068533,0.0,0.660313511068533,15,0.20193412736759261,3654,,,,0,0
93,NPAS1,Npas1,4861,homologene,0.5361245719435432,0.8903785488958991,0.1667981072555205,0.38537443700478224,tau,0.4271844290955588,2.4460110226644624e-160,0.4271844290955588,16,0.20352727754030736,3654,,,,0,0
94,CPLX2,Cplx2,10814,homologene,0.5353464942236013,0.8888012618296529,0.1667981072555205,0.38503294430412627,upstroke_downstroke_ratio_long_square,0.3742964462358537,1.00341881455456e-120,0.3742964462358537,17,0.22013105999407268,3654,,,,0,0
95,CACNA2D1,Cacna2d1,781,homologene,0.53508712151848,0.8882754994742377,0.1667981072555205,0.38491904607820454,upstroke_downstroke_ratio_long_square,0.6150191178448696,0.0,0.6150191178448696,15,0.15863152802301295,3654,,,,0,0
96,PARM1,Parm1,25849,homologene,0.53508712151848,0.8882754994742377,0.1667981072555205,0.38491904607820454,tau,-0.3730458820161809,1.1410566621457813e-119,0.3730458820161809,17,0.14618699953822997,3654,,,,0,0
97,NXPH1,Nxph1,30010,homologene,0.5348277420708261,0.8877497371188223,0.1667981072555205,0.3848051141396193,upstroke_downstroke_ratio_long_square,-0.4216708831783719,3.9501656211836654e-156,0.4216708831783719,16,0.19900786093520922,3654,,,,0,0
98,MCC,Mcc,4163,homologene,0.534827742070826,0.8877497371188222,0.1667981072555205,0.3848051141396193,tau,0.3729729044050329,1.2596352455259898e-119,0.3729729044050329,17,0.1315932073013457,3654,,,,0,0
99,VWC2,Vwc2,375567,homologene,0.5346980498166776,0.8874868559411145,0.1667981072555205,0.38474813551871917,upstroke_downstroke_ratio_long_square,-0.3411576429043658,2.910866854301624e-99,0.3411576429043658,18,0.14243878561082754,3654,,,,0,0
100,IL1RAPL1,Il1rapl1,11141,homologene,0.5345683558746487,0.887223974763407,0.1667981072555205,0.3846911484584172,ri,-0.3725251503151451,6.143280605106605e-119,0.3725251503151451,17,0.20330533136998827,3654,,,,0,0
101,MIAT,Miat,440823,same-symbol,0.5341792639137748,0.8864353312302838,0.1667981072555205,0.3845201366035747,avg_isi,0.3716802059437746,7.29517626094193e-118,0.3716802059437746,17,0.2027058942647975,3654,,,,0,0
102,NPAS3,Npas3,64067,homologene,0.5339198608200214,0.8859095688748685,0.1667981072555205,0.38440608643449214,adaptation,0.339009245392957,3.86087724432096e-97,0.339009245392957,18,0.16593026804034458,3654,,,,0,0
103,PTPRE,Ptpre,5791,homologene,0.5332713234556143,0.8845951629863301,0.1667981072555205,0.38412081286166794,tau,-0.3688490221805608,7.886445527818524e-117,0.3688490221805608,17,0.16929900011594012,3654,,,,0,0
104,GRM7,Grm7,2917,homologene,0.533141610897264,0.8843322818086224,0.1667981072555205,0.3840637327197581,tau,0.4164116337244279,1.2379892664144936e-151,0.4164116337244279,16,0.18498966276839546,3654,,,,0,0
105,SCN1A,Scn1a,6323,homologene,0.5326227436870911,0.8832807570977917,0.1667981072555205,0.3838353272682633,upstroke_downstroke_ratio_long_square,-0.3677991698256233,2.6591664203626435e-116,0.3677991698256233,17,0.22210417594400442,3654,,,,0,0
106,ERBB4,Erbb4,2066,homologene,0.5323632998853313,0.8827549947423764,0.1667981072555205,0.3837210735591483,tau,-0.5556159695656971,7.341836954543195e-293,0.5556159695656971,15,0.220328382494129,3654,,,,0,0
107,FSTL5,Fstl5,56884,homologene,0.5323632998853313,0.8827549947423764,0.1667981072555205,0.3837210735591483,threshold_i_long_square,-0.3681660644582873,4.9718388800950033e-116,0.3681660644582873,17,0.181781427680427,3654,,,,0,0
108,NETO1,Neto1,81832,homologene,0.5322335754326263,0.8824921135646688,0.1667981072555205,0.3836639339454656,tau,0.4120113680614053,3.745067689689442e-148,0.4120113680614053,16,0.14675371927727113,3654,,,,0,0
109,LUZP2,Luzp2,338645,homologene,0.5321038492776909,0.882229232386961,0.1667981072555205,0.3836067858206315,ri,-0.3349530150202873,4.361135922913521e-95,0.3349530150202873,18,0.16501151741208742,3654,,,,0,0
110,PITPNC1,Pitpnc1,26207,same-symbol,0.5314551929429097,0.8809148264984227,0.1667981072555205,0.3833209173959362,tau,0.4108916874775438,2.683322422575176e-147,0.4108916874775438,16,0.13810993275067887,3654,,,,0,0
111,COL19A1,Col19a1,1310,homologene,0.5313254565585942,0.880651945320715,0.1667981072555205,0.3832637181242015,upstroke_downstroke_ratio_long_square,-0.365568778749281,8.178289668326696e-115,0.365568778749281,17,0.16311310573717902,3654,,,,0,0
112,NRXN3,Nrxn3,9369,same-symbol,0.5311957184667105,0.8803890641430074,0.1667981072555205,0.3832065103146248,tau,0.408175686604708,3.459112159235447e-145,0.408175686604708,16,0.17114644666227813,3654,,,,0,0
113,OPCML,Opcml,4978,homologene,0.5311957184667105,0.8803890641430074,0.1667981072555205,0.3832065103146248,upstroke_downstroke_ratio_long_square,-0.3303114933061309,9.21401481023475e-93,0.3303114933061309,18,0.12539151371506152,3654,,,,0,0
114,PDZRN3,Pdzrn3,23024,homologene,0.5309362371571776,0.8798633017875921,0.1667981072555205,0.3830920690666451,tau,-0.3304169164108799,1.3407838186197834e-92,0.3304169164108799,18,0.17433395951314445,3654,,,,0,0
115,OSBPL1A,Osbpl1a,114876,homologene,0.5308064939379971,0.8796004206098843,0.1667981072555205,0.3830348356205848,upstroke_downstroke_ratio_long_square,-0.3301963900288533,1.0692749692160163e-92,0.3301963900288533,18,0.16384117604542653,3654,,,,0,0
116,TIMP2,Timp2,7077,homologene,0.530741621686968,0.8794689800210306,0.1667981072555205,0.38300621569036064,tau,0.4079749042733526,4.694742347895695e-145,0.4079749042733526,16,0.1894438503266954,3654,,,,0,0
117,SEZ6,Sez6,124925,homologene,0.530547002366975,0.879074658254469,0.1667981072555205,0.3829203430651588,upstroke_downstroke_ratio_long_square,0.534233071473291,6.170469713341401e-267,0.534233071473291,15,0.1598004331461702,3654,,,,0,0
118,NDST3,Ndst3,9348,homologene,0.5301577521672732,0.8782860147213459,0.1667981072555205,0.3827485400161766,threshold_i_long_square,0.3641590564790435,2.2891856396702848e-113,0.3641590564790435,17,0.20959691384668738,3654,,,,0,0
119,MEF2C,Mef2c,4208,homologene,0.5301577521672732,0.878286014721346,0.1667981072555205,0.3827485400161766,tau,-0.3300469544558959,2.1877823972121272e-92,0.3300469544558959,18,0.2028176527795115,3654,,,,0,0
120,TSHZ3,Tshz3,57616,homologene,0.5300279986727859,0.8780231335436383,0.1667981072555205,0.3826912551935829,upstroke_downstroke_ratio_long_square,-0.5270099820807524,1.6193759918510928e-258,0.5270099820807524,15,0.14915099810152127,3654,,,,0,0
121,FGF12,Fgf12,2257,homologene,0.5292494416587712,0.8764458464773922,0.1667981072555205,0.38234736602256264,upstroke_downstroke_ratio_long_square,-0.5144820979527358,2.3683535905427886e-244,0.5144820979527358,15,0.14293672109947808,3654,,,,0,0
122,KCNMA1,Kcnma1,3778,homologene,0.5287303692622156,0.8753943217665615,0.1667981072555205,0.3821179346391537,upstroke_downstroke_ratio_long_square,-0.5107688611986677,2.7120144586980223e-240,0.5107688611986677,15,0.15782160519061922,3654,,,,0,0
123,PENK,Penk,5179,homologene,0.5287303692622156,0.8753943217665615,0.1667981072555205,0.3821179346391537,threshold_i_short_square,-0.360482849910655,2.4218474271148706e-110,0.360482849910655,17,0.16901214824077698,3654,,,,0,0
124,GRIA4,Gria4,2893,homologene,0.5275623555000872,0.8730283911671924,0.1667981072555205,0.38160120967709193,upstroke_downstroke_ratio_long_square,-0.3576177358003788,1.3376156804366466e-109,0.3576177358003788,17,0.17773067061109782,3654,,,,0,0
125,SCN8A,Scn8a,6334,homologene,0.5266538035016692,0.8711882229232387,0.1667981072555205,0.3811988282338977,upstroke_downstroke_ratio_long_square,-0.3206763385294896,3.259429062514536e-87,0.3206763385294896,18,0.146624363878066,3654,,,,0,0
126,RBFOX1,Rbfox1,54715,homologene,0.5263942016089623,0.8706624605678233,0.1667981072555205,0.3810837840700483,upstroke_downstroke_ratio_long_square,-0.4934190950003886,6.902948937070993e-222,0.4934190950003886,15,0.15824139981520313,3654,,,,0,0
127,PRKD1,Prkd1,5587,homologene,0.5260047857401329,0.8698738170347003,0.1667981072555205,0.38091115267542763,upstroke_downstroke_ratio_long_square,0.3535099575032849,5.654278921854868e-107,0.3535099575032849,17,0.17024581147296033,3654,,,,0,0
128,TRPM3,Trpm3,80036,homologene,0.5250960877969065,0.8680336487907466,0.1667981072555205,0.38050804150819173,tau,0.3515538127974993,1.7354624628218714e-105,0.3515538127974993,17,0.19630401996155028,3654,,,,0,0
129,NELL1,Nell1,4745,homologene,0.5247066196630116,0.8672450052576236,0.1667981072555205,0.38033514878824376,tau,0.3897490783749138,2.095691616136636e-131,0.3897490783749138,16,0.15941342697203653,3654,,,,0,0
130,NTRK3,Ntrk3,4916,homologene,0.5241873043516561,0.8661934805467929,0.1667981072555205,0.3801045028308354,avg_isi,-0.3895615470689569,2.201837007185899e-130,0.3895615470689569,16,0.16669574308974486,3654,,,,0,0
131,ELAVL2,Elavl2,1993,homologene,0.5241873043516561,0.8661934805467929,0.1667981072555205,0.3801045028308354,upstroke_downstroke_ratio_long_square,-0.3888142052068263,5.858649258712933e-131,0.3888142052068263,16,0.14081380011247105,3654,,,,0,0
132,ARAP2,Arap2,116984,homologene,0.5241873043516561,0.8661934805467929,0.1667981072555205,0.3801045028308354,upstroke_downstroke_ratio_long_square,-0.3498550387899178,1.152244768683704e-104,0.3498550387899178,17,0.1710114661974752,3654,,,,0,0
133,RARB,Rarb,5915,homologene,0.5234082788536347,0.8646161934805469,0.1667981072555205,0.37975827123978234,upstroke_downstroke_ratio_long_square,-0.3479986026176037,1.6851578553325433e-103,0.3479986026176037,17,0.13685380347186726,3654,,,,0,0
134,RUNX1T1,Runx1t1,862,homologene,0.5234082788536346,0.8646161934805466,0.1667981072555205,0.37975827123978234,tau,0.3866203254635166,3.676704954932276e-129,0.3866203254635166,16,0.131899675293726,3654,,,,0,0
135,DLGAP2,Dlgap2,9228,homologene,0.5230187424189638,0.8638275499474238,0.1667981072555205,0.379585037015955,upstroke_downstroke_ratio_long_square,-0.4638531400094459,7.633952630597928e-193,0.4638531400094459,15,0.1678669857688663,3654,,,,0,0
136,ANK1,Ank1,286,homologene,0.5227590426753679,0.8633017875920084,0.1667981072555205,0.37946950359765985,upstroke_downstroke_ratio_long_square,-0.46270662041925,8.802163319266859e-192,0.46270662041925,15,0.14962126692544991,3654,,,,0,0
137,TMEM130,Tmem130,222865,homologene,0.5218500381124943,0.8614616193480548,0.1667981072555205,0.37906485933218764,ri,0.3409819301878657,1.0240044138694643e-98,0.3409819301878657,17,0.1534605079677318,3654,,,,0,0
138,EEPD1,Eepd1,80820,homologene,0.5213305681226981,0.8604100946372238,0.1667981072555205,0.37883343998257624,tau,-0.3821718894959879,5.232372410629393e-126,0.3821718894959879,16,0.1328670954712069,3654,,,,0,0
139,KCNT1,Kcnt1,57582,homologene,0.5213305681226981,0.8604100946372238,0.1667981072555205,0.37883343998257624,upstroke_downstroke_ratio_long_square,-0.3380732979659431,2.2007435341235523e-97,0.3380732979659431,17,0.1523468951761548,3654,,,,0,0
140,PRKCA,Prkca,5578,homologene,0.5210708225219621,0.8598843322818087,0.1667981072555205,0.37871767727858013,tau,-0.3813445087272319,1.9858741187155385e-125,0.3813445087272319,16,0.19709532447564065,3654,,,,0,0
141,RORA,Rora,6095,homologene,0.5209409470672978,0.8596214511041009,0.1667981072555205,0.3786597826551006,tau,-0.4433212558230759,4.980205438823259e-174,0.4433212558230759,15,0.18448178138609367,3654,,,,0,0
142,SEMA6D,Sema6d,80031,homologene,0.5205513100763748,0.8588328075709778,0.1667981072555205,0.37848604565001304,tau,0.3367038140339598,2.47249645105107e-96,0.3367038140339598,17,0.14019543514062907,3654,,,,0,0
143,DOK5,Dok5,55816,homologene,0.5201616571279748,0.8580441640378549,0.1667981072555205,0.3783122288575398,threshold_i_long_square,0.3360354570073883,1.1083919860255016e-95,0.3360354570073883,17,0.17905766439395507,3654,,,,0,0
144,PTPRN,Ptprn,5798,homologene,0.5201616571279748,0.8580441640378549,0.1667981072555205,0.3783122288575398,upstroke_downstroke_ratio_long_square,0.3357448820814238,5.526265294660537e-96,0.3357448820814238,17,0.16289110270467833,3654,,,,0,0
145,LUZP1,Luzp1,7798,homologene,0.5191225044170662,0.8559411146161935,0.1667981072555205,0.37784832650173483,upstroke_downstroke_ratio_long_square,-0.3101844411506529,2.0097678415865102e-81,0.3101844411506529,18,0.1558514328625977,3654,,,,0,0
146,ARHGAP5,Arhgap5,394,homologene,0.5189926023176059,0.8556782334384857,0.1667981072555205,0.3777902986542757,upstroke_downstroke_ratio_long_square,-0.3308850182058077,4.290507439311416e-93,0.3308850182058077,17,0.15760870397739338,3654,,,,0,0
147,RALYL,Ralyl,138046,homologene,0.5187327927692638,0.8551524710830704,0.1667981072555205,0.37767421621225,tau,0.3764236842767827,5.31211088537103e-122,0.3764236842767827,16,0.1306315566890529,3654,,,,0,0
148,SORCS3,Sorcs3,22986,homologene,0.5186028853187377,0.8548895899053628,0.1667981072555205,0.3776161616094611,upstroke_downstroke_ratio_long_square,0.6234767024613235,0.0,0.6234767024613235,14,0.21231924324305204,3654,,,,0,0
149,SCN1B,Scn1b,6324,homologene,0.5178234030947071,0.8533123028391167,0.1667981072555205,0.377267646388362,threshold_i_long_square,0.3302484502606452,2.7300349774057103e-92,0.3302484502606452,17,0.17550092494030567,3654,,,,0,0
150,APLP1,Aplp1,333,homologene,0.5178234030947071,0.8533123028391167,0.1667981072555205,0.377267646388362,ri,0.3081880026611583,6.0776774900724436e-80,0.3081880026611583,18,0.17175235233630998,3654,,,,0,0
151,PDE1A,Pde1a,5136,homologene,0.5173037124839578,0.8522607781282859,0.1667981072555205,0.3770351239339847,tau,0.5726344658980922,0.0,0.5726344658980922,14,0.20020287514778756,3654,,,,0,0
152,CACNB2,Cacnb2,783,homologene,0.5165241227431674,0.85068349106204,0.1667981072555205,0.37668607112908586,upstroke_downstroke_ratio_long_square,0.4226811097106607,6.027215673976603e-157,0.4226811097106607,15,0.14910384527005194,3654,,,,0,0
153,VWC2L,Vwc2l,402117,homologene,0.5158744151721719,0.8493690851735015,0.1667981072555205,0.3763949465233202,threshold_i_ramp,-0.326875612882831,3.38947993143843e-90,0.326875612882831,17,0.17955582879996398,3654,,,,0,0
154,GRIK3,Grik3,2899,homologene,0.5154845690030403,0.8485804416403786,0.1667981072555205,0.37622016362718896,tau,0.4198855817488403,2.1135290527513642e-154,0.4198855817488403,15,0.1490170238070735,3654,,,,0,0
155,GABRA2,Gabra2,2555,homologene,0.5154845690030403,0.8485804416403786,0.1667981072555205,0.37622016362718896,ri,0.2992498336215351,3.0492742753460856e-75,0.2992498336215351,18,0.18126291644492215,3654,,,,0,0
156,ADRA1A,Adra1a,148,homologene,0.514964748832994,0.8475289169295479,0.1667981072555205,0.3759869933763266,adaptation,-0.3243098507492949,1.4068704498948518e-88,0.3243098507492949,17,0.15317479755304234,3654,,,,0,0
157,ACSL3,Acsl3,2181,homologene,0.514964748832994,0.8475289169295479,0.1667981072555205,0.3759869933763266,upstroke_downstroke_ratio_long_square,-0.3242134829868829,3.1085853009255768e-89,0.3242134829868829,17,0.11936471361103013,3654,,,,0,0
158,TLL1,Tll1,7092,homologene,0.5141849643017706,0.8459516298633017,0.1667981072555205,0.3756369666192631,threshold_i_long_square,0.2975145504445494,2.131810717900048e-74,0.2975145504445494,18,0.1801434465805315,3654,,,,0,0
159,TRPS1,Trps1,7227,homologene,0.5140549938701975,0.8456887486855941,0.1667981072555205,0.37557859711123937,tau,-0.3663503788247894,3.7790159721732923e-115,0.3663503788247894,16,0.20861314071321027,3654,,,,0,0
160,GNG2,Gng2,54331,homologene,0.5123652128270237,0.8422712933753943,0.1667981072555205,0.3748189663433202,tau,0.2948459444250981,4.20958029698822e-73,0.2948459444250981,18,0.1748404204495251,3654,,,,0,0
161,LHFPL3,Lhfpl3,375612,homologene,0.5123002150990156,0.8421398527865405,0.1667981072555205,0.3747897190282007,tau,0.4079795952717658,4.694742347895695e-145,0.4079795952717658,15,0.16140576163145215,3654,,,,0,0
162,KLF12,Klf12,11278,homologene,0.5118452182147504,0.8412197686645637,0.1667981072555205,0.3745849238813223,upstroke_downstroke_ratio_long_square,-0.4070731648870101,1.3966445850909864e-144,0.4070731648870101,15,0.13215344823090824,3654,,,,0,0
163,HDAC9,Hdac9,9734,homologene,0.5113251943380155,0.840168243953733,0.1667981072555205,0.3743507350970171,upstroke_downstroke_ratio_long_square,0.4054545649405004,2.4501549771841293e-143,0.4054545649405004,15,0.1321205131592063,3654,,,,0,0
164,BEX1,Bex1,55859,same-symbol,0.5113251943380154,0.8401682439537329,0.1667981072555205,0.3743507350970171,upstroke_downstroke_ratio_long_square,0.3171776342766524,2.9155079615595975e-85,0.3171776342766524,17,0.15508802205545028,3654,,,,0,0
165,LRFN2,Lrfn2,57497,homologene,0.5106751232552084,0.8388538380651945,0.1667981072555205,0.37405779293219293,upstroke_downstroke_ratio_long_square,0.316623048416241,5.922483011379934e-85,0.316623048416241,17,0.17688349841738446,3654,,,,0,0
166,CACNG3,Cacng3,10368,homologene,0.5106751232552083,0.8388538380651944,0.1667981072555205,0.37405779293219293,tau,0.358963479505868,2.875346727629904e-110,0.358963479505868,16,0.11652681516965971,3654,,,,0,0
167,SNCA,Snca,6622,homologene,0.5104150819707223,0.8383280757097792,0.1667981072555205,0.3739405518094472,upstroke_downstroke_ratio_long_square,0.3583776021786596,4.350904091924775e-110,0.3583776021786596,16,0.1543798521315857,3654,,,,0,0
168,NKAIN3,Nkain3,286183,homologene,0.510285058571162,0.8380651945320715,0.1667981072555205,0.37388191746148824,threshold_i_ramp,-0.291885322928208,2.031439337055178e-71,0.291885322928208,18,0.18918207357784125,3654,,,,0,0
169,DCC,Dcc,1630,homologene,0.5098949773328291,0.8372765509989484,0.1667981072555205,0.3737059592193505,threshold_i_long_square,-0.3155695684316359,5.5216418587310435e-84,0.3155695684316359,17,0.15568424333053624,3654,,,,0,0
170,BASP1,Basp1,10409,homologene,0.5096349139655639,0.8367507886435331,0.1667981072555205,0.37358860768270946,threshold_i_long_square,-0.3147433421504567,1.5667556738156802e-83,0.3147433421504567,17,0.18025296863565288,3654,,,,0,0
171,EPHB6,Ephb6,2051,homologene,0.509504879516815,0.8364879074658255,0.1667981072555205,0.37352991808880676,upstroke_downstroke_ratio_long_square,-0.3982448690126545,7.098601709689965e-138,0.3982448690126545,15,0.12351910428124994,3654,,,,0,0
172,BMPER,Bmper,168667,homologene,0.5093748432234962,0.8362250262881177,0.1667981072555205,0.3734712192720557,threshold_i_long_square,-0.314654463526209,1.728743763853135e-83,0.314654463526209,17,0.15462641752603032,3654,,,,0,0
173,SLC6A1,Slc6a1,6529,homologene,0.5092448050847381,0.8359621451104101,0.1667981072555205,0.37341251122810704,tau,-0.3971584533690068,7.274204666661934e-137,0.3971584533690068,15,0.17112810352173405,3654,,,,0,0
174,MPPED1,Mpped1,758,homologene,0.5085945866788607,0.8346477392218716,0.1667981072555205,0.3731188324479313,threshold_i_short_square,0.3947240982718284,1.0466784388289539e-133,0.3947240982718284,15,0.164339921657071,3654,,,,0,0
175,USP25,Usp25,29761,homologene,0.5085945866788607,0.8346477392218716,0.1667981072555205,0.3731188324479313,upstroke_downstroke_ratio_long_square,-0.3536328490484959,4.755471430743202e-107,0.3536328490484959,16,0.14755627844056157,3654,,,,0,0
176,STRBP,Strbp,55342,homologene,0.5083344863679107,0.8341219768664564,0.1667981072555205,0.37300129619286576,upstroke_downstroke_ratio_long_square,-0.3127575527441888,7.990944446185755e-83,0.3127575527441888,17,0.1509615418964032,3654,,,,0,0
177,CDH4,Cdh4,1002,homologene,0.5079443220061196,0.8333333333333334,0.1667981072555205,0.37282492233343756,tau,0.4784248213234987,1.6789293728117666e-206,0.4784248213234987,14,0.16960212391100093,3654,,,,0,0
178,GAS7,Gas7,8522,homologene,0.5076842031577864,0.832807570977918,0.1667981072555205,0.3727072933914552,upstroke_downstroke_ratio_long_square,0.3121033803862959,1.8197952556241708e-82,0.3121033803862959,17,0.13566899440171715,3654,,,,0,0
179,CAMTA1,Camta1,23261,homologene,0.5074240768822106,0.8322818086225027,0.1667981072555205,0.37258962731326106,upstroke_downstroke_ratio_long_square,-0.3512818438538124,1.4656178526112095e-105,0.3512818438538124,16,0.11088357844605348,3654,,,,0,0
180,GDA,Gda,9615,homologene,0.5072940109570077,0.8320189274447949,0.1667981072555205,0.3725307803370884,tau,0.2886518788595677,5.325760801425253e-70,0.2886518788595677,18,0.1385291927967223,3654,,,,0,0
181,CAP2,Cap2,10486,homologene,0.5061233338489441,0.8296529968454259,0.1667981072555205,0.3720007386453518,threshold_i_short_square,0.3102769312057351,1.5443734098722335e-80,0.3102769312057351,17,0.18294657429491165,3654,,,,0,0
182,SORBS2,Sorbs2,8470,homologene,0.5059932492894746,0.8293901156677181,0.1667981072555205,0.3719417984978464,upstroke_downstroke_ratio_long_square,-0.3482110286077,1.248565010001331e-103,0.3482110286077,16,0.1373143663156251,3654,,,,0,0
183,NECAB1,Necab1,64168,homologene,0.5056029843977196,0.828601472134595,0.1667981072555205,0.371764921988598,upstroke_downstroke_ratio_long_square,0.4517914448680632,8.958761872639615e-182,0.4517914448680632,14,0.13212223914057233,3654,,,,0,0
184,UNC5D,Unc5d,137970,homologene,0.5048224040740329,0.8270241850683492,0.1667981072555205,0.37141091626921785,threshold_i_short_square,0.3082445132877346,1.869165495648416e-79,0.3082445132877346,17,0.18758112302593336,3654,,,,0,0
185,LAMP5,Lamp5,24141,homologene,0.5044320885939064,0.826235541535226,0.1667981072555205,0.37123378681811237,upstroke_downstroke_ratio_long_square,0.3066856171157245,1.5185895242796595e-79,0.3066856171157245,17,0.15584239016863155,3654,,,,0,0
186,FSTL4,Fstl4,23105,homologene,0.5043019796770422,0.8259726603575185,0.1667981072555205,0.37117472488363346,upstroke_downstroke_ratio_long_square,0.445920401396863,1.4082607216386867e-176,0.445920401396863,14,0.13448269524692005,3654,,,,0,0
187,GOT1,Got1,2805,homologene,0.5041718688802723,0.8257097791798108,0.1667981072555205,0.3711156535496263,upstroke_downstroke_ratio_long_square,-0.2844082042074025,4.0708211483304006e-68,0.2844082042074025,18,0.1666201873107054,3654,,,,0,0
188,TOX2,Tox2,84969,homologene,0.5041718688802722,0.8257097791798107,0.1667981072555205,0.3711156535496262,threshold_i_short_square,0.3067153169159305,1.1918679477659266e-78,0.3067153169159305,17,0.1538430921846087,3654,,,,0,0
189,CALB1,Calb1,793,homologene,0.5036514068761689,0.82465825446898,0.1667981072555205,0.3708792741284787,tau,0.3383741131512869,2.505268374795688e-97,0.3383741131512869,16,0.12132492181212634,3654,,,,0,0
190,ALK,Alk,238,homologene,0.503521286666389,0.8243953732912722,0.1667981072555205,0.3708201557294216,threshold_i_long_square,0.302434836548171,6.110862464121597e-77,0.302434836548171,17,0.1711968732512063,3654,,,,0,0
191,RTN1,Rtn1,6252,homologene,0.5031309147216201,0.8236067297581493,0.1667981072555205,0.3706427439551033,upstroke_downstroke_ratio_long_square,0.3374358186444959,5.315255495956719e-97,0.3374358186444959,16,0.15703308669592717,3654,,,,0,0
192,RIMBP2,Rimbp2,23504,homologene,0.5023501198313118,0.8220294426919033,0.1667981072555205,0.37028766540261615,threshold_i_long_square,0.2987958710572863,4.756350787216264e-75,0.2987958710572863,17,0.16725290307805885,3654,,,,0,0
193,RELN,Reln,5649,homologene,0.5020898397299629,0.8215036803364879,0.1667981072555205,0.3701692301955557,tau,0.335003159996817,2.543349994077101e-95,0.335003159996817,16,0.1473186287260617,3654,,,,0,0
194,RERG,Rerg,85004,homologene,0.5019596968368433,0.8212407991587801,0.1667981072555205,0.3701099983798,upstroke_downstroke_ratio_long_square,-0.3799287939762393,1.2648007118743747e-124,0.3799287939762393,15,0.1377829528181441,3654,,,,0,0
195,EXOC4,Exoc4,60412,homologene,0.5018295520475471,0.8209779179810726,0.1667981072555205,0.3700507570831613,upstroke_downstroke_ratio_long_square,-0.2976583672623678,8.871857185996754e-75,0.2976583672623678,17,0.12804324520541494,3654,,,,0,0
196,ADCY1,Adcy1,107,homologene,0.5011787996265127,0.8196635120925343,0.1667981072555205,0.3697544082272004,ri,-0.2968902614074152,5.083075097155371e-74,0.2968902614074152,17,0.164539738220301,3654,,,,0,0
197,SPARCL1,Sparcl1,8404,homologene,0.5007883253613676,0.8188748685594112,0.1667981072555205,0.369576484851002,upstroke_downstroke_ratio_long_square,-0.2959530074500336,6.735222030885725e-74,0.2959530074500336,17,0.16141161243024077,3654,,,,0,0
198,GNG4,Gng4,2786,homologene,0.5001374968192034,0.8175604626708727,0.1667981072555205,0.369279755389392,ri,0.2953254532606509,3.222965268855232e-73,0.2953254532606509,17,0.1835108275436302,3654,,,,0,0
199,KCNQ5,Kcnq5,56479,homologene,0.49987715204581157,0.8170347003154573,0.1667981072555205,0.36916099682211784,upstroke_downstroke_ratio_long_square,0.375715807714207,1.0761984405423209e-121,0.375715807714207,15,0.11547680147269244,3654,,,,0,0
200,SLC25A3,Slc25a3,5250,homologene,0.4993564395615894,0.8159831756046266,0.1667981072555205,0.3689233650003761,upstroke_downstroke_ratio_long_square,-0.27841242465993,3.1683028631543428e-65,0.27841242465993,18,0.1577291568543928,3654,,,,0,0
201,UNC13C,Unc13c,440279,homologene,0.49909607183597965,0.8154574132492113,0.1667981072555205,0.36880449167201207,tau,0.3270461189444824,1.2057812245712134e-90,0.3270461189444824,16,0.12357229926242679,3654,,,,0,0
202,DOCK10,Dock10,55619,homologene,0.4976639121244108,0.812565720294427,0.1667981072555205,0.36815000226243255,upstroke_downstroke_ratio_long_square,0.4161167596500858,1.1363329511170398e-151,0.4161167596500858,14,0.1509100915067356,3654,,,,0,0
203,KCNIP1,Kcnip1,30820,homologene,0.4976639121244108,0.812565720294427,0.1667981072555205,0.36815000226243255,upstroke_downstroke_ratio_long_square,0.2751311078473193,1.141109368067318e-63,0.2751311078473193,18,0.15073061135484245,3654,,,,0,0
204,CNTN5,Cntn5,53942,homologene,0.49727328270530524,0.8117770767613038,0.1667981072555205,0.36797130311643167,tau,-0.3693182687439181,3.848321369957541e-117,0.3693182687439181,15,0.1387124213584181,3654,,,,0,0
205,KCNQ3,Kcnq3,3786,homologene,0.4970128534469703,0.8112513144058885,0.1667981072555205,0.36785212212444196,upstroke_downstroke_ratio_long_square,-0.4122669449519742,1.2533341755718165e-148,0.4122669449519742,14,0.11532770150116343,3654,,,,0,0
206,SERPINI1,Serpini1,5274,homologene,0.4970128534469703,0.8112513144058885,0.1667981072555205,0.36785212212444196,upstroke_downstroke_ratio_long_square,-0.2906482702284612,3.3412529027636718e-71,0.2906482702284612,17,0.13525597229392278,3654,,,,0,0
207,NECAB2,Necab2,54550,homologene,0.4964919717470916,0.8101997896950578,0.1667981072555205,0.3676136442244172,upstroke_downstroke_ratio_long_square,0.4113711721511081,6.260923539045863e-148,0.4113711721511081,14,0.11389578696005868,3654,,,,0,0
208,HS6ST3,Hs6st3,266722,homologene,0.4964919717470916,0.8101997896950578,0.1667981072555205,0.3676136442244172,threshold_i_short_square,-0.3222909576144817,4.3674513947321015e-87,0.3222909576144817,16,0.16685085056238527,3654,,,,0,0
209,DOCK9,Dock9,23348,homologene,0.4964919717470916,0.8101997896950578,0.1667981072555205,0.3676136442244172,upstroke_downstroke_ratio_long_square,-0.2905090136647819,3.906682296269805e-71,0.2905090136647819,17,0.14257721572612544,3654,,,,0,0
210,CRH,Crh,1392,homologene,0.4961012901572503,0.8094111461619349,0.1667981072555205,0.367434684224737,threshold_i_long_square,-0.3210771725503455,4.6602577706315475e-87,0.3210771725503455,16,0.15191579908781153,3654,,,,0,0
211,TMEFF2,Tmeff2,23671,homologene,0.495059387247484,0.8073080967402734,0.1667981072555205,0.36695703087464376,tau,0.3656489247756159,1.1006376776806712e-114,0.3656489247756159,15,0.12526745427231956,3654,,,,0,0
212,LMO3,Lmo3,55885,same-symbol,0.495059387247484,0.8073080967402734,0.1667981072555205,0.36695703087464376,upstroke_downstroke_ratio_long_square,-0.289578899827041,1.1242767641364944e-70,0.289578899827041,17,0.13488449097225955,3654,,,,0,0
213,NTN4,Ntn4,59277,homologene,0.494668641582069,0.8065194532071503,0.1667981072555205,0.366777750497096,upstroke_downstroke_ratio_long_square,-0.3653341563120466,1.1628660043826414e-114,0.3653341563120466,15,0.12950796180383933,3654,,,,0,0
214,ASIC2,Asic2,40,homologene,0.49427787838168863,0.8057308096740273,0.1667981072555205,0.3665983824447208,tau,0.3647733133669699,4.181199306700198e-114,0.3647733133669699,15,0.14284338314883044,3654,,,,0,0
215,CPNE5,Cpne5,57699,homologene,0.4936265673444953,0.804416403785489,0.1667981072555205,0.36629924050796514,tau,0.4029483982713503,3.1765560675628e-141,0.4029483982713503,14,0.14015212670589083,3654,,,,0,0
216,FUT9,Fut9,10690,homologene,0.49336602924449996,0.8038906414300735,0.1667981072555205,0.36617951530767334,upstroke_downstroke_ratio_long_square,-0.4017415030369372,1.6571048682070482e-140,0.4017415030369372,14,0.11213667447996783,3654,,,,0,0
217,CABP1,Cabp1,9478,same-symbol,0.49336602924449996,0.8038906414300736,0.1667981072555205,0.36617951530767334,tau,-0.2700457090894864,4.2387473800095006e-61,0.2700457090894864,18,0.14215226190896144,3654,,,,0,0
218,SHISA9,Shisa9,729993,homologene,0.4932357572581419,0.8036277602523659,0.1667981072555205,0.36611963802572495,tau,-0.3170777666237272,5.515714124166458e-85,0.3170777666237272,16,0.1337200094549511,3654,,,,0,0
219,OXR1,Oxr1,55074,homologene,0.4924540841703676,0.8020504731861199,0.1667981072555205,0.3657601684859074,upstroke_downstroke_ratio_long_square,-0.3592663716214839,1.16184826068053e-110,0.3592663716214839,15,0.11209959231931127,3654,,,,0,0
220,ADAMTS17,Adamts17,170691,homologene,0.4924540841703676,0.8020504731861199,0.1667981072555205,0.3657601684859074,tau,-0.3165378776951984,1.0944259248094143e-84,0.3165378776951984,16,0.15105463504982247,3654,,,,0,0
221,NCAM2,Ncam2,4685,homologene,0.4914117433308255,0.7999474237644585,0.1667981072555205,0.36528032548693534,upstroke_downstroke_ratio_long_square,0.3135359217339574,3.008628199474756e-83,0.3135359217339574,16,0.176990029929614,3654,,,,0,0
222,SYTL2,Sytl2,54843,homologene,0.4910208329982764,0.7991587802313354,0.1667981072555205,0.3651002217737168,upstroke_downstroke_ratio_long_square,-0.313162651747651,4.806741651422306e-83,0.313162651747651,16,0.1783204626236114,3654,,,,0,0
223,ARID5B,Arid5b,84159,homologene,0.4908905256047751,0.7988958990536278,0.1667981072555205,0.365040167456052,threshold_i_long_square,0.3134164032141802,8.021210466702162e-83,0.3134164032141802,16,0.16869692018054389,3654,,,,0,0
224,PLD3,Pld3,23646,homologene,0.4908905256047751,0.7988958990536278,0.1667981072555205,0.365040167456052,ri,0.2843270000861134,9.578453992400736e-68,0.2843270000861134,17,0.14511460969164397,3654,,,,0,0
225,MGAT4C,Mgat4c,25834,homologene,0.49076021623499,0.79863301787592,0.1667981072555205,0.36498010325696895,upstroke_downstroke_ratio_long_square,-0.3554464767312608,3.310610544872496e-108,0.3554464767312608,15,0.11879675032005751,3654,,,,0,0
226,ENOX1,Enox1,55068,homologene,0.49049959156266476,0.7981072555205048,0.1667981072555205,0.36485994519502724,upstroke_downstroke_ratio_long_square,-0.3548932703498204,7.470850286777729e-108,0.3548932703498204,15,0.1310759074321947,3654,,,,0,0
227,PRKG1,Prkg1,5592,homologene,0.4902389589734841,0.7975814931650893,0.1667981072555205,0.3647397475488088,upstroke_downstroke_ratio_long_square,-0.3545998178255332,1.1450207033662988e-107,0.3545998178255332,15,0.12793339766615391,3654,,,,0,0
228,FAR2,Far2,55711,homologene,0.4899783184596188,0.7970557308096741,0.1667981072555205,0.3646195102791666,upstroke_downstroke_ratio_long_square,-0.3904249403799943,4.067427998015848e-132,0.3904249403799943,14,0.12893874256614093,3654,,,,0,0
229,GOLIM4,Golim4,27333,homologene,0.4897176700132264,0.7965299684542587,0.1667981072555205,0.36449923334688894,upstroke_downstroke_ratio_long_square,-0.3119692037099574,2.1433178224710816e-82,0.3119692037099574,16,0.14241749519252664,3654,,,,0,0
230,GABBR2,Gabbr2,9568,homologene,0.4895873428128782,0.796267087276551,0.1667981072555205,0.3644390799949905,threshold_i_long_square,0.2642511619467405,1.9971010601032e-58,0.2642511619467405,18,0.14021239023896745,3654,,,,0,0
231,TENM4,Tenm4,26011,homologene,0.48945701362645155,0.7960042060988434,0.1667981072555205,0.3643789167126994,upstroke_downstroke_ratio_long_square,-0.3524073938617346,2.85162280503643e-106,0.3524073938617346,15,0.13103372479395356,3654,,,,0,0
232,AP1S2,Ap1s2,8905,homologene,0.4893266824529625,0.7957413249211357,0.1667981072555205,0.364318743495096,upstroke_downstroke_ratio_long_square,0.3107355157325541,1.0109757176755522e-81,0.3107355157325541,16,0.1276218450618461,3654,,,,0,0
233,LDHB,Ldhb,3945,homologene,0.4893266824529625,0.7957413249211357,0.1667981072555205,0.364318743495096,threshold_i_long_square,0.282853852429496,4.2883385577035824e-67,0.282853852429496,17,0.15554347152542677,3654,,,,0,0
234,CLU,Clu,1191,homologene,0.4888053378686741,0.794689800210305,0.1667981072555205,0.36407795117302366,upstroke_downstroke_ratio_long_square,0.2818227786353112,7.319934148997827e-67,0.2818227786353112,17,0.15351025485809433,3654,,,,0,0
235,TENM2,Tenm2,57451,homologene,0.488414308517968,0.7939011566771819,0.1667981072555205,0.36389725236902015,upstroke_downstroke_ratio_long_square,-0.4328091858122943,2.727634704503614e-165,0.4328091858122943,13,0.10944595251978344,3654,,,,0,0
236,CSRNP3,Csrnp3,80034,homologene,0.488153612310997,0.7933753943217665,0.1667981072555205,0.3637767366338492,upstroke_downstroke_ratio_long_square,-0.3876258388057916,4.219181000319041e-130,0.3876258388057916,14,0.1100412727057084,3654,,,,0,0
237,CXCL14,Cxcl14,9547,homologene,0.488153612310997,0.7933753943217665,0.1667981072555205,0.3637767366338492,upstroke_downstroke_ratio_long_square,0.3502151536692876,6.867579933062055e-105,0.3502151536692876,15,0.1437204505428212,3654,,,,0,0
238,RGS7BP,Rgs7bp,401190,homologene,0.488153612310997,0.7933753943217665,0.1667981072555205,0.3637767366338492,tau,-0.3099894881767162,4.432183770153263e-81,0.3099894881767162,16,0.1505657444347367,3654,,,,0,0
239,ST8SIA1,St8sia1,6489,homologene,0.48763219592574525,0.7923238696109358,0.1667981072555205,0.3635355853069599,upstroke_downstroke_ratio_long_square,-0.430002138971648,5.910090222824385e-163,0.430002138971648,13,0.12929120724412527,3654,,,,0,0
240,LRRC7,Lrrc7,57554,same-symbol,0.48763219592574525,0.7923238696109358,0.1667981072555205,0.3635355853069599,tau,0.3488487153808522,8.640530906387607e-104,0.3488487153808522,15,0.12751102465612313,3654,,,,0,0
241,SH3GL3,Sh3gl3,6457,homologene,0.4873714757315581,0.7917981072555205,0.1667981072555205,0.3634149496357083,threshold_i_long_square,-0.2794945258488947,1.753709165114985e-65,0.2794945258488947,17,0.16065097814649723,3654,,,,0,0
242,DGKB,Dgkb,1607,homologene,0.487241112630588,0.7915352260778127,0.1667981072555205,0.36335461678070047,upstroke_downstroke_ratio_long_square,0.3859168264441014,7.153708301872791e-129,0.3859168264441014,14,0.1153893242514164,3654,,,,0,0
243,RAB3B,Rab3b,5865,homologene,0.4865892670470335,0.7902208201892744,0.1667981072555205,0.36305280211213903,upstroke_downstroke_ratio_long_square,-0.384522072342465,7.102640953704024e-128,0.384522072342465,14,0.1273085384221894,3654,,,,0,0
244,NETO2,Neto2,81831,homologene,0.4865892670470335,0.7902208201892744,0.1667981072555205,0.36305280211213903,upstroke_downstroke_ratio_long_square,-0.3466624955824272,1.143991716225485e-102,0.3466624955824272,15,0.1368241667183397,3654,,,,0,0
245,RGS6,Rgs6,9628,homologene,0.4863285147582054,0.7896950578338591,0.1667981072555205,0.36293200596768327,tau,0.3452584715486758,1.519825833617909e-101,0.3452584715486758,15,0.1821294877435391,3654,,,,0,0
246,XYLT1,Xylt1,64131,homologene,0.48626332542948525,0.7895636172450052,0.1667981072555205,0.36290180064900357,upstroke_downstroke_ratio_long_square,-0.384294507969051,1.016946004601192e-127,0.384294507969051,14,0.11147285163299525,3654,,,,0,0
247,RYR3,Ryr3,6263,homologene,0.4861981355979088,0.7894321766561513,0.1667981072555205,0.3628715928160425,f_i_curve_slope,-0.2781210245095473,1.7316541796007182e-64,0.2781210245095473,17,0.14999059430618664,3654,,,,0,0
248,ARHGEF3,Arhgef3,50650,homologene,0.4861981355979088,0.7894321766561513,0.1667981072555205,0.3628715928160425,upstroke_downstroke_ratio_long_square,-0.2774829955541444,8.750251421924279e-65,0.2774829955541444,17,0.1325160605200001,3654,,,,0,0
249,ZBTB16,Zbtb16,7704,homologene,0.4861329452633505,0.7893007360672976,0.1667981072555205,0.3628413824681721,upstroke_downstroke_ratio_long_square,0.3842899186664068,1.016946004601192e-127,0.3842899186664068,14,0.1085874652993769,3654,,,,0,0
250,BCL11B,Bcl11b,64919,homologene,0.48580698604143163,0.7886435331230284,0.1667981072555205,0.3626902929831835,threshold_i_short_square,0.3029539638009405,1.1256815065600684e-76,0.3029539638009405,16,0.17510514918021539,3654,,,,0,0
251,TOX,Tox,9760,homologene,0.48580698604143163,0.7886435331230284,0.1667981072555205,0.3626902929831835,latency,0.2780829472577124,7.675596969936019e-64,0.2780829472577124,17,0.1137471439271404,3654,,,,0,0
252,SCN3A,Scn3a,6328,homologene,0.4854158183504343,0.7878548895899055,0.1667981072555205,0.36250890247772305,tau,0.3012457678684675,2.0296235476830002e-76,0.3012457678684675,16,0.1568508997098401,3654,,,,0,0
253,SHISA8,Shisa8,440829,homologene,0.48359012854501754,0.7841745531019978,0.1667981072555205,0.3616612105484315,latency,-0.2985021850732793,9.361770239433484e-74,0.2985021850732793,16,0.11352750285295116,3654,,,,0,0
254,TMTC1,Tmtc1,83857,homologene,0.4834597069219944,0.7839116719242902,0.1667981072555205,0.36160058508315795,upstroke_downstroke_ratio_long_square,-0.3769847617074567,1.422014082485632e-122,0.3769847617074567,14,0.09814472723194037,3654,,,,0,0
255,ST6GALNAC5,St6galnac5,81849,homologene,0.4829380000874895,0.7828601472134595,0.1667981072555205,0.3613579815100023,upstroke_downstroke_ratio_long_square,-0.3312057551152327,2.7939100019951023e-93,0.3312057551152327,15,0.12534356756839,3654,,,,0,0
256,KCNJ3,Kcnj3,3760,homologene,0.4829380000874895,0.7828601472134595,0.1667981072555205,0.3613579815100023,tau,-0.273014141418018,1.7873886926082685e-62,0.273014141418018,17,0.1504557825899545,3654,,,,0,0
257,GRM5,Grm5,2915,homologene,0.4828075682881379,0.782597266035752,0.1667981072555205,0.3612973051630865,adaptation,-0.2961348766129328,1.8991406517132888e-73,0.2961348766129328,16,0.1810239351136032,3654,,,,0,0
258,NEBL,Nebl,10529,same-symbol,0.48267713445044413,0.7823343848580442,0.1667981072555205,0.36123661862446016,upstroke_downstroke_ratio_long_square,-0.3753636327074886,1.8691703217658224e-121,0.3753636327074886,14,0.12119321958657506,3654,,,,0,0
259,MAGI2,Magi2,9863,homologene,0.4824162606559196,0.7818086225026288,0.1667981072555205,0.3611152149515224,upstroke_downstroke_ratio_long_square,-0.3753252364303683,1.965623803421714e-121,0.3753252364303683,14,0.11613802365115486,3654,,,,0,0
260,PDE1C,Pde1c,5137,homologene,0.4824162606559196,0.7818086225026288,0.1667981072555205,0.3611152149515224,ri,0.2724476622441845,4.190614522915333e-62,0.2724476622441845,17,0.11877481459572266,3654,,,,0,0
261,SRRM3,Srrm3,222183,same-symbol,0.48215537869568587,0.7812828601472135,0.1667981072555205,0.360993770450038,upstroke_downstroke_ratio_long_square,-0.2536187160707143,4.9453681976895346e-54,0.2536187160707143,18,0.1293061167361557,3654,,,,0,0
262,CUX1,Cux1,1523,same-symbol,0.4816335902451004,0.7802313354363828,0.1667981072555205,0.36075075879647955,upstroke_downstroke_ratio_long_square,-0.330151102503297,1.1287754544535198e-92,0.330151102503297,15,0.12088708862352325,3654,,,,0,0
263,PCDH11X,Pcdh11x,27328,homologene,0.4813726837382189,0.7797055730809674,0.1667981072555205,0.36062919156175677,tau,0.2708873968836726,1.7493211442041658e-61,0.2708873968836726,17,0.10446847320179858,3654,,,,0,0
264,PHACTR1,Phactr1,221692,homologene,0.4813726837382188,0.7797055730809673,0.1667981072555205,0.36062919156175677,tau,-0.2937378283674878,1.5127971446331274e-72,0.2937378283674878,16,0.13086777770116836,3654,,,,0,0
265,MPDZ,Mpdz,8777,homologene,0.480981308602612,0.7789169295478443,0.1667981072555205,0.3604467638332491,tau,-0.292905775369232,3.985593692283583e-72,0.292905775369232,16,0.11474940502443798,3654,,,,0,0
266,KHDRBS2,Khdrbs2,202559,homologene,0.480981308602612,0.7789169295478443,0.1667981072555205,0.3604467638332491,upstroke_downstroke_ratio_long_square,0.2928023657049884,2.730150616179321e-72,0.2928023657049884,16,0.12379737405652803,3654,,,,0,0
267,CADM2,Cadm2,253559,homologene,0.48085084611984974,0.7786540483701367,0.1667981072555205,0.3603859340692798,tau,0.3294490704525354,4.856926589308788e-92,0.3294490704525354,15,0.12900841869283164,3654,,,,0,0
268,LIN7A,Lin7a,8825,homologene,0.4805899149917484,0.7781282860147214,0.1667981072555205,0.36026424372845806,tau,-0.2925749922232561,5.820433777597278e-72,0.2925749922232561,16,0.14689068565941457,3654,,,,0,0
269,PCP4,Pcp4,5121,homologene,0.48032897563993693,0.7776025236593059,0.1667981072555205,0.3601425122690854,threshold_i_long_square,-0.2921027712611074,1.1986785383618865e-71,0.2921027712611074,16,0.1518753783462485,3654,,,,0,0
270,CLEC16A,Clec16a,23274,homologene,0.48019850287753363,0.7773396424815983,0.1667981072555205,0.36008163110691105,upstroke_downstroke_ratio_long_square,-0.2693017037070433,5.5786380207949616e-61,0.2693017037070433,17,0.15438155591684144,3654,,,,0,0
271,NPY,Npy,4852,homologene,0.4798070722318019,0.7765509989484753,0.1667981072555205,0.35989892582777927,avg_isi,0.3270721553348678,4.303299927284763e-90,0.3270721553348678,15,0.11920876460678545,3654,,,,0,0
272,SLIT3,Slit3,6586,homologene,0.4795461081587521,0.7760252365930599,0.1667981072555205,0.359777070762215,upstroke_downstroke_ratio_long_square,-0.2685615914953559,1.2138594035057628e-60,0.2685615914953559,17,0.12099301347056146,3654,,,,0,0
273,KCNB2,Kcnb2,9312,homologene,0.4792851358285399,0.7754994742376446,0.1667981072555205,0.3596551744108381,threshold_i_long_square,-0.2910958070318895,3.8005158272976656e-71,0.2910958070318895,16,0.15012638177673018,3654,,,,0,0
274,GRIA3,Gria3,2892,homologene,0.47915464656437373,0.7752365930599369,0.1667981072555205,0.35959421073985,upstroke_downstroke_ratio_long_square,-0.367656044143592,3.2880753505388966e-116,0.367656044143592,14,0.14322705167901942,3654,,,,0,0
275,ITM2C,Itm2c,81618,homologene,0.47876316636301935,0.774447949526814,0.1667981072555205,0.35941125768260435,threshold_i_long_square,-0.2482837048237996,1.5823441619005427e-51,0.2482837048237996,18,0.14166535429797758,3654,,,,0,0
276,THSD7B,Thsd7b,80731,homologene,0.4782411637678808,0.7733964248159833,0.1667981072555205,0.35916717530628056,tau,0.3228465684758301,3.1379150227769283e-88,0.3228465684758301,15,0.12085853519182595,3654,,,,0,0
277,TMEM108,Tmem108,66000,homologene,0.4778496400395648,0.7726077812828601,0.1667981072555205,0.3589840046142282,tau,-0.2898685123370776,1.316011431156974e-70,0.2898685123370776,16,0.16154002872164808,3654,,,,0,0
278,COL11A1,Col11a1,1301,homologene,0.4777191279755356,0.7723449001051524,0.1667981072555205,0.3589229269439241,upstroke_downstroke_ratio_long_square,-0.3928135024507043,7.547662124314575e-134,0.3928135024507043,13,0.11027980048153159,3654,,,,0,0
279,SPOCK1,Spock1,6695,homologene,0.47745809760922625,0.7718191377497371,0.1667981072555205,0.35880074041206217,threshold_i_long_square,0.2648645965932279,1.070216226489366e-58,0.2648645965932279,17,0.1387687052352033,3654,,,,0,0
280,CALN1,Caln1,83698,homologene,0.4773275793048215,0.7715562565720294,0.1667981072555205,0.35873963153988053,upstroke_downstroke_ratio_long_square,0.3917686486356924,4.378395026883644e-133,0.3917686486356924,13,0.12575782787996984,3654,,,,0,0
281,FGF13,Fgf13,2258,homologene,0.476544425713819,0.7699789695057834,0.1667981072555205,0.3583727594839217,tau,-0.3189471905276245,5.063720183850733e-86,0.3189471905276245,15,0.1359762596447945,3654,,,,0,0
282,CUX2,Cux2,23316,homologene,0.476544425713819,0.7699789695057834,0.1667981072555205,0.3583727594839217,upstroke_downstroke_ratio_long_square,-0.3186444643993179,4.512215432856712e-86,0.3186444643993179,15,0.13311269315443017,3654,,,,0,0
283,TRPM2,Trpm2,7226,homologene,0.47615282073591747,0.7691903259726603,0.1667981072555205,0.35818918254394083,ri,-0.2634878469438468,4.8725887037620674e-58,0.2634878469438468,17,0.15493901063383161,3654,,,,0,0
284,DLGAP1,Dlgap1,9229,homologene,0.47563065147424205,0.7681388012618297,0.1667981072555205,0.3579442668349328,upstroke_downstroke_ratio_long_square,-0.3173826742821027,2.2668346694812116e-85,0.3173826742821027,15,0.133100055304427,3654,,,,0,0
285,OSBPL8,Osbpl8,114882,homologene,0.47563065147424205,0.7681388012618297,0.1667981072555205,0.3579442668349328,ri,-0.26321056814228,6.440668716905855e-58,0.26321056814228,17,0.1376936589121597,3654,,,,0,0
286,ATP2A2,Atp2a2,488,homologene,0.4752390025220327,0.7673501577287065,0.1667981072555205,0.35776047002341294,tau,-0.262738785685041,8.529468175471641e-58,0.262738785685041,17,0.14150903201086512,3654,,,,0,0
287,LANCL1,Lancl1,10314,homologene,0.47497789272538005,0.7668243953732913,0.1667981072555205,0.3576378863398338,tau,-0.3172466727908153,4.483839211034572e-85,0.3172466727908153,15,0.11099495770874183,3654,,,,0,0
288,SLC35F1,Slc35f1,222553,homologene,0.4747167745225079,0.7662986330178759,0.1667981072555205,0.35751526062515765,tau,0.2856798810637597,1.552924147513959e-68,0.2856798810637597,16,0.14554003962860873,3654,,,,0,0
289,ATP8A2,Atp8a2,51761,homologene,0.47458621226603614,0.7660357518401683,0.1667981072555205,0.3574539319926411,upstroke_downstroke_ratio_long_square,-0.2616013638322342,1.648158343299229e-57,0.2616013638322342,17,0.11899905978301335,3654,,,,0,0
290,BRINP2,Brinp2,57795,homologene,0.47432508143760616,0.7655099894847529,0.1667981072555205,0.35733124315017595,threshold_i_short_square,0.2617183808011257,8.188853012635316e-57,0.2617183808011257,17,0.12458194540184064,3654,,,,0,0
291,MAGI3,Magi3,260425,homologene,0.474063942181297,0.7649842271293376,0.1667981072555205,0.35720851216831423,upstroke_downstroke_ratio_long_square,0.3165614312796214,6.370349094635749e-85,0.3165614312796214,15,0.14099083121744627,3654,,,,0,0
292,CALB2,Calb2,794,homologene,0.4734110571114866,0.7636698212407992,0.1667981072555205,0.35690150006847404,threshold_i_ramp,-0.2603722054359521,1.1990632298198717e-56,0.2603722054359521,17,0.16183843993296543,3654,,,,0,0
293,MAN1A2,Man1a2,10905,homologene,0.4731498882890676,0.7631440588853838,0.1667981072555205,0.35677862125606336,threshold_i_long_square,0.2842528311710644,9.272160725452978e-68,0.2842528311710644,16,0.165624993954688,3654,,,,0,0
294,PRICKLE1,Prickle1,144165,homologene,0.4731498882890675,0.7631440588853837,0.1667981072555205,0.35677862125606336,ri,-0.2602173815694758,1.3364163053797725e-56,0.2602173815694758,17,0.16191835137227792,3654,,,,0,0
295,NCAM1,Ncam1,4684,homologene,0.4727581191768859,0.7623554153522608,0.1667981072555205,0.3565942236446817,tau,0.2838369834683162,1.2371302684800451e-67,0.2838369834683162,16,0.11534660636127114,3654,,,,0,0
296,CDH13,Cdh13,1012,homologene,0.4722357306746609,0.7613038906414301,0.1667981072555205,0.3563482117329261,tau,0.28350878665453,1.763273436134097e-67,0.28350878665453,16,0.10192807023883586,3654,,,,0,0
297,CDK14,Cdk14,5218,homologene,0.4713214689617844,0.7594637223974764,0.1667981072555205,0.35591728171743936,upstroke_downstroke_ratio_long_square,0.2563003568108918,3.468171283689537e-55,0.2563003568108918,17,0.15020850883089776,3654,,,,0,0
298,CLIP4,Clip4,79745,homologene,0.4710602321564859,0.7589379600420609,0.1667981072555205,0.3557940629906317,upstroke_downstroke_ratio_long_square,-0.2561979059293561,3.8292821163795134e-55,0.2561979059293561,17,0.15686027899000266,3654,,,,0,0
299,LPCAT4,Lpcat4,254531,homologene,0.47066836093778674,0.758149316508938,0.1667981072555205,0.3556091548466622,upstroke_downstroke_ratio_long_square,-0.2553237507429211,9.1684233201303e-55,0.2553237507429211,17,0.12409696225611261,3654,,,,0,0
300,BRINP3,Brinp3,339479,homologene,0.47027647047952986,0.7573606729758149,0.1667981072555205,0.3554241505049047,adaptation,0.311099410853459,2.893808499476705e-81,0.311099410853459,15,0.1494836825599987,3654,,,,0,0
301,HTR2C,Htr2c,3358,homologene,0.4692313349686053,0.7552576235541535,0.1667981072555205,0.3549303341490203,upstroke_downstroke_ratio_long_square,0.2787241787636987,2.2551313197158327e-65,0.2787241787636987,16,0.142376818458732,3654,,,,0,0
302,PDZD2,Pdzd2,23037,homologene,0.4692313349686053,0.7552576235541535,0.1667981072555205,0.3549303341490203,tau,0.2535660658302833,8.844962019792198e-54,0.2535660658302833,17,0.1388382319186564,3654,,,,0,0
303,HSPA12A,Hspa12a,259217,homologene,0.4692313349686053,0.7552576235541535,0.1667981072555205,0.3549303341490203,upstroke_downstroke_ratio_long_square,-0.2364366272961157,5.742004842349905e-47,0.2364366272961157,18,0.14105115019143868,3654,,,,0,0
304,PI4KA,Pi4ka,5297,homologene,0.46897002961311374,0.7547318611987383,0.1667981072555205,0.3548067726712467,upstroke_downstroke_ratio_long_square,-0.2362921515738269,6.535249103797031e-47,0.2362921515738269,18,0.09961275055793234,3654,,,,0,0
305,RIMS3,Rims3,9783,homologene,0.46805539301344445,0.7528916929547845,0.1667981072555205,0.3543739682217961,upstroke_downstroke_ratio_long_square,0.2507217686774017,8.442838638349131e-53,0.2507217686774017,17,0.14458495020764256,3654,,,,0,0
306,PRKAG2,Prkag2,51422,homologene,0.4677940488461892,0.752365930599369,0.1667981072555205,0.35425021268520507,upstroke_downstroke_ratio_long_square,-0.3066318335556955,1.6138309697416524e-79,0.3066318335556955,15,0.11251634745358767,3654,,,,0,0
307,TLE4,Tle4,7091,homologene,0.46740201637428846,0.751577287066246,0.1667981072555205,0.35406449827522785,upstroke_downstroke_ratio_long_square,-0.3709792628623883,1.8936601816544505e-118,0.3709792628623883,13,0.11209241349768129,3654,,,,0,0
308,GABRG2,Gabrg2,2566,homologene,0.46674858558936677,0.7502628811777076,0.1667981072555205,0.3537547575998309,tau,-0.2330130164051375,2.1537957553589386e-45,0.2330130164051375,18,0.11501170866479654,3654,,,,0,0
309,DGKH,Dgkh,160851,homologene,0.4666178929223746,0.75,0.1667981072555205,0.35369277691471224,upstroke_downstroke_ratio_long_square,-0.2738556622637364,4.50376219528874e-63,0.2738556622637364,16,0.12577658458018004,3654,,,,0,0
310,EPHA3,Epha3,2042,homologene,0.465180129937689,0.7471083070452155,0.1667981072555205,0.3530102711395494,upstroke_downstroke_ratio_long_square,0.2725671534523542,1.7730629552068755e-62,0.2725671534523542,16,0.12089185983653167,3654,,,,0,0
311,NXPH2,Nxph2,11249,homologene,0.46465724155595084,0.7460567823343848,0.1667981072555205,0.3527617598302277,upstroke_downstroke_ratio_long_square,-0.2721860222631098,2.6616188569177398e-62,0.2721860222631098,16,0.12947796285148694,3654,,,,0,0
312,RALGAPA2,Ralgapa2,57186,homologene,0.4640035817970304,0.7447423764458465,0.1667981072555205,0.35245087428483635,upstroke_downstroke_ratio_long_square,-0.2714280399104534,5.87753648532404e-62,0.2714280399104534,16,0.10954044813679048,3654,,,,0,0
313,NYAP2,Nyap2,57624,homologene,0.463872843262754,0.7444794952681387,0.1667981072555205,0.3523886642632972,upstroke_downstroke_ratio_long_square,0.3903183928162601,4.8038533960559997e-132,0.3903183928162601,12,0.11270838022994867,3654,,,,0,0
314,TRERF1,Trerf1,55809,homologene,0.463872843262754,0.7444794952681387,0.1667981072555205,0.3523886642632972,upstroke_downstroke_ratio_long_square,-0.2952916149565361,1.4677302514115274e-73,0.2952916149565361,15,0.10359168200421255,3654,,,,0,0
315,TRIO,Trio,7204,homologene,0.4629576119450427,0.7426393270241851,0.1667981072555205,0.3519528862236359,upstroke_downstroke_ratio_long_square,-0.269683147753134,3.7328876593359806e-61,0.269683147753134,16,0.12632438302381108,3654,,,,0,0
316,NDFIP1,Ndfip1,80762,homologene,0.4626960974549585,0.7421135646687698,0.1667981072555205,0.3518282790728996,ri,0.2440826859558956,9.403218968141492e-50,0.2440826859558956,17,0.11812279076043608,3654,,,,0,0
317,CERS6,Cers6,253782,homologene,0.4623038091614734,0.7413249211356466,0.1667981072555205,0.3516412855550011,upstroke_downstroke_ratio_long_square,-0.4242451637333686,3.2682331782478716e-158,0.4242451637333686,11,0.12656848518293415,3654,,,,0,0
318,PTPRO,Ptpro,5800,homologene,0.4623038091614734,0.7413249211356466,0.1667981072555205,0.3516412855550011,upstroke_downstroke_ratio_long_square,0.3259594214025829,3.088376836398509e-90,0.3259594214025829,14,0.09956880722199873,3654,,,,0,0
319,WASF3,Wasf3,10810,homologene,0.4611268247644121,0.7389589905362777,0.1667981072555205,0.35107970741827443,threshold_i_long_square,0.2421607517698128,4.9867628417445195e-49,0.2421607517698128,17,0.1456212724211265,3654,,,,0,0
320,MAFB,Mafb,9935,homologene,0.4609960376283706,0.7386961093585699,0.1667981072555205,0.3510172543879096,upstroke_downstroke_ratio_long_square,-0.357699005996568,1.195011399287617e-109,0.357699005996568,13,0.13011409809526875,3654,,,,0,0
321,CELF4,Celf4,56853,homologene,0.46034206858352333,0.7373817034700316,0.1667981072555205,0.35070482241288436,upstroke_downstroke_ratio_long_square,0.3204027973043258,4.629301193135419e-87,0.3204027973043258,14,0.1611011373481841,3654,,,,0,0
322,MAP3K5,Map3k5,4217,homologene,0.46008046537321645,0.7368559411146162,0.1667981072555205,0.3505797716610347,upstroke_downstroke_ratio_long_square,-0.2659286104394527,1.9172975072075202e-59,0.2659286104394527,16,0.11696264145215676,3654,,,,0,0
323,FRAS1,Fras1,80144,homologene,0.46008046537321645,0.7368559411146162,0.1667981072555205,0.3505797716610347,tau,-0.2411253833646492,1.306086639342455e-48,0.2411253833646492,17,0.13878950940613186,3654,,,,0,0
324,TTLL11,Ttll11,158135,homologene,0.459949660422074,0.7365930599369085,0.1667981072555205,0.3505172295551654,upstroke_downstroke_ratio_long_square,-0.3196905857788821,1.1649128285271485e-86,0.3196905857788821,14,0.10780027449137426,3654,,,,0,0
325,PIP5K1B,Pip5k1b,8395,homologene,0.4598188532386803,0.7363301787592009,0.1667981072555205,0.3504546762880384,upstroke_downstroke_ratio_long_square,0.2902429111117633,5.292354949490749e-71,0.2902429111117633,15,0.10115179685614271,3654,,,,0,0
326,PCDH9,Pcdh9,5101,homologene,0.45942641828302877,0.7355415352260778,0.1667981072555205,0.35026694945930814,upstroke_downstroke_ratio_long_square,-0.289829226799456,8.50475875668737e-71,0.289829226799456,15,0.1271169346875035,3654,,,,0,0
327,MICAL2,Mical2,9645,homologene,0.4591647837960571,0.7350157728706624,0.1667981072555205,0.3501417423241337,upstroke_downstroke_ratio_long_square,-0.3182687218269096,7.297534620433381e-86,0.3182687218269096,14,0.13690186550391656,3654,,,,0,0
328,MYO16,Myo16,23026,homologene,0.4587723152667862,0.7342271293375395,0.1667981072555205,0.3499538476273062,upstroke_downstroke_ratio_long_square,-0.2633892452944121,2.6530023736933614e-58,0.2633892452944121,16,0.08494222169042381,3654,,,,0,0
329,SEMA5B,Sema5b,54437,homologene,0.4586414879392013,0.7339642481598317,0.1667981072555205,0.3498911936392242,threshold_i_short_square,-0.2897733453347099,5.5349690862323737e-70,0.2897733453347099,15,0.11466329080039141,3654,,,,0,0
330,ANO3,Ano3,63982,homologene,0.4583798265500603,0.7334384858044164,0.1667981072555205,0.3497658519932036,upstroke_downstroke_ratio_long_square,-0.3792771875044085,3.597864974859377e-124,0.3792771875044085,12,0.11938472974229132,3654,,,,0,0
331,GRM3,Grm3,2913,homologene,0.4583798265500603,0.7334384858044164,0.1667981072555205,0.3497658519932036,upstroke_downstroke_ratio_long_square,-0.3173152692120607,2.4568086717158844e-85,0.3173152692120607,14,0.0971486529176237,3654,,,,0,0
332,SDK1,Sdk1,221935,homologene,0.4582489924860904,0.7331756046267087,0.1667981072555205,0.34970316432319687,threshold_i_short_square,-0.2896010309411296,6.539656541127399e-70,0.2896010309411296,15,0.13657691711595704,3654,,,,0,0
333,OLFM1,Olfm1,10439,homologene,0.45785647680207964,0.7323869610935857,0.1667981072555205,0.34951503385266935,upstroke_downstroke_ratio_long_square,0.3783552637640968,1.5804874415160914e-123,0.3783552637640968,12,0.10224033474715384,3654,,,,0,0
334,RCAN2,Rcan2,10231,homologene,0.45785647680207964,0.7323869610935857,0.1667981072555205,0.34951503385266935,upstroke_downstroke_ratio_long_square,-0.3505028422918471,4.547676645203122e-105,0.3505028422918471,13,0.12784951235057862,3654,,,,0,0
335,SGK1,Sgk1,6446,homologene,0.4573330910299356,0.731335436382755,0.1667981072555205,0.3492640355913183,tau,-0.287621305103511,1.7138884143658978e-69,0.287621305103511,15,0.12035258267462044,3654,,,,0,0
336,MYRIP,Myrip,25924,homologene,0.4562862111019892,0.7292323869610936,0.1667981072555205,0.3487614971503244,upstroke_downstroke_ratio_long_square,-0.2863270064459914,4.63338855914901e-69,0.2863270064459914,15,0.09187276631223874,3654,,,,0,0
337,GARNL3,Garnl3,84253,homologene,0.4562862111019892,0.7292323869610935,0.1667981072555205,0.34876149715032434,tau,0.260880141712993,5.74852127143006e-57,0.260880141712993,16,0.09844183928815588,3654,,,,0,0
338,NTNG1,Ntng1,22854,homologene,0.4557627167899016,0.7281808622502629,0.1667981072555205,0.34850995618925545,upstroke_downstroke_ratio_long_square,-0.2347036745207394,2.776287924155808e-46,0.2347036745207394,17,0.11429685057160507,3654,,,,0,0
339,CDH8,Cdh8,1006,homologene,0.4556318375373397,0.7279179810725552,0.1667981072555205,0.3484470425762888,tau,0.2851973681676573,2.667062638599332e-68,0.2851973681676573,15,0.11628245840138894,3654,,,,0,0
340,TRPC5,Trpc5,7224,homologene,0.45550095601250296,0.7276550998948474,0.1667981072555205,0.348384117601947,upstroke_downstroke_ratio_long_square,0.3432204607599384,1.5731527298476263e-100,0.3432204607599384,13,0.10837554547803932,3654,,,,0,0
341,PPIP5K2,Ppip5k2,23262,homologene,0.4553700722141597,0.7273922187171399,0.1667981072555205,0.34832118126007283,upstroke_downstroke_ratio_long_square,-0.2344391483069877,3.521092578245474e-46,0.2344391483069877,17,0.13075033670029507,3654,,,,0,0
342,RGS4,Rgs4,5999,homologene,0.4552391861410774,0.7271293375394322,0.1667981072555205,0.34825823354450325,threshold_i_long_square,0.2345394004664652,5.4815735879523084e-46,0.2345394004664652,17,0.13280962985488268,3654,,,,0,0
343,CHSY3,Chsy3,337876,homologene,0.45471561907666624,0.7260778128286014,0.1667981072555205,0.34800632882181726,upstroke_downstroke_ratio_long_square,0.3697777128200227,1.2362778275551091e-117,0.3697777128200227,12,0.1069081573496322,3654,,,,0,0
344,NDFIP2,Ndfip2,54602,homologene,0.45419201551753285,0.7250262881177708,0.1667981072555205,0.347754241625519,upstroke_downstroke_ratio_long_square,-0.2329117044766713,1.397867084048235e-45,0.2329117044766713,17,0.11515180697865518,3654,,,,0,0
345,NAV3,Nav3,89795,homologene,0.4534065415774119,0.7234490010515247,0.1667981072555205,0.34737576782396806,threshold_i_long_square,0.2323898113281806,3.75981598199869e-45,0.2323898113281806,17,0.1429832050244214,3654,,,,0,0
346,DAB1,Dab1,1600,homologene,0.453275621234572,0.7231861198738171,0.1667981072555205,0.3473126487596106,tau,-0.2833758720309973,2.0321159937530708e-67,0.2833758720309973,15,0.10850991442724967,3654,,,,0,0
347,SH3RF3,Sh3rf3,344558,homologene,0.4522281757804978,0.7210830704521557,0.1667981072555205,0.34680728268797745,threshold_i_long_square,0.2552244155312421,1.8243107074368218e-54,0.2552244155312421,16,0.14354202185033646,3654,,,,0,0
348,NRG3,Nrg3,10718,homologene,0.451835345742934,0.7202944269190326,0.1667981072555205,0.3466175804496859,upstroke_downstroke_ratio_long_square,-0.3076335770014688,4.7346821889919426e-80,0.3076335770014688,14,0.10276473907522155,3654,,,,0,0
349,ITPK1,Itpk1,3705,homologene,0.4517043977818738,0.7200315457413248,0.1667981072555205,0.34655432329422714,tau,0.2295609717896478,4.535889261256056e-44,0.2295609717896478,17,0.11686994652067424,3654,,,,0,0
350,RPS6KA2,Rps6ka2,6196,homologene,0.45131154003537577,0.7192429022082019,0.1667981072555205,0.34636448251126367,upstroke_downstroke_ratio_long_square,-0.279732681730634,7.439687614605179e-66,0.279732681730634,15,0.09096258768770622,3654,,,,0,0
351,PLXNA4,Plxna4,91584,homologene,0.45104962330561,0.7187171398527865,0.1667981072555205,0.34623786416211905,tau,-0.252434833552552,2.6613716790491307e-53,0.252434833552552,16,0.14276560642798589,3654,,,,0,0
352,DCLK2,Dclk2,166614,homologene,0.45104962330561,0.7187171398527865,0.1667981072555205,0.34623786416211905,upstroke_downstroke_ratio_long_square,-0.2523595885823353,1.7025350819873063e-53,0.2523595885823353,16,0.0973603639919689,3654,,,,0,0
353,FRMPD4,Frmpd4,9758,homologene,0.45091866146729,0.7184542586750787,0.1667981072555205,0.34617453762036177,upstroke_downstroke_ratio_long_square,0.2794777105337847,9.827241458088644e-66,0.2794777105337847,15,0.12314417823371275,3654,,,,0,0
354,SH3KBP1,Sh3kbp1,30011,homologene,0.45065673083741986,0.7179284963196636,0.1667981072555205,0.3460478497706954,upstroke_downstroke_ratio_long_square,-0.3626601601682322,6.980776726737051e-113,0.3626601601682322,12,0.10523654273130575,3654,,,,0,0
355,MLIP,Mlip,90523,homologene,0.45059124673043444,0.7177970557308097,0.1667981072555205,0.34601617056068984,upstroke_downstroke_ratio_long_square,0.4216447181070098,4.0772868506525884e-156,0.4216447181070098,10,0.093856431604037,3654,,,,0,0
356,PRR16,Prr16,51334,homologene,0.4501328417290891,0.7168769716088329,0.1667981072555205,0.34579433482841043,upstroke_downstroke_ratio_long_square,-0.2266204259623671,3.629190381721187e-43,0.2266204259623671,17,0.11800546718651435,3654,,,,0,0
357,CPNE4,Cpne4,131034,homologene,0.44987088323020397,0.7163512092534173,0.1667981072555205,0.34566750763367,f_i_curve_slope,-0.2509038065196358,2.390063545718965e-52,0.2509038065196358,16,0.12168308255034908,3654,,,,0,0
358,SLC2A13,Slc2a13,114134,homologene,0.44960891542119197,0.7158254468980022,0.1667981072555205,0.34554063388829376,tau,-0.3270032114760033,1.2623094026273144e-90,0.3270032114760033,13,0.11452229011625627,3654,,,,0,0
359,ANO4,Ano4,121601,homologene,0.4494779280221829,0.7155625657202944,0.1667981072555205,0.345477179543091,upstroke_downstroke_ratio_long_square,-0.2772033887396309,1.1846047296321144e-64,0.2772033887396309,15,0.10691778946955725,3654,,,,0,0
360,TACC1,Tacc1,6867,homologene,0.44934693829179334,0.7152996845425866,0.1667981072555205,0.345413713540986,upstroke_downstroke_ratio_long_square,-0.2498167545907841,2.0323866668064185e-52,0.2498167545907841,16,0.11154736560056452,3654,,,,0,0
361,CHRNA7,Chrna7,1139,homologene,0.44921594622873817,0.7150368033648791,0.1667981072555205,0.3453502358755523,upstroke_downstroke_ratio_long_square,0.3260711848465227,2.6982345858002813e-90,0.3260711848465227,13,0.09623747909620477,3654,,,,0,0
362,NPAS2,Npas2,4862,homologene,0.44908495183173075,0.7147739221871715,0.1667981072555205,0.34528674654035724,tau,-0.2766610850973654,3.416339867610737e-64,0.2766610850973654,15,0.10543131766020049,3654,,,,0,0
363,IQSEC1,Iqsec1,9922,homologene,0.4489539550994833,0.7145110410094637,0.1667981072555205,0.3452232455289622,upstroke_downstroke_ratio_long_square,-0.326000753348582,2.943300366691622e-90,0.326000753348582,13,0.09320594071566304,3654,,,,0,0
364,ARHGAP21,Arhgap21,57584,homologene,0.44829893636449397,0.7131966351209252,0.1667981072555205,0.34490556510322706,upstroke_downstroke_ratio_long_square,-0.2745290069642077,2.18807915289192e-63,0.2745290069642077,15,0.10577990324680021,3654,,,,0,0
365,SLC8A1,Slc8a1,6546,homologene,0.4476438590546678,0.711882229232387,0.1667981072555205,0.3445875918033073,upstroke_downstroke_ratio_long_square,-0.2733096075391165,8.099775749907469e-63,0.2733096075391165,15,0.1134168184937479,3654,,,,0,0
366,CACNB4,Cacnb4,785,homologene,0.44738181169345237,0.7113564668769716,0.1667981072555205,0.3444603202969149,upstroke_downstroke_ratio_long_square,-0.2474209364739329,2.031594923392495e-51,0.2474209364739329,16,0.132410231226262,3654,,,,0,0
367,SLC35F4,Slc35f4,341880,homologene,0.44698872300770226,0.7105678233438485,0.1667981072555205,0.34426932481769124,upstroke_downstroke_ratio_long_square,0.2469466012206207,3.1999060429282574e-51,0.2469466012206207,16,0.1271991595408494,3654,,,,0,0
368,MCTP1,Mctp1,79772,homologene,0.4464645717698433,0.7095162986330178,0.1667981072555205,0.3440144992277651,threshold_i_short_square,0.2732089123877793,5.578729929112043e-62,0.2732089123877793,15,0.1264531239875032,3654,,,,0,0
369,CYP46A1,Cyp46a1,10858,homologene,0.44620248198868784,0.7089905362776024,0.1667981072555205,0.3438870156216727,threshold_i_short_square,0.2731805900220234,5.587953167075994e-62,0.2731805900220234,15,0.1535728428955337,3654,,,,0,0
370,PPFIA2,Ppfia2,8499,homologene,0.44620248198868784,0.7089905362776024,0.1667981072555205,0.3438870156216727,upstroke_downstroke_ratio_long_square,-0.2454910521730936,1.277859421066506e-50,0.2454910521730936,16,0.12954559819307476,3654,,,,0,0
371,RASGRF2,Rasgrf2,5924,homologene,0.44554721614500414,0.7076761303890641,0.1667981072555205,0.34356809965246604,threshold_i_short_square,0.2453287659477985,7.280354646447384e-50,0.2453287659477985,16,0.1182262107288348,3654,,,,0,0
372,TSC22D1,Tsc22d1,8848,homologene,0.4454161558701628,0.7074132492113564,0.1667981072555205,0.3435042809281015,adaptation,-0.2450745853991019,6.01402658959786e-50,0.2450745853991019,16,0.11942244487896685,3654,,,,0,0
373,DIP2A,Dip2a,23181,homologene,0.4452850932235395,0.7071503680336488,0.1667981072555205,0.3434404503448267,upstroke_downstroke_ratio_long_square,-0.3177452121947026,1.4280154643903638e-85,0.3177452121947026,13,0.10630433190104228,3654,,,,0,0
374,CAMK2G,Camk2g,818,homologene,0.4446297443673544,0.7058359621451104,0.1667981072555205,0.3431211193131131,upstroke_downstroke_ratio_long_square,-0.2703266970955687,1.8866697762722373e-61,0.2703266970955687,15,0.11925118687397197,3654,,,,0,0
375,UCHL1,Uchl1,7345,homologene,0.4435810623817646,0.703732912723449,0.1667981072555205,0.34260957058390196,tau,0.2696364535330055,6.414810777357974e-61,0.2696364535330055,15,0.1015248066814966,3654,,,,0,0
376,ADCY8,Adcy8,114,homologene,0.44292555849574755,0.7024185068349106,0.1667981072555205,0.3422894644030283,upstroke_downstroke_ratio_long_square,-0.2412251845348263,7.11035011863921e-49,0.2412251845348263,16,0.13446492551035602,3654,,,,0,0
377,AHI1,Ahi1,54806,homologene,0.4425322274093826,0.7016298633017876,0.1667981072555205,0.34209725692072973,ri,0.2673951262599011,8.76560141430456e-60,0.2673951262599011,15,0.11057230895061479,3654,,,,0,0
378,APBA1,Apba1,320,homologene,0.441876627557392,0.7003154574132493,0.1667981072555205,0.3417766709099877,tau,-0.2147445391820042,1.3618346660864502e-38,0.2147445391820042,17,0.09225710921653857,3654,,,,0,0
379,CBLN4,Cbln4,140689,homologene,0.4417455003686183,0.7000525762355415,0.1667981072555205,0.3417125176159622,tau,0.2664582097878442,1.8012713352409016e-59,0.2664582097878442,15,0.09433800036089593,3654,,,,0,0
380,GLCCI1,Glcci1,113263,homologene,0.4417455003686183,0.7000525762355415,0.1667981072555205,0.3417125176159622,upstroke_downstroke_ratio_long_square,-0.2664056280182862,1.1670054694367217e-59,0.2664056280182862,15,0.10339458613550984,3654,,,,0,0
381,CNTN3,Cntn3,5067,homologene,0.4412209675070682,0.6990010515247108,0.1667981072555205,0.3414557839075805,tau,0.3130403890796933,9.497348471863464e-83,0.3130403890796933,13,0.11120852007580252,3654,,,,0,0
382,DYNC1I1,Dync1i1,1780,homologene,0.44069639600987953,0.6979495268138801,0.1667981072555205,0.34119885702100666,threshold_i_long_square,-0.2645988863345624,1.4010201234509785e-58,0.2645988863345624,15,0.13362201185438358,3654,,,,0,0
383,PPM1L,Ppm1l,151742,homologene,0.4405652470885354,0.6976866456361724,0.1667981072555205,0.341134595064128,tau,-0.2878314520381446,1.3579129944331865e-69,0.2878314520381446,14,0.11070047896776852,3654,,,,0,0
384,COL25A1,Col25a1,84570,homologene,0.4404340957456384,0.6974237644584648,0.1667981072555205,0.3410703209994852,tau,0.2392392412596224,7.486709600233146e-48,0.2392392412596224,16,0.12191388462810487,3654,,,,0,0
385,LRP1B,Lrp1b,53353,homologene,0.43990946613111714,0.6963722397476341,0.1667981072555205,0.3408131035262478,tau,-0.2870802918844312,3.1610095286491576e-69,0.2870802918844312,14,0.1015455184760044,3654,,,,0,0
386,FREM1,Frem1,158326,homologene,0.43977830265989093,0.6961093585699264,0.1667981072555205,0.3407487688199594,upstroke_downstroke_ratio_long_square,0.26324977997881,3.052915471977878e-58,0.26324977997881,15,0.09734955950809533,3654,,,,0,0
387,NRIP3,Nrip3,56675,homologene,0.4393847976619759,0.6953207150368034,0.1667981072555205,0.3405556917799113,tau,0.2378605584649373,2.660200154834304e-47,0.2378605584649373,16,0.12518682778121246,3654,,,,0,0
388,SLC9A9,Slc9a9,285195,homologene,0.43925362446333094,0.6950578338590957,0.1667981072555205,0.34049130843652853,upstroke_downstroke_ratio_long_square,-0.3101333401778297,2.130053124421372e-81,0.3101333401778297,13,0.09739973169359656,3654,,,,0,0
389,RNF157,Rnf157,114804,homologene,0.43925362446333094,0.6950578338590957,0.1667981072555205,0.34049130843652853,upstroke_downstroke_ratio_long_square,-0.2627955070049869,4.8665593659491694e-58,0.2627955070049869,15,0.1104153047396266,3654,,,,0,0
390,MGAT5,Mgat5,4249,homologene,0.4388600902500426,0.6942691903259727,0.1667981072555205,0.34029808531961353,ri,-0.2087380693936401,1.829269333701917e-36,0.2087380693936401,17,0.11301920807359732,3654,,,,0,0
391,RASAL2,Rasal2,9462,homologene,0.4385977219128836,0.6937434279705572,0.1667981072555205,0.3401692089335034,tau,-0.2368590503255712,6.627700167036887e-47,0.2368590503255712,16,0.10212062192897685,3654,,,,0,0
392,GRIA1,Gria1,2890,homologene,0.43833534380681055,0.693217665615142,0.1667981072555205,0.34004028370282247,upstroke_downstroke_ratio_long_square,-0.3616766254923205,3.0977535316309643e-112,0.3616766254923205,11,0.098040068588291,3654,,,,0,0
393,EFR3A,Efr3a,23167,homologene,0.43781055824343773,0.6921661409043113,0.1667981072555205,0.33978228648532727,upstroke_downstroke_ratio_long_square,-0.3069063355138788,1.1617641403752999e-79,0.3069063355138788,13,0.10835782999174373,3654,,,,0,0
394,XKR4,Xkr4,114786,homologene,0.43781055824343773,0.6921661409043113,0.1667981072555205,0.33978228648532727,upstroke_downstroke_ratio_long_square,-0.2843697549653003,4.230007993997546e-68,0.2843697549653003,14,0.08881284703374924,3654,,,,0,0
395,BAIAP2,Baiap2,10458,homologene,0.437023306352941,0.6905888538380651,0.1667981072555205,0.3393949229318974,ri,0.234235690919723,7.980209587762607e-46,0.234235690919723,16,0.15340946119871324,3654,,,,0,0
396,DPP6,Dpp6,1804,homologene,0.43676086939921127,0.6900630914826499,0.1667981072555205,0.33926570346293344,tau,0.2339479633513036,9.28282093010331e-46,0.2339479633513036,16,0.08034526089714725,3654,,,,0,0
397,PLD5,Pld5,200150,homologene,0.43610473390887283,0.6887486855941115,0.1667981072555205,0.33894243926045226,upstroke_downstroke_ratio_long_square,0.3573113947872777,2.098271207196999e-109,0.3573113947872777,11,0.09330513448220773,3654,,,,0,0
398,SYT7,Syt7,9066,homologene,0.43597349940992464,0.6884858044164038,0.1667981072555205,0.33887774941555343,upstroke_downstroke_ratio_long_square,-0.2058205736162598,1.0552618550771728e-35,0.2058205736162598,17,0.1281632936554041,3654,,,,0,0
399,SIRPA,Sirpa,140885,homologene,0.43571102299984266,0.6879600420609885,0.1667981072555205,0.33874833266482823,upstroke_downstroke_ratio_long_square,-0.25933053301154,1.6595359939494788e-56,0.25933053301154,15,0.10043880618618276,3654,,,,0,0
400,PCDH7,Pcdh7,5099,homologene,0.43557978108587664,0.6876971608832808,0.1667981072555205,0.3386836057448403,upstroke_downstroke_ratio_long_square,-0.2819845111944999,6.168205142838949e-67,0.2819845111944999,14,0.11369687146315505,3654,,,,0,0
401,MAGI1,Magi1,9223,homologene,0.4353172898330034,0.6871713985278655,0.1667981072555205,0.3385541147801588,tau,-0.2987644994241542,4.0190245165138165e-75,0.2987644994241542,13,0.10315936387378406,3654,,,,0,0
402,AK5,Ak5,26289,homologene,0.4350547886707382,0.6866456361724501,0.1667981072555205,0.3384245742685177,latency,0.2991969092329074,4.874734953120298e-74,0.2991969092329074,13,0.08853323588677547,3654,,,,0,0
403,ELMOD1,Elmod1,55531,homologene,0.4346610183223232,0.685856992639327,0.1667981072555205,0.3382301704759692,tau,-0.2805184994385995,4.936582026111657e-66,0.2805184994385995,14,0.10430077858597274,3654,,,,0,0
404,BEX4,Bex4,56271,homologene,0.43439849233672745,0.6853312302839116,0.1667981072555205,0.338100505847675,upstroke_downstroke_ratio_long_square,0.2299042877052874,2.0432856159468018e-44,0.2299042877052874,16,0.11111978825183083,3654,,,,0,0
405,ABR,Abr,29,homologene,0.4336108546380978,0.6837539432176656,0.1667981072555205,0.3377112132535804,upstroke_downstroke_ratio_long_square,-0.2546881119757193,1.7243549107449547e-54,0.2546881119757193,15,0.10712662617203945,3654,,,,0,0
406,FAM168A,Fam168a,23201,homologene,0.4333482887863331,0.6832281808622502,0.1667981072555205,0.33758134929444156,upstroke_downstroke_ratio_long_square,-0.254650902364317,1.7826322771833608e-54,0.254650902364317,15,0.11147616906003772,3654,,,,0,0
407,TAGLN3,Tagln3,29114,homologene,0.43321700211293346,0.6829652996845427,0.1667981072555205,0.3375163985772855,tau,0.2030162454960998,1.4947403419543838e-34,0.2030162454960998,17,0.11094700691462901,3654,,,,0,0
408,ZFYVE28,Zfyve28,57732,homologene,0.43256053121300475,0.6816508937960042,0.1667981072555205,0.33719145732685357,ri,-0.2272776915575837,3.686126877550496e-43,0.2272776915575837,16,0.12164273470965381,3654,,,,0,0
409,MMP16,Mmp16,4325,homologene,0.4319039976254177,0.6803364879074657,0.1667981072555205,0.3368662026381299,upstroke_downstroke_ratio_long_square,-0.347638821413933,2.814610553696211e-103,0.347638821413933,11,0.09684607808204738,3654,,,,0,0
410,OLFM3,Olfm3,118427,homologene,0.4309847449412987,0.6784963196635121,0.1667981072555205,0.33641031776643,threshold_i_ramp,-0.1861552924138062,3.878174863126252e-29,0.1861552924138062,18,0.11503497602049578,3654,,,,0,0
411,STARD13,Stard13,90627,homologene,0.43072207861413453,0.6779705573080967,0.1667981072555205,0.33627995143029404,upstroke_downstroke_ratio_long_square,-0.2226498534085522,1.1098318936631823e-41,0.2226498534085522,16,0.09777259615520911,3654,,,,0,0
412,GAD1,Gad1,2571,homologene,0.4303280601600894,0.6771819137749736,0.1667981072555205,0.3360843071095952,tau,-0.2913840108035083,2.300144259400789e-71,0.2913840108035083,13,0.09857595582666696,3654,,,,0,0
413,MYH10,Myh10,4628,homologene,0.43006536853134814,0.6766561514195585,0.1667981072555205,0.33595381426557314,upstroke_downstroke_ratio_long_square,-0.2491201811449909,3.979770319272063e-52,0.2491201811449909,15,0.09889394995545761,3654,,,,0,0
414,SV2C,Sv2c,22987,homologene,0.4295399548382086,0.6756046267087276,0.1667981072555205,0.335692676399245,upstroke_downstroke_ratio_long_square,0.2204270223628993,7.362009988676491e-41,0.2204270223628993,16,0.10322881449535624,3654,,,,0,0
415,RYR2,Ryr2,6262,homologene,0.4292772327501251,0.6750788643533122,0.1667981072555205,0.33556203125851225,tau,0.2480730949361023,1.832423395730793e-51,0.2480730949361023,15,0.08921238835613825,3654,,,,0,0
416,DLX1,Dlx1,1745,homologene,0.4292772327501251,0.6750788643533122,0.1667981072555205,0.33556203125851225,upstroke_downstroke_ratio_long_square,0.2479535767393087,1.2223200129336906e-51,0.2479535767393087,15,0.10204791215563731,3654,,,,0,0
417,MDH1,Mdh1,4190,homologene,0.4292772327501251,0.6750788643533122,0.1667981072555205,0.33556203125851225,threshold_i_long_square,0.1977327093927926,8.651323952483779e-33,0.1977327093927926,17,0.12559450407090467,3654,,,,0,0
418,CLSTN2,Clstn2,64084,homologene,0.4286203829802125,0.673764458464774,0.1667981072555205,0.33523519565816035,tau,-0.2477456180667942,2.4855749925289772e-51,0.2477456180667942,15,0.09441717544750557,3654,,,,0,0
419,RAB3C,Rab3c,115827,homologene,0.42835762522108156,0.6732386961093586,0.1667981072555205,0.33510437216219,upstroke_downstroke_ratio_long_square,0.2896354309888274,1.0587641519287274e-70,0.2896354309888274,13,0.08979712105375569,3654,,,,0,0
420,GRIN2A,Grin2a,2903,homologene,0.42835762522108145,0.6732386961093585,0.1667981072555205,0.33510437216219,latency,0.2905209368221239,7.74865295186124e-70,0.2905209368221239,13,0.08030191418073586,3654,,,,0,0
421,CNTNAP2,Cntnap2,26047,homologene,0.42822624251029273,0.6729758149316508,0.1667981072555205,0.33503894125808836,threshold_i_ramp,0.2198624347238866,2.1587274247882555e-40,0.2198624347238866,16,0.10949152452855097,3654,,,,0,0
422,SLC44A5,Slc44a5,204962,homologene,0.4280948572433596,0.6727129337539433,0.1667981072555205,0.3349734975732649,threshold_i_short_square,-0.3121512571588593,1.531969356752774e-81,0.3121512571588593,12,0.1438058095906417,3654,,,,0,0
423,CDH12,Cdh12,1010,homologene,0.42730649187871134,0.6711356466876971,0.1667981072555205,0.3345805666490772,threshold_i_short_square,-0.2708879803724888,6.236921554446726e-61,0.2708879803724888,14,0.11099427323167789,3654,,,,0,0
424,NDRG4,Ndrg4,65009,homologene,0.42730649187871134,0.6711356466876971,0.1667981072555205,0.3345805666490772,upstroke_downstroke_ratio_long_square,-0.2184714201892378,3.819774795333283e-40,0.2184714201892378,16,0.12795943721353606,3654,,,,0,0
425,SNCG,Sncg,6623,homologene,0.42691227456673136,0.6703470031545741,0.1667981072555205,0.3343839280387043,upstroke_downstroke_ratio_long_square,0.1949293979796383,4.212032042828068e-32,0.1949293979796383,17,0.09453384290466876,3654,,,,0,0
426,KCNMB4,Kcnmb4,27345,homologene,0.42599234410953946,0.6685068349106205,0.1667981072555205,0.33392465430164064,tau,0.2686904300368372,1.7415958098348634e-60,0.2686904300368372,14,0.09297758206119909,3654,,,,0,0
427,SUSD4,Susd4,55061,homologene,0.4258609151576841,0.6682439537329127,0.1667981072555205,0.33385899219220594,upstroke_downstroke_ratio_long_square,0.2865878801992438,3.4569311481538786e-69,0.2865878801992438,13,0.08987124087813547,3654,,,,0,0
428,NR3C2,Nr3c2,4306,homologene,0.4258609151576841,0.6682439537329127,0.1667981072555205,0.33385899219220594,upstroke_downstroke_ratio_long_square,0.2432758786683857,1.0333691048382415e-49,0.2432758786683857,15,0.10206491822041139,3654,,,,0,0
429,ARHGAP20,Arhgap20,57569,homologene,0.425729483622486,0.667981072555205,0.1667981072555205,0.33379331716605815,upstroke_downstroke_ratio_long_square,-0.2154309235640009,4.739811386195488e-39,0.2154309235640009,16,0.09786733712776936,3654,,,,0,0
430,CHGA,Chga,1113,homologene,0.42533517350157724,0.667192429022082,0.1667981072555205,0.333596214511041,tau,0.2431120513939166,2.0649936305212043e-49,0.2431120513939166,15,0.0961799919833708,3654,,,,0,0
431,DENND5B,Dennd5b,160518,homologene,0.4250722871429239,0.6666666666666666,0.1667981072555205,0.33346474801745835,upstroke_downstroke_ratio_long_square,-0.2666066737654928,9.487740211632824e-60,0.2666066737654928,14,0.09517600713669234,3654,,,,0,0
432,GNG7,Gng7,2788,homologene,0.42428356579742643,0.6650893796004206,0.1667981072555205,0.33307003718902506,tau,-0.2149719258672588,1.1336673047492113e-38,0.2149719258672588,16,0.08981088761469357,3654,,,,0,0
433,GALNT18,Galnt18,374378,homologene,0.4237576995527151,0.6640378548895899,0.1667981072555205,0.3328066365648371,latency,-0.2853922508967187,2.542667624415557e-67,0.2853922508967187,13,0.10346494027546999,3654,,,,0,0
434,SYN2,Syn2,6854,homologene,0.42336327249135974,0.6632492113564669,0.1667981072555205,0.3326089492075872,upstroke_downstroke_ratio_long_square,0.2133958114963072,2.491961278478874e-38,0.2133958114963072,16,0.11875248784006041,3654,,,,0,0
435,FHL1,Fhl1,2273,homologene,0.42283733315950794,0.6621976866456362,0.1667981072555205,0.3323451831476972,threshold_i_long_square,-0.2127485989730417,7.074347687458142e-38,0.2127485989730417,16,0.10932880728048487,3654,,,,0,0
436,SERPINE2,Serpine2,5270,homologene,0.42217985005983794,0.6608832807570978,0.1667981072555205,0.3320151808985587,upstroke_downstroke_ratio_long_square,0.2400522465803534,2.0829119652740397e-48,0.2400522465803534,15,0.11886454461875202,3654,,,,0,0
437,IL1RAPL2,Il1rapl2,26280,homologene,0.4216538163102795,0.6598317560462671,0.1667981072555205,0.3317509427501355,upstroke_downstroke_ratio_long_square,-0.2089820162910294,8.77399387924016e-37,0.2089820162910294,16,0.10019058942386257,3654,,,,0,0
438,SORBS1,Sorbs1,10580,homologene,0.42139078364437144,0.6593059936908517,0.1667981072555205,0.33161874472027997,tau,-0.1886123605321063,6.30485835470008e-30,0.1886123605321063,17,0.1070592788038217,3654,,,,0,0
439,PPFIBP1,Ppfibp1,8496,homologene,0.42099621487116934,0.6585173501577287,0.1667981072555205,0.3314203488037963,upstroke_downstroke_ratio_long_square,-0.2083815178611442,1.4158864873253129e-36,0.2083815178611442,16,0.10510862706167162,3654,,,,0,0
440,KLHL5,Klhl5,51088,homologene,0.4200754618987818,0.6566771819137749,0.1667981072555205,0.3309569624907546,upstroke_downstroke_ratio_long_square,-0.2941834277558546,5.4091943636421147e-73,0.2941834277558546,12,0.07974219104327428,3654,,,,0,0
441,GALNTL6,Galntl6,442117,homologene,0.4199439151649977,0.6564143007360673,0.1667981072555205,0.33089071147167615,upstroke_downstroke_ratio_long_square,-0.2080085924711271,1.892014520496433e-36,0.2080085924711271,16,0.0841318306565742,3654,,,,0,0
442,ALCAM,Alcam,214,homologene,0.4198123657777231,0.6561514195583595,0.1667981072555205,0.33082444718514575,avg_isi,-0.2608874460916913,1.451423483634568e-56,0.2608874460916913,14,0.08078663983861246,3654,,,,0,0
443,CDH22,Cdh22,64405,homologene,0.4196808137353634,0.655888538380652,0.1667981072555205,0.33075816962318944,tau,0.2601670830916012,1.1853363016197117e-56,0.2601670830916012,14,0.1021268957130216,3654,,,,0,0
444,FHOD3,Fhod3,80206,homologene,0.4196808137353634,0.655888538380652,0.1667981072555205,0.33075816962318944,upstroke_downstroke_ratio_long_square,-0.1731348528890088,1.578563900319032e-25,0.1731348528890088,18,0.10932263847921149,3654,,,,0,0
445,GCC2,Gcc2,9648,homologene,0.4194177016790013,0.6553627760252366,0.1667981072555205,0.3306255746410629,upstroke_downstroke_ratio_long_square,-0.2077917028252172,2.2435108263910632e-36,0.2077917028252172,16,0.10800347996322719,3654,,,,0,0
446,CIT,Cit,11113,homologene,0.4191545789831206,0.6548370136698213,0.1667981072555205,0.33049292646134437,latency,-0.2939583123701051,1.7835012204059306e-71,0.2939583123701051,12,0.09300405711247844,3654,,,,0,0
447,PDE2A,Pde2a,5138,homologene,0.4190230136413569,0.6545741324921136,0.1667981072555205,0.33042658240236794,tau,0.2599726080912771,1.436269501812865e-56,0.2599726080912771,14,0.09325109499290521,3654,,,,0,0
448,NCALD,Ncald,83988,homologene,0.4183651469300782,0.6532597266035752,0.1667981072555205,0.3300946620951862,tau,-0.2588329907711432,4.4982856685343655e-56,0.2588329907711432,14,0.09194076153105239,3654,,,,0,0
449,SLC6A17,Slc6a17,388662,homologene,0.4175756186584408,0.6516824395373292,0.1667981072555205,0.3296959166360522,tau,-0.1856427005051592,5.076690246406453e-29,0.1856427005051592,17,0.11167669024081525,3654,,,,0,0
450,PTPRT,Ptprt,11122,homologene,0.4174440212340702,0.6514195583596214,0.1667981072555205,0.32962941216404207,latency,0.2757896279265684,8.808361952264127e-63,0.2757896279265684,13,0.094102273895249,3654,,,,0,0
451,DLG2,Dlg2,1740,homologene,0.41731242112563266,0.6511566771819138,0.1667981072555205,0.3295628942716962,tau,0.2047060474692833,4.076167265008096e-35,0.2047060474692833,16,0.08329281686503326,3654,,,,0,0
452,ASTN2,Astn2,23245,homologene,0.417049212850052,0.6506309148264985,0.1667981072555205,0.3294298181934776,fast_trough_v_long_square,-0.2561064629505264,1.1671036232127832e-54,0.2561064629505264,14,0.11302148522540774,3654,,,,0,0
453,CELF2,Celf2,10659,homologene,0.416917604679653,0.6503680336487907,0.1667981072555205,0.3293632599913247,fast_trough_v_long_square,-0.2741388332407009,9.61384640924302e-63,0.2741388332407009,13,0.10377180196573083,3654,,,,0,0
454,RAPGEF4,Rapgef4,11069,homologene,0.416917604679653,0.6503680336487907,0.1667981072555205,0.3293632599913247,threshold_i_short_square,0.1850997017359905,1.611291613635595e-28,0.1850997017359905,17,0.0939881743515892,3654,,,,0,0
455,ITGA8,Itga8,8516,homologene,0.41665438026548507,0.6498422712933755,0.1667981072555205,0.32923010322016955,ri,0.2323969140729951,4.067402338660653e-45,0.2323969140729951,15,0.1026947246880899,3654,,,,0,0
456,GRM8,Grm8,2918,homologene,0.41665438026548496,0.6498422712933754,0.1667981072555205,0.3292301032201695,threshold_i_long_square,-0.2037770974267598,8.586337018485001e-35,0.2037770974267598,16,0.09205442500607725,3654,,,,0,0
457,UBASH3B,Ubash3b,84959,homologene,0.41599627205912526,0.6485278654048369,0.1667981072555205,0.3288969754375825,upstroke_downstroke_ratio_long_square,-0.2316054291945574,4.49077793886857e-45,0.2316054291945574,15,0.09812679680205784,3654,,,,0,0
458,PKD1,Pkd1,5310,homologene,0.4156013747239553,0.647739221871714,0.1667981072555205,0.3286969367112592,upstroke_downstroke_ratio_long_square,-0.2029754958612197,9.684107488498979e-35,0.2029754958612197,16,0.09537624584329893,3654,,,,0,0
459,ATP1A3,Atp1a3,478,homologene,0.4152064530259985,0.6469505783385909,0.1667981072555205,0.32849677617100187,upstroke_downstroke_ratio_long_square,-0.2024724663905001,1.4277108681042475e-34,0.2024724663905001,16,0.08708373275130171,3654,,,,0,0
460,DAPK1,Dapk1,1612,homologene,0.41467985278734804,0.6458990536277601,0.1667981072555205,0.3282297055771191,tau,0.2285567124885933,1.0998626885797322e-43,0.2285567124885933,15,0.10402269339186153,3654,,,,0,0
461,CCDC30,Ccdc30,728621,same-symbol,0.4140215413091109,0.6445846477392219,0.1667981072555205,0.3278955614351445,upstroke_downstroke_ratio_long_square,-0.2503846218208372,1.1705184054027546e-52,0.2503846218208372,14,0.086173917923621,3654,,,,0,0
462,SETBP1,Setbp1,26040,homologene,0.41375819764137656,0.6440588853838065,0.1667981072555205,0.327761808396157,avg_isi,-0.2018002558958772,7.189950694773637e-34,0.2018002558958772,16,0.09074227963022657,3654,,,,0,0
463,NELL2,Nell2,4753,homologene,0.4133631616590075,0.6432702418506835,0.1667981072555205,0.3275610764338384,fast_trough_v_long_square,0.250160334102174,3.787811621261143e-52,0.250160334102174,14,0.09289914113564712,3654,,,,0,0
464,SLC4A8,Slc4a8,9498,homologene,0.41296810105952825,0.6424815983175605,0.1667981072555205,0.3273602213859691,upstroke_downstroke_ratio_long_square,-0.22634898915402,4.589381544077782e-43,0.22634898915402,15,0.11268629214439566,3654,,,,0,0
465,RBMS3,Rbms3,27303,homologene,0.4128364087147336,0.6422187171398528,0.1667981072555205,0.32729324231183865,avg_isi,-0.2014873418892592,9.012971991079432e-34,0.2014873418892592,16,0.08747477021026773,3654,,,,0,0
466,PCLO,Pclo,27445,homologene,0.412441315221888,0.6414300736067298,0.1667981072555205,0.3270922227971367,upstroke_downstroke_ratio_long_square,-0.2254532160235375,1.0007382792639582e-42,0.2254532160235375,15,0.08246897360504814,3654,,,,0,0
467,PTPRR,Ptprr,5801,homologene,0.41230961189916476,0.6411671924290221,0.1667981072555205,0.3270251888333634,upstroke_downstroke_ratio_long_square,-0.2845543236508658,3.467414186130384e-68,0.2845543236508658,12,0.09355923930249471,3654,,,,0,0
468,BACH1,Bach1,571,homologene,0.411782771104332,0.6401156677181914,0.1667981072555205,0.3267569154585684,upstroke_downstroke_ratio_long_square,-0.2669072419857439,6.944941136892643e-60,0.2669072419857439,13,0.07774882146189883,3654,,,,0,0
469,LRRTM3,Lrrtm3,347731,homologene,0.411651054021169,0.6398527865404837,0.1667981072555205,0.3266898126925957,upstroke_downstroke_ratio_long_square,-0.2215966275038676,2.7307998019467036e-41,0.2215966275038676,15,0.1290352117193826,3654,,,,0,0
470,LRFN5,Lrfn5,145581,homologene,0.4107289571427788,0.63801261829653,0.1667981072555205,0.3262197068495404,tau,0.2838024006566165,1.2758370761867188e-67,0.2838024006566165,12,0.0971967493068007,3654,,,,0,0
471,BCL11A,Bcl11a,53335,homologene,0.4096749659574055,0.6359095688748685,0.1667981072555205,0.3256816121214124,latency,0.2655905250404478,4.2081709082495705e-58,0.2655905250404478,13,0.1038040897002383,3654,,,,0,0
472,RGS7,Rgs7,6000,homologene,0.4096749659574055,0.6359095688748685,0.1667981072555205,0.3256816121214124,adaptation,-0.2202142265579019,2.284128800850234e-40,0.2202142265579019,15,0.10046964748399231,3654,,,,0,0
473,SYNJ2,Synj2,8871,homologene,0.40954320455444054,0.6356466876971608,0.1667981072555205,0.32561428775643025,threshold_i_long_square,0.1755278497369127,4.739892654031229e-26,0.1755278497369127,17,0.10122856285241918,3654,,,,0,0
474,OPTN,Optn,10133,homologene,0.409016131079413,0.6345951629863302,0.1667981072555205,0.32534485098066085,upstroke_downstroke_ratio_long_square,-0.2806065184958805,2.839365218637924e-66,0.2806065184958805,12,0.08428355813601252,3654,,,,0,0
475,GRID1,Grid1,2894,homologene,0.40809364495792955,0.6327549947423764,0.1667981072555205,0.32487279892214,threshold_i_long_square,-0.1945609965596458,8.883322353279401e-32,0.1945609965596458,16,0.1179682845826638,3654,,,,0,0
476,KAZN,Kazn,23254,homologene,0.4078300522875253,0.632229232386961,0.1667981072555205,0.32473780086980286,avg_isi,-0.2177592745145716,2.2968647859088114e-39,0.2177592745145716,15,0.11313470483672049,3654,,,,0,0
477,VGLL4,Vgll4,9686,homologene,0.40664374611179166,0.6298633017875921,0.1667981072555205,0.32412961383971545,upstroke_downstroke_ratio_long_square,0.2409578780303077,9.106953021089868e-49,0.2409578780303077,14,0.09828964213864419,3654,,,,0,0
478,TENM1,Tenm1,10178,homologene,0.4063800915091319,0.6293375394321767,0.1667981072555205,0.32399430612610086,adaptation,-0.1925441882745779,5.570815534020266e-31,0.1925441882745779,16,0.12007031890380891,3654,,,,0,0
479,TFDP2,Tfdp2,7029,homologene,0.4063800915091318,0.6293375394321766,0.1667981072555205,0.32399430612610086,upstroke_downstroke_ratio_long_square,-0.2409003224754324,9.545718397247372e-49,0.2409003224754324,14,0.09439380900534389,3654,,,,0,0
480,NUDT4,Nudt4,11163,homologene,0.4062482599688382,0.629074658254469,0.1667981072555205,0.32392663107447467,upstroke_downstroke_ratio_long_square,-0.1919196416846924,3.845268171387032e-31,0.1919196416846924,16,0.09319893578344247,3654,,,,0,0
481,SCLT1,Sclt1,132320,homologene,0.40611642560020667,0.6288117770767613,0.1667981072555205,0.3238589418811592,upstroke_downstroke_ratio_long_square,-0.2150518589856303,6.452070549498642e-39,0.2150518589856303,15,0.09042110848293218,3654,,,,0,0
482,ANO5,Ano5,203859,homologene,0.4058527483708329,0.6282860147213459,0.1667981072555205,0.3237235210339752,tau,0.2151041751362182,1.0209231132507324e-38,0.2151041751362182,15,0.07450358003243666,3654,,,,0,0
483,UNC5C,Unc5c,8633,homologene,0.4054572112698329,0.6274973711882229,0.1667981072555205,0.3235202834785021,tau,-0.2406366112917909,2.053758784903228e-48,0.2406366112917909,14,0.10249052323991026,3654,,,,0,0
484,RNF150,Rnf150,57484,homologene,0.4054572112698329,0.6274973711882229,0.1667981072555205,0.3235202834785021,threshold_i_long_square,0.1917136080443384,6.923200536791686e-31,0.1917136080443384,16,0.10936081719726641,3654,,,,0,0
485,HS3ST4,Hs3st4,9951,homologene,0.40479792596415143,0.6261829652996845,0.1667981072555205,0.3231812701993057,upstroke_downstroke_ratio_long_square,0.2398887690021289,2.4100815004276067e-48,0.2398887690021289,14,0.07620013495351131,3654,,,,0,0
486,HIVEP2,Hivep2,3097,homologene,0.4041385694595704,0.6248685594111462,0.1667981072555205,0.3228419009256124,upstroke_downstroke_ratio_long_square,-0.1895672365615866,2.1003576408709812e-30,0.1895672365615866,16,0.08777232345102164,3654,,,,0,0
487,GABRB1,Gabrb1,2560,homologene,0.403874806871738,0.6243427970557308,0.1667981072555205,0.32270605328613444,threshold_i_long_square,-0.1894178505671161,3.607366150683126e-30,0.1894178505671161,16,0.10900065286453596,3654,,,,0,0
488,SHANK2,Shank2,22941,homologene,0.4037429212878959,0.6240799158780231,0.1667981072555205,0.32263810801676657,upstroke_downstroke_ratio_long_square,0.2730966561679052,1.0149933489565854e-62,0.2730966561679052,12,0.09334420698934554,3654,,,,0,0
489,CACNA1B,Cacna1b,774,homologene,0.4036110328416938,0.6238170347003155,0.1667981072555205,0.3225701484355984,tau,0.2116502365799941,1.6763599741070554e-37,0.2116502365799941,15,0.10681154207966428,3654,,,,0,0
490,SYBU,Sybu,55638,homologene,0.40334724735496946,0.6232912723449001,0.1667981072555205,0.3224341863016614,upstroke_downstroke_ratio_long_square,-0.237365297638372,2.45794363265483e-47,0.237365297638372,14,0.0721625459287281,3654,,,,0,0
491,SPOCK3,Spock3,50859,homologene,0.4032153503108225,0.6230283911671924,0.1667981072555205,0.32236618373076875,threshold_i_short_square,0.189262783216503,8.660401036106546e-30,0.189262783216503,16,0.08070865324882665,3654,,,,0,0
492,MAPRE2,Mapre2,10982,same-symbol,0.403083450397066,0.6227655099894848,0.1667981072555205,0.32229816681182816,upstroke_downstroke_ratio_long_square,-0.1876696593161816,8.067875930194979e-30,0.1876696593161816,16,0.10178786676746311,3654,,,,0,0
493,GNAO1,Gnao1,2775,homologene,0.40308345039706583,0.6227655099894847,0.1667981072555205,0.3222981668118281,upstroke_downstroke_ratio_long_square,0.2090238998247221,8.507488028544577e-37,0.2090238998247221,15,0.0932954633103417,3654,,,,0,0
494,WWP1,Wwp1,11059,homologene,0.40281964195345343,0.6222397476340694,0.1667981072555205,0.32216208989345024,upstroke_downstroke_ratio_long_square,-0.1876044113145392,8.433137361316377e-30,0.1876044113145392,16,0.10910008216080753,3654,,,,0,0
495,LDHA,Ldha,3939,homologene,0.4018962217403584,0.6203995793901157,0.1667981072555205,0.32168536737687076,upstroke_downstroke_ratio_long_square,0.2081487470863013,1.7009086135307364e-36,0.2081487470863013,15,0.11631057047638278,3654,,,,0,0
496,DNER,Dner,92737,homologene,0.4017642930302443,0.620136698212408,0.1667981072555205,0.32161720647614234,upstroke_downstroke_ratio_long_square,0.2869131590387009,2.39511906327962e-69,0.2869131590387009,11,0.0919906659776388,3654,,,,0,0
497,ABCC8,Abcc8,6833,homologene,0.40163236143042563,0.6198738170347003,0.1667981072555205,0.3215490311268918,threshold_i_long_square,0.2084921849959556,2.1657434350635616e-36,0.2084921849959556,15,0.08941093702855128,3654,,,,0,0
498,NEGR1,Negr1,257194,homologene,0.40110460609730936,0.6188222923238696,0.1667981072555205,0.32127618506067934,tau,0.2519197183450087,4.36954888880179e-53,0.2519197183450087,13,0.09709788868401291,3654,,,,0,0
499,THRB,Thrb,7068,homologene,0.39912510953319097,0.6148790746582545,0.1667981072555205,0.32025094198772114,upstroke_downstroke_ratio_long_square,-0.1849706616149069,5.319009285649558e-29,0.1849706616149069,16,0.09417133541546371,3654,,,,0,0
500,VPS13D,Vps13d,55187,homologene,0.3979370958976271,0.6125131440588854,0.1667981072555205,0.31963421765848227,upstroke_downstroke_ratio_long_square,-0.2032106096304523,8.107516828900693e-35,0.2032106096304523,15,0.08042388356253953,3654,,,,0,0
