cell_id,PC1,PC2,state
SM-GBMG3_S039_E1-50,8.704959670806868,2.953560654771775,E1
SM-GE94J_S010_E1-50,6.955145502417799,-1.7248166134795189,E1
SM-GE95A_S010_E1-50,6.240899668926176,-2.3006607812506434,E1
SM-GE8X4_S107_E1-50,8.367347453500933,10.6286010777589,E1
SM-GE8X2_S141_E1-50,6.305028963479673,-0.947272930615655,E1
SM-GE5OW_S105_E1-50,7.432741323398855,-1.454640652104482,E1
SM-GE8YF_S004_E1-50,7.465785055008848,-1.8607579605344728,E1
SM-GE8YF_S087_E1-50,7.336067877778003,-0.6631622701673532,E1
SM-GE4RS_S118_E1-50,8.859537470201717,0.24014731681242107,E1
SM-GE4Q8_S043_E1-50,7.457696465927698,-1.9139942554707314,E1
SM-GE8XZ_S136_E1-50,7.605414954105663,-1.1924252910941344,E1
SM-GE8XQ_S030_E1-50,7.352818226578994,-0.8434441641091451,E1
SM-GE5OS_S130_E1-50,7.066552139110407,-1.4530418602017336,E1
SM-GE8XF_S067_E1-50,8.370250680624762,-1.2059694791169893,E1
SM-J3A1L_S604_E1-50,6.0134741891518,-2.800896276490626,E1
SM-GE8XQ_S050_E1-50,7.8372336213406895,-1.174792937359314,E1
SM-GE5UQ_S100_E1-50,6.755476142768973,-0.2416657982990118,E1
SM-GE63O_S061_E1-50,7.619726812105508,0.25963629312058356,E1
SM-GE4SJ_S079_E1-50,7.963340160469792,-0.7985458598937827,E1
SM-GE5V2_S048_E1-50,7.76377777201858,-1.7286798383072552,E1
SM-GE4RV_S162_E1-50,8.056002579503534,0.27383487148007646,E1
SM-GE4RS_S012_E1-50,8.369559644204337,1.3972032685798326,E1
SM-GE94H_S107_E1-50,6.961026169857769,-1.9567739926210148,E1
SM-GE95A_S055_E1-50,1.5110470956868856,-2.708722589145797,E1
SM-GE4QQ_S159_E1-50,6.3959395199119236,-1.3400695565374576,E1
SM-GE8X2_S109_E1-50,1.2600175428618865,-2.215392830359006,E1
SM-GE5P3_S034_E1-50,6.248082081399157,-1.4200893676134334,E1
SM-GE93V_S037_E1-50,5.382521151166284,-2.629060711969095,E1
SM-GE936_S002_E1-50,9.600354215743764,-1.4408393696883528,E1
SM-GE4RS_S063_E1-50,123.28403521748268,-0.6885634481963285,E1
SM-GE4S1_S184_E1-50,6.340036192214899,1.2565824859708388,E1
SM-GE5PA_S143_E1-50,6.3991798292334625,-1.4770729016866377,E1
SM-GE8ZX_S170_E1-50,7.0983085521069045,-0.7224093166198164,E1
SM-GE5P3_S036_E1-50,6.910618926905688,-1.076715825327595,E1
SM-GE5PG_S007_E1-50,8.658795407921968,2.024224913349971,E1
SM-GE5QE_S042_E1-50,6.129546930763789,0.485641372280591,E1
SM-GE932_S007_E1-50,5.571327321448419,-2.978941507327405,E1
SM-GE4XY_S077_E1-50,5.577303535528584,-3.0106305978844374,E1
SM-GE64F_S101_E1-50,7.348647087936943,11.343737354610742,E1
SM-GE8ZC_S135_E1-50,7.036396578483315,-2.656734739508099,E1
SM-GBMG3_S037_E1-50,7.006327349281703,-1.2792935820171007,E1
SM-GBMG3_S063_E1-50,7.217855663886903,-1.6541112215037075,E1
SM-GE5TI_S148_E1-50,7.181436013502657,-1.2018489187395751,E1
SM-GE5PG_S030_E1-50,6.335024945324893,-0.18518901667940535,E1
SM-GE5PA_S171_E1-50,7.025280060961166,-0.8212457584996656,E1
SM-GE4Q8_S050_E1-50,8.44774066581105,-0.6256129413949507,E1
SM-GE5UU_S086_E1-50,6.682558293691519,-2.512358814940721,E1
PS0921_E1-50_S06,5.684454723920061,0.779814406495859,E1
SM-GE8XZ_S127_E1-50,6.133865207003377,-1.0253949218642622,E1
SM-GE8ZI_S156_E1-50,5.898564008294954,-2.162868674645256,E1
SM-GE8YI_S028_E1-50,7.618547713856587,-1.315147987412557,E1
SM-GE681_S088_E1-50,6.621845441683644,-0.8178289055626107,E1
SM-GE92A_S081_E1-50,2.279425136724286,-3.264482288261922,E1
SM-GE4Q7_S163_E1-50,6.82290068618382,-1.231109263128781,E1
SM-GE4QD_S042_E1-50,7.600342189357514,0.1928575259717833,E1
SM-GE67S_S118_E1-50,17.329209820187998,0.44782918969734786,E1
SM-GE953_S023_E1-50,6.374781787727508,-1.8383198046792038,E1
SM-GE93B_S088_E1-50,6.847929303922177,-1.947814995056463,E1
SM-GE8XQ_S177_E1-50,6.6163450373595385,-0.8901215088727255,E1
SM-GE66Q_S002_E1-50,6.72102963789952,-2.9192307378012314,E1
SM-GE5TI_S173_E1-50,7.3406569285458865,-1.1097525407811186,E1
SM-GE8WI_S182_E1-50,7.1105119098236775,-0.9490608523717239,E1
SM-GE5VE_S043_E1-50,7.91182679589013,0.7135124418113763,E1
SM-GE91I_S020_E1-50,8.526365945520832,-0.04616051337511462,E1
SM-GE5QL_S174_E1-50,8.008134358413512,0.07851539106472094,E1
SM-GE4RI_S190_E1-50,6.36502193696381,-1.5191101756820657,E1
SM-GE5V9_S139_E1-50,7.736007841596407,-2.3185646505562656,E1
SM-GE8ZX_S162_E1-50,7.2525185420680724,-0.07782464917114207,E1
SM-GE5VR_S170_E1-50,6.922622510955905,-0.7071448570879526,E1
SM-GE5PA_S165_E1-50,8.763376834219418,-1.648877528690853,E1
SM-GE4RC_S086_E1-50,5.887204098727542,-0.605886152913031,E1
SM-GE8XZ_S124_E1-50,5.525312157814612,-0.07810620682905622,E1
SM-GBMG3_S031_E1-50,7.143351835926619,-0.618038655333667,E1
SM-GE8XF_S032_E1-50,6.171995481303015,-0.12096729786122418,E1
SM-J39TJ_S287_E1-50,6.666748445758056,-0.00028472159952031006,E1
SM-GE92K_S140_E1-50,4.330840847685529,-1.3594548565373512,E1
SM-GE4VK_S069_E1-50,6.666630464817641,-3.371871799518215,E1
SM-GE8ZC_S134_E1-50,8.019112442493299,-0.903876111253155,E1
SM-GE5QL_S170_E1-50,7.172573693388302,-0.2873299582723592,E1
SM-GE5V2_S087_E1-50,8.112705822137073,1.2789459164090176,E1
SM-GBMG3_S035_E1-50,7.946266171999525,5.927879410108164,E1
SM-GE8YB_S057_E1-50,26.54452978378916,-0.7082416779865606,E1
SM-GE8XF_S035_E1-50,6.823149142790137,-1.8807110791659758,E1
SM-GE5TM_S158_E1-50,3.095731774674394,-1.3294105737379023,E1
SM-GE64F_S108_E1-50,7.595863703435318,0.6929465453845662,E1
SM-GE8ZC_S127_E1-50,8.440233727219008,-0.03500085286511401,E1
SM-GE681_S029_E1-50,2.7813497742222637,-1.65914736021626,E1
SM-GE66H_S035_E1-50,6.783850523305418,0.6212558200665002,E1
SM-GE5V2_S044_E1-50,8.725831254287245,-0.5225385109548948,E1
SM-GE94H_S155_E1-50,6.953089540270848,-1.6258208174881856,E1
SM-GE932_S077_E1-50,3.999612158487708,0.8556393689096955,E1
SM-GE5VE_S095_E1-50,9.515957321362515,-2.2308139151929085,E1
SM-GE4QF_S084_E1-50,6.553356580418109,-2.6991287757512006,E1
SM-GE4QZ_S181_E1-50,7.552237206173142,0.60357550536093,E1
SM-GE94J_S090_E1-50,7.422835372835352,-1.3682932078333043,E1
SM-GE5OW_S109_E1-50,7.344803199527996,-0.7559041436519061,E1
SM-GE5UX_S176_E1-50,7.208228146137232,-2.6042296364053965,E1
SM-GE932_S053_E1-50,5.127416044225072,-0.5972705281215015,E1
SM-GE94J_S034_E1-50,7.815726815970483,-1.274990339352346,E1
SM-GE65R_S030_E1-50,7.51661823291507,12.978301660829635,E1
SM-GE8WX_S079_E1-50,6.455519053203019,-1.1998014074776602,E1
SM-GE5TO_S168_E1-50,-2.8679245969675424,-2.8301922653188694,E1
SM-GE5U8_S009_E1-50,8.492493513543145,-0.19873058058932203,E1
SM-GE93P_S085_E1-50,-0.2224951774248014,-2.5917979018170882,E1
SM-GE8YZ_S181_E1-50,6.803333495772225,-1.9418707689218142,E1
SM-GE4XY_S189_E1-50,6.262901426601044,-1.6058877994566767,E1
SM-GE4RS_S023_E1-50,7.835024966371613,-0.3012277407706435,E1
SM-GE672_S165_E1-50,7.553202243261495,-1.0290982114027085,E1
SM-GE8XQ_S116_E1-50,6.862978167090129,-1.6885359471345605,E1
SM-GE5VJ_S018_E1-50,8.549497454690872,2.1406694550285,E1
SM-GE936_S088_E1-50,6.3135042545107725,-1.925899950967097,E1
SM-GE5TM_S105_E1-50,7.011255210066912,-2.9477538992271786,E1
SM-GE8YB_S048_E1-50,6.773279985382967,0.1942286826973807,E1
SM-GE4RN_S089_E1-50,13.700071653238755,0.6336924608137753,E1
SM-GE65C_S185_E1-50,7.539174837752839,-0.458123608870456,E1
SM-GE5QL_S184_E1-50,6.904605116221257,-0.02189564818538159,E1
SM-GE5UX_S179_E1-50,7.498703497723705,2.1739080778299247,E1
SM-GE66H_S028_E1-50,6.540036360311459,-1.2806419266625726,E1
SM-GE8YR_S152_E1-50,7.355828361004897,-2.010551849374109,E1
SM-GE932_S033_E1-50,153.73854513715133,-0.33404429494490273,E1
SM-GE4RN_S045_E1-50,-0.9298936565419886,7.32368741380574,E1
SM-GE5VJ_S041_E1-50,7.455171140195787,-1.9246441389277709,E1
SM-GE8YZ_S176_E1-50,4.67445739677522,0.04812862635879167,E1
SM-J39TJ_S275_E1-50,7.639930434881465,6.63673216005786,E1
SM-GE8X4_S122_E1-50,3.424150312697454,-3.16308390920016,E1
SM-GE94R_S143_E1-50,5.916515059115829,-1.3998025010758601,E1
SM-GE8WR_S004_E1-50,6.197413848652106,-0.4527911145464323,E1
SM-GE5UX_S120_E1-50,8.347014828325953,-0.491639489202912,E1
SM-GE4RS_S064_E1-50,9.660831222302669,-1.3035477220461722,E1
SM-GE8YK_S091_E1-50,7.373651113252933,10.213120831166203,E1
SM-GE5TM_S135_E1-50,6.5875798879586,-0.22707275128597715,E1
SM-GE8XF_S042_E1-50,7.134656341745726,-1.084930989927178,E1
SM-GE95M_S012_E1-50,7.349825293039047,-1.2807314355371124,E1
SM-GE8WR_S059_E1-50,2.9880788140483876,-3.291758840948117,E1
SM-GE5TI_S177_E1-50,7.458091595161282,-1.5728706028416224,E1
SM-GE8WX_S087_E1-50,6.6424596135381675,-1.5675843373567808,E1
SM-GE5PG_S029_E1-50,7.421620231878425,7.754368537679192,E1
SM-GE5P3_S094_E1-50,6.574798878349645,-1.7962959564063539,E1
SM-GBMG3_S044_E1-50,7.516678170294533,-0.25197294617321153,E1
SM-GE5QL_S147_E1-50,7.017300961659496,-0.9097922442105938,E1
SM-GE652_S135_E1-50,7.3088581793205085,5.030103234198606,E1
SM-GE92Y_S066_E1-50,6.807341154400748,-0.3882783187248007,E1
SM-GE8X2_S148_E1-50,7.943074259787256,-2.098497920191957,E1
SM-GE4RS_S153_E1-50,7.204088563300301,1.670859868706139,E1
SM-GE8XW_S004_E1-50,9.907562507031553,-1.5662688473542907,E1
SM-GE8Y4_S191_E1-50,7.333945633852229,-2.631879580109521,E1
SM-GE5VJ_S017_E1-50,9.834163467646858,0.05447863422643007,E1
SM-GE918_S073_E1-50,6.047461912561733,-1.029337392234048,E1
SM-GE8ZI_S176_E1-50,6.714776362132275,-2.5493257733693504,E1
SM-GE5TO_S182_E1-50,5.0089786003880805,-1.945798978913813,E1
SM-GE66E_S108_E1-50,4.7488747021063045,-0.8594798002527841,E1
SM-GE8XW_S096_E1-50,7.480446793965765,-0.7688593721784909,E1
SM-GE8YI_S044_E1-50,7.271688220433593,0.8921971633932482,E1
SM-GE4RN_S090_E1-50,6.954806287729564,-1.1367295357824854,E1
SM-GE4RC_S063_E1-50,7.261368625057459,-2.6249274760691907,E1
SM-GE8XQ_S013_E1-50,8.33333667813973,0.350510932679436,E1
SM-GE918_S072_E1-50,965.3071331028414,-0.9178963552017265,E1
SM-GE94B_S182_E1-50,6.142768215443631,-1.8013613043426737,E1
SM-GE91V_S152_E1-50,6.056131568260654,1.044992528422253,E1
SM-GE5TM_S147_E1-50,6.729745027298584,-1.975379277740288,E1
SM-GE66E_S130_E1-50,11.27724516755027,-1.0240307199720677,E1
SM-GE63O_S072_E1-50,7.945370903042482,1.9172396731776977,E1
SM-GE4XY_S076_E1-50,7.942541249498986,0.8503578221988208,E1
SM-GE8XZ_S109_E1-50,9.314320977527267,-0.9717729890856021,E1
SM-GE95M_S033_E1-50,7.950394219672244,-0.2509489703197614,E1
SM-GE8YR_S169_E1-50,-2.7767514453379185,-2.2090423453642654,E1
SM-GE4Y5_S102_E1-50,8.619084257619225,-3.2417809535437225,E1
SM-GE95N_S129_E1-50,6.560456595134612,-1.0591182052953478,E1
SM-GE5V9_S186_E1-50,6.706078827302596,0.35828380992530073,E1
SM-GE5PA_S153_E1-50,7.270342092568227,0.47991713485387755,E1
SM-GE8XQ_S022_E1-50,6.223365991105789,-0.18713674629367094,E1
SM-GE5TS_S182_E1-50,6.229385024611172,8.564776330808634,E1
SM-GE953_S013_E1-50,3.4812744376384024,1.925119422566686,E1
SM-GE4QN_S185_E1-50,7.032437122351318,-0.6512322331431646,E1
SM-GE66I_S153_E1-50,4.762623073283264,-1.2133227503815276,E1
SM-GE5U1_S163_E1-50,8.069485862080796,-1.1004079093739223,E1
SM-GE4RN_S086_E1-50,8.933445867419818,-0.4358729724454339,E1
SM-GE5OS_S136_E1-50,7.0111261511995515,-1.107327076242007,E1
SM-GE64T_S097_E1-50,6.042899749698973,-0.1163876065319247,E1
SM-GE8YZ_S171_E1-50,0.7816513868406938,0.5861858235450434,E1
SM-GE4RC_S036_E1-50,10.7060880140954,4.2713314225518495,E1
SM-GE8X2_S161_E1-50,6.236020604978892,-1.281460348341839,E1
SM-GE8XZ_S105_E1-50,7.353158480047516,-1.3138899244097484,E1
PS0817_E1-50_S52,7.223378085019811,-0.4582496614755789,E1
SM-GE92Y_S013_E1-50,6.6792428645319575,-2.0436404148345324,E1
SM-GE8XZ_S119_E1-50,5.999805513586224,-0.8437870434714975,E1
SM-GE65Z_S053_E1-50,6.694705610943117,7.636636615575333,E1
SM-GE93J_S019_E1-50,5.842993557446843,-1.7222768510874662,E1
SM-GE5OS_S191_E1-50,6.828623495858959,-2.869606352106519,E1
SM-GE65R_S031_E1-50,6.709568964743323,0.44946226304912984,E1
SM-GE4RN_S051_E1-50,7.900569905691597,-1.9310950600214996,E1
SM-GE4RS_S032_E1-50,6.56005438059267,-1.7431640174772554,E1
SM-GE4WN_S056_E1-50,7.676611259051846,-1.5689923466217577,E1
SM-GE5TS_S109_E1-50,7.351308281001827,0.11854249839918696,E1
SM-GE5QE_S041_E1-50,7.681560353761293,13.056956626819806,E1
SM-GE8Y4_S169_E1-50,5.494045386150587,-1.3765292878252051,E1
SM-GE66Q_S026_E1-50,5.713717118315692,-0.8625036713040386,E1
SM-GE93V_S012_E1-50,1.848296622507939,-2.023945973654474,E1
SM-GE4RS_S135_E1-50,6.447917451620021,-0.4432046941428689,E1
SM-GE8XW_S019_E1-50,7.002424401321849,-0.6908774159226614,E1
SM-GE681_S059_E1-50,5.292813841208495,3.8402264996003623,E1
SM-GE8WR_S076_E1-50,8.852510850290198,-1.2960611114494467,E1
SM-GE4QZ_S127_E1-50,7.208755504005071,-1.1804989701477986,E1
SM-GE94B_S123_E1-50,6.308775431014162,-1.089731205551065,E1
SM-GE92K_S128_E1-50,6.9248620155468235,-2.564952473800222,E1
SM-GE8X7_S160_E1-50,8.492326258831877,-1.3922648109890523,E1
SM-GE4XY_S140_E1-50,5.949546125513851,-0.6246448082763154,E1
SM-GE5P3_S093_E1-50,14.134896027875122,-0.4656135314226062,E1
SM-GE66C_S108_E1-50,6.7991273567040444,-1.593529644375291,E1
SM-GE4XY_S153_E1-50,7.259392594669702,-2.222880106475348,E1
SM-GE8YF_S053_E1-50,7.49949144399474,0.6184773781041009,E1
SM-GE95N_S112_E1-50,7.044756578126264,-1.4674662403482983,E1
SM-GE65Z_S055_E1-50,7.1758518204287505,1.2188516638320677,E1
SM-GE4QD_S049_E1-50,7.235357360601806,-0.6828711477847541,E1
SM-GE8X4_S189_E1-50,8.475190851844836,-2.108157025687987,E1
SM-GE4RS_S088_E1-50,7.131223442226529,-1.1363612493738309,E1
SM-GE5TI_S139_E1-50,10.804942097110608,0.9423248421828874,E1
SM-GE5OW_S102_E1-50,7.857290525001877,0.5661234000298714,E1
SM-GE4X5_S311_E1-50,138.64038888324376,1.10718535483703,E1
SM-GE5U8_S021_E1-50,7.531444016845457,1.105853594368545,E1
SM-GE4QN_S173_E1-50,8.824092507405277,-2.8798432643880485,E1
SM-GE8XQ_S123_E1-50,6.013866442145869,6.839242869170321,E1
SM-GE94H_S099_E1-50,5.626757244880683,-3.1738396912807536,E1
SM-GE4QF_S012_E1-50,7.225479767407801,4.833318795983714,E1
SM-GE8XQ_S146_E1-50,7.074827057887809,0.8006029668229269,E1
SM-GE8XQ_S056_E1-50,6.573508840469209,-1.7445831215988021,E1
SM-GE94H_S147_E1-50,5.799404249244527,0.0994073794070156,E1
SM-GE5V9_S135_E1-50,6.787447463522073,-2.4152917669082523,E1
SM-GE95N_S182_E1-50,9.998848650005272,3.2263682976235666,E1
SM-GE5TM_S189_E1-50,4.662475352215846,-1.8387846295908863,E1
SM-GE936_S079_E1-50,7.060460213216153,-2.051635141472928,E1
SM-GE5OW_S124_E1-50,8.526810145758395,0.04809802521186235,E1
SM-GE8X7_S132_E1-50,6.9802498345647885,-1.8770635133497933,E1
SM-GE5PA_S093_E1-50,7.090318089404807,-0.9288812568373739,E1
SM-GE8Y4_S192_E1-50,6.963789378111146,-0.003635049167175719,E1
SM-GE918_S062_E1-50,0.5362193018016477,6.802277871219589,E1
SM-GE8XW_S051_E1-50,8.329694992470122,-0.4005698051647877,E1
SM-GE5P3_S037_E1-50,7.171202228556318,-1.9036133505529436,E1
SM-GE8WI_S139_E1-50,8.43240302189714,2.2187910704657483,E1
SM-GE4RV_S137_E1-50,7.1330989084499175,-0.8516271182706463,E1
SM-GE5QE_S088_E1-50,5.921561774368776,-1.379857754894278,E1
SM-GE95A_S020_E1-50,6.572924067371631,-2.356431111255907,E1
SM-GE5QL_S137_E1-50,6.5767195736920545,-1.1269181059054338,E1
SM-GE93V_S031_E1-50,7.609398554773896,4.536490844873717,E1
SM-GE5VE_S017_E1-50,6.902523497106161,0.7082086521306743,E1
SM-GE94H_S177_E1-50,7.545182180278517,-2.5897858792556834,E1
SM-GE95A_S016_E1-50,5.975112901333248,-1.706727080307654,E1
SM-GE8YI_S059_E1-50,1.356694219829766,-1.5480490854922428,E1
SM-GE5UQ_S128_E1-50,7.359897911868948,-0.9417351419734237,E1
SM-GE8XF_S086_E1-50,8.179468691414051,-0.8125191839406422,E1
SM-GE5QL_S183_E1-50,7.253975775186161,-1.0633206156708728,E1
SM-GE8ZP_S181_E1-50,6.483569387595945,-2.925012993825674,E1
SM-GE5U1_S172_E1-50,20.262630300245323,83.57183271584393,E1
SM-GE93S_S131_E1-50,5.744113918862578,-1.1991263258485496,E1
SM-GE5UU_S020_E1-50,2.097772214914542,2.7953003085903125,E1
SM-GE67S_S113_E1-50,5.38756523813691,-1.10051805848484,E1
SM-GE4RN_S072_E1-50,10.474769589173894,1.5776277255051998,E1
SM-GE5P3_S055_E1-50,8.027080999816224,-0.33075581743029425,E1
SM-GE4QF_S053_E1-50,7.654439013384818,-0.16683230511805136,E1
SM-GE4QF_S090_E1-50,10.1163807206153,-0.3649787553707069,E1
SM-GE5TM_S185_E1-50,6.108235661642106,-1.4510073068661886,E1
SM-GE8YB_S053_E1-50,6.695855000248135,0.4103505580582476,E1
SM-GE91I_S085_E1-50,-0.10000214868945356,-1.6702162674271517,E1
SM-GE94R_S149_E1-50,4.284568093159553,-2.5558004784168116,E1
SM-GE8Y4_S190_E1-50,-4.784457652148026,2.1070111234968207,E1
SM-GE92A_S069_E1-50,6.201785273287888,-1.9884953479050034,E1
SM-GE4Y5_S179_E1-50,8.799883242043181,1.0076421085210596,E1
SM-GE8Y4_S130_E1-50,7.733504394792318,1.1751201151360167,E1
SM-GE8ZI_S175_E1-50,6.713848643779057,-0.03890368213855444,E1
SM-GE95M_S042_E1-50,6.245980453678967,1.4528791782590196,E1
SM-GE63H_S175_E1-50,6.295797622888939,-0.610371425107488,E1
SM-GE5V2_S059_E1-50,8.086346197698653,-1.0488050169627343,E1
SM-GE93S_S141_E1-50,-0.45421502513004164,-2.29040537608374,E1
SM-GE5TI_S186_E1-50,7.401476711413744,-2.4705395630593845,E1
SM-GE5TI_S107_E1-50,7.445968780621012,1.0285890751542086,E1
SM-GE4WN_S091_E1-50,8.655736259163097,-1.9716666411075559,E1
SM-GE5UX_S164_E1-50,6.5788079033727325,-2.439347098422085,E1
SM-GE8YR_S167_E1-50,5.235635617503475,-1.4444977992849417,E1
SM-GE5PG_S094_E1-50,9.513232128715114,-0.23882733750337704,E1
SM-GE4RV_S167_E1-50,7.333958698114318,-0.8011505808312358,E1
SM-GE64F_S155_E1-50,6.514964331273488,0.027492580437677105,E1
SM-GE8X7_S130_E1-50,5.743058164157837,-1.866132101128759,E1
SM-GE8WR_S095_E1-50,6.498983743973146,11.325486143640344,E1
SM-GE8WI_S164_E1-50,8.553948325261585,0.44774655754880177,E1
SM-GE5V2_S036_E1-50,8.34312599288631,-1.250399899570015,E1
SM-GE5VE_S023_E1-50,6.375120458108222,-2.29860225269826,E1
SM-GE8XQ_S057_E1-50,6.892674471236049,-1.7057856526305546,E1
SM-GE95A_S036_E1-50,6.717554297061961,-2.1347942230302093,E1
SM-GE66H_S034_E1-50,7.0632664695827,10.4487673472461,E1
SM-GE95M_S022_E1-50,6.812849876300477,-2.4939856543990158,E1
SM-GE8YI_S008_E1-50,2.8426205932228417,-2.0529556297628933,E1
SM-GE64F_S135_E1-50,6.725559655424944,10.953909152579241,E1
SM-GE94R_S191_E1-50,11.218522029603278,-1.8471601289130346,E1
SM-GE4RS_S089_E1-50,7.630696045411889,-1.0671796143440373,E1
SM-GE95M_S049_E1-50,13.370432531747646,-1.38475374682917,E1
SM-GE5TM_S129_E1-50,0.9505701179857855,-2.443016209858426,E1
SM-GE4RC_S062_E1-50,6.457879527673144,-1.40297185367807,E1
SM-GE8XZ_S175_E1-50,7.7411974126070335,-0.7786638170809946,E1
SM-GE5TM_S146_E1-50,7.664944182495646,-0.770695280306253,E1
SM-GE5TS_S133_E1-50,6.350150706031448,-0.7557149572783479,E1
SM-GE95A_S034_E1-50,6.685428375071869,-1.5296324994633557,E1
SM-GE5P3_S083_E1-50,6.920838674047935,-3.040785365322738,E1
SM-GE5V9_S138_E1-50,8.183005442260278,-2.194459051695546,E1
SM-GE932_S070_E1-50,5.746222265148533,-1.589957549822161,E1
SM-GE94J_S069_E1-50,-0.6261841627598042,-1.0571087872564526,E1
SM-GE67R_S035_E1-50,6.803302075401273,-0.23847533446975389,E1
SM-GE5OS_S151_E1-50,6.833629771183639,-1.3133423142313745,E1
SM-GE65Z_S067_E1-50,6.412902597637008,-1.571062728749618,E1
SM-GE5QL_S188_E1-50,7.085359835840385,-0.5198008627551807,E1
SM-GE8YI_S039_E1-50,4.039283959214484,-2.3544764125699698,E1
SM-GE5TM_S120_E1-50,6.202353582142245,-2.041473675893502,E1
SM-GE4QF_S080_E1-50,6.55238745980866,-1.8100669194504708,E1
SM-GE5U8_S078_E1-50,7.152495776822674,-1.8002388948700425,E1
SM-GE8YZ_S169_E1-50,0.038814451401164796,-2.0027734635027015,E1
SM-GE91I_S083_E1-50,5.5182001194473465,-0.020169327035427953,E1
SM-GE953_S008_E1-50,6.318708389295368,-2.022981493519481,E1
SM-GE953_S018_E1-50,4.629422007626208,-2.5442686872386417,E1
SM-GE936_S035_E1-50,7.51213978650636,-1.6781091338129102,E1
SM-GE4RC_S080_E1-50,7.707983205422957,7.36435182610174,E1
SM-GE8YB_S006_E1-50,4.664370905749598,2.500273417571586,E1
SM-GE5TI_S136_E1-50,8.57791478638007,0.3632500562236647,E1
SM-GE5OS_S138_E1-50,6.941083164750683,-0.9456097066979368,E1
SM-GE5P3_S086_E1-50,7.384932045419654,-0.6382142803922959,E1
SM-GE8Y4_S147_E1-50,6.662841771053304,-1.227418398944932,E1
SM-GE8XQ_S182_E1-50,115.71546972929728,-1.5079848196718266,E1
SM-GE5UQ_S103_E1-50,7.421330738511882,13.939888923073072,E1
SM-GE95A_S060_E1-50,1.3470043950771347,-2.5852985338653482,E1
SM-GE5O8_S017_E1-50,7.24839115552419,-1.5734662059830264,E1
SM-GE93J_S023_E1-50,3.680688109406532,7.0470295003338626,E1
SM-GE4RC_S049_E1-50,6.941009182094673,-0.7771746978874483,E1
SM-GE5U8_S017_E1-50,7.3731036089880755,-0.8658115545707052,E1
SM-GE5QL_S140_E1-50,7.268615594368665,-1.6268141698230025,E1
SM-GE5W2_S080_E1-50,7.431910814771643,-2.62479559607034,E1
SM-GE5OW_S138_E1-50,6.184536449190106,0.9202345682510791,E1
SM-GE8X7_S189_E1-50,6.735400928121146,-1.306045472168693,E1
SM-GE8YR_S146_E1-50,6.561242724522606,-1.5745761481330889,E1
SM-GE66H_S041_E1-50,-0.5540107202809343,-3.5008750082524953,E1
SM-GE8ZI_S189_E1-50,4.619165658779605,-3.085346984227483,E1
SM-GBMG3_S011_E1-50,7.516903832807585,-0.00253225912815358,E1
SM-GBMG3_S013_E1-50,-1.0799667532519877,5.384195960699225,E1
SM-GE4RI_S189_E1-50,7.638679849713194,1.3087556083431104,E1
SM-GE8XZ_S157_E1-50,7.50674173867559,0.1161758670240296,E1
SM-GE65C_S158_E1-50,6.666617266901654,-2.108824310470944,E1
SM-GE8YZ_S116_E1-50,6.817456703427762,-1.242286438787081,E1
SM-GE5VE_S022_E1-50,8.179541888109846,0.02342022613153949,E1
SM-GBMG3_S019_E1-50,6.26304219840586,-2.4720638987060664,E1
SM-GE681_S069_E1-50,-1004.5931511680369,-2.1320394091949004,E1
SM-GE8X4_S188_E1-50,6.482114245476223,-1.2624202958619104,E1
SM-GE65C_S189_E1-50,5.60315952201136,0.29817927122351584,E1
SM-GE4S1_S142_E1-50,8.888178589827316,-1.4400767363213038,E1
SM-GE94H_S149_E1-50,5.49193803476672,-0.5826293002929203,E1
SM-GE5UU_S092_E1-50,7.075592680862577,-0.13385590546335802,E1
SM-GE5UQ_S166_E1-50,7.35408617724159,8.397463850111023,E1
SM-GE953_S082_E1-50,5.853058463852387,-3.1377681464689173,E1
SM-GE5V2_S081_E1-50,8.520597872956618,0.5808312132257916,E1
SM-GE5UU_S069_E1-50,6.455585655845917,-1.7500743719431533,E1
SM-J39VK_S041_E1-50,7.048637400782897,-1.8937983750149745,E1
SM-GE5VE_S047_E1-50,8.667302380782905,-1.1657304750978332,E1
SM-GE5OW_S120_E1-50,5.225983698874866,-1.1165670792003861,E1
SM-GE5VE_S024_E1-50,4.993189561804163,7.542503600804632,E1
SM-GE5TS_S173_E1-50,11.83203400664997,-0.40205179127190194,E1
SM-GE932_S092_E1-50,8.703738338668746,0.7201142702067813,E1
SM-GE5PG_S090_E1-50,9.094740070283645,0.16044779697401235,E1
SM-GE8XQ_S026_E1-50,7.596905139780937,-1.2701988044132828,E1
SM-GE5OS_S135_E1-50,7.890341036391696,-2.1822935404923562,E1
SM-GE4QN_S172_E1-50,9.038021321233956,2.9847933738494232,E1
SM-GE4QD_S018_E1-50,6.501640304671655,-1.2575298400012653,E1
SM-GE95M_S082_E1-50,8.737571484618233,2.774698932470045,E1
SM-GE8X2_S169_E1-50,7.235235555036514,-1.3087699429536017,E1
SM-GE5V9_S184_E1-50,9.171137199373037,-0.6393509551177428,E1
SM-GE666_S014_E1-50,5.578050579800545,10.580651322581915,E1
SM-GE5V9_S140_E1-50,7.8707338345081155,0.7976717090281547,E1
SM-GE8X2_S153_E1-50,7.997900766584145,-1.1505768647774943,E1
SM-GE4Y5_S170_E1-50,8.842393472435893,2.7995610611119313,E1
SM-GE5P3_S025_E1-50,8.807211082297608,-0.6796807143715895,E1
SM-GE4QF_S049_E1-50,7.412514617571628,-0.8031950040228578,E1
SM-GE5OG_S011_E1-50,7.176712479066988,-3.0963129681685357,E1
SM-GE4WC_S041_E1-50,8.070487750232259,-0.4013138411938141,E1
SM-GE5VR_S180_E1-50,6.470899062843202,-0.706115882437925,E1
SM-GE4S1_S136_E1-50,7.382388623456298,-0.9552583675062529,E1
SM-GE4SJ_S082_E1-50,7.142458168507954,-2.734765900003156,E1
SM-GE94R_S169_E1-50,4.2782631948930625,3.1078815466691987,E1
SM-GE66Q_S044_E1-50,7.148959942154897,-1.055030361014349,E1
SM-GE63H_S145_E1-50,7.95119131636362,-0.5028869332692785,E1
SM-J39TJ_S269_E1-50,7.7463380552705186,4.814135353566173,E1
SM-GE4Y5_S188_E1-50,6.285387928910506,-3.182743259163546,E1
SM-GE4QF_S065_E1-50,10.502294669680413,4.622600427424003,E1
SM-GE643_S149_E1-50,7.007955645476034,-2.8892346452782967,E1
SM-GE8YB_S054_E1-50,7.331151575495547,-0.1360042803682251,E1
SM-GE8X7_S136_E1-50,1.9702663918876286,-2.1039174327474015,E1
SM-GE4QD_S051_E1-50,7.816172426523108,-1.39342519399718,E1
SM-GE5P3_S092_E1-50,7.967955736628068,0.998590282016427,E1
SM-GE5TI_S182_E1-50,6.7366646801697865,-3.0017840161119014,E1
SM-GE4X5_S307_E1-50,8.591732132084228,0.9405621123892198,E1
SM-GE62S_S116_E1-50,7.3140874804201665,-1.2090499824013863,E1
SM-GE5UX_S129_E1-50,6.819955546010241,-0.15229509408492947,E1
SM-GE4WC_S040_E1-50,7.779086310964281,0.6298190729455799,E1
SM-GE5VE_S069_E1-50,7.036225844916626,-2.0606135959400094,E1
SM-GE4RN_S049_E1-50,7.9457910373946286,-1.622200703089462,E1
SM-GE4RV_S164_E1-50,8.471598433825932,-0.9505942167078335,E1
SM-GE937_S164_E1-50,8.007381785019609,2.200613664027462,E1
SM-GE93P_S048_E1-50,9.097172953205897,1.9071023082689582,E1
SM-GE65C_S124_E1-50,6.750020144650368,-1.198876308098234,E1
SM-GE8YB_S085_E1-50,7.302816455519823,-0.7735897176231943,E1
SM-GE5OW_S099_E1-50,35.035914870039896,-0.4628981867127878,E1
SM-GE4RS_S107_E1-50,7.990172134938265,-1.1385430358498994,E1
SM-GE95A_S037_E1-50,4.6769658701806485,-0.1198033297626262,E1
SM-GE5UX_S134_E1-50,6.180241926560292,-2.3356430936268966,E1
SM-GE5QL_S111_E1-50,6.677393612510762,-0.907645562977773,E1
SM-GE4QF_S058_E1-50,6.817209430916582,-1.1613957206894332,E1
SM-GE8XF_S083_E1-50,5.803383116398849,-3.165318346944134,E1
SM-GE4QF_S069_E1-50,7.206228149283196,-2.911701452116298,E1
SM-GE5PA_S089_E1-50,7.926948356525783,-0.7481772733588039,E1
SM-GE8XQ_S027_E1-50,8.265821131249545,1.9932830507980943,E1
SM-GE5U8_S008_E1-50,163.32195690285002,-0.10783443981413965,E1
SM-GE4RS_S131_E1-50,7.384917861427477,-0.8255835410310348,E1
SM-GE8YR_S188_E1-50,6.799100189277911,-1.375643876989275,E1
SM-GE5PA_S177_E1-50,7.846118776577942,0.7545949834882608,E1
SM-GE4XY_S080_E1-50,3.8524938850555834,-2.644790073708198,E1
SM-GE5UQ_S098_E1-50,6.42283690575389,2.9082496840121452,E1
SM-GE8WX_S065_E1-50,2.95708941990838,-1.4274007478651087,E1
SM-GE4QF_S009_E1-50,9.598455682352926,-0.4574003111621773,E1
SM-GE5QL_S112_E1-50,7.769576882160052,-1.7525143235863285,E1
SM-GE4Y5_S122_E1-50,6.35283463167663,0.3636164090893297,E1
SM-GE5TS_S127_E1-50,5.607929425799131,-1.6690541507880932,E1
SM-GE5P3_S088_E1-50,6.744109493013001,-1.6772543289270883,E1
SM-GE5W2_S077_E1-50,7.458645069647037,5.337532045142928,E1
SM-GE4X5_S335_E1-50,7.867336531404456,-0.21614479283936738,E1
SM-GE8YB_S002_E1-50,6.257348337036275,-1.8982496400866486,E1
SM-GE93J_S081_E1-50,9.730919137557947,-1.8926536783456267,E1
SM-GE8XQ_S041_E1-50,6.84313335832546,-1.5678403667761607,E1
SM-GE8XQ_S005_E1-50,6.2078776955159585,1.3143080103056477,E1
SM-GE95A_S085_E1-50,7.145823856217283,-1.1204243569512238,E1
SM-GE91I_S072_E1-50,0.09234048808372641,9.902703038952984,E1
SM-GE5TS_S175_E1-50,8.25991324539823,0.9596364464433356,E1
SM-GE5VR_S178_E1-50,6.752137067071782,-1.654712377814334,E1
SM-GE5OW_S148_E1-50,6.112290997399336,-0.10476516938393188,E1
SM-GE5VJ_S055_E1-50,8.034945737177022,-0.8854403879702886,E1
SM-GE8XQ_S077_E1-50,8.765481384818164,5.91908479688528,E1
SM-GE4S1_S144_E1-50,9.360934768880467,0.2533345674892462,E1
SM-GE5QL_S164_E1-50,6.702638868710908,0.42844578217210394,E1
SM-GE93B_S071_E1-50,6.34984755399478,-1.017667749980525,E1
SM-J39W4_S180_E1-50,7.858041437001295,1.6975720576730569,E1
SM-GE5TM_S188_E1-50,6.474562586798489,-1.4113687743515346,E1
SM-GE8XZ_S131_E1-50,5.213492611949896,-0.8302172278101239,E1
SM-GE5VR_S182_E1-50,6.560519120065517,-3.0888376504536863,E1
SM-GE5VE_S086_E1-50,7.078447475216912,-0.7822709249545337,E1
SM-GE8YK_S095_E1-50,6.310507861123619,-1.2542550315917422,E1
SM-GE95M_S011_E1-50,6.487262214559113,-1.7147135679222663,E1
SM-GE936_S087_E1-50,5.134674983263239,-2.1510010784939695,E1
SM-GE4WT_S164_E1-50,6.467212832028026,0.12117567525917217,E1
SM-GE5UU_S055_E1-50,7.57811168559195,-2.203834294895529,E1
SM-GE8ZI_S152_E1-50,8.289698852743477,-1.7095036508863273,E1
SM-GE64F_S118_E1-50,6.920401366769161,2.3914989955475257,E1
SM-GE8WR_S074_E1-50,10.06858958984205,-2.970525247847309,E1
SM-GE5P3_S029_E1-50,7.773104857503967,-0.8548405280484288,E1
SM-GE4WT_S156_E1-50,7.631359334194503,-1.4357115890385386,E1
PS0921_E1-50_S12,5.994941901692693,4.9066098634710364,E1
SM-GE953_S083_E1-50,5.934623112074146,-1.51506349354274,E1
SM-GE5OS_S139_E1-50,7.4487280358594665,0.9024162356082401,E1
SM-J39ZH_S527_E1-50,9.694064987980159,2.2574431732534164,E1
SM-GBMG3_S057_E1-50,6.393150425233351,0.3496119652979488,E1
SM-GE932_S052_E1-50,6.712531801948286,-2.549329603778445,E1
SM-GE8XQ_S149_E1-50,8.452414547057444,-1.2694317294123656,E1
SM-GE8X4_S141_E1-50,6.318727706129852,-2.820066529383319,E1
SM-GE932_S078_E1-50,7.532784126119528,-1.7462476354904748,E1
SM-GBMG3_S017_E1-50,7.278879965648588,-1.6506895802944181,E1
SM-GE5UQ_S165_E1-50,6.345482843251255,3.4978819329247886,E1
SM-GE64F_S151_E1-50,6.0059360721453485,1.4999788532547405,E1
SM-GE4RS_S042_E1-50,6.33457563580996,-1.2051094558430353,E1
SM-GE8WI_S187_E1-50,6.815201437443673,0.35665760583758344,E1
SM-GE4QF_S032_E1-50,8.126322626060778,-0.3024992817245912,E1
SM-GE95M_S013_E1-50,8.688716115958995,2.41397725697657,E1
SM-GE5QE_S068_E1-50,9.476374877176978,-2.335658681993151,E1
SM-GE5V2_S023_E1-50,8.5440244098875,1.0629404125364095,E1
SM-GE8YI_S068_E1-50,7.550880823641325,0.5769688157572983,E1
SM-GE5VR_S134_E1-50,6.765970665580495,-0.9856958514458399,E1
SM-GE8WR_S050_E1-50,8.06447544293357,1.4915592604274697,E1
SM-GE8XZ_S149_E1-50,11.756420494722594,4.849147971584338,E1
SM-GE652_S165_E1-50,7.671622662421237,11.018855214607,E1
SM-GE5V2_S083_E1-50,8.629681373127905,0.8551975208116369,E1
SM-GE8XZ_S120_E1-50,6.933010749958481,-1.6524377512775619,E1
SM-GE672_S030_E1-50,1.3791867081562152,-2.62607251302815,E1
SM-GE64F_S163_E1-50,7.390545033210305,-0.42156119772581113,E1
SM-J39TJ_S270_E1-50,55.88996107106103,5.047994908805568,E1
SM-GE66Q_S031_E1-50,4.481869342019417,-0.9381082989710403,E1
SM-GE8XF_S051_E1-50,7.785765995662215,-0.3141058061862726,E1
SM-GE8WR_S021_E1-50,8.749122029126703,2.931326632360138,E1
SM-GBMG3_S028_E1-50,6.858636852233288,-0.5187735729870562,E1
SM-GE5VJ_S035_E1-50,6.407700334683315,-1.2155602065570752,E1
SM-GE5UQ_S110_E1-50,7.726897476972502,2.526432450116051,E1
SM-GE94J_S013_E1-50,5.994092239330999,-2.087028141690018,E1
SM-GE681_S043_E1-50,5.279423611415586,-2.233293508401534,E1
SM-GE953_S012_E1-50,5.219251438941448,-0.60229239706562,E1
SM-GE4RC_S048_E1-50,7.389553773083191,-2.5202585539856606,E1
SM-GE4Q8_S095_E1-50,8.2108662010109,1.6986878011862425,E1
SM-GE8YR_S162_E1-50,1.6518242698881043,-3.006213523621386,E1
SM-GE8XZ_S179_E1-50,7.268380393140446,-0.8850937660569771,E1
SM-GE8WI_S183_E1-50,7.6399366024093,-0.5069808670468048,E1
SM-GE66Q_S046_E1-50,9.12091846429437,-0.24899171812610787,E1
SM-GE94J_S017_E1-50,6.142429661243191,-0.2147139020193095,E1
SM-GE937_S104_E1-50,3.3538935613056355,-1.4567731944949942,E1
SM-GE8YB_S036_E1-50,15.427138618296851,0.36199887155574584,E1
SM-GE8Y4_S183_E1-50,7.856088464422875,0.27411973683468727,E1
SM-GE4XY_S074_E1-50,7.811691542446811,-0.7329699706180948,E1
SM-GE95M_S085_E1-50,104.8996559511089,0.2828545032380343,E1
SM-GE93P_S078_E1-50,6.918723531913656,7.817532339196892,E1
SM-GE5P3_S030_E1-50,9.151342035638853,2.384429030433944,E1
SM-GE5V2_S065_E1-50,9.21081883385129,0.4660156620661482,E1
SM-GE4QF_S072_E1-50,6.949231744383067,1.2908622928303417,E1
SM-GE8YF_S050_E1-50,6.578572013643157,-0.26925287119625296,E1
SM-GE4WT_S083_E1-50,5.790545245907451,-0.9038819451087718,E1
SM-GE8XQ_S051_E1-50,7.0289191256462535,-0.11048945775821783,E1
SM-GE67S_S106_E1-50,11.177193025633002,-0.8063429157335504,E1
SM-GE4XY_S083_E1-50,7.411251270121705,5.6465513574256825,E1
SM-GE8YF_S086_E1-50,7.698660931580324,1.5657685556460927,E1
SM-GE8YB_S041_E1-50,6.464662830244267,-0.008960891573924101,E1
SM-GE67B_S167_E1-50,6.298218454702228,-2.0123848153275192,E1
SM-GE67K_S143_E1-50,2.2800913910563594,-1.5138046988551017,E1
SM-GE4Q2_S155_E1-50,8.033143022243873,3.3770577022484627,E1
SM-GE5PG_S025_E1-50,9.5461851317352,0.16206588935623678,E1
SM-GE5TI_S113_E1-50,6.890915296403328,-1.746707972124729,E1
SM-GE5PA_S183_E1-50,6.655265071742128,2.204476704116079,E1
SM-GE4QD_S013_E1-50,6.381151293046493,-0.8873528023876079,E1
SM-GE5V2_S054_E1-50,7.087296250305535,6.468151943736179,E1
SM-GE5TI_S146_E1-50,7.485134310260069,5.103161450372584,E1
SM-GE93V_S051_E1-50,-1.2013693570285362,6.524246214840496,E1
SM-GE5UU_S021_E1-50,9.208998325357621,1.6704728237195157,E1
SM-GE4QN_S175_E1-50,6.457651558660102,-0.9828895970654672,E1
SM-GE8Y4_S160_E1-50,7.878837536925582,2.3548675570241038,E1
SM-GE5U1_S148_E1-50,9.005975090883865,0.6878401819407594,E1
SM-GE8YZ_S123_E1-50,6.633347682086572,-1.8558560150944654,E1
SM-GE5PA_S130_E1-50,7.503089256255804,3.7590714459272165,E1
SM-GE4QZ_S173_E1-50,8.093166169803787,1.6281747064202234,E1
SM-GE8XZ_S158_E1-50,7.540852988810465,0.31559732911783067,E1
SM-GE8ZI_S143_E1-50,7.083569004625389,-1.089615139854216,E1
SM-GE5VE_S089_E1-50,8.25653749258779,-0.0800074564299943,E1
SM-GE4Y5_S168_E1-50,7.6147398482872095,4.156521540591403,E1
SM-GE4RS_S056_E1-50,7.482220805910593,1.1738235021149672,E1
SM-GE8YI_S038_E1-50,1.6883263585677755,-2.216487020234063,E1
SM-GE4QF_S070_E1-50,7.1048084421517315,-1.0602442023623058,E1
SM-GE8YK_S040_E1-50,1.6261908078151501,-1.9256218916513934,E1
SM-GE8XW_S008_E1-50,10.688015301931387,-1.3131453362626444,E1
SM-GE94H_S190_E1-50,7.894511359512391,-0.5579203676013955,E1
SM-GE95N_S103_E1-50,7.533082631748703,-1.9580597631598025,E1
SM-GE5PG_S067_E1-50,6.829467757330636,3.2165648563432345,E1
SM-GE5VR_S129_E1-50,6.74933747696328,-1.3136065058253763,E1
SM-GE5PA_S080_E1-50,7.213255531203048,-2.022589919409106,E1
SM-GE67D_S088_E1-50,-0.20232871720177936,0.18456310096323225,E1
SM-GE95N_S124_E1-50,7.014007899090299,-1.602611127204721,E1
SM-GE95M_S086_E1-50,8.461003272068801,-1.1907438259693677,E1
SM-GE92Y_S054_E1-50,7.174142240910516,-2.5760862733002465,E1
SM-GE5TI_S183_E1-50,7.149821671549775,-2.1079478521857897,E1
SM-GE5QL_S149_E1-50,8.390110402619348,-1.7619217324917438,E1
SM-GE8YZ_S145_E1-50,2.136487294651726,-2.3332112033113948,E1
SM-GE5PG_S089_E1-50,6.110464677865161,-1.3842690893519285,E1
SM-GE94R_S144_E1-50,7.726980998160656,-1.3806703668357387,E1
SM-GE5TS_S180_E1-50,7.033887350382909,0.8248149163202838,E1
SM-GE5TI_S135_E1-50,7.060862517147079,-0.3242745154491051,E1
SM-GE66Q_S013_E1-50,7.004236163273379,-1.8891016422420879,E1
SM-GE8ZX_S142_E1-50,6.5402486612004695,-2.507551518934741,E1
SM-GE8XZ_S161_E1-50,7.06561434646837,0.12481002508869232,E1
SM-GE66C_S100_E1-50,4.544600143987601,-3.2929249926751654,E1
SM-GE4RS_S024_E1-50,7.557632138173196,-0.7472302335767518,E1
SM-GE94H_S104_E1-50,8.382343349218928,7.127285372999453,E1
SM-GE8WR_S077_E1-50,9.201807218364568,1.9857404847239677,E1
SM-GE5PG_S011_E1-50,10.325906471004991,-0.5524550357061497,E1
SM-GE5OM_S075_E1-50,7.175752857941369,-1.3800716137440079,E1
SM-GE8YB_S045_E1-50,7.111322819227025,-1.6215094737806561,E1
SM-GE4XY_S042_E1-50,7.263328527550993,0.6772149885893124,E1
SM-GE5UX_S170_E1-50,7.5207366786992935,1.3491799752473235,E1
SM-GE953_S062_E1-50,6.647426672063736,-2.6026836772517736,E1
SM-GE63H_S152_E1-50,4.992326964031898,-1.0170116967085625,E1
SM-GE93J_S091_E1-50,-2.3373276133522882,-0.47130867823285894,E1
SM-GE5OS_S144_E1-50,6.51748500892607,-0.6599773120371877,E1
SM-GE5PA_S087_E1-50,6.886711048614933,-0.40706247422686015,E1
SM-GE4Y5_S127_E1-50,7.596833896626098,1.0963966846349706,E1
SM-GE4RN_S080_E1-50,7.029270216533,-0.9169339252883573,E1
SM-GE4QD_S041_E1-50,7.250615837400437,-0.5817820549999002,E1
SM-GE936_S084_E1-50,6.2941273010251475,-1.4313002680027636,E1
SM-GE937_S180_E1-50,6.146628115262904,-0.17829877508124614,E1
SM-GE5TM_S175_E1-50,6.727787615873906,-2.4358155065595937,E1
SM-GE4VR_S158_E1-50,6.705245047832176,0.6061583606311074,E1
SM-GE8YZ_S172_E1-50,-0.27155307527227546,-3.167089907036848,E1
SM-GE94H_S191_E1-50,6.652657658056908,10.33953908051289,E1
SM-GE5V9_S165_E1-50,9.108356244579872,-1.9633625616894828,E1
SM-GE5TS_S151_E1-50,44.99943327742751,-2.055375069180444,E1
SM-GE92Y_S055_E1-50,5.478504518899317,-3.456640423285836,E1
SM-GE4WN_S004_E1-50,7.598013716159171,-1.9121989592132056,E1
SM-GE67S_S115_E1-50,7.123107425985495,0.6390411771471858,E1
SM-GE5V9_S188_E1-50,7.539468871576047,0.4861961156684329,E1
SM-GE918_S015_E1-50,6.150306297677712,-2.839266908048476,E1
SM-GE5OW_S162_E1-50,6.878975701694339,-1.4079545689688455,E1
SM-GE5PG_S043_E1-50,7.751196812029717,-0.9737064722361024,E1
SM-GE5PA_S088_E1-50,7.073305042281792,-0.26404587896407794,E1
SM-GE8WR_S010_E1-50,16.209821516041533,11.328154130868645,E1
SM-GE64T_S100_E1-50,8.157642388468087,10.614586126800543,E1
SM-J39TJ_S267_E1-50,7.297631046011323,-1.2403473206346174,E1
SM-GE92Y_S065_E1-50,5.882804509039158,-1.6149512609817513,E1
SM-GE4XY_S024_E1-50,8.349635779323377,2.0549467175622125,E1
SM-GE4RV_S148_E1-50,64.46563328921663,-1.071891173030097,E1
SM-GE4S3_S140_E1-50,1.8117240766143965,-1.6981441314392423,E1
SM-GE8YF_S068_E1-50,7.982908362734157,0.5201918164883008,E1
SM-GE681_S086_E1-50,6.744109904050143,0.371364131807308,E1
SM-GE5VJ_S027_E1-50,9.009118624735942,-1.4403849803873179,E1
SM-GE4Y5_S183_E1-50,6.508530217509448,-0.5551740230737309,E1
SM-GE5TS_S187_E1-50,6.5761422277566925,-1.2891756877692848,E1
SM-GE5U1_S157_E1-50,7.9478106568891445,0.52875636828056,E1
SM-GE8XQ_S191_E1-50,29.073483313105058,0.7581907043601135,E1
SM-GE4RI_S181_E1-50,7.896178397802486,8.215711923727428,E1
SM-GE8ZI_S136_E1-50,6.233770545516773,13.258490516442613,E1
SM-GE5UX_S097_E1-50,5.956601650635934,-1.4702092896121732,E1
SM-GE65Z_S093_E1-50,7.444771251538289,3.7364667626462067,E1
SM-GE8XQ_S064_E1-50,8.107703782323352,1.8555458257124495,E1
SM-GE5OM_S094_E1-50,8.505207637850727,-0.7691568654139234,E1
SM-GE5V9_S147_E1-50,6.721629425054473,-1.9467298316153698,E1
SM-GE5UX_S182_E1-50,7.282793432792811,-2.2780755440621325,E1
SM-GE8X2_S145_E1-50,5.152515090768196,-2.9389529727228982,E1
SM-GE63H_S169_E1-50,8.142279929030005,4.986347416476706,E1
SM-GE5VE_S094_E1-50,8.223826236218459,-1.9837028367434777,E1
SM-GE5V9_S168_E1-50,7.511508022969559,-0.18936954720587806,E1
SM-GE8X2_S110_E1-50,1.0035156143081645,-2.1269024342957588,E1
SM-GE8XQ_S023_E1-50,7.5865554193792715,-1.255203027953442,E1
SM-GE5TI_S165_E1-50,6.3635963285287955,-1.0890081179606332,E1
SM-J39ZH_S078_E1-50,9.390566366506132,2.638127984167081,E1
SM-GE5PG_S086_E1-50,10.469885941999047,0.5979439346572641,E1
SM-GE8YR_S149_E1-50,6.036325704036559,-1.2578700836780226,E1
SM-GE66E_S123_E1-50,8.147006427098544,-0.6834356230488794,E1
SM-GE67R_S003_E1-50,8.19032603325771,2.384879225051809,E1
SM-J39RO_S222_E1-50,7.626844697615119,-2.631184049885708,E1
SM-GE5OG_S004_E1-50,7.946988891989544,2.532720550230815,E1
SM-J39TJ_S280_E1-50,-4.066458094080074,8.691822939654246,E1
SM-GE8XF_S043_E1-50,8.618606810803996,-0.5594373198448911,E1
SM-GE8YI_S066_E1-50,7.0054692590747925,1.3223705937028793,E1
SM-GE4RS_S074_E1-50,8.387482838289797,-1.6328530069939169,E1
SM-GE5TS_S184_E1-50,7.298886920975999,5.653846547269576,E1
SM-GE8WX_S089_E1-50,7.676845944954881,1.0390547559761736,E1
SM-GE8XQ_S080_E1-50,6.712382722999893,-1.401242817473687,E1
SM-GE94H_S097_E1-50,5.699868608446216,-2.2771833761128555,E1
SM-GE8Y4_S151_E1-50,7.082255732756032,-2.4061919815501955,E1
SM-GE91V_S133_E1-50,9.198728128375947,-0.2884525485780045,E1
SM-GE66H_S005_E1-50,-0.5287175323298108,-1.2312548204599276,E1
SM-GE65O_S056_E1-50,6.3950676543383915,1.0569839851457778,E1
SM-GE8Y4_S156_E1-50,8.158641766153073,-0.45687566688764236,E1
SM-GBMG3_S015_E1-50,7.218166497892897,-0.3337554691927127,E1
SM-GE8XZ_S117_E1-50,8.909703440430805,0.029585287209867417,E1
SM-GE8YZ_S156_E1-50,6.914524595106263,-2.2693728893050693,E1
SM-GBMG3_S049_E1-50,7.0647056887418636,1.3724850597577436,E1
SM-GE94J_S051_E1-50,2.1634077397191316,-3.38322199895929,E1
SM-GE8WX_S093_E1-50,6.005382902340361,-2.9955038956588975,E1
SM-GE67K_S104_E1-50,6.462680024701761,1.0216746906791412,E1
SM-GE4Y5_S158_E1-50,6.0285842771363995,-1.1193514764857366,E1
SM-GE8XQ_S017_E1-50,7.29164841321987,-1.0714210126608499,E1
SM-GE953_S053_E1-50,6.0054227340433055,-1.3138771689242463,E1
SM-GE8YK_S067_E1-50,4.367564531120243,-0.5125330786036327,E1
SM-GE4Q8_S065_E1-50,5.435098245161295,-1.034219461800758,E1
SM-GE5O8_S022_E1-50,7.624321403892505,2.943001263782673,E1
SM-GE4RC_S078_E1-50,8.682303014536378,7.2407878429719625,E1
SM-GE4RV_S123_E1-50,7.773220450168159,-3.031970590598661,E1
SM-GE4SJ_S074_E1-50,8.829059021014936,-1.8152840050020296,E1
SM-GE937_S103_E1-50,5.627849131859442,-2.2184384313019745,E1
SM-GE8XQ_S016_E1-50,7.305472229293405,0.5750671094312632,E1
SM-GE8XW_S026_E1-50,9.238735357270862,-0.8312775956040901,E1
SM-GE93P_S033_E1-50,6.796641813702572,-0.6190071287684213,E1
SM-GE8XZ_S153_E1-50,11.488331384577464,7.757535722816228,E1
SM-GE65D_S157_E1-50,85.99985462691593,-0.8528451178226795,E1
SM-GBMG3_S021_E1-50,6.878008579941599,0.2583835329338211,E1
SM-GE8WX_S062_E1-50,6.7959841774673775,-0.909376751223202,E1
SM-GBMG3_S062_E1-50,6.582848942029099,1.7560192632030984,E1
SM-GE4RV_S161_E1-50,7.619776081983424,-0.7444728319104585,E1
SM-GE5O8_S030_E1-50,6.9470722373567355,-0.3971972154524429,E1
SM-GE5QL_S159_E1-50,6.369001818222878,0.8217349564949923,E1
SM-GE4RN_S074_E1-50,9.382076895882866,1.4183458231274189,E1
SM-GE5OW_S110_E1-50,7.329065964674742,-0.8077907814725342,E1
SM-GE8WX_S092_E1-50,8.182006109054917,-1.2346066478406312,E1
SM-GE8XF_S055_E1-50,6.386182074048573,-1.6649730847894546,E1
SM-GE8XQ_S075_E1-50,7.763288246330736,-0.6006091378502505,E1
SM-GE5OS_S183_E1-50,6.6975700317153075,-1.4908725422124132,E1
SM-GE4QQ_S146_E1-50,7.445370731998177,-1.001751470858235,E1
SM-GE4VK_S075_E1-50,7.359910027440509,6.467220235447343,E1
SM-GE4RS_S025_E1-50,9.437433914319454,0.3813124014506466,E1
SM-GE95M_S043_E1-50,6.726781912864281,1.2567282252654526,E1
SM-J39WH_S707_E1-50,7.145035806426672,-3.3117045193876207,E1
SM-GE8X2_S192_E1-50,6.704246741047642,-1.499778034772008,E1
SM-GE63H_S101_E1-50,5.522837640994042,-1.5518920169762374,E1
SM-GE64F_S183_E1-50,6.924821198668056,1.8445794129286803,E1
SM-GE4RS_S022_E1-50,10.118696555712887,-0.33831270564833404,E1
SM-GE4RI_S183_E1-50,7.209714851342039,1.3834618232875229,E1
SM-GE4Y5_S105_E1-50,6.536343991854495,-2.123027656967465,E1
SM-GE67G_S124_E1-50,51.427458483426996,-1.4122925910094482,E1
SM-GE65H_S023_E1-50,7.768473318353726,7.816476272824812,E1
SM-GE8YI_S021_E1-50,7.150989267417024,-0.854532679421556,E1
SM-GE8YB_S052_E1-50,8.885467200822198,0.3138698756320799,E1
SM-GE8ZP_S182_E1-50,6.441287328026366,-1.4806809020463731,E1
SM-GE5UQ_S143_E1-50,6.632680971450692,-0.39478271431403933,E1
SM-GE5OS_S180_E1-50,7.668402691996986,1.851148903353222,E1
SM-GE8Y4_S133_E1-50,9.484330163875098,0.313986781328383,E1
SM-GE4W2_S168_E1-50,6.471692987259453,1.614972099044835,E1
SM-GE4VK_S073_E1-50,7.342807439603039,1.0223808442142956,E1
SM-GE92A_S049_E1-50,84.67632879874182,-1.3062269436920906,E1
SM-GE4XY_S021_E1-50,6.511028618917647,-0.71787817678744,E1
SM-GE5QL_S154_E1-50,7.015104145919657,-2.427624931109524,E1
SM-GE95M_S041_E1-50,7.827318645899009,-0.8252601316593481,E1
SM-GE62S_S113_E1-50,6.663870996162555,-1.8682009922896068,E1
SM-GE92A_S092_E1-50,7.055671639884909,-1.4904961252635534,E1
SM-GE681_S070_E1-50,6.7341162566927135,-0.5045707781226326,E1
SM-GE8XQ_S009_E1-50,7.626315444531284,-1.2876532672833056,E1
SM-GE4RS_S133_E1-50,8.03446106313277,3.6439936038983074,E1
SM-GE4RC_S077_E1-50,6.72099149561891,-0.5201176753029566,E1
SM-GE4Y5_S125_E1-50,6.8841607030413625,-0.9594310987754833,E1
SM-GE936_S054_E1-50,6.856997538105168,6.789543775001162,E1
SM-GE95N_S139_E1-50,9.29131992860724,-0.2393514151656848,E1
SM-GE8XZ_S134_E1-50,7.76569606758335,8.69746216326954,E1
SM-GE4Q8_S051_E1-50,7.039281824180902,0.14308587751374224,E1
SM-GE64T_S116_E1-50,6.329861467986123,1.1097615194440984,E1
SM-GE66E_S135_E1-50,9.810852331459913,-1.6871279053558381,E1
SM-GE4RI_S186_E1-50,7.548102102682796,-1.3599205882663694,E1
SM-GE953_S011_E1-50,6.0589075486720745,-2.542524710600941,E1
SM-GE63H_S098_E1-50,5.880866106145233,-0.9980818492178546,E1
SM-GE5P3_S058_E1-50,6.45409565368318,-1.0771273896294338,E1
SM-GE4Y5_S191_E1-50,6.380831104361435,-3.3279915122044486,E1
SM-J39ZH_S513_E1-50,6.068157542036426,-1.8438085368716362,E1
SM-J39ZH_S088_E1-50,9.10378118441178,1.4923433359728697,E1
SM-GE5OW_S156_E1-50,7.5700847814332946,-2.142170353883739,E1
SM-GE92K_S186_E1-50,6.418660358380013,-2.232653046677558,E1
SM-GE5W2_S019_E1-50,6.949978898761957,-0.5053841096992907,E1
SM-GE681_S065_E1-50,6.6591800474891345,-2.0975519308690815,E1
SM-GE8XQ_S120_E1-50,7.727671150246689,-0.643156685484163,E1
SM-GE5TM_S159_E1-50,-2.521012922918654,-2.040882331853287,E1
SM-GE5VR_S143_E1-50,6.7571465050890405,-2.213594047387552,E1
SM-GE4QN_S176_E1-50,8.012062707009843,-0.598731819284139,E1
SM-GE92K_S103_E1-50,3.9172211348490724,-0.5099895103840323,E1
SM-GE8X4_S133_E1-50,6.050375950847182,-3.2640868459080536,E1
SM-GE8XW_S024_E1-50,8.332941432081505,-1.1859319414814211,E1
SM-GE5W2_S013_E1-50,6.317896363183468,-2.870885576574461,E1
SM-GE8XZ_S159_E1-50,7.158562347351548,-1.0859317479025161,E1
SM-GE4VK_S072_E1-50,6.913416277749904,2.903693224613063,E1
SM-GE93J_S070_E1-50,5.771937799961808,-3.251480807269629,E1
SM-GE5UQ_S104_E1-50,8.949781154760307,5.146694530130385,E1
SM-GE666_S023_E1-50,7.794708537609333,-0.6519191703323282,E1
SM-GE8ZI_S190_E1-50,4.393058558004588,-0.8638377304700314,E1
SM-GE5UQ_S123_E1-50,7.979946781828459,5.795536230308851,E1
SM-GE681_S041_E1-50,4.614416232894451,-1.5593013622918628,E1
SM-GE8WX_S060_E1-50,4.432472903468932,13.672555054356826,E1
SM-GE672_S032_E1-50,4.108392180251438,-2.317478233766825,E1
SM-GE95A_S059_E1-50,0.027704588140994524,-3.699393316971129,E1
SM-GE4QZ_S140_E1-50,8.376527799136873,1.5736378141924876,E1
SM-GE5TM_S172_E1-50,6.193291748782617,-1.5287018480661845,E1
SM-GE4QN_S146_E1-50,6.3984731030687,5.638885372059059,E1
SM-GE63H_S179_E1-50,5.336766186779623,-3.387180320972077,E1
SM-GE5OG_S015_E1-50,7.2726727396181134,-1.1229344169231978,E1
SM-GE94H_S098_E1-50,4.474100342947551,-1.4610960619227318,E1
SM-GE8Y4_S107_E1-50,6.738081766510572,-1.247950940207825,E1
SM-GE94J_S086_E1-50,6.9160126859015385,13.017897676998258,E1
SM-GE5TI_S130_E1-50,6.812420304891454,-0.8686138886237229,E1
SM-J39ZH_S508_E1-50,7.031703217967254,-1.0847535530376664,E1
SM-GE953_S075_E1-50,279.97787327377193,-1.9845758804897549,E1
SM-GE64F_S130_E1-50,7.649250968522814,7.888198621778394,E1
SM-J3A1L_S603_E1-50,7.004162591395487,-2.09472670856968,E1
SM-GE8ZI_S186_E1-50,6.7637690844214795,-2.216403306423782,E1
SM-GE5V9_S175_E1-50,6.673170253706646,-2.0611442718861808,E1
SM-GE92A_S065_E1-50,3.6905842610560353,-2.3718637163824106,E1
SM-GE5VR_S109_E1-50,7.409480911277601,-1.958628580166846,E1
SM-GE8XZ_S172_E1-50,6.484710640467215,-1.3477102044477745,E1
SM-GE8YK_S092_E1-50,6.727587714772208,1.7037273626137595,E1
SM-GE8X2_S123_E1-50,4.8187118159883955,-2.1814543084226203,E1
SM-GE5U8_S081_E1-50,6.609767701643091,-1.6334744934253238,E1
SM-GE92Y_S056_E1-50,6.594058927379665,-2.069117487475006,E1
SM-GE953_S052_E1-50,6.085985458735326,14.607764792181785,E1
SM-GE8Y4_S131_E1-50,9.783370689774689,-0.9070130003500174,E1
SM-GE5TM_S133_E1-50,1.073017408829041,-1.8483945393343726,E1
SM-GE8XZ_S162_E1-50,6.725823044772678,-1.7998833510349783,E1
SM-GE8YR_S187_E1-50,7.230715027014855,-2.116798041786571,E1
SM-GE4Q2_S152_E1-50,8.683801705818631,-0.9885387921883129,E1
SM-GE4RN_S056_E1-50,7.517215017669125,0.19791873185783682,E1
SM-GE5UX_S163_E1-50,8.331662724704143,1.8261155024254012,E1
SM-GE94J_S038_E1-50,6.413657733623859,0.34527393247563176,E1
SM-GE94H_S101_E1-50,6.787527139879795,0.058255222739314494,E1
SM-GE5PA_S168_E1-50,7.270396987340684,-1.63350936071269,E1
SM-GE4RS_S146_E1-50,7.071923751618738,-1.861170663344641,E1
SM-GE5U8_S013_E1-50,8.667011976115367,-2.101699897581992,E1
SM-GE5OG_S010_E1-50,6.700308729927898,-2.3913493107369796,E1
SM-GE5QL_S109_E1-50,7.535257620244734,-1.7339197083172524,E1
SM-GE5VE_S049_E1-50,6.2994283436402805,-0.7204608950292611,E1
SM-J39WD_S119_E1-50,7.119848408894545,-0.9472305591916645,E1
SM-GE5UU_S031_E1-50,6.582726983851248,-2.3778674977136793,E1
SM-GE4RS_S104_E1-50,6.437980167498889,-1.2026009932178139,E1
SM-GE5TM_S128_E1-50,4.465561586004593,-2.3602111654362994,E1
SM-GE93V_S032_E1-50,8.67913334858842,-0.8369082526518423,E1
SM-GE953_S031_E1-50,6.068823297636014,2.130377377622877,E1
SM-GE4RN_S085_E1-50,9.986635898186147,4.750938445879796,E1
SM-GE92A_S060_E1-50,8.24923721726602,-1.3898188628396624,E1
SM-GE8YF_S065_E1-50,8.68621291029068,-2.053812600808573,E1
SM-GE94B_S126_E1-50,6.792841779547125,8.439736122773825,E1
SM-GE95N_S172_E1-50,7.834622198253591,3.1491363662775917,E1
SM-GE63H_S135_E1-50,7.079178336745144,0.49434763740965604,E1
SM-GE8YZ_S179_E1-50,8.469917455874363,2.026252663127515,E1
SM-GE5O8_S015_E1-50,7.859422630474039,0.04213322153409993,E1
SM-GE5VE_S033_E1-50,6.573864479390937,3.8872525426397155,E1
SM-GE8XQ_S054_E1-50,7.283577428842704,-1.5258989487430203,E1
SM-GE5VE_S021_E1-50,6.659498918208097,0.0815326717238889,E1
SM-GE5U8_S083_E1-50,6.901658403987222,-1.480613138488543,E1
SM-GE5V9_S153_E1-50,7.604607202990516,-1.611762858864103,E1
SM-GE5QL_S118_E1-50,7.2381584243632435,-0.947512174588762,E1
SM-GE65R_S027_E1-50,5.4426364195902295,-1.967819423517451,E1
SM-GE5TM_S099_E1-50,7.080616609076272,-0.2600762782895041,E1
SM-GE4RS_S147_E1-50,7.990302992580969,0.39127447308060725,E1
SM-GE652_S136_E1-50,7.86369663366096,8.434970675318095,E1
SM-GE4RC_S088_E1-50,9.392965339263899,2.226309529561747,E1
SM-GE66Q_S041_E1-50,7.378922283665487,-0.45044731432866136,E1
SM-GE5PA_S086_E1-50,7.438281816724357,-0.06841215729606143,E1
SM-GE67S_S138_E1-50,6.451557594628408,-2.0522697642657945,E1
SM-GE94H_S125_E1-50,6.185440809367133,-2.883083592329413,E1
SM-GE8X2_S151_E1-50,7.366635778745006,-0.9612752430752752,E1
SM-GE5U8_S090_E1-50,6.7211328492436095,-1.6713382147302207,E1
SM-GE8ZI_S151_E1-50,7.613853418401599,-1.8967593587140108,E1
SM-GE67S_S140_E1-50,-540.7500249634097,-1.6008636464049588,E1
SM-GE4S1_S149_E1-50,10.9737121591899,1.266604636430148,E1
SM-GE8YF_S090_E1-50,7.028275753502108,1.040039179681432,E1
SM-GE5TI_S118_E1-50,6.146455201790637,-1.2504577891960271,E1
SM-GE4RS_S119_E1-50,7.238622492752578,-0.8196490747992089,E1
SM-GE95M_S083_E1-50,6.537091525906432,0.20415280895449306,E1
SM-GE5TI_S105_E1-50,8.004600726638735,-1.2375572057412956,E1
SM-GE66C_S115_E1-50,6.726744125995133,0.8354959197153637,E1
SM-GE95M_S069_E1-50,7.151772006039955,-0.37569385450190795,E1
SM-GE65C_S137_E1-50,6.481437581571637,-0.08666330867814775,E1
SM-GE4QN_S155_E1-50,6.250871652509464,0.05157090271928366,E1
SM-GE936_S048_E1-50,7.077647154878465,0.17908082600496167,E1
SM-GE4Q2_S153_E1-50,7.255977947657815,-1.6534852415027443,E1
SM-GE94B_S128_E1-50,7.046845873837601,-0.489945368188925,E1
SM-GE5OW_S129_E1-50,8.626489249709573,0.2062511626979664,E1
SM-GE93V_S054_E1-50,6.675165306673255,-1.5134215266204685,E1
SM-GE8WX_S046_E1-50,2.7150916602568733,-1.9912569736895598,E1
SM-GE936_S064_E1-50,7.628742324699833,3.6481403479497443,E1
SM-GE5TO_S187_E1-50,6.204938883243906,-2.088203619047656,E1
SM-GE5OS_S181_E1-50,7.294050750418398,0.8613677384525822,E1
SM-GE8XQ_S184_E1-50,8.443703575290943,-1.3457739616755302,E1
SM-GE63H_S159_E1-50,7.168917326780855,-0.7152815688048179,E1
SM-GE8XQ_S114_E1-50,7.509802053646084,-1.5051592685876423,E1
SM-GE5U1_S158_E1-50,6.884864069570033,0.4460009066603703,E1
SM-GE8XZ_S176_E1-50,7.036890664432122,0.002400666044031219,E1
SM-GE8YZ_S185_E1-50,5.54430004263732,-2.456832059462135,E1
SM-GE8YI_S053_E1-50,6.218990753115285,-1.7032848981081044,E1
SM-GE5P3_S075_E1-50,7.4173853641298875,-1.0070916328565525,E1
SM-GE8YF_S091_E1-50,7.475154722594109,0.3322177935394979,E1
SM-GE63O_S065_E1-50,6.203195252603868,-0.5987867901329889,E1
SM-GE95N_S188_E1-50,8.722325849153382,0.07419438069933726,E1
SM-GE64F_S147_E1-50,5.968422507165495,-1.2428732450263433,E1
SM-GE8Y4_S158_E1-50,5.224092640606724,-2.003709906932781,E1
SM-GE4X5_S322_E1-50,7.5676689290919885,-0.6751472883821084,E1
SM-GE65C_S105_E1-50,7.445495870746865,1.406990373853905,E1
SM-GE5TI_S166_E1-50,7.347070655827336,-1.310684616984654,E1
SM-GE4XY_S192_E1-50,7.230361586407575,-2.1508085868713387,E1
SM-GE4QQ_S173_E1-50,7.823506300717588,1.2958219255658643,E1
SM-GE5O8_S041_E1-50,8.351363980528813,-1.249274675620412,E1
SM-J39ZH_S486_E1-50,5.635186641881453,8.185850354423325,E1
SM-GE5UX_S138_E1-50,6.860665302096462,-1.0354798268277374,E1
SM-GE8WX_S029_E1-50,6.1058542923429515,-2.1439632349948057,E1
SM-GE8YF_S079_E1-50,7.73915980596533,4.1783936849250916,E1
SM-GE8YI_S022_E1-50,6.775638078891434,-1.0570797368701377,E1
SM-GE5VE_S088_E1-50,8.306913943067492,-1.084833032380769,E1
SM-GE5UU_S026_E1-50,7.085817931097247,-3.3126990735024577,E1
SM-GE92K_S149_E1-50,6.628107454906049,-0.3275624976673538,E1
SM-GE5QL_S134_E1-50,5.63203644204563,-1.4027756387651507,E1
SM-GE8X4_S108_E1-50,7.461548375804525,-0.7660924398444361,E1
SM-GE4QF_S016_E1-50,8.857679734826796,0.26179083583501406,E1
SM-GE8ZX_S121_E1-50,8.139052373843704,1.1885736585415605,E1
SM-GE8WR_S075_E1-50,7.79718837741914,14.087884652343806,E1
SM-GE5P3_S047_E1-50,8.664405114598605,2.4432689406378936,E1
SM-GE5TI_S187_E1-50,7.890052266529043,-1.6625441393606732,E1
SM-GE918_S041_E1-50,0.22088156627107214,-0.9056192879264933,E1
SM-GBMG3_S012_E1-50,6.4022533437935625,-1.7825103835011513,E1
SM-GE4RS_S106_E1-50,7.2596461611413075,-1.3742378691188142,E1
SM-GE66H_S032_E1-50,7.633053214394018,2.2046248500645094,E1
SM-GE5TS_S121_E1-50,5.351510814041477,-1.127178496386427,E1
SM-GE5QE_S034_E1-50,7.455358418293644,-1.7843462983598544,E1
SM-GE94R_S190_E1-50,6.559956138662167,2.2641633690979246,E1
SM-GE8WR_S045_E1-50,8.33287192261299,-0.1444002450544447,E1
SM-GE8WI_S163_E1-50,7.423251854951608,4.320332318975796,E1
SM-GE8WR_S006_E1-50,5.830278466467884,-0.6951867289140026,E1
SM-GE5P3_S064_E1-50,7.061458123689289,-2.132689220881798,E1
SM-GE932_S006_E1-50,6.5317076930638525,-1.9550218154066843,E1
SM-GE5U1_S156_E1-50,6.753992868963161,-0.4985786077954193,E1
SM-GE4Q7_S185_E1-50,8.63422790099509,-0.453084249859087,E1
SM-GE5OS_S132_E1-50,7.587725294749023,1.556986002698036,E1
SM-GE94J_S016_E1-50,6.588354806700862,-1.61788328305949,E1
SM-GE5VR_S186_E1-50,7.214599393627579,-1.062338887006566,E1
SM-GE5OS_S148_E1-50,7.652365565914031,-0.16760418462791404,E1
SM-GE936_S085_E1-50,7.096472635534471,0.04109192939554607,E1
SM-GE95N_S189_E1-50,7.615853043430875,0.35013210556227015,E1
SM-J39RO_S267_E1-50,7.824683982412021,1.5574585479173162,E1
SM-GE95M_S028_E1-50,7.9693152832241365,11.025443334185281,E1
SM-GE63H_S102_E1-50,5.489327425221525,7.197917423696096,E1
SM-GE63V_S098_E1-50,6.78025407044244,-1.5028096304958785,E1
SM-GE66H_S036_E1-50,7.480488610267108,8.39377468708558,E1
SM-GE4S1_S185_E1-50,6.98848180967662,-1.9158651861054374,E1
SM-GE4RC_S059_E1-50,7.329213602773243,0.35145286414574417,E1
SM-GE5TS_S125_E1-50,7.586525201684344,-1.5686674614012446,E1
SM-GE5QL_S167_E1-50,7.136807622101182,-1.2827531032714017,E1
SM-GE4QZ_S116_E1-50,6.813531166401635,-2.104378828560689,E1
SM-GE4QF_S082_E1-50,4.494943178910324,-3.1026439129354966,E1
SM-GE92K_S162_E1-50,5.752161205211107,0.13754333701229227,E1
SM-GE95M_S056_E1-50,7.132430689945838,-1.466078858852694,E1
SM-GE953_S021_E1-50,7.28252851922209,-1.9345210406320898,E1
SM-GE681_S068_E1-50,6.197780585192467,-1.9061364913995458,E1
SM-GE918_S038_E1-50,7.095108888764412,-0.9824311837814459,E1
SM-GE4QF_S014_E1-50,6.81146274920646,1.5419106036627948,E1
SM-GE5OM_S089_E1-50,7.265638738311718,-1.4472576603087914,E1
SM-GE4QF_S011_E1-50,6.83276823644762,-2.094496779940836,E1
SM-GE918_S014_E1-50,-2.0911856530870843,-1.8082008750006617,E1
SM-GE5O8_S029_E1-50,6.313890501543356,0.18275268833703073,E1
SM-GE5VR_S101_E1-50,7.640037286309426,-1.3234804597825733,E1
SM-GE65Z_S052_E1-50,7.299332215174189,0.6499826482152844,E1
SM-GE8ZC_S140_E1-50,25.19082713790963,-1.9003139036608374,E1
SM-GE5V2_S016_E1-50,8.325905961918115,-0.012158938625832505,E1
SM-GE8Y4_S146_E1-50,7.698860957694425,-1.6575043797583997,E1
SM-GE5P3_S081_E1-50,7.311608262071976,0.781494319907962,E1
SM-GE4QN_S169_E1-50,6.72260231375412,-1.3456926334444848,E1
SM-GE93J_S017_E1-50,6.594743661832341,11.065736955805958,E1
SM-GE8XF_S059_E1-50,6.690251750210876,0.3026773594277383,E1
SM-GE8XF_S045_E1-50,8.610186316030694,-1.3560310359168284,E1
SM-GE5TS_S100_E1-50,5.443372270813473,-0.1874552217735519,E1
SM-GE652_S171_E1-50,6.882058468595826,0.5435740330315844,E1
SM-GE4WN_S072_E1-50,6.375952855859389,0.0509053483760713,E1
SM-GE4QV_S081_E1-50,7.8381126305625575,-0.33466731246407877,E1
SM-GE66Q_S014_E1-50,4.465224259203112,-1.657673199891979,E1
SM-GE8YR_S168_E1-50,0.10669858617895578,-2.132872087625006,E1
PS0817_E1-50_S46,5.079636958666678,-2.0520834615459798,E1
SM-J39RG_S206_E1-50,8.158695047541597,12.95985663389619,E1
SM-GE8XQ_S039_E1-50,7.693634019578401,-0.8024405066961195,E1
SM-GE4RN_S071_E1-50,9.77439083374048,2.6500947226432983,E1
SM-GE8YI_S020_E1-50,7.587676637066979,0.3329016138994212,E1
SM-GE4VR_S100_E1-50,8.640058063946471,0.17833274993323855,E1
SM-GE8YI_S062_E1-50,-520.2036428983547,-1.914930731521126,E1
SM-GE4VR_S165_E1-50,8.030181328305984,-0.32440920425641384,E1
SM-GE4QF_S060_E1-50,7.1335725488929835,-0.4736346098845915,E1
SM-GE5V2_S042_E1-50,5.565342892380579,0.3050657124650342,E1
SM-GE8XQ_S153_E1-50,8.65844913801503,-0.9000522474305389,E1
SM-GE5P3_S041_E1-50,4.879988089088785,-0.5760909588292689,E1
SM-GE8YI_S070_E1-50,5.615525139375558,14.236629774659084,E1
SM-GE95A_S064_E1-50,6.866944436707415,-2.053042520530672,E1
SM-GE5PA_S135_E1-50,7.438316513946823,-2.328253680928507,E1
SM-GE5TS_S122_E1-50,7.056175917938179,-1.3045094160587227,E1
SM-GE666_S030_E1-50,6.762259150984016,2.3303651399645515,E1
SM-GE5PA_S166_E1-50,7.81663947414375,0.4889350313722862,E1
SM-GE8X2_S160_E1-50,6.106681175455123,-1.4733557190410513,E1
SM-GE5VE_S067_E1-50,7.361269977694153,-0.3144903192207119,E1
SM-GE67K_S097_E1-50,7.971724420388745,-0.5467370521661078,E1
SM-GE95A_S026_E1-50,7.2478533121376225,-1.0634386616633105,E1
SM-GE5OS_S149_E1-50,7.640858529433184,-0.20501497383980116,E1
SM-GE918_S079_E1-50,6.50903684820414,-2.6109464377400977,E1
SM-GE8YZ_S173_E1-50,0.9341387090932649,-1.6053565158464114,E1
SM-GE67S_S098_E1-50,7.450194308803683,-1.0427528016345387,E1
SM-GE64V_S117_E1-50,-672.9253002330661,-0.4175623297927332,E1
SM-GE4VR_S141_E1-50,6.7705162597541255,-0.061207928820233626,E1
SM-GE5VJ_S026_E1-50,8.15405143172014,-0.2722335614055311,E1
SM-GE5UU_S070_E1-50,6.939998075544594,10.36617614194196,E1
SM-GE8XQ_S140_E1-50,7.443420810019371,-1.5835962716020364,E1
SM-GE8XQ_S148_E1-50,8.269224879736342,-0.002317549997822299,E1
SM-GBMG3_S033_E1-50,7.011371415184734,-2.5212418877569664,E1
SM-GE8XW_S005_E1-50,7.972704566276537,2.7912017229023354,E1
SM-GE95N_S150_E1-50,9.297395920377532,1.556796886440101,E1
SM-GE5P3_S038_E1-50,5.828773654891689,0.7411160045413017,E1
SM-GE5VR_S106_E1-50,8.153620519320137,-1.4445593822879232,E1
SM-GE94J_S044_E1-50,2.544422707745224,0.9231609686334825,E1
SM-GE8XZ_S114_E1-50,7.92672493413677,-0.4612892651194518,E1
SM-GE8XQ_S170_E1-50,6.728341807827705,-2.4659683053453367,E1
SM-GE4QV_S086_E1-50,7.2723078558685925,-1.1517170651381776,E1
SM-GE63V_S162_E1-50,4.554284221597714,0.5486509316426045,E1
SM-GE91Q_S033_E1-50,-0.313052139192294,-1.767277223750166,E1
SM-GE8YB_S064_E1-50,8.562271487540205,-0.9479774018638577,E1
SM-GE8YF_S037_E1-50,9.003996594184347,-0.038472385485315286,E1
SM-GE932_S095_E1-50,6.755512713354798,-1.6285212733945198,E1
SM-GE5TI_S192_E1-50,6.869199336903967,-1.2759995281281769,E1
SM-GE4Q2_S128_E1-50,7.064567767584404,-0.6356056726256698,E1
SM-GE95N_S136_E1-50,6.8241075925630374,-1.4407975478563728,E1
SM-GE5O8_S045_E1-50,7.820708815105482,-1.4745204378359116,E1
SM-GE67R_S002_E1-50,6.86696017498907,-1.4912011631089928,E1
SM-GE63H_S156_E1-50,6.357584172220503,-0.8965154490705014,E1
SM-GE91V_S132_E1-50,0.4479117852190768,2.697188934873804,E1
SM-GE5QL_S133_E1-50,6.938502045304931,-1.1440213465308133,E1
SM-GE8XW_S079_E1-50,7.017335195314029,-2.4442736403031065,E1
SM-GE8ZI_S159_E1-50,6.343588101914981,-2.063030062918936,E1
SM-GE65R_S036_E1-50,6.406264599093652,-2.306353031378782,E1
SM-GE67B_S147_E1-50,3.2773010299049723,-2.1087906341918243,E1
SM-GE62S_S111_E1-50,6.911984410043276,-1.94389657965578,E1
SM-GE8WI_S167_E1-50,7.792964065001526,-0.2670521519692648,E1
SM-GE681_S066_E1-50,7.202523744063618,-1.7039175360479324,E1
SM-GE5TI_S106_E1-50,7.751274624629002,-0.8078872286923113,E1
SM-GE67G_S097_E1-50,139.3802729895163,-1.273673117536709,E1
SM-GE4RN_S078_E1-50,8.362521460948624,-0.6223852652335042,E1
SM-GE8ZC_S136_E1-50,6.7812922226077825,3.5839751340789805,E1
SM-GE672_S085_E1-50,6.831747327462362,-2.3329491849086628,E1
SM-GE5VE_S052_E1-50,7.579885135183687,-1.4380480058325675,E1
SM-GE5P3_S087_E1-50,6.995823349363166,-1.587894364850456,E1
SM-GE953_S054_E1-50,6.685830456415266,9.288028772059226,E1
SM-GE5U8_S033_E1-50,6.583409680411925,-1.0204697535016942,E1
SM-GE937_S118_E1-50,6.488097421853928,9.866826408113218,E1
SM-GE8YK_S001_E1-50,3.9429793259295933,10.003979334300995,E1
SM-J39TJ_S285_E1-50,7.230769356784305,-0.4846562744409252,E1
SM-GE8ZC_S121_E1-50,6.335301665701388,6.36088449378178,E1
SM-GE5TM_S170_E1-50,7.050207129131946,-0.8980622539912199,E1
SM-GE5P3_S046_E1-50,6.7639153726984675,-1.7299661370281718,E1
SM-GE5UX_S175_E1-50,7.162153859993234,-2.3987104576973914,E1
SM-GE93V_S015_E1-50,6.774319300665876,-0.26908900938687175,E1
SM-GE4Q7_S165_E1-50,8.91437248168654,0.13388532800827124,E1
SM-GE4QF_S096_E1-50,9.53588177639144,2.166586945517304,E1
SM-GE63O_S034_E1-50,6.416137565188532,1.109949474830455,E1
SM-GE5VJ_S046_E1-50,8.17283879108406,2.255621850059584,E1
SM-GE8ZI_S157_E1-50,6.7073794809408,-1.6121028394071268,E1
SM-GE8ZI_S155_E1-50,16.924096060674216,-1.4048849039401543,E1
SM-GE5UQ_S144_E1-50,7.240227817725019,-0.31532010903431196,E1
SM-GE5VJ_S067_E1-50,8.148464034087043,4.505876170619844,E1
SM-GE5V2_S022_E1-50,7.726484466072714,-1.3738755688069588,E1
SM-GE8XQ_S035_E1-50,-0.9200872729061524,1.5351871126169339,E1
SM-GE8ZC_S099_E1-50,7.26936520636347,-2.0976890673352817,E1
SM-GE66Q_S036_E1-50,5.40304932897409,-1.8690895198444535,E1
SM-GE8XZ_S110_E1-50,9.087107293904076,-0.34390106399518816,E1
SM-GE5UX_S121_E1-50,8.925980580873283,0.40606802762038074,E1
SM-GE91I_S066_E1-50,7.384231723484456,1.236013086816205,E1
SM-GE5OM_S063_E1-50,12.483098874874432,-1.218423573687171,E1
SM-GE4QD_S068_E1-50,7.2176699911946685,3.221655159155529,E1
SM-GE4RI_S180_E1-50,7.012796007863705,-1.27973296465636,E1
SM-GE95M_S078_E1-50,6.65432557553919,0.4528654303838522,E1
SM-GE5VE_S032_E1-50,6.8240033823090815,-0.6347355060561675,E1
SM-GE5VE_S030_E1-50,6.753887159941777,-0.7276459735296299,E1
SM-GE8YZ_S118_E1-50,7.831230799360613,-0.7229460452790639,E1
SM-GE4QV_S022_E1-50,7.086372274513976,-0.8774918260450113,E1
SM-GE953_S073_E1-50,6.468194994195301,-1.3920839894211388,E1
SM-GE5V2_S039_E1-50,7.920323948979743,-0.5134665049209006,E1
SM-GE5TI_S191_E1-50,6.8247744227006315,-2.299902894999577,E1
SM-GE8YI_S040_E1-50,-2.1475819200229296,-2.624169832291634,E1
SM-GE5TS_S138_E1-50,2.7564837098255426,-2.0898497775154197,E1
SM-GE5OM_S083_E1-50,6.50838445817977,-1.400835690998898,E1
SM-GE93B_S019_E1-50,2.587270265350635,-3.5368333458845935,E1
SM-GE94H_S162_E1-50,6.799644233927802,-2.9522699749070416,E1
SM-GE5V9_S149_E1-50,7.347621087011336,-0.2382515085542657,E1
SM-GE5UQ_S101_E1-50,5.935938626315503,12.2800746525586,E1
SM-GE8WX_S036_E1-50,6.408940447939161,3.3229513324420594,E1
SM-GE8YK_S039_E1-50,0.4214103012114938,-2.8375892231733175,E1
SM-GE5U1_S164_E1-50,6.344278572536542,-1.577089785868183,E1
SM-GE64F_S166_E1-50,7.1409367639989725,0.6088227146926741,E1
SM-GE5U8_S096_E1-50,7.916906993319469,0.0704165801631127,E1
SM-GE67R_S008_E1-50,5.923523767546136,1.3187650292236774,E1
SM-GE94H_S179_E1-50,6.015560100212197,0.3255962904592671,E1
SM-GE4Y5_S130_E1-50,6.024177928939096,4.311631002238446,E1
SM-GE8WR_S001_E1-50,-2.106908031574598,-2.613909843214525,E1
SM-GE94J_S048_E1-50,3.9696496808469695,-2.3038800149294154,E1
SM-GE5VJ_S042_E1-50,8.902153291460808,-1.163924500472195,E1
SM-GE8YK_S014_E1-50,7.796321674943187,-3.094806838958049,E1
SM-GE8YF_S054_E1-50,7.9241851844095015,0.2935335307736451,E1
SM-GE8XZ_S143_E1-50,8.668090397509623,-1.6244678235314935,E1
SM-GBMG3_S014_E1-50,7.262911570818104,-1.4953848823853808,E1
SM-GE918_S082_E1-50,8.567209012755924,-0.14668021510848162,E1
SM-GE4Q7_S113_E1-50,7.819054918024652,-0.49843955718769994,E1
SM-GE5OW_S130_E1-50,9.06092064441373,0.6610875453008915,E1
SM-GE93P_S090_E1-50,5.150736776982295,-2.0152837493366533,E1
SM-GE5TS_S150_E1-50,6.822635750984377,-0.39377645766734026,E1
SM-GE95M_S005_E1-50,7.78394822774732,-0.7512398539195382,E1
SM-GE4QD_S034_E1-50,7.376454297729662,-1.334985542498519,E1
SM-GE8XQ_S118_E1-50,7.506585823268978,-1.0547857869419324,E1
SM-GE5U8_S034_E1-50,6.178028678044875,0.8036195357669962,E1
SM-GE91V_S174_E1-50,-0.5183480779412077,-1.2092311157836177,E1
SM-GE5VE_S015_E1-50,6.361499570280286,-1.8686151787167455,E1
SM-GE64F_S153_E1-50,6.829579878314388,0.02733508555544839,E1
SM-GE67G_S116_E1-50,7.697871416875079,-0.3752635614663019,E1
SM-GE672_S161_E1-50,9.600239719333388,-1.1350856233104516,E1
SM-GE8X7_S125_E1-50,6.569845504619043,-0.8954060818520924,E1
SM-GE5OS_S178_E1-50,6.767192952009012,-1.1729525895286175,E1
SM-GE5OS_S188_E1-50,9.28076571812932,-1.9657569456530115,E1
SM-GE93V_S019_E1-50,8.140816015843939,8.610700948440543,E1
SM-GE62S_S110_E1-50,4.941207726709011,-0.03960382713085031,E1
SM-GE4RC_S084_E1-50,6.689298685227925,-2.480663012685252,E1
SM-GE953_S080_E1-50,5.192194619534098,-1.8010813442777223,E1
SM-GE67R_S016_E1-50,7.122956466463078,2.3501057881629173,E1
SM-GE5QL_S160_E1-50,7.413428129582107,-1.2855848391599394,E1
SM-GE5QL_S121_E1-50,7.610890276452026,-0.43055927542563666,E1
SM-GBMG3_S047_E1-50,-1255.4177408415826,0.38078367480182984,E1
SM-GE95N_S167_E1-50,6.623169073408033,1.2773141416551053,E1
SM-GE8YB_S049_E1-50,7.457163004307826,-1.1013326803593984,E1
SM-GE91Q_S041_E1-50,6.270983400041286,-0.7514182523512497,E1
SM-GE4Q8_S089_E1-50,6.942587377858971,0.40138796199089843,E1
SM-GE5U8_S084_E1-50,6.868833883563818,-0.6157550081460204,E1
SM-GE5PA_S169_E1-50,6.266681484594726,-0.9293381049571469,E1
SM-GE4RS_S045_E1-50,8.614173999772882,-2.037630260473733,E1
SM-GE95A_S057_E1-50,4.605942325312119,-3.2040375862854455,E1
SM-GE5OM_S051_E1-50,8.007717576366506,-0.7042723713053889,E1
SM-GE8Y4_S148_E1-50,8.062276125720539,7.033806646770878,E1
SM-GE94R_S133_E1-50,7.290972127644686,-2.096736395937792,E1
SM-GE4Q8_S053_E1-50,7.331955503890573,-1.486833205361708,E1
SM-GE95A_S088_E1-50,6.151316557782062,-2.954456355073157,E1
SM-GE94R_S147_E1-50,6.315376635163644,-0.959548477263529,E1
SM-GE66E_S143_E1-50,0.8424022992649896,-0.9148719094562281,E1
SM-GE5VR_S140_E1-50,7.5972227760681275,-3.0867883802407414,E1
SM-GE8YB_S039_E1-50,141.90040386506513,-1.2744760918378808,E1
SM-GE63H_S190_E1-50,7.994625951281326,-0.5046552641564898,E1
SM-GE5PA_S074_E1-50,8.102068837203065,-1.0338229596434783,E1
SM-GE66C_S106_E1-50,6.477275662971772,-2.0816447987617535,E1
SM-GE4Q8_S070_E1-50,7.301836096842856,-2.5935953668308556,E1
SM-GE5UQ_S120_E1-50,7.335880844498761,-0.43959888530795976,E1
SM-GE95N_S157_E1-50,7.556736411715538,1.6544672943892904,E1
SM-GE64T_S114_E1-50,4.602782529373823,0.3760444950680777,E1
SM-GE8YF_S072_E1-50,6.512612846109516,0.5409067562817422,E1
SM-GE4RS_S151_E1-50,7.673550326970022,0.6938377495164938,E1
SM-GE95N_S130_E1-50,7.626503573381418,-0.23529890113166985,E1
SM-GE8X2_S157_E1-50,6.929983285830678,0.1378459905953242,E1
SM-GE8XZ_S112_E1-50,7.107327736706352,-2.2158125964731887,E1
SM-GE93S_S183_E1-50,7.299114069544382,1.9348559773166831,E1
SM-GE5V9_S167_E1-50,9.15324009951523,-0.16806195201108454,E1
SM-GE93S_S129_E1-50,7.100372563351078,-0.9239627790168485,E1
SM-GE5QL_S146_E1-50,6.886411959108141,-3.175490538503418,E1
SM-GE64T_S128_E1-50,9.984534840173858,-3.32260572775004,E1
SM-GE5QL_S172_E1-50,7.820674330633666,-0.5918875180703904,E1
SM-GE4QF_S088_E1-50,8.573992690205802,2.4575072114629775,E1
SM-GE93B_S020_E1-50,-0.25901263328318347,-2.2958523006449596,E1
SM-GE5V2_S050_E1-50,8.679897652725435,-0.5341315467812308,E1
SM-GE8YF_S051_E1-50,7.2765987131708405,-2.555257906928552,E1
SM-GE8XZ_S173_E1-50,7.03396681201678,-0.11204319365709003,E1
SM-GE5W2_S027_E1-50,6.874255728312978,-0.7606332034964363,E1
SM-GE95N_S151_E1-50,6.740231657851105,-2.708982832674673,E1
SM-GE95N_S181_E1-50,7.3935318601703806,12.984477513496003,E1
SM-GE672_S184_E1-50,6.862620924585092,0.12670532187331185,E1
SM-GE4Q8_S067_E1-50,6.999540568972965,-0.2992449695275986,E1
SM-GE4RS_S062_E1-50,95.83570880111048,0.42012607621191833,E1
SM-GE4QF_S052_E1-50,7.320742809162363,-1.1667677179079994,E1
SM-GE65D_S181_E1-50,3.5586387955615386,-2.1223719269959638,E1
SM-GE5VE_S040_E1-50,7.260434539256884,-0.571553177923817,E1
SM-GE5UX_S105_E1-50,-0.7034494303628103,1.0781089944349602,E1
SM-GE8YZ_S186_E1-50,-3075.814163494738,-1.7196757170969088,E2
SM-GE4XY_S029_E1-50,7.185034914912648,-1.3814975404314036,E1
SM-GE4RC_S072_E1-50,9.105341606034067,31.11910256001797,E1
SM-GE92A_S082_E1-50,5.77976114957621,-1.3061850560647508,E1
SM-GE4Q7_S138_E1-50,7.8282617272955255,-1.4208025452001287,E1
SM-GE5UX_S106_E1-50,9.910201248247672,-0.5159542644019337,E1
SM-GE8WX_S080_E1-50,6.718231584345576,-1.1979847028061645,E1
SM-GE5VE_S035_E1-50,8.684268855248309,0.9469543316961782,E1
SM-GE94H_S154_E1-50,-83.5875926934805,0.011337663802112763,E1
SM-GE93P_S091_E1-50,6.6561554825344835,-2.706136458022216,E1
SM-GE94H_S151_E1-50,5.8715694755183625,8.418676341034606,E1
SM-GE8XZ_S163_E1-50,56.26986985916716,1.907256726864184,E1
SM-GE4RC_S070_E1-50,6.922959731474829,-0.43970158628291434,E1
SM-GE67D_S062_E1-50,0.4485423414097651,-3.2231563687750056,E1
SM-GE4QQ_S151_E1-50,6.191503215475871,-1.9647797650784913,E1
SM-GE5W2_S017_E1-50,8.25836075531087,3.9537107399257296,E1
SM-GE5UQ_S167_E1-50,6.844753407461183,5.836004020221822,E1
SM-GE8X4_S103_E1-50,7.867077760108233,4.077249685832624,E1
SM-GE63H_S119_E1-50,6.39076338324923,-2.894373723059908,E1
SM-GE5TO_S184_E1-50,4.2107621544857246,-1.1922316492155307,E1
SM-GE5PA_S164_E1-50,7.684579877863187,-0.8982440008184936,E1
SM-GE95M_S050_E1-50,5.648742864162394,-1.8391701171891792,E1
SM-J39TJ_S268_E1-50,6.919806903839596,-1.8148421044757335,E1
SM-GE5QE_S033_E1-50,7.0243141297815965,0.21073178946803872,E1
SM-GE95N_S148_E1-50,114.02119837915438,2.068480227626888,E1
SM-GE8YZ_S167_E1-50,6.208323904231996,-1.1435351158029297,E1
SM-GE8WX_S032_E1-50,6.748828711261026,2.6429742277507655,E1
SM-GE63H_S165_E1-50,5.966490260631257,0.08863955721729222,E1
SM-GE64F_S191_E1-50,1.341004369131154,13.232752590799848,E1
SM-GE4RN_S050_E1-50,7.833449384440963,-0.9547157402766615,E1
SM-GE67G_S122_E1-50,-1581.4721064264884,-1.7931203634632698,E1
SM-GE94H_S176_E1-50,5.053534668954279,-3.019387593998016,E1
SM-GE93V_S038_E1-50,6.862024281715535,-2.1370121749143847,E1
SM-GE4RC_S044_E1-50,8.468681477324129,5.199479673871052,E1
SM-GE65C_S139_E1-50,6.507031453818861,-1.2643164577636221,E1
SM-GE5UX_S188_E1-50,6.460647473011679,-2.222282040789964,E1
SM-GE8YF_S056_E1-50,8.961345541473566,3.0540750710572055,E1
SM-GE93B_S070_E1-50,6.904179238134111,12.761535243197878,E1
SM-GE937_S098_E1-50,7.20963128316518,-1.2072094144317234,E1
SM-GE93J_S069_E1-50,1.5907208133555697,-1.6466327874734317,E1
SM-GE5VR_S132_E1-50,7.0403477686075515,-1.37130228260317,E1
SM-GE8X4_S120_E1-50,8.094104211607895,1.0370758685371892,E1
SM-GE4Q7_S129_E1-50,8.45550172003087,1.8068203323153311,E1
SM-GE5V2_S021_E1-50,6.752705317014554,-1.4824496971681203,E1
SM-GE5UU_S066_E1-50,6.3588951831265295,-2.0388647112802527,E1
SM-GE8WX_S040_E1-50,8.406863645018658,2.2449463569292014,E1
SM-GE5VE_S025_E1-50,6.205539615725135,-0.6687964834588362,E1
SM-GE4RN_S070_E1-50,9.201494465331985,-0.2544799486339224,E1
SM-GE4QV_S055_E1-50,7.706123457229915,0.6491469633846361,E1
SM-GE94H_S188_E1-50,7.222508776515658,-1.9986675784100623,E1
SM-GE4Q8_S046_E1-50,6.73973794967153,-2.605700138827817,E1
SM-GE8XQ_S190_E1-50,8.136116264807095,-1.7516559789188921,E1
SM-GE936_S050_E1-50,5.63721178941889,-2.7933185006256505,E1
SM-GE94R_S130_E1-50,6.454944544171475,-2.1839429505450036,E1
SM-GE5QL_S165_E1-50,8.540777953349103,-0.3075383307975398,E1
SM-GE8XQ_S185_E1-50,7.8928943145959725,1.726741925398054,E1
SM-GE5U8_S089_E1-50,5.383433628744743,-0.846598610870604,E1
SM-GE936_S040_E1-50,8.708271267712615,14.039773817249149,E1
SM-GE5UX_S173_E1-50,5.88393084667543,2.336309742917847,E1
SM-GE918_S084_E1-50,7.629700041798377,1.2866177645619323,E1
SM-GE8YZ_S146_E1-50,0.15739766185754167,-1.3498057179248673,E1
SM-GE92K_S123_E1-50,7.81331474252092,-1.4301203986202924,E1
SM-GE5UU_S041_E1-50,7.176997291295536,-1.4845042682401441,E1
SM-J39ZH_S520_E1-50,6.6297122685671805,-1.9415295521574116,E1
SM-GE64L_S008_E1-50,6.455269765519691,-1.136447692570531,E1
SM-GE5UU_S048_E1-50,7.472429846431392,-1.2925208656253278,E1
SM-GE8X2_S174_E1-50,6.073557156243495,-1.2476593723022873,E1
SM-GE65Y_S132_E1-50,-3.6142286846312803,1.5940059740795685,E1
SM-GE937_S179_E1-50,6.09204794737835,-0.5509374195119662,E1
SM-GE5OS_S143_E1-50,6.156961127912933,-0.19051231436945248,E1
SM-GE5PG_S003_E1-50,7.305694862444007,-1.0192863966540875,E1
SM-GE94H_S172_E1-50,8.01913319407817,-1.3977103382815548,E1
SM-GE94J_S088_E1-50,7.573774775317648,0.6464254649478465,E1
SM-GE63V_S097_E1-50,6.201609430817085,-0.015480625122462621,E1
SM-GE93J_S048_E1-50,4.7324871432275,-1.242725318029314,E1
SM-GE4VK_S003_E1-50,5.693118761086467,-1.9664703040967384,E1
SM-GE5OW_S160_E1-50,6.414976979395607,-0.721489420935866,E1
SM-GE5UU_S077_E1-50,7.010803607174754,-2.012790966725669,E1
SM-GE8WX_S096_E1-50,6.601116119154407,-1.11170405452839,E1
SM-GE5P3_S090_E1-50,6.267878003391001,-0.855159451407506,E1
SM-GE63O_S066_E1-50,6.3436722565226855,1.723947115133017,E1
SM-GE95M_S007_E1-50,9.049409577682274,-1.290320923629839,E1
SM-GE5V2_S058_E1-50,8.999830241943403,0.8876831122588273,E1
SM-GE4Q8_S084_E1-50,8.391443245306528,8.813252178145962,E1
SM-GE5TM_S166_E1-50,83.62626148761821,4.99582123997723,E1
SM-GE8ZI_S137_E1-50,-1.5844554661394383,-1.4331202854279566,E1
SM-GE5VR_S137_E1-50,7.3448929014531394,-0.3119635837726614,E1
SM-GE67S_S108_E1-50,-1135.7165294210465,-1.8122361975182986,E1
SM-GE5VR_S160_E1-50,7.170755718617359,-2.318152204062324,E1
SM-GE4QN_S170_E1-50,6.733824849872749,-0.208699532603422,E1
SM-GE5UQ_S170_E1-50,7.595520391293591,-0.7784635579795666,E1
SM-GE8XZ_S174_E1-50,8.645626375718766,2.558756445166633,E1
SM-GE4RS_S072_E1-50,7.820597732396504,-0.9179409321196587,E1
SM-GE8X2_S184_E1-50,3.9852701010486844,-2.6520229035935623,E1
SM-GE8ZC_S103_E1-50,5.706941562670762,-1.676754264658392,E1
SM-GE4QZ_S150_E1-50,6.393882438917743,-1.8583942191104459,E1
SM-GE4RS_S155_E1-50,7.927735273405349,1.5453844350961508,E1
SM-GE64F_S119_E1-50,7.122550473979322,9.21523616277692,E1
SM-GE8XW_S027_E1-50,8.036715071396472,0.47621210020013294,E1
SM-GE8WX_S050_E1-50,6.879040521508327,7.05221373986523,E1
SM-GE5UU_S039_E1-50,7.8491307373014685,-0.9703814646523738,E1
SM-GE4QZ_S129_E1-50,5.851362189254649,-0.9194004246086198,E1
SM-GE93P_S027_E1-50,7.116854611858978,-0.7833529382141504,E1
SM-GE4WT_S162_E1-50,6.54132322628111,-0.827522808372498,E1
SM-GE66C_S129_E1-50,6.524437831359278,-1.1908228696456848,E1
SM-GE5VE_S075_E1-50,7.293169022888995,-1.9468280103340074,E1
SM-GE8YK_S066_E1-50,6.951628283033287,7.311119952784726,E1
SM-GE5TI_S174_E1-50,7.394927959282188,0.11088159851611623,E1
SM-GE67D_S091_E1-50,-4.217629489030614,-3.3341839470058403,E1
SM-GE5QL_S178_E1-50,0.9076806749554605,-0.263019947188763,E1
SM-GE5TI_S143_E1-50,3.9877984368087005,4.094631697278167,E1
SM-GE63H_S122_E1-50,6.942547859696391,-1.2691892237461224,E1
SM-GE5VJ_S056_E1-50,6.329784650868146,0.6888012210681831,E1
SM-GE95A_S077_E1-50,6.99976574202913,-3.0209555856232932,E1
SM-GE8X4_S186_E1-50,7.989264720076626,-1.9400098556513068,E1
SM-GE8YB_S018_E1-50,7.023193824310844,0.058711130863641214,E1
SM-GE5UU_S076_E1-50,7.088703492352079,-1.2749994471785866,E1
SM-GE65D_S178_E1-50,5.769632893270487,-2.251432108479279,E1
SM-GE4RS_S005_E1-50,8.333571451023271,-1.7606439041573831,E1
SM-GE8XQ_S111_E1-50,8.345753031910046,-0.4845965627774007,E1
SM-GE67S_S111_E1-50,9.396315728108597,0.6736946729475914,E1
SM-GE65Z_S054_E1-50,7.502377178825646,3.479161795744167,E1
SM-GE8XZ_S123_E1-50,4.948435178206026,-2.2312260790673184,E1
SM-GE67R_S014_E1-50,6.149567828093444,-3.3755033805742167,E1
SM-GE5PG_S069_E1-50,6.361797848794425,0.7245314388672608,E1
SM-GE67R_S030_E1-50,3.3462219436436222,-3.2774128728817145,E1
SM-GE5VE_S026_E1-50,5.526792223745561,-2.3186802743187096,E1
SM-GE8X4_S111_E1-50,6.603007298111898,-1.0595548686591825,E1
SM-GE92A_S059_E1-50,6.0046490888466675,-1.5679036449246229,E1
SM-GE5PG_S014_E1-50,7.969354770747573,-1.5674597129527998,E1
SM-GE65D_S175_E1-50,8.22302247641823,4.541366943059675,E1
SM-GE936_S068_E1-50,-1.5505707816599728,-0.8416227452610006,E1
SM-GE65C_S098_E1-50,5.787878551122711,-0.07260444056093318,E1
SM-GE4RN_S043_E1-50,8.035163324420152,1.582902682378714,E1
SM-GE4QZ_S137_E1-50,9.067057303141533,3.4176345790036713,E1
SM-GE62S_S118_E1-50,6.451513168810546,1.7830554461505683,E1
SM-GE8ZC_S132_E1-50,6.709660232487685,-1.2805824156051588,E1
SM-GE5TM_S127_E1-50,6.494703503457681,0.10892449112477887,E1
SM-GE8X4_S164_E1-50,4.424669779118339,-2.7783953793045444,E1
SM-GE4RV_S168_E1-50,7.916924814215215,-0.022785730468595,E1
SM-GE5PA_S132_E1-50,6.987096284780892,0.8973088237004785,E1
SM-GE672_S166_E1-50,5.0520457237131335,-1.2185124158632734,E1
SM-GE5QL_S161_E1-50,7.230704869935538,-0.5205236181766159,E1
SM-GE5W2_S090_E1-50,5.576919492601219,-2.2331462417763586,E1
SM-GE8WX_S073_E1-50,5.069372700569227,-0.0195728494413403,E1
SM-GE65H_S009_E1-50,10.35060140871111,8.195397358217825,E1
SM-GE4QZ_S180_E1-50,8.734707970207525,2.5030217202534004,E1
SM-GE8Y4_S113_E1-50,9.445383291457567,-0.553909466946682,E1
SM-GE94J_S072_E1-50,-0.5940510819383897,-1.7181576506780774,E1
SM-GE93P_S029_E1-50,1.550285212580258,-1.0373968982112562,E1
SM-GE64V_S104_E1-50,6.774607696697095,0.8534122770818342,E1
SM-J39ZH_S519_E1-50,-4.443928130384499,4.994444506257588,E1
SM-GE93P_S025_E1-50,6.575934627996217,7.385409798706664,E1
SM-GE4QV_S053_E1-50,6.885861166053583,1.5113077171022204,E1
SM-GBMG3_S046_E1-50,7.50496233186781,-0.9887278014378377,E1
SM-GE8YK_S076_E1-50,6.582451237657565,7.887156870209277,E1
SM-GE64F_S148_E1-50,6.605342126886151,-0.22888541160670484,E1
SM-GE93P_S059_E1-50,6.325265007677251,-1.6888885967707448,E1
SM-GE937_S123_E1-50,1.2648975041350852,-2.2171183431254766,E1
SM-GE5PA_S189_E1-50,13.205110090289747,-2.458777664201469,E1
SM-GE8Y4_S189_E1-50,10.00261599742147,0.2565846829528087,E1
SM-GE8XQ_S127_E1-50,7.092903992874726,0.07988353123054615,E1
SM-GE5PG_S012_E1-50,6.087722804811049,1.8662845379356365,E1
SM-GE4S3_S123_E1-50,7.833392625033943,-3.3509166543515887,E1
SM-GE5VR_S111_E1-50,8.553383776766417,2.1359350527961647,E1
SM-GE95M_S080_E1-50,8.35841790548184,-1.8796945292214478,E1
SM-GE95N_S107_E1-50,7.282412437404986,6.4430859498419695,E1
SM-GE67G_S102_E1-50,7.5837467145861766,-0.5384819834772473,E1
SM-GE5OW_S125_E1-50,9.259949078692985,-0.033492345939645674,E1
SM-GE5UX_S153_E1-50,5.918144415971487,-2.9477681834771587,E1
SM-GE5TM_S102_E1-50,8.435884664649988,0.6715724237143657,E1
SM-GE5VR_S147_E1-50,4.632120820899326,2.298259173774693,E1
SM-GE4Q8_S092_E1-50,7.172348151206854,2.5736837142005085,E1
SM-GE94R_S132_E1-50,6.7221860821804285,-1.6875567221599521,E1
SM-GE95N_S138_E1-50,6.17255570160812,-0.5854253592201601,E1
SM-GE8WX_S054_E1-50,6.517468431147566,-1.43618924657748,E1
SM-GE67K_S111_E1-50,7.91126311946681,-1.8607525351958054,E1
SM-GE8XW_S086_E1-50,2.9387156139459503,-2.9258926339953395,E1
SM-GE937_S120_E1-50,6.8135965294397725,-2.302018408715065,E1
SM-GE4RN_S054_E1-50,7.370325433110187,-2.000778896104154,E1
SM-GE4QV_S060_E1-50,8.809917403413905,-2.0677871811532977,E1
SM-GE64F_S128_E1-50,7.211272412053599,3.156730302064588,E1
SM-GE8WR_S044_E1-50,6.327090656723787,-1.0681800703192128,E1
SM-GE91Q_S009_E1-50,6.891157468124569,-1.1516842988210512,E1
SM-GE4QQ_S183_E1-50,9.160553719170098,-2.0512096189083326,E1
SM-GE4QD_S039_E1-50,7.240544205028398,2.176456064771065,E1
SM-GE4QV_S061_E1-50,9.14790722881969,2.2396749254183135,E1
SM-GE5TS_S159_E1-50,6.813189330580823,-1.6990352219607026,E1
SM-GE63O_S060_E1-50,7.61534060797647,-0.010561535658062171,E1
SM-GE5QE_S087_E1-50,8.83196607370813,0.8684388040113971,E1
SM-GE4RS_S029_E1-50,8.210588510329064,-2.0747938189223865,E1
SM-GE4RC_S083_E1-50,9.162120329695167,4.270390054030952,E1
SM-GE63O_S068_E1-50,5.267464039433457,-1.629546319762563,E1
SM-GE5UX_S132_E1-50,11.94371023943265,0.4546714848698432,E1
SM-GE64F_S098_E1-50,8.198814183745283,4.49711745729753,E1
SM-GE4Y5_S108_E1-50,6.909797969998256,-0.37626024100868494,E1
SM-GE94R_S187_E1-50,7.174791781568354,-0.996605854703312,E1
SM-GE8YI_S065_E1-50,7.116237838008253,-0.9766345093442761,E1
SM-GE8XQ_S107_E1-50,7.152306699414788,-0.7502507142654379,E1
SM-GE95M_S031_E1-50,8.013720241196836,-0.8010053278721904,E1
SM-GE5TM_S114_E1-50,6.193713795658533,2.9362759661085693,E1
SM-GE8XQ_S142_E1-50,7.754512101186531,-0.10772711764096154,E1
SM-GE65C_S172_E1-50,5.544819075786037,6.254393192382351,E1
SM-GE8XF_S054_E1-50,6.832018254659359,-0.7510599873522394,E1
SM-GE5W2_S069_E1-50,10.809477308708466,-1.6782706580841653,E1
SM-GE5TI_S109_E1-50,6.484886329408866,-1.5458552269247776,E1
SM-GE8YI_S092_E1-50,16.835234837522158,2.087092514714344,E1
SM-GE8XF_S046_E1-50,5.80915477698373,1.7310006100222595,E1
SM-GE5PG_S008_E1-50,6.961852364019149,1.0554263636518606,E1
SM-GE5TM_S126_E1-50,7.494703710366582,-1.3866290307168054,E1
SM-GE5U1_S173_E1-50,7.4420706331760105,-1.0868725495801501,E1
SM-GE67S_S131_E1-50,4.9113126072277336,1.0543284183256973,E1
SM-GE8YZ_S162_E1-50,7.114589910568343,-0.27001980910450685,E1
SM-GE8YZ_S168_E1-50,1.3547983574761995,-1.7027984681965025,E1
SM-GE8YI_S019_E1-50,0.9121844162829555,-1.3582212527919235,E1
SM-GE4QQ_S178_E1-50,7.058172533700666,-1.717892638274543,E1
SM-GE94J_S093_E1-50,7.330824794419399,10.515191842047152,E1
SM-GE95A_S081_E1-50,6.710900117211164,-1.530845353098782,E1
SM-GE5PA_S096_E1-50,7.395447479679515,0.4716534788079234,E1
SM-GE672_S154_E1-50,9.509666613789161,-0.6006549604461174,E1
SM-GE4Y5_S117_E1-50,8.479657740143187,10.875186685996434,E1
SM-GE4RN_S077_E1-50,7.5420137640422125,-0.9105970723719365,E1
SM-GE936_S052_E1-50,6.930877453365739,-1.5009889583371998,E1
SM-GE4W2_S147_E1-50,8.480758436488228,0.756235486168094,E1
SM-GE93V_S089_E1-50,6.479689275449681,-1.5794470189568237,E1
SM-GE5V2_S034_E1-50,9.442957029560214,2.3708718711272256,E1
SM-GE4S1_S186_E1-50,7.195243964017828,0.6724022125957567,E1
SM-GE93J_S059_E1-50,1.3634055687923876,1.4127178860830953,E1
SM-GE93P_S028_E1-50,7.2188642791086455,-2.5087189966598578,E1
SM-GE95N_S135_E1-50,7.893315416240551,-1.5621986967746846,E1
SM-GE4RS_S083_E1-50,6.576867506537899,0.10212148438962743,E1
SM-GE5V9_S183_E1-50,7.643240047422954,0.9482219750827239,E1
SM-J39TJ_S272_E1-50,7.240323384712357,-1.3428464851470203,E1
SM-GE5QL_S116_E1-50,6.170860313018224,-0.8650203743521653,E1
SM-GE63H_S100_E1-50,6.436709998612141,-1.6535753974033534,E1
SM-GE4RN_S073_E1-50,8.684369481328975,-1.510745924207266,E1
SM-GE4QV_S021_E1-50,6.8919667687256885,-1.8889080384471773,E1
SM-GE8XZ_S183_E1-50,7.428687552920384,-1.39057281255131,E1
SM-GE91Q_S050_E1-50,7.093216392060061,3.491967253439509,E1
SM-GE5QL_S155_E1-50,6.932755038158747,-2.6865029372740805,E1
SM-GE93P_S040_E1-50,-2.1099540016539446,6.070736464148171,E1
SM-GE5V2_S015_E1-50,7.6620916452843915,11.598647768495704,E1
SM-GE93S_S176_E1-50,7.438694474918022,11.084821800672984,E1
SM-GE67K_S102_E1-50,7.180249230258066,-0.48213061171008653,E1
SM-GE5UU_S093_E1-50,7.364966129652023,-0.9535458369404107,E1
SM-GE4QF_S037_E1-50,6.855568798132713,-1.9427839793904524,E1
SM-GE5OS_S128_E1-50,6.552657675633144,-0.9551953957781536,E1
SM-GE8WX_S081_E1-50,4.695042936044074,-1.8108504342434133,E1
SM-GE65O_S070_E1-50,3.217835326208338,-1.6199377493371587,E1
SM-GE95M_S003_E1-50,152.53740867497152,-0.32607338486398807,E1
SM-GE8YF_S083_E1-50,8.748566676925902,-1.4758463425625226,E1
SM-GE5VJ_S066_E1-50,6.422873529018549,-0.9732549637640094,E1
SM-GE94J_S075_E1-50,9.04540683525634,-1.1574716688771394,E1
SM-GE5V2_S061_E1-50,8.497544497487382,0.17185034786795605,E1
SM-GE8WX_S051_E1-50,6.970113132611471,0.4160646625210105,E1
SM-GE8WR_S047_E1-50,5.908306920068466,-1.2909654620085982,E1
SM-GE5UQ_S139_E1-50,6.384778376878271,4.407930668870781,E1
SM-GE8YF_S039_E1-50,7.493170769708223,-1.696099935183295,E1
SM-J39TJ_S281_E1-50,8.00322903491774,2.5715049703728905,E1
SM-GE8WI_S172_E1-50,8.774166870390086,-1.8688797041571603,E1
SM-GE91Q_S024_E1-50,6.427809535566096,-0.939638880668644,E1
SM-GE5TM_S151_E1-50,6.935941920318542,0.3718806063361382,E1
SM-GE4QF_S007_E1-50,8.696992021057014,0.16759750648768135,E1
SM-GE918_S048_E1-50,-1.8586606117679008,-1.3814017065829565,E1
SM-GE4QD_S015_E1-50,8.028334531960992,1.2935690532479784,E1
SM-GE932_S037_E1-50,6.393052104311052,10.09183577963299,E1
SM-GBMG3_S029_E1-50,7.2012408995442865,-0.44792293247031645,E1
SM-GE5PA_S144_E1-50,4.443958954435182,-1.9898065211067886,E1
SM-GE5V9_S185_E1-50,11.247505830466348,-2.2656516731332257,E1
SM-GE8X2_S133_E1-50,-3.3079369054317134,-2.7465013500654254,E1
SM-GE8X2_S170_E1-50,333.58292659126755,-1.0489872182756186,E1
SM-GE8XF_S044_E1-50,7.031034213145729,-1.3206248282268636,E1
SM-GE8WR_S043_E1-50,6.677273424238233,-0.4822381384657336,E1
SM-GE5OW_S179_E1-50,8.606254458103813,-0.10707280592788859,E1
SM-GE4QF_S026_E1-50,7.087411442177093,-0.9993588167662955,E1
SM-GE5VJ_S062_E1-50,4.937733755553815,0.2636500636446113,E1
SM-GE8YF_S045_E1-50,6.725838016442937,-1.2208498746154952,E1
SM-GE936_S039_E1-50,5.871838504684519,13.467893310434754,E1
SM-GE5PA_S090_E1-50,7.268691459335757,-0.8666140971619886,E1
SM-GE5V2_S074_E1-50,6.964981681046396,-0.558881374330258,E1
SM-GE4Q2_S148_E1-50,6.75237754539758,-1.5054799422855996,E1
SM-GE8Y4_S180_E1-50,10.614276342494597,2.3322303542594742,E1
SM-GE94B_S149_E1-50,3.053808101890515,0.33078734346950855,E1
SM-GE91I_S093_E1-50,5.941596605173087,-0.7692351875104961,E1
SM-GE5VE_S090_E1-50,6.3635811215301334,-0.9572329470981268,E1
SM-GE95N_S133_E1-50,7.56081092478077,-1.9661281903886032,E1
SM-GE63V_S192_E1-50,4.781705697879597,9.228904203096619,E1
SM-GE64F_S106_E1-50,6.962473272171617,1.5374883585956474,E1
SM-GE5TI_S117_E1-50,6.637947734974058,-1.8653085613628642,E1
SM-GE5VE_S041_E1-50,5.887168963927783,1.2978032001189448,E1
SM-GE5VE_S045_E1-50,7.114416285590117,0.724723085665127,E1
SM-GE92K_S167_E1-50,9.107870897582558,-0.8802523878257094,E1
SM-GE5U8_S012_E1-50,10.346620589625875,2.6132394286010205,E1
SM-GE4RS_S084_E1-50,7.384830719406887,-0.9430046488715546,E1
SM-GE8WI_S138_E1-50,5.760964421041847,-1.665962025073181,E1
SM-GE4WC_S068_E1-50,6.822047952514171,-1.4786689217889517,E1
SM-GE5UX_S190_E1-50,5.812545468155488,8.97712908264771,E1
SM-GE936_S067_E1-50,2.852719258830999,-0.02862943939903473,E1
SM-GE4QV_S056_E1-50,4.275919121317532,2.851030046083067,E1
SM-GE5VE_S070_E1-50,9.652088457530956,0.09099314615527043,E1
SM-GE4QQ_S158_E1-50,8.480665747930358,4.156351661266718,E1
SM-GE4QQ_S182_E1-50,6.729503573498631,-1.5195845987730023,E1
SM-GE4RN_S067_E1-50,10.235110560638045,-1.1488095871969106,E1
SM-GE4S3_S139_E1-50,7.337974438723102,-2.0168752362469755,E1
SM-GE4QF_S035_E1-50,7.918124868999768,-0.18176387860891696,E1
SM-J39VT_S363_E1-50,7.10723168424804,-1.0798129590489467,E1
SM-GE93S_S146_E1-50,2.1288597386659145,11.063778976033317,E1
SM-GE4RC_S041_E1-50,7.9667276148343245,2.0009827521320602,E1
SM-GE8YI_S091_E1-50,7.148975919085591,0.7290348183075237,E1
SM-GE65Y_S133_E1-50,7.731653177165719,-0.752047169541957,E1
SM-GE65C_S178_E1-50,5.0086755392883475,7.615788009395684,E1
SM-GE4QQ_S137_E1-50,8.912267058652182,12.897749020955029,E1
SM-GE8XQ_S049_E1-50,6.3632031011945065,-0.6712900852205645,E1
SM-GE94R_S186_E1-50,7.2559839144256,-1.2949703868487783,E1
SM-GE5QL_S144_E1-50,7.072869763554658,-2.219649023815565,E1
SM-GE5UQ_S097_E1-50,6.417012795858385,-1.192514955605674,E1
SM-GE918_S008_E1-50,7.2719142252396605,-0.7945704304594314,E1
SM-J39RO_S219_E1-50,6.92684329261565,-1.51328871695027,E1
SM-GE8XW_S094_E1-50,6.713837052782472,-1.392743885182514,E1
SM-GE4QF_S087_E1-50,8.04511351898075,1.3335890885304609,E1
SM-J3A1L_S592_E1-50,7.132825578911205,-1.483061368405331,E1
SM-GE4VR_S112_E1-50,6.862358458280913,-0.8759488141439551,E1
SM-GE4QF_S086_E1-50,8.143370428539068,-1.177948788271286,E1
SM-GE5PG_S001_E1-50,7.623022342721835,-3.502363055769437,E1
SM-GE94R_S170_E1-50,1.2962712193375046,-0.8831921059706762,E1
SM-GE8YZ_S153_E1-50,0.0219157317821832,-3.1132781841961004,E1
SM-GE5UX_S137_E1-50,6.913575126410112,2.22774507374476,E1
SM-GE5UQ_S130_E1-50,5.323317662603349,-0.36846822672278634,E1
SM-GE93B_S094_E1-50,7.3247583088075725,-1.6328528050751898,E1
SM-GE8WR_S094_E1-50,5.835846672267925,-0.988295163594799,E1
SM-GE5VR_S145_E1-50,7.940337467509046,-0.7847594300339763,E1
SM-GE8X2_S136_E1-50,1.4268996231920577,-1.6802395727166206,E1
SM-GE8X2_S188_E1-50,5.832463450854619,-1.9576386712467262,E1
SM-GE5OW_S159_E1-50,7.883856838618967,0.25802031274411474,E1
SM-GE8WR_S053_E1-50,-0.18381226765419445,-2.242555937783511,E1
SM-GE94J_S061_E1-50,6.34360629564479,2.910172297112342,E1
SM-GE4Y5_S192_E1-50,6.574870570650906,-1.1052190221100349,E1
SM-GE5PA_S167_E1-50,6.616081674836676,-0.3108076891397754,E1
SM-GE8WI_S162_E1-50,6.823164040246689,-0.7657552946995103,E1
SM-GE5OW_S101_E1-50,7.0074355266406165,-1.8270055998919619,E1
SM-GE4RS_S004_E1-50,6.652412126614557,-0.2994907327509009,E1
SM-GE4QQ_S126_E1-50,7.262586971914578,2.61147235097029,E1
SM-GE8XZ_S181_E1-50,8.881950645992857,-0.46311681861159504,E1
SM-GE8Y4_S161_E1-50,6.929648467983854,-0.313415599854876,E1
SM-GE91V_S127_E1-50,0.09318827283800157,-2.1817482384676996,E1
SM-GE5UU_S067_E1-50,6.188029411722385,-2.8618219478274662,E1
SM-GE95M_S034_E1-50,7.826655195450384,-0.5046195226041427,E1
SM-GE5TS_S189_E1-50,7.456248939188499,-1.793082106120531,E1
SM-GE4Q2_S138_E1-50,7.682741802207712,-1.8568417320044381,E1
SM-GE5OW_S155_E1-50,8.415412143631347,-0.3290760803548528,E1
SM-GE8WX_S048_E1-50,8.167941539019886,-1.172928859207437,E1
SM-GE4Y5_S126_E1-50,7.295050452929402,1.6211473897827815,E1
SM-GE5O8_S023_E1-50,7.20841396951501,2.2618737144056906,E1
SM-GE5OW_S178_E1-50,7.6976796858541645,-1.8009072008012923,E1
SM-GE5OW_S185_E1-50,5.944835221163526,0.18634319261635435,E1
SM-GE5OM_S052_E1-50,6.964835026596938,-2.753181009236986,E1
SM-GE932_S034_E1-50,10.064224428231434,3.4762202419319577,E1
SM-GE4QV_S080_E1-50,10.26376505417889,-0.5005766100448699,E1
SM-GE4QV_S024_E1-50,7.573077978944786,-1.0184083354589017,E1
SM-GE953_S006_E1-50,5.814300608016371,-1.7904908711345775,E1
SM-GE8ZI_S158_E1-50,6.012657464640033,-2.328373181887269,E1
SM-GE95M_S020_E1-50,7.995742859716302,2.045361522899438,E1
SM-GE8Y4_S134_E1-50,7.3027980132774495,-2.0125713663224403,E1
SM-GE936_S004_E1-50,7.914282140437611,-1.4758477686405997,E1
SM-GE8XF_S048_E1-50,6.289522226346935,0.13060868688625793,E1
SM-GE8X2_S191_E1-50,7.542234980377809,0.46394987698911017,E1
SM-GE918_S060_E1-50,7.36936746650276,6.961412800135414,E1
SM-GE5QL_S171_E1-50,45.873574939694095,-0.5590106956869911,E1
SM-GE93B_S090_E1-50,6.031012021376461,-1.198323689324171,E1
SM-GE66H_S013_E1-50,7.125215207497931,-0.08977521348341433,E1
SM-GE5VJ_S081_E1-50,7.930021970091987,-1.7024765256888232,E1
SM-GE4XY_S186_E1-50,5.767339036539916,-1.4062055228676864,E1
SM-GE92Y_S045_E1-50,7.989825181330982,0.19470027942528945,E1
SM-GE4SJ_S081_E1-50,6.893612678635702,0.1659603711645823,E1
SM-GE5QL_S153_E1-50,6.088257242130512,-2.520214231423102,E1
SM-GE4RN_S066_E1-50,8.065297792874123,0.38394924363458705,E1
SM-GE4QD_S016_E1-50,7.64773567375286,-1.6382281587697967,E1
SM-GE5TS_S110_E1-50,7.903702806030512,-2.1654122136231364,E1
SM-GE93J_S050_E1-50,2.533639526152597,-1.8868427370036729,E1
SM-GE5OW_S166_E1-50,6.8039515162415904,-0.6437328050094715,E1
SM-GE8Y4_S181_E1-50,20.4006641905994,-1.229676526280921,E1
SM-GE4WN_S028_E1-50,6.896047872286093,-2.4849398504627462,E1
SM-GE92A_S011_E1-50,7.685824947191698,-0.6722579062122074,E1
SM-GE4XY_S026_E1-50,7.330300661285817,-2.372966036547404,E1
SM-GE4Y5_S107_E1-50,7.914786027329734,2.666210242287324,E1
SM-GE4QN_S161_E1-50,8.070876472762079,9.984433155345103,E1
SM-GE4RC_S054_E1-50,7.3771629041937405,4.175203153911446,E1
SM-GE8XQ_S155_E1-50,7.379813443525793,0.09193180541078183,E1
SM-GE4RC_S076_E1-50,8.228362719242845,-2.0132701843889853,E1
SM-GE5TS_S176_E1-50,6.850134832896887,0.2386648248302916,E1
SM-GE92A_S090_E1-50,7.168892651816766,-0.7132761141425208,E1
SM-GE8Y4_S115_E1-50,9.101354721133333,-1.1608011467330899,E1
SM-GE94H_S124_E1-50,7.958628918033164,-1.7403678714713555,E1
SM-GE5TM_S149_E1-50,6.274067661286395,-1.6339285140049733,E1
SM-GE5U8_S019_E1-50,6.838005437907877,-0.28252147946297423,E1
SM-GE8YR_S186_E1-50,8.540294885376046,-1.9137758839586163,E1
SM-GE67S_S097_E1-50,7.750745344021713,3.912214758401789,E1
SM-GE4Y5_S100_E1-50,7.111801742404253,1.6180684958075842,E1
SM-GE67K_S144_E1-50,3.4155525083168694,-2.098659133225518,E1
SM-GE5U1_S152_E1-50,7.064946761916353,-0.6630700036451362,E1
SM-GE5V2_S045_E1-50,7.4916510618280485,0.17535207241403206,E1
SM-J39RG_S236_E1-50,7.831627122778956,0.7675014540869745,E1
SM-GE5UU_S043_E1-50,6.679328512314094,-0.36010582157923,E1
SM-GE94H_S118_E1-50,-0.3584478013615575,-3.3164338916038325,E1
SM-GE4S1_S152_E1-50,7.5346754983489905,-0.5547337338146412,E1
SM-GE93P_S053_E1-50,8.264424326857261,4.406230507427038,E1
SM-GE95N_S111_E1-50,6.9411625186644965,-1.516766413939831,E1
SM-GE8XQ_S115_E1-50,4.275349142068535,-1.6942802208037864,E1
SM-GE937_S190_E1-50,-2.722843738939213,0.8221002030192899,E1
SM-GE93B_S078_E1-50,6.975833926977859,-2.9487881322428033,E1
SM-GE5OS_S184_E1-50,8.62329984498113,1.3566697210523568,E1
SM-GE8X2_S130_E1-50,6.228690706184057,0.2516280969129734,E1
SM-GE94R_S185_E1-50,7.8403947931175635,-0.5032233544304466,E1
SM-GE94B_S183_E1-50,6.893579715683047,-1.305564911772675,E1
SM-GE8YF_S093_E1-50,8.037425144706578,-1.2523062384436097,E1
SM-GE8XZ_S118_E1-50,7.23491738526338,-0.5362419972936961,E1
SM-GE5U8_S050_E1-50,7.260298155433248,-1.2535698751259159,E1
SM-GE4QV_S095_E1-50,6.504364489659769,-1.6941676595996111,E1
SM-GE4RS_S068_E1-50,7.48383528026867,-0.7019344922024473,E1
SM-GE5VR_S136_E1-50,7.130433331913308,-1.7111234077141173,E1
SM-GE67S_S116_E1-50,8.032098244073936,-1.279346078897924,E1
SM-GE93B_S069_E1-50,6.582372901456125,-1.5200288040268433,E1
SM-GE4QZ_S115_E1-50,9.87037971041071,-1.7667544302598641,E1
SM-GE66Q_S001_E1-50,5.211550709805421,-1.4207955651653927,E1
SM-GE64T_S131_E1-50,7.385275203728308,4.078801881141411,E1
SM-GE5PG_S084_E1-50,132.16989977777337,-0.4025310485305825,E1
SM-GE8ZP_S184_E1-50,6.297436828932774,-1.1038201807959012,E1
SM-GE8XQ_S008_E1-50,8.23275388187558,0.7835183003232467,E1
SM-J39TJ_S273_E1-50,7.710569413503613,1.1381013107379656,E1
SM-GE4Q8_S085_E1-50,7.516923340089903,-2.4685340328817373,E1
SM-GE4WC_S056_E1-50,6.787066400228183,-1.493834611687614,E1
SM-GE5V9_S173_E1-50,6.972796443274029,-1.8838425021102743,E1
SM-GE8YF_S015_E1-50,8.709635541708618,-0.46851859814002117,E1
SM-GBMG3_S050_E1-50,6.8499627957004625,-0.362056755450453,E1
SM-GE936_S080_E1-50,6.76306506913591,-1.4872907379732117,E1
SM-GE5OM_S090_E1-50,7.574511705253047,-0.9547171709625561,E1
SM-GE5QE_S070_E1-50,7.013774904579731,-1.9594685005244505,E1
SM-GE4X5_S312_E1-50,7.193523954036642,-1.272555207265159,E1
SM-GE4QQ_S155_E1-50,7.301647813007096,0.21910176883554322,E1
SM-GE8ZX_S191_E1-50,3.539236079845528,-2.117570287243525,E1
SM-GE64V_S115_E1-50,6.635894598768982,-0.7626081674877772,E1
SM-GE4VR_S121_E1-50,7.525036418887085,2.172335087271077,E1
SM-GE94H_S128_E1-50,7.606933470958948,2.3695962965754322,E1
SM-GE5OM_S082_E1-50,6.80436158545619,-3.0353778252868513,E1
SM-GE4RS_S128_E1-50,8.162738269857888,0.3906409199933849,E1
SM-GE5W2_S056_E1-50,7.37903925508105,-0.5636858546097128,E1
SM-GE5VR_S161_E1-50,7.170254974180072,-1.7866823207538887,E1
SM-GE681_S046_E1-50,7.085046535336245,-0.9126210292898111,E1
SM-GE5TI_S178_E1-50,44.62900058141488,-1.0175776356778476,E1
SM-GE94B_S179_E1-50,6.691620714572585,-1.133333517484308,E1
SM-GE5VR_S119_E1-50,9.130673780859066,-1.4028254671229052,E1
SM-GE5UX_S130_E1-50,6.514584097653045,-1.0037204658608236,E1
SM-GE4VR_S124_E1-50,6.1981297096173,-2.283888263871042,E1
SM-GE4Q8_S056_E1-50,8.438323001344395,-2.780078916437822,E1
SM-GE5PG_S083_E1-50,7.2918551816491055,-1.7817992399602292,E1
SM-GE5TM_S145_E1-50,6.042201458493616,-1.360119791767335,E1
SM-GE8WR_S092_E1-50,8.0204612203714,-1.5909038386727632,E1
SM-GE932_S085_E1-50,7.011226910212464,0.5801378466026048,E1
SM-GE4RS_S067_E1-50,14.73311243178199,-0.373005223353555,E1
SM-GE5VJ_S023_E1-50,8.301449122630604,2.1294868776571336,E1
SM-GE8YI_S056_E1-50,-6.161668108789698,-2.6825723855499293,E1
SM-GE63O_S006_E1-50,7.474735323850726,0.5734139540127161,E1
SM-GE5OW_S136_E1-50,6.655816568443894,0.5289393320680542,E1
SM-GE4QF_S010_E1-50,6.248592385556504,-1.296317500653363,E1
SM-GE66C_S113_E1-50,5.593899459052524,1.591790835309195,E1
SM-GE8XF_S090_E1-50,6.556896158705898,-1.8217270486598476,E1
SM-GE8ZX_S150_E1-50,6.444724791984818,14.298339916554049,E1
SM-GE5QL_S138_E1-50,7.3335507231048815,-2.9620621878840763,E1
SM-GE5P3_S052_E1-50,8.982545933730577,-1.4759612168448468,E1
SM-GE95N_S171_E1-50,6.344958063482418,2.72893026840741,E1
SM-GE65D_S159_E1-50,7.038239524720634,-1.8071539986336191,E1
SM-GE918_S019_E1-50,-2.2736242230936856,-2.2945219332116604,E1
SM-GE4Y5_S174_E1-50,7.469748528615226,-0.5417816946925925,E1
SM-GE5UU_S078_E1-50,7.1960511081919325,-1.7318765856190321,E1
SM-GE5TM_S118_E1-50,5.434779926555651,-1.6171355829217757,E1
SM-GE64F_S097_E1-50,7.602357427946355,0.7724719769417914,E1
SM-GE92K_S117_E1-50,7.5567650305543586,0.36511213609529913,E1
SM-GE8XQ_S015_E1-50,6.696629359390116,-2.604780376881199,E1
SM-GE66H_S047_E1-50,5.248973737204842,-1.252112562382831,E1
SM-GE5UU_S085_E1-50,8.213369101177841,-0.7846868298326453,E1
SM-GE5PG_S085_E1-50,6.860977607494705,0.3727484027492871,E1
SM-GE932_S025_E1-50,7.170669890665237,0.1699639401621229,E1
SM-GE8ZI_S180_E1-50,6.264035856568934,1.1098001637778425,E1
SM-GE5VJ_S021_E1-50,8.328927735669486,-1.2073168675391481,E1
SM-GE93V_S090_E1-50,2.6947215012757475,-1.8086996029287972,E1
SM-GE5QE_S075_E1-50,7.914665745983651,2.044831564180413,E1
SM-GE5QL_S148_E1-50,6.138963268331163,-2.1044584137911597,E1
SM-GE8X2_S142_E1-50,6.758022673436554,-2.574443017035927,E1
SM-GE4QF_S051_E1-50,8.321300584068714,11.442211365753305,E1
SM-GE93J_S047_E1-50,4.713332012021087,-1.4103406209640243,E1
SM-GE5VJ_S036_E1-50,8.585531687417813,-1.3389399907239432,E1
SM-GE4QQ_S148_E1-50,7.01084774888439,-1.751012387439592,E1
SM-J39ZH_S505_E1-50,7.0454114854142285,0.15507571435698742,E1
SM-GE95M_S040_E1-50,7.35564066628124,2.776357003379136,E1
SM-J39WD_S108_E1-50,7.261536884803843,-1.5125886084106999,E1
SM-GE95A_S075_E1-50,6.786689922119676,11.37300878531527,E1
SM-J39T2_S314_E1-50,7.725585164958341,6.254181483852461,E1
SM-GE4Y5_S101_E1-50,11.440935714277895,-1.2305629418686992,E1
SM-GE5U8_S015_E1-50,6.886669816379942,-0.10033051503679746,E1
SM-GE8XZ_S190_E1-50,7.426294589245978,-2.0900547128224947,E1
SM-GE4VR_S157_E1-50,7.545753627071251,-1.3131444777332533,E1
SM-GE4RV_S158_E1-50,11.010260537413359,-0.38390820807488335,E1
SM-GE65C_S138_E1-50,7.047899084190419,-0.8334511873089312,E1
SM-GE4RV_S175_E1-50,7.775727800471911,0.08313535125115123,E1
SM-GE4WT_S082_E1-50,7.875985438206012,0.7212528984624047,E1
SM-GE932_S058_E1-50,5.755169058425706,-2.216527156265081,E1
SM-GE4WT_S097_E1-50,7.530083378092561,-3.3067761077964226,E1
SM-J39WD_S116_E1-50,5.3128963455657034,-1.4720524924528329,E1
SM-GE94H_S192_E1-50,7.099842081524181,-2.1410477999714534,E1
SM-GE8YF_S041_E1-50,9.20665186103661,0.1557960576633204,E1
SM-GE4XY_S072_E1-50,2.4874610282079397,2.888690084264252,E1
SM-GE4S1_S147_E1-50,14.87880663352482,-0.471483525567182,E1
SM-GE4Q7_S186_E1-50,5.677001971412716,2.2917168715728637,E1
SM-GE4QV_S018_E1-50,8.349814380535008,-0.22757218321321193,E1
SM-GE8ZC_S124_E1-50,7.231487757771885,-2.276258054774024,E1
SM-GE65C_S192_E1-50,3.6948155688381865,-1.8786691635836361,E1
SM-GE5PA_S082_E1-50,8.415701035765611,3.5970357813391907,E1
SM-GE4Y5_S184_E1-50,7.787510116356831,1.4820101012266205,E1
SM-GE5VR_S120_E1-50,7.531354854292896,-0.7786344421292675,E1
SM-GE91Q_S048_E1-50,6.696334613115142,-2.0527633134507552,E1
SM-GE8YF_S052_E1-50,9.000565053955638,-1.100248092045908,E1
SM-GE953_S016_E1-50,7.085171885845786,-2.000233342418565,E1
SM-GE8YZ_S150_E1-50,2.280202103582746,-1.7926159526942071,E1
SM-GE94J_S060_E1-50,5.613638549775601,-1.0150326402892738,E1
SM-GE4RI_S173_E1-50,6.6877632691082285,0.8640177416004495,E1
SM-GE5VJ_S044_E1-50,7.859627299452636,-2.9738796559826,E1
SM-GE5VR_S130_E1-50,5.07216377933936,3.0775723663383117,E1
SM-GE5PA_S131_E1-50,7.085645913165285,-0.8714439796151073,E1
SM-GE8YI_S024_E1-50,6.330563655793179,-1.374630693521262,E1
SM-J39VT_S361_E1-50,6.268572013380916,-2.6931436770465567,E1
SM-GE5V2_S096_E1-50,6.155995834198588,-1.7096044494338054,E1
SM-GE4WC_S055_E1-50,6.943865086844635,1.3634526677202141,E1
SM-GE5VE_S037_E1-50,-0.34887907763716264,1.227264215385613,E1
SM-GE93P_S058_E1-50,7.643047135241711,-0.43315458757244363,E1
SM-GE5TI_S114_E1-50,6.9004712536938895,-1.6975643335023904,E1
SM-GE95A_S053_E1-50,-547.4681734654562,-2.5110850798094884,E1
SM-GE66Q_S027_E1-50,6.546740683744758,-2.5034944140804267,E1
SM-GE5TM_S112_E1-50,7.281985847630762,-3.4662728429899587,E1
SM-GE4QN_S157_E1-50,7.009209884838641,-0.5891186458571437,E1
SM-GE95N_S177_E1-50,13.782624027178327,-1.145556425023745,E1
SM-GE8XQ_S119_E1-50,7.972991022283836,-1.2361129199214251,E1
SM-GE652_S183_E1-50,7.584946306095745,-1.51713945918626,E1
SM-GE94R_S189_E1-50,6.382804117175359,-1.2909196423062803,E1
SM-GE5TM_S176_E1-50,6.107237248610265,1.632399923163341,E1
SM-GE8ZX_S123_E1-50,3.8429447738435596,-2.3193850914070397,E1
SM-GE8WI_S180_E1-50,8.036284434661054,-1.1663490512079453,E1
SM-GE65R_S028_E1-50,7.822432565977396,-3.0994259205120835,E1
SM-GE5TM_S117_E1-50,10.16213041113006,-1.8752240175869215,E1
SM-GE94H_S100_E1-50,5.09750455758472,-2.4583088766114667,E1
SM-GE932_S009_E1-50,6.130851923344937,-1.844499820892557,E1
SM-GE5O8_S044_E1-50,8.498850259173755,-1.6621706302824013,E1
SM-GE5PA_S075_E1-50,8.269182938470836,0.567039729165167,E1
SM-GE5O8_S018_E1-50,9.341442438296632,10.519207200596764,E1
SM-GE8XQ_S014_E1-50,6.901439834665325,-0.919666801613541,E1
SM-GE5OM_S086_E1-50,7.117038751316689,-0.19164976453727356,E1
SM-GE8XZ_S116_E1-50,6.679823116215269,-0.9289760581762078,E1
SM-GE5OG_S016_E1-50,6.993091414266548,-1.7860321684932168,E1
SM-GE932_S018_E1-50,8.123038789806683,0.47536079391318076,E1
SM-GE95A_S062_E1-50,-0.2463699294885977,-3.53030838899495,E1
SM-GE8YF_S046_E1-50,7.813218301376691,-0.3917372793946283,E1
SM-GE5W2_S072_E1-50,7.182008125926763,-0.7390672289032494,E1
SM-GE953_S007_E1-50,4.750011175782994,-2.2703938769459997,E1
SM-GE65C_S184_E1-50,6.728548858663193,5.896349596666929,E1
SM-GE8YZ_S149_E1-50,2.545229852425325,-2.5846726597699545,E1
SM-GE5VR_S117_E1-50,7.147494009380101,-0.5948484900529292,E1
SM-GE8YK_S077_E1-50,6.259812582317639,-3.1248962295436415,E1
SM-GE5V2_S088_E1-50,7.781955698865206,1.2339154049535892,E1
SM-GE5V9_S154_E1-50,6.781135445177365,-0.2916964469425567,E1
SM-GE8YF_S040_E1-50,6.658753954162158,-0.37999327147941564,E1
SM-GE4QF_S062_E1-50,5.561734939869419,-2.351162108528491,E1
SM-GE5O8_S035_E1-50,6.332133552319306,3.062128016044462,E1
SM-GE5TI_S115_E1-50,6.802643087862996,-0.19966276484956802,E1
SM-GE94H_S138_E1-50,6.391661827333148,-0.5784879724279026,E1
SM-GE8ZC_S113_E1-50,4.535973814309008,12.745073245976213,E1
SM-GE4RS_S122_E1-50,6.438130790638588,-1.2181686343892302,E1
SM-GE8X2_S182_E1-50,6.742254415338121,-0.3930105170253889,E1
SM-GE64V_S120_E1-50,5.592252715578085,1.390690872422882,E1
SM-GE5VR_S181_E1-50,7.461161627050375,-2.9982586843331682,E1
SM-GE4QF_S059_E1-50,7.655526676471697,-0.7717260670404014,E1
SM-GE8X4_S127_E1-50,5.5457484479500705,-2.574120111870795,E1
SM-GE5UU_S014_E1-50,8.232134194210584,-0.49273403169054464,E1
SM-GE8YF_S055_E1-50,7.649368196417768,1.298634856117592,E1
SM-GE8X2_S189_E1-50,6.5746279245549335,5.37541043021383,E1
SM-GE8YK_S090_E1-50,6.605628283472617,-1.1838398460381654,E1
SM-GE94J_S083_E1-50,6.831810005979415,0.5190426794845988,E1
SM-GE8YR_S166_E1-50,1.9601677181925927,0.8461143610096773,E1
SM-GE94J_S008_E1-50,-0.8735712794133841,-3.146858575388026,E1
SM-GE4QQ_S172_E1-50,6.390608888527716,-2.1416481476015417,E1
SM-GE92K_S110_E1-50,9.249753256176716,-1.7316227014909646,E1
SM-GE672_S075_E1-50,8.531147691146316,3.3455328251943897,E1
SM-GE5TS_S097_E1-50,5.908600085837247,-2.0044731032858105,E1
SM-GE65C_S133_E1-50,7.340585835813557,8.382217067726613,E1
SM-GE8YB_S058_E1-50,7.957666371842714,-0.9856200876973129,E1
SM-GE94H_S159_E1-50,8.919482454549362,-0.745587745833802,E1
SM-GE932_S051_E1-50,6.78227156640272,-1.7264268798353057,E1
SM-GE8Y4_S152_E1-50,6.680219306036785,-1.5669111557392126,E1
SM-GE8ZX_S141_E1-50,6.1336911724403524,5.665801680288482,E1
SM-GE8YR_S157_E1-50,8.37930687431849,-2.5237188634952434,E1
SM-GE4XY_S082_E1-50,7.727760604732969,-2.2454560840168676,E1
SM-GE4QZ_S172_E1-50,6.89728284330732,1.4843853697268836,E1
SM-GE8XQ_S134_E1-50,8.535356434494384,-2.1201258521504043,E1
SM-GE5TM_S115_E1-50,5.540294561810727,-3.3524443093228715,E1
SM-GE8XF_S084_E1-50,9.025235377151862,0.7247218150205188,E1
SM-GE936_S045_E1-50,5.496049117632547,-1.3793308904467922,E1
SM-GE5QE_S032_E1-50,7.652772918998897,-1.3468797974399793,E1
SM-GE94J_S094_E1-50,7.312876285504852,10.163450148380434,E1
SM-GE5PG_S039_E1-50,6.050433009012829,-0.7445721839763199,E1
SM-GE4RS_S017_E1-50,8.01071704136231,-0.5324302799462771,E1
SM-GE8XQ_S074_E1-50,7.541230396424534,2.4502539664134906,E1
SM-GE936_S043_E1-50,5.129905596815377,11.251946992707063,E1
SM-GE5UU_S018_E1-50,4.459719985944003,1.3191652952673267,E1
SM-GE5QL_S156_E1-50,7.387385906709888,1.5513109775983158,E1
SM-GE5QL_S122_E1-50,6.82302282953436,2.3950278393119433,E1
SM-GE4RV_S135_E1-50,8.267462220175332,-1.2603442963824045,E1
SM-GE4RC_S095_E1-50,7.545015430224289,4.57811321806113,E1
SM-GE8XF_S071_E1-50,7.169956868346028,1.8688605328377335,E1
SM-J39ZH_S485_E1-50,6.857125513517369,1.110598705569578,E1
SM-GE8YZ_S152_E1-50,-2.4023789271279767,3.5001921752915743,E1
SM-GE93S_S130_E1-50,6.978000603009078,-1.0759635854979102,E1
SM-GE5OW_S128_E1-50,8.637785934669182,0.6591547087563652,E1
SM-GE672_S044_E1-50,5.393187800001737,-1.6021900718780475,E1
SM-GE92K_S111_E1-50,8.062127173285075,0.11821862142184791,E1
SM-GE681_S071_E1-50,5.877298942107044,-0.05760196499600778,E1
SM-GE5TI_S110_E1-50,7.570624726631538,-0.42060390340873177,E1
SM-GE65R_S013_E1-50,4.138876116137301,-1.7313392136866033,E1
SM-GE62S_S125_E1-50,7.35423391420356,-0.1637421727450986,E1
SM-GE5W2_S015_E1-50,1.5707189560717465,2.800111071616337,E1
SM-GE8XQ_S076_E1-50,8.297717947833624,4.026866890555376,E1
SM-GE4RS_S103_E1-50,7.272733383578216,-2.0691858470103113,E1
SM-GE4RS_S008_E1-50,83.43123365372473,-0.501252877651315,E1
SM-GE66E_S139_E1-50,6.061281444584447,0.15769799024714093,E1
SM-GE5P3_S076_E1-50,6.062873960664728,-0.3457164146569036,E1
SM-GE5W2_S079_E1-50,6.448247926587529,-1.4989425866586297,E1
SM-GE67R_S019_E1-50,7.427309566169405,9.571359333205105,E1
SM-GE93S_S143_E1-50,1.9636934969032591,1.837202167133121,E1
SM-GE5VE_S027_E1-50,6.932488257466693,-1.2211702586218052,E1
SM-GE5TO_S141_E1-50,-2.9506540067229103,-3.340564569572093,E1
SM-GE8XF_S094_E1-50,5.500279981046097,0.20242970000565141,E1
SM-GE64F_S120_E1-50,6.778226151517457,4.329910859957254,E1
SM-GE4QZ_S164_E1-50,8.857186935894322,5.674978362165025,E1
SM-GE4VR_S145_E1-50,7.3221017229697685,-0.5816452025997434,E1
SM-GE94H_S106_E1-50,7.514721727983344,7.785629238354647,E1
SM-J39VK_S088_E1-50,7.518613045846755,-1.7192526002750483,E1
SM-GE4QV_S050_E1-50,6.896302033783692,-1.708948922704674,E1
SM-GE4W2_S144_E1-50,7.240549401111815,1.4366539847784077,E1
SM-GE8ZC_S111_E1-50,4.815137322949042,-1.9614708390680626,E1
SM-GE4Y5_S173_E1-50,7.076061339987119,-0.44732172108655754,E1
SM-GE8YZ_S192_E1-50,7.48753711528083,3.943022417809277,E1
SM-GE5OW_S146_E1-50,8.536456890039247,-1.0365603198490365,E1
SM-GE95A_S044_E1-50,7.51002167604946,11.76647434117389,E1
SM-GE4RV_S163_E1-50,6.7230343103034444,4.625846115667977,E1
SM-GE8XW_S011_E1-50,7.404242760302525,-0.1616270125964615,E1
SM-GE932_S008_E1-50,8.42292231002522,1.0428493792987752,E1
SM-GE94J_S085_E1-50,5.68025408202095,-1.3191876085536252,E1
SM-GE5VE_S087_E1-50,8.48438736715826,-0.15533931393475187,E1
SM-GE65D_S173_E1-50,6.710400833870468,6.705688359930987,E1
SM-GE65Y_S143_E1-50,6.446984046472352,-1.2804688791876766,E1
SM-GE67R_S012_E1-50,5.006190802875459,-1.8019264998515272,E1
SM-GE8XF_S062_E1-50,7.919174025180944,0.018396062134258706,E1
SM-GE4QF_S042_E1-50,7.117168765411266,-1.2622097917766235,E1
SM-GE94J_S041_E1-50,7.254182448224578,-2.362220533029703,E1
SM-GE66M_S017_E1-50,5.905383513189719,10.740153385527991,E1
SM-GE8YI_S037_E1-50,1.1744124133512432,-0.21640137713182406,E1
SM-GE8XF_S056_E1-50,7.104708160416558,-0.003915780262722768,E1
SM-GE5VJ_S030_E1-50,81.97038424742793,-1.3890634084191078,E1
SM-GE8YR_S189_E1-50,6.142132677321388,-1.15636925075,E1
SM-GE92A_S072_E1-50,4.188340563266848,-2.682960018834324,E1
SM-GE8ZI_S163_E1-50,68.81919069575174,-1.3815131685988449,E1
SM-GE67R_S004_E1-50,7.242123226897323,13.485611118987412,E1
SM-GE65H_S002_E1-50,8.249748536563798,10.172009137780334,E1
SM-GE8WI_S177_E1-50,7.550724299286718,-0.7460034420073378,E1
SM-GE8YF_S005_E1-50,10.845098461130952,-1.3332112466250714,E1
